--- Starting Dense Refinement: dense_refinement_20260423_235832 ---
Loading weights from models/sac-FetchPickAndPlace-v4.zip...
Clearing old replay buffer...
Beginning 300,000 steps of Dense Fine-Tuning...
Logging to ./logs/dense_refinement_20260423_235832/tensorboard/SAC_1
/home/user/projects/robo_chess_fine_tuning/.venv/lib/python3.12/site-packages/stable_baselines3/common/callbacks.py:419: UserWarning: Training and eval env are not of the same type<stable_baselines3.common.vec_env.subproc_vec_env.SubprocVecEnv object at 0x7f050b6c7230> != <stable_baselines3.common.vec_env.dummy_vec_env.DummyVecEnv object at 0x7f050aa9d610>
  warnings.warn("Training and eval env are not of the same type" f"{self.training_env} != {self.eval_env}")
/home/user/projects/robo_chess_fine_tuning/.venv/lib/python3.12/site-packages/stable_baselines3/common/callbacks.py:419: UserWarning: Training and eval env are not of the same type<stable_baselines3.common.vec_env.subproc_vec_env.SubprocVecEnv object at 0x7f050b6c7230> != <stable_baselines3.common.vec_env.dummy_vec_env.DummyVecEnv object at 0x7f05094f1fa0>
  warnings.warn("Training and eval env are not of the same type" f"{self.training_env} != {self.eval_env}")
/home/user/projects/robo_chess_fine_tuning/.venv/lib/python3.12/site-packages/stable_baselines3/common/callbacks.py:419: UserWarning: Training and eval env are not of the same type<stable_baselines3.common.vec_env.subproc_vec_env.SubprocVecEnv object at 0x7f050b6c7230> != <stable_baselines3.common.vec_env.dummy_vec_env.DummyVecEnv object at 0x7f05097794f0>
  warnings.warn("Training and eval env are not of the same type" f"{self.training_env} != {self.eval_env}")
---------------------------------
| rollout/           |          |
|    ep_len_mean     | 14       |
|    ep_rew_mean     | -30.1    |
|    success_rate    | 0        |
| time/              |          |
|    episodes        | 4        |
|    fps             | 377      |
|    time_elapsed    | 0        |
|    total_timesteps | 100      |
---------------------------------
---------------------------------
| rollout/           |          |
|    ep_len_mean     | 14.4     |
|    ep_rew_mean     | -27.6    |
|    success_rate    | 0        |
| time/              |          |
|    episodes        | 8        |
|    fps             | 279      |
|    time_elapsed    | 0        |
|    total_timesteps | 144      |
---------------------------------
---------------------------------
| rollout/           |          |
|    ep_len_mean     | 12.9     |
|    ep_rew_mean     | -27.3    |
|    success_rate    | 0        |
| time/              |          |
|    episodes        | 12       |
|    fps             | 268      |
|    time_elapsed    | 0        |
|    total_timesteps | 172      |
---------------------------------
---------------------------------
| rollout/           |          |
|    ep_len_mean     | 11.9     |
|    ep_rew_mean     | -25.9    |
|    success_rate    | 0        |
| time/              |          |
|    episodes        | 16       |
|    fps             | 260      |
|    time_elapsed    | 0        |
|    total_timesteps | 260      |
---------------------------------
---------------------------------
| rollout/           |          |
|    ep_len_mean     | 11.9     |
|    ep_rew_mean     | -26      |
|    success_rate    | 0        |
| time/              |          |
|    episodes        | 20       |
|    fps             | 255      |
|    time_elapsed    | 1        |
|    total_timesteps | 320      |
---------------------------------
---------------------------------
| rollout/           |          |
|    ep_len_mean     | 13       |
|    ep_rew_mean     | -26.5    |
|    success_rate    | 0        |
| time/              |          |
|    episodes        | 24       |
|    fps             | 275      |
|    time_elapsed    | 1        |
|    total_timesteps | 400      |
---------------------------------
---------------------------------
| rollout/           |          |
|    ep_len_mean     | 13.1     |
|    ep_rew_mean     | -26.1    |
|    success_rate    | 0        |
| time/              |          |
|    episodes        | 28       |
|    fps             | 292      |
|    time_elapsed    | 1        |
|    total_timesteps | 488      |
---------------------------------
---------------------------------
| rollout/           |          |
|    ep_len_mean     | 13.7     |
|    ep_rew_mean     | -25.8    |
|    success_rate    | 0        |
| time/              |          |
|    episodes        | 32       |
|    fps             | 292      |
|    time_elapsed    | 1        |
|    total_timesteps | 544      |
---------------------------------
---------------------------------
| rollout/           |          |
|    ep_len_mean     | 13.3     |
|    ep_rew_mean     | -26      |
|    success_rate    | 0        |
| time/              |          |
|    episodes        | 36       |
|    fps             | 305      |
|    time_elapsed    | 2        |
|    total_timesteps | 640      |
---------------------------------
---------------------------------
| rollout/           |          |
|    ep_len_mean     | 13.2     |
|    ep_rew_mean     | -27.3    |
|    success_rate    | 0        |
| time/              |          |
|    episodes        | 40       |
|    fps             | 318      |
|    time_elapsed    | 2        |
|    total_timesteps | 724      |
---------------------------------
---------------------------------
| rollout/           |          |
|    ep_len_mean     | 16.5     |
|    ep_rew_mean     | -35.2    |
|    success_rate    | 0        |
| time/              |          |
|    episodes        | 44       |
|    fps             | 333      |
|    time_elapsed    | 2        |
|    total_timesteps | 832      |
---------------------------------
---------------------------------
| rollout/           |          |
|    ep_len_mean     | 16.1     |
|    ep_rew_mean     | -34.7    |
|    success_rate    | 0        |
| time/              |          |
|    episodes        | 48       |
|    fps             | 334      |
|    time_elapsed    | 2        |
|    total_timesteps | 872      |
---------------------------------
---------------------------------
| rollout/           |          |
|    ep_len_mean     | 15.4     |
|    ep_rew_mean     | -33.7    |
|    success_rate    | 0        |
| time/              |          |
|    episodes        | 52       |
|    fps             | 336      |
|    time_elapsed    | 2        |
|    total_timesteps | 964      |
---------------------------------
---------------------------------
| rollout/           |          |
|    ep_len_mean     | 15.5     |
|    ep_rew_mean     | -34      |
|    success_rate    | 0        |
| time/              |          |
|    episodes        | 56       |
|    fps             | 331      |
|    time_elapsed    | 3        |
|    total_timesteps | 1064     |
---------------------------------
---------------------------------
| rollout/           |          |
|    ep_len_mean     | 15.1     |
|    ep_rew_mean     | -33.4    |
|    success_rate    | 0        |
| time/              |          |
|    episodes        | 60       |
|    fps             | 346      |
|    time_elapsed    | 3        |
|    total_timesteps | 1216     |
---------------------------------
---------------------------------
| rollout/           |          |
|    ep_len_mean     | 17.9     |
|    ep_rew_mean     | -36.5    |
|    success_rate    | 0        |
| time/              |          |
|    episodes        | 64       |
|    fps             | 335      |
|    time_elapsed    | 3        |
|    total_timesteps | 1252     |
---------------------------------
---------------------------------
| rollout/           |          |
|    ep_len_mean     | 17.6     |
|    ep_rew_mean     | -36.5    |
|    success_rate    | 0        |
| time/              |          |
|    episodes        | 68       |
|    fps             | 335      |
|    time_elapsed    | 4        |
|    total_timesteps | 1380     |
---------------------------------
---------------------------------
| rollout/           |          |
|    ep_len_mean     | 18.2     |
|    ep_rew_mean     | -36      |
|    success_rate    | 0        |
| time/              |          |
|    episodes        | 72       |
|    fps             | 349      |
|    time_elapsed    | 4        |
|    total_timesteps | 1516     |
---------------------------------
---------------------------------
| rollout/           |          |
|    ep_len_mean     | 20       |
|    ep_rew_mean     | -39.5    |
|    success_rate    | 0        |
| time/              |          |
|    episodes        | 76       |
|    fps             | 349      |
|    time_elapsed    | 4        |
|    total_timesteps | 1592     |
---------------------------------
---------------------------------
| rollout/           |          |
|    ep_len_mean     | 20.9     |
|    ep_rew_mean     | -41.1    |
|    success_rate    | 0        |
| time/              |          |
|    episodes        | 80       |
|    fps             | 392      |
|    time_elapsed    | 4        |
|    total_timesteps | 1944     |
---------------------------------
---------------------------------
| rollout/           |          |
|    ep_len_mean     | 20.4     |
|    ep_rew_mean     | -40.3    |
|    success_rate    | 0.0119   |
| time/              |          |
|    episodes        | 84       |
|    fps             | 344      |
|    time_elapsed    | 6        |
|    total_timesteps | 2132     |
| train/             |          |
|    actor_loss      | 13.8     |
|    critic_loss     | 24       |
|    ent_coef        | 0.001    |
|    learning_rate   | 0.0003   |
|    n_updates       | 749831   |
---------------------------------
---------------------------------
| rollout/           |          |
|    ep_len_mean     | 22.9     |
|    ep_rew_mean     | -45      |
|    success_rate    | 0.0114   |
| time/              |          |
|    episodes        | 88       |
|    fps             | 318      |
|    time_elapsed    | 6        |
|    total_timesteps | 2160     |
| train/             |          |
|    actor_loss      | 13.2     |
|    critic_loss     | 24.2     |
|    ent_coef        | 0.001    |
|    learning_rate   | 0.0003   |
|    n_updates       | 749838   |
---------------------------------
---------------------------------
| rollout/           |          |
|    ep_len_mean     | 22.1     |
|    ep_rew_mean     | -44.1    |
|    success_rate    | 0.0109   |
| time/              |          |
|    episodes        | 92       |
|    fps             | 299      |
|    time_elapsed    | 7        |
|    total_timesteps | 2180     |
| train/             |          |
|    actor_loss      | 12.4     |
|    critic_loss     | 25.7     |
|    ent_coef        | 0.001    |
|    learning_rate   | 0.0003   |
|    n_updates       | 749843   |
---------------------------------
---------------------------------
| rollout/           |          |
|    ep_len_mean     | 21.2     |
|    ep_rew_mean     | -43.3    |
|    success_rate    | 0.0104   |
| time/              |          |
|    episodes        | 96       |
|    fps             | 282      |
|    time_elapsed    | 7        |
|    total_timesteps | 2200     |
| train/             |          |
|    actor_loss      | 11.1     |
|    critic_loss     | 25.8     |
|    ent_coef        | 0.001    |
|    learning_rate   | 0.0003   |
|    n_updates       | 749848   |
---------------------------------
---------------------------------
| rollout/           |          |
|    ep_len_mean     | 20.5     |
|    ep_rew_mean     | -42.8    |
|    success_rate    | 0.01     |
| time/              |          |
|    episodes        | 100      |
|    fps             | 267      |
|    time_elapsed    | 8        |
|    total_timesteps | 2224     |
| train/             |          |
|    actor_loss      | 10.2     |
|    critic_loss     | 20.5     |
|    ent_coef        | 0.001    |
|    learning_rate   | 0.0003   |
|    n_updates       | 749854   |
---------------------------------
---------------------------------
| rollout/           |          |
|    ep_len_mean     | 21.5     |
|    ep_rew_mean     | -46      |
|    success_rate    | 0.01     |
| time/              |          |
|    episodes        | 104      |
|    fps             | 260      |
|    time_elapsed    | 8        |
|    total_timesteps | 2236     |
| train/             |          |
|    actor_loss      | 9.85     |
|    critic_loss     | 28.7     |
|    ent_coef        | 0.001    |
|    learning_rate   | 0.0003   |
|    n_updates       | 749857   |
---------------------------------
---------------------------------
| rollout/           |          |
|    ep_len_mean     | 21       |
|    ep_rew_mean     | -45.9    |
|    success_rate    | 0.01     |
| time/              |          |
|    episodes        | 108      |
|    fps             | 250      |
|    time_elapsed    | 8        |
|    total_timesteps | 2252     |
| train/             |          |
|    actor_loss      | 9.19     |
|    critic_loss     | 20.6     |
|    ent_coef        | 0.001    |
|    learning_rate   | 0.0003   |
|    n_updates       | 749861   |
---------------------------------
---------------------------------
| rollout/           |          |
|    ep_len_mean     | 20.7     |
|    ep_rew_mean     | -46      |
|    success_rate    | 0.01     |
| time/              |          |
|    episodes        | 112      |
|    fps             | 240      |
|    time_elapsed    | 9        |
|    total_timesteps | 2268     |
| train/             |          |
|    actor_loss      | 9.07     |
|    critic_loss     | 22.6     |
|    ent_coef        | 0.001    |
|    learning_rate   | 0.0003   |
|    n_updates       | 749865   |
---------------------------------
---------------------------------
| rollout/           |          |
|    ep_len_mean     | 20.2     |
|    ep_rew_mean     | -46.1    |
|    success_rate    | 0.01     |
| time/              |          |
|    episodes        | 116      |
|    fps             | 227      |
|    time_elapsed    | 10       |
|    total_timesteps | 2288     |
| train/             |          |
|    actor_loss      | 8.01     |
|    critic_loss     | 19.9     |
|    ent_coef        | 0.001    |
|    learning_rate   | 0.0003   |
|    n_updates       | 749870   |
---------------------------------
---------------------------------
| rollout/           |          |
|    ep_len_mean     | 20.1     |
|    ep_rew_mean     | -46.2    |
|    success_rate    | 0.01     |
| time/              |          |
|    episodes        | 120      |
|    fps             | 221      |
|    time_elapsed    | 10       |
|    total_timesteps | 2304     |
| train/             |          |
|    actor_loss      | 7.8      |
|    critic_loss     | 21.7     |
|    ent_coef        | 0.001    |
|    learning_rate   | 0.0003   |
|    n_updates       | 749874   |
---------------------------------
---------------------------------
| rollout/           |          |
|    ep_len_mean     | 19.5     |
|    ep_rew_mean     | -45.7    |
|    success_rate    | 0.01     |
| time/              |          |
|    episodes        | 124      |
|    fps             | 209      |
|    time_elapsed    | 11       |
|    total_timesteps | 2328     |
| train/             |          |
|    actor_loss      | 6.64     |
|    critic_loss     | 16.6     |
|    ent_coef        | 0.001    |
|    learning_rate   | 0.0003   |
|    n_updates       | 749880   |
---------------------------------
---------------------------------
| rollout/           |          |
|    ep_len_mean     | 19       |
|    ep_rew_mean     | -45.6    |
|    success_rate    | 0.01     |
| time/              |          |
|    episodes        | 128      |
|    fps             | 200      |
|    time_elapsed    | 11       |
|    total_timesteps | 2360     |
| train/             |          |
|    actor_loss      | 6.31     |
|    critic_loss     | 19.7     |
|    ent_coef        | 0.001    |
|    learning_rate   | 0.0003   |
|    n_updates       | 749888   |
---------------------------------
---------------------------------
| rollout/           |          |
|    ep_len_mean     | 19       |
|    ep_rew_mean     | -47.3    |
|    success_rate    | 0.01     |
| time/              |          |
|    episodes        | 132      |
|    fps             | 192      |
|    time_elapsed    | 13       |
|    total_timesteps | 2652     |
| train/             |          |
|    actor_loss      | 1.94     |
|    critic_loss     | 15.1     |
|    ent_coef        | 0.001    |
|    learning_rate   | 0.0003   |
|    n_updates       | 749961   |
---------------------------------
---------------------------------
| rollout/           |          |
|    ep_len_mean     | 18.7     |
|    ep_rew_mean     | -47.3    |
|    success_rate    | 0.01     |
| time/              |          |
|    episodes        | 136      |
|    fps             | 185      |
|    time_elapsed    | 14       |
|    total_timesteps | 2696     |
| train/             |          |
|    actor_loss      | 0.946    |
|    critic_loss     | 14.4     |
|    ent_coef        | 0.001    |
|    learning_rate   | 0.0003   |
|    n_updates       | 749972   |
---------------------------------
---------------------------------
| rollout/           |          |
|    ep_len_mean     | 18.4     |
|    ep_rew_mean     | -46.6    |
|    success_rate    | 0.01     |
| time/              |          |
|    episodes        | 140      |
|    fps             | 179      |
|    time_elapsed    | 15       |
|    total_timesteps | 2784     |
| train/             |          |
|    actor_loss      | 0.0478   |
|    critic_loss     | 13.9     |
|    ent_coef        | 0.001    |
|    learning_rate   | 0.0003   |
|    n_updates       | 749994   |
---------------------------------
---------------------------------
| rollout/           |          |
|    ep_len_mean     | 18.2     |
|    ep_rew_mean     | -46.6    |
|    success_rate    | 0.01     |
| time/              |          |
|    episodes        | 144      |
|    fps             | 173      |
|    time_elapsed    | 16       |
|    total_timesteps | 2828     |
| train/             |          |
|    actor_loss      | -0.79    |
|    critic_loss     | 12.1     |
|    ent_coef        | 0.001    |
|    learning_rate   | 0.0003   |
|    n_updates       | 750005   |
---------------------------------
---------------------------------
| rollout/           |          |
|    ep_len_mean     | 17.9     |
|    ep_rew_mean     | -49.6    |
|    success_rate    | 0.01     |
| time/              |          |
|    episodes        | 148      |
|    fps             | 169      |
|    time_elapsed    | 16       |
|    total_timesteps | 2848     |
| train/             |          |
|    actor_loss      | -0.43    |
|    critic_loss     | 14.9     |
|    ent_coef        | 0.001    |
|    learning_rate   | 0.0003   |
|    n_updates       | 750010   |
---------------------------------
---------------------------------
| rollout/           |          |
|    ep_len_mean     | 17.6     |
|    ep_rew_mean     | -49.8    |
|    success_rate    | 0.01     |
| time/              |          |
|    episodes        | 152      |
|    fps             | 165      |
|    time_elapsed    | 17       |
|    total_timesteps | 2868     |
| train/             |          |
|    actor_loss      | -0.922   |
|    critic_loss     | 17       |
|    ent_coef        | 0.001    |
|    learning_rate   | 0.0003   |
|    n_updates       | 750015   |
---------------------------------
---------------------------------
| rollout/           |          |
|    ep_len_mean     | 17.1     |
|    ep_rew_mean     | -49.1    |
|    success_rate    | 0.01     |
| time/              |          |
|    episodes        | 156      |
|    fps             | 163      |
|    time_elapsed    | 17       |
|    total_timesteps | 2884     |
| train/             |          |
|    actor_loss      | -0.839   |
|    critic_loss     | 16       |
|    ent_coef        | 0.001    |
|    learning_rate   | 0.0003   |
|    n_updates       | 750019   |
---------------------------------
---------------------------------
| rollout/           |          |
|    ep_len_mean     | 16.9     |
|    ep_rew_mean     | -49.3    |
|    success_rate    | 0.01     |
| time/              |          |
|    episodes        | 160      |
|    fps             | 159      |
|    time_elapsed    | 18       |
|    total_timesteps | 2908     |
| train/             |          |
|    actor_loss      | -1.59    |
|    critic_loss     | 12.1     |
|    ent_coef        | 0.001    |
|    learning_rate   | 0.0003   |
|    n_updates       | 750025   |
---------------------------------
---------------------------------
| rollout/           |          |
|    ep_len_mean     | 14.6     |
|    ep_rew_mean     | -46.9    |
|    success_rate    | 0.01     |
| time/              |          |
|    episodes        | 164      |
|    fps             | 155      |
|    time_elapsed    | 18       |
|    total_timesteps | 2924     |
| train/             |          |
|    actor_loss      | -1.65    |
|    critic_loss     | 11.3     |
|    ent_coef        | 0.001    |
|    learning_rate   | 0.0003   |
|    n_updates       | 750029   |
---------------------------------
---------------------------------
| rollout/           |          |
|    ep_len_mean     | 15.9     |
|    ep_rew_mean     | -52.8    |
|    success_rate    | 0.01     |
| time/              |          |
|    episodes        | 168      |
|    fps             | 153      |
|    time_elapsed    | 19       |
|    total_timesteps | 2964     |
| train/             |          |
|    actor_loss      | -1.77    |
|    critic_loss     | 14.4     |
|    ent_coef        | 0.001    |
|    learning_rate   | 0.0003   |
|    n_updates       | 750039   |
---------------------------------
---------------------------------
| rollout/           |          |
|    ep_len_mean     | 16.6     |
|    ep_rew_mean     | -59      |
|    success_rate    | 0.01     |
| time/              |          |
|    episodes        | 172      |
|    fps             | 150      |
|    time_elapsed    | 20       |
|    total_timesteps | 3008     |
| train/             |          |
|    actor_loss      | -0.934   |
|    critic_loss     | 14.9     |
|    ent_coef        | 0.001    |
|    learning_rate   | 0.0003   |
|    n_updates       | 750050   |
---------------------------------
---------------------------------
| rollout/           |          |
|    ep_len_mean     | 14.7     |
|    ep_rew_mean     | -55.8    |
|    success_rate    | 0.01     |
| time/              |          |
|    episodes        | 176      |
|    fps             | 146      |
|    time_elapsed    | 20       |
|    total_timesteps | 3056     |
| train/             |          |
|    actor_loss      | -0.165   |
|    critic_loss     | 20.8     |
|    ent_coef        | 0.001    |
|    learning_rate   | 0.0003   |
|    n_updates       | 750062   |
---------------------------------
---------------------------------
| rollout/           |          |
|    ep_len_mean     | 13.3     |
|    ep_rew_mean     | -53.8    |
|    success_rate    | 0.01     |
| time/              |          |
|    episodes        | 180      |
|    fps             | 143      |
|    time_elapsed    | 21       |
|    total_timesteps | 3096     |
| train/             |          |
|    actor_loss      | -1.99    |
|    critic_loss     | 13.6     |
|    ent_coef        | 0.001    |
|    learning_rate   | 0.0003   |
|    n_updates       | 750072   |
---------------------------------
---------------------------------
| rollout/           |          |
|    ep_len_mean     | 16.4     |
|    ep_rew_mean     | -66.4    |
|    success_rate    | 0        |
| time/              |          |
|    episodes        | 184      |
|    fps             | 144      |
|    time_elapsed    | 25       |
|    total_timesteps | 3660     |
| train/             |          |
|    actor_loss      | -5.13    |
|    critic_loss     | 15.3     |
|    ent_coef        | 0.001    |
|    learning_rate   | 0.0003   |
|    n_updates       | 750213   |
---------------------------------
---------------------------------
| rollout/           |          |
|    ep_len_mean     | 15.2     |
|    ep_rew_mean     | -68.1    |
|    success_rate    | 0        |
| time/              |          |
|    episodes        | 188      |
|    fps             | 141      |
|    time_elapsed    | 26       |
|    total_timesteps | 3708     |
| train/             |          |
|    actor_loss      | -5.15    |
|    critic_loss     | 14.6     |
|    ent_coef        | 0.001    |
|    learning_rate   | 0.0003   |
|    n_updates       | 750225   |
---------------------------------
---------------------------------
| rollout/           |          |
|    ep_len_mean     | 15.2     |
|    ep_rew_mean     | -68      |
|    success_rate    | 0        |
| time/              |          |
|    episodes        | 192      |
|    fps             | 139      |
|    time_elapsed    | 26       |
|    total_timesteps | 3732     |
| train/             |          |
|    actor_loss      | -4.45    |
|    critic_loss     | 17.1     |
|    ent_coef        | 0.001    |
|    learning_rate   | 0.0003   |
|    n_updates       | 750231   |
---------------------------------
---------------------------------
| rollout/           |          |
|    ep_len_mean     | 17       |
|    ep_rew_mean     | -74.8    |
|    success_rate    | 0        |
| time/              |          |
|    episodes        | 196      |
|    fps             | 136      |
|    time_elapsed    | 28       |
|    total_timesteps | 3844     |
| train/             |          |
|    actor_loss      | -5.53    |
|    critic_loss     | 13.2     |
|    ent_coef        | 0.001    |
|    learning_rate   | 0.0003   |
|    n_updates       | 750259   |
---------------------------------
---------------------------------
| rollout/           |          |
|    ep_len_mean     | 22.2     |
|    ep_rew_mean     | -78.8    |
|    success_rate    | 0        |
| time/              |          |
|    episodes        | 200      |
|    fps             | 137      |
|    time_elapsed    | 32       |
|    total_timesteps | 4444     |
| train/             |          |
|    actor_loss      | -8.99    |
|    critic_loss     | 14.8     |
|    ent_coef        | 0.001    |
|    learning_rate   | 0.0003   |
|    n_updates       | 750409   |
---------------------------------
---------------------------------
| rollout/           |          |
|    ep_len_mean     | 25.9     |
|    ep_rew_mean     | -78.7    |
|    success_rate    | 0        |
| time/              |          |
|    episodes        | 204      |
|    fps             | 138      |
|    time_elapsed    | 37       |
|    total_timesteps | 5124     |
| train/             |          |
|    actor_loss      | -14.2    |
|    critic_loss     | 17       |
|    ent_coef        | 0.001    |
|    learning_rate   | 0.0003   |
|    n_updates       | 750579   |
---------------------------------
---------------------------------
| rollout/           |          |
|    ep_len_mean     | 27.7     |
|    ep_rew_mean     | -78.8    |
|    success_rate    | 0.01     |
| time/              |          |
|    episodes        | 208      |
|    fps             | 137      |
|    time_elapsed    | 37       |
|    total_timesteps | 5172     |
| train/             |          |
|    actor_loss      | -14.6    |
|    critic_loss     | 16.4     |
|    ent_coef        | 0.001    |
|    learning_rate   | 0.0003   |
|    n_updates       | 750591   |
---------------------------------
---------------------------------
| rollout/           |          |
|    ep_len_mean     | 31.2     |
|    ep_rew_mean     | -83.4    |
|    success_rate    | 0.01     |
| time/              |          |
|    episodes        | 212      |
|    fps             | 138      |
|    time_elapsed    | 41       |
|    total_timesteps | 5756     |
| train/             |          |
|    actor_loss      | -19.7    |
|    critic_loss     | 20       |
|    ent_coef        | 0.001    |
|    learning_rate   | 0.0003   |
|    n_updates       | 750737   |
---------------------------------
---------------------------------
| rollout/           |          |
|    ep_len_mean     | 33.1     |
|    ep_rew_mean     | -83.4    |
|    success_rate    | 0.02     |
| time/              |          |
|    episodes        | 216      |
|    fps             | 137      |
|    time_elapsed    | 42       |
|    total_timesteps | 5884     |
| train/             |          |
|    actor_loss      | -20.7    |
|    critic_loss     | 19.5     |
|    ent_coef        | 0.001    |
|    learning_rate   | 0.0003   |
|    n_updates       | 750769   |
---------------------------------
---------------------------------
| rollout/           |          |
|    ep_len_mean     | 34.9     |
|    ep_rew_mean     | -83.4    |
|    success_rate    | 0.02     |
| time/              |          |
|    episodes        | 220      |
|    fps             | 136      |
|    time_elapsed    | 43       |
|    total_timesteps | 5904     |
| train/             |          |
|    actor_loss      | -20.5    |
|    critic_loss     | 21.4     |
|    ent_coef        | 0.001    |
|    learning_rate   | 0.0003   |
|    n_updates       | 750774   |
---------------------------------
---------------------------------
| rollout/           |          |
|    ep_len_mean     | 36.6     |
|    ep_rew_mean     | -84.1    |
|    success_rate    | 0.02     |
| time/              |          |
|    episodes        | 224      |
|    fps             | 134      |
|    time_elapsed    | 44       |
|    total_timesteps | 5960     |
| train/             |          |
|    actor_loss      | -20.6    |
|    critic_loss     | 19.5     |
|    ent_coef        | 0.001    |
|    learning_rate   | 0.0003   |
|    n_updates       | 750788   |
---------------------------------
---------------------------------
| rollout/           |          |
|    ep_len_mean     | 41.9     |
|    ep_rew_mean     | -85.5    |
|    success_rate    | 0.03     |
| time/              |          |
|    episodes        | 228      |
|    fps             | 135      |
|    time_elapsed    | 48       |
|    total_timesteps | 6636     |
| train/             |          |
|    actor_loss      | -25.4    |
|    critic_loss     | 23.8     |
|    ent_coef        | 0.001    |
|    learning_rate   | 0.0003   |
|    n_updates       | 750957   |
---------------------------------
---------------------------------
| rollout/           |          |
|    ep_len_mean     | 43       |
|    ep_rew_mean     | -83.8    |
|    success_rate    | 0.03     |
| time/              |          |
|    episodes        | 232      |
|    fps             | 134      |
|    time_elapsed    | 49       |
|    total_timesteps | 6676     |
| train/             |          |
|    actor_loss      | -26.6    |
|    critic_loss     | 26       |
|    ent_coef        | 0.001    |
|    learning_rate   | 0.0003   |
|    n_updates       | 750967   |
---------------------------------
---------------------------------
| rollout/           |          |
|    ep_len_mean     | 45.4     |
|    ep_rew_mean     | -82.9    |
|    success_rate    | 0.05     |
| time/              |          |
|    episodes        | 236      |
|    fps             | 135      |
|    time_elapsed    | 53       |
|    total_timesteps | 7316     |
| train/             |          |
|    actor_loss      | -33.7    |
|    critic_loss     | 21       |
|    ent_coef        | 0.001    |
|    learning_rate   | 0.0003   |
|    n_updates       | 751127   |
---------------------------------
---------------------------------
| rollout/           |          |
|    ep_len_mean     | 48.7     |
|    ep_rew_mean     | -82.8    |
|    success_rate    | 0.05     |
| time/              |          |
|    episodes        | 240      |
|    fps             | 135      |
|    time_elapsed    | 54       |
|    total_timesteps | 7364     |
| train/             |          |
|    actor_loss      | -34.5    |
|    critic_loss     | 27.2     |
|    ent_coef        | 0.001    |
|    learning_rate   | 0.0003   |
|    n_updates       | 751139   |
---------------------------------
---------------------------------
| rollout/           |          |
|    ep_len_mean     | 52.7     |
|    ep_rew_mean     | -82      |
|    success_rate    | 0.08     |
| time/              |          |
|    episodes        | 244      |
|    fps             | 135      |
|    time_elapsed    | 58       |
|    total_timesteps | 7880     |
| train/             |          |
|    actor_loss      | -42.7    |
|    critic_loss     | 31.8     |
|    ent_coef        | 0.001    |
|    learning_rate   | 0.0003   |
|    n_updates       | 751268   |
---------------------------------
---------------------------------
| rollout/           |          |
|    ep_len_mean     | 51.9     |
|    ep_rew_mean     | -74.6    |
|    success_rate    | 0.1      |
| time/              |          |
|    episodes        | 248      |
|    fps             | 134      |
|    time_elapsed    | 58       |
|    total_timesteps | 7900     |
| train/             |          |
|    actor_loss      | -42.3    |
|    critic_loss     | 29.4     |
|    ent_coef        | 0.001    |
|    learning_rate   | 0.0003   |
|    n_updates       | 751273   |
---------------------------------
---------------------------------
| rollout/           |          |
|    ep_len_mean     | 54.2     |
|    ep_rew_mean     | -74.4    |
|    success_rate    | 0.12     |
| time/              |          |
|    episodes        | 252      |
|    fps             | 134      |
|    time_elapsed    | 60       |
|    total_timesteps | 8104     |
| train/             |          |
|    actor_loss      | -44.1    |
|    critic_loss     | 40.8     |
|    ent_coef        | 0.001    |
|    learning_rate   | 0.0003   |
|    n_updates       | 751324   |
---------------------------------
---------------------------------
| rollout/           |          |
|    ep_len_mean     | 57.7     |
|    ep_rew_mean     | -74.3    |
|    success_rate    | 0.13     |
| time/              |          |
|    episodes        | 256      |
|    fps             | 135      |
|    time_elapsed    | 64       |
|    total_timesteps | 8676     |
| train/             |          |
|    actor_loss      | -47.8    |
|    critic_loss     | 41.1     |
|    ent_coef        | 0.001    |
|    learning_rate   | 0.0003   |
|    n_updates       | 751467   |
---------------------------------
---------------------------------
| rollout/           |          |
|    ep_len_mean     | 61.2     |
|    ep_rew_mean     | -73.4    |
|    success_rate    | 0.14     |
| time/              |          |
|    episodes        | 260      |
|    fps             | 134      |
|    time_elapsed    | 65       |
|    total_timesteps | 8804     |
| train/             |          |
|    actor_loss      | -49.8    |
|    critic_loss     | 65.8     |
|    ent_coef        | 0.001    |
|    learning_rate   | 0.0003   |
|    n_updates       | 751499   |
---------------------------------
---------------------------------
| rollout/           |          |
|    ep_len_mean     | 63       |
|    ep_rew_mean     | -72.7    |
|    success_rate    | 0.16     |
| time/              |          |
|    episodes        | 264      |
|    fps             | 134      |
|    time_elapsed    | 69       |
|    total_timesteps | 9340     |
| train/             |          |
|    actor_loss      | -58.2    |
|    critic_loss     | 53.5     |
|    ent_coef        | 0.001    |
|    learning_rate   | 0.0003   |
|    n_updates       | 751633   |
---------------------------------
---------------------------------
| rollout/           |          |
|    ep_len_mean     | 64.7     |
|    ep_rew_mean     | -66      |
|    success_rate    | 0.16     |
| time/              |          |
|    episodes        | 268      |
|    fps             | 134      |
|    time_elapsed    | 70       |
|    total_timesteps | 9476     |
| train/             |          |
|    actor_loss      | -59.5    |
|    critic_loss     | 37.4     |
|    ent_coef        | 0.001    |
|    learning_rate   | 0.0003   |
|    n_updates       | 751667   |
---------------------------------
Eval num_timesteps=10000, episode_reward=-36.20 +/- 55.14
Episode length: 135.06 +/- 66.11
Success rate: 26.00%
---------------------------------
| eval/              |          |
|    mean_ep_length  | 135      |
|    mean_reward     | -36.2    |
|    success_rate    | 0.26     |
| time/              |          |
|    total_timesteps | 10000    |
| train/             |          |
|    actor_loss      | -69.1    |
|    critic_loss     | 74.2     |
|    ent_coef        | 0.001    |
|    learning_rate   | 0.0003   |
|    n_updates       | 751798   |
---------------------------------
New best mean reward!
[DenseSuccessCallback - transit] New best: 26.0% -> ./checkpoints/dense_refinement_20260423_235832/best_model_transit.zip
Eval num_timesteps=10000, episode_reward=1.77 +/- 10.21
Episode length: 65.36 +/- 80.46
Success rate: 62.00%
---------------------------------
| eval/              |          |
|    mean_ep_length  | 65.4     |
|    mean_reward     | 1.77     |
|    success_rate    | 0.62     |
| time/              |          |
|    total_timesteps | 10000    |
---------------------------------
New best mean reward!
[DenseSuccessCallback - descend] New best: 62.0% -> ./checkpoints/dense_refinement_20260423_235832/best_model_descend.zip
Eval num_timesteps=10000, episode_reward=-20.20 +/- 0.03
Episode length: 1.04 +/- 0.20
Success rate: 0.00%
---------------------------------
| eval/              |          |
|    mean_ep_length  | 1.04     |
|    mean_reward     | -20.2    |
|    success_rate    | 0        |
| time/              |          |
|    total_timesteps | 10000    |
---------------------------------
New best mean reward!
[DenseSuccessCallback - ascend] New best: 0.0% -> ./checkpoints/dense_refinement_20260423_235832/best_model_ascend.zip
---------------------------------
| rollout/           |          |
|    ep_len_mean     | 68.2     |
|    ep_rew_mean     | -59.3    |
|    success_rate    | 0.18     |
| time/              |          |
|    episodes        | 272      |
|    fps             | 97       |
|    time_elapsed    | 102      |
|    total_timesteps | 10048    |
| train/             |          |
|    actor_loss      | -70.3    |
|    critic_loss     | 67.9     |
|    ent_coef        | 0.001    |
|    learning_rate   | 0.0003   |
|    n_updates       | 751810   |
---------------------------------
---------------------------------
| rollout/           |          |
|    ep_len_mean     | 68.4     |
|    ep_rew_mean     | -58.8    |
|    success_rate    | 0.2      |
| time/              |          |
|    episodes        | 276      |
|    fps             | 97       |
|    time_elapsed    | 104      |
|    total_timesteps | 10164    |
| train/             |          |
|    actor_loss      | -69.4    |
|    critic_loss     | 68.6     |
|    ent_coef        | 0.001    |
|    learning_rate   | 0.0003   |
|    n_updates       | 751839   |
---------------------------------
---------------------------------
| rollout/           |          |
|    ep_len_mean     | 70.2     |
|    ep_rew_mean     | -58.3    |
|    success_rate    | 0.21     |
| time/              |          |
|    episodes        | 280      |
|    fps             | 97       |
|    time_elapsed    | 105      |
|    total_timesteps | 10236    |
| train/             |          |
|    actor_loss      | -70.9    |
|    critic_loss     | 70.8     |
|    ent_coef        | 0.001    |
|    learning_rate   | 0.0003   |
|    n_updates       | 751857   |
---------------------------------
---------------------------------
| rollout/           |          |
|    ep_len_mean     | 73.7     |
|    ep_rew_mean     | -46      |
|    success_rate    | 0.21     |
| time/              |          |
|    episodes        | 284      |
|    fps             | 99       |
|    time_elapsed    | 109      |
|    total_timesteps | 10936    |
| train/             |          |
|    actor_loss      | -76.8    |
|    critic_loss     | 74.5     |
|    ent_coef        | 0.001    |
|    learning_rate   | 0.0003   |
|    n_updates       | 752032   |
---------------------------------
---------------------------------
| rollout/           |          |
|    ep_len_mean     | 75.4     |
|    ep_rew_mean     | -38.9    |
|    success_rate    | 0.22     |
| time/              |          |
|    episodes        | 288      |
|    fps             | 99       |
|    time_elapsed    | 112      |
|    total_timesteps | 11228    |
| train/             |          |
|    actor_loss      | -79.3    |
|    critic_loss     | 54.2     |
|    ent_coef        | 0.001    |
|    learning_rate   | 0.0003   |
|    n_updates       | 752105   |
---------------------------------
---------------------------------
| rollout/           |          |
|    ep_len_mean     | 79.2     |
|    ep_rew_mean     | -38.3    |
|    success_rate    | 0.24     |
| time/              |          |
|    episodes        | 292      |
|    fps             | 100      |
|    time_elapsed    | 115      |
|    total_timesteps | 11636    |
| train/             |          |
|    actor_loss      | -77.9    |
|    critic_loss     | 91.8     |
|    ent_coef        | 0.001    |
|    learning_rate   | 0.0003   |
|    n_updates       | 752207   |
---------------------------------
---------------------------------
| rollout/           |          |
|    ep_len_mean     | 79.2     |
|    ep_rew_mean     | -31.5    |
|    success_rate    | 0.25     |
| time/              |          |
|    episodes        | 296      |
|    fps             | 101      |
|    time_elapsed    | 118      |
|    total_timesteps | 11980    |
| train/             |          |
|    actor_loss      | -84.1    |
|    critic_loss     | 38.2     |
|    ent_coef        | 0.001    |
|    learning_rate   | 0.0003   |
|    n_updates       | 752293   |
---------------------------------
---------------------------------
| rollout/           |          |
|    ep_len_mean     | 77.5     |
|    ep_rew_mean     | -24.4    |
|    success_rate    | 0.25     |
| time/              |          |
|    episodes        | 300      |
|    fps             | 101      |
|    time_elapsed    | 121      |
|    total_timesteps | 12336    |
| train/             |          |
|    actor_loss      | -87.3    |
|    critic_loss     | 131      |
|    ent_coef        | 0.001    |
|    learning_rate   | 0.0003   |
|    n_updates       | 752382   |
---------------------------------
---------------------------------
| rollout/           |          |
|    ep_len_mean     | 75.8     |
|    ep_rew_mean     | -23.7    |
|    success_rate    | 0.26     |
| time/              |          |
|    episodes        | 304      |
|    fps             | 102      |
|    time_elapsed    | 123      |
|    total_timesteps | 12708    |
| train/             |          |
|    actor_loss      | -81.9    |
|    critic_loss     | 39       |
|    ent_coef        | 0.001    |
|    learning_rate   | 0.0003   |
|    n_updates       | 752475   |
---------------------------------
---------------------------------
| rollout/           |          |
|    ep_len_mean     | 79.1     |
|    ep_rew_mean     | -23.5    |
|    success_rate    | 0.25     |
| time/              |          |
|    episodes        | 308      |
|    fps             | 102      |
|    time_elapsed    | 126      |
|    total_timesteps | 13048    |
| train/             |          |
|    actor_loss      | -88.3    |
|    critic_loss     | 25       |
|    ent_coef        | 0.001    |
|    learning_rate   | 0.0003   |
|    n_updates       | 752560   |
---------------------------------
---------------------------------
| rollout/           |          |
|    ep_len_mean     | 75.7     |
|    ep_rew_mean     | -18.6    |
|    success_rate    | 0.25     |
| time/              |          |
|    episodes        | 312      |
|    fps             | 102      |
|    time_elapsed    | 127      |
|    total_timesteps | 13084    |
| train/             |          |
|    actor_loss      | -85.5    |
|    critic_loss     | 53.4     |
|    ent_coef        | 0.001    |
|    learning_rate   | 0.0003   |
|    n_updates       | 752569   |
---------------------------------
---------------------------------
| rollout/           |          |
|    ep_len_mean     | 77.6     |
|    ep_rew_mean     | -18.9    |
|    success_rate    | 0.26     |
| time/              |          |
|    episodes        | 316      |
|    fps             | 103      |
|    time_elapsed    | 131      |
|    total_timesteps | 13648    |
| train/             |          |
|    actor_loss      | -88.9    |
|    critic_loss     | 77.2     |
|    ent_coef        | 0.001    |
|    learning_rate   | 0.0003   |
|    n_updates       | 752710   |
---------------------------------
---------------------------------
| rollout/           |          |
|    ep_len_mean     | 77.7     |
|    ep_rew_mean     | -19.3    |
|    success_rate    | 0.26     |
| time/              |          |
|    episodes        | 320      |
|    fps             | 103      |
|    time_elapsed    | 133      |
|    total_timesteps | 13804    |
| train/             |          |
|    actor_loss      | -87.5    |
|    critic_loss     | 89.4     |
|    ent_coef        | 0.001    |
|    learning_rate   | 0.0003   |
|    n_updates       | 752749   |
---------------------------------
---------------------------------
| rollout/           |          |
|    ep_len_mean     | 78       |
|    ep_rew_mean     | -18.5    |
|    success_rate    | 0.28     |
| time/              |          |
|    episodes        | 324      |
|    fps             | 103      |
|    time_elapsed    | 133      |
|    total_timesteps | 13832    |
| train/             |          |
|    actor_loss      | -87.9    |
|    critic_loss     | 66.9     |
|    ent_coef        | 0.001    |
|    learning_rate   | 0.0003   |
|    n_updates       | 752756   |
---------------------------------
---------------------------------
| rollout/           |          |
|    ep_len_mean     | 74.7     |
|    ep_rew_mean     | -16.9    |
|    success_rate    | 0.29     |
| time/              |          |
|    episodes        | 328      |
|    fps             | 103      |
|    time_elapsed    | 135      |
|    total_timesteps | 14108    |
| train/             |          |
|    actor_loss      | -89.8    |
|    critic_loss     | 83.7     |
|    ent_coef        | 0.001    |
|    learning_rate   | 0.0003   |
|    n_updates       | 752825   |
---------------------------------
---------------------------------
| rollout/           |          |
|    ep_len_mean     | 78.4     |
|    ep_rew_mean     | -17.5    |
|    success_rate    | 0.3      |
| time/              |          |
|    episodes        | 332      |
|    fps             | 104      |
|    time_elapsed    | 140      |
|    total_timesteps | 14664    |
| train/             |          |
|    actor_loss      | -94.7    |
|    critic_loss     | 41.6     |
|    ent_coef        | 0.001    |
|    learning_rate   | 0.0003   |
|    n_updates       | 752964   |
---------------------------------
---------------------------------
| rollout/           |          |
|    ep_len_mean     | 78.2     |
|    ep_rew_mean     | -17.5    |
|    success_rate    | 0.3      |
| time/              |          |
|    episodes        | 336      |
|    fps             | 104      |
|    time_elapsed    | 141      |
|    total_timesteps | 14832    |
| train/             |          |
|    actor_loss      | -96.5    |
|    critic_loss     | 75.8     |
|    ent_coef        | 0.001    |
|    learning_rate   | 0.0003   |
|    n_updates       | 753006   |
---------------------------------
---------------------------------
| rollout/           |          |
|    ep_len_mean     | 74.8     |
|    ep_rew_mean     | -17.3    |
|    success_rate    | 0.31     |
| time/              |          |
|    episodes        | 340      |
|    fps             | 104      |
|    time_elapsed    | 142      |
|    total_timesteps | 14884    |
| train/             |          |
|    actor_loss      | -91.1    |
|    critic_loss     | 46.2     |
|    ent_coef        | 0.001    |
|    learning_rate   | 0.0003   |
|    n_updates       | 753019   |
---------------------------------
---------------------------------
| rollout/           |          |
|    ep_len_mean     | 70.8     |
|    ep_rew_mean     | -17.9    |
|    success_rate    | 0.28     |
| time/              |          |
|    episodes        | 344      |
|    fps             | 104      |
|    time_elapsed    | 143      |
|    total_timesteps | 14924    |
| train/             |          |
|    actor_loss      | -93.4    |
|    critic_loss     | 63       |
|    ent_coef        | 0.001    |
|    learning_rate   | 0.0003   |
|    n_updates       | 753029   |
---------------------------------
---------------------------------
| rollout/           |          |
|    ep_len_mean     | 71.3     |
|    ep_rew_mean     | -17.6    |
|    success_rate    | 0.29     |
| time/              |          |
|    episodes        | 348      |
|    fps             | 104      |
|    time_elapsed    | 144      |
|    total_timesteps | 15064    |
| train/             |          |
|    actor_loss      | -94.5    |
|    critic_loss     | 48.9     |
|    ent_coef        | 0.001    |
|    learning_rate   | 0.0003   |
|    n_updates       | 753064   |
---------------------------------
---------------------------------
| rollout/           |          |
|    ep_len_mean     | 69.6     |
|    ep_rew_mean     | -16.4    |
|    success_rate    | 0.31     |
| time/              |          |
|    episodes        | 352      |
|    fps             | 104      |
|    time_elapsed    | 145      |
|    total_timesteps | 15160    |
| train/             |          |
|    actor_loss      | -96.1    |
|    critic_loss     | 141      |
|    ent_coef        | 0.001    |
|    learning_rate   | 0.0003   |
|    n_updates       | 753088   |
---------------------------------
---------------------------------
| rollout/           |          |
|    ep_len_mean     | 69.8     |
|    ep_rew_mean     | -15.9    |
|    success_rate    | 0.31     |
| time/              |          |
|    episodes        | 356      |
|    fps             | 104      |
|    time_elapsed    | 148      |
|    total_timesteps | 15512    |
| train/             |          |
|    actor_loss      | -91.5    |
|    critic_loss     | 49.6     |
|    ent_coef        | 0.001    |
|    learning_rate   | 0.0003   |
|    n_updates       | 753176   |
---------------------------------
---------------------------------
| rollout/           |          |
|    ep_len_mean     | 69.9     |
|    ep_rew_mean     | -15.8    |
|    success_rate    | 0.33     |
| time/              |          |
|    episodes        | 360      |
|    fps             | 105      |
|    time_elapsed    | 150      |
|    total_timesteps | 15892    |
| train/             |          |
|    actor_loss      | -94.7    |
|    critic_loss     | 24.9     |
|    ent_coef        | 0.001    |
|    learning_rate   | 0.0003   |
|    n_updates       | 753271   |
---------------------------------
---------------------------------
| rollout/           |          |
|    ep_len_mean     | 71.7     |
|    ep_rew_mean     | -15.8    |
|    success_rate    | 0.33     |
| time/              |          |
|    episodes        | 364      |
|    fps             | 105      |
|    time_elapsed    | 153      |
|    total_timesteps | 16268    |
| train/             |          |
|    actor_loss      | -103     |
|    critic_loss     | 62.4     |
|    ent_coef        | 0.001    |
|    learning_rate   | 0.0003   |
|    n_updates       | 753365   |
---------------------------------
---------------------------------
| rollout/           |          |
|    ep_len_mean     | 73.6     |
|    ep_rew_mean     | -15.4    |
|    success_rate    | 0.34     |
| time/              |          |
|    episodes        | 368      |
|    fps             | 106      |
|    time_elapsed    | 158      |
|    total_timesteps | 16908    |
| train/             |          |
|    actor_loss      | -97.7    |
|    critic_loss     | 65.6     |
|    ent_coef        | 0.001    |
|    learning_rate   | 0.0003   |
|    n_updates       | 753525   |
---------------------------------
---------------------------------
| rollout/           |          |
|    ep_len_mean     | 71.8     |
|    ep_rew_mean     | -16.3    |
|    success_rate    | 0.33     |
| time/              |          |
|    episodes        | 372      |
|    fps             | 106      |
|    time_elapsed    | 161      |
|    total_timesteps | 17300    |
| train/             |          |
|    actor_loss      | -99.6    |
|    critic_loss     | 41.2     |
|    ent_coef        | 0.001    |
|    learning_rate   | 0.0003   |
|    n_updates       | 753623   |
---------------------------------
---------------------------------
| rollout/           |          |
|    ep_len_mean     | 77.1     |
|    ep_rew_mean     | -16.2    |
|    success_rate    | 0.32     |
| time/              |          |
|    episodes        | 376      |
|    fps             | 107      |
|    time_elapsed    | 165      |
|    total_timesteps | 17800    |
| train/             |          |
|    actor_loss      | -101     |
|    critic_loss     | 126      |
|    ent_coef        | 0.001    |
|    learning_rate   | 0.0003   |
|    n_updates       | 753748   |
---------------------------------
---------------------------------
| rollout/           |          |
|    ep_len_mean     | 77.2     |
|    ep_rew_mean     | -16.2    |
|    success_rate    | 0.32     |
| time/              |          |
|    episodes        | 380      |
|    fps             | 107      |
|    time_elapsed    | 167      |
|    total_timesteps | 18000    |
| train/             |          |
|    actor_loss      | -105     |
|    critic_loss     | 63.7     |
|    ent_coef        | 0.001    |
|    learning_rate   | 0.0003   |
|    n_updates       | 753798   |
---------------------------------
---------------------------------
| rollout/           |          |
|    ep_len_mean     | 74       |
|    ep_rew_mean     | -15.5    |
|    success_rate    | 0.33     |
| time/              |          |
|    episodes        | 384      |
|    fps             | 107      |
|    time_elapsed    | 170      |
|    total_timesteps | 18340    |
| train/             |          |
|    actor_loss      | -104     |
|    critic_loss     | 102      |
|    ent_coef        | 0.001    |
|    learning_rate   | 0.0003   |
|    n_updates       | 753883   |
---------------------------------
---------------------------------
| rollout/           |          |
|    ep_len_mean     | 75.7     |
|    ep_rew_mean     | -16.3    |
|    success_rate    | 0.32     |
| time/              |          |
|    episodes        | 388      |
|    fps             | 108      |
|    time_elapsed    | 174      |
|    total_timesteps | 18924    |
| train/             |          |
|    actor_loss      | -103     |
|    critic_loss     | 52.5     |
|    ent_coef        | 0.001    |
|    learning_rate   | 0.0003   |
|    n_updates       | 754029   |
---------------------------------
---------------------------------
| rollout/           |          |
|    ep_len_mean     | 77       |
|    ep_rew_mean     | -16.6    |
|    success_rate    | 0.3      |
| time/              |          |
|    episodes        | 392      |
|    fps             | 108      |
|    time_elapsed    | 177      |
|    total_timesteps | 19296    |
| train/             |          |
|    actor_loss      | -105     |
|    critic_loss     | 61.7     |
|    ent_coef        | 0.001    |
|    learning_rate   | 0.0003   |
|    n_updates       | 754122   |
---------------------------------
---------------------------------
| rollout/           |          |
|    ep_len_mean     | 78.9     |
|    ep_rew_mean     | -16.7    |
|    success_rate    | 0.3      |
| time/              |          |
|    episodes        | 396      |
|    fps             | 108      |
|    time_elapsed    | 181      |
|    total_timesteps | 19752    |
| train/             |          |
|    actor_loss      | -111     |
|    critic_loss     | 98.3     |
|    ent_coef        | 0.001    |
|    learning_rate   | 0.0003   |
|    n_updates       | 754236   |
---------------------------------
Eval num_timesteps=20000, episode_reward=-31.07 +/- 49.33
Episode length: 140.08 +/- 60.61
Success rate: 22.00%
---------------------------------
| eval/              |          |
|    mean_ep_length  | 140      |
|    mean_reward     | -31.1    |
|    success_rate    | 0.22     |
| time/              |          |
|    total_timesteps | 20000    |
| train/             |          |
|    actor_loss      | -106     |
|    critic_loss     | 38.5     |
|    ent_coef        | 0.001    |
|    learning_rate   | 0.0003   |
|    n_updates       | 754298   |
---------------------------------
New best mean reward!
Eval num_timesteps=20000, episode_reward=-15.93 +/- 6.14
Episode length: 100.32 +/- 84.38
Success rate: 4.00%
---------------------------------
| eval/              |          |
|    mean_ep_length  | 100      |
|    mean_reward     | -15.9    |
|    success_rate    | 0.04     |
| time/              |          |
|    total_timesteps | 20000    |
---------------------------------
Eval num_timesteps=20000, episode_reward=-20.18 +/- 0.02
Episode length: 1.04 +/- 0.20
Success rate: 0.00%
---------------------------------
| eval/              |          |
|    mean_ep_length  | 1.04     |
|    mean_reward     | -20.2    |
|    success_rate    | 0        |
| time/              |          |
|    total_timesteps | 20000    |
---------------------------------
New best mean reward!
---------------------------------
| rollout/           |          |
|    ep_len_mean     | 79.9     |
|    ep_rew_mean     | -17.4    |
|    success_rate    | 0.31     |
| time/              |          |
|    episodes        | 400      |
|    fps             | 90       |
|    time_elapsed    | 224      |
|    total_timesteps | 20332    |
| train/             |          |
|    actor_loss      | -106     |
|    critic_loss     | 126      |
|    ent_coef        | 0.001    |
|    learning_rate   | 0.0003   |
|    n_updates       | 754381   |
---------------------------------
---------------------------------
| rollout/           |          |
|    ep_len_mean     | 81.8     |
|    ep_rew_mean     | -17.4    |
|    success_rate    | 0.3      |
| time/              |          |
|    episodes        | 404      |
|    fps             | 90       |
|    time_elapsed    | 227      |
|    total_timesteps | 20696    |
| train/             |          |
|    actor_loss      | -107     |
|    critic_loss     | 39.3     |
|    ent_coef        | 0.001    |
|    learning_rate   | 0.0003   |
|    n_updates       | 754472   |
---------------------------------
---------------------------------
| rollout/           |          |
|    ep_len_mean     | 80.2     |
|    ep_rew_mean     | -17.3    |
|    success_rate    | 0.3      |
| time/              |          |
|    episodes        | 408      |
|    fps             | 91       |
|    time_elapsed    | 232      |
|    total_timesteps | 21228    |
| train/             |          |
|    actor_loss      | -108     |
|    critic_loss     | 159      |
|    ent_coef        | 0.001    |
|    learning_rate   | 0.0003   |
|    n_updates       | 754605   |
---------------------------------
---------------------------------
| rollout/           |          |
|    ep_len_mean     | 86.7     |
|    ep_rew_mean     | -17.8    |
|    success_rate    | 0.31     |
| time/              |          |
|    episodes        | 412      |
|    fps             | 91       |
|    time_elapsed    | 237      |
|    total_timesteps | 21808    |
| train/             |          |
|    actor_loss      | -113     |
|    critic_loss     | 72.9     |
|    ent_coef        | 0.001    |
|    learning_rate   | 0.0003   |
|    n_updates       | 754750   |
---------------------------------
---------------------------------
| rollout/           |          |
|    ep_len_mean     | 86.3     |
|    ep_rew_mean     | -17.2    |
|    success_rate    | 0.29     |
| time/              |          |
|    episodes        | 416      |
|    fps             | 92       |
|    time_elapsed    | 239      |
|    total_timesteps | 22096    |
| train/             |          |
|    actor_loss      | -107     |
|    critic_loss     | 138      |
|    ent_coef        | 0.001    |
|    learning_rate   | 0.0003   |
|    n_updates       | 754822   |
---------------------------------
---------------------------------
| rollout/           |          |
|    ep_len_mean     | 88.1     |
|    ep_rew_mean     | -16.8    |
|    success_rate    | 0.29     |
| time/              |          |
|    episodes        | 420      |
|    fps             | 92       |
|    time_elapsed    | 243      |
|    total_timesteps | 22512    |
| train/             |          |
|    actor_loss      | -110     |
|    critic_loss     | 152      |
|    ent_coef        | 0.001    |
|    learning_rate   | 0.0003   |
|    n_updates       | 754926   |
---------------------------------
---------------------------------
| rollout/           |          |
|    ep_len_mean     | 89.5     |
|    ep_rew_mean     | -17      |
|    success_rate    | 0.27     |
| time/              |          |
|    episodes        | 424      |
|    fps             | 92       |
|    time_elapsed    | 246      |
|    total_timesteps | 22864    |
| train/             |          |
|    actor_loss      | -108     |
|    critic_loss     | 41.6     |
|    ent_coef        | 0.001    |
|    learning_rate   | 0.0003   |
|    n_updates       | 755014   |
---------------------------------
---------------------------------
| rollout/           |          |
|    ep_len_mean     | 90.3     |
|    ep_rew_mean     | -17.4    |
|    success_rate    | 0.26     |
| time/              |          |
|    episodes        | 428      |
|    fps             | 92       |
|    time_elapsed    | 249      |
|    total_timesteps | 23228    |
| train/             |          |
|    actor_loss      | -110     |
|    critic_loss     | 52.8     |
|    ent_coef        | 0.001    |
|    learning_rate   | 0.0003   |
|    n_updates       | 755105   |
---------------------------------
---------------------------------
| rollout/           |          |
|    ep_len_mean     | 85.1     |
|    ep_rew_mean     | -16.6    |
|    success_rate    | 0.26     |
| time/              |          |
|    episodes        | 432      |
|    fps             | 93       |
|    time_elapsed    | 251      |
|    total_timesteps | 23408    |
| train/             |          |
|    actor_loss      | -110     |
|    critic_loss     | 53.9     |
|    ent_coef        | 0.001    |
|    learning_rate   | 0.0003   |
|    n_updates       | 755150   |
---------------------------------
---------------------------------
| rollout/           |          |
|    ep_len_mean     | 86.6     |
|    ep_rew_mean     | -17.2    |
|    success_rate    | 0.25     |
| time/              |          |
|    episodes        | 436      |
|    fps             | 93       |
|    time_elapsed    | 253      |
|    total_timesteps | 23624    |
| train/             |          |
|    actor_loss      | -110     |
|    critic_loss     | 101      |
|    ent_coef        | 0.001    |
|    learning_rate   | 0.0003   |
|    n_updates       | 755204   |
---------------------------------
---------------------------------
| rollout/           |          |
|    ep_len_mean     | 91.1     |
|    ep_rew_mean     | -17.4    |
|    success_rate    | 0.26     |
| time/              |          |
|    episodes        | 440      |
|    fps             | 93       |
|    time_elapsed    | 258      |
|    total_timesteps | 24120    |
| train/             |          |
|    actor_loss      | -109     |
|    critic_loss     | 71.8     |
|    ent_coef        | 0.001    |
|    learning_rate   | 0.0003   |
|    n_updates       | 755328   |
---------------------------------
---------------------------------
| rollout/           |          |
|    ep_len_mean     | 93.4     |
|    ep_rew_mean     | -16.7    |
|    success_rate    | 0.29     |
| time/              |          |
|    episodes        | 444      |
|    fps             | 93       |
|    time_elapsed    | 259      |
|    total_timesteps | 24292    |
| train/             |          |
|    actor_loss      | -110     |
|    critic_loss     | 34.4     |
|    ent_coef        | 0.001    |
|    learning_rate   | 0.0003   |
|    n_updates       | 755371   |
---------------------------------
---------------------------------
| rollout/           |          |
|    ep_len_mean     | 95.4     |
|    ep_rew_mean     | -17.5    |
|    success_rate    | 0.26     |
| time/              |          |
|    episodes        | 448      |
|    fps             | 93       |
|    time_elapsed    | 264      |
|    total_timesteps | 24844    |
| train/             |          |
|    actor_loss      | -112     |
|    critic_loss     | 18.9     |
|    ent_coef        | 0.001    |
|    learning_rate   | 0.0003   |
|    n_updates       | 755509   |
---------------------------------
---------------------------------
| rollout/           |          |
|    ep_len_mean     | 98.6     |
|    ep_rew_mean     | -18.5    |
|    success_rate    | 0.23     |
| time/              |          |
|    episodes        | 452      |
|    fps             | 94       |
|    time_elapsed    | 265      |
|    total_timesteps | 24992    |
| train/             |          |
|    actor_loss      | -110     |
|    critic_loss     | 84.4     |
|    ent_coef        | 0.001    |
|    learning_rate   | 0.0003   |
|    n_updates       | 755546   |
---------------------------------
---------------------------------
| rollout/           |          |
|    ep_len_mean     | 97.7     |
|    ep_rew_mean     | -18.9    |
|    success_rate    | 0.23     |
| time/              |          |
|    episodes        | 456      |
|    fps             | 94       |
|    time_elapsed    | 269      |
|    total_timesteps | 25456    |
| train/             |          |
|    actor_loss      | -107     |
|    critic_loss     | 87.6     |
|    ent_coef        | 0.001    |
|    learning_rate   | 0.0003   |
|    n_updates       | 755662   |
---------------------------------
---------------------------------
| rollout/           |          |
|    ep_len_mean     | 97.6     |
|    ep_rew_mean     | -22.6    |
|    success_rate    | 0.2      |
| time/              |          |
|    episodes        | 460      |
|    fps             | 94       |
|    time_elapsed    | 271      |
|    total_timesteps | 25672    |
| train/             |          |
|    actor_loss      | -110     |
|    critic_loss     | 28.6     |
|    ent_coef        | 0.001    |
|    learning_rate   | 0.0003   |
|    n_updates       | 755716   |
---------------------------------
---------------------------------
| rollout/           |          |
|    ep_len_mean     | 99.2     |
|    ep_rew_mean     | -23      |
|    success_rate    | 0.18     |
| time/              |          |
|    episodes        | 464      |
|    fps             | 95       |
|    time_elapsed    | 276      |
|    total_timesteps | 26352    |
| train/             |          |
|    actor_loss      | -114     |
|    critic_loss     | 57       |
|    ent_coef        | 0.001    |
|    learning_rate   | 0.0003   |
|    n_updates       | 755886   |
---------------------------------
---------------------------------
| rollout/           |          |
|    ep_len_mean     | 97.2     |
|    ep_rew_mean     | -23.2    |
|    success_rate    | 0.17     |
| time/              |          |
|    episodes        | 468      |
|    fps             | 95       |
|    time_elapsed    | 277      |
|    total_timesteps | 26476    |
| train/             |          |
|    actor_loss      | -112     |
|    critic_loss     | 49.7     |
|    ent_coef        | 0.001    |
|    learning_rate   | 0.0003   |
|    n_updates       | 755917   |
---------------------------------
---------------------------------
| rollout/           |          |
|    ep_len_mean     | 97.6     |
|    ep_rew_mean     | -22.5    |
|    success_rate    | 0.17     |
| time/              |          |
|    episodes        | 472      |
|    fps             | 95       |
|    time_elapsed    | 282      |
|    total_timesteps | 27052    |
| train/             |          |
|    actor_loss      | -113     |
|    critic_loss     | 73.7     |
|    ent_coef        | 0.001    |
|    learning_rate   | 0.0003   |
|    n_updates       | 756061   |
---------------------------------
---------------------------------
| rollout/           |          |
|    ep_len_mean     | 95.7     |
|    ep_rew_mean     | -23.1    |
|    success_rate    | 0.16     |
| time/              |          |
|    episodes        | 476      |
|    fps             | 95       |
|    time_elapsed    | 284      |
|    total_timesteps | 27300    |
| train/             |          |
|    actor_loss      | -110     |
|    critic_loss     | 24.7     |
|    ent_coef        | 0.001    |
|    learning_rate   | 0.0003   |
|    n_updates       | 756123   |
---------------------------------
---------------------------------
| rollout/           |          |
|    ep_len_mean     | 95.9     |
|    ep_rew_mean     | -22.9    |
|    success_rate    | 0.17     |
| time/              |          |
|    episodes        | 480      |
|    fps             | 96       |
|    time_elapsed    | 287      |
|    total_timesteps | 27600    |
| train/             |          |
|    actor_loss      | -116     |
|    critic_loss     | 47.5     |
|    ent_coef        | 0.001    |
|    learning_rate   | 0.0003   |
|    n_updates       | 756198   |
---------------------------------
---------------------------------
| rollout/           |          |
|    ep_len_mean     | 95.7     |
|    ep_rew_mean     | -24.3    |
|    success_rate    | 0.16     |
| time/              |          |
|    episodes        | 484      |
|    fps             | 96       |
|    time_elapsed    | 290      |
|    total_timesteps | 28012    |
| train/             |          |
|    actor_loss      | -115     |
|    critic_loss     | 138      |
|    ent_coef        | 0.001    |
|    learning_rate   | 0.0003   |
|    n_updates       | 756301   |
---------------------------------
---------------------------------
| rollout/           |          |
|    ep_len_mean     | 95.7     |
|    ep_rew_mean     | -23.8    |
|    success_rate    | 0.16     |
| time/              |          |
|    episodes        | 488      |
|    fps             | 96       |
|    time_elapsed    | 294      |
|    total_timesteps | 28504    |
| train/             |          |
|    actor_loss      | -117     |
|    critic_loss     | 37       |
|    ent_coef        | 0.001    |
|    learning_rate   | 0.0003   |
|    n_updates       | 756424   |
---------------------------------
---------------------------------
| rollout/           |          |
|    ep_len_mean     | 96.2     |
|    ep_rew_mean     | -23.6    |
|    success_rate    | 0.18     |
| time/              |          |
|    episodes        | 492      |
|    fps             | 96       |
|    time_elapsed    | 296      |
|    total_timesteps | 28744    |
| train/             |          |
|    actor_loss      | -117     |
|    critic_loss     | 123      |
|    ent_coef        | 0.001    |
|    learning_rate   | 0.0003   |
|    n_updates       | 756484   |
---------------------------------
---------------------------------
| rollout/           |          |
|    ep_len_mean     | 92.6     |
|    ep_rew_mean     | -24.8    |
|    success_rate    | 0.17     |
| time/              |          |
|    episodes        | 496      |
|    fps             | 97       |
|    time_elapsed    | 299      |
|    total_timesteps | 29044    |
| train/             |          |
|    actor_loss      | -115     |
|    critic_loss     | 69       |
|    ent_coef        | 0.001    |
|    learning_rate   | 0.0003   |
|    n_updates       | 756559   |
---------------------------------
---------------------------------
| rollout/           |          |
|    ep_len_mean     | 91.8     |
|    ep_rew_mean     | -23.9    |
|    success_rate    | 0.17     |
| time/              |          |
|    episodes        | 500      |
|    fps             | 97       |
|    time_elapsed    | 301      |
|    total_timesteps | 29432    |
| train/             |          |
|    actor_loss      | -117     |
|    critic_loss     | 58.8     |
|    ent_coef        | 0.001    |
|    learning_rate   | 0.0003   |
|    n_updates       | 756656   |
---------------------------------
---------------------------------
| rollout/           |          |
|    ep_len_mean     | 89.4     |
|    ep_rew_mean     | -23.9    |
|    success_rate    | 0.19     |
| time/              |          |
|    episodes        | 504      |
|    fps             | 97       |
|    time_elapsed    | 305      |
|    total_timesteps | 29852    |
| train/             |          |
|    actor_loss      | -118     |
|    critic_loss     | 66.2     |
|    ent_coef        | 0.001    |
|    learning_rate   | 0.0003   |
|    n_updates       | 756761   |
---------------------------------
---------------------------------
| rollout/           |          |
|    ep_len_mean     | 87.6     |
|    ep_rew_mean     | -23.9    |
|    success_rate    | 0.19     |
| time/              |          |
|    episodes        | 508      |
|    fps             | 97       |
|    time_elapsed    | 306      |
|    total_timesteps | 29900    |
| train/             |          |
|    actor_loss      | -115     |
|    critic_loss     | 113      |
|    ent_coef        | 0.001    |
|    learning_rate   | 0.0003   |
|    n_updates       | 756773   |
---------------------------------
Eval num_timesteps=30000, episode_reward=-61.45 +/- 65.17
Episode length: 130.14 +/- 65.59
Success rate: 30.00%
---------------------------------
| eval/              |          |
|    mean_ep_length  | 130      |
|    mean_reward     | -61.5    |
|    success_rate    | 0.3      |
| time/              |          |
|    total_timesteps | 30000    |
| train/             |          |
|    actor_loss      | -117     |
|    critic_loss     | 113      |
|    ent_coef        | 0.001    |
|    learning_rate   | 0.0003   |
|    n_updates       | 756798   |
---------------------------------
[DenseSuccessCallback - transit] New best: 30.0% -> ./checkpoints/dense_refinement_20260423_235832/best_model_transit.zip
Eval num_timesteps=30000, episode_reward=-16.64 +/- 7.08
Episode length: 36.16 +/- 69.44
Success rate: 4.00%
---------------------------------
| eval/              |          |
|    mean_ep_length  | 36.2     |
|    mean_reward     | -16.6    |
|    success_rate    | 0.04     |
| time/              |          |
|    total_timesteps | 30000    |
---------------------------------
Eval num_timesteps=30000, episode_reward=-20.22 +/- 0.11
Episode length: 1.38 +/- 0.52
Success rate: 0.00%
---------------------------------
| eval/              |          |
|    mean_ep_length  | 1.38     |
|    mean_reward     | -20.2    |
|    success_rate    | 0        |
| time/              |          |
|    total_timesteps | 30000    |
---------------------------------
---------------------------------
| rollout/           |          |
|    ep_len_mean     | 82.8     |
|    ep_rew_mean     | -23.2    |
|    success_rate    | 0.18     |
| time/              |          |
|    episodes        | 512      |
|    fps             | 87       |
|    time_elapsed    | 342      |
|    total_timesteps | 30168    |
| train/             |          |
|    actor_loss      | -116     |
|    critic_loss     | 132      |
|    ent_coef        | 0.001    |
|    learning_rate   | 0.0003   |
|    n_updates       | 756840   |
---------------------------------
---------------------------------
| rollout/           |          |
|    ep_len_mean     | 83.2     |
|    ep_rew_mean     | -24.6    |
|    success_rate    | 0.19     |
| time/              |          |
|    episodes        | 516      |
|    fps             | 88       |
|    time_elapsed    | 346      |
|    total_timesteps | 30564    |
| train/             |          |
|    actor_loss      | -118     |
|    critic_loss     | 88.6     |
|    ent_coef        | 0.001    |
|    learning_rate   | 0.0003   |
|    n_updates       | 756939   |
---------------------------------
---------------------------------
| rollout/           |          |
|    ep_len_mean     | 83.2     |
|    ep_rew_mean     | -24.9    |
|    success_rate    | 0.2      |
| time/              |          |
|    episodes        | 520      |
|    fps             | 88       |
|    time_elapsed    | 349      |
|    total_timesteps | 30944    |
| train/             |          |
|    actor_loss      | -117     |
|    critic_loss     | 54.6     |
|    ent_coef        | 0.001    |
|    learning_rate   | 0.0003   |
|    n_updates       | 757034   |
---------------------------------
---------------------------------
| rollout/           |          |
|    ep_len_mean     | 83.2     |
|    ep_rew_mean     | -26.1    |
|    success_rate    | 0.2      |
| time/              |          |
|    episodes        | 524      |
|    fps             | 88       |
|    time_elapsed    | 352      |
|    total_timesteps | 31312    |
| train/             |          |
|    actor_loss      | -120     |
|    critic_loss     | 54.4     |
|    ent_coef        | 0.001    |
|    learning_rate   | 0.0003   |
|    n_updates       | 757126   |
---------------------------------
---------------------------------
| rollout/           |          |
|    ep_len_mean     | 84.2     |
|    ep_rew_mean     | -25.4    |
|    success_rate    | 0.2      |
| time/              |          |
|    episodes        | 528      |
|    fps             | 89       |
|    time_elapsed    | 355      |
|    total_timesteps | 31656    |
| train/             |          |
|    actor_loss      | -115     |
|    critic_loss     | 54.8     |
|    ent_coef        | 0.001    |
|    learning_rate   | 0.0003   |
|    n_updates       | 757212   |
---------------------------------
---------------------------------
| rollout/           |          |
|    ep_len_mean     | 88       |
|    ep_rew_mean     | -26.9    |
|    success_rate    | 0.19     |
| time/              |          |
|    episodes        | 532      |
|    fps             | 89       |
|    time_elapsed    | 357      |
|    total_timesteps | 32012    |
| train/             |          |
|    actor_loss      | -123     |
|    critic_loss     | 53.5     |
|    ent_coef        | 0.001    |
|    learning_rate   | 0.0003   |
|    n_updates       | 757301   |
---------------------------------
---------------------------------
| rollout/           |          |
|    ep_len_mean     | 89.9     |
|    ep_rew_mean     | -27.1    |
|    success_rate    | 0.19     |
| time/              |          |
|    episodes        | 536      |
|    fps             | 89       |
|    time_elapsed    | 362      |
|    total_timesteps | 32648    |
| train/             |          |
|    actor_loss      | -120     |
|    critic_loss     | 148      |
|    ent_coef        | 0.001    |
|    learning_rate   | 0.0003   |
|    n_updates       | 757460   |
---------------------------------
---------------------------------
| rollout/           |          |
|    ep_len_mean     | 87.9     |
|    ep_rew_mean     | -26.5    |
|    success_rate    | 0.19     |
| time/              |          |
|    episodes        | 540      |
|    fps             | 90       |
|    time_elapsed    | 364      |
|    total_timesteps | 32812    |
| train/             |          |
|    actor_loss      | -119     |
|    critic_loss     | 36.9     |
|    ent_coef        | 0.001    |
|    learning_rate   | 0.0003   |
|    n_updates       | 757501   |
---------------------------------
---------------------------------
| rollout/           |          |
|    ep_len_mean     | 86.8     |
|    ep_rew_mean     | -26.7    |
|    success_rate    | 0.18     |
| time/              |          |
|    episodes        | 544      |
|    fps             | 90       |
|    time_elapsed    | 366      |
|    total_timesteps | 32972    |
| train/             |          |
|    actor_loss      | -119     |
|    critic_loss     | 51.5     |
|    ent_coef        | 0.001    |
|    learning_rate   | 0.0003   |
|    n_updates       | 757541   |
---------------------------------
---------------------------------
| rollout/           |          |
|    ep_len_mean     | 89.4     |
|    ep_rew_mean     | -27.4    |
|    success_rate    | 0.19     |
| time/              |          |
|    episodes        | 548      |
|    fps             | 90       |
|    time_elapsed    | 370      |
|    total_timesteps | 33560    |
| train/             |          |
|    actor_loss      | -119     |
|    critic_loss     | 35.7     |
|    ent_coef        | 0.001    |
|    learning_rate   | 0.0003   |
|    n_updates       | 757688   |
---------------------------------
---------------------------------
| rollout/           |          |
|    ep_len_mean     | 89.2     |
|    ep_rew_mean     | -27.4    |
|    success_rate    | 0.18     |
| time/              |          |
|    episodes        | 552      |
|    fps             | 91       |
|    time_elapsed    | 374      |
|    total_timesteps | 34104    |
| train/             |          |
|    actor_loss      | -120     |
|    critic_loss     | 56       |
|    ent_coef        | 0.001    |
|    learning_rate   | 0.0003   |
|    n_updates       | 757824   |
---------------------------------
---------------------------------
| rollout/           |          |
|    ep_len_mean     | 89.8     |
|    ep_rew_mean     | -27.4    |
|    success_rate    | 0.17     |
| time/              |          |
|    episodes        | 556      |
|    fps             | 91       |
|    time_elapsed    | 376      |
|    total_timesteps | 34284    |
| train/             |          |
|    actor_loss      | -119     |
|    critic_loss     | 34.5     |
|    ent_coef        | 0.001    |
|    learning_rate   | 0.0003   |
|    n_updates       | 757869   |
---------------------------------
---------------------------------
| rollout/           |          |
|    ep_len_mean     | 90       |
|    ep_rew_mean     | -23.8    |
|    success_rate    | 0.18     |
| time/              |          |
|    episodes        | 560      |
|    fps             | 91       |
|    time_elapsed    | 380      |
|    total_timesteps | 34828    |
| train/             |          |
|    actor_loss      | -123     |
|    critic_loss     | 102      |
|    ent_coef        | 0.001    |
|    learning_rate   | 0.0003   |
|    n_updates       | 758005   |
---------------------------------
---------------------------------
| rollout/           |          |
|    ep_len_mean     | 91.7     |
|    ep_rew_mean     | -23.6    |
|    success_rate    | 0.19     |
| time/              |          |
|    episodes        | 564      |
|    fps             | 92       |
|    time_elapsed    | 385      |
|    total_timesteps | 35528    |
| train/             |          |
|    actor_loss      | -123     |
|    critic_loss     | 49.2     |
|    ent_coef        | 0.001    |
|    learning_rate   | 0.0003   |
|    n_updates       | 758180   |
---------------------------------
---------------------------------
| rollout/           |          |
|    ep_len_mean     | 94.8     |
|    ep_rew_mean     | -23.9    |
|    success_rate    | 0.2      |
| time/              |          |
|    episodes        | 568      |
|    fps             | 92       |
|    time_elapsed    | 390      |
|    total_timesteps | 36096    |
| train/             |          |
|    actor_loss      | -119     |
|    critic_loss     | 42.4     |
|    ent_coef        | 0.001    |
|    learning_rate   | 0.0003   |
|    n_updates       | 758322   |
---------------------------------
---------------------------------
| rollout/           |          |
|    ep_len_mean     | 94.4     |
|    ep_rew_mean     | -30      |
|    success_rate    | 0.19     |
| time/              |          |
|    episodes        | 572      |
|    fps             | 92       |
|    time_elapsed    | 393      |
|    total_timesteps | 36476    |
| train/             |          |
|    actor_loss      | -122     |
|    critic_loss     | 79.1     |
|    ent_coef        | 0.001    |
|    learning_rate   | 0.0003   |
|    n_updates       | 758417   |
---------------------------------
---------------------------------
| rollout/           |          |
|    ep_len_mean     | 94.6     |
|    ep_rew_mean     | -30.5    |
|    success_rate    | 0.2      |
| time/              |          |
|    episodes        | 576      |
|    fps             | 93       |
|    time_elapsed    | 395      |
|    total_timesteps | 36824    |
| train/             |          |
|    actor_loss      | -121     |
|    critic_loss     | 90.7     |
|    ent_coef        | 0.001    |
|    learning_rate   | 0.0003   |
|    n_updates       | 758504   |
---------------------------------
---------------------------------
| rollout/           |          |
|    ep_len_mean     | 96.2     |
|    ep_rew_mean     | -31.1    |
|    success_rate    | 0.19     |
| time/              |          |
|    episodes        | 580      |
|    fps             | 93       |
|    time_elapsed    | 398      |
|    total_timesteps | 37188    |
| train/             |          |
|    actor_loss      | -119     |
|    critic_loss     | 70.8     |
|    ent_coef        | 0.001    |
|    learning_rate   | 0.0003   |
|    n_updates       | 758595   |
---------------------------------
---------------------------------
| rollout/           |          |
|    ep_len_mean     | 96.6     |
|    ep_rew_mean     | -30.5    |
|    success_rate    | 0.2      |
| time/              |          |
|    episodes        | 584      |
|    fps             | 93       |
|    time_elapsed    | 402      |
|    total_timesteps | 37628    |
| train/             |          |
|    actor_loss      | -120     |
|    critic_loss     | 42.7     |
|    ent_coef        | 0.001    |
|    learning_rate   | 0.0003   |
|    n_updates       | 758705   |
---------------------------------
---------------------------------
| rollout/           |          |
|    ep_len_mean     | 93.2     |
|    ep_rew_mean     | -31      |
|    success_rate    | 0.2      |
| time/              |          |
|    episodes        | 588      |
|    fps             | 93       |
|    time_elapsed    | 404      |
|    total_timesteps | 37800    |
| train/             |          |
|    actor_loss      | -121     |
|    critic_loss     | 81       |
|    ent_coef        | 0.001    |
|    learning_rate   | 0.0003   |
|    n_updates       | 758748   |
---------------------------------
---------------------------------
| rollout/           |          |
|    ep_len_mean     | 91       |
|    ep_rew_mean     | -31.5    |
|    success_rate    | 0.18     |
| time/              |          |
|    episodes        | 592      |
|    fps             | 93       |
|    time_elapsed    | 405      |
|    total_timesteps | 38016    |
| train/             |          |
|    actor_loss      | -123     |
|    critic_loss     | 67.3     |
|    ent_coef        | 0.001    |
|    learning_rate   | 0.0003   |
|    n_updates       | 758802   |
---------------------------------
---------------------------------
| rollout/           |          |
|    ep_len_mean     | 92.8     |
|    ep_rew_mean     | -29.8    |
|    success_rate    | 0.19     |
| time/              |          |
|    episodes        | 596      |
|    fps             | 93       |
|    time_elapsed    | 408      |
|    total_timesteps | 38328    |
| train/             |          |
|    actor_loss      | -116     |
|    critic_loss     | 69.3     |
|    ent_coef        | 0.001    |
|    learning_rate   | 0.0003   |
|    n_updates       | 758880   |
---------------------------------
---------------------------------
| rollout/           |          |
|    ep_len_mean     | 94.3     |
|    ep_rew_mean     | -30      |
|    success_rate    | 0.18     |
| time/              |          |
|    episodes        | 600      |
|    fps             | 94       |
|    time_elapsed    | 412      |
|    total_timesteps | 38868    |
| train/             |          |
|    actor_loss      | -120     |
|    critic_loss     | 36.9     |
|    ent_coef        | 0.001    |
|    learning_rate   | 0.0003   |
|    n_updates       | 759015   |
---------------------------------
---------------------------------
| rollout/           |          |
|    ep_len_mean     | 94.8     |
|    ep_rew_mean     | -30.6    |
|    success_rate    | 0.16     |
| time/              |          |
|    episodes        | 604      |
|    fps             | 94       |
|    time_elapsed    | 415      |
|    total_timesteps | 39264    |
| train/             |          |
|    actor_loss      | -120     |
|    critic_loss     | 97.8     |
|    ent_coef        | 0.001    |
|    learning_rate   | 0.0003   |
|    n_updates       | 759114   |
---------------------------------
---------------------------------
| rollout/           |          |
|    ep_len_mean     | 96.7     |
|    ep_rew_mean     | -30.6    |
|    success_rate    | 0.17     |
| time/              |          |
|    episodes        | 608      |
|    fps             | 94       |
|    time_elapsed    | 419      |
|    total_timesteps | 39688    |
| train/             |          |
|    actor_loss      | -123     |
|    critic_loss     | 72       |
|    ent_coef        | 0.001    |
|    learning_rate   | 0.0003   |
|    n_updates       | 759220   |
---------------------------------
---------------------------------
| rollout/           |          |
|    ep_len_mean     | 96.8     |
|    ep_rew_mean     | -30.6    |
|    success_rate    | 0.18     |
| time/              |          |
|    episodes        | 612      |
|    fps             | 94       |
|    time_elapsed    | 420      |
|    total_timesteps | 39816    |
| train/             |          |
|    actor_loss      | -125     |
|    critic_loss     | 31.8     |
|    ent_coef        | 0.001    |
|    learning_rate   | 0.0003   |
|    n_updates       | 759252   |
---------------------------------
Eval num_timesteps=40000, episode_reward=-53.39 +/- 32.44
Episode length: 155.42 +/- 49.12
Success rate: 12.00%
---------------------------------
| eval/              |          |
|    mean_ep_length  | 155      |
|    mean_reward     | -53.4    |
|    success_rate    | 0.12     |
| time/              |          |
|    total_timesteps | 40000    |
| train/             |          |
|    actor_loss      | -122     |
|    critic_loss     | 50.2     |
|    ent_coef        | 0.001    |
|    learning_rate   | 0.0003   |
|    n_updates       | 759298   |
---------------------------------
Eval num_timesteps=40000, episode_reward=-17.28 +/- 6.24
Episode length: 32.48 +/- 66.78
Success rate: 2.00%
---------------------------------
| eval/              |          |
|    mean_ep_length  | 32.5     |
|    mean_reward     | -17.3    |
|    success_rate    | 0.02     |
| time/              |          |
|    total_timesteps | 40000    |
---------------------------------
Eval num_timesteps=40000, episode_reward=-20.30 +/- 0.13
Episode length: 1.90 +/- 1.39
Success rate: 0.00%
---------------------------------
| eval/              |          |
|    mean_ep_length  | 1.9      |
|    mean_reward     | -20.3    |
|    success_rate    | 0        |
| time/              |          |
|    total_timesteps | 40000    |
---------------------------------
---------------------------------
| rollout/           |          |
|    ep_len_mean     | 98.2     |
|    ep_rew_mean     | -30.8    |
|    success_rate    | 0.17     |
| time/              |          |
|    episodes        | 616      |
|    fps             | 87       |
|    time_elapsed    | 460      |
|    total_timesteps | 40400    |
| train/             |          |
|    actor_loss      | -121     |
|    critic_loss     | 47.5     |
|    ent_coef        | 0.001    |
|    learning_rate   | 0.0003   |
|    n_updates       | 759398   |
---------------------------------
---------------------------------
| rollout/           |          |
|    ep_len_mean     | 98.4     |
|    ep_rew_mean     | -30.4    |
|    success_rate    | 0.17     |
| time/              |          |
|    episodes        | 620      |
|    fps             | 87       |
|    time_elapsed    | 463      |
|    total_timesteps | 40804    |
| train/             |          |
|    actor_loss      | -123     |
|    critic_loss     | 29.7     |
|    ent_coef        | 0.001    |
|    learning_rate   | 0.0003   |
|    n_updates       | 759499   |
---------------------------------
---------------------------------
| rollout/           |          |
|    ep_len_mean     | 96.7     |
|    ep_rew_mean     | -29.1    |
|    success_rate    | 0.17     |
| time/              |          |
|    episodes        | 624      |
|    fps             | 87       |
|    time_elapsed    | 464      |
|    total_timesteps | 40872    |
| train/             |          |
|    actor_loss      | -125     |
|    critic_loss     | 92       |
|    ent_coef        | 0.001    |
|    learning_rate   | 0.0003   |
|    n_updates       | 759516   |
---------------------------------
---------------------------------
| rollout/           |          |
|    ep_len_mean     | 98       |
|    ep_rew_mean     | -29.4    |
|    success_rate    | 0.16     |
| time/              |          |
|    episodes        | 628      |
|    fps             | 88       |
|    time_elapsed    | 469      |
|    total_timesteps | 41516    |
| train/             |          |
|    actor_loss      | -127     |
|    critic_loss     | 57.3     |
|    ent_coef        | 0.001    |
|    learning_rate   | 0.0003   |
|    n_updates       | 759677   |
---------------------------------
---------------------------------
| rollout/           |          |
|    ep_len_mean     | 95.7     |
|    ep_rew_mean     | -28.1    |
|    success_rate    | 0.16     |
| time/              |          |
|    episodes        | 632      |
|    fps             | 88       |
|    time_elapsed    | 470      |
|    total_timesteps | 41596    |
| train/             |          |
|    actor_loss      | -124     |
|    critic_loss     | 29.6     |
|    ent_coef        | 0.001    |
|    learning_rate   | 0.0003   |
|    n_updates       | 759697   |
---------------------------------
---------------------------------
| rollout/           |          |
|    ep_len_mean     | 95.3     |
|    ep_rew_mean     | -28.8    |
|    success_rate    | 0.15     |
| time/              |          |
|    episodes        | 636      |
|    fps             | 88       |
|    time_elapsed    | 475      |
|    total_timesteps | 42236    |
| train/             |          |
|    actor_loss      | -125     |
|    critic_loss     | 29.7     |
|    ent_coef        | 0.001    |
|    learning_rate   | 0.0003   |
|    n_updates       | 759857   |
---------------------------------
---------------------------------
| rollout/           |          |
|    ep_len_mean     | 98       |
|    ep_rew_mean     | -31.9    |
|    success_rate    | 0.13     |
| time/              |          |
|    episodes        | 640      |
|    fps             | 89       |
|    time_elapsed    | 478      |
|    total_timesteps | 42616    |
| train/             |          |
|    actor_loss      | -127     |
|    critic_loss     | 67.6     |
|    ent_coef        | 0.001    |
|    learning_rate   | 0.0003   |
|    n_updates       | 759952   |
---------------------------------
---------------------------------
| rollout/           |          |
|    ep_len_mean     | 100      |
|    ep_rew_mean     | -32.5    |
|    success_rate    | 0.11     |
| time/              |          |
|    episodes        | 644      |
|    fps             | 89       |
|    time_elapsed    | 481      |
|    total_timesteps | 43008    |
| train/             |          |
|    actor_loss      | -123     |
|    critic_loss     | 37.7     |
|    ent_coef        | 0.001    |
|    learning_rate   | 0.0003   |
|    n_updates       | 760050   |
---------------------------------
---------------------------------
| rollout/           |          |
|    ep_len_mean     | 97.6     |
|    ep_rew_mean     | -32.1    |
|    success_rate    | 0.1      |
| time/              |          |
|    episodes        | 648      |
|    fps             | 89       |
|    time_elapsed    | 484      |
|    total_timesteps | 43384    |
| train/             |          |
|    actor_loss      | -128     |
|    critic_loss     | 89.3     |
|    ent_coef        | 0.001    |
|    learning_rate   | 0.0003   |
|    n_updates       | 760144   |
---------------------------------
---------------------------------
| rollout/           |          |
|    ep_len_mean     | 99.4     |
|    ep_rew_mean     | -33.5    |
|    success_rate    | 0.1      |
| time/              |          |
|    episodes        | 652      |
|    fps             | 89       |
|    time_elapsed    | 489      |
|    total_timesteps | 43924    |
| train/             |          |
|    actor_loss      | -128     |
|    critic_loss     | 24.8     |
|    ent_coef        | 0.001    |
|    learning_rate   | 0.0003   |
|    n_updates       | 760279   |
---------------------------------
---------------------------------
| rollout/           |          |
|    ep_len_mean     | 100      |
|    ep_rew_mean     | -34.1    |
|    success_rate    | 0.11     |
| time/              |          |
|    episodes        | 656      |
|    fps             | 90       |
|    time_elapsed    | 493      |
|    total_timesteps | 44424    |
| train/             |          |
|    actor_loss      | -130     |
|    critic_loss     | 70.1     |
|    ent_coef        | 0.001    |
|    learning_rate   | 0.0003   |
|    n_updates       | 760404   |
---------------------------------
---------------------------------
| rollout/           |          |
|    ep_len_mean     | 98.2     |
|    ep_rew_mean     | -34.4    |
|    success_rate    | 0.1      |
| time/              |          |
|    episodes        | 660      |
|    fps             | 90       |
|    time_elapsed    | 495      |
|    total_timesteps | 44636    |
| train/             |          |
|    actor_loss      | -129     |
|    critic_loss     | 85.3     |
|    ent_coef        | 0.001    |
|    learning_rate   | 0.0003   |
|    n_updates       | 760457   |
---------------------------------
---------------------------------
| rollout/           |          |
|    ep_len_mean     | 96.5     |
|    ep_rew_mean     | -37.9    |
|    success_rate    | 0.09     |
| time/              |          |
|    episodes        | 664      |
|    fps             | 90       |
|    time_elapsed    | 499      |
|    total_timesteps | 45148    |
| train/             |          |
|    actor_loss      | -126     |
|    critic_loss     | 45.9     |
|    ent_coef        | 0.001    |
|    learning_rate   | 0.0003   |
|    n_updates       | 760585   |
---------------------------------
---------------------------------
| rollout/           |          |
|    ep_len_mean     | 93.4     |
|    ep_rew_mean     | -37.8    |
|    success_rate    | 0.08     |
| time/              |          |
|    episodes        | 668      |
|    fps             | 90       |
|    time_elapsed    | 501      |
|    total_timesteps | 45356    |
| train/             |          |
|    actor_loss      | -128     |
|    critic_loss     | 108      |
|    ent_coef        | 0.001    |
|    learning_rate   | 0.0003   |
|    n_updates       | 760637   |
---------------------------------
---------------------------------
| rollout/           |          |
|    ep_len_mean     | 93.4     |
|    ep_rew_mean     | -32.4    |
|    success_rate    | 0.08     |
| time/              |          |
|    episodes        | 672      |
|    fps             | 90       |
|    time_elapsed    | 505      |
|    total_timesteps | 45860    |
| train/             |          |
|    actor_loss      | -130     |
|    critic_loss     | 62.5     |
|    ent_coef        | 0.001    |
|    learning_rate   | 0.0003   |
|    n_updates       | 760763   |
---------------------------------
---------------------------------
| rollout/           |          |
|    ep_len_mean     | 94.8     |
|    ep_rew_mean     | -32      |
|    success_rate    | 0.07     |
| time/              |          |
|    episodes        | 676      |
|    fps             | 90       |
|    time_elapsed    | 507      |
|    total_timesteps | 46196    |
| train/             |          |
|    actor_loss      | -130     |
|    critic_loss     | 70.6     |
|    ent_coef        | 0.001    |
|    learning_rate   | 0.0003   |
|    n_updates       | 760847   |
---------------------------------
---------------------------------
| rollout/           |          |
|    ep_len_mean     | 94.6     |
|    ep_rew_mean     | -34.4    |
|    success_rate    | 0.07     |
| time/              |          |
|    episodes        | 680      |
|    fps             | 91       |
|    time_elapsed    | 512      |
|    total_timesteps | 46776    |
| train/             |          |
|    actor_loss      | -129     |
|    critic_loss     | 82.7     |
|    ent_coef        | 0.001    |
|    learning_rate   | 0.0003   |
|    n_updates       | 760992   |
---------------------------------
---------------------------------
| rollout/           |          |
|    ep_len_mean     | 95.9     |
|    ep_rew_mean     | -34.1    |
|    success_rate    | 0.06     |
| time/              |          |
|    episodes        | 684      |
|    fps             | 91       |
|    time_elapsed    | 516      |
|    total_timesteps | 47292    |
| train/             |          |
|    actor_loss      | -134     |
|    critic_loss     | 23.7     |
|    ent_coef        | 0.001    |
|    learning_rate   | 0.0003   |
|    n_updates       | 761121   |
---------------------------------
---------------------------------
| rollout/           |          |
|    ep_len_mean     | 99.3     |
|    ep_rew_mean     | -35.2    |
|    success_rate    | 0.06     |
| time/              |          |
|    episodes        | 688      |
|    fps             | 91       |
|    time_elapsed    | 518      |
|    total_timesteps | 47596    |
| train/             |          |
|    actor_loss      | -128     |
|    critic_loss     | 64.6     |
|    ent_coef        | 0.001    |
|    learning_rate   | 0.0003   |
|    n_updates       | 761197   |
---------------------------------
---------------------------------
| rollout/           |          |
|    ep_len_mean     | 103      |
|    ep_rew_mean     | -39      |
|    success_rate    | 0.07     |
| time/              |          |
|    episodes        | 692      |
|    fps             | 92       |
|    time_elapsed    | 523      |
|    total_timesteps | 48192    |
| train/             |          |
|    actor_loss      | -132     |
|    critic_loss     | 40.9     |
|    ent_coef        | 0.001    |
|    learning_rate   | 0.0003   |
|    n_updates       | 761346   |
---------------------------------
---------------------------------
| rollout/           |          |
|    ep_len_mean     | 104      |
|    ep_rew_mean     | -40      |
|    success_rate    | 0.06     |
| time/              |          |
|    episodes        | 696      |
|    fps             | 92       |
|    time_elapsed    | 528      |
|    total_timesteps | 48848    |
| train/             |          |
|    actor_loss      | -131     |
|    critic_loss     | 40.3     |
|    ent_coef        | 0.001    |
|    learning_rate   | 0.0003   |
|    n_updates       | 761510   |
---------------------------------
---------------------------------
| rollout/           |          |
|    ep_len_mean     | 102      |
|    ep_rew_mean     | -41.3    |
|    success_rate    | 0.06     |
| time/              |          |
|    episodes        | 700      |
|    fps             | 92       |
|    time_elapsed    | 529      |
|    total_timesteps | 49008    |
| train/             |          |
|    actor_loss      | -129     |
|    critic_loss     | 38.5     |
|    ent_coef        | 0.001    |
|    learning_rate   | 0.0003   |
|    n_updates       | 761550   |
---------------------------------
---------------------------------
| rollout/           |          |
|    ep_len_mean     | 99.8     |
|    ep_rew_mean     | -40.2    |
|    success_rate    | 0.08     |
| time/              |          |
|    episodes        | 704      |
|    fps             | 92       |
|    time_elapsed    | 531      |
|    total_timesteps | 49232    |
| train/             |          |
|    actor_loss      | -130     |
|    critic_loss     | 147      |
|    ent_coef        | 0.001    |
|    learning_rate   | 0.0003   |
|    n_updates       | 761606   |
---------------------------------
---------------------------------
| rollout/           |          |
|    ep_len_mean     | 99.9     |
|    ep_rew_mean     | -40.7    |
|    success_rate    | 0.08     |
| time/              |          |
|    episodes        | 708      |
|    fps             | 92       |
|    time_elapsed    | 534      |
|    total_timesteps | 49548    |
| train/             |          |
|    actor_loss      | -131     |
|    critic_loss     | 27.1     |
|    ent_coef        | 0.001    |
|    learning_rate   | 0.0003   |
|    n_updates       | 761685   |
---------------------------------
Eval num_timesteps=50000, episode_reward=-121.02 +/- 109.95
Episode length: 156.06 +/- 51.49
Success rate: 4.00%
---------------------------------
| eval/              |          |
|    mean_ep_length  | 156      |
|    mean_reward     | -121     |
|    success_rate    | 0.04     |
| time/              |          |
|    total_timesteps | 50000    |
| train/             |          |
|    actor_loss      | -134     |
|    critic_loss     | 21.2     |
|    ent_coef        | 0.001    |
|    learning_rate   | 0.0003   |
|    n_updates       | 761798   |
---------------------------------
Eval num_timesteps=50000, episode_reward=-14.24 +/- 7.93
Episode length: 85.28 +/- 83.65
Success rate: 4.00%
---------------------------------
| eval/              |          |
|    mean_ep_length  | 85.3     |
|    mean_reward     | -14.2    |
|    success_rate    | 0.04     |
| time/              |          |
|    total_timesteps | 50000    |
---------------------------------
Eval num_timesteps=50000, episode_reward=-20.26 +/- 0.16
Episode length: 1.92 +/- 1.95
Success rate: 0.00%
---------------------------------
| eval/              |          |
|    mean_ep_length  | 1.92     |
|    mean_reward     | -20.3    |
|    success_rate    | 0        |
| time/              |          |
|    total_timesteps | 50000    |
---------------------------------
---------------------------------
| rollout/           |          |
|    ep_len_mean     | 102      |
|    ep_rew_mean     | -51.2    |
|    success_rate    | 0.07     |
| time/              |          |
|    episodes        | 712      |
|    fps             | 85       |
|    time_elapsed    | 582      |
|    total_timesteps | 50012    |
| train/             |          |
|    actor_loss      | -132     |
|    critic_loss     | 44.8     |
|    ent_coef        | 0.001    |
|    learning_rate   | 0.0003   |
|    n_updates       | 761801   |
---------------------------------
---------------------------------
| rollout/           |          |
|    ep_len_mean     | 102      |
|    ep_rew_mean     | -53.6    |
|    success_rate    | 0.07     |
| time/              |          |
|    episodes        | 716      |
|    fps             | 86       |
|    time_elapsed    | 586      |
|    total_timesteps | 50480    |
| train/             |          |
|    actor_loss      | -130     |
|    critic_loss     | 44.7     |
|    ent_coef        | 0.001    |
|    learning_rate   | 0.0003   |
|    n_updates       | 761918   |
---------------------------------
---------------------------------
| rollout/           |          |
|    ep_len_mean     | 102      |
|    ep_rew_mean     | -62.8    |
|    success_rate    | 0.07     |
| time/              |          |
|    episodes        | 720      |
|    fps             | 86       |
|    time_elapsed    | 589      |
|    total_timesteps | 50904    |
| train/             |          |
|    actor_loss      | -131     |
|    critic_loss     | 70       |
|    ent_coef        | 0.001    |
|    learning_rate   | 0.0003   |
|    n_updates       | 762024   |
---------------------------------
---------------------------------
| rollout/           |          |
|    ep_len_mean     | 106      |
|    ep_rew_mean     | -67.4    |
|    success_rate    | 0.07     |
| time/              |          |
|    episodes        | 724      |
|    fps             | 86       |
|    time_elapsed    | 594      |
|    total_timesteps | 51568    |
| train/             |          |
|    actor_loss      | -130     |
|    critic_loss     | 21       |
|    ent_coef        | 0.001    |
|    learning_rate   | 0.0003   |
|    n_updates       | 762190   |
---------------------------------
---------------------------------
| rollout/           |          |
|    ep_len_mean     | 108      |
|    ep_rew_mean     | -71.9    |
|    success_rate    | 0.07     |
| time/              |          |
|    episodes        | 728      |
|    fps             | 87       |
|    time_elapsed    | 600      |
|    total_timesteps | 52268    |
| train/             |          |
|    actor_loss      | -132     |
|    critic_loss     | 33.1     |
|    ent_coef        | 0.001    |
|    learning_rate   | 0.0003   |
|    n_updates       | 762365   |
---------------------------------
---------------------------------
| rollout/           |          |
|    ep_len_mean     | 108      |
|    ep_rew_mean     | -71.9    |
|    success_rate    | 0.07     |
| time/              |          |
|    episodes        | 732      |
|    fps             | 86       |
|    time_elapsed    | 601      |
|    total_timesteps | 52328    |
| train/             |          |
|    actor_loss      | -127     |
|    critic_loss     | 85.4     |
|    ent_coef        | 0.001    |
|    learning_rate   | 0.0003   |
|    n_updates       | 762380   |
---------------------------------
---------------------------------
| rollout/           |          |
|    ep_len_mean     | 107      |
|    ep_rew_mean     | -70.8    |
|    success_rate    | 0.09     |
| time/              |          |
|    episodes        | 736      |
|    fps             | 87       |
|    time_elapsed    | 605      |
|    total_timesteps | 52892    |
| train/             |          |
|    actor_loss      | -128     |
|    critic_loss     | 62.4     |
|    ent_coef        | 0.001    |
|    learning_rate   | 0.0003   |
|    n_updates       | 762521   |
---------------------------------
---------------------------------
| rollout/           |          |
|    ep_len_mean     | 107      |
|    ep_rew_mean     | -68      |
|    success_rate    | 0.1      |
| time/              |          |
|    episodes        | 740      |
|    fps             | 87       |
|    time_elapsed    | 610      |
|    total_timesteps | 53528    |
| train/             |          |
|    actor_loss      | -126     |
|    critic_loss     | 44.6     |
|    ent_coef        | 0.001    |
|    learning_rate   | 0.0003   |
|    n_updates       | 762680   |
---------------------------------
---------------------------------
| rollout/           |          |
|    ep_len_mean     | 109      |
|    ep_rew_mean     | -67.6    |
|    success_rate    | 0.1      |
| time/              |          |
|    episodes        | 744      |
|    fps             | 87       |
|    time_elapsed    | 613      |
|    total_timesteps | 53788    |
| train/             |          |
|    actor_loss      | -132     |
|    critic_loss     | 44.6     |
|    ent_coef        | 0.001    |
|    learning_rate   | 0.0003   |
|    n_updates       | 762745   |
---------------------------------
---------------------------------
| rollout/           |          |
|    ep_len_mean     | 111      |
|    ep_rew_mean     | -69.6    |
|    success_rate    | 0.1      |
| time/              |          |
|    episodes        | 748      |
|    fps             | 88       |
|    time_elapsed    | 617      |
|    total_timesteps | 54440    |
| train/             |          |
|    actor_loss      | -131     |
|    critic_loss     | 25.4     |
|    ent_coef        | 0.001    |
|    learning_rate   | 0.0003   |
|    n_updates       | 762908   |
---------------------------------
---------------------------------
| rollout/           |          |
|    ep_len_mean     | 109      |
|    ep_rew_mean     | -68.2    |
|    success_rate    | 0.1      |
| time/              |          |
|    episodes        | 752      |
|    fps             | 88       |
|    time_elapsed    | 621      |
|    total_timesteps | 54940    |
| train/             |          |
|    actor_loss      | -131     |
|    critic_loss     | 34.8     |
|    ent_coef        | 0.001    |
|    learning_rate   | 0.0003   |
|    n_updates       | 763033   |
---------------------------------
---------------------------------
| rollout/           |          |
|    ep_len_mean     | 109      |
|    ep_rew_mean     | -67.3    |
|    success_rate    | 0.1      |
| time/              |          |
|    episodes        | 756      |
|    fps             | 88       |
|    time_elapsed    | 623      |
|    total_timesteps | 55168    |
| train/             |          |
|    actor_loss      | -133     |
|    critic_loss     | 25.8     |
|    ent_coef        | 0.001    |
|    learning_rate   | 0.0003   |
|    n_updates       | 763090   |
---------------------------------
---------------------------------
| rollout/           |          |
|    ep_len_mean     | 112      |
|    ep_rew_mean     | -67.2    |
|    success_rate    | 0.1      |
| time/              |          |
|    episodes        | 760      |
|    fps             | 88       |
|    time_elapsed    | 629      |
|    total_timesteps | 55852    |
| train/             |          |
|    actor_loss      | -127     |
|    critic_loss     | 163      |
|    ent_coef        | 0.001    |
|    learning_rate   | 0.0003   |
|    n_updates       | 763261   |
---------------------------------
---------------------------------
| rollout/           |          |
|    ep_len_mean     | 114      |
|    ep_rew_mean     | -63.9    |
|    success_rate    | 0.1      |
| time/              |          |
|    episodes        | 764      |
|    fps             | 89       |
|    time_elapsed    | 634      |
|    total_timesteps | 56552    |
| train/             |          |
|    actor_loss      | -128     |
|    critic_loss     | 162      |
|    ent_coef        | 0.001    |
|    learning_rate   | 0.0003   |
|    n_updates       | 763436   |
---------------------------------
---------------------------------
| rollout/           |          |
|    ep_len_mean     | 116      |
|    ep_rew_mean     | -64.2    |
|    success_rate    | 0.1      |
| time/              |          |
|    episodes        | 768      |
|    fps             | 89       |
|    time_elapsed    | 638      |
|    total_timesteps | 57092    |
| train/             |          |
|    actor_loss      | -126     |
|    critic_loss     | 28.3     |
|    ent_coef        | 0.001    |
|    learning_rate   | 0.0003   |
|    n_updates       | 763571   |
---------------------------------
---------------------------------
| rollout/           |          |
|    ep_len_mean     | 116      |
|    ep_rew_mean     | -65      |
|    success_rate    | 0.1      |
| time/              |          |
|    episodes        | 772      |
|    fps             | 89       |
|    time_elapsed    | 640      |
|    total_timesteps | 57280    |
| train/             |          |
|    actor_loss      | -130     |
|    critic_loss     | 63.3     |
|    ent_coef        | 0.001    |
|    learning_rate   | 0.0003   |
|    n_updates       | 763618   |
---------------------------------
---------------------------------
| rollout/           |          |
|    ep_len_mean     | 113      |
|    ep_rew_mean     | -64.8    |
|    success_rate    | 0.11     |
| time/              |          |
|    episodes        | 776      |
|    fps             | 89       |
|    time_elapsed    | 643      |
|    total_timesteps | 57740    |
| train/             |          |
|    actor_loss      | -134     |
|    critic_loss     | 111      |
|    ent_coef        | 0.001    |
|    learning_rate   | 0.0003   |
|    n_updates       | 763733   |
---------------------------------
---------------------------------
| rollout/           |          |
|    ep_len_mean     | 113      |
|    ep_rew_mean     | -62.4    |
|    success_rate    | 0.11     |
| time/              |          |
|    episodes        | 780      |
|    fps             | 89       |
|    time_elapsed    | 645      |
|    total_timesteps | 57884    |
| train/             |          |
|    actor_loss      | -135     |
|    critic_loss     | 147      |
|    ent_coef        | 0.001    |
|    learning_rate   | 0.0003   |
|    n_updates       | 763769   |
---------------------------------
---------------------------------
| rollout/           |          |
|    ep_len_mean     | 114      |
|    ep_rew_mean     | -62.9    |
|    success_rate    | 0.11     |
| time/              |          |
|    episodes        | 784      |
|    fps             | 90       |
|    time_elapsed    | 650      |
|    total_timesteps | 58584    |
| train/             |          |
|    actor_loss      | -136     |
|    critic_loss     | 113      |
|    ent_coef        | 0.001    |
|    learning_rate   | 0.0003   |
|    n_updates       | 763944   |
---------------------------------
---------------------------------
| rollout/           |          |
|    ep_len_mean     | 114      |
|    ep_rew_mean     | -62.4    |
|    success_rate    | 0.11     |
| time/              |          |
|    episodes        | 788      |
|    fps             | 90       |
|    time_elapsed    | 655      |
|    total_timesteps | 59228    |
| train/             |          |
|    actor_loss      | -131     |
|    critic_loss     | 106      |
|    ent_coef        | 0.001    |
|    learning_rate   | 0.0003   |
|    n_updates       | 764105   |
---------------------------------
---------------------------------
| rollout/           |          |
|    ep_len_mean     | 113      |
|    ep_rew_mean     | -58.1    |
|    success_rate    | 0.11     |
| time/              |          |
|    episodes        | 792      |
|    fps             | 90       |
|    time_elapsed    | 656      |
|    total_timesteps | 59352    |
| train/             |          |
|    actor_loss      | -132     |
|    critic_loss     | 133      |
|    ent_coef        | 0.001    |
|    learning_rate   | 0.0003   |
|    n_updates       | 764136   |
---------------------------------
---------------------------------
| rollout/           |          |
|    ep_len_mean     | 113      |
|    ep_rew_mean     | -57.1    |
|    success_rate    | 0.11     |
| time/              |          |
|    episodes        | 796      |
|    fps             | 90       |
|    time_elapsed    | 661      |
|    total_timesteps | 59996    |
| train/             |          |
|    actor_loss      | -134     |
|    critic_loss     | 86.8     |
|    ent_coef        | 0.001    |
|    learning_rate   | 0.0003   |
|    n_updates       | 764297   |
---------------------------------
Eval num_timesteps=60000, episode_reward=-40.81 +/- 31.80
Episode length: 160.34 +/- 44.28
Success rate: 10.00%
---------------------------------
| eval/              |          |
|    mean_ep_length  | 160      |
|    mean_reward     | -40.8    |
|    success_rate    | 0.1      |
| time/              |          |
|    total_timesteps | 60000    |
| train/             |          |
|    actor_loss      | -133     |
|    critic_loss     | 41.5     |
|    ent_coef        | 0.001    |
|    learning_rate   | 0.0003   |
|    n_updates       | 764298   |
---------------------------------
Eval num_timesteps=60000, episode_reward=-9.41 +/- 7.30
Episode length: 141.66 +/- 66.71
Success rate: 10.00%
---------------------------------
| eval/              |          |
|    mean_ep_length  | 142      |
|    mean_reward     | -9.41    |
|    success_rate    | 0.1      |
| time/              |          |
|    total_timesteps | 60000    |
---------------------------------
Eval num_timesteps=60000, episode_reward=-20.30 +/- 0.15
Episode length: 2.12 +/- 2.02
Success rate: 0.00%
---------------------------------
| eval/              |          |
|    mean_ep_length  | 2.12     |
|    mean_reward     | -20.3    |
|    success_rate    | 0        |
| time/              |          |
|    total_timesteps | 60000    |
---------------------------------
---------------------------------
| rollout/           |          |
|    ep_len_mean     | 111      |
|    ep_rew_mean     | -55.5    |
|    success_rate    | 0.11     |
| time/              |          |
|    episodes        | 800      |
|    fps             | 83       |
|    time_elapsed    | 717      |
|    total_timesteps | 60052    |
| train/             |          |
|    actor_loss      | -134     |
|    critic_loss     | 40.7     |
|    ent_coef        | 0.001    |
|    learning_rate   | 0.0003   |
|    n_updates       | 764311   |
---------------------------------
---------------------------------
| rollout/           |          |
|    ep_len_mean     | 115      |
|    ep_rew_mean     | -56.1    |
|    success_rate    | 0.09     |
| time/              |          |
|    episodes        | 804      |
|    fps             | 84       |
|    time_elapsed    | 722      |
|    total_timesteps | 60732    |
| train/             |          |
|    actor_loss      | -132     |
|    critic_loss     | 70.3     |
|    ent_coef        | 0.001    |
|    learning_rate   | 0.0003   |
|    n_updates       | 764481   |
---------------------------------
---------------------------------
| rollout/           |          |
|    ep_len_mean     | 117      |
|    ep_rew_mean     | -56.6    |
|    success_rate    | 0.08     |
| time/              |          |
|    episodes        | 808      |
|    fps             | 84       |
|    time_elapsed    | 727      |
|    total_timesteps | 61400    |
| train/             |          |
|    actor_loss      | -134     |
|    critic_loss     | 49       |
|    ent_coef        | 0.001    |
|    learning_rate   | 0.0003   |
|    n_updates       | 764648   |
---------------------------------
---------------------------------
| rollout/           |          |
|    ep_len_mean     | 119      |
|    ep_rew_mean     | -46.9    |
|    success_rate    | 0.08     |
| time/              |          |
|    episodes        | 812      |
|    fps             | 84       |
|    time_elapsed    | 732      |
|    total_timesteps | 61952    |
| train/             |          |
|    actor_loss      | -135     |
|    critic_loss     | 92.9     |
|    ent_coef        | 0.001    |
|    learning_rate   | 0.0003   |
|    n_updates       | 764786   |
---------------------------------
---------------------------------
| rollout/           |          |
|    ep_len_mean     | 118      |
|    ep_rew_mean     | -45.1    |
|    success_rate    | 0.08     |
| time/              |          |
|    episodes        | 816      |
|    fps             | 84       |
|    time_elapsed    | 734      |
|    total_timesteps | 62156    |
| train/             |          |
|    actor_loss      | -135     |
|    critic_loss     | 32.6     |
|    ent_coef        | 0.001    |
|    learning_rate   | 0.0003   |
|    n_updates       | 764837   |
---------------------------------
---------------------------------
| rollout/           |          |
|    ep_len_mean     | 115      |
|    ep_rew_mean     | -35.4    |
|    success_rate    | 0.09     |
| time/              |          |
|    episodes        | 820      |
|    fps             | 84       |
|    time_elapsed    | 735      |
|    total_timesteps | 62256    |
| train/             |          |
|    actor_loss      | -135     |
|    critic_loss     | 23.4     |
|    ent_coef        | 0.001    |
|    learning_rate   | 0.0003   |
|    n_updates       | 764862   |
---------------------------------
---------------------------------
| rollout/           |          |
|    ep_len_mean     | 110      |
|    ep_rew_mean     | -30.8    |
|    success_rate    | 0.1      |
| time/              |          |
|    episodes        | 824      |
|    fps             | 84       |
|    time_elapsed    | 737      |
|    total_timesteps | 62448    |
| train/             |          |
|    actor_loss      | -131     |
|    critic_loss     | 154      |
|    ent_coef        | 0.001    |
|    learning_rate   | 0.0003   |
|    n_updates       | 764910   |
---------------------------------
---------------------------------
| rollout/           |          |
|    ep_len_mean     | 109      |
|    ep_rew_mean     | -27.2    |
|    success_rate    | 0.1      |
| time/              |          |
|    episodes        | 828      |
|    fps             | 84       |
|    time_elapsed    | 742      |
|    total_timesteps | 62956    |
| train/             |          |
|    actor_loss      | -133     |
|    critic_loss     | 31.7     |
|    ent_coef        | 0.001    |
|    learning_rate   | 0.0003   |
|    n_updates       | 765037   |
---------------------------------
---------------------------------
| rollout/           |          |
|    ep_len_mean     | 110      |
|    ep_rew_mean     | -27.5    |
|    success_rate    | 0.1      |
| time/              |          |
|    episodes        | 832      |
|    fps             | 85       |
|    time_elapsed    | 747      |
|    total_timesteps | 63576    |
| train/             |          |
|    actor_loss      | -133     |
|    critic_loss     | 32       |
|    ent_coef        | 0.001    |
|    learning_rate   | 0.0003   |
|    n_updates       | 765192   |
---------------------------------
---------------------------------
| rollout/           |          |
|    ep_len_mean     | 111      |
|    ep_rew_mean     | -27.7    |
|    success_rate    | 0.09     |
| time/              |          |
|    episodes        | 836      |
|    fps             | 85       |
|    time_elapsed    | 749      |
|    total_timesteps | 63848    |
| train/             |          |
|    actor_loss      | -135     |
|    critic_loss     | 21.8     |
|    ent_coef        | 0.001    |
|    learning_rate   | 0.0003   |
|    n_updates       | 765260   |
---------------------------------
---------------------------------
| rollout/           |          |
|    ep_len_mean     | 110      |
|    ep_rew_mean     | -27.4    |
|    success_rate    | 0.1      |
| time/              |          |
|    episodes        | 840      |
|    fps             | 85       |
|    time_elapsed    | 754      |
|    total_timesteps | 64368    |
| train/             |          |
|    actor_loss      | -130     |
|    critic_loss     | 68.7     |
|    ent_coef        | 0.001    |
|    learning_rate   | 0.0003   |
|    n_updates       | 765390   |
---------------------------------
---------------------------------
| rollout/           |          |
|    ep_len_mean     | 106      |
|    ep_rew_mean     | -27.1    |
|    success_rate    | 0.13     |
| time/              |          |
|    episodes        | 844      |
|    fps             | 85       |
|    time_elapsed    | 754      |
|    total_timesteps | 64428    |
| train/             |          |
|    actor_loss      | -130     |
|    critic_loss     | 87.2     |
|    ent_coef        | 0.001    |
|    learning_rate   | 0.0003   |
|    n_updates       | 765405   |
---------------------------------
---------------------------------
| rollout/           |          |
|    ep_len_mean     | 101      |
|    ep_rew_mean     | -24.2    |
|    success_rate    | 0.15     |
| time/              |          |
|    episodes        | 848      |
|    fps             | 85       |
|    time_elapsed    | 756      |
|    total_timesteps | 64532    |
| train/             |          |
|    actor_loss      | -132     |
|    critic_loss     | 19.8     |
|    ent_coef        | 0.001    |
|    learning_rate   | 0.0003   |
|    n_updates       | 765431   |
---------------------------------
---------------------------------
| rollout/           |          |
|    ep_len_mean     | 103      |
|    ep_rew_mean     | -24.8    |
|    success_rate    | 0.15     |
| time/              |          |
|    episodes        | 852      |
|    fps             | 85       |
|    time_elapsed    | 761      |
|    total_timesteps | 65140    |
| train/             |          |
|    actor_loss      | -131     |
|    critic_loss     | 82.6     |
|    ent_coef        | 0.001    |
|    learning_rate   | 0.0003   |
|    n_updates       | 765583   |
---------------------------------
---------------------------------
| rollout/           |          |
|    ep_len_mean     | 102      |
|    ep_rew_mean     | -25.3    |
|    success_rate    | 0.15     |
| time/              |          |
|    episodes        | 856      |
|    fps             | 85       |
|    time_elapsed    | 762      |
|    total_timesteps | 65288    |
| train/             |          |
|    actor_loss      | -132     |
|    critic_loss     | 91.3     |
|    ent_coef        | 0.001    |
|    learning_rate   | 0.0003   |
|    n_updates       | 765620   |
---------------------------------
---------------------------------
| rollout/           |          |
|    ep_len_mean     | 98.5     |
|    ep_rew_mean     | -24.6    |
|    success_rate    | 0.18     |
| time/              |          |
|    episodes        | 860      |
|    fps             | 85       |
|    time_elapsed    | 765      |
|    total_timesteps | 65556    |
| train/             |          |
|    actor_loss      | -128     |
|    critic_loss     | 38.5     |
|    ent_coef        | 0.001    |
|    learning_rate   | 0.0003   |
|    n_updates       | 765687   |
---------------------------------
---------------------------------
| rollout/           |          |
|    ep_len_mean     | 98.5     |
|    ep_rew_mean     | -30.3    |
|    success_rate    | 0.18     |
| time/              |          |
|    episodes        | 864      |
|    fps             | 85       |
|    time_elapsed    | 770      |
|    total_timesteps | 66256    |
| train/             |          |
|    actor_loss      | -134     |
|    critic_loss     | 92.3     |
|    ent_coef        | 0.001    |
|    learning_rate   | 0.0003   |
|    n_updates       | 765862   |
---------------------------------
---------------------------------
| rollout/           |          |
|    ep_len_mean     | 93.8     |
|    ep_rew_mean     | -29.7    |
|    success_rate    | 0.2      |
| time/              |          |
|    episodes        | 868      |
|    fps             | 86       |
|    time_elapsed    | 773      |
|    total_timesteps | 66500    |
| train/             |          |
|    actor_loss      | -133     |
|    critic_loss     | 58.6     |
|    ent_coef        | 0.001    |
|    learning_rate   | 0.0003   |
|    n_updates       | 765923   |
---------------------------------
---------------------------------
| rollout/           |          |
|    ep_len_mean     | 93.8     |
|    ep_rew_mean     | -28.2    |
|    success_rate    | 0.2      |
| time/              |          |
|    episodes        | 872      |
|    fps             | 86       |
|    time_elapsed    | 775      |
|    total_timesteps | 66728    |
| train/             |          |
|    actor_loss      | -135     |
|    critic_loss     | 93.1     |
|    ent_coef        | 0.001    |
|    learning_rate   | 0.0003   |
|    n_updates       | 765980   |
---------------------------------
---------------------------------
| rollout/           |          |
|    ep_len_mean     | 96.3     |
|    ep_rew_mean     | -27.8    |
|    success_rate    | 0.2      |
| time/              |          |
|    episodes        | 876      |
|    fps             | 86       |
|    time_elapsed    | 780      |
|    total_timesteps | 67288    |
| train/             |          |
|    actor_loss      | -135     |
|    critic_loss     | 65       |
|    ent_coef        | 0.001    |
|    learning_rate   | 0.0003   |
|    n_updates       | 766120   |
---------------------------------
---------------------------------
| rollout/           |          |
|    ep_len_mean     | 97.1     |
|    ep_rew_mean     | -26.9    |
|    success_rate    | 0.21     |
| time/              |          |
|    episodes        | 880      |
|    fps             | 86       |
|    time_elapsed    | 782      |
|    total_timesteps | 67552    |
| train/             |          |
|    actor_loss      | -131     |
|    critic_loss     | 79.9     |
|    ent_coef        | 0.001    |
|    learning_rate   | 0.0003   |
|    n_updates       | 766186   |
---------------------------------
---------------------------------
| rollout/           |          |
|    ep_len_mean     | 91.5     |
|    ep_rew_mean     | -26.3    |
|    success_rate    | 0.22     |
| time/              |          |
|    episodes        | 884      |
|    fps             | 86       |
|    time_elapsed    | 785      |
|    total_timesteps | 67772    |
| train/             |          |
|    actor_loss      | -133     |
|    critic_loss     | 62       |
|    ent_coef        | 0.001    |
|    learning_rate   | 0.0003   |
|    n_updates       | 766241   |
---------------------------------
---------------------------------
| rollout/           |          |
|    ep_len_mean     | 88       |
|    ep_rew_mean     | -25.4    |
|    success_rate    | 0.22     |
| time/              |          |
|    episodes        | 888      |
|    fps             | 86       |
|    time_elapsed    | 786      |
|    total_timesteps | 67924    |
| train/             |          |
|    actor_loss      | -137     |
|    critic_loss     | 64.5     |
|    ent_coef        | 0.001    |
|    learning_rate   | 0.0003   |
|    n_updates       | 766279   |
---------------------------------
---------------------------------
| rollout/           |          |
|    ep_len_mean     | 86.3     |
|    ep_rew_mean     | -26      |
|    success_rate    | 0.21     |
| time/              |          |
|    episodes        | 892      |
|    fps             | 86       |
|    time_elapsed    | 789      |
|    total_timesteps | 68244    |
| train/             |          |
|    actor_loss      | -131     |
|    critic_loss     | 71.4     |
|    ent_coef        | 0.001    |
|    learning_rate   | 0.0003   |
|    n_updates       | 766359   |
---------------------------------
---------------------------------
| rollout/           |          |
|    ep_len_mean     | 85.1     |
|    ep_rew_mean     | -26.3    |
|    success_rate    | 0.22     |
| time/              |          |
|    episodes        | 896      |
|    fps             | 86       |
|    time_elapsed    | 792      |
|    total_timesteps | 68552    |
| train/             |          |
|    actor_loss      | -127     |
|    critic_loss     | 48.2     |
|    ent_coef        | 0.001    |
|    learning_rate   | 0.0003   |
|    n_updates       | 766436   |
---------------------------------
---------------------------------
| rollout/           |          |
|    ep_len_mean     | 86.8     |
|    ep_rew_mean     | -26.9    |
|    success_rate    | 0.22     |
| time/              |          |
|    episodes        | 900      |
|    fps             | 86       |
|    time_elapsed    | 796      |
|    total_timesteps | 68944    |
| train/             |          |
|    actor_loss      | -132     |
|    critic_loss     | 33.3     |
|    ent_coef        | 0.001    |
|    learning_rate   | 0.0003   |
|    n_updates       | 766534   |
---------------------------------
---------------------------------
| rollout/           |          |
|    ep_len_mean     | 83.9     |
|    ep_rew_mean     | -26.6    |
|    success_rate    | 0.24     |
| time/              |          |
|    episodes        | 904      |
|    fps             | 86       |
|    time_elapsed    | 798      |
|    total_timesteps | 69184    |
| train/             |          |
|    actor_loss      | -132     |
|    critic_loss     | 82.9     |
|    ent_coef        | 0.001    |
|    learning_rate   | 0.0003   |
|    n_updates       | 766594   |
---------------------------------
---------------------------------
| rollout/           |          |
|    ep_len_mean     | 80.6     |
|    ep_rew_mean     | -25.4    |
|    success_rate    | 0.25     |
| time/              |          |
|    episodes        | 908      |
|    fps             | 86       |
|    time_elapsed    | 799      |
|    total_timesteps | 69292    |
| train/             |          |
|    actor_loss      | -130     |
|    critic_loss     | 78.5     |
|    ent_coef        | 0.001    |
|    learning_rate   | 0.0003   |
|    n_updates       | 766621   |
---------------------------------
---------------------------------
| rollout/           |          |
|    ep_len_mean     | 77.2     |
|    ep_rew_mean     | -24.5    |
|    success_rate    | 0.25     |
| time/              |          |
|    episodes        | 912      |
|    fps             | 86       |
|    time_elapsed    | 801      |
|    total_timesteps | 69400    |
| train/             |          |
|    actor_loss      | -135     |
|    critic_loss     | 25.7     |
|    ent_coef        | 0.001    |
|    learning_rate   | 0.0003   |
|    n_updates       | 766648   |
---------------------------------
---------------------------------
| rollout/           |          |
|    ep_len_mean     | 74.2     |
|    ep_rew_mean     | -21.6    |
|    success_rate    | 0.28     |
| time/              |          |
|    episodes        | 916      |
|    fps             | 86       |
|    time_elapsed    | 805      |
|    total_timesteps | 69816    |
| train/             |          |
|    actor_loss      | -138     |
|    critic_loss     | 34.2     |
|    ent_coef        | 0.001    |
|    learning_rate   | 0.0003   |
|    n_updates       | 766752   |
---------------------------------
---------------------------------
| rollout/           |          |
|    ep_len_mean     | 75.2     |
|    ep_rew_mean     | -21.4    |
|    success_rate    | 0.28     |
| time/              |          |
|    episodes        | 920      |
|    fps             | 86       |
|    time_elapsed    | 806      |
|    total_timesteps | 69900    |
| train/             |          |
|    actor_loss      | -131     |
|    critic_loss     | 22.3     |
|    ent_coef        | 0.001    |
|    learning_rate   | 0.0003   |
|    n_updates       | 766773   |
---------------------------------
---------------------------------
| rollout/           |          |
|    ep_len_mean     | 75.1     |
|    ep_rew_mean     | -21.2    |
|    success_rate    | 0.28     |
| time/              |          |
|    episodes        | 924      |
|    fps             | 86       |
|    time_elapsed    | 806      |
|    total_timesteps | 69920    |
| train/             |          |
|    actor_loss      | -132     |
|    critic_loss     | 74.2     |
|    ent_coef        | 0.001    |
|    learning_rate   | 0.0003   |
|    n_updates       | 766778   |
---------------------------------
---------------------------------
| rollout/           |          |
|    ep_len_mean     | 69.9     |
|    ep_rew_mean     | -20.4    |
|    success_rate    | 0.28     |
| time/              |          |
|    episodes        | 928      |
|    fps             | 86       |
|    time_elapsed    | 807      |
|    total_timesteps | 69968    |
| train/             |          |
|    actor_loss      | -135     |
|    critic_loss     | 137      |
|    ent_coef        | 0.001    |
|    learning_rate   | 0.0003   |
|    n_updates       | 766790   |
---------------------------------
Eval num_timesteps=70000, episode_reward=-26.09 +/- 20.63
Episode length: 116.42 +/- 72.31
Success rate: 32.00%
---------------------------------
| eval/              |          |
|    mean_ep_length  | 116      |
|    mean_reward     | -26.1    |
|    success_rate    | 0.32     |
| time/              |          |
|    total_timesteps | 70000    |
| train/             |          |
|    actor_loss      | -132     |
|    critic_loss     | 29.1     |
|    ent_coef        | 0.001    |
|    learning_rate   | 0.0003   |
|    n_updates       | 766798   |
---------------------------------
New best mean reward!
[DenseSuccessCallback - transit] New best: 32.0% -> ./checkpoints/dense_refinement_20260423_235832/best_model_transit.zip
Eval num_timesteps=70000, episode_reward=-3.70 +/- 10.58
Episode length: 97.60 +/- 81.19
Success rate: 34.00%
---------------------------------
| eval/              |          |
|    mean_ep_length  | 97.6     |
|    mean_reward     | -3.7     |
|    success_rate    | 0.34     |
| time/              |          |
|    total_timesteps | 70000    |
---------------------------------
Eval num_timesteps=70000, episode_reward=-20.30 +/- 0.16
Episode length: 2.20 +/- 1.91
Success rate: 0.00%
---------------------------------
| eval/              |          |
|    mean_ep_length  | 2.2      |
|    mean_reward     | -20.3    |
|    success_rate    | 0        |
| time/              |          |
|    total_timesteps | 70000    |
---------------------------------
---------------------------------
| rollout/           |          |
|    ep_len_mean     | 70.2     |
|    ep_rew_mean     | -20.7    |
|    success_rate    | 0.29     |
| time/              |          |
|    episodes        | 932      |
|    fps             | 82       |
|    time_elapsed    | 855      |
|    total_timesteps | 70620    |
| train/             |          |
|    actor_loss      | -132     |
|    critic_loss     | 123      |
|    ent_coef        | 0.001    |
|    learning_rate   | 0.0003   |
|    n_updates       | 766953   |
---------------------------------
---------------------------------
| rollout/           |          |
|    ep_len_mean     | 69.8     |
|    ep_rew_mean     | -20.2    |
|    success_rate    | 0.29     |
| time/              |          |
|    episodes        | 936      |
|    fps             | 82       |
|    time_elapsed    | 857      |
|    total_timesteps | 70800    |
| train/             |          |
|    actor_loss      | -128     |
|    critic_loss     | 55.8     |
|    ent_coef        | 0.001    |
|    learning_rate   | 0.0003   |
|    n_updates       | 766998   |
---------------------------------
---------------------------------
| rollout/           |          |
|    ep_len_mean     | 69       |
|    ep_rew_mean     | -20.5    |
|    success_rate    | 0.29     |
| time/              |          |
|    episodes        | 940      |
|    fps             | 82       |
|    time_elapsed    | 860      |
|    total_timesteps | 71176    |
| train/             |          |
|    actor_loss      | -132     |
|    critic_loss     | 37.8     |
|    ent_coef        | 0.001    |
|    learning_rate   | 0.0003   |
|    n_updates       | 767092   |
---------------------------------
---------------------------------
| rollout/           |          |
|    ep_len_mean     | 69.4     |
|    ep_rew_mean     | -20.9    |
|    success_rate    | 0.27     |
| time/              |          |
|    episodes        | 944      |
|    fps             | 82       |
|    time_elapsed    | 862      |
|    total_timesteps | 71460    |
| train/             |          |
|    actor_loss      | -133     |
|    critic_loss     | 63.5     |
|    ent_coef        | 0.001    |
|    learning_rate   | 0.0003   |
|    n_updates       | 767163   |
---------------------------------
---------------------------------
| rollout/           |          |
|    ep_len_mean     | 71.1     |
|    ep_rew_mean     | -21.2    |
|    success_rate    | 0.26     |
| time/              |          |
|    episodes        | 948      |
|    fps             | 82       |
|    time_elapsed    | 863      |
|    total_timesteps | 71556    |
| train/             |          |
|    actor_loss      | -132     |
|    critic_loss     | 28.2     |
|    ent_coef        | 0.001    |
|    learning_rate   | 0.0003   |
|    n_updates       | 767187   |
---------------------------------
---------------------------------
| rollout/           |          |
|    ep_len_mean     | 72.8     |
|    ep_rew_mean     | -21.2    |
|    success_rate    | 0.26     |
| time/              |          |
|    episodes        | 952      |
|    fps             | 83       |
|    time_elapsed    | 869      |
|    total_timesteps | 72256    |
| train/             |          |
|    actor_loss      | -136     |
|    critic_loss     | 39.1     |
|    ent_coef        | 0.001    |
|    learning_rate   | 0.0003   |
|    n_updates       | 767362   |
---------------------------------
---------------------------------
| rollout/           |          |
|    ep_len_mean     | 74.8     |
|    ep_rew_mean     | -20.8    |
|    success_rate    | 0.26     |
| time/              |          |
|    episodes        | 956      |
|    fps             | 83       |
|    time_elapsed    | 874      |
|    total_timesteps | 72956    |
| train/             |          |
|    actor_loss      | -136     |
|    critic_loss     | 21.3     |
|    ent_coef        | 0.001    |
|    learning_rate   | 0.0003   |
|    n_updates       | 767537   |
---------------------------------
---------------------------------
| rollout/           |          |
|    ep_len_mean     | 76.9     |
|    ep_rew_mean     | -22.1    |
|    success_rate    | 0.23     |
| time/              |          |
|    episodes        | 960      |
|    fps             | 83       |
|    time_elapsed    | 877      |
|    total_timesteps | 73324    |
| train/             |          |
|    actor_loss      | -132     |
|    critic_loss     | 22.5     |
|    ent_coef        | 0.001    |
|    learning_rate   | 0.0003   |
|    n_updates       | 767629   |
---------------------------------
---------------------------------
| rollout/           |          |
|    ep_len_mean     | 70.2     |
|    ep_rew_mean     | -16.1    |
|    success_rate    | 0.25     |
| time/              |          |
|    episodes        | 964      |
|    fps             | 83       |
|    time_elapsed    | 879      |
|    total_timesteps | 73444    |
| train/             |          |
|    actor_loss      | -134     |
|    critic_loss     | 133      |
|    ent_coef        | 0.001    |
|    learning_rate   | 0.0003   |
|    n_updates       | 767659   |
---------------------------------
---------------------------------
| rollout/           |          |
|    ep_len_mean     | 73.2     |
|    ep_rew_mean     | -16.3    |
|    success_rate    | 0.23     |
| time/              |          |
|    episodes        | 968      |
|    fps             | 83       |
|    time_elapsed    | 881      |
|    total_timesteps | 73680    |
| train/             |          |
|    actor_loss      | -131     |
|    critic_loss     | 74.8     |
|    ent_coef        | 0.001    |
|    learning_rate   | 0.0003   |
|    n_updates       | 767718   |
---------------------------------
---------------------------------
| rollout/           |          |
|    ep_len_mean     | 71.5     |
|    ep_rew_mean     | -22.3    |
|    success_rate    | 0.24     |
| time/              |          |
|    episodes        | 972      |
|    fps             | 83       |
|    time_elapsed    | 883      |
|    total_timesteps | 73828    |
| train/             |          |
|    actor_loss      | -129     |
|    critic_loss     | 42.1     |
|    ent_coef        | 0.001    |
|    learning_rate   | 0.0003   |
|    n_updates       | 767755   |
---------------------------------
---------------------------------
| rollout/           |          |
|    ep_len_mean     | 70       |
|    ep_rew_mean     | -23.2    |
|    success_rate    | 0.24     |
| time/              |          |
|    episodes        | 976      |
|    fps             | 83       |
|    time_elapsed    | 886      |
|    total_timesteps | 74252    |
| train/             |          |
|    actor_loss      | -131     |
|    critic_loss     | 24.6     |
|    ent_coef        | 0.001    |
|    learning_rate   | 0.0003   |
|    n_updates       | 767861   |
---------------------------------
---------------------------------
| rollout/           |          |
|    ep_len_mean     | 69.7     |
|    ep_rew_mean     | -24.4    |
|    success_rate    | 0.23     |
| time/              |          |
|    episodes        | 980      |
|    fps             | 83       |
|    time_elapsed    | 889      |
|    total_timesteps | 74544    |
| train/             |          |
|    actor_loss      | -129     |
|    critic_loss     | 24.9     |
|    ent_coef        | 0.001    |
|    learning_rate   | 0.0003   |
|    n_updates       | 767934   |
---------------------------------
---------------------------------
| rollout/           |          |
|    ep_len_mean     | 69.7     |
|    ep_rew_mean     | -23.6    |
|    success_rate    | 0.25     |
| time/              |          |
|    episodes        | 984      |
|    fps             | 83       |
|    time_elapsed    | 892      |
|    total_timesteps | 74884    |
| train/             |          |
|    actor_loss      | -134     |
|    critic_loss     | 70.8     |
|    ent_coef        | 0.001    |
|    learning_rate   | 0.0003   |
|    n_updates       | 768019   |
---------------------------------
---------------------------------
| rollout/           |          |
|    ep_len_mean     | 71.4     |
|    ep_rew_mean     | -23.9    |
|    success_rate    | 0.25     |
| time/              |          |
|    episodes        | 988      |
|    fps             | 83       |
|    time_elapsed    | 893      |
|    total_timesteps | 74952    |
| train/             |          |
|    actor_loss      | -133     |
|    critic_loss     | 134      |
|    ent_coef        | 0.001    |
|    learning_rate   | 0.0003   |
|    n_updates       | 768036   |
---------------------------------
---------------------------------
| rollout/           |          |
|    ep_len_mean     | 76.5     |
|    ep_rew_mean     | -24.3    |
|    success_rate    | 0.25     |
| time/              |          |
|    episodes        | 992      |
|    fps             | 84       |
|    time_elapsed    | 898      |
|    total_timesteps | 75652    |
| train/             |          |
|    actor_loss      | -137     |
|    critic_loss     | 54.2     |
|    ent_coef        | 0.001    |
|    learning_rate   | 0.0003   |
|    n_updates       | 768211   |
---------------------------------
---------------------------------
| rollout/           |          |
|    ep_len_mean     | 72.8     |
|    ep_rew_mean     | -24      |
|    success_rate    | 0.26     |
| time/              |          |
|    episodes        | 996      |
|    fps             | 84       |
|    time_elapsed    | 899      |
|    total_timesteps | 75744    |
| train/             |          |
|    actor_loss      | -137     |
|    critic_loss     | 72.1     |
|    ent_coef        | 0.001    |
|    learning_rate   | 0.0003   |
|    n_updates       | 768234   |
---------------------------------
---------------------------------
| rollout/           |          |
|    ep_len_mean     | 71.4     |
|    ep_rew_mean     | -22.8    |
|    success_rate    | 0.28     |
| time/              |          |
|    episodes        | 1000     |
|    fps             | 84       |
|    time_elapsed    | 901      |
|    total_timesteps | 76012    |
| train/             |          |
|    actor_loss      | -137     |
|    critic_loss     | 71.3     |
|    ent_coef        | 0.001    |
|    learning_rate   | 0.0003   |
|    n_updates       | 768301   |
---------------------------------
---------------------------------
| rollout/           |          |
|    ep_len_mean     | 71.3     |
|    ep_rew_mean     | -22.7    |
|    success_rate    | 0.27     |
| time/              |          |
|    episodes        | 1004     |
|    fps             | 84       |
|    time_elapsed    | 904      |
|    total_timesteps | 76316    |
| train/             |          |
|    actor_loss      | -132     |
|    critic_loss     | 102      |
|    ent_coef        | 0.001    |
|    learning_rate   | 0.0003   |
|    n_updates       | 768377   |
---------------------------------
---------------------------------
| rollout/           |          |
|    ep_len_mean     | 71.2     |
|    ep_rew_mean     | -24.5    |
|    success_rate    | 0.26     |
| time/              |          |
|    episodes        | 1008     |
|    fps             | 84       |
|    time_elapsed    | 906      |
|    total_timesteps | 76484    |
| train/             |          |
|    actor_loss      | -135     |
|    critic_loss     | 84.7     |
|    ent_coef        | 0.001    |
|    learning_rate   | 0.0003   |
|    n_updates       | 768419   |
---------------------------------
---------------------------------
| rollout/           |          |
|    ep_len_mean     | 73.6     |
|    ep_rew_mean     | -25.1    |
|    success_rate    | 0.27     |
| time/              |          |
|    episodes        | 1012     |
|    fps             | 84       |
|    time_elapsed    | 909      |
|    total_timesteps | 76808    |
| train/             |          |
|    actor_loss      | -131     |
|    critic_loss     | 58.5     |
|    ent_coef        | 0.001    |
|    learning_rate   | 0.0003   |
|    n_updates       | 768500   |
---------------------------------
---------------------------------
| rollout/           |          |
|    ep_len_mean     | 72.4     |
|    ep_rew_mean     | -25.9    |
|    success_rate    | 0.26     |
| time/              |          |
|    episodes        | 1016     |
|    fps             | 84       |
|    time_elapsed    | 910      |
|    total_timesteps | 76964    |
| train/             |          |
|    actor_loss      | -137     |
|    critic_loss     | 82.6     |
|    ent_coef        | 0.001    |
|    learning_rate   | 0.0003   |
|    n_updates       | 768539   |
---------------------------------
---------------------------------
| rollout/           |          |
|    ep_len_mean     | 73.3     |
|    ep_rew_mean     | -26.1    |
|    success_rate    | 0.26     |
| time/              |          |
|    episodes        | 1020     |
|    fps             | 84       |
|    time_elapsed    | 912      |
|    total_timesteps | 77168    |
| train/             |          |
|    actor_loss      | -133     |
|    critic_loss     | 23.9     |
|    ent_coef        | 0.001    |
|    learning_rate   | 0.0003   |
|    n_updates       | 768590   |
---------------------------------
---------------------------------
| rollout/           |          |
|    ep_len_mean     | 73.1     |
|    ep_rew_mean     | -26.1    |
|    success_rate    | 0.26     |
| time/              |          |
|    episodes        | 1024     |
|    fps             | 84       |
|    time_elapsed    | 914      |
|    total_timesteps | 77288    |
| train/             |          |
|    actor_loss      | -135     |
|    critic_loss     | 53.8     |
|    ent_coef        | 0.001    |
|    learning_rate   | 0.0003   |
|    n_updates       | 768620   |
---------------------------------
---------------------------------
| rollout/           |          |
|    ep_len_mean     | 75       |
|    ep_rew_mean     | -26.1    |
|    success_rate    | 0.27     |
| time/              |          |
|    episodes        | 1028     |
|    fps             | 84       |
|    time_elapsed    | 917      |
|    total_timesteps | 77600    |
| train/             |          |
|    actor_loss      | -131     |
|    critic_loss     | 20.6     |
|    ent_coef        | 0.001    |
|    learning_rate   | 0.0003   |
|    n_updates       | 768698   |
---------------------------------
---------------------------------
| rollout/           |          |
|    ep_len_mean     | 73       |
|    ep_rew_mean     | -25.4    |
|    success_rate    | 0.26     |
| time/              |          |
|    episodes        | 1032     |
|    fps             | 84       |
|    time_elapsed    | 918      |
|    total_timesteps | 77688    |
| train/             |          |
|    actor_loss      | -136     |
|    critic_loss     | 97       |
|    ent_coef        | 0.001    |
|    learning_rate   | 0.0003   |
|    n_updates       | 768720   |
---------------------------------
---------------------------------
| rollout/           |          |
|    ep_len_mean     | 69.8     |
|    ep_rew_mean     | -25.9    |
|    success_rate    | 0.27     |
| time/              |          |
|    episodes        | 1036     |
|    fps             | 84       |
|    time_elapsed    | 919      |
|    total_timesteps | 77848    |
| train/             |          |
|    actor_loss      | -138     |
|    critic_loss     | 23.2     |
|    ent_coef        | 0.001    |
|    learning_rate   | 0.0003   |
|    n_updates       | 768760   |
---------------------------------
---------------------------------
| rollout/           |          |
|    ep_len_mean     | 69       |
|    ep_rew_mean     | -26.3    |
|    success_rate    | 0.25     |
| time/              |          |
|    episodes        | 1040     |
|    fps             | 84       |
|    time_elapsed    | 920      |
|    total_timesteps | 77896    |
| train/             |          |
|    actor_loss      | -133     |
|    critic_loss     | 210      |
|    ent_coef        | 0.001    |
|    learning_rate   | 0.0003   |
|    n_updates       | 768772   |
---------------------------------
---------------------------------
| rollout/           |          |
|    ep_len_mean     | 69.2     |
|    ep_rew_mean     | -26.5    |
|    success_rate    | 0.27     |
| time/              |          |
|    episodes        | 1044     |
|    fps             | 84       |
|    time_elapsed    | 925      |
|    total_timesteps | 78548    |
| train/             |          |
|    actor_loss      | -135     |
|    critic_loss     | 39.5     |
|    ent_coef        | 0.001    |
|    learning_rate   | 0.0003   |
|    n_updates       | 768935   |
---------------------------------
---------------------------------
| rollout/           |          |
|    ep_len_mean     | 70.8     |
|    ep_rew_mean     | -26.7    |
|    success_rate    | 0.27     |
| time/              |          |
|    episodes        | 1048     |
|    fps             | 84       |
|    time_elapsed    | 926      |
|    total_timesteps | 78600    |
| train/             |          |
|    actor_loss      | -134     |
|    critic_loss     | 26.7     |
|    ent_coef        | 0.001    |
|    learning_rate   | 0.0003   |
|    n_updates       | 768948   |
---------------------------------
---------------------------------
| rollout/           |          |
|    ep_len_mean     | 66.1     |
|    ep_rew_mean     | -26.5    |
|    success_rate    | 0.28     |
| time/              |          |
|    episodes        | 1052     |
|    fps             | 84       |
|    time_elapsed    | 929      |
|    total_timesteps | 78952    |
| train/             |          |
|    actor_loss      | -133     |
|    critic_loss     | 28.8     |
|    ent_coef        | 0.001    |
|    learning_rate   | 0.0003   |
|    n_updates       | 769036   |
---------------------------------
---------------------------------
| rollout/           |          |
|    ep_len_mean     | 65.9     |
|    ep_rew_mean     | -26.8    |
|    success_rate    | 0.28     |
| time/              |          |
|    episodes        | 1056     |
|    fps             | 85       |
|    time_elapsed    | 932      |
|    total_timesteps | 79464    |
| train/             |          |
|    actor_loss      | -136     |
|    critic_loss     | 21.3     |
|    ent_coef        | 0.001    |
|    learning_rate   | 0.0003   |
|    n_updates       | 769164   |
---------------------------------
---------------------------------
| rollout/           |          |
|    ep_len_mean     | 65.9     |
|    ep_rew_mean     | -25.8    |
|    success_rate    | 0.3      |
| time/              |          |
|    episodes        | 1060     |
|    fps             | 85       |
|    time_elapsed    | 937      |
|    total_timesteps | 79996    |
| train/             |          |
|    actor_loss      | -135     |
|    critic_loss     | 90.2     |
|    ent_coef        | 0.001    |
|    learning_rate   | 0.0003   |
|    n_updates       | 769297   |
---------------------------------
Eval num_timesteps=80000, episode_reward=-32.57 +/- 28.62
Episode length: 125.26 +/- 67.57
Success rate: 34.00%
---------------------------------
| eval/              |          |
|    mean_ep_length  | 125      |
|    mean_reward     | -32.6    |
|    success_rate    | 0.34     |
| time/              |          |
|    total_timesteps | 80000    |
| train/             |          |
|    actor_loss      | -136     |
|    critic_loss     | 35.3     |
|    ent_coef        | 0.001    |
|    learning_rate   | 0.0003   |
|    n_updates       | 769298   |
---------------------------------
[DenseSuccessCallback - transit] New best: 34.0% -> ./checkpoints/dense_refinement_20260423_235832/best_model_transit.zip
Eval num_timesteps=80000, episode_reward=-6.58 +/- 10.99
Episode length: 110.68 +/- 76.78
Success rate: 30.00%
---------------------------------
| eval/              |          |
|    mean_ep_length  | 111      |
|    mean_reward     | -6.58    |
|    success_rate    | 0.3      |
| time/              |          |
|    total_timesteps | 80000    |
---------------------------------
Eval num_timesteps=80000, episode_reward=-20.25 +/- 0.16
Episode length: 1.88 +/- 1.94
Success rate: 0.00%
---------------------------------
| eval/              |          |
|    mean_ep_length  | 1.88     |
|    mean_reward     | -20.3    |
|    success_rate    | 0        |
| time/              |          |
|    total_timesteps | 80000    |
---------------------------------
---------------------------------
| rollout/           |          |
|    ep_len_mean     | 67.8     |
|    ep_rew_mean     | -26.2    |
|    success_rate    | 0.29     |
| time/              |          |
|    episodes        | 1064     |
|    fps             | 81       |
|    time_elapsed    | 982      |
|    total_timesteps | 80156    |
| train/             |          |
|    actor_loss      | -134     |
|    critic_loss     | 53.4     |
|    ent_coef        | 0.001    |
|    learning_rate   | 0.0003   |
|    n_updates       | 769337   |
---------------------------------
---------------------------------
| rollout/           |          |
|    ep_len_mean     | 66.2     |
|    ep_rew_mean     | -26.8    |
|    success_rate    | 0.29     |
| time/              |          |
|    episodes        | 1068     |
|    fps             | 81       |
|    time_elapsed    | 984      |
|    total_timesteps | 80256    |
| train/             |          |
|    actor_loss      | -137     |
|    critic_loss     | 96.8     |
|    ent_coef        | 0.001    |
|    learning_rate   | 0.0003   |
|    n_updates       | 769362   |
---------------------------------
---------------------------------
| rollout/           |          |
|    ep_len_mean     | 66.5     |
|    ep_rew_mean     | -20.6    |
|    success_rate    | 0.3      |
| time/              |          |
|    episodes        | 1072     |
|    fps             | 81       |
|    time_elapsed    | 985      |
|    total_timesteps | 80368    |
| train/             |          |
|    actor_loss      | -135     |
|    critic_loss     | 102      |
|    ent_coef        | 0.001    |
|    learning_rate   | 0.0003   |
|    n_updates       | 769390   |
---------------------------------
---------------------------------
| rollout/           |          |
|    ep_len_mean     | 64.9     |
|    ep_rew_mean     | -20.4    |
|    success_rate    | 0.3      |
| time/              |          |
|    episodes        | 1076     |
|    fps             | 81       |
|    time_elapsed    | 988      |
|    total_timesteps | 80768    |
| train/             |          |
|    actor_loss      | -133     |
|    critic_loss     | 24.3     |
|    ent_coef        | 0.001    |
|    learning_rate   | 0.0003   |
|    n_updates       | 769490   |
---------------------------------
---------------------------------
| rollout/           |          |
|    ep_len_mean     | 66.6     |
|    ep_rew_mean     | -20.1    |
|    success_rate    | 0.29     |
| time/              |          |
|    episodes        | 1080     |
|    fps             | 81       |
|    time_elapsed    | 991      |
|    total_timesteps | 81156    |
| train/             |          |
|    actor_loss      | -136     |
|    critic_loss     | 141      |
|    ent_coef        | 0.001    |
|    learning_rate   | 0.0003   |
|    n_updates       | 769587   |
---------------------------------
---------------------------------
| rollout/           |          |
|    ep_len_mean     | 65.9     |
|    ep_rew_mean     | -20.1    |
|    success_rate    | 0.29     |
| time/              |          |
|    episodes        | 1084     |
|    fps             | 81       |
|    time_elapsed    | 993      |
|    total_timesteps | 81412    |
| train/             |          |
|    actor_loss      | -136     |
|    critic_loss     | 27.9     |
|    ent_coef        | 0.001    |
|    learning_rate   | 0.0003   |
|    n_updates       | 769651   |
---------------------------------
---------------------------------
| rollout/           |          |
|    ep_len_mean     | 64.4     |
|    ep_rew_mean     | -19.3    |
|    success_rate    | 0.31     |
| time/              |          |
|    episodes        | 1088     |
|    fps             | 81       |
|    time_elapsed    | 995      |
|    total_timesteps | 81588    |
| train/             |          |
|    actor_loss      | -137     |
|    critic_loss     | 24.9     |
|    ent_coef        | 0.001    |
|    learning_rate   | 0.0003   |
|    n_updates       | 769695   |
---------------------------------
---------------------------------
| rollout/           |          |
|    ep_len_mean     | 61       |
|    ep_rew_mean     | -18.6    |
|    success_rate    | 0.31     |
| time/              |          |
|    episodes        | 1092     |
|    fps             | 82       |
|    time_elapsed    | 996      |
|    total_timesteps | 81780    |
| train/             |          |
|    actor_loss      | -136     |
|    critic_loss     | 20.6     |
|    ent_coef        | 0.001    |
|    learning_rate   | 0.0003   |
|    n_updates       | 769743   |
---------------------------------
---------------------------------
| rollout/           |          |
|    ep_len_mean     | 64.5     |
|    ep_rew_mean     | -19.6    |
|    success_rate    | 0.3      |
| time/              |          |
|    episodes        | 1096     |
|    fps             | 82       |
|    time_elapsed    | 1001     |
|    total_timesteps | 82332    |
| train/             |          |
|    actor_loss      | -136     |
|    critic_loss     | 100      |
|    ent_coef        | 0.001    |
|    learning_rate   | 0.0003   |
|    n_updates       | 769881   |
---------------------------------
---------------------------------
| rollout/           |          |
|    ep_len_mean     | 62.6     |
|    ep_rew_mean     | -20      |
|    success_rate    | 0.29     |
| time/              |          |
|    episodes        | 1100     |
|    fps             | 82       |
|    time_elapsed    | 1002     |
|    total_timesteps | 82416    |
| train/             |          |
|    actor_loss      | -136     |
|    critic_loss     | 43       |
|    ent_coef        | 0.001    |
|    learning_rate   | 0.0003   |
|    n_updates       | 769902   |
---------------------------------
---------------------------------
| rollout/           |          |
|    ep_len_mean     | 64.5     |
|    ep_rew_mean     | -19.9    |
|    success_rate    | 0.3      |
| time/              |          |
|    episodes        | 1104     |
|    fps             | 82       |
|    time_elapsed    | 1003     |
|    total_timesteps | 82556    |
| train/             |          |
|    actor_loss      | -136     |
|    critic_loss     | 22.5     |
|    ent_coef        | 0.001    |
|    learning_rate   | 0.0003   |
|    n_updates       | 769937   |
---------------------------------
---------------------------------
| rollout/           |          |
|    ep_len_mean     | 63.6     |
|    ep_rew_mean     | -17.7    |
|    success_rate    | 0.33     |
| time/              |          |
|    episodes        | 1108     |
|    fps             | 82       |
|    time_elapsed    | 1005     |
|    total_timesteps | 82672    |
| train/             |          |
|    actor_loss      | -134     |
|    critic_loss     | 25.2     |
|    ent_coef        | 0.001    |
|    learning_rate   | 0.0003   |
|    n_updates       | 769966   |
---------------------------------
---------------------------------
| rollout/           |          |
|    ep_len_mean     | 63       |
|    ep_rew_mean     | -17.4    |
|    success_rate    | 0.32     |
| time/              |          |
|    episodes        | 1112     |
|    fps             | 82       |
|    time_elapsed    | 1009     |
|    total_timesteps | 83268    |
| train/             |          |
|    actor_loss      | -137     |
|    critic_loss     | 107      |
|    ent_coef        | 0.001    |
|    learning_rate   | 0.0003   |
|    n_updates       | 770115   |
---------------------------------
---------------------------------
| rollout/           |          |
|    ep_len_mean     | 65.8     |
|    ep_rew_mean     | -16.6    |
|    success_rate    | 0.32     |
| time/              |          |
|    episodes        | 1116     |
|    fps             | 82       |
|    time_elapsed    | 1011     |
|    total_timesteps | 83408    |
| train/             |          |
|    actor_loss      | -139     |
|    critic_loss     | 28.9     |
|    ent_coef        | 0.001    |
|    learning_rate   | 0.0003   |
|    n_updates       | 770150   |
---------------------------------
---------------------------------
| rollout/           |          |
|    ep_len_mean     | 66.4     |
|    ep_rew_mean     | -17.1    |
|    success_rate    | 0.3      |
| time/              |          |
|    episodes        | 1120     |
|    fps             | 82       |
|    time_elapsed    | 1016     |
|    total_timesteps | 84072    |
| train/             |          |
|    actor_loss      | -138     |
|    critic_loss     | 40.8     |
|    ent_coef        | 0.001    |
|    learning_rate   | 0.0003   |
|    n_updates       | 770316   |
---------------------------------
---------------------------------
| rollout/           |          |
|    ep_len_mean     | 71.5     |
|    ep_rew_mean     | -16.7    |
|    success_rate    | 0.3      |
| time/              |          |
|    episodes        | 1124     |
|    fps             | 82       |
|    time_elapsed    | 1020     |
|    total_timesteps | 84564    |
| train/             |          |
|    actor_loss      | -136     |
|    critic_loss     | 82.5     |
|    ent_coef        | 0.001    |
|    learning_rate   | 0.0003   |
|    n_updates       | 770439   |
---------------------------------
---------------------------------
| rollout/           |          |
|    ep_len_mean     | 73.4     |
|    ep_rew_mean     | -16.2    |
|    success_rate    | 0.3      |
| time/              |          |
|    episodes        | 1128     |
|    fps             | 82       |
|    time_elapsed    | 1022     |
|    total_timesteps | 84808    |
| train/             |          |
|    actor_loss      | -135     |
|    critic_loss     | 30.6     |
|    ent_coef        | 0.001    |
|    learning_rate   | 0.0003   |
|    n_updates       | 770500   |
---------------------------------
---------------------------------
| rollout/           |          |
|    ep_len_mean     | 76.9     |
|    ep_rew_mean     | -16      |
|    success_rate    | 0.3      |
| time/              |          |
|    episodes        | 1132     |
|    fps             | 83       |
|    time_elapsed    | 1027     |
|    total_timesteps | 85472    |
| train/             |          |
|    actor_loss      | -135     |
|    critic_loss     | 92.5     |
|    ent_coef        | 0.001    |
|    learning_rate   | 0.0003   |
|    n_updates       | 770666   |
---------------------------------
---------------------------------
| rollout/           |          |
|    ep_len_mean     | 76.3     |
|    ep_rew_mean     | -15.9    |
|    success_rate    | 0.28     |
| time/              |          |
|    episodes        | 1136     |
|    fps             | 83       |
|    time_elapsed    | 1028     |
|    total_timesteps | 85508    |
| train/             |          |
|    actor_loss      | -134     |
|    critic_loss     | 44.2     |
|    ent_coef        | 0.001    |
|    learning_rate   | 0.0003   |
|    n_updates       | 770675   |
---------------------------------
---------------------------------
| rollout/           |          |
|    ep_len_mean     | 77.7     |
|    ep_rew_mean     | -15.8    |
|    success_rate    | 0.28     |
| time/              |          |
|    episodes        | 1140     |
|    fps             | 83       |
|    time_elapsed    | 1028     |
|    total_timesteps | 85564    |
| train/             |          |
|    actor_loss      | -137     |
|    critic_loss     | 24.1     |
|    ent_coef        | 0.001    |
|    learning_rate   | 0.0003   |
|    n_updates       | 770689   |
---------------------------------
---------------------------------
| rollout/           |          |
|    ep_len_mean     | 74.1     |
|    ep_rew_mean     | -15.1    |
|    success_rate    | 0.27     |
| time/              |          |
|    episodes        | 1144     |
|    fps             | 83       |
|    time_elapsed    | 1029     |
|    total_timesteps | 85632    |
| train/             |          |
|    actor_loss      | -136     |
|    critic_loss     | 125      |
|    ent_coef        | 0.001    |
|    learning_rate   | 0.0003   |
|    n_updates       | 770706   |
---------------------------------
---------------------------------
| rollout/           |          |
|    ep_len_mean     | 73       |
|    ep_rew_mean     | -14.9    |
|    success_rate    | 0.27     |
| time/              |          |
|    episodes        | 1148     |
|    fps             | 83       |
|    time_elapsed    | 1034     |
|    total_timesteps | 86208    |
| train/             |          |
|    actor_loss      | -133     |
|    critic_loss     | 69.9     |
|    ent_coef        | 0.001    |
|    learning_rate   | 0.0003   |
|    n_updates       | 770850   |
---------------------------------
---------------------------------
| rollout/           |          |
|    ep_len_mean     | 72.5     |
|    ep_rew_mean     | -15.4    |
|    success_rate    | 0.26     |
| time/              |          |
|    episodes        | 1152     |
|    fps             | 83       |
|    time_elapsed    | 1034     |
|    total_timesteps | 86232    |
| train/             |          |
|    actor_loss      | -133     |
|    critic_loss     | 74.5     |
|    ent_coef        | 0.001    |
|    learning_rate   | 0.0003   |
|    n_updates       | 770856   |
---------------------------------
---------------------------------
| rollout/           |          |
|    ep_len_mean     | 69.1     |
|    ep_rew_mean     | -15.2    |
|    success_rate    | 0.26     |
| time/              |          |
|    episodes        | 1156     |
|    fps             | 83       |
|    time_elapsed    | 1036     |
|    total_timesteps | 86388    |
| train/             |          |
|    actor_loss      | -135     |
|    critic_loss     | 55.3     |
|    ent_coef        | 0.001    |
|    learning_rate   | 0.0003   |
|    n_updates       | 770895   |
---------------------------------
---------------------------------
| rollout/           |          |
|    ep_len_mean     | 67.3     |
|    ep_rew_mean     | -15.8    |
|    success_rate    | 0.24     |
| time/              |          |
|    episodes        | 1160     |
|    fps             | 83       |
|    time_elapsed    | 1037     |
|    total_timesteps | 86548    |
| train/             |          |
|    actor_loss      | -134     |
|    critic_loss     | 78.7     |
|    ent_coef        | 0.001    |
|    learning_rate   | 0.0003   |
|    n_updates       | 770935   |
---------------------------------
---------------------------------
| rollout/           |          |
|    ep_len_mean     | 70       |
|    ep_rew_mean     | -22.5    |
|    success_rate    | 0.23     |
| time/              |          |
|    episodes        | 1164     |
|    fps             | 83       |
|    time_elapsed    | 1041     |
|    total_timesteps | 86956    |
| train/             |          |
|    actor_loss      | -134     |
|    critic_loss     | 113      |
|    ent_coef        | 0.001    |
|    learning_rate   | 0.0003   |
|    n_updates       | 771037   |
---------------------------------
---------------------------------
| rollout/           |          |
|    ep_len_mean     | 68.2     |
|    ep_rew_mean     | -21.6    |
|    success_rate    | 0.24     |
| time/              |          |
|    episodes        | 1168     |
|    fps             | 83       |
|    time_elapsed    | 1041     |
|    total_timesteps | 86984    |
| train/             |          |
|    actor_loss      | -135     |
|    critic_loss     | 99       |
|    ent_coef        | 0.001    |
|    learning_rate   | 0.0003   |
|    n_updates       | 771044   |
---------------------------------
---------------------------------
| rollout/           |          |
|    ep_len_mean     | 67       |
|    ep_rew_mean     | -21.5    |
|    success_rate    | 0.25     |
| time/              |          |
|    episodes        | 1172     |
|    fps             | 83       |
|    time_elapsed    | 1043     |
|    total_timesteps | 87132    |
| train/             |          |
|    actor_loss      | -136     |
|    critic_loss     | 88       |
|    ent_coef        | 0.001    |
|    learning_rate   | 0.0003   |
|    n_updates       | 771081   |
---------------------------------
---------------------------------
| rollout/           |          |
|    ep_len_mean     | 67.2     |
|    ep_rew_mean     | -22.2    |
|    success_rate    | 0.25     |
| time/              |          |
|    episodes        | 1176     |
|    fps             | 83       |
|    time_elapsed    | 1046     |
|    total_timesteps | 87480    |
| train/             |          |
|    actor_loss      | -139     |
|    critic_loss     | 55.7     |
|    ent_coef        | 0.001    |
|    learning_rate   | 0.0003   |
|    n_updates       | 771168   |
---------------------------------
---------------------------------
| rollout/           |          |
|    ep_len_mean     | 67.2     |
|    ep_rew_mean     | -22.4    |
|    success_rate    | 0.25     |
| time/              |          |
|    episodes        | 1180     |
|    fps             | 83       |
|    time_elapsed    | 1049     |
|    total_timesteps | 87856    |
| train/             |          |
|    actor_loss      | -135     |
|    critic_loss     | 46.4     |
|    ent_coef        | 0.001    |
|    learning_rate   | 0.0003   |
|    n_updates       | 771262   |
---------------------------------
---------------------------------
| rollout/           |          |
|    ep_len_mean     | 70.6     |
|    ep_rew_mean     | -23.1    |
|    success_rate    | 0.23     |
| time/              |          |
|    episodes        | 1184     |
|    fps             | 83       |
|    time_elapsed    | 1054     |
|    total_timesteps | 88500    |
| train/             |          |
|    actor_loss      | -135     |
|    critic_loss     | 22.2     |
|    ent_coef        | 0.001    |
|    learning_rate   | 0.0003   |
|    n_updates       | 771423   |
---------------------------------
---------------------------------
| rollout/           |          |
|    ep_len_mean     | 70.5     |
|    ep_rew_mean     | -23.4    |
|    success_rate    | 0.22     |
| time/              |          |
|    episodes        | 1188     |
|    fps             | 83       |
|    time_elapsed    | 1054     |
|    total_timesteps | 88548    |
| train/             |          |
|    actor_loss      | -134     |
|    critic_loss     | 99.9     |
|    ent_coef        | 0.001    |
|    learning_rate   | 0.0003   |
|    n_updates       | 771435   |
---------------------------------
---------------------------------
| rollout/           |          |
|    ep_len_mean     | 69.3     |
|    ep_rew_mean     | -28.1    |
|    success_rate    | 0.25     |
| time/              |          |
|    episodes        | 1192     |
|    fps             | 83       |
|    time_elapsed    | 1055     |
|    total_timesteps | 88668    |
| train/             |          |
|    actor_loss      | -132     |
|    critic_loss     | 129      |
|    ent_coef        | 0.001    |
|    learning_rate   | 0.0003   |
|    n_updates       | 771465   |
---------------------------------
---------------------------------
| rollout/           |          |
|    ep_len_mean     | 70.6     |
|    ep_rew_mean     | -27.4    |
|    success_rate    | 0.24     |
| time/              |          |
|    episodes        | 1196     |
|    fps             | 84       |
|    time_elapsed    | 1060     |
|    total_timesteps | 89320    |
| train/             |          |
|    actor_loss      | -134     |
|    critic_loss     | 49.9     |
|    ent_coef        | 0.001    |
|    learning_rate   | 0.0003   |
|    n_updates       | 771628   |
---------------------------------
---------------------------------
| rollout/           |          |
|    ep_len_mean     | 72.2     |
|    ep_rew_mean     | -27.6    |
|    success_rate    | 0.23     |
| time/              |          |
|    episodes        | 1200     |
|    fps             | 84       |
|    time_elapsed    | 1061     |
|    total_timesteps | 89368    |
| train/             |          |
|    actor_loss      | -135     |
|    critic_loss     | 81.5     |
|    ent_coef        | 0.001    |
|    learning_rate   | 0.0003   |
|    n_updates       | 771640   |
---------------------------------
---------------------------------
| rollout/           |          |
|    ep_len_mean     | 68.4     |
|    ep_rew_mean     | -27.7    |
|    success_rate    | 0.22     |
| time/              |          |
|    episodes        | 1204     |
|    fps             | 84       |
|    time_elapsed    | 1062     |
|    total_timesteps | 89428    |
| train/             |          |
|    actor_loss      | -134     |
|    critic_loss     | 22.4     |
|    ent_coef        | 0.001    |
|    learning_rate   | 0.0003   |
|    n_updates       | 771655   |
---------------------------------
Eval num_timesteps=90000, episode_reward=-39.39 +/- 33.77
Episode length: 121.62 +/- 71.88
Success rate: 30.00%
---------------------------------
| eval/              |          |
|    mean_ep_length  | 122      |
|    mean_reward     | -39.4    |
|    success_rate    | 0.3      |
| time/              |          |
|    total_timesteps | 90000    |
| train/             |          |
|    actor_loss      | -136     |
|    critic_loss     | 59.4     |
|    ent_coef        | 0.001    |
|    learning_rate   | 0.0003   |
|    n_updates       | 771798   |
---------------------------------
Eval num_timesteps=90000, episode_reward=-7.44 +/- 12.27
Episode length: 75.60 +/- 82.29
Success rate: 30.00%
---------------------------------
| eval/              |          |
|    mean_ep_length  | 75.6     |
|    mean_reward     | -7.44    |
|    success_rate    | 0.3      |
| time/              |          |
|    total_timesteps | 90000    |
---------------------------------
Eval num_timesteps=90000, episode_reward=-20.30 +/- 0.14
Episode length: 1.94 +/- 1.27
Success rate: 0.00%
---------------------------------
| eval/              |          |
|    mean_ep_length  | 1.94     |
|    mean_reward     | -20.3    |
|    success_rate    | 0        |
| time/              |          |
|    total_timesteps | 90000    |
---------------------------------
---------------------------------
| rollout/           |          |
|    ep_len_mean     | 74.1     |
|    ep_rew_mean     | -28.1    |
|    success_rate    | 0.21     |
| time/              |          |
|    episodes        | 1208     |
|    fps             | 81       |
|    time_elapsed    | 1105     |
|    total_timesteps | 90080    |
| train/             |          |
|    actor_loss      | -136     |
|    critic_loss     | 87.6     |
|    ent_coef        | 0.001    |
|    learning_rate   | 0.0003   |
|    n_updates       | 771818   |
---------------------------------
---------------------------------
| rollout/           |          |
|    ep_len_mean     | 74.5     |
|    ep_rew_mean     | -27.9    |
|    success_rate    | 0.22     |
| time/              |          |
|    episodes        | 1212     |
|    fps             | 81       |
|    time_elapsed    | 1111     |
|    total_timesteps | 90768    |
| train/             |          |
|    actor_loss      | -135     |
|    critic_loss     | 130      |
|    ent_coef        | 0.001    |
|    learning_rate   | 0.0003   |
|    n_updates       | 771990   |
---------------------------------
---------------------------------
| rollout/           |          |
|    ep_len_mean     | 75       |
|    ep_rew_mean     | -28.1    |
|    success_rate    | 0.21     |
| time/              |          |
|    episodes        | 1216     |
|    fps             | 81       |
|    time_elapsed    | 1114     |
|    total_timesteps | 91152    |
| train/             |          |
|    actor_loss      | -134     |
|    critic_loss     | 54       |
|    ent_coef        | 0.001    |
|    learning_rate   | 0.0003   |
|    n_updates       | 772086   |
---------------------------------
---------------------------------
| rollout/           |          |
|    ep_len_mean     | 73.4     |
|    ep_rew_mean     | -28.1    |
|    success_rate    | 0.21     |
| time/              |          |
|    episodes        | 1220     |
|    fps             | 81       |
|    time_elapsed    | 1115     |
|    total_timesteps | 91204    |
| train/             |          |
|    actor_loss      | -134     |
|    critic_loss     | 51.4     |
|    ent_coef        | 0.001    |
|    learning_rate   | 0.0003   |
|    n_updates       | 772099   |
---------------------------------
---------------------------------
| rollout/           |          |
|    ep_len_mean     | 70.2     |
|    ep_rew_mean     | -28.4    |
|    success_rate    | 0.22     |
| time/              |          |
|    episodes        | 1224     |
|    fps             | 81       |
|    time_elapsed    | 1118     |
|    total_timesteps | 91584    |
| train/             |          |
|    actor_loss      | -136     |
|    critic_loss     | 124      |
|    ent_coef        | 0.001    |
|    learning_rate   | 0.0003   |
|    n_updates       | 772194   |
---------------------------------
---------------------------------
| rollout/           |          |
|    ep_len_mean     | 69.1     |
|    ep_rew_mean     | -29.4    |
|    success_rate    | 0.22     |
| time/              |          |
|    episodes        | 1228     |
|    fps             | 81       |
|    time_elapsed    | 1119     |
|    total_timesteps | 91704    |
| train/             |          |
|    actor_loss      | -136     |
|    critic_loss     | 103      |
|    ent_coef        | 0.001    |
|    learning_rate   | 0.0003   |
|    n_updates       | 772224   |
---------------------------------
---------------------------------
| rollout/           |          |
|    ep_len_mean     | 64.6     |
|    ep_rew_mean     | -29      |
|    success_rate    | 0.25     |
| time/              |          |
|    episodes        | 1232     |
|    fps             | 81       |
|    time_elapsed    | 1120     |
|    total_timesteps | 91800    |
| train/             |          |
|    actor_loss      | -134     |
|    critic_loss     | 96       |
|    ent_coef        | 0.001    |
|    learning_rate   | 0.0003   |
|    n_updates       | 772248   |
---------------------------------
---------------------------------
| rollout/           |          |
|    ep_len_mean     | 64.7     |
|    ep_rew_mean     | -28.7    |
|    success_rate    | 0.26     |
| time/              |          |
|    episodes        | 1236     |
|    fps             | 81       |
|    time_elapsed    | 1121     |
|    total_timesteps | 91900    |
| train/             |          |
|    actor_loss      | -137     |
|    critic_loss     | 137      |
|    ent_coef        | 0.001    |
|    learning_rate   | 0.0003   |
|    n_updates       | 772273   |
---------------------------------
---------------------------------
| rollout/           |          |
|    ep_len_mean     | 63.4     |
|    ep_rew_mean     | -28.9    |
|    success_rate    | 0.27     |
| time/              |          |
|    episodes        | 1240     |
|    fps             | 81       |
|    time_elapsed    | 1123     |
|    total_timesteps | 92016    |
| train/             |          |
|    actor_loss      | -137     |
|    critic_loss     | 70       |
|    ent_coef        | 0.001    |
|    learning_rate   | 0.0003   |
|    n_updates       | 772302   |
---------------------------------
---------------------------------
| rollout/           |          |
|    ep_len_mean     | 65.7     |
|    ep_rew_mean     | -30      |
|    success_rate    | 0.27     |
| time/              |          |
|    episodes        | 1244     |
|    fps             | 82       |
|    time_elapsed    | 1125     |
|    total_timesteps | 92328    |
| train/             |          |
|    actor_loss      | -138     |
|    critic_loss     | 19.2     |
|    ent_coef        | 0.001    |
|    learning_rate   | 0.0003   |
|    n_updates       | 772380   |
---------------------------------
---------------------------------
| rollout/           |          |
|    ep_len_mean     | 65.1     |
|    ep_rew_mean     | -29.7    |
|    success_rate    | 0.28     |
| time/              |          |
|    episodes        | 1248     |
|    fps             | 82       |
|    time_elapsed    | 1127     |
|    total_timesteps | 92560    |
| train/             |          |
|    actor_loss      | -137     |
|    critic_loss     | 124      |
|    ent_coef        | 0.001    |
|    learning_rate   | 0.0003   |
|    n_updates       | 772438   |
---------------------------------
---------------------------------
| rollout/           |          |
|    ep_len_mean     | 66.1     |
|    ep_rew_mean     | -28      |
|    success_rate    | 0.31     |
| time/              |          |
|    episodes        | 1252     |
|    fps             | 82       |
|    time_elapsed    | 1129     |
|    total_timesteps | 92716    |
| train/             |          |
|    actor_loss      | -137     |
|    critic_loss     | 83.4     |
|    ent_coef        | 0.001    |
|    learning_rate   | 0.0003   |
|    n_updates       | 772477   |
---------------------------------
---------------------------------
| rollout/           |          |
|    ep_len_mean     | 64.4     |
|    ep_rew_mean     | -28.1    |
|    success_rate    | 0.31     |
| time/              |          |
|    episodes        | 1256     |
|    fps             | 82       |
|    time_elapsed    | 1130     |
|    total_timesteps | 92808    |
| train/             |          |
|    actor_loss      | -134     |
|    critic_loss     | 22.6     |
|    ent_coef        | 0.001    |
|    learning_rate   | 0.0003   |
|    n_updates       | 772500   |
---------------------------------
---------------------------------
| rollout/           |          |
|    ep_len_mean     | 66.1     |
|    ep_rew_mean     | -27.8    |
|    success_rate    | 0.31     |
| time/              |          |
|    episodes        | 1260     |
|    fps             | 82       |
|    time_elapsed    | 1134     |
|    total_timesteps | 93296    |
| train/             |          |
|    actor_loss      | -132     |
|    critic_loss     | 80.3     |
|    ent_coef        | 0.001    |
|    learning_rate   | 0.0003   |
|    n_updates       | 772622   |
---------------------------------
---------------------------------
| rollout/           |          |
|    ep_len_mean     | 65.2     |
|    ep_rew_mean     | -20.6    |
|    success_rate    | 0.33     |
| time/              |          |
|    episodes        | 1264     |
|    fps             | 82       |
|    time_elapsed    | 1136     |
|    total_timesteps | 93532    |
| train/             |          |
|    actor_loss      | -135     |
|    critic_loss     | 23       |
|    ent_coef        | 0.001    |
|    learning_rate   | 0.0003   |
|    n_updates       | 772681   |
---------------------------------
---------------------------------
| rollout/           |          |
|    ep_len_mean     | 65.5     |
|    ep_rew_mean     | -20.5    |
|    success_rate    | 0.34     |
| time/              |          |
|    episodes        | 1268     |
|    fps             | 82       |
|    time_elapsed    | 1137     |
|    total_timesteps | 93596    |
| train/             |          |
|    actor_loss      | -133     |
|    critic_loss     | 25.8     |
|    ent_coef        | 0.001    |
|    learning_rate   | 0.0003   |
|    n_updates       | 772697   |
---------------------------------
---------------------------------
| rollout/           |          |
|    ep_len_mean     | 67.2     |
|    ep_rew_mean     | -20      |
|    success_rate    | 0.34     |
| time/              |          |
|    episodes        | 1272     |
|    fps             | 82       |
|    time_elapsed    | 1139     |
|    total_timesteps | 93880    |
| train/             |          |
|    actor_loss      | -135     |
|    critic_loss     | 61       |
|    ent_coef        | 0.001    |
|    learning_rate   | 0.0003   |
|    n_updates       | 772768   |
---------------------------------
---------------------------------
| rollout/           |          |
|    ep_len_mean     | 65.6     |
|    ep_rew_mean     | -18.5    |
|    success_rate    | 0.36     |
| time/              |          |
|    episodes        | 1276     |
|    fps             | 82       |
|    time_elapsed    | 1141     |
|    total_timesteps | 94052    |
| train/             |          |
|    actor_loss      | -136     |
|    critic_loss     | 132      |
|    ent_coef        | 0.001    |
|    learning_rate   | 0.0003   |
|    n_updates       | 772811   |
---------------------------------
---------------------------------
| rollout/           |          |
|    ep_len_mean     | 60.9     |
|    ep_rew_mean     | -17.6    |
|    success_rate    | 0.39     |
| time/              |          |
|    episodes        | 1280     |
|    fps             | 82       |
|    time_elapsed    | 1142     |
|    total_timesteps | 94148    |
| train/             |          |
|    actor_loss      | -134     |
|    critic_loss     | 28.9     |
|    ent_coef        | 0.001    |
|    learning_rate   | 0.0003   |
|    n_updates       | 772835   |
---------------------------------
---------------------------------
| rollout/           |          |
|    ep_len_mean     | 58.7     |
|    ep_rew_mean     | -17.1    |
|    success_rate    | 0.4      |
| time/              |          |
|    episodes        | 1284     |
|    fps             | 82       |
|    time_elapsed    | 1143     |
|    total_timesteps | 94204    |
| train/             |          |
|    actor_loss      | -137     |
|    critic_loss     | 121      |
|    ent_coef        | 0.001    |
|    learning_rate   | 0.0003   |
|    n_updates       | 772849   |
---------------------------------
---------------------------------
| rollout/           |          |
|    ep_len_mean     | 58.9     |
|    ep_rew_mean     | -17.1    |
|    success_rate    | 0.4      |
| time/              |          |
|    episodes        | 1288     |
|    fps             | 82       |
|    time_elapsed    | 1143     |
|    total_timesteps | 94264    |
| train/             |          |
|    actor_loss      | -132     |
|    critic_loss     | 69.9     |
|    ent_coef        | 0.001    |
|    learning_rate   | 0.0003   |
|    n_updates       | 772864   |
---------------------------------
---------------------------------
| rollout/           |          |
|    ep_len_mean     | 60       |
|    ep_rew_mean     | -14.3    |
|    success_rate    | 0.37     |
| time/              |          |
|    episodes        | 1292     |
|    fps             | 82       |
|    time_elapsed    | 1148     |
|    total_timesteps | 94904    |
| train/             |          |
|    actor_loss      | -136     |
|    critic_loss     | 31.2     |
|    ent_coef        | 0.001    |
|    learning_rate   | 0.0003   |
|    n_updates       | 773024   |
---------------------------------
---------------------------------
| rollout/           |          |
|    ep_len_mean     | 58.3     |
|    ep_rew_mean     | -17.7    |
|    success_rate    | 0.38     |
| time/              |          |
|    episodes        | 1296     |
|    fps             | 82       |
|    time_elapsed    | 1149     |
|    total_timesteps | 94972    |
| train/             |          |
|    actor_loss      | -137     |
|    critic_loss     | 68.5     |
|    ent_coef        | 0.001    |
|    learning_rate   | 0.0003   |
|    n_updates       | 773041   |
---------------------------------
---------------------------------
| rollout/           |          |
|    ep_len_mean     | 57.3     |
|    ep_rew_mean     | -17.3    |
|    success_rate    | 0.41     |
| time/              |          |
|    episodes        | 1300     |
|    fps             | 82       |
|    time_elapsed    | 1151     |
|    total_timesteps | 95144    |
| train/             |          |
|    actor_loss      | -138     |
|    critic_loss     | 51.6     |
|    ent_coef        | 0.001    |
|    learning_rate   | 0.0003   |
|    n_updates       | 773084   |
---------------------------------
---------------------------------
| rollout/           |          |
|    ep_len_mean     | 61.9     |
|    ep_rew_mean     | -17.5    |
|    success_rate    | 0.42     |
| time/              |          |
|    episodes        | 1304     |
|    fps             | 82       |
|    time_elapsed    | 1155     |
|    total_timesteps | 95716    |
| train/             |          |
|    actor_loss      | -136     |
|    critic_loss     | 48.9     |
|    ent_coef        | 0.001    |
|    learning_rate   | 0.0003   |
|    n_updates       | 773227   |
---------------------------------
---------------------------------
| rollout/           |          |
|    ep_len_mean     | 55.6     |
|    ep_rew_mean     | -17.4    |
|    success_rate    | 0.42     |
| time/              |          |
|    episodes        | 1308     |
|    fps             | 82       |
|    time_elapsed    | 1156     |
|    total_timesteps | 95780    |
| train/             |          |
|    actor_loss      | -134     |
|    critic_loss     | 97.6     |
|    ent_coef        | 0.001    |
|    learning_rate   | 0.0003   |
|    n_updates       | 773243   |
---------------------------------
---------------------------------
| rollout/           |          |
|    ep_len_mean     | 55.2     |
|    ep_rew_mean     | -21.3    |
|    success_rate    | 0.42     |
| time/              |          |
|    episodes        | 1312     |
|    fps             | 82       |
|    time_elapsed    | 1160     |
|    total_timesteps | 96244    |
| train/             |          |
|    actor_loss      | -133     |
|    critic_loss     | 112      |
|    ent_coef        | 0.001    |
|    learning_rate   | 0.0003   |
|    n_updates       | 773359   |
---------------------------------
---------------------------------
| rollout/           |          |
|    ep_len_mean     | 52.1     |
|    ep_rew_mean     | -21.2    |
|    success_rate    | 0.45     |
| time/              |          |
|    episodes        | 1316     |
|    fps             | 82       |
|    time_elapsed    | 1161     |
|    total_timesteps | 96336    |
| train/             |          |
|    actor_loss      | -139     |
|    critic_loss     | 25.3     |
|    ent_coef        | 0.001    |
|    learning_rate   | 0.0003   |
|    n_updates       | 773382   |
---------------------------------
---------------------------------
| rollout/           |          |
|    ep_len_mean     | 53.8     |
|    ep_rew_mean     | -20.8    |
|    success_rate    | 0.46     |
| time/              |          |
|    episodes        | 1320     |
|    fps             | 82       |
|    time_elapsed    | 1162     |
|    total_timesteps | 96516    |
| train/             |          |
|    actor_loss      | -134     |
|    critic_loss     | 36.8     |
|    ent_coef        | 0.001    |
|    learning_rate   | 0.0003   |
|    n_updates       | 773427   |
---------------------------------
---------------------------------
| rollout/           |          |
|    ep_len_mean     | 56.2     |
|    ep_rew_mean     | -22.4    |
|    success_rate    | 0.45     |
| time/              |          |
|    episodes        | 1324     |
|    fps             | 83       |
|    time_elapsed    | 1167     |
|    total_timesteps | 97036    |
| train/             |          |
|    actor_loss      | -136     |
|    critic_loss     | 24.4     |
|    ent_coef        | 0.001    |
|    learning_rate   | 0.0003   |
|    n_updates       | 773557   |
---------------------------------
---------------------------------
| rollout/           |          |
|    ep_len_mean     | 53.8     |
|    ep_rew_mean     | -21.4    |
|    success_rate    | 0.46     |
| time/              |          |
|    episodes        | 1328     |
|    fps             | 83       |
|    time_elapsed    | 1167     |
|    total_timesteps | 97084    |
| train/             |          |
|    actor_loss      | -135     |
|    critic_loss     | 67       |
|    ent_coef        | 0.001    |
|    learning_rate   | 0.0003   |
|    n_updates       | 773569   |
---------------------------------
---------------------------------
| rollout/           |          |
|    ep_len_mean     | 53.3     |
|    ep_rew_mean     | -21.6    |
|    success_rate    | 0.45     |
| time/              |          |
|    episodes        | 1332     |
|    fps             | 83       |
|    time_elapsed    | 1168     |
|    total_timesteps | 97168    |
| train/             |          |
|    actor_loss      | -136     |
|    critic_loss     | 44       |
|    ent_coef        | 0.001    |
|    learning_rate   | 0.0003   |
|    n_updates       | 773590   |
---------------------------------
---------------------------------
| rollout/           |          |
|    ep_len_mean     | 53.2     |
|    ep_rew_mean     | -21.8    |
|    success_rate    | 0.45     |
| time/              |          |
|    episodes        | 1336     |
|    fps             | 83       |
|    time_elapsed    | 1169     |
|    total_timesteps | 97216    |
| train/             |          |
|    actor_loss      | -136     |
|    critic_loss     | 27.6     |
|    ent_coef        | 0.001    |
|    learning_rate   | 0.0003   |
|    n_updates       | 773602   |
---------------------------------
---------------------------------
| rollout/           |          |
|    ep_len_mean     | 55.8     |
|    ep_rew_mean     | -21.2    |
|    success_rate    | 0.46     |
| time/              |          |
|    episodes        | 1340     |
|    fps             | 83       |
|    time_elapsed    | 1173     |
|    total_timesteps | 97720    |
| train/             |          |
|    actor_loss      | -136     |
|    critic_loss     | 107      |
|    ent_coef        | 0.001    |
|    learning_rate   | 0.0003   |
|    n_updates       | 773728   |
---------------------------------
---------------------------------
| rollout/           |          |
|    ep_len_mean     | 55.3     |
|    ep_rew_mean     | -19.8    |
|    success_rate    | 0.47     |
| time/              |          |
|    episodes        | 1344     |
|    fps             | 83       |
|    time_elapsed    | 1174     |
|    total_timesteps | 97788    |
| train/             |          |
|    actor_loss      | -131     |
|    critic_loss     | 77       |
|    ent_coef        | 0.001    |
|    learning_rate   | 0.0003   |
|    n_updates       | 773745   |
---------------------------------
---------------------------------
| rollout/           |          |
|    ep_len_mean     | 53.5     |
|    ep_rew_mean     | -19.6    |
|    success_rate    | 0.48     |
| time/              |          |
|    episodes        | 1348     |
|    fps             | 83       |
|    time_elapsed    | 1175     |
|    total_timesteps | 97848    |
| train/             |          |
|    actor_loss      | -131     |
|    critic_loss     | 25.7     |
|    ent_coef        | 0.001    |
|    learning_rate   | 0.0003   |
|    n_updates       | 773760   |
---------------------------------
---------------------------------
| rollout/           |          |
|    ep_len_mean     | 52.6     |
|    ep_rew_mean     | -20      |
|    success_rate    | 0.47     |
| time/              |          |
|    episodes        | 1352     |
|    fps             | 83       |
|    time_elapsed    | 1177     |
|    total_timesteps | 98128    |
| train/             |          |
|    actor_loss      | -132     |
|    critic_loss     | 55.7     |
|    ent_coef        | 0.001    |
|    learning_rate   | 0.0003   |
|    n_updates       | 773830   |
---------------------------------
---------------------------------
| rollout/           |          |
|    ep_len_mean     | 53.9     |
|    ep_rew_mean     | -19.9    |
|    success_rate    | 0.48     |
| time/              |          |
|    episodes        | 1356     |
|    fps             | 83       |
|    time_elapsed    | 1178     |
|    total_timesteps | 98152    |
| train/             |          |
|    actor_loss      | -136     |
|    critic_loss     | 56.3     |
|    ent_coef        | 0.001    |
|    learning_rate   | 0.0003   |
|    n_updates       | 773836   |
---------------------------------
---------------------------------
| rollout/           |          |
|    ep_len_mean     | 51.6     |
|    ep_rew_mean     | -19.7    |
|    success_rate    | 0.5      |
| time/              |          |
|    episodes        | 1360     |
|    fps             | 83       |
|    time_elapsed    | 1179     |
|    total_timesteps | 98304    |
| train/             |          |
|    actor_loss      | -132     |
|    critic_loss     | 115      |
|    ent_coef        | 0.001    |
|    learning_rate   | 0.0003   |
|    n_updates       | 773874   |
---------------------------------
---------------------------------
| rollout/           |          |
|    ep_len_mean     | 53       |
|    ep_rew_mean     | -20.3    |
|    success_rate    | 0.49     |
| time/              |          |
|    episodes        | 1364     |
|    fps             | 83       |
|    time_elapsed    | 1184     |
|    total_timesteps | 98892    |
| train/             |          |
|    actor_loss      | -130     |
|    critic_loss     | 61.1     |
|    ent_coef        | 0.001    |
|    learning_rate   | 0.0003   |
|    n_updates       | 774021   |
---------------------------------
---------------------------------
| rollout/           |          |
|    ep_len_mean     | 52.8     |
|    ep_rew_mean     | -20.1    |
|    success_rate    | 0.49     |
| time/              |          |
|    episodes        | 1368     |
|    fps             | 83       |
|    time_elapsed    | 1185     |
|    total_timesteps | 99016    |
| train/             |          |
|    actor_loss      | -131     |
|    critic_loss     | 65.8     |
|    ent_coef        | 0.001    |
|    learning_rate   | 0.0003   |
|    n_updates       | 774052   |
---------------------------------
---------------------------------
| rollout/           |          |
|    ep_len_mean     | 51.9     |
|    ep_rew_mean     | -21.2    |
|    success_rate    | 0.46     |
| time/              |          |
|    episodes        | 1372     |
|    fps             | 83       |
|    time_elapsed    | 1186     |
|    total_timesteps | 99052    |
| train/             |          |
|    actor_loss      | -131     |
|    critic_loss     | 49.4     |
|    ent_coef        | 0.001    |
|    learning_rate   | 0.0003   |
|    n_updates       | 774061   |
---------------------------------
---------------------------------
| rollout/           |          |
|    ep_len_mean     | 53.1     |
|    ep_rew_mean     | -21.2    |
|    success_rate    | 0.46     |
| time/              |          |
|    episodes        | 1376     |
|    fps             | 83       |
|    time_elapsed    | 1188     |
|    total_timesteps | 99260    |
| train/             |          |
|    actor_loss      | -129     |
|    critic_loss     | 78.2     |
|    ent_coef        | 0.001    |
|    learning_rate   | 0.0003   |
|    n_updates       | 774113   |
---------------------------------
---------------------------------
| rollout/           |          |
|    ep_len_mean     | 54.8     |
|    ep_rew_mean     | -21.5    |
|    success_rate    | 0.45     |
| time/              |          |
|    episodes        | 1380     |
|    fps             | 83       |
|    time_elapsed    | 1190     |
|    total_timesteps | 99552    |
| train/             |          |
|    actor_loss      | -132     |
|    critic_loss     | 68.9     |
|    ent_coef        | 0.001    |
|    learning_rate   | 0.0003   |
|    n_updates       | 774186   |
---------------------------------
---------------------------------
| rollout/           |          |
|    ep_len_mean     | 56.5     |
|    ep_rew_mean     | -22.4    |
|    success_rate    | 0.43     |
| time/              |          |
|    episodes        | 1384     |
|    fps             | 83       |
|    time_elapsed    | 1194     |
|    total_timesteps | 99972    |
| train/             |          |
|    actor_loss      | -132     |
|    critic_loss     | 120      |
|    ent_coef        | 0.001    |
|    learning_rate   | 0.0003   |
|    n_updates       | 774291   |
---------------------------------
Eval num_timesteps=100000, episode_reward=-55.43 +/- 83.23
Episode length: 117.96 +/- 72.85
Success rate: 40.00%
---------------------------------
| eval/              |          |
|    mean_ep_length  | 118      |
|    mean_reward     | -55.4    |
|    success_rate    | 0.4      |
| time/              |          |
|    total_timesteps | 100000   |
| train/             |          |
|    actor_loss      | -129     |
|    critic_loss     | 86.1     |
|    ent_coef        | 0.001    |
|    learning_rate   | 0.0003   |
|    n_updates       | 774298   |
---------------------------------
[DenseSuccessCallback - transit] New best: 40.0% -> ./checkpoints/dense_refinement_20260423_235832/best_model_transit.zip
Eval num_timesteps=100000, episode_reward=-1.04 +/- 11.67
Episode length: 78.66 +/- 82.21
Success rate: 54.00%
---------------------------------
| eval/              |          |
|    mean_ep_length  | 78.7     |
|    mean_reward     | -1.04    |
|    success_rate    | 0.54     |
| time/              |          |
|    total_timesteps | 100000   |
---------------------------------
Eval num_timesteps=100000, episode_reward=-20.35 +/- 0.19
Episode length: 2.12 +/- 2.02
Success rate: 0.00%
---------------------------------
| eval/              |          |
|    mean_ep_length  | 2.12     |
|    mean_reward     | -20.3    |
|    success_rate    | 0        |
| time/              |          |
|    total_timesteps | 100000   |
---------------------------------
---------------------------------
| rollout/           |          |
|    ep_len_mean     | 58.7     |
|    ep_rew_mean     | -22.3    |
|    success_rate    | 0.43     |
| time/              |          |
|    episodes        | 1388     |
|    fps             | 81       |
|    time_elapsed    | 1235     |
|    total_timesteps | 100268   |
| train/             |          |
|    actor_loss      | -129     |
|    critic_loss     | 170      |
|    ent_coef        | 0.001    |
|    learning_rate   | 0.0003   |
|    n_updates       | 774365   |
---------------------------------
---------------------------------
| rollout/           |          |
|    ep_len_mean     | 56.2     |
|    ep_rew_mean     | -19.8    |
|    success_rate    | 0.45     |
| time/              |          |
|    episodes        | 1392     |
|    fps             | 81       |
|    time_elapsed    | 1237     |
|    total_timesteps | 100432   |
| train/             |          |
|    actor_loss      | -129     |
|    critic_loss     | 85.8     |
|    ent_coef        | 0.001    |
|    learning_rate   | 0.0003   |
|    n_updates       | 774406   |
---------------------------------
---------------------------------
| rollout/           |          |
|    ep_len_mean     | 56.4     |
|    ep_rew_mean     | -16.2    |
|    success_rate    | 0.45     |
| time/              |          |
|    episodes        | 1396     |
|    fps             | 81       |
|    time_elapsed    | 1241     |
|    total_timesteps | 100968   |
| train/             |          |
|    actor_loss      | -131     |
|    critic_loss     | 103      |
|    ent_coef        | 0.001    |
|    learning_rate   | 0.0003   |
|    n_updates       | 774540   |
---------------------------------
---------------------------------
| rollout/           |          |
|    ep_len_mean     | 60.9     |
|    ep_rew_mean     | -16.7    |
|    success_rate    | 0.42     |
| time/              |          |
|    episodes        | 1400     |
|    fps             | 81       |
|    time_elapsed    | 1243     |
|    total_timesteps | 101256   |
| train/             |          |
|    actor_loss      | -129     |
|    critic_loss     | 94       |
|    ent_coef        | 0.001    |
|    learning_rate   | 0.0003   |
|    n_updates       | 774612   |
---------------------------------
---------------------------------
| rollout/           |          |
|    ep_len_mean     | 59.6     |
|    ep_rew_mean     | -17.3    |
|    success_rate    | 0.41     |
| time/              |          |
|    episodes        | 1404     |
|    fps             | 81       |
|    time_elapsed    | 1247     |
|    total_timesteps | 101676   |
| train/             |          |
|    actor_loss      | -133     |
|    critic_loss     | 111      |
|    ent_coef        | 0.001    |
|    learning_rate   | 0.0003   |
|    n_updates       | 774717   |
---------------------------------
---------------------------------
| rollout/           |          |
|    ep_len_mean     | 59.6     |
|    ep_rew_mean     | -17.1    |
|    success_rate    | 0.42     |
| time/              |          |
|    episodes        | 1408     |
|    fps             | 81       |
|    time_elapsed    | 1248     |
|    total_timesteps | 101808   |
| train/             |          |
|    actor_loss      | -133     |
|    critic_loss     | 96.3     |
|    ent_coef        | 0.001    |
|    learning_rate   | 0.0003   |
|    n_updates       | 774750   |
---------------------------------
---------------------------------
| rollout/           |          |
|    ep_len_mean     | 58.6     |
|    ep_rew_mean     | -12.6    |
|    success_rate    | 0.44     |
| time/              |          |
|    episodes        | 1412     |
|    fps             | 81       |
|    time_elapsed    | 1249     |
|    total_timesteps | 101944   |
| train/             |          |
|    actor_loss      | -134     |
|    critic_loss     | 130      |
|    ent_coef        | 0.001    |
|    learning_rate   | 0.0003   |
|    n_updates       | 774784   |
---------------------------------
---------------------------------
| rollout/           |          |
|    ep_len_mean     | 61.1     |
|    ep_rew_mean     | -13      |
|    success_rate    | 0.42     |
| time/              |          |
|    episodes        | 1416     |
|    fps             | 81       |
|    time_elapsed    | 1254     |
|    total_timesteps | 102620   |
| train/             |          |
|    actor_loss      | -133     |
|    critic_loss     | 92.1     |
|    ent_coef        | 0.001    |
|    learning_rate   | 0.0003   |
|    n_updates       | 774953   |
---------------------------------
---------------------------------
| rollout/           |          |
|    ep_len_mean     | 61.1     |
|    ep_rew_mean     | -13.5    |
|    success_rate    | 0.41     |
| time/              |          |
|    episodes        | 1420     |
|    fps             | 81       |
|    time_elapsed    | 1255     |
|    total_timesteps | 102704   |
| train/             |          |
|    actor_loss      | -132     |
|    critic_loss     | 92.8     |
|    ent_coef        | 0.001    |
|    learning_rate   | 0.0003   |
|    n_updates       | 774974   |
---------------------------------
---------------------------------
| rollout/           |          |
|    ep_len_mean     | 58.6     |
|    ep_rew_mean     | -15.1    |
|    success_rate    | 0.42     |
| time/              |          |
|    episodes        | 1424     |
|    fps             | 81       |
|    time_elapsed    | 1256     |
|    total_timesteps | 102804   |
| train/             |          |
|    actor_loss      | -131     |
|    critic_loss     | 41.7     |
|    ent_coef        | 0.001    |
|    learning_rate   | 0.0003   |
|    n_updates       | 774999   |
---------------------------------
---------------------------------
| rollout/           |          |
|    ep_len_mean     | 62.6     |
|    ep_rew_mean     | -15.1    |
|    success_rate    | 0.42     |
| time/              |          |
|    episodes        | 1428     |
|    fps             | 82       |
|    time_elapsed    | 1261     |
|    total_timesteps | 103472   |
| train/             |          |
|    actor_loss      | -132     |
|    critic_loss     | 27.6     |
|    ent_coef        | 0.001    |
|    learning_rate   | 0.0003   |
|    n_updates       | 775166   |
---------------------------------
---------------------------------
| rollout/           |          |
|    ep_len_mean     | 65.9     |
|    ep_rew_mean     | -15.5    |
|    success_rate    | 0.4      |
| time/              |          |
|    episodes        | 1432     |
|    fps             | 82       |
|    time_elapsed    | 1263     |
|    total_timesteps | 103700   |
| train/             |          |
|    actor_loss      | -130     |
|    critic_loss     | 136      |
|    ent_coef        | 0.001    |
|    learning_rate   | 0.0003   |
|    n_updates       | 775223   |
---------------------------------
---------------------------------
| rollout/           |          |
|    ep_len_mean     | 66.1     |
|    ep_rew_mean     | -15.2    |
|    success_rate    | 0.41     |
| time/              |          |
|    episodes        | 1436     |
|    fps             | 82       |
|    time_elapsed    | 1266     |
|    total_timesteps | 104104   |
| train/             |          |
|    actor_loss      | -133     |
|    critic_loss     | 136      |
|    ent_coef        | 0.001    |
|    learning_rate   | 0.0003   |
|    n_updates       | 775324   |
---------------------------------
---------------------------------
| rollout/           |          |
|    ep_len_mean     | 66.7     |
|    ep_rew_mean     | -18.3    |
|    success_rate    | 0.39     |
| time/              |          |
|    episodes        | 1440     |
|    fps             | 82       |
|    time_elapsed    | 1267     |
|    total_timesteps | 104204   |
| train/             |          |
|    actor_loss      | -134     |
|    critic_loss     | 52.2     |
|    ent_coef        | 0.001    |
|    learning_rate   | 0.0003   |
|    n_updates       | 775349   |
---------------------------------
---------------------------------
| rollout/           |          |
|    ep_len_mean     | 71.3     |
|    ep_rew_mean     | -19      |
|    success_rate    | 0.38     |
| time/              |          |
|    episodes        | 1444     |
|    fps             | 82       |
|    time_elapsed    | 1272     |
|    total_timesteps | 104904   |
| train/             |          |
|    actor_loss      | -132     |
|    critic_loss     | 91.4     |
|    ent_coef        | 0.001    |
|    learning_rate   | 0.0003   |
|    n_updates       | 775524   |
---------------------------------
---------------------------------
| rollout/           |          |
|    ep_len_mean     | 71.5     |
|    ep_rew_mean     | -19      |
|    success_rate    | 0.38     |
| time/              |          |
|    episodes        | 1448     |
|    fps             | 82       |
|    time_elapsed    | 1274     |
|    total_timesteps | 105056   |
| train/             |          |
|    actor_loss      | -135     |
|    critic_loss     | 24.9     |
|    ent_coef        | 0.001    |
|    learning_rate   | 0.0003   |
|    n_updates       | 775562   |
---------------------------------
---------------------------------
| rollout/           |          |
|    ep_len_mean     | 69.7     |
|    ep_rew_mean     | -19.3    |
|    success_rate    | 0.37     |
| time/              |          |
|    episodes        | 1452     |
|    fps             | 82       |
|    time_elapsed    | 1275     |
|    total_timesteps | 105104   |
| train/             |          |
|    actor_loss      | -134     |
|    critic_loss     | 41.7     |
|    ent_coef        | 0.001    |
|    learning_rate   | 0.0003   |
|    n_updates       | 775574   |
---------------------------------
---------------------------------
| rollout/           |          |
|    ep_len_mean     | 68.3     |
|    ep_rew_mean     | -19.7    |
|    success_rate    | 0.35     |
| time/              |          |
|    episodes        | 1456     |
|    fps             | 82       |
|    time_elapsed    | 1275     |
|    total_timesteps | 105140   |
| train/             |          |
|    actor_loss      | -133     |
|    critic_loss     | 58.9     |
|    ent_coef        | 0.001    |
|    learning_rate   | 0.0003   |
|    n_updates       | 775583   |
---------------------------------
---------------------------------
| rollout/           |          |
|    ep_len_mean     | 70.6     |
|    ep_rew_mean     | -20      |
|    success_rate    | 0.33     |
| time/              |          |
|    episodes        | 1460     |
|    fps             | 82       |
|    time_elapsed    | 1278     |
|    total_timesteps | 105428   |
| train/             |          |
|    actor_loss      | -134     |
|    critic_loss     | 61.5     |
|    ent_coef        | 0.001    |
|    learning_rate   | 0.0003   |
|    n_updates       | 775655   |
---------------------------------
---------------------------------
| rollout/           |          |
|    ep_len_mean     | 70.7     |
|    ep_rew_mean     | -19.9    |
|    success_rate    | 0.33     |
| time/              |          |
|    episodes        | 1464     |
|    fps             | 82       |
|    time_elapsed    | 1282     |
|    total_timesteps | 105952   |
| train/             |          |
|    actor_loss      | -135     |
|    critic_loss     | 51.7     |
|    ent_coef        | 0.001    |
|    learning_rate   | 0.0003   |
|    n_updates       | 775786   |
---------------------------------
---------------------------------
| rollout/           |          |
|    ep_len_mean     | 72.2     |
|    ep_rew_mean     | -20.4    |
|    success_rate    | 0.31     |
| time/              |          |
|    episodes        | 1468     |
|    fps             | 82       |
|    time_elapsed    | 1284     |
|    total_timesteps | 106220   |
| train/             |          |
|    actor_loss      | -133     |
|    critic_loss     | 42.5     |
|    ent_coef        | 0.001    |
|    learning_rate   | 0.0003   |
|    n_updates       | 775853   |
---------------------------------
---------------------------------
| rollout/           |          |
|    ep_len_mean     | 75.7     |
|    ep_rew_mean     | -19.9    |
|    success_rate    | 0.31     |
| time/              |          |
|    episodes        | 1472     |
|    fps             | 82       |
|    time_elapsed    | 1288     |
|    total_timesteps | 106688   |
| train/             |          |
|    actor_loss      | -137     |
|    critic_loss     | 97.3     |
|    ent_coef        | 0.001    |
|    learning_rate   | 0.0003   |
|    n_updates       | 775970   |
---------------------------------
---------------------------------
| rollout/           |          |
|    ep_len_mean     | 77.9     |
|    ep_rew_mean     | -20.5    |
|    success_rate    | 0.3      |
| time/              |          |
|    episodes        | 1476     |
|    fps             | 82       |
|    time_elapsed    | 1290     |
|    total_timesteps | 107020   |
| train/             |          |
|    actor_loss      | -138     |
|    critic_loss     | 21.1     |
|    ent_coef        | 0.001    |
|    learning_rate   | 0.0003   |
|    n_updates       | 776053   |
---------------------------------
---------------------------------
| rollout/           |          |
|    ep_len_mean     | 77.6     |
|    ep_rew_mean     | -23.6    |
|    success_rate    | 0.28     |
| time/              |          |
|    episodes        | 1480     |
|    fps             | 82       |
|    time_elapsed    | 1293     |
|    total_timesteps | 107264   |
| train/             |          |
|    actor_loss      | -138     |
|    critic_loss     | 87.9     |
|    ent_coef        | 0.001    |
|    learning_rate   | 0.0003   |
|    n_updates       | 776114   |
---------------------------------
---------------------------------
| rollout/           |          |
|    ep_len_mean     | 77       |
|    ep_rew_mean     | -22.7    |
|    success_rate    | 0.3      |
| time/              |          |
|    episodes        | 1484     |
|    fps             | 83       |
|    time_elapsed    | 1295     |
|    total_timesteps | 107620   |
| train/             |          |
|    actor_loss      | -137     |
|    critic_loss     | 123      |
|    ent_coef        | 0.001    |
|    learning_rate   | 0.0003   |
|    n_updates       | 776203   |
---------------------------------
---------------------------------
| rollout/           |          |
|    ep_len_mean     | 76.3     |
|    ep_rew_mean     | -23.5    |
|    success_rate    | 0.29     |
| time/              |          |
|    episodes        | 1488     |
|    fps             | 83       |
|    time_elapsed    | 1299     |
|    total_timesteps | 107996   |
| train/             |          |
|    actor_loss      | -138     |
|    critic_loss     | 29.9     |
|    ent_coef        | 0.001    |
|    learning_rate   | 0.0003   |
|    n_updates       | 776297   |
---------------------------------
---------------------------------
| rollout/           |          |
|    ep_len_mean     | 78.9     |
|    ep_rew_mean     | -27.2    |
|    success_rate    | 0.28     |
| time/              |          |
|    episodes        | 1492     |
|    fps             | 83       |
|    time_elapsed    | 1301     |
|    total_timesteps | 108320   |
| train/             |          |
|    actor_loss      | -138     |
|    critic_loss     | 50       |
|    ent_coef        | 0.001    |
|    learning_rate   | 0.0003   |
|    n_updates       | 776378   |
---------------------------------
---------------------------------
| rollout/           |          |
|    ep_len_mean     | 77.7     |
|    ep_rew_mean     | -27.4    |
|    success_rate    | 0.29     |
| time/              |          |
|    episodes        | 1496     |
|    fps             | 83       |
|    time_elapsed    | 1303     |
|    total_timesteps | 108552   |
| train/             |          |
|    actor_loss      | -137     |
|    critic_loss     | 21.2     |
|    ent_coef        | 0.001    |
|    learning_rate   | 0.0003   |
|    n_updates       | 776436   |
---------------------------------
---------------------------------
| rollout/           |          |
|    ep_len_mean     | 74.3     |
|    ep_rew_mean     | -29.6    |
|    success_rate    | 0.29     |
| time/              |          |
|    episodes        | 1500     |
|    fps             | 83       |
|    time_elapsed    | 1306     |
|    total_timesteps | 108800   |
| train/             |          |
|    actor_loss      | -139     |
|    critic_loss     | 102      |
|    ent_coef        | 0.001    |
|    learning_rate   | 0.0003   |
|    n_updates       | 776498   |
---------------------------------
---------------------------------
| rollout/           |          |
|    ep_len_mean     | 74.6     |
|    ep_rew_mean     | -28.2    |
|    success_rate    | 0.31     |
| time/              |          |
|    episodes        | 1504     |
|    fps             | 83       |
|    time_elapsed    | 1309     |
|    total_timesteps | 109220   |
| train/             |          |
|    actor_loss      | -138     |
|    critic_loss     | 60.7     |
|    ent_coef        | 0.001    |
|    learning_rate   | 0.0003   |
|    n_updates       | 776603   |
---------------------------------
---------------------------------
| rollout/           |          |
|    ep_len_mean     | 78.6     |
|    ep_rew_mean     | -29.5    |
|    success_rate    | 0.29     |
| time/              |          |
|    episodes        | 1508     |
|    fps             | 83       |
|    time_elapsed    | 1311     |
|    total_timesteps | 109512   |
| train/             |          |
|    actor_loss      | -136     |
|    critic_loss     | 63.5     |
|    ent_coef        | 0.001    |
|    learning_rate   | 0.0003   |
|    n_updates       | 776676   |
---------------------------------
---------------------------------
| rollout/           |          |
|    ep_len_mean     | 80.6     |
|    ep_rew_mean     | -30.1    |
|    success_rate    | 0.27     |
| time/              |          |
|    episodes        | 1512     |
|    fps             | 83       |
|    time_elapsed    | 1315     |
|    total_timesteps | 109948   |
| train/             |          |
|    actor_loss      | -139     |
|    critic_loss     | 29.3     |
|    ent_coef        | 0.001    |
|    learning_rate   | 0.0003   |
|    n_updates       | 776785   |
---------------------------------
Eval num_timesteps=110000, episode_reward=-95.42 +/- 113.68
Episode length: 122.16 +/- 71.08
Success rate: 32.00%
---------------------------------
| eval/              |          |
|    mean_ep_length  | 122      |
|    mean_reward     | -95.4    |
|    success_rate    | 0.32     |
| time/              |          |
|    total_timesteps | 110000   |
| train/             |          |
|    actor_loss      | -137     |
|    critic_loss     | 82.1     |
|    ent_coef        | 0.001    |
|    learning_rate   | 0.0003   |
|    n_updates       | 776798   |
---------------------------------
Eval num_timesteps=110000, episode_reward=-10.10 +/- 10.68
Episode length: 96.90 +/- 81.46
Success rate: 20.00%
---------------------------------
| eval/              |          |
|    mean_ep_length  | 96.9     |
|    mean_reward     | -10.1    |
|    success_rate    | 0.2      |
| time/              |          |
|    total_timesteps | 110000   |
---------------------------------
Eval num_timesteps=110000, episode_reward=-20.32 +/- 0.25
Episode length: 2.12 +/- 3.02
Success rate: 0.00%
---------------------------------
| eval/              |          |
|    mean_ep_length  | 2.12     |
|    mean_reward     | -20.3    |
|    success_rate    | 0        |
| time/              |          |
|    total_timesteps | 110000   |
---------------------------------
---------------------------------
| rollout/           |          |
|    ep_len_mean     | 80.5     |
|    ep_rew_mean     | -33.4    |
|    success_rate    | 0.26     |
| time/              |          |
|    episodes        | 1516     |
|    fps             | 81       |
|    time_elapsed    | 1361     |
|    total_timesteps | 110620   |
| train/             |          |
|    actor_loss      | -139     |
|    critic_loss     | 99.6     |
|    ent_coef        | 0.001    |
|    learning_rate   | 0.0003   |
|    n_updates       | 776953   |
---------------------------------
---------------------------------
| rollout/           |          |
|    ep_len_mean     | 82.2     |
|    ep_rew_mean     | -33.3    |
|    success_rate    | 0.26     |
| time/              |          |
|    episodes        | 1520     |
|    fps             | 81       |
|    time_elapsed    | 1363     |
|    total_timesteps | 110912   |
| train/             |          |
|    actor_loss      | -139     |
|    critic_loss     | 46.5     |
|    ent_coef        | 0.001    |
|    learning_rate   | 0.0003   |
|    n_updates       | 777026   |
---------------------------------
---------------------------------
| rollout/           |          |
|    ep_len_mean     | 85.3     |
|    ep_rew_mean     | -32.5    |
|    success_rate    | 0.24     |
| time/              |          |
|    episodes        | 1524     |
|    fps             | 81       |
|    time_elapsed    | 1367     |
|    total_timesteps | 111448   |
| train/             |          |
|    actor_loss      | -139     |
|    critic_loss     | 91.3     |
|    ent_coef        | 0.001    |
|    learning_rate   | 0.0003   |
|    n_updates       | 777160   |
---------------------------------
---------------------------------
| rollout/           |          |
|    ep_len_mean     | 84.6     |
|    ep_rew_mean     | -34.2    |
|    success_rate    | 0.22     |
| time/              |          |
|    episodes        | 1528     |
|    fps             | 81       |
|    time_elapsed    | 1372     |
|    total_timesteps | 112020   |
| train/             |          |
|    actor_loss      | -143     |
|    critic_loss     | 80.9     |
|    ent_coef        | 0.001    |
|    learning_rate   | 0.0003   |
|    n_updates       | 777303   |
---------------------------------
---------------------------------
| rollout/           |          |
|    ep_len_mean     | 86.3     |
|    ep_rew_mean     | -34.2    |
|    success_rate    | 0.22     |
| time/              |          |
|    episodes        | 1532     |
|    fps             | 81       |
|    time_elapsed    | 1374     |
|    total_timesteps | 112388   |
| train/             |          |
|    actor_loss      | -141     |
|    critic_loss     | 104      |
|    ent_coef        | 0.001    |
|    learning_rate   | 0.0003   |
|    n_updates       | 777395   |
---------------------------------
---------------------------------
| rollout/           |          |
|    ep_len_mean     | 88.8     |
|    ep_rew_mean     | -35.4    |
|    success_rate    | 0.21     |
| time/              |          |
|    episodes        | 1536     |
|    fps             | 81       |
|    time_elapsed    | 1377     |
|    total_timesteps | 112744   |
| train/             |          |
|    actor_loss      | -141     |
|    critic_loss     | 91.9     |
|    ent_coef        | 0.001    |
|    learning_rate   | 0.0003   |
|    n_updates       | 777484   |
---------------------------------
---------------------------------
| rollout/           |          |
|    ep_len_mean     | 90.7     |
|    ep_rew_mean     | -33      |
|    success_rate    | 0.21     |
| time/              |          |
|    episodes        | 1540     |
|    fps             | 82       |
|    time_elapsed    | 1382     |
|    total_timesteps | 113444   |
| train/             |          |
|    actor_loss      | -138     |
|    critic_loss     | 103      |
|    ent_coef        | 0.001    |
|    learning_rate   | 0.0003   |
|    n_updates       | 777659   |
---------------------------------
---------------------------------
| rollout/           |          |
|    ep_len_mean     | 89.4     |
|    ep_rew_mean     | -35.6    |
|    success_rate    | 0.2      |
| time/              |          |
|    episodes        | 1544     |
|    fps             | 82       |
|    time_elapsed    | 1387     |
|    total_timesteps | 114024   |
| train/             |          |
|    actor_loss      | -141     |
|    critic_loss     | 166      |
|    ent_coef        | 0.001    |
|    learning_rate   | 0.0003   |
|    n_updates       | 777804   |
---------------------------------
---------------------------------
| rollout/           |          |
|    ep_len_mean     | 90.8     |
|    ep_rew_mean     | -36      |
|    success_rate    | 0.18     |
| time/              |          |
|    episodes        | 1548     |
|    fps             | 82       |
|    time_elapsed    | 1389     |
|    total_timesteps | 114180   |
| train/             |          |
|    actor_loss      | -139     |
|    critic_loss     | 54.1     |
|    ent_coef        | 0.001    |
|    learning_rate   | 0.0003   |
|    n_updates       | 777843   |
---------------------------------
---------------------------------
| rollout/           |          |
|    ep_len_mean     | 92.9     |
|    ep_rew_mean     | -37.7    |
|    success_rate    | 0.17     |
| time/              |          |
|    episodes        | 1552     |
|    fps             | 82       |
|    time_elapsed    | 1391     |
|    total_timesteps | 114452   |
| train/             |          |
|    actor_loss      | -144     |
|    critic_loss     | 72.6     |
|    ent_coef        | 0.001    |
|    learning_rate   | 0.0003   |
|    n_updates       | 777911   |
---------------------------------
---------------------------------
| rollout/           |          |
|    ep_len_mean     | 98.2     |
|    ep_rew_mean     | -47.4    |
|    success_rate    | 0.18     |
| time/              |          |
|    episodes        | 1556     |
|    fps             | 82       |
|    time_elapsed    | 1394     |
|    total_timesteps | 114888   |
| train/             |          |
|    actor_loss      | -141     |
|    critic_loss     | 25.2     |
|    ent_coef        | 0.001    |
|    learning_rate   | 0.0003   |
|    n_updates       | 778020   |
---------------------------------
---------------------------------
| rollout/           |          |
|    ep_len_mean     | 98.8     |
|    ep_rew_mean     | -47.3    |
|    success_rate    | 0.19     |
| time/              |          |
|    episodes        | 1560     |
|    fps             | 82       |
|    time_elapsed    | 1397     |
|    total_timesteps | 115232   |
| train/             |          |
|    actor_loss      | -143     |
|    critic_loss     | 98.4     |
|    ent_coef        | 0.001    |
|    learning_rate   | 0.0003   |
|    n_updates       | 778106   |
---------------------------------
---------------------------------
| rollout/           |          |
|    ep_len_mean     | 95.2     |
|    ep_rew_mean     | -47.3    |
|    success_rate    | 0.18     |
| time/              |          |
|    episodes        | 1564     |
|    fps             | 82       |
|    time_elapsed    | 1399     |
|    total_timesteps | 115436   |
| train/             |          |
|    actor_loss      | -143     |
|    critic_loss     | 97.7     |
|    ent_coef        | 0.001    |
|    learning_rate   | 0.0003   |
|    n_updates       | 778157   |
---------------------------------
---------------------------------
| rollout/           |          |
|    ep_len_mean     | 98.6     |
|    ep_rew_mean     | -48.3    |
|    success_rate    | 0.18     |
| time/              |          |
|    episodes        | 1568     |
|    fps             | 82       |
|    time_elapsed    | 1403     |
|    total_timesteps | 115972   |
| train/             |          |
|    actor_loss      | -140     |
|    critic_loss     | 110      |
|    ent_coef        | 0.001    |
|    learning_rate   | 0.0003   |
|    n_updates       | 778291   |
---------------------------------
---------------------------------
| rollout/           |          |
|    ep_len_mean     | 95.4     |
|    ep_rew_mean     | -50.9    |
|    success_rate    | 0.2      |
| time/              |          |
|    episodes        | 1572     |
|    fps             | 82       |
|    time_elapsed    | 1405     |
|    total_timesteps | 116144   |
| train/             |          |
|    actor_loss      | -143     |
|    critic_loss     | 68.4     |
|    ent_coef        | 0.001    |
|    learning_rate   | 0.0003   |
|    n_updates       | 778334   |
---------------------------------
---------------------------------
| rollout/           |          |
|    ep_len_mean     | 94.8     |
|    ep_rew_mean     | -52.1    |
|    success_rate    | 0.19     |
| time/              |          |
|    episodes        | 1576     |
|    fps             | 82       |
|    time_elapsed    | 1409     |
|    total_timesteps | 116632   |
| train/             |          |
|    actor_loss      | -141     |
|    critic_loss     | 115      |
|    ent_coef        | 0.001    |
|    learning_rate   | 0.0003   |
|    n_updates       | 778456   |
---------------------------------
---------------------------------
| rollout/           |          |
|    ep_len_mean     | 97.8     |
|    ep_rew_mean     | -51      |
|    success_rate    | 0.2      |
| time/              |          |
|    episodes        | 1580     |
|    fps             | 82       |
|    time_elapsed    | 1413     |
|    total_timesteps | 117192   |
| train/             |          |
|    actor_loss      | -143     |
|    critic_loss     | 29.4     |
|    ent_coef        | 0.001    |
|    learning_rate   | 0.0003   |
|    n_updates       | 778596   |
---------------------------------
---------------------------------
| rollout/           |          |
|    ep_len_mean     | 100      |
|    ep_rew_mean     | -52.6    |
|    success_rate    | 0.19     |
| time/              |          |
|    episodes        | 1584     |
|    fps             | 83       |
|    time_elapsed    | 1417     |
|    total_timesteps | 117628   |
| train/             |          |
|    actor_loss      | -145     |
|    critic_loss     | 205      |
|    ent_coef        | 0.001    |
|    learning_rate   | 0.0003   |
|    n_updates       | 778705   |
---------------------------------
---------------------------------
| rollout/           |          |
|    ep_len_mean     | 98.9     |
|    ep_rew_mean     | -55.2    |
|    success_rate    | 0.21     |
| time/              |          |
|    episodes        | 1588     |
|    fps             | 83       |
|    time_elapsed    | 1419     |
|    total_timesteps | 117892   |
| train/             |          |
|    actor_loss      | -145     |
|    critic_loss     | 147      |
|    ent_coef        | 0.001    |
|    learning_rate   | 0.0003   |
|    n_updates       | 778771   |
---------------------------------
---------------------------------
| rollout/           |          |
|    ep_len_mean     | 98.9     |
|    ep_rew_mean     | -52.3    |
|    success_rate    | 0.21     |
| time/              |          |
|    episodes        | 1592     |
|    fps             | 83       |
|    time_elapsed    | 1422     |
|    total_timesteps | 118256   |
| train/             |          |
|    actor_loss      | -139     |
|    critic_loss     | 96.3     |
|    ent_coef        | 0.001    |
|    learning_rate   | 0.0003   |
|    n_updates       | 778862   |
---------------------------------
---------------------------------
| rollout/           |          |
|    ep_len_mean     | 99.8     |
|    ep_rew_mean     | -52.6    |
|    success_rate    | 0.19     |
| time/              |          |
|    episodes        | 1596     |
|    fps             | 83       |
|    time_elapsed    | 1425     |
|    total_timesteps | 118592   |
| train/             |          |
|    actor_loss      | -141     |
|    critic_loss     | 98.7     |
|    ent_coef        | 0.001    |
|    learning_rate   | 0.0003   |
|    n_updates       | 778946   |
---------------------------------
---------------------------------
| rollout/           |          |
|    ep_len_mean     | 102      |
|    ep_rew_mean     | -49.8    |
|    success_rate    | 0.21     |
| time/              |          |
|    episodes        | 1600     |
|    fps             | 83       |
|    time_elapsed    | 1430     |
|    total_timesteps | 119156   |
| train/             |          |
|    actor_loss      | -140     |
|    critic_loss     | 103      |
|    ent_coef        | 0.001    |
|    learning_rate   | 0.0003   |
|    n_updates       | 779087   |
---------------------------------
---------------------------------
| rollout/           |          |
|    ep_len_mean     | 100      |
|    ep_rew_mean     | -50.2    |
|    success_rate    | 0.19     |
| time/              |          |
|    episodes        | 1604     |
|    fps             | 83       |
|    time_elapsed    | 1431     |
|    total_timesteps | 119272   |
| train/             |          |
|    actor_loss      | -144     |
|    critic_loss     | 106      |
|    ent_coef        | 0.001    |
|    learning_rate   | 0.0003   |
|    n_updates       | 779116   |
---------------------------------
---------------------------------
| rollout/           |          |
|    ep_len_mean     | 97.4     |
|    ep_rew_mean     | -49.5    |
|    success_rate    | 0.19     |
| time/              |          |
|    episodes        | 1608     |
|    fps             | 83       |
|    time_elapsed    | 1432     |
|    total_timesteps | 119300   |
| train/             |          |
|    actor_loss      | -147     |
|    critic_loss     | 43.1     |
|    ent_coef        | 0.001    |
|    learning_rate   | 0.0003   |
|    n_updates       | 779123   |
---------------------------------
---------------------------------
| rollout/           |          |
|    ep_len_mean     | 95.3     |
|    ep_rew_mean     | -49.1    |
|    success_rate    | 0.21     |
| time/              |          |
|    episodes        | 1612     |
|    fps             | 83       |
|    time_elapsed    | 1434     |
|    total_timesteps | 119568   |
| train/             |          |
|    actor_loss      | -143     |
|    critic_loss     | 62.3     |
|    ent_coef        | 0.001    |
|    learning_rate   | 0.0003   |
|    n_updates       | 779190   |
---------------------------------
Eval num_timesteps=120000, episode_reward=-94.71 +/- 108.14
Episode length: 144.92 +/- 60.39
Success rate: 18.00%
---------------------------------
| eval/              |          |
|    mean_ep_length  | 145      |
|    mean_reward     | -94.7    |
|    success_rate    | 0.18     |
| time/              |          |
|    total_timesteps | 120000   |
| train/             |          |
|    actor_loss      | -143     |
|    critic_loss     | 98.9     |
|    ent_coef        | 0.001    |
|    learning_rate   | 0.0003   |
|    n_updates       | 779298   |
---------------------------------
Eval num_timesteps=120000, episode_reward=-12.41 +/- 6.89
Episode length: 135.96 +/- 70.57
Success rate: 8.00%
---------------------------------
| eval/              |          |
|    mean_ep_length  | 136      |
|    mean_reward     | -12.4    |
|    success_rate    | 0.08     |
| time/              |          |
|    total_timesteps | 120000   |
---------------------------------
Eval num_timesteps=120000, episode_reward=-20.29 +/- 0.16
Episode length: 1.78 +/- 1.32
Success rate: 0.00%
---------------------------------
| eval/              |          |
|    mean_ep_length  | 1.78     |
|    mean_reward     | -20.3    |
|    success_rate    | 0        |
| time/              |          |
|    total_timesteps | 120000   |
---------------------------------
---------------------------------
| rollout/           |          |
|    ep_len_mean     | 95.7     |
|    ep_rew_mean     | -45.7    |
|    success_rate    | 0.21     |
| time/              |          |
|    episodes        | 1616     |
|    fps             | 80       |
|    time_elapsed    | 1491     |
|    total_timesteps | 120000   |
---------------------------------
---------------------------------
| rollout/           |          |
|    ep_len_mean     | 95.8     |
|    ep_rew_mean     | -49.6    |
|    success_rate    | 0.21     |
| time/              |          |
|    episodes        | 1620     |
|    fps             | 80       |
|    time_elapsed    | 1495     |
|    total_timesteps | 120608   |
| train/             |          |
|    actor_loss      | -149     |
|    critic_loss     | 47.4     |
|    ent_coef        | 0.001    |
|    learning_rate   | 0.0003   |
|    n_updates       | 779450   |
---------------------------------
---------------------------------
| rollout/           |          |
|    ep_len_mean     | 95.8     |
|    ep_rew_mean     | -47.4    |
|    success_rate    | 0.21     |
| time/              |          |
|    episodes        | 1624     |
|    fps             | 80       |
|    time_elapsed    | 1499     |
|    total_timesteps | 121020   |
| train/             |          |
|    actor_loss      | -144     |
|    critic_loss     | 25.8     |
|    ent_coef        | 0.001    |
|    learning_rate   | 0.0003   |
|    n_updates       | 779553   |
---------------------------------
---------------------------------
| rollout/           |          |
|    ep_len_mean     | 95.6     |
|    ep_rew_mean     | -45.9    |
|    success_rate    | 0.21     |
| time/              |          |
|    episodes        | 1628     |
|    fps             | 80       |
|    time_elapsed    | 1502     |
|    total_timesteps | 121412   |
| train/             |          |
|    actor_loss      | -142     |
|    critic_loss     | 70.3     |
|    ent_coef        | 0.001    |
|    learning_rate   | 0.0003   |
|    n_updates       | 779651   |
---------------------------------
---------------------------------
| rollout/           |          |
|    ep_len_mean     | 94.2     |
|    ep_rew_mean     | -45.7    |
|    success_rate    | 0.22     |
| time/              |          |
|    episodes        | 1632     |
|    fps             | 80       |
|    time_elapsed    | 1505     |
|    total_timesteps | 121848   |
| train/             |          |
|    actor_loss      | -143     |
|    critic_loss     | 22.4     |
|    ent_coef        | 0.001    |
|    learning_rate   | 0.0003   |
|    n_updates       | 779760   |
---------------------------------
---------------------------------
| rollout/           |          |
|    ep_len_mean     | 93.1     |
|    ep_rew_mean     | -45.3    |
|    success_rate    | 0.22     |
| time/              |          |
|    episodes        | 1636     |
|    fps             | 80       |
|    time_elapsed    | 1508     |
|    total_timesteps | 122136   |
| train/             |          |
|    actor_loss      | -141     |
|    critic_loss     | 80.8     |
|    ent_coef        | 0.001    |
|    learning_rate   | 0.0003   |
|    n_updates       | 779832   |
---------------------------------
---------------------------------
| rollout/           |          |
|    ep_len_mean     | 91       |
|    ep_rew_mean     | -44.9    |
|    success_rate    | 0.22     |
| time/              |          |
|    episodes        | 1640     |
|    fps             | 81       |
|    time_elapsed    | 1511     |
|    total_timesteps | 122572   |
| train/             |          |
|    actor_loss      | -140     |
|    critic_loss     | 22.7     |
|    ent_coef        | 0.001    |
|    learning_rate   | 0.0003   |
|    n_updates       | 779941   |
---------------------------------
---------------------------------
| rollout/           |          |
|    ep_len_mean     | 89.4     |
|    ep_rew_mean     | -42.4    |
|    success_rate    | 0.22     |
| time/              |          |
|    episodes        | 1644     |
|    fps             | 81       |
|    time_elapsed    | 1514     |
|    total_timesteps | 122888   |
| train/             |          |
|    actor_loss      | -140     |
|    critic_loss     | 67.5     |
|    ent_coef        | 0.001    |
|    learning_rate   | 0.0003   |
|    n_updates       | 780020   |
---------------------------------
---------------------------------
| rollout/           |          |
|    ep_len_mean     | 92.9     |
|    ep_rew_mean     | -42.9    |
|    success_rate    | 0.21     |
| time/              |          |
|    episodes        | 1648     |
|    fps             | 81       |
|    time_elapsed    | 1518     |
|    total_timesteps | 123424   |
| train/             |          |
|    actor_loss      | -147     |
|    critic_loss     | 85.2     |
|    ent_coef        | 0.001    |
|    learning_rate   | 0.0003   |
|    n_updates       | 780154   |
---------------------------------
---------------------------------
| rollout/           |          |
|    ep_len_mean     | 92.5     |
|    ep_rew_mean     | -42.6    |
|    success_rate    | 0.21     |
| time/              |          |
|    episodes        | 1652     |
|    fps             | 81       |
|    time_elapsed    | 1520     |
|    total_timesteps | 123620   |
| train/             |          |
|    actor_loss      | -142     |
|    critic_loss     | 87.8     |
|    ent_coef        | 0.001    |
|    learning_rate   | 0.0003   |
|    n_updates       | 780203   |
---------------------------------
---------------------------------
| rollout/           |          |
|    ep_len_mean     | 90.7     |
|    ep_rew_mean     | -32.8    |
|    success_rate    | 0.2      |
| time/              |          |
|    episodes        | 1656     |
|    fps             | 81       |
|    time_elapsed    | 1523     |
|    total_timesteps | 124020   |
| train/             |          |
|    actor_loss      | -143     |
|    critic_loss     | 124      |
|    ent_coef        | 0.001    |
|    learning_rate   | 0.0003   |
|    n_updates       | 780303   |
---------------------------------
---------------------------------
| rollout/           |          |
|    ep_len_mean     | 91.9     |
|    ep_rew_mean     | -32.8    |
|    success_rate    | 0.19     |
| time/              |          |
|    episodes        | 1660     |
|    fps             | 81       |
|    time_elapsed    | 1527     |
|    total_timesteps | 124520   |
| train/             |          |
|    actor_loss      | -145     |
|    critic_loss     | 83.6     |
|    ent_coef        | 0.001    |
|    learning_rate   | 0.0003   |
|    n_updates       | 780428   |
---------------------------------
---------------------------------
| rollout/           |          |
|    ep_len_mean     | 92.5     |
|    ep_rew_mean     | -33      |
|    success_rate    | 0.2      |
| time/              |          |
|    episodes        | 1664     |
|    fps             | 81       |
|    time_elapsed    | 1529     |
|    total_timesteps | 124768   |
| train/             |          |
|    actor_loss      | -141     |
|    critic_loss     | 61.8     |
|    ent_coef        | 0.001    |
|    learning_rate   | 0.0003   |
|    n_updates       | 780490   |
---------------------------------
---------------------------------
| rollout/           |          |
|    ep_len_mean     | 89.2     |
|    ep_rew_mean     | -31.7    |
|    success_rate    | 0.21     |
| time/              |          |
|    episodes        | 1668     |
|    fps             | 81       |
|    time_elapsed    | 1531     |
|    total_timesteps | 124960   |
| train/             |          |
|    actor_loss      | -141     |
|    critic_loss     | 152      |
|    ent_coef        | 0.001    |
|    learning_rate   | 0.0003   |
|    n_updates       | 780538   |
---------------------------------
---------------------------------
| rollout/           |          |
|    ep_len_mean     | 89       |
|    ep_rew_mean     | -29.6    |
|    success_rate    | 0.2      |
| time/              |          |
|    episodes        | 1672     |
|    fps             | 81       |
|    time_elapsed    | 1532     |
|    total_timesteps | 125032   |
| train/             |          |
|    actor_loss      | -142     |
|    critic_loss     | 85.6     |
|    ent_coef        | 0.001    |
|    learning_rate   | 0.0003   |
|    n_updates       | 780556   |
---------------------------------
---------------------------------
| rollout/           |          |
|    ep_len_mean     | 88.9     |
|    ep_rew_mean     | -28.9    |
|    success_rate    | 0.2      |
| time/              |          |
|    episodes        | 1676     |
|    fps             | 81       |
|    time_elapsed    | 1536     |
|    total_timesteps | 125504   |
| train/             |          |
|    actor_loss      | -141     |
|    critic_loss     | 55.5     |
|    ent_coef        | 0.001    |
|    learning_rate   | 0.0003   |
|    n_updates       | 780674   |
---------------------------------
---------------------------------
| rollout/           |          |
|    ep_len_mean     | 89.7     |
|    ep_rew_mean     | -27.2    |
|    success_rate    | 0.2      |
| time/              |          |
|    episodes        | 1680     |
|    fps             | 81       |
|    time_elapsed    | 1541     |
|    total_timesteps | 126136   |
| train/             |          |
|    actor_loss      | -143     |
|    critic_loss     | 106      |
|    ent_coef        | 0.001    |
|    learning_rate   | 0.0003   |
|    n_updates       | 780832   |
---------------------------------
---------------------------------
| rollout/           |          |
|    ep_len_mean     | 86.1     |
|    ep_rew_mean     | -25.9    |
|    success_rate    | 0.2      |
| time/              |          |
|    episodes        | 1684     |
|    fps             | 81       |
|    time_elapsed    | 1541     |
|    total_timesteps | 126204   |
| train/             |          |
|    actor_loss      | -143     |
|    critic_loss     | 23.9     |
|    ent_coef        | 0.001    |
|    learning_rate   | 0.0003   |
|    n_updates       | 780849   |
---------------------------------
---------------------------------
| rollout/           |          |
|    ep_len_mean     | 84.2     |
|    ep_rew_mean     | -22.7    |
|    success_rate    | 0.19     |
| time/              |          |
|    episodes        | 1688     |
|    fps             | 81       |
|    time_elapsed    | 1543     |
|    total_timesteps | 126304   |
| train/             |          |
|    actor_loss      | -141     |
|    critic_loss     | 147      |
|    ent_coef        | 0.001    |
|    learning_rate   | 0.0003   |
|    n_updates       | 780874   |
---------------------------------
---------------------------------
| rollout/           |          |
|    ep_len_mean     | 84.1     |
|    ep_rew_mean     | -22.2    |
|    success_rate    | 0.18     |
| time/              |          |
|    episodes        | 1692     |
|    fps             | 81       |
|    time_elapsed    | 1545     |
|    total_timesteps | 126624   |
| train/             |          |
|    actor_loss      | -142     |
|    critic_loss     | 141      |
|    ent_coef        | 0.001    |
|    learning_rate   | 0.0003   |
|    n_updates       | 780954   |
---------------------------------
---------------------------------
| rollout/           |          |
|    ep_len_mean     | 84.3     |
|    ep_rew_mean     | -23.2    |
|    success_rate    | 0.2      |
| time/              |          |
|    episodes        | 1696     |
|    fps             | 82       |
|    time_elapsed    | 1548     |
|    total_timesteps | 127004   |
| train/             |          |
|    actor_loss      | -146     |
|    critic_loss     | 50.7     |
|    ent_coef        | 0.001    |
|    learning_rate   | 0.0003   |
|    n_updates       | 781049   |
---------------------------------
---------------------------------
| rollout/           |          |
|    ep_len_mean     | 87.4     |
|    ep_rew_mean     | -23.6    |
|    success_rate    | 0.18     |
| time/              |          |
|    episodes        | 1700     |
|    fps             | 82       |
|    time_elapsed    | 1554     |
|    total_timesteps | 127704   |
| train/             |          |
|    actor_loss      | -143     |
|    critic_loss     | 151      |
|    ent_coef        | 0.001    |
|    learning_rate   | 0.0003   |
|    n_updates       | 781224   |
---------------------------------
---------------------------------
| rollout/           |          |
|    ep_len_mean     | 87.2     |
|    ep_rew_mean     | -23.7    |
|    success_rate    | 0.18     |
| time/              |          |
|    episodes        | 1704     |
|    fps             | 82       |
|    time_elapsed    | 1555     |
|    total_timesteps | 127872   |
| train/             |          |
|    actor_loss      | -142     |
|    critic_loss     | 99.3     |
|    ent_coef        | 0.001    |
|    learning_rate   | 0.0003   |
|    n_updates       | 781266   |
---------------------------------
---------------------------------
| rollout/           |          |
|    ep_len_mean     | 89.2     |
|    ep_rew_mean     | -25      |
|    success_rate    | 0.18     |
| time/              |          |
|    episodes        | 1708     |
|    fps             | 82       |
|    time_elapsed    | 1559     |
|    total_timesteps | 128388   |
| train/             |          |
|    actor_loss      | -144     |
|    critic_loss     | 90.8     |
|    ent_coef        | 0.001    |
|    learning_rate   | 0.0003   |
|    n_updates       | 781395   |
---------------------------------
---------------------------------
| rollout/           |          |
|    ep_len_mean     | 88.8     |
|    ep_rew_mean     | -25.1    |
|    success_rate    | 0.17     |
| time/              |          |
|    episodes        | 1712     |
|    fps             | 82       |
|    time_elapsed    | 1561     |
|    total_timesteps | 128556   |
| train/             |          |
|    actor_loss      | -146     |
|    critic_loss     | 46.5     |
|    ent_coef        | 0.001    |
|    learning_rate   | 0.0003   |
|    n_updates       | 781437   |
---------------------------------
---------------------------------
| rollout/           |          |
|    ep_len_mean     | 89.1     |
|    ep_rew_mean     | -25      |
|    success_rate    | 0.18     |
| time/              |          |
|    episodes        | 1716     |
|    fps             | 82       |
|    time_elapsed    | 1563     |
|    total_timesteps | 128820   |
| train/             |          |
|    actor_loss      | -144     |
|    critic_loss     | 81       |
|    ent_coef        | 0.001    |
|    learning_rate   | 0.0003   |
|    n_updates       | 781503   |
---------------------------------
---------------------------------
| rollout/           |          |
|    ep_len_mean     | 89.2     |
|    ep_rew_mean     | -21.3    |
|    success_rate    | 0.2      |
| time/              |          |
|    episodes        | 1720     |
|    fps             | 82       |
|    time_elapsed    | 1567     |
|    total_timesteps | 129368   |
| train/             |          |
|    actor_loss      | -141     |
|    critic_loss     | 75.2     |
|    ent_coef        | 0.001    |
|    learning_rate   | 0.0003   |
|    n_updates       | 781640   |
---------------------------------
---------------------------------
| rollout/           |          |
|    ep_len_mean     | 86.2     |
|    ep_rew_mean     | -21.3    |
|    success_rate    | 0.21     |
| time/              |          |
|    episodes        | 1724     |
|    fps             | 82       |
|    time_elapsed    | 1569     |
|    total_timesteps | 129556   |
| train/             |          |
|    actor_loss      | -145     |
|    critic_loss     | 69.7     |
|    ent_coef        | 0.001    |
|    learning_rate   | 0.0003   |
|    n_updates       | 781687   |
---------------------------------
---------------------------------
| rollout/           |          |
|    ep_len_mean     | 83.2     |
|    ep_rew_mean     | -20.9    |
|    success_rate    | 0.23     |
| time/              |          |
|    episodes        | 1728     |
|    fps             | 82       |
|    time_elapsed    | 1571     |
|    total_timesteps | 129780   |
| train/             |          |
|    actor_loss      | -144     |
|    critic_loss     | 140      |
|    ent_coef        | 0.001    |
|    learning_rate   | 0.0003   |
|    n_updates       | 781743   |
---------------------------------
Eval num_timesteps=130000, episode_reward=-36.95 +/- 60.37
Episode length: 86.64 +/- 77.79
Success rate: 48.00%
---------------------------------
| eval/              |          |
|    mean_ep_length  | 86.6     |
|    mean_reward     | -36.9    |
|    success_rate    | 0.48     |
| time/              |          |
|    total_timesteps | 130000   |
| train/             |          |
|    actor_loss      | -143     |
|    critic_loss     | 127      |
|    ent_coef        | 0.001    |
|    learning_rate   | 0.0003   |
|    n_updates       | 781798   |
---------------------------------
[DenseSuccessCallback - transit] New best: 48.0% -> ./checkpoints/dense_refinement_20260423_235832/best_model_transit.zip
Eval num_timesteps=130000, episode_reward=-9.92 +/- 12.24
Episode length: 60.58 +/- 77.82
Success rate: 26.00%
---------------------------------
| eval/              |          |
|    mean_ep_length  | 60.6     |
|    mean_reward     | -9.92    |
|    success_rate    | 0.26     |
| time/              |          |
|    total_timesteps | 130000   |
---------------------------------
Eval num_timesteps=130000, episode_reward=-20.24 +/- 0.12
Episode length: 1.50 +/- 0.85
Success rate: 0.00%
---------------------------------
| eval/              |          |
|    mean_ep_length  | 1.5      |
|    mean_reward     | -20.2    |
|    success_rate    | 0        |
| time/              |          |
|    total_timesteps | 130000   |
---------------------------------
---------------------------------
| rollout/           |          |
|    ep_len_mean     | 82.9     |
|    ep_rew_mean     | -21.7    |
|    success_rate    | 0.22     |
| time/              |          |
|    episodes        | 1732     |
|    fps             | 81       |
|    time_elapsed    | 1603     |
|    total_timesteps | 130064   |
| train/             |          |
|    actor_loss      | -145     |
|    critic_loss     | 75.1     |
|    ent_coef        | 0.001    |
|    learning_rate   | 0.0003   |
|    n_updates       | 781814   |
---------------------------------
---------------------------------
| rollout/           |          |
|    ep_len_mean     | 81.3     |
|    ep_rew_mean     | -21.2    |
|    success_rate    | 0.22     |
| time/              |          |
|    episodes        | 1736     |
|    fps             | 81       |
|    time_elapsed    | 1605     |
|    total_timesteps | 130228   |
| train/             |          |
|    actor_loss      | -143     |
|    critic_loss     | 62.9     |
|    ent_coef        | 0.001    |
|    learning_rate   | 0.0003   |
|    n_updates       | 781855   |
---------------------------------
---------------------------------
| rollout/           |          |
|    ep_len_mean     | 83.1     |
|    ep_rew_mean     | -23.1    |
|    success_rate    | 0.22     |
| time/              |          |
|    episodes        | 1740     |
|    fps             | 81       |
|    time_elapsed    | 1610     |
|    total_timesteps | 130856   |
| train/             |          |
|    actor_loss      | -149     |
|    critic_loss     | 170      |
|    ent_coef        | 0.001    |
|    learning_rate   | 0.0003   |
|    n_updates       | 782012   |
---------------------------------
---------------------------------
| rollout/           |          |
|    ep_len_mean     | 83.3     |
|    ep_rew_mean     | -22.1    |
|    success_rate    | 0.24     |
| time/              |          |
|    episodes        | 1744     |
|    fps             | 81       |
|    time_elapsed    | 1612     |
|    total_timesteps | 131180   |
| train/             |          |
|    actor_loss      | -149     |
|    critic_loss     | 29.5     |
|    ent_coef        | 0.001    |
|    learning_rate   | 0.0003   |
|    n_updates       | 782093   |
---------------------------------
---------------------------------
| rollout/           |          |
|    ep_len_mean     | 83.5     |
|    ep_rew_mean     | -22      |
|    success_rate    | 0.25     |
| time/              |          |
|    episodes        | 1748     |
|    fps             | 81       |
|    time_elapsed    | 1617     |
|    total_timesteps | 131788   |
| train/             |          |
|    actor_loss      | -148     |
|    critic_loss     | 152      |
|    ent_coef        | 0.001    |
|    learning_rate   | 0.0003   |
|    n_updates       | 782245   |
---------------------------------
---------------------------------
| rollout/           |          |
|    ep_len_mean     | 85.7     |
|    ep_rew_mean     | -22.1    |
|    success_rate    | 0.26     |
| time/              |          |
|    episodes        | 1752     |
|    fps             | 81       |
|    time_elapsed    | 1620     |
|    total_timesteps | 132216   |
| train/             |          |
|    actor_loss      | -147     |
|    critic_loss     | 113      |
|    ent_coef        | 0.001    |
|    learning_rate   | 0.0003   |
|    n_updates       | 782352   |
---------------------------------
---------------------------------
| rollout/           |          |
|    ep_len_mean     | 84.2     |
|    ep_rew_mean     | -21.7    |
|    success_rate    | 0.28     |
| time/              |          |
|    episodes        | 1756     |
|    fps             | 81       |
|    time_elapsed    | 1621     |
|    total_timesteps | 132324   |
| train/             |          |
|    actor_loss      | -145     |
|    critic_loss     | 68.3     |
|    ent_coef        | 0.001    |
|    learning_rate   | 0.0003   |
|    n_updates       | 782379   |
---------------------------------
---------------------------------
| rollout/           |          |
|    ep_len_mean     | 82.7     |
|    ep_rew_mean     | -21.6    |
|    success_rate    | 0.29     |
| time/              |          |
|    episodes        | 1760     |
|    fps             | 81       |
|    time_elapsed    | 1624     |
|    total_timesteps | 132696   |
| train/             |          |
|    actor_loss      | -147     |
|    critic_loss     | 65.8     |
|    ent_coef        | 0.001    |
|    learning_rate   | 0.0003   |
|    n_updates       | 782472   |
---------------------------------
---------------------------------
| rollout/           |          |
|    ep_len_mean     | 80.9     |
|    ep_rew_mean     | -20.4    |
|    success_rate    | 0.32     |
| time/              |          |
|    episodes        | 1764     |
|    fps             | 81       |
|    time_elapsed    | 1626     |
|    total_timesteps | 132864   |
| train/             |          |
|    actor_loss      | -145     |
|    critic_loss     | 94.1     |
|    ent_coef        | 0.001    |
|    learning_rate   | 0.0003   |
|    n_updates       | 782514   |
---------------------------------
---------------------------------
| rollout/           |          |
|    ep_len_mean     | 79       |
|    ep_rew_mean     | -20.7    |
|    success_rate    | 0.31     |
| time/              |          |
|    episodes        | 1768     |
|    fps             | 81       |
|    time_elapsed    | 1627     |
|    total_timesteps | 132904   |
| train/             |          |
|    actor_loss      | -146     |
|    critic_loss     | 108      |
|    ent_coef        | 0.001    |
|    learning_rate   | 0.0003   |
|    n_updates       | 782524   |
---------------------------------
---------------------------------
| rollout/           |          |
|    ep_len_mean     | 79.2     |
|    ep_rew_mean     | -19.9    |
|    success_rate    | 0.32     |
| time/              |          |
|    episodes        | 1772     |
|    fps             | 81       |
|    time_elapsed    | 1628     |
|    total_timesteps | 133044   |
| train/             |          |
|    actor_loss      | -145     |
|    critic_loss     | 89.2     |
|    ent_coef        | 0.001    |
|    learning_rate   | 0.0003   |
|    n_updates       | 782559   |
---------------------------------
---------------------------------
| rollout/           |          |
|    ep_len_mean     | 79.5     |
|    ep_rew_mean     | -19.3    |
|    success_rate    | 0.33     |
| time/              |          |
|    episodes        | 1776     |
|    fps             | 81       |
|    time_elapsed    | 1632     |
|    total_timesteps | 133552   |
| train/             |          |
|    actor_loss      | -144     |
|    critic_loss     | 59       |
|    ent_coef        | 0.001    |
|    learning_rate   | 0.0003   |
|    n_updates       | 782686   |
---------------------------------
---------------------------------
| rollout/           |          |
|    ep_len_mean     | 75.9     |
|    ep_rew_mean     | -19.3    |
|    success_rate    | 0.33     |
| time/              |          |
|    episodes        | 1780     |
|    fps             | 81       |
|    time_elapsed    | 1633     |
|    total_timesteps | 133676   |
| train/             |          |
|    actor_loss      | -146     |
|    critic_loss     | 125      |
|    ent_coef        | 0.001    |
|    learning_rate   | 0.0003   |
|    n_updates       | 782717   |
---------------------------------
---------------------------------
| rollout/           |          |
|    ep_len_mean     | 74.3     |
|    ep_rew_mean     | -19.3    |
|    success_rate    | 0.33     |
| time/              |          |
|    episodes        | 1784     |
|    fps             | 81       |
|    time_elapsed    | 1634     |
|    total_timesteps | 133784   |
| train/             |          |
|    actor_loss      | -145     |
|    critic_loss     | 119      |
|    ent_coef        | 0.001    |
|    learning_rate   | 0.0003   |
|    n_updates       | 782744   |
---------------------------------
---------------------------------
| rollout/           |          |
|    ep_len_mean     | 75.9     |
|    ep_rew_mean     | -19.4    |
|    success_rate    | 0.33     |
| time/              |          |
|    episodes        | 1788     |
|    fps             | 81       |
|    time_elapsed    | 1635     |
|    total_timesteps | 133820   |
| train/             |          |
|    actor_loss      | -150     |
|    critic_loss     | 38.4     |
|    ent_coef        | 0.001    |
|    learning_rate   | 0.0003   |
|    n_updates       | 782753   |
---------------------------------
---------------------------------
| rollout/           |          |
|    ep_len_mean     | 74.2     |
|    ep_rew_mean     | -19.6    |
|    success_rate    | 0.34     |
| time/              |          |
|    episodes        | 1792     |
|    fps             | 81       |
|    time_elapsed    | 1636     |
|    total_timesteps | 133848   |
| train/             |          |
|    actor_loss      | -145     |
|    critic_loss     | 49.4     |
|    ent_coef        | 0.001    |
|    learning_rate   | 0.0003   |
|    n_updates       | 782760   |
---------------------------------
---------------------------------
| rollout/           |          |
|    ep_len_mean     | 70.6     |
|    ep_rew_mean     | -18      |
|    success_rate    | 0.33     |
| time/              |          |
|    episodes        | 1796     |
|    fps             | 81       |
|    time_elapsed    | 1636     |
|    total_timesteps | 133880   |
| train/             |          |
|    actor_loss      | -148     |
|    critic_loss     | 24       |
|    ent_coef        | 0.001    |
|    learning_rate   | 0.0003   |
|    n_updates       | 782768   |
---------------------------------
---------------------------------
| rollout/           |          |
|    ep_len_mean     | 64       |
|    ep_rew_mean     | -17.7    |
|    success_rate    | 0.35     |
| time/              |          |
|    episodes        | 1800     |
|    fps             | 81       |
|    time_elapsed    | 1637     |
|    total_timesteps | 133940   |
| train/             |          |
|    actor_loss      | -146     |
|    critic_loss     | 119      |
|    ent_coef        | 0.001    |
|    learning_rate   | 0.0003   |
|    n_updates       | 782783   |
---------------------------------
---------------------------------
| rollout/           |          |
|    ep_len_mean     | 67.3     |
|    ep_rew_mean     | -18.2    |
|    success_rate    | 0.35     |
| time/              |          |
|    episodes        | 1804     |
|    fps             | 81       |
|    time_elapsed    | 1642     |
|    total_timesteps | 134624   |
| train/             |          |
|    actor_loss      | -147     |
|    critic_loss     | 50.6     |
|    ent_coef        | 0.001    |
|    learning_rate   | 0.0003   |
|    n_updates       | 782954   |
---------------------------------
---------------------------------
| rollout/           |          |
|    ep_len_mean     | 65.4     |
|    ep_rew_mean     | -16.9    |
|    success_rate    | 0.35     |
| time/              |          |
|    episodes        | 1808     |
|    fps             | 81       |
|    time_elapsed    | 1643     |
|    total_timesteps | 134664   |
| train/             |          |
|    actor_loss      | -146     |
|    critic_loss     | 58.9     |
|    ent_coef        | 0.001    |
|    learning_rate   | 0.0003   |
|    n_updates       | 782964   |
---------------------------------
---------------------------------
| rollout/           |          |
|    ep_len_mean     | 63.5     |
|    ep_rew_mean     | -16.6    |
|    success_rate    | 0.35     |
| time/              |          |
|    episodes        | 1812     |
|    fps             | 81       |
|    time_elapsed    | 1644     |
|    total_timesteps | 134680   |
| train/             |          |
|    actor_loss      | -146     |
|    critic_loss     | 24.4     |
|    ent_coef        | 0.001    |
|    learning_rate   | 0.0003   |
|    n_updates       | 782968   |
---------------------------------
---------------------------------
| rollout/           |          |
|    ep_len_mean     | 59.5     |
|    ep_rew_mean     | -16.4    |
|    success_rate    | 0.36     |
| time/              |          |
|    episodes        | 1816     |
|    fps             | 81       |
|    time_elapsed    | 1645     |
|    total_timesteps | 134772   |
| train/             |          |
|    actor_loss      | -144     |
|    critic_loss     | 139      |
|    ent_coef        | 0.001    |
|    learning_rate   | 0.0003   |
|    n_updates       | 782991   |
---------------------------------
---------------------------------
| rollout/           |          |
|    ep_len_mean     | 56.7     |
|    ep_rew_mean     | -16.1    |
|    success_rate    | 0.35     |
| time/              |          |
|    episodes        | 1820     |
|    fps             | 81       |
|    time_elapsed    | 1648     |
|    total_timesteps | 135128   |
| train/             |          |
|    actor_loss      | -143     |
|    critic_loss     | 87.5     |
|    ent_coef        | 0.001    |
|    learning_rate   | 0.0003   |
|    n_updates       | 783080   |
---------------------------------
---------------------------------
| rollout/           |          |
|    ep_len_mean     | 58.4     |
|    ep_rew_mean     | -15.5    |
|    success_rate    | 0.36     |
| time/              |          |
|    episodes        | 1824     |
|    fps             | 82       |
|    time_elapsed    | 1650     |
|    total_timesteps | 135472   |
| train/             |          |
|    actor_loss      | -143     |
|    critic_loss     | 95.6     |
|    ent_coef        | 0.001    |
|    learning_rate   | 0.0003   |
|    n_updates       | 783166   |
---------------------------------
---------------------------------
| rollout/           |          |
|    ep_len_mean     | 61.7     |
|    ep_rew_mean     | -16      |
|    success_rate    | 0.35     |
| time/              |          |
|    episodes        | 1828     |
|    fps             | 82       |
|    time_elapsed    | 1654     |
|    total_timesteps | 135980   |
| train/             |          |
|    actor_loss      | -142     |
|    critic_loss     | 48.9     |
|    ent_coef        | 0.001    |
|    learning_rate   | 0.0003   |
|    n_updates       | 783293   |
---------------------------------
---------------------------------
| rollout/           |          |
|    ep_len_mean     | 61.9     |
|    ep_rew_mean     | -15.8    |
|    success_rate    | 0.36     |
| time/              |          |
|    episodes        | 1832     |
|    fps             | 82       |
|    time_elapsed    | 1656     |
|    total_timesteps | 136228   |
| train/             |          |
|    actor_loss      | -146     |
|    critic_loss     | 107      |
|    ent_coef        | 0.001    |
|    learning_rate   | 0.0003   |
|    n_updates       | 783355   |
---------------------------------
---------------------------------
| rollout/           |          |
|    ep_len_mean     | 63.5     |
|    ep_rew_mean     | -17.3    |
|    success_rate    | 0.36     |
| time/              |          |
|    episodes        | 1836     |
|    fps             | 82       |
|    time_elapsed    | 1661     |
|    total_timesteps | 136784   |
| train/             |          |
|    actor_loss      | -144     |
|    critic_loss     | 81       |
|    ent_coef        | 0.001    |
|    learning_rate   | 0.0003   |
|    n_updates       | 783494   |
---------------------------------
---------------------------------
| rollout/           |          |
|    ep_len_mean     | 59.9     |
|    ep_rew_mean     | -15.8    |
|    success_rate    | 0.35     |
| time/              |          |
|    episodes        | 1840     |
|    fps             | 82       |
|    time_elapsed    | 1661     |
|    total_timesteps | 136816   |
| train/             |          |
|    actor_loss      | -146     |
|    critic_loss     | 26.4     |
|    ent_coef        | 0.001    |
|    learning_rate   | 0.0003   |
|    n_updates       | 783502   |
---------------------------------
---------------------------------
| rollout/           |          |
|    ep_len_mean     | 58.2     |
|    ep_rew_mean     | -16.1    |
|    success_rate    | 0.35     |
| time/              |          |
|    episodes        | 1844     |
|    fps             | 82       |
|    time_elapsed    | 1663     |
|    total_timesteps | 136992   |
| train/             |          |
|    actor_loss      | -145     |
|    critic_loss     | 111      |
|    ent_coef        | 0.001    |
|    learning_rate   | 0.0003   |
|    n_updates       | 783546   |
---------------------------------
---------------------------------
| rollout/           |          |
|    ep_len_mean     | 56.5     |
|    ep_rew_mean     | -15.8    |
|    success_rate    | 0.35     |
| time/              |          |
|    episodes        | 1848     |
|    fps             | 82       |
|    time_elapsed    | 1667     |
|    total_timesteps | 137524   |
| train/             |          |
|    actor_loss      | -146     |
|    critic_loss     | 63.4     |
|    ent_coef        | 0.001    |
|    learning_rate   | 0.0003   |
|    n_updates       | 783679   |
---------------------------------
---------------------------------
| rollout/           |          |
|    ep_len_mean     | 54.3     |
|    ep_rew_mean     | -14.1    |
|    success_rate    | 0.35     |
| time/              |          |
|    episodes        | 1852     |
|    fps             | 82       |
|    time_elapsed    | 1669     |
|    total_timesteps | 137700   |
| train/             |          |
|    actor_loss      | -150     |
|    critic_loss     | 93.1     |
|    ent_coef        | 0.001    |
|    learning_rate   | 0.0003   |
|    n_updates       | 783723   |
---------------------------------
---------------------------------
| rollout/           |          |
|    ep_len_mean     | 54.3     |
|    ep_rew_mean     | -14.2    |
|    success_rate    | 0.34     |
| time/              |          |
|    episodes        | 1856     |
|    fps             | 82       |
|    time_elapsed    | 1670     |
|    total_timesteps | 137836   |
| train/             |          |
|    actor_loss      | -143     |
|    critic_loss     | 20.3     |
|    ent_coef        | 0.001    |
|    learning_rate   | 0.0003   |
|    n_updates       | 783757   |
---------------------------------
---------------------------------
| rollout/           |          |
|    ep_len_mean     | 54.2     |
|    ep_rew_mean     | -14.4    |
|    success_rate    | 0.33     |
| time/              |          |
|    episodes        | 1860     |
|    fps             | 82       |
|    time_elapsed    | 1674     |
|    total_timesteps | 138332   |
| train/             |          |
|    actor_loss      | -144     |
|    critic_loss     | 64.9     |
|    ent_coef        | 0.001    |
|    learning_rate   | 0.0003   |
|    n_updates       | 783881   |
---------------------------------
---------------------------------
| rollout/           |          |
|    ep_len_mean     | 55.5     |
|    ep_rew_mean     | -14.9    |
|    success_rate    | 0.31     |
| time/              |          |
|    episodes        | 1864     |
|    fps             | 82       |
|    time_elapsed    | 1675     |
|    total_timesteps | 138436   |
| train/             |          |
|    actor_loss      | -147     |
|    critic_loss     | 58.9     |
|    ent_coef        | 0.001    |
|    learning_rate   | 0.0003   |
|    n_updates       | 783907   |
---------------------------------
---------------------------------
| rollout/           |          |
|    ep_len_mean     | 57.5     |
|    ep_rew_mean     | -14.3    |
|    success_rate    | 0.33     |
| time/              |          |
|    episodes        | 1868     |
|    fps             | 82       |
|    time_elapsed    | 1676     |
|    total_timesteps | 138536   |
| train/             |          |
|    actor_loss      | -145     |
|    critic_loss     | 128      |
|    ent_coef        | 0.001    |
|    learning_rate   | 0.0003   |
|    n_updates       | 783932   |
---------------------------------
---------------------------------
| rollout/           |          |
|    ep_len_mean     | 57.4     |
|    ep_rew_mean     | -14.9    |
|    success_rate    | 0.33     |
| time/              |          |
|    episodes        | 1872     |
|    fps             | 82       |
|    time_elapsed    | 1677     |
|    total_timesteps | 138592   |
| train/             |          |
|    actor_loss      | -144     |
|    critic_loss     | 67.6     |
|    ent_coef        | 0.001    |
|    learning_rate   | 0.0003   |
|    n_updates       | 783946   |
---------------------------------
---------------------------------
| rollout/           |          |
|    ep_len_mean     | 54.3     |
|    ep_rew_mean     | -13.9    |
|    success_rate    | 0.35     |
| time/              |          |
|    episodes        | 1876     |
|    fps             | 82       |
|    time_elapsed    | 1680     |
|    total_timesteps | 138880   |
| train/             |          |
|    actor_loss      | -145     |
|    critic_loss     | 85.2     |
|    ent_coef        | 0.001    |
|    learning_rate   | 0.0003   |
|    n_updates       | 784018   |
---------------------------------
---------------------------------
| rollout/           |          |
|    ep_len_mean     | 54.6     |
|    ep_rew_mean     | -14      |
|    success_rate    | 0.36     |
| time/              |          |
|    episodes        | 1880     |
|    fps             | 82       |
|    time_elapsed    | 1682     |
|    total_timesteps | 139160   |
| train/             |          |
|    actor_loss      | -146     |
|    critic_loss     | 80.5     |
|    ent_coef        | 0.001    |
|    learning_rate   | 0.0003   |
|    n_updates       | 784088   |
---------------------------------
---------------------------------
| rollout/           |          |
|    ep_len_mean     | 58.2     |
|    ep_rew_mean     | -13.7    |
|    success_rate    | 0.37     |
| time/              |          |
|    episodes        | 1884     |
|    fps             | 82       |
|    time_elapsed    | 1684     |
|    total_timesteps | 139356   |
| train/             |          |
|    actor_loss      | -142     |
|    critic_loss     | 51.8     |
|    ent_coef        | 0.001    |
|    learning_rate   | 0.0003   |
|    n_updates       | 784137   |
---------------------------------
---------------------------------
| rollout/           |          |
|    ep_len_mean     | 56.7     |
|    ep_rew_mean     | -13.3    |
|    success_rate    | 0.38     |
| time/              |          |
|    episodes        | 1888     |
|    fps             | 82       |
|    time_elapsed    | 1685     |
|    total_timesteps | 139424   |
| train/             |          |
|    actor_loss      | -146     |
|    critic_loss     | 21.8     |
|    ent_coef        | 0.001    |
|    learning_rate   | 0.0003   |
|    n_updates       | 784154   |
---------------------------------
---------------------------------
| rollout/           |          |
|    ep_len_mean     | 55       |
|    ep_rew_mean     | -13      |
|    success_rate    | 0.38     |
| time/              |          |
|    episodes        | 1892     |
|    fps             | 82       |
|    time_elapsed    | 1685     |
|    total_timesteps | 139448   |
| train/             |          |
|    actor_loss      | -145     |
|    critic_loss     | 168      |
|    ent_coef        | 0.001    |
|    learning_rate   | 0.0003   |
|    n_updates       | 784160   |
---------------------------------
---------------------------------
| rollout/           |          |
|    ep_len_mean     | 56.9     |
|    ep_rew_mean     | -13.5    |
|    success_rate    | 0.39     |
| time/              |          |
|    episodes        | 1896     |
|    fps             | 82       |
|    time_elapsed    | 1688     |
|    total_timesteps | 139852   |
| train/             |          |
|    actor_loss      | -147     |
|    critic_loss     | 67.2     |
|    ent_coef        | 0.001    |
|    learning_rate   | 0.0003   |
|    n_updates       | 784261   |
---------------------------------
Eval num_timesteps=140000, episode_reward=-10.82 +/- 30.14
Episode length: 63.46 +/- 70.44
Success rate: 66.00%
---------------------------------
| eval/              |          |
|    mean_ep_length  | 63.5     |
|    mean_reward     | -10.8    |
|    success_rate    | 0.66     |
| time/              |          |
|    total_timesteps | 140000   |
| train/             |          |
|    actor_loss      | -141     |
|    critic_loss     | 92.4     |
|    ent_coef        | 0.001    |
|    learning_rate   | 0.0003   |
|    n_updates       | 784298   |
---------------------------------
New best mean reward!
[DenseSuccessCallback - transit] New best: 66.0% -> ./checkpoints/dense_refinement_20260423_235832/best_model_transit.zip
Eval num_timesteps=140000, episode_reward=-6.59 +/- 12.47
Episode length: 64.52 +/- 79.73
Success rate: 36.00%
---------------------------------
| eval/              |          |
|    mean_ep_length  | 64.5     |
|    mean_reward     | -6.59    |
|    success_rate    | 0.36     |
| time/              |          |
|    total_timesteps | 140000   |
---------------------------------
Eval num_timesteps=140000, episode_reward=-20.18 +/- 0.07
Episode length: 1.16 +/- 0.64
Success rate: 0.00%
---------------------------------
| eval/              |          |
|    mean_ep_length  | 1.16     |
|    mean_reward     | -20.2    |
|    success_rate    | 0        |
| time/              |          |
|    total_timesteps | 140000   |
---------------------------------
---------------------------------
| rollout/           |          |
|    ep_len_mean     | 60.2     |
|    ep_rew_mean     | -14.9    |
|    success_rate    | 0.38     |
| time/              |          |
|    episodes        | 1900     |
|    fps             | 81       |
|    time_elapsed    | 1719     |
|    total_timesteps | 140148   |
| train/             |          |
|    actor_loss      | -142     |
|    critic_loss     | 24.1     |
|    ent_coef        | 0.001    |
|    learning_rate   | 0.0003   |
|    n_updates       | 784335   |
---------------------------------
---------------------------------
| rollout/           |          |
|    ep_len_mean     | 58.5     |
|    ep_rew_mean     | -15.3    |
|    success_rate    | 0.37     |
| time/              |          |
|    episodes        | 1904     |
|    fps             | 81       |
|    time_elapsed    | 1723     |
|    total_timesteps | 140600   |
| train/             |          |
|    actor_loss      | -148     |
|    critic_loss     | 82       |
|    ent_coef        | 0.001    |
|    learning_rate   | 0.0003   |
|    n_updates       | 784448   |
---------------------------------
---------------------------------
| rollout/           |          |
|    ep_len_mean     | 59       |
|    ep_rew_mean     | -15      |
|    success_rate    | 0.39     |
| time/              |          |
|    episodes        | 1908     |
|    fps             | 81       |
|    time_elapsed    | 1724     |
|    total_timesteps | 140736   |
| train/             |          |
|    actor_loss      | -143     |
|    critic_loss     | 120      |
|    ent_coef        | 0.001    |
|    learning_rate   | 0.0003   |
|    n_updates       | 784482   |
---------------------------------
---------------------------------
| rollout/           |          |
|    ep_len_mean     | 62.8     |
|    ep_rew_mean     | -14.9    |
|    success_rate    | 0.39     |
| time/              |          |
|    episodes        | 1912     |
|    fps             | 81       |
|    time_elapsed    | 1727     |
|    total_timesteps | 141052   |
| train/             |          |
|    actor_loss      | -143     |
|    critic_loss     | 100      |
|    ent_coef        | 0.001    |
|    learning_rate   | 0.0003   |
|    n_updates       | 784561   |
---------------------------------
---------------------------------
| rollout/           |          |
|    ep_len_mean     | 66.9     |
|    ep_rew_mean     | -15.9    |
|    success_rate    | 0.38     |
| time/              |          |
|    episodes        | 1916     |
|    fps             | 81       |
|    time_elapsed    | 1731     |
|    total_timesteps | 141584   |
| train/             |          |
|    actor_loss      | -144     |
|    critic_loss     | 94.9     |
|    ent_coef        | 0.001    |
|    learning_rate   | 0.0003   |
|    n_updates       | 784694   |
---------------------------------
---------------------------------
| rollout/           |          |
|    ep_len_mean     | 66.5     |
|    ep_rew_mean     | -15.3    |
|    success_rate    | 0.39     |
| time/              |          |
|    episodes        | 1920     |
|    fps             | 81       |
|    time_elapsed    | 1733     |
|    total_timesteps | 141812   |
| train/             |          |
|    actor_loss      | -143     |
|    critic_loss     | 112      |
|    ent_coef        | 0.001    |
|    learning_rate   | 0.0003   |
|    n_updates       | 784751   |
---------------------------------
---------------------------------
| rollout/           |          |
|    ep_len_mean     | 65.7     |
|    ep_rew_mean     | -15.7    |
|    success_rate    | 0.4      |
| time/              |          |
|    episodes        | 1924     |
|    fps             | 81       |
|    time_elapsed    | 1737     |
|    total_timesteps | 142252   |
| train/             |          |
|    actor_loss      | -142     |
|    critic_loss     | 52.2     |
|    ent_coef        | 0.001    |
|    learning_rate   | 0.0003   |
|    n_updates       | 784861   |
---------------------------------
---------------------------------
| rollout/           |          |
|    ep_len_mean     | 64.9     |
|    ep_rew_mean     | -16.4    |
|    success_rate    | 0.42     |
| time/              |          |
|    episodes        | 1928     |
|    fps             | 81       |
|    time_elapsed    | 1738     |
|    total_timesteps | 142408   |
| train/             |          |
|    actor_loss      | -145     |
|    critic_loss     | 25       |
|    ent_coef        | 0.001    |
|    learning_rate   | 0.0003   |
|    n_updates       | 784900   |
---------------------------------
---------------------------------
| rollout/           |          |
|    ep_len_mean     | 63       |
|    ep_rew_mean     | -16.5    |
|    success_rate    | 0.42     |
| time/              |          |
|    episodes        | 1932     |
|    fps             | 81       |
|    time_elapsed    | 1739     |
|    total_timesteps | 142428   |
| train/             |          |
|    actor_loss      | -147     |
|    critic_loss     | 144      |
|    ent_coef        | 0.001    |
|    learning_rate   | 0.0003   |
|    n_updates       | 784905   |
---------------------------------
---------------------------------
| rollout/           |          |
|    ep_len_mean     | 59.7     |
|    ep_rew_mean     | -15      |
|    success_rate    | 0.42     |
| time/              |          |
|    episodes        | 1936     |
|    fps             | 81       |
|    time_elapsed    | 1740     |
|    total_timesteps | 142528   |
| train/             |          |
|    actor_loss      | -144     |
|    critic_loss     | 37       |
|    ent_coef        | 0.001    |
|    learning_rate   | 0.0003   |
|    n_updates       | 784930   |
---------------------------------
---------------------------------
| rollout/           |          |
|    ep_len_mean     | 58.4     |
|    ep_rew_mean     | -14.7    |
|    success_rate    | 0.44     |
| time/              |          |
|    episodes        | 1940     |
|    fps             | 81       |
|    time_elapsed    | 1741     |
|    total_timesteps | 142604   |
| train/             |          |
|    actor_loss      | -144     |
|    critic_loss     | 112      |
|    ent_coef        | 0.001    |
|    learning_rate   | 0.0003   |
|    n_updates       | 784949   |
---------------------------------
---------------------------------
| rollout/           |          |
|    ep_len_mean     | 57.7     |
|    ep_rew_mean     | -14.2    |
|    success_rate    | 0.46     |
| time/              |          |
|    episodes        | 1944     |
|    fps             | 81       |
|    time_elapsed    | 1744     |
|    total_timesteps | 142908   |
| train/             |          |
|    actor_loss      | -142     |
|    critic_loss     | 108      |
|    ent_coef        | 0.001    |
|    learning_rate   | 0.0003   |
|    n_updates       | 785025   |
---------------------------------
---------------------------------
| rollout/           |          |
|    ep_len_mean     | 57.5     |
|    ep_rew_mean     | -14.7    |
|    success_rate    | 0.45     |
| time/              |          |
|    episodes        | 1948     |
|    fps             | 81       |
|    time_elapsed    | 1745     |
|    total_timesteps | 142980   |
| train/             |          |
|    actor_loss      | -142     |
|    critic_loss     | 31.2     |
|    ent_coef        | 0.001    |
|    learning_rate   | 0.0003   |
|    n_updates       | 785043   |
---------------------------------
---------------------------------
| rollout/           |          |
|    ep_len_mean     | 55.9     |
|    ep_rew_mean     | -14.7    |
|    success_rate    | 0.46     |
| time/              |          |
|    episodes        | 1952     |
|    fps             | 81       |
|    time_elapsed    | 1745     |
|    total_timesteps | 143004   |
| train/             |          |
|    actor_loss      | -141     |
|    critic_loss     | 54.6     |
|    ent_coef        | 0.001    |
|    learning_rate   | 0.0003   |
|    n_updates       | 785049   |
---------------------------------
---------------------------------
| rollout/           |          |
|    ep_len_mean     | 54.5     |
|    ep_rew_mean     | -14.6    |
|    success_rate    | 0.48     |
| time/              |          |
|    episodes        | 1956     |
|    fps             | 81       |
|    time_elapsed    | 1746     |
|    total_timesteps | 143048   |
| train/             |          |
|    actor_loss      | -144     |
|    critic_loss     | 110      |
|    ent_coef        | 0.001    |
|    learning_rate   | 0.0003   |
|    n_updates       | 785060   |
---------------------------------
---------------------------------
| rollout/           |          |
|    ep_len_mean     | 51.5     |
|    ep_rew_mean     | -14.1    |
|    success_rate    | 0.51     |
| time/              |          |
|    episodes        | 1960     |
|    fps             | 81       |
|    time_elapsed    | 1747     |
|    total_timesteps | 143120   |
| train/             |          |
|    actor_loss      | -142     |
|    critic_loss     | 58.5     |
|    ent_coef        | 0.001    |
|    learning_rate   | 0.0003   |
|    n_updates       | 785078   |
---------------------------------
---------------------------------
| rollout/           |          |
|    ep_len_mean     | 50.1     |
|    ep_rew_mean     | -14.2    |
|    success_rate    | 0.51     |
| time/              |          |
|    episodes        | 1964     |
|    fps             | 81       |
|    time_elapsed    | 1748     |
|    total_timesteps | 143232   |
| train/             |          |
|    actor_loss      | -144     |
|    critic_loss     | 90.8     |
|    ent_coef        | 0.001    |
|    learning_rate   | 0.0003   |
|    n_updates       | 785106   |
---------------------------------
---------------------------------
| rollout/           |          |
|    ep_len_mean     | 49.2     |
|    ep_rew_mean     | -14.3    |
|    success_rate    | 0.52     |
| time/              |          |
|    episodes        | 1968     |
|    fps             | 81       |
|    time_elapsed    | 1750     |
|    total_timesteps | 143384   |
| train/             |          |
|    actor_loss      | -143     |
|    critic_loss     | 80.4     |
|    ent_coef        | 0.001    |
|    learning_rate   | 0.0003   |
|    n_updates       | 785144   |
---------------------------------
---------------------------------
| rollout/           |          |
|    ep_len_mean     | 47.7     |
|    ep_rew_mean     | -13.8    |
|    success_rate    | 0.52     |
| time/              |          |
|    episodes        | 1972     |
|    fps             | 81       |
|    time_elapsed    | 1751     |
|    total_timesteps | 143468   |
| train/             |          |
|    actor_loss      | -143     |
|    critic_loss     | 60.8     |
|    ent_coef        | 0.001    |
|    learning_rate   | 0.0003   |
|    n_updates       | 785165   |
---------------------------------
---------------------------------
| rollout/           |          |
|    ep_len_mean     | 48.8     |
|    ep_rew_mean     | -14.9    |
|    success_rate    | 0.48     |
| time/              |          |
|    episodes        | 1976     |
|    fps             | 81       |
|    time_elapsed    | 1754     |
|    total_timesteps | 143872   |
| train/             |          |
|    actor_loss      | -147     |
|    critic_loss     | 141      |
|    ent_coef        | 0.001    |
|    learning_rate   | 0.0003   |
|    n_updates       | 785266   |
---------------------------------
---------------------------------
| rollout/           |          |
|    ep_len_mean     | 48.2     |
|    ep_rew_mean     | -14.9    |
|    success_rate    | 0.46     |
| time/              |          |
|    episodes        | 1980     |
|    fps             | 81       |
|    time_elapsed    | 1755     |
|    total_timesteps | 143932   |
| train/             |          |
|    actor_loss      | -142     |
|    critic_loss     | 51.7     |
|    ent_coef        | 0.001    |
|    learning_rate   | 0.0003   |
|    n_updates       | 785281   |
---------------------------------
---------------------------------
| rollout/           |          |
|    ep_len_mean     | 45.7     |
|    ep_rew_mean     | -15.2    |
|    success_rate    | 0.45     |
| time/              |          |
|    episodes        | 1984     |
|    fps             | 81       |
|    time_elapsed    | 1756     |
|    total_timesteps | 144004   |
| train/             |          |
|    actor_loss      | -139     |
|    critic_loss     | 110      |
|    ent_coef        | 0.001    |
|    learning_rate   | 0.0003   |
|    n_updates       | 785299   |
---------------------------------
---------------------------------
| rollout/           |          |
|    ep_len_mean     | 46       |
|    ep_rew_mean     | -15      |
|    success_rate    | 0.46     |
| time/              |          |
|    episodes        | 1988     |
|    fps             | 81       |
|    time_elapsed    | 1758     |
|    total_timesteps | 144108   |
| train/             |          |
|    actor_loss      | -144     |
|    critic_loss     | 90.9     |
|    ent_coef        | 0.001    |
|    learning_rate   | 0.0003   |
|    n_updates       | 785325   |
---------------------------------
---------------------------------
| rollout/           |          |
|    ep_len_mean     | 48       |
|    ep_rew_mean     | -14.3    |
|    success_rate    | 0.48     |
| time/              |          |
|    episodes        | 1992     |
|    fps             | 81       |
|    time_elapsed    | 1759     |
|    total_timesteps | 144228   |
| train/             |          |
|    actor_loss      | -142     |
|    critic_loss     | 50.5     |
|    ent_coef        | 0.001    |
|    learning_rate   | 0.0003   |
|    n_updates       | 785355   |
---------------------------------
---------------------------------
| rollout/           |          |
|    ep_len_mean     | 46.1     |
|    ep_rew_mean     | -13.8    |
|    success_rate    | 0.47     |
| time/              |          |
|    episodes        | 1996     |
|    fps             | 81       |
|    time_elapsed    | 1760     |
|    total_timesteps | 144296   |
| train/             |          |
|    actor_loss      | -143     |
|    critic_loss     | 106      |
|    ent_coef        | 0.001    |
|    learning_rate   | 0.0003   |
|    n_updates       | 785372   |
---------------------------------
---------------------------------
| rollout/           |          |
|    ep_len_mean     | 44.4     |
|    ep_rew_mean     | -12.3    |
|    success_rate    | 0.48     |
| time/              |          |
|    episodes        | 2000     |
|    fps             | 82       |
|    time_elapsed    | 1762     |
|    total_timesteps | 144608   |
| train/             |          |
|    actor_loss      | -143     |
|    critic_loss     | 80.2     |
|    ent_coef        | 0.001    |
|    learning_rate   | 0.0003   |
|    n_updates       | 785450   |
---------------------------------
---------------------------------
| rollout/           |          |
|    ep_len_mean     | 44.8     |
|    ep_rew_mean     | -10.8    |
|    success_rate    | 0.51     |
| time/              |          |
|    episodes        | 2004     |
|    fps             | 82       |
|    time_elapsed    | 1764     |
|    total_timesteps | 144844   |
| train/             |          |
|    actor_loss      | -140     |
|    critic_loss     | 25.2     |
|    ent_coef        | 0.001    |
|    learning_rate   | 0.0003   |
|    n_updates       | 785509   |
---------------------------------
---------------------------------
| rollout/           |          |
|    ep_len_mean     | 42.7     |
|    ep_rew_mean     | -10.9    |
|    success_rate    | 0.5      |
| time/              |          |
|    episodes        | 2008     |
|    fps             | 82       |
|    time_elapsed    | 1765     |
|    total_timesteps | 144936   |
| train/             |          |
|    actor_loss      | -143     |
|    critic_loss     | 56.5     |
|    ent_coef        | 0.001    |
|    learning_rate   | 0.0003   |
|    n_updates       | 785532   |
---------------------------------
---------------------------------
| rollout/           |          |
|    ep_len_mean     | 41       |
|    ep_rew_mean     | -10.7    |
|    success_rate    | 0.51     |
| time/              |          |
|    episodes        | 2012     |
|    fps             | 82       |
|    time_elapsed    | 1767     |
|    total_timesteps | 145152   |
| train/             |          |
|    actor_loss      | -141     |
|    critic_loss     | 101      |
|    ent_coef        | 0.001    |
|    learning_rate   | 0.0003   |
|    n_updates       | 785586   |
---------------------------------
---------------------------------
| rollout/           |          |
|    ep_len_mean     | 38.6     |
|    ep_rew_mean     | -9.75    |
|    success_rate    | 0.51     |
| time/              |          |
|    episodes        | 2016     |
|    fps             | 82       |
|    time_elapsed    | 1770     |
|    total_timesteps | 145492   |
| train/             |          |
|    actor_loss      | -143     |
|    critic_loss     | 74.5     |
|    ent_coef        | 0.001    |
|    learning_rate   | 0.0003   |
|    n_updates       | 785671   |
---------------------------------
---------------------------------
| rollout/           |          |
|    ep_len_mean     | 38.5     |
|    ep_rew_mean     | -10.1    |
|    success_rate    | 0.5      |
| time/              |          |
|    episodes        | 2020     |
|    fps             | 82       |
|    time_elapsed    | 1772     |
|    total_timesteps | 145660   |
| train/             |          |
|    actor_loss      | -143     |
|    critic_loss     | 105      |
|    ent_coef        | 0.001    |
|    learning_rate   | 0.0003   |
|    n_updates       | 785713   |
---------------------------------
---------------------------------
| rollout/           |          |
|    ep_len_mean     | 36.8     |
|    ep_rew_mean     | -10.3    |
|    success_rate    | 0.47     |
| time/              |          |
|    episodes        | 2024     |
|    fps             | 82       |
|    time_elapsed    | 1774     |
|    total_timesteps | 145788   |
| train/             |          |
|    actor_loss      | -143     |
|    critic_loss     | 27.4     |
|    ent_coef        | 0.001    |
|    learning_rate   | 0.0003   |
|    n_updates       | 785745   |
---------------------------------
---------------------------------
| rollout/           |          |
|    ep_len_mean     | 33.3     |
|    ep_rew_mean     | -8.54    |
|    success_rate    | 0.47     |
| time/              |          |
|    episodes        | 2028     |
|    fps             | 82       |
|    time_elapsed    | 1774     |
|    total_timesteps | 145848   |
| train/             |          |
|    actor_loss      | -145     |
|    critic_loss     | 28.3     |
|    ent_coef        | 0.001    |
|    learning_rate   | 0.0003   |
|    n_updates       | 785760   |
---------------------------------
---------------------------------
| rollout/           |          |
|    ep_len_mean     | 33.2     |
|    ep_rew_mean     | -8.84    |
|    success_rate    | 0.46     |
| time/              |          |
|    episodes        | 2032     |
|    fps             | 82       |
|    time_elapsed    | 1775     |
|    total_timesteps | 145888   |
| train/             |          |
|    actor_loss      | -141     |
|    critic_loss     | 50.9     |
|    ent_coef        | 0.001    |
|    learning_rate   | 0.0003   |
|    n_updates       | 785770   |
---------------------------------
---------------------------------
| rollout/           |          |
|    ep_len_mean     | 35.4     |
|    ep_rew_mean     | -8.59    |
|    success_rate    | 0.47     |
| time/              |          |
|    episodes        | 2036     |
|    fps             | 82       |
|    time_elapsed    | 1777     |
|    total_timesteps | 146036   |
| train/             |          |
|    actor_loss      | -142     |
|    critic_loss     | 157      |
|    ent_coef        | 0.001    |
|    learning_rate   | 0.0003   |
|    n_updates       | 785807   |
---------------------------------
---------------------------------
| rollout/           |          |
|    ep_len_mean     | 35.3     |
|    ep_rew_mean     | -8.55    |
|    success_rate    | 0.47     |
| time/              |          |
|    episodes        | 2040     |
|    fps             | 82       |
|    time_elapsed    | 1778     |
|    total_timesteps | 146152   |
| train/             |          |
|    actor_loss      | -143     |
|    critic_loss     | 23       |
|    ent_coef        | 0.001    |
|    learning_rate   | 0.0003   |
|    n_updates       | 785836   |
---------------------------------
---------------------------------
| rollout/           |          |
|    ep_len_mean     | 34.5     |
|    ep_rew_mean     | -9.11    |
|    success_rate    | 0.45     |
| time/              |          |
|    episodes        | 2044     |
|    fps             | 82       |
|    time_elapsed    | 1780     |
|    total_timesteps | 146372   |
| train/             |          |
|    actor_loss      | -140     |
|    critic_loss     | 138      |
|    ent_coef        | 0.001    |
|    learning_rate   | 0.0003   |
|    n_updates       | 785891   |
---------------------------------
---------------------------------
| rollout/           |          |
|    ep_len_mean     | 33       |
|    ep_rew_mean     | -8.62    |
|    success_rate    | 0.46     |
| time/              |          |
|    episodes        | 2048     |
|    fps             | 82       |
|    time_elapsed    | 1782     |
|    total_timesteps | 146508   |
| train/             |          |
|    actor_loss      | -139     |
|    critic_loss     | 80.4     |
|    ent_coef        | 0.001    |
|    learning_rate   | 0.0003   |
|    n_updates       | 785925   |
---------------------------------
---------------------------------
| rollout/           |          |
|    ep_len_mean     | 35.9     |
|    ep_rew_mean     | -8.16    |
|    success_rate    | 0.47     |
| time/              |          |
|    episodes        | 2052     |
|    fps             | 82       |
|    time_elapsed    | 1783     |
|    total_timesteps | 146652   |
| train/             |          |
|    actor_loss      | -146     |
|    critic_loss     | 67       |
|    ent_coef        | 0.001    |
|    learning_rate   | 0.0003   |
|    n_updates       | 785961   |
---------------------------------
---------------------------------
| rollout/           |          |
|    ep_len_mean     | 35.5     |
|    ep_rew_mean     | -8.3     |
|    success_rate    | 0.45     |
| time/              |          |
|    episodes        | 2056     |
|    fps             | 82       |
|    time_elapsed    | 1784     |
|    total_timesteps | 146700   |
| train/             |          |
|    actor_loss      | -141     |
|    critic_loss     | 174      |
|    ent_coef        | 0.001    |
|    learning_rate   | 0.0003   |
|    n_updates       | 785973   |
---------------------------------
---------------------------------
| rollout/           |          |
|    ep_len_mean     | 35.1     |
|    ep_rew_mean     | -9.02    |
|    success_rate    | 0.43     |
| time/              |          |
|    episodes        | 2060     |
|    fps             | 82       |
|    time_elapsed    | 1785     |
|    total_timesteps | 146740   |
| train/             |          |
|    actor_loss      | -142     |
|    critic_loss     | 42.5     |
|    ent_coef        | 0.001    |
|    learning_rate   | 0.0003   |
|    n_updates       | 785983   |
---------------------------------
---------------------------------
| rollout/           |          |
|    ep_len_mean     | 34.9     |
|    ep_rew_mean     | -9.4     |
|    success_rate    | 0.42     |
| time/              |          |
|    episodes        | 2064     |
|    fps             | 82       |
|    time_elapsed    | 1786     |
|    total_timesteps | 146916   |
| train/             |          |
|    actor_loss      | -145     |
|    critic_loss     | 118      |
|    ent_coef        | 0.001    |
|    learning_rate   | 0.0003   |
|    n_updates       | 786027   |
---------------------------------
---------------------------------
| rollout/           |          |
|    ep_len_mean     | 36.9     |
|    ep_rew_mean     | -9.93    |
|    success_rate    | 0.42     |
| time/              |          |
|    episodes        | 2068     |
|    fps             | 82       |
|    time_elapsed    | 1789     |
|    total_timesteps | 147176   |
| train/             |          |
|    actor_loss      | -139     |
|    critic_loss     | 25.9     |
|    ent_coef        | 0.001    |
|    learning_rate   | 0.0003   |
|    n_updates       | 786092   |
---------------------------------
---------------------------------
| rollout/           |          |
|    ep_len_mean     | 38.3     |
|    ep_rew_mean     | -10.6    |
|    success_rate    | 0.41     |
| time/              |          |
|    episodes        | 2072     |
|    fps             | 82       |
|    time_elapsed    | 1790     |
|    total_timesteps | 147252   |
| train/             |          |
|    actor_loss      | -141     |
|    critic_loss     | 90.1     |
|    ent_coef        | 0.001    |
|    learning_rate   | 0.0003   |
|    n_updates       | 786111   |
---------------------------------
---------------------------------
| rollout/           |          |
|    ep_len_mean     | 36.9     |
|    ep_rew_mean     | -9.97    |
|    success_rate    | 0.43     |
| time/              |          |
|    episodes        | 2076     |
|    fps             | 82       |
|    time_elapsed    | 1791     |
|    total_timesteps | 147372   |
| train/             |          |
|    actor_loss      | -139     |
|    critic_loss     | 136      |
|    ent_coef        | 0.001    |
|    learning_rate   | 0.0003   |
|    n_updates       | 786141   |
---------------------------------
---------------------------------
| rollout/           |          |
|    ep_len_mean     | 35.8     |
|    ep_rew_mean     | -9.43    |
|    success_rate    | 0.46     |
| time/              |          |
|    episodes        | 2080     |
|    fps             | 82       |
|    time_elapsed    | 1793     |
|    total_timesteps | 147528   |
| train/             |          |
|    actor_loss      | -140     |
|    critic_loss     | 24.8     |
|    ent_coef        | 0.001    |
|    learning_rate   | 0.0003   |
|    n_updates       | 786180   |
---------------------------------
---------------------------------
| rollout/           |          |
|    ep_len_mean     | 36.3     |
|    ep_rew_mean     | -9.29    |
|    success_rate    | 0.46     |
| time/              |          |
|    episodes        | 2084     |
|    fps             | 82       |
|    time_elapsed    | 1794     |
|    total_timesteps | 147624   |
| train/             |          |
|    actor_loss      | -139     |
|    critic_loss     | 170      |
|    ent_coef        | 0.001    |
|    learning_rate   | 0.0003   |
|    n_updates       | 786204   |
---------------------------------
---------------------------------
| rollout/           |          |
|    ep_len_mean     | 36.4     |
|    ep_rew_mean     | -9.84    |
|    success_rate    | 0.44     |
| time/              |          |
|    episodes        | 2088     |
|    fps             | 82       |
|    time_elapsed    | 1796     |
|    total_timesteps | 147832   |
| train/             |          |
|    actor_loss      | -141     |
|    critic_loss     | 25.7     |
|    ent_coef        | 0.001    |
|    learning_rate   | 0.0003   |
|    n_updates       | 786256   |
---------------------------------
---------------------------------
| rollout/           |          |
|    ep_len_mean     | 36       |
|    ep_rew_mean     | -10.7    |
|    success_rate    | 0.42     |
| time/              |          |
|    episodes        | 2092     |
|    fps             | 82       |
|    time_elapsed    | 1797     |
|    total_timesteps | 147892   |
| train/             |          |
|    actor_loss      | -143     |
|    critic_loss     | 177      |
|    ent_coef        | 0.001    |
|    learning_rate   | 0.0003   |
|    n_updates       | 786271   |
---------------------------------
---------------------------------
| rollout/           |          |
|    ep_len_mean     | 36.2     |
|    ep_rew_mean     | -10.6    |
|    success_rate    | 0.43     |
| time/              |          |
|    episodes        | 2096     |
|    fps             | 82       |
|    time_elapsed    | 1798     |
|    total_timesteps | 147972   |
| train/             |          |
|    actor_loss      | -143     |
|    critic_loss     | 54.8     |
|    ent_coef        | 0.001    |
|    learning_rate   | 0.0003   |
|    n_updates       | 786291   |
---------------------------------
---------------------------------
| rollout/           |          |
|    ep_len_mean     | 34.6     |
|    ep_rew_mean     | -10.7    |
|    success_rate    | 0.43     |
| time/              |          |
|    episodes        | 2100     |
|    fps             | 82       |
|    time_elapsed    | 1799     |
|    total_timesteps | 148024   |
| train/             |          |
|    actor_loss      | -144     |
|    critic_loss     | 22.7     |
|    ent_coef        | 0.001    |
|    learning_rate   | 0.0003   |
|    n_updates       | 786304   |
---------------------------------
---------------------------------
| rollout/           |          |
|    ep_len_mean     | 32.9     |
|    ep_rew_mean     | -10.5    |
|    success_rate    | 0.43     |
| time/              |          |
|    episodes        | 2104     |
|    fps             | 82       |
|    time_elapsed    | 1800     |
|    total_timesteps | 148140   |
| train/             |          |
|    actor_loss      | -140     |
|    critic_loss     | 44.8     |
|    ent_coef        | 0.001    |
|    learning_rate   | 0.0003   |
|    n_updates       | 786333   |
---------------------------------
---------------------------------
| rollout/           |          |
|    ep_len_mean     | 32.8     |
|    ep_rew_mean     | -10.4    |
|    success_rate    | 0.43     |
| time/              |          |
|    episodes        | 2108     |
|    fps             | 82       |
|    time_elapsed    | 1801     |
|    total_timesteps | 148180   |
| train/             |          |
|    actor_loss      | -143     |
|    critic_loss     | 87.2     |
|    ent_coef        | 0.001    |
|    learning_rate   | 0.0003   |
|    n_updates       | 786343   |
---------------------------------
---------------------------------
| rollout/           |          |
|    ep_len_mean     | 30.9     |
|    ep_rew_mean     | -10.2    |
|    success_rate    | 0.44     |
| time/              |          |
|    episodes        | 2112     |
|    fps             | 82       |
|    time_elapsed    | 1802     |
|    total_timesteps | 148296   |
| train/             |          |
|    actor_loss      | -141     |
|    critic_loss     | 184      |
|    ent_coef        | 0.001    |
|    learning_rate   | 0.0003   |
|    n_updates       | 786372   |
---------------------------------
---------------------------------
| rollout/           |          |
|    ep_len_mean     | 31.2     |
|    ep_rew_mean     | -10.1    |
|    success_rate    | 0.45     |
| time/              |          |
|    episodes        | 2116     |
|    fps             | 82       |
|    time_elapsed    | 1803     |
|    total_timesteps | 148420   |
| train/             |          |
|    actor_loss      | -139     |
|    critic_loss     | 61.6     |
|    ent_coef        | 0.001    |
|    learning_rate   | 0.0003   |
|    n_updates       | 786403   |
---------------------------------
---------------------------------
| rollout/           |          |
|    ep_len_mean     | 30       |
|    ep_rew_mean     | -9.42    |
|    success_rate    | 0.48     |
| time/              |          |
|    episodes        | 2120     |
|    fps             | 82       |
|    time_elapsed    | 1806     |
|    total_timesteps | 148792   |
| train/             |          |
|    actor_loss      | -141     |
|    critic_loss     | 84.3     |
|    ent_coef        | 0.001    |
|    learning_rate   | 0.0003   |
|    n_updates       | 786496   |
---------------------------------
---------------------------------
| rollout/           |          |
|    ep_len_mean     | 33.5     |
|    ep_rew_mean     | -9.44    |
|    success_rate    | 0.49     |
| time/              |          |
|    episodes        | 2124     |
|    fps             | 82       |
|    time_elapsed    | 1808     |
|    total_timesteps | 149016   |
| train/             |          |
|    actor_loss      | -138     |
|    critic_loss     | 120      |
|    ent_coef        | 0.001    |
|    learning_rate   | 0.0003   |
|    n_updates       | 786552   |
---------------------------------
---------------------------------
| rollout/           |          |
|    ep_len_mean     | 33.6     |
|    ep_rew_mean     | -8.72    |
|    success_rate    | 0.51     |
| time/              |          |
|    episodes        | 2128     |
|    fps             | 82       |
|    time_elapsed    | 1810     |
|    total_timesteps | 149192   |
| train/             |          |
|    actor_loss      | -141     |
|    critic_loss     | 48.2     |
|    ent_coef        | 0.001    |
|    learning_rate   | 0.0003   |
|    n_updates       | 786596   |
---------------------------------
---------------------------------
| rollout/           |          |
|    ep_len_mean     | 34       |
|    ep_rew_mean     | -8.44    |
|    success_rate    | 0.52     |
| time/              |          |
|    episodes        | 2132     |
|    fps             | 82       |
|    time_elapsed    | 1812     |
|    total_timesteps | 149440   |
| train/             |          |
|    actor_loss      | -139     |
|    critic_loss     | 150      |
|    ent_coef        | 0.001    |
|    learning_rate   | 0.0003   |
|    n_updates       | 786658   |
---------------------------------
---------------------------------
| rollout/           |          |
|    ep_len_mean     | 33.5     |
|    ep_rew_mean     | -8.62    |
|    success_rate    | 0.51     |
| time/              |          |
|    episodes        | 2136     |
|    fps             | 82       |
|    time_elapsed    | 1813     |
|    total_timesteps | 149532   |
| train/             |          |
|    actor_loss      | -139     |
|    critic_loss     | 83.7     |
|    ent_coef        | 0.001    |
|    learning_rate   | 0.0003   |
|    n_updates       | 786681   |
---------------------------------
---------------------------------
| rollout/           |          |
|    ep_len_mean     | 35       |
|    ep_rew_mean     | -8.61    |
|    success_rate    | 0.5      |
| time/              |          |
|    episodes        | 2140     |
|    fps             | 82       |
|    time_elapsed    | 1814     |
|    total_timesteps | 149600   |
| train/             |          |
|    actor_loss      | -139     |
|    critic_loss     | 60.8     |
|    ent_coef        | 0.001    |
|    learning_rate   | 0.0003   |
|    n_updates       | 786698   |
---------------------------------
---------------------------------
| rollout/           |          |
|    ep_len_mean     | 34.6     |
|    ep_rew_mean     | -8.14    |
|    success_rate    | 0.51     |
| time/              |          |
|    episodes        | 2144     |
|    fps             | 82       |
|    time_elapsed    | 1815     |
|    total_timesteps | 149680   |
| train/             |          |
|    actor_loss      | -141     |
|    critic_loss     | 22.6     |
|    ent_coef        | 0.001    |
|    learning_rate   | 0.0003   |
|    n_updates       | 786718   |
---------------------------------
---------------------------------
| rollout/           |          |
|    ep_len_mean     | 34.8     |
|    ep_rew_mean     | -7.8     |
|    success_rate    | 0.53     |
| time/              |          |
|    episodes        | 2148     |
|    fps             | 82       |
|    time_elapsed    | 1817     |
|    total_timesteps | 149900   |
| train/             |          |
|    actor_loss      | -138     |
|    critic_loss     | 68       |
|    ent_coef        | 0.001    |
|    learning_rate   | 0.0003   |
|    n_updates       | 786773   |
---------------------------------
Eval num_timesteps=150000, episode_reward=-3.84 +/- 16.14
Episode length: 37.70 +/- 52.44
Success rate: 80.00%
---------------------------------
| eval/              |          |
|    mean_ep_length  | 37.7     |
|    mean_reward     | -3.84    |
|    success_rate    | 0.8      |
| time/              |          |
|    total_timesteps | 150000   |
| train/             |          |
|    actor_loss      | -140     |
|    critic_loss     | 23.8     |
|    ent_coef        | 0.001    |
|    learning_rate   | 0.0003   |
|    n_updates       | 786798   |
---------------------------------
New best mean reward!
[DenseSuccessCallback - transit] New best: 80.0% -> ./checkpoints/dense_refinement_20260423_235832/best_model_transit.zip
Eval num_timesteps=150000, episode_reward=-5.61 +/- 12.20
Episode length: 85.52 +/- 80.26
Success rate: 36.00%
---------------------------------
| eval/              |          |
|    mean_ep_length  | 85.5     |
|    mean_reward     | -5.61    |
|    success_rate    | 0.36     |
| time/              |          |
|    total_timesteps | 150000   |
---------------------------------
Eval num_timesteps=150000, episode_reward=-20.22 +/- 0.10
Episode length: 1.34 +/- 0.71
Success rate: 0.00%
---------------------------------
| eval/              |          |
|    mean_ep_length  | 1.34     |
|    mean_reward     | -20.2    |
|    success_rate    | 0        |
| time/              |          |
|    total_timesteps | 150000   |
---------------------------------
---------------------------------
| rollout/           |          |
|    ep_len_mean     | 33.9     |
|    ep_rew_mean     | -8.15    |
|    success_rate    | 0.52     |
| time/              |          |
|    episodes        | 2152     |
|    fps             | 81       |
|    time_elapsed    | 1847     |
|    total_timesteps | 150204   |
| train/             |          |
|    actor_loss      | -141     |
|    critic_loss     | 19.3     |
|    ent_coef        | 0.001    |
|    learning_rate   | 0.0003   |
|    n_updates       | 786849   |
---------------------------------
---------------------------------
| rollout/           |          |
|    ep_len_mean     | 34.1     |
|    ep_rew_mean     | -7.88    |
|    success_rate    | 0.53     |
| time/              |          |
|    episodes        | 2156     |
|    fps             | 81       |
|    time_elapsed    | 1849     |
|    total_timesteps | 150380   |
| train/             |          |
|    actor_loss      | -141     |
|    critic_loss     | 55.7     |
|    ent_coef        | 0.001    |
|    learning_rate   | 0.0003   |
|    n_updates       | 786893   |
---------------------------------
---------------------------------
| rollout/           |          |
|    ep_len_mean     | 37.6     |
|    ep_rew_mean     | -7.58    |
|    success_rate    | 0.53     |
| time/              |          |
|    episodes        | 2160     |
|    fps             | 81       |
|    time_elapsed    | 1850     |
|    total_timesteps | 150480   |
| train/             |          |
|    actor_loss      | -141     |
|    critic_loss     | 83.3     |
|    ent_coef        | 0.001    |
|    learning_rate   | 0.0003   |
|    n_updates       | 786918   |
---------------------------------
---------------------------------
| rollout/           |          |
|    ep_len_mean     | 37.9     |
|    ep_rew_mean     | -7.14    |
|    success_rate    | 0.54     |
| time/              |          |
|    episodes        | 2164     |
|    fps             | 81       |
|    time_elapsed    | 1852     |
|    total_timesteps | 150640   |
| train/             |          |
|    actor_loss      | -138     |
|    critic_loss     | 92.5     |
|    ent_coef        | 0.001    |
|    learning_rate   | 0.0003   |
|    n_updates       | 786958   |
---------------------------------
---------------------------------
| rollout/           |          |
|    ep_len_mean     | 36.5     |
|    ep_rew_mean     | -6.01    |
|    success_rate    | 0.55     |
| time/              |          |
|    episodes        | 2168     |
|    fps             | 81       |
|    time_elapsed    | 1853     |
|    total_timesteps | 150700   |
| train/             |          |
|    actor_loss      | -137     |
|    critic_loss     | 67.1     |
|    ent_coef        | 0.001    |
|    learning_rate   | 0.0003   |
|    n_updates       | 786973   |
---------------------------------
---------------------------------
| rollout/           |          |
|    ep_len_mean     | 34.9     |
|    ep_rew_mean     | -5.32    |
|    success_rate    | 0.56     |
| time/              |          |
|    episodes        | 2172     |
|    fps             | 81       |
|    time_elapsed    | 1854     |
|    total_timesteps | 150772   |
| train/             |          |
|    actor_loss      | -139     |
|    critic_loss     | 132      |
|    ent_coef        | 0.001    |
|    learning_rate   | 0.0003   |
|    n_updates       | 786991   |
---------------------------------
---------------------------------
| rollout/           |          |
|    ep_len_mean     | 35.2     |
|    ep_rew_mean     | -5.48    |
|    success_rate    | 0.56     |
| time/              |          |
|    episodes        | 2176     |
|    fps             | 81       |
|    time_elapsed    | 1856     |
|    total_timesteps | 150920   |
| train/             |          |
|    actor_loss      | -142     |
|    critic_loss     | 96.7     |
|    ent_coef        | 0.001    |
|    learning_rate   | 0.0003   |
|    n_updates       | 787028   |
---------------------------------
---------------------------------
| rollout/           |          |
|    ep_len_mean     | 35.5     |
|    ep_rew_mean     | -5.28    |
|    success_rate    | 0.56     |
| time/              |          |
|    episodes        | 2180     |
|    fps             | 81       |
|    time_elapsed    | 1857     |
|    total_timesteps | 150996   |
| train/             |          |
|    actor_loss      | -143     |
|    critic_loss     | 55.8     |
|    ent_coef        | 0.001    |
|    learning_rate   | 0.0003   |
|    n_updates       | 787047   |
---------------------------------
---------------------------------
| rollout/           |          |
|    ep_len_mean     | 34.1     |
|    ep_rew_mean     | -5.81    |
|    success_rate    | 0.56     |
| time/              |          |
|    episodes        | 2184     |
|    fps             | 81       |
|    time_elapsed    | 1857     |
|    total_timesteps | 151052   |
| train/             |          |
|    actor_loss      | -140     |
|    critic_loss     | 125      |
|    ent_coef        | 0.001    |
|    learning_rate   | 0.0003   |
|    n_updates       | 787061   |
---------------------------------
---------------------------------
| rollout/           |          |
|    ep_len_mean     | 35.6     |
|    ep_rew_mean     | -5.52    |
|    success_rate    | 0.57     |
| time/              |          |
|    episodes        | 2188     |
|    fps             | 81       |
|    time_elapsed    | 1858     |
|    total_timesteps | 151128   |
| train/             |          |
|    actor_loss      | -138     |
|    critic_loss     | 27.1     |
|    ent_coef        | 0.001    |
|    learning_rate   | 0.0003   |
|    n_updates       | 787080   |
---------------------------------
---------------------------------
| rollout/           |          |
|    ep_len_mean     | 34.2     |
|    ep_rew_mean     | -4.85    |
|    success_rate    | 0.59     |
| time/              |          |
|    episodes        | 2192     |
|    fps             | 81       |
|    time_elapsed    | 1859     |
|    total_timesteps | 151188   |
| train/             |          |
|    actor_loss      | -142     |
|    critic_loss     | 60.2     |
|    ent_coef        | 0.001    |
|    learning_rate   | 0.0003   |
|    n_updates       | 787095   |
---------------------------------
---------------------------------
| rollout/           |          |
|    ep_len_mean     | 34.8     |
|    ep_rew_mean     | -4.46    |
|    success_rate    | 0.6      |
| time/              |          |
|    episodes        | 2196     |
|    fps             | 81       |
|    time_elapsed    | 1860     |
|    total_timesteps | 151324   |
| train/             |          |
|    actor_loss      | -137     |
|    critic_loss     | 105      |
|    ent_coef        | 0.001    |
|    learning_rate   | 0.0003   |
|    n_updates       | 787129   |
---------------------------------
---------------------------------
| rollout/           |          |
|    ep_len_mean     | 35       |
|    ep_rew_mean     | -4.22    |
|    success_rate    | 0.61     |
| time/              |          |
|    episodes        | 2200     |
|    fps             | 81       |
|    time_elapsed    | 1862     |
|    total_timesteps | 151552   |
| train/             |          |
|    actor_loss      | -141     |
|    critic_loss     | 25.2     |
|    ent_coef        | 0.001    |
|    learning_rate   | 0.0003   |
|    n_updates       | 787186   |
---------------------------------
---------------------------------
| rollout/           |          |
|    ep_len_mean     | 35.8     |
|    ep_rew_mean     | -4.53    |
|    success_rate    | 0.6      |
| time/              |          |
|    episodes        | 2204     |
|    fps             | 81       |
|    time_elapsed    | 1865     |
|    total_timesteps | 151792   |
| train/             |          |
|    actor_loss      | -137     |
|    critic_loss     | 310      |
|    ent_coef        | 0.001    |
|    learning_rate   | 0.0003   |
|    n_updates       | 787246   |
---------------------------------
---------------------------------
| rollout/           |          |
|    ep_len_mean     | 35.6     |
|    ep_rew_mean     | -4.8     |
|    success_rate    | 0.59     |
| time/              |          |
|    episodes        | 2208     |
|    fps             | 81       |
|    time_elapsed    | 1866     |
|    total_timesteps | 151828   |
| train/             |          |
|    actor_loss      | -139     |
|    critic_loss     | 80.3     |
|    ent_coef        | 0.001    |
|    learning_rate   | 0.0003   |
|    n_updates       | 787255   |
---------------------------------
---------------------------------
| rollout/           |          |
|    ep_len_mean     | 35.5     |
|    ep_rew_mean     | -5.05    |
|    success_rate    | 0.58     |
| time/              |          |
|    episodes        | 2212     |
|    fps             | 81       |
|    time_elapsed    | 1866     |
|    total_timesteps | 151876   |
| train/             |          |
|    actor_loss      | -136     |
|    critic_loss     | 113      |
|    ent_coef        | 0.001    |
|    learning_rate   | 0.0003   |
|    n_updates       | 787267   |
---------------------------------
---------------------------------
| rollout/           |          |
|    ep_len_mean     | 37.5     |
|    ep_rew_mean     | -7.48    |
|    success_rate    | 0.56     |
| time/              |          |
|    episodes        | 2216     |
|    fps             | 81       |
|    time_elapsed    | 1869     |
|    total_timesteps | 152272   |
| train/             |          |
|    actor_loss      | -140     |
|    critic_loss     | 58.4     |
|    ent_coef        | 0.001    |
|    learning_rate   | 0.0003   |
|    n_updates       | 787366   |
---------------------------------
---------------------------------
| rollout/           |          |
|    ep_len_mean     | 36.8     |
|    ep_rew_mean     | -8.12    |
|    success_rate    | 0.53     |
| time/              |          |
|    episodes        | 2220     |
|    fps             | 81       |
|    time_elapsed    | 1870     |
|    total_timesteps | 152336   |
| train/             |          |
|    actor_loss      | -137     |
|    critic_loss     | 25.7     |
|    ent_coef        | 0.001    |
|    learning_rate   | 0.0003   |
|    n_updates       | 787382   |
---------------------------------
---------------------------------
| rollout/           |          |
|    ep_len_mean     | 35.2     |
|    ep_rew_mean     | -7.37    |
|    success_rate    | 0.54     |
| time/              |          |
|    episodes        | 2224     |
|    fps             | 81       |
|    time_elapsed    | 1872     |
|    total_timesteps | 152584   |
| train/             |          |
|    actor_loss      | -136     |
|    critic_loss     | 124      |
|    ent_coef        | 0.001    |
|    learning_rate   | 0.0003   |
|    n_updates       | 787444   |
---------------------------------
---------------------------------
| rollout/           |          |
|    ep_len_mean     | 34.6     |
|    ep_rew_mean     | -8.57    |
|    success_rate    | 0.5      |
| time/              |          |
|    episodes        | 2228     |
|    fps             | 81       |
|    time_elapsed    | 1873     |
|    total_timesteps | 152648   |
| train/             |          |
|    actor_loss      | -139     |
|    critic_loss     | 97.3     |
|    ent_coef        | 0.001    |
|    learning_rate   | 0.0003   |
|    n_updates       | 787460   |
---------------------------------
---------------------------------
| rollout/           |          |
|    ep_len_mean     | 34.8     |
|    ep_rew_mean     | -8.47    |
|    success_rate    | 0.51     |
| time/              |          |
|    episodes        | 2232     |
|    fps             | 81       |
|    time_elapsed    | 1875     |
|    total_timesteps | 152792   |
| train/             |          |
|    actor_loss      | -137     |
|    critic_loss     | 50.6     |
|    ent_coef        | 0.001    |
|    learning_rate   | 0.0003   |
|    n_updates       | 787496   |
---------------------------------
---------------------------------
| rollout/           |          |
|    ep_len_mean     | 35       |
|    ep_rew_mean     | -8.12    |
|    success_rate    | 0.52     |
| time/              |          |
|    episodes        | 2236     |
|    fps             | 81       |
|    time_elapsed    | 1877     |
|    total_timesteps | 152964   |
| train/             |          |
|    actor_loss      | -138     |
|    critic_loss     | 102      |
|    ent_coef        | 0.001    |
|    learning_rate   | 0.0003   |
|    n_updates       | 787539   |
---------------------------------
---------------------------------
| rollout/           |          |
|    ep_len_mean     | 34.9     |
|    ep_rew_mean     | -8.07    |
|    success_rate    | 0.54     |
| time/              |          |
|    episodes        | 2240     |
|    fps             | 81       |
|    time_elapsed    | 1879     |
|    total_timesteps | 153096   |
| train/             |          |
|    actor_loss      | -142     |
|    critic_loss     | 82.7     |
|    ent_coef        | 0.001    |
|    learning_rate   | 0.0003   |
|    n_updates       | 787572   |
---------------------------------
---------------------------------
| rollout/           |          |
|    ep_len_mean     | 34.9     |
|    ep_rew_mean     | -8.33    |
|    success_rate    | 0.53     |
| time/              |          |
|    episodes        | 2244     |
|    fps             | 81       |
|    time_elapsed    | 1880     |
|    total_timesteps | 153144   |
| train/             |          |
|    actor_loss      | -140     |
|    critic_loss     | 50.1     |
|    ent_coef        | 0.001    |
|    learning_rate   | 0.0003   |
|    n_updates       | 787584   |
---------------------------------
---------------------------------
| rollout/           |          |
|    ep_len_mean     | 33       |
|    ep_rew_mean     | -8.52    |
|    success_rate    | 0.52     |
| time/              |          |
|    episodes        | 2248     |
|    fps             | 81       |
|    time_elapsed    | 1881     |
|    total_timesteps | 153224   |
| train/             |          |
|    actor_loss      | -143     |
|    critic_loss     | 97.8     |
|    ent_coef        | 0.001    |
|    learning_rate   | 0.0003   |
|    n_updates       | 787604   |
---------------------------------
---------------------------------
| rollout/           |          |
|    ep_len_mean     | 30.9     |
|    ep_rew_mean     | -8.57    |
|    success_rate    | 0.52     |
| time/              |          |
|    episodes        | 2252     |
|    fps             | 81       |
|    time_elapsed    | 1883     |
|    total_timesteps | 153332   |
| train/             |          |
|    actor_loss      | -142     |
|    critic_loss     | 102      |
|    ent_coef        | 0.001    |
|    learning_rate   | 0.0003   |
|    n_updates       | 787631   |
---------------------------------
---------------------------------
| rollout/           |          |
|    ep_len_mean     | 34.4     |
|    ep_rew_mean     | -8.4     |
|    success_rate    | 0.53     |
| time/              |          |
|    episodes        | 2256     |
|    fps             | 81       |
|    time_elapsed    | 1887     |
|    total_timesteps | 153736   |
| train/             |          |
|    actor_loss      | -140     |
|    critic_loss     | 94.1     |
|    ent_coef        | 0.001    |
|    learning_rate   | 0.0003   |
|    n_updates       | 787732   |
---------------------------------
---------------------------------
| rollout/           |          |
|    ep_len_mean     | 33.1     |
|    ep_rew_mean     | -8.12    |
|    success_rate    | 0.54     |
| time/              |          |
|    episodes        | 2260     |
|    fps             | 81       |
|    time_elapsed    | 1890     |
|    total_timesteps | 153992   |
| train/             |          |
|    actor_loss      | -142     |
|    critic_loss     | 63.8     |
|    ent_coef        | 0.001    |
|    learning_rate   | 0.0003   |
|    n_updates       | 787796   |
---------------------------------
---------------------------------
| rollout/           |          |
|    ep_len_mean     | 36       |
|    ep_rew_mean     | -8.58    |
|    success_rate    | 0.53     |
| time/              |          |
|    episodes        | 2264     |
|    fps             | 81       |
|    time_elapsed    | 1892     |
|    total_timesteps | 154192   |
| train/             |          |
|    actor_loss      | -137     |
|    critic_loss     | 89.1     |
|    ent_coef        | 0.001    |
|    learning_rate   | 0.0003   |
|    n_updates       | 787846   |
---------------------------------
---------------------------------
| rollout/           |          |
|    ep_len_mean     | 34.6     |
|    ep_rew_mean     | -8.57    |
|    success_rate    | 0.53     |
| time/              |          |
|    episodes        | 2268     |
|    fps             | 81       |
|    time_elapsed    | 1893     |
|    total_timesteps | 154292   |
| train/             |          |
|    actor_loss      | -140     |
|    critic_loss     | 84.5     |
|    ent_coef        | 0.001    |
|    learning_rate   | 0.0003   |
|    n_updates       | 787871   |
---------------------------------
---------------------------------
| rollout/           |          |
|    ep_len_mean     | 35.9     |
|    ep_rew_mean     | -12.4    |
|    success_rate    | 0.54     |
| time/              |          |
|    episodes        | 2272     |
|    fps             | 81       |
|    time_elapsed    | 1895     |
|    total_timesteps | 154488   |
| train/             |          |
|    actor_loss      | -141     |
|    critic_loss     | 46.8     |
|    ent_coef        | 0.001    |
|    learning_rate   | 0.0003   |
|    n_updates       | 787920   |
---------------------------------
---------------------------------
| rollout/           |          |
|    ep_len_mean     | 37.4     |
|    ep_rew_mean     | -12.8    |
|    success_rate    | 0.54     |
| time/              |          |
|    episodes        | 2276     |
|    fps             | 81       |
|    time_elapsed    | 1896     |
|    total_timesteps | 154604   |
| train/             |          |
|    actor_loss      | -142     |
|    critic_loss     | 112      |
|    ent_coef        | 0.001    |
|    learning_rate   | 0.0003   |
|    n_updates       | 787949   |
---------------------------------
---------------------------------
| rollout/           |          |
|    ep_len_mean     | 36.9     |
|    ep_rew_mean     | -12.8    |
|    success_rate    | 0.54     |
| time/              |          |
|    episodes        | 2280     |
|    fps             | 81       |
|    time_elapsed    | 1897     |
|    total_timesteps | 154724   |
| train/             |          |
|    actor_loss      | -137     |
|    critic_loss     | 58       |
|    ent_coef        | 0.001    |
|    learning_rate   | 0.0003   |
|    n_updates       | 787979   |
---------------------------------
---------------------------------
| rollout/           |          |
|    ep_len_mean     | 36.7     |
|    ep_rew_mean     | -12      |
|    success_rate    | 0.55     |
| time/              |          |
|    episodes        | 2284     |
|    fps             | 81       |
|    time_elapsed    | 1898     |
|    total_timesteps | 154800   |
| train/             |          |
|    actor_loss      | -140     |
|    critic_loss     | 44.9     |
|    ent_coef        | 0.001    |
|    learning_rate   | 0.0003   |
|    n_updates       | 787998   |
---------------------------------
---------------------------------
| rollout/           |          |
|    ep_len_mean     | 37.1     |
|    ep_rew_mean     | -12.2    |
|    success_rate    | 0.54     |
| time/              |          |
|    episodes        | 2288     |
|    fps             | 81       |
|    time_elapsed    | 1899     |
|    total_timesteps | 154832   |
| train/             |          |
|    actor_loss      | -136     |
|    critic_loss     | 61.5     |
|    ent_coef        | 0.001    |
|    learning_rate   | 0.0003   |
|    n_updates       | 788006   |
---------------------------------
---------------------------------
| rollout/           |          |
|    ep_len_mean     | 36.9     |
|    ep_rew_mean     | -12.8    |
|    success_rate    | 0.52     |
| time/              |          |
|    episodes        | 2292     |
|    fps             | 81       |
|    time_elapsed    | 1900     |
|    total_timesteps | 154852   |
| train/             |          |
|    actor_loss      | -143     |
|    critic_loss     | 64.4     |
|    ent_coef        | 0.001    |
|    learning_rate   | 0.0003   |
|    n_updates       | 788011   |
---------------------------------
---------------------------------
| rollout/           |          |
|    ep_len_mean     | 36.2     |
|    ep_rew_mean     | -13      |
|    success_rate    | 0.51     |
| time/              |          |
|    episodes        | 2296     |
|    fps             | 81       |
|    time_elapsed    | 1901     |
|    total_timesteps | 154912   |
| train/             |          |
|    actor_loss      | -140     |
|    critic_loss     | 55.7     |
|    ent_coef        | 0.001    |
|    learning_rate   | 0.0003   |
|    n_updates       | 788026   |
---------------------------------
---------------------------------
| rollout/           |          |
|    ep_len_mean     | 39       |
|    ep_rew_mean     | -13.1    |
|    success_rate    | 0.51     |
| time/              |          |
|    episodes        | 2300     |
|    fps             | 81       |
|    time_elapsed    | 1905     |
|    total_timesteps | 155432   |
| train/             |          |
|    actor_loss      | -139     |
|    critic_loss     | 21.1     |
|    ent_coef        | 0.001    |
|    learning_rate   | 0.0003   |
|    n_updates       | 788156   |
---------------------------------
---------------------------------
| rollout/           |          |
|    ep_len_mean     | 37.9     |
|    ep_rew_mean     | -13.5    |
|    success_rate    | 0.5      |
| time/              |          |
|    episodes        | 2304     |
|    fps             | 81       |
|    time_elapsed    | 1907     |
|    total_timesteps | 155620   |
| train/             |          |
|    actor_loss      | -138     |
|    critic_loss     | 92.8     |
|    ent_coef        | 0.001    |
|    learning_rate   | 0.0003   |
|    n_updates       | 788203   |
---------------------------------
---------------------------------
| rollout/           |          |
|    ep_len_mean     | 40.3     |
|    ep_rew_mean     | -13.1    |
|    success_rate    | 0.52     |
| time/              |          |
|    episodes        | 2308     |
|    fps             | 81       |
|    time_elapsed    | 1909     |
|    total_timesteps | 155832   |
| train/             |          |
|    actor_loss      | -138     |
|    critic_loss     | 149      |
|    ent_coef        | 0.001    |
|    learning_rate   | 0.0003   |
|    n_updates       | 788256   |
---------------------------------
---------------------------------
| rollout/           |          |
|    ep_len_mean     | 40.5     |
|    ep_rew_mean     | -13.4    |
|    success_rate    | 0.52     |
| time/              |          |
|    episodes        | 2312     |
|    fps             | 81       |
|    time_elapsed    | 1910     |
|    total_timesteps | 155920   |
| train/             |          |
|    actor_loss      | -139     |
|    critic_loss     | 42.5     |
|    ent_coef        | 0.001    |
|    learning_rate   | 0.0003   |
|    n_updates       | 788278   |
---------------------------------
---------------------------------
| rollout/           |          |
|    ep_len_mean     | 36.3     |
|    ep_rew_mean     | -11.1    |
|    success_rate    | 0.53     |
| time/              |          |
|    episodes        | 2316     |
|    fps             | 81       |
|    time_elapsed    | 1911     |
|    total_timesteps | 155972   |
| train/             |          |
|    actor_loss      | -140     |
|    critic_loss     | 145      |
|    ent_coef        | 0.001    |
|    learning_rate   | 0.0003   |
|    n_updates       | 788291   |
---------------------------------
---------------------------------
| rollout/           |          |
|    ep_len_mean     | 36.6     |
|    ep_rew_mean     | -10.5    |
|    success_rate    | 0.55     |
| time/              |          |
|    episodes        | 2320     |
|    fps             | 81       |
|    time_elapsed    | 1912     |
|    total_timesteps | 156056   |
| train/             |          |
|    actor_loss      | -141     |
|    critic_loss     | 79.8     |
|    ent_coef        | 0.001    |
|    learning_rate   | 0.0003   |
|    n_updates       | 788312   |
---------------------------------
---------------------------------
| rollout/           |          |
|    ep_len_mean     | 36.7     |
|    ep_rew_mean     | -10.8    |
|    success_rate    | 0.55     |
| time/              |          |
|    episodes        | 2324     |
|    fps             | 81       |
|    time_elapsed    | 1914     |
|    total_timesteps | 156264   |
| train/             |          |
|    actor_loss      | -144     |
|    critic_loss     | 85.4     |
|    ent_coef        | 0.001    |
|    learning_rate   | 0.0003   |
|    n_updates       | 788364   |
---------------------------------
---------------------------------
| rollout/           |          |
|    ep_len_mean     | 36.8     |
|    ep_rew_mean     | -10.5    |
|    success_rate    | 0.56     |
| time/              |          |
|    episodes        | 2328     |
|    fps             | 81       |
|    time_elapsed    | 1915     |
|    total_timesteps | 156344   |
| train/             |          |
|    actor_loss      | -141     |
|    critic_loss     | 97       |
|    ent_coef        | 0.001    |
|    learning_rate   | 0.0003   |
|    n_updates       | 788384   |
---------------------------------
---------------------------------
| rollout/           |          |
|    ep_len_mean     | 38.1     |
|    ep_rew_mean     | -10.6    |
|    success_rate    | 0.55     |
| time/              |          |
|    episodes        | 2332     |
|    fps             | 81       |
|    time_elapsed    | 1918     |
|    total_timesteps | 156744   |
| train/             |          |
|    actor_loss      | -137     |
|    critic_loss     | 128      |
|    ent_coef        | 0.001    |
|    learning_rate   | 0.0003   |
|    n_updates       | 788484   |
---------------------------------
---------------------------------
| rollout/           |          |
|    ep_len_mean     | 39.5     |
|    ep_rew_mean     | -11.6    |
|    success_rate    | 0.53     |
| time/              |          |
|    episodes        | 2336     |
|    fps             | 81       |
|    time_elapsed    | 1919     |
|    total_timesteps | 156852   |
| train/             |          |
|    actor_loss      | -140     |
|    critic_loss     | 78.1     |
|    ent_coef        | 0.001    |
|    learning_rate   | 0.0003   |
|    n_updates       | 788511   |
---------------------------------
---------------------------------
| rollout/           |          |
|    ep_len_mean     | 38.3     |
|    ep_rew_mean     | -11.6    |
|    success_rate    | 0.52     |
| time/              |          |
|    episodes        | 2340     |
|    fps             | 81       |
|    time_elapsed    | 1920     |
|    total_timesteps | 156956   |
| train/             |          |
|    actor_loss      | -140     |
|    critic_loss     | 219      |
|    ent_coef        | 0.001    |
|    learning_rate   | 0.0003   |
|    n_updates       | 788537   |
---------------------------------
---------------------------------
| rollout/           |          |
|    ep_len_mean     | 39       |
|    ep_rew_mean     | -11.6    |
|    success_rate    | 0.53     |
| time/              |          |
|    episodes        | 2344     |
|    fps             | 81       |
|    time_elapsed    | 1921     |
|    total_timesteps | 157048   |
| train/             |          |
|    actor_loss      | -136     |
|    critic_loss     | 66.2     |
|    ent_coef        | 0.001    |
|    learning_rate   | 0.0003   |
|    n_updates       | 788560   |
---------------------------------
---------------------------------
| rollout/           |          |
|    ep_len_mean     | 39       |
|    ep_rew_mean     | -12      |
|    success_rate    | 0.52     |
| time/              |          |
|    episodes        | 2348     |
|    fps             | 81       |
|    time_elapsed    | 1922     |
|    total_timesteps | 157080   |
| train/             |          |
|    actor_loss      | -138     |
|    critic_loss     | 114      |
|    ent_coef        | 0.001    |
|    learning_rate   | 0.0003   |
|    n_updates       | 788568   |
---------------------------------
---------------------------------
| rollout/           |          |
|    ep_len_mean     | 39.2     |
|    ep_rew_mean     | -11.8    |
|    success_rate    | 0.53     |
| time/              |          |
|    episodes        | 2352     |
|    fps             | 81       |
|    time_elapsed    | 1923     |
|    total_timesteps | 157140   |
| train/             |          |
|    actor_loss      | -140     |
|    critic_loss     | 53       |
|    ent_coef        | 0.001    |
|    learning_rate   | 0.0003   |
|    n_updates       | 788583   |
---------------------------------
---------------------------------
| rollout/           |          |
|    ep_len_mean     | 37.3     |
|    ep_rew_mean     | -11.9    |
|    success_rate    | 0.52     |
| time/              |          |
|    episodes        | 2356     |
|    fps             | 81       |
|    time_elapsed    | 1924     |
|    total_timesteps | 157216   |
| train/             |          |
|    actor_loss      | -138     |
|    critic_loss     | 98.8     |
|    ent_coef        | 0.001    |
|    learning_rate   | 0.0003   |
|    n_updates       | 788602   |
---------------------------------
---------------------------------
| rollout/           |          |
|    ep_len_mean     | 36       |
|    ep_rew_mean     | -11.6    |
|    success_rate    | 0.53     |
| time/              |          |
|    episodes        | 2360     |
|    fps             | 81       |
|    time_elapsed    | 1926     |
|    total_timesteps | 157420   |
| train/             |          |
|    actor_loss      | -138     |
|    critic_loss     | 89.5     |
|    ent_coef        | 0.001    |
|    learning_rate   | 0.0003   |
|    n_updates       | 788653   |
---------------------------------
---------------------------------
| rollout/           |          |
|    ep_len_mean     | 35.9     |
|    ep_rew_mean     | -11.4    |
|    success_rate    | 0.52     |
| time/              |          |
|    episodes        | 2364     |
|    fps             | 81       |
|    time_elapsed    | 1932     |
|    total_timesteps | 157948   |
| train/             |          |
|    actor_loss      | -139     |
|    critic_loss     | 72.7     |
|    ent_coef        | 0.001    |
|    learning_rate   | 0.0003   |
|    n_updates       | 788785   |
---------------------------------
---------------------------------
| rollout/           |          |
|    ep_len_mean     | 38       |
|    ep_rew_mean     | -11.7    |
|    success_rate    | 0.51     |
| time/              |          |
|    episodes        | 2368     |
|    fps             | 81       |
|    time_elapsed    | 1933     |
|    total_timesteps | 158028   |
| train/             |          |
|    actor_loss      | -134     |
|    critic_loss     | 182      |
|    ent_coef        | 0.001    |
|    learning_rate   | 0.0003   |
|    n_updates       | 788805   |
---------------------------------
---------------------------------
| rollout/           |          |
|    ep_len_mean     | 38.5     |
|    ep_rew_mean     | -7.62    |
|    success_rate    | 0.51     |
| time/              |          |
|    episodes        | 2372     |
|    fps             | 81       |
|    time_elapsed    | 1935     |
|    total_timesteps | 158184   |
| train/             |          |
|    actor_loss      | -140     |
|    critic_loss     | 162      |
|    ent_coef        | 0.001    |
|    learning_rate   | 0.0003   |
|    n_updates       | 788844   |
---------------------------------
---------------------------------
| rollout/           |          |
|    ep_len_mean     | 37.3     |
|    ep_rew_mean     | -6.84    |
|    success_rate    | 0.52     |
| time/              |          |
|    episodes        | 2376     |
|    fps             | 81       |
|    time_elapsed    | 1936     |
|    total_timesteps | 158252   |
| train/             |          |
|    actor_loss      | -139     |
|    critic_loss     | 20       |
|    ent_coef        | 0.001    |
|    learning_rate   | 0.0003   |
|    n_updates       | 788861   |
---------------------------------
---------------------------------
| rollout/           |          |
|    ep_len_mean     | 37.4     |
|    ep_rew_mean     | -7.02    |
|    success_rate    | 0.52     |
| time/              |          |
|    episodes        | 2380     |
|    fps             | 81       |
|    time_elapsed    | 1937     |
|    total_timesteps | 158364   |
| train/             |          |
|    actor_loss      | -137     |
|    critic_loss     | 64.6     |
|    ent_coef        | 0.001    |
|    learning_rate   | 0.0003   |
|    n_updates       | 788889   |
---------------------------------
---------------------------------
| rollout/           |          |
|    ep_len_mean     | 39.1     |
|    ep_rew_mean     | -6.59    |
|    success_rate    | 0.54     |
| time/              |          |
|    episodes        | 2384     |
|    fps             | 81       |
|    time_elapsed    | 1940     |
|    total_timesteps | 158660   |
| train/             |          |
|    actor_loss      | -137     |
|    critic_loss     | 77.2     |
|    ent_coef        | 0.001    |
|    learning_rate   | 0.0003   |
|    n_updates       | 788963   |
---------------------------------
---------------------------------
| rollout/           |          |
|    ep_len_mean     | 40.4     |
|    ep_rew_mean     | -6.91    |
|    success_rate    | 0.54     |
| time/              |          |
|    episodes        | 2388     |
|    fps             | 81       |
|    time_elapsed    | 1945     |
|    total_timesteps | 159080   |
| train/             |          |
|    actor_loss      | -138     |
|    critic_loss     | 98.6     |
|    ent_coef        | 0.001    |
|    learning_rate   | 0.0003   |
|    n_updates       | 789068   |
---------------------------------
---------------------------------
| rollout/           |          |
|    ep_len_mean     | 42.1     |
|    ep_rew_mean     | -6.84    |
|    success_rate    | 0.54     |
| time/              |          |
|    episodes        | 2392     |
|    fps             | 81       |
|    time_elapsed    | 1945     |
|    total_timesteps | 159120   |
| train/             |          |
|    actor_loss      | -136     |
|    critic_loss     | 116      |
|    ent_coef        | 0.001    |
|    learning_rate   | 0.0003   |
|    n_updates       | 789078   |
---------------------------------
---------------------------------
| rollout/           |          |
|    ep_len_mean     | 42.5     |
|    ep_rew_mean     | -6.88    |
|    success_rate    | 0.54     |
| time/              |          |
|    episodes        | 2396     |
|    fps             | 81       |
|    time_elapsed    | 1947     |
|    total_timesteps | 159328   |
| train/             |          |
|    actor_loss      | -137     |
|    critic_loss     | 73.6     |
|    ent_coef        | 0.001    |
|    learning_rate   | 0.0003   |
|    n_updates       | 789130   |
---------------------------------
---------------------------------
| rollout/           |          |
|    ep_len_mean     | 41.3     |
|    ep_rew_mean     | -7.47    |
|    success_rate    | 0.54     |
| time/              |          |
|    episodes        | 2400     |
|    fps             | 81       |
|    time_elapsed    | 1951     |
|    total_timesteps | 159680   |
| train/             |          |
|    actor_loss      | -136     |
|    critic_loss     | 67.8     |
|    ent_coef        | 0.001    |
|    learning_rate   | 0.0003   |
|    n_updates       | 789218   |
---------------------------------
---------------------------------
| rollout/           |          |
|    ep_len_mean     | 43.2     |
|    ep_rew_mean     | -7.39    |
|    success_rate    | 0.54     |
| time/              |          |
|    episodes        | 2404     |
|    fps             | 81       |
|    time_elapsed    | 1953     |
|    total_timesteps | 159920   |
| train/             |          |
|    actor_loss      | -133     |
|    critic_loss     | 135      |
|    ent_coef        | 0.001    |
|    learning_rate   | 0.0003   |
|    n_updates       | 789278   |
---------------------------------
Eval num_timesteps=160000, episode_reward=-4.48 +/- 17.76
Episode length: 36.88 +/- 51.52
Success rate: 86.00%
---------------------------------
| eval/              |          |
|    mean_ep_length  | 36.9     |
|    mean_reward     | -4.48    |
|    success_rate    | 0.86     |
| time/              |          |
|    total_timesteps | 160000   |
| train/             |          |
|    actor_loss      | -138     |
|    critic_loss     | 24.7     |
|    ent_coef        | 0.001    |
|    learning_rate   | 0.0003   |
|    n_updates       | 789298   |
---------------------------------
[DenseSuccessCallback - transit] New best: 86.0% -> ./checkpoints/dense_refinement_20260423_235832/best_model_transit.zip
Eval num_timesteps=160000, episode_reward=-6.83 +/- 10.53
Episode length: 94.30 +/- 84.21
Success rate: 24.00%
---------------------------------
| eval/              |          |
|    mean_ep_length  | 94.3     |
|    mean_reward     | -6.83    |
|    success_rate    | 0.24     |
| time/              |          |
|    total_timesteps | 160000   |
---------------------------------
Eval num_timesteps=160000, episode_reward=-20.28 +/- 0.18
Episode length: 1.92 +/- 1.90
Success rate: 0.00%
---------------------------------
| eval/              |          |
|    mean_ep_length  | 1.92     |
|    mean_reward     | -20.3    |
|    success_rate    | 0        |
| time/              |          |
|    total_timesteps | 160000   |
---------------------------------
---------------------------------
| rollout/           |          |
|    ep_len_mean     | 43.5     |
|    ep_rew_mean     | -7.24    |
|    success_rate    | 0.54     |
| time/              |          |
|    episodes        | 2408     |
|    fps             | 80       |
|    time_elapsed    | 1985     |
|    total_timesteps | 160040   |
| train/             |          |
|    actor_loss      | -140     |
|    critic_loss     | 67.8     |
|    ent_coef        | 0.001    |
|    learning_rate   | 0.0003   |
|    n_updates       | 789308   |
---------------------------------
---------------------------------
| rollout/           |          |
|    ep_len_mean     | 45.3     |
|    ep_rew_mean     | -7.68    |
|    success_rate    | 0.53     |
| time/              |          |
|    episodes        | 2412     |
|    fps             | 80       |
|    time_elapsed    | 1989     |
|    total_timesteps | 160504   |
| train/             |          |
|    actor_loss      | -140     |
|    critic_loss     | 79.3     |
|    ent_coef        | 0.001    |
|    learning_rate   | 0.0003   |
|    n_updates       | 789424   |
---------------------------------
---------------------------------
| rollout/           |          |
|    ep_len_mean     | 50.8     |
|    ep_rew_mean     | -8.35    |
|    success_rate    | 0.52     |
| time/              |          |
|    episodes        | 2416     |
|    fps             | 80       |
|    time_elapsed    | 1992     |
|    total_timesteps | 160944   |
| train/             |          |
|    actor_loss      | -142     |
|    critic_loss     | 22.3     |
|    ent_coef        | 0.001    |
|    learning_rate   | 0.0003   |
|    n_updates       | 789534   |
---------------------------------
---------------------------------
| rollout/           |          |
|    ep_len_mean     | 53.2     |
|    ep_rew_mean     | -8.64    |
|    success_rate    | 0.51     |
| time/              |          |
|    episodes        | 2420     |
|    fps             | 80       |
|    time_elapsed    | 1995     |
|    total_timesteps | 161204   |
| train/             |          |
|    actor_loss      | -135     |
|    critic_loss     | 53.4     |
|    ent_coef        | 0.001    |
|    learning_rate   | 0.0003   |
|    n_updates       | 789599   |
---------------------------------
---------------------------------
| rollout/           |          |
|    ep_len_mean     | 52.1     |
|    ep_rew_mean     | -9.21    |
|    success_rate    | 0.5      |
| time/              |          |
|    episodes        | 2424     |
|    fps             | 80       |
|    time_elapsed    | 1999     |
|    total_timesteps | 161608   |
| train/             |          |
|    actor_loss      | -139     |
|    critic_loss     | 19.9     |
|    ent_coef        | 0.001    |
|    learning_rate   | 0.0003   |
|    n_updates       | 789700   |
---------------------------------
---------------------------------
| rollout/           |          |
|    ep_len_mean     | 53.8     |
|    ep_rew_mean     | -9.09    |
|    success_rate    | 0.5      |
| time/              |          |
|    episodes        | 2428     |
|    fps             | 80       |
|    time_elapsed    | 2001     |
|    total_timesteps | 161804   |
| train/             |          |
|    actor_loss      | -138     |
|    critic_loss     | 126      |
|    ent_coef        | 0.001    |
|    learning_rate   | 0.0003   |
|    n_updates       | 789749   |
---------------------------------
---------------------------------
| rollout/           |          |
|    ep_len_mean     | 53.7     |
|    ep_rew_mean     | -8.73    |
|    success_rate    | 0.51     |
| time/              |          |
|    episodes        | 2432     |
|    fps             | 80       |
|    time_elapsed    | 2003     |
|    total_timesteps | 162020   |
| train/             |          |
|    actor_loss      | -138     |
|    critic_loss     | 157      |
|    ent_coef        | 0.001    |
|    learning_rate   | 0.0003   |
|    n_updates       | 789803   |
---------------------------------
---------------------------------
| rollout/           |          |
|    ep_len_mean     | 52       |
|    ep_rew_mean     | -8.55    |
|    success_rate    | 0.52     |
| time/              |          |
|    episodes        | 2436     |
|    fps             | 80       |
|    time_elapsed    | 2004     |
|    total_timesteps | 162148   |
| train/             |          |
|    actor_loss      | -141     |
|    critic_loss     | 130      |
|    ent_coef        | 0.001    |
|    learning_rate   | 0.0003   |
|    n_updates       | 789835   |
---------------------------------
---------------------------------
| rollout/           |          |
|    ep_len_mean     | 53.5     |
|    ep_rew_mean     | -8.01    |
|    success_rate    | 0.53     |
| time/              |          |
|    episodes        | 2440     |
|    fps             | 80       |
|    time_elapsed    | 2005     |
|    total_timesteps | 162308   |
| train/             |          |
|    actor_loss      | -138     |
|    critic_loss     | 23.7     |
|    ent_coef        | 0.001    |
|    learning_rate   | 0.0003   |
|    n_updates       | 789875   |
---------------------------------
---------------------------------
| rollout/           |          |
|    ep_len_mean     | 53.1     |
|    ep_rew_mean     | -7.97    |
|    success_rate    | 0.53     |
| time/              |          |
|    episodes        | 2444     |
|    fps             | 80       |
|    time_elapsed    | 2007     |
|    total_timesteps | 162416   |
| train/             |          |
|    actor_loss      | -142     |
|    critic_loss     | 51.2     |
|    ent_coef        | 0.001    |
|    learning_rate   | 0.0003   |
|    n_updates       | 789902   |
---------------------------------
---------------------------------
| rollout/           |          |
|    ep_len_mean     | 53.1     |
|    ep_rew_mean     | -7.95    |
|    success_rate    | 0.54     |
| time/              |          |
|    episodes        | 2448     |
|    fps             | 80       |
|    time_elapsed    | 2008     |
|    total_timesteps | 162488   |
| train/             |          |
|    actor_loss      | -137     |
|    critic_loss     | 142      |
|    ent_coef        | 0.001    |
|    learning_rate   | 0.0003   |
|    n_updates       | 789920   |
---------------------------------
---------------------------------
| rollout/           |          |
|    ep_len_mean     | 54.8     |
|    ep_rew_mean     | -8.1     |
|    success_rate    | 0.53     |
| time/              |          |
|    episodes        | 2452     |
|    fps             | 80       |
|    time_elapsed    | 2009     |
|    total_timesteps | 162620   |
| train/             |          |
|    actor_loss      | -140     |
|    critic_loss     | 96.6     |
|    ent_coef        | 0.001    |
|    learning_rate   | 0.0003   |
|    n_updates       | 789953   |
---------------------------------
---------------------------------
| rollout/           |          |
|    ep_len_mean     | 53       |
|    ep_rew_mean     | -8.2     |
|    success_rate    | 0.53     |
| time/              |          |
|    episodes        | 2456     |
|    fps             | 80       |
|    time_elapsed    | 2010     |
|    total_timesteps | 162716   |
| train/             |          |
|    actor_loss      | -138     |
|    critic_loss     | 58.4     |
|    ent_coef        | 0.001    |
|    learning_rate   | 0.0003   |
|    n_updates       | 789977   |
---------------------------------
---------------------------------
| rollout/           |          |
|    ep_len_mean     | 55       |
|    ep_rew_mean     | -9.94    |
|    success_rate    | 0.52     |
| time/              |          |
|    episodes        | 2460     |
|    fps             | 80       |
|    time_elapsed    | 2011     |
|    total_timesteps | 162792   |
| train/             |          |
|    actor_loss      | -140     |
|    critic_loss     | 107      |
|    ent_coef        | 0.001    |
|    learning_rate   | 0.0003   |
|    n_updates       | 789996   |
---------------------------------
---------------------------------
| rollout/           |          |
|    ep_len_mean     | 51.6     |
|    ep_rew_mean     | -10.2    |
|    success_rate    | 0.52     |
| time/              |          |
|    episodes        | 2464     |
|    fps             | 80       |
|    time_elapsed    | 2012     |
|    total_timesteps | 162824   |
| train/             |          |
|    actor_loss      | -136     |
|    critic_loss     | 27.7     |
|    ent_coef        | 0.001    |
|    learning_rate   | 0.0003   |
|    n_updates       | 790004   |
---------------------------------
---------------------------------
| rollout/           |          |
|    ep_len_mean     | 51.3     |
|    ep_rew_mean     | -10      |
|    success_rate    | 0.52     |
| time/              |          |
|    episodes        | 2468     |
|    fps             | 81       |
|    time_elapsed    | 2017     |
|    total_timesteps | 163456   |
| train/             |          |
|    actor_loss      | -137     |
|    critic_loss     | 139      |
|    ent_coef        | 0.001    |
|    learning_rate   | 0.0003   |
|    n_updates       | 790162   |
---------------------------------
---------------------------------
| rollout/           |          |
|    ep_len_mean     | 54.4     |
|    ep_rew_mean     | -10.4    |
|    success_rate    | 0.5      |
| time/              |          |
|    episodes        | 2472     |
|    fps             | 81       |
|    time_elapsed    | 2019     |
|    total_timesteps | 163580   |
| train/             |          |
|    actor_loss      | -138     |
|    critic_loss     | 80.6     |
|    ent_coef        | 0.001    |
|    learning_rate   | 0.0003   |
|    n_updates       | 790193   |
---------------------------------
---------------------------------
| rollout/           |          |
|    ep_len_mean     | 53.9     |
|    ep_rew_mean     | -10.5    |
|    success_rate    | 0.5      |
| time/              |          |
|    episodes        | 2476     |
|    fps             | 81       |
|    time_elapsed    | 2021     |
|    total_timesteps | 163752   |
| train/             |          |
|    actor_loss      | -140     |
|    critic_loss     | 102      |
|    ent_coef        | 0.001    |
|    learning_rate   | 0.0003   |
|    n_updates       | 790236   |
---------------------------------
---------------------------------
| rollout/           |          |
|    ep_len_mean     | 54       |
|    ep_rew_mean     | -11.4    |
|    success_rate    | 0.49     |
| time/              |          |
|    episodes        | 2480     |
|    fps             | 81       |
|    time_elapsed    | 2024     |
|    total_timesteps | 164052   |
| train/             |          |
|    actor_loss      | -142     |
|    critic_loss     | 111      |
|    ent_coef        | 0.001    |
|    learning_rate   | 0.0003   |
|    n_updates       | 790311   |
---------------------------------
---------------------------------
| rollout/           |          |
|    ep_len_mean     | 57.7     |
|    ep_rew_mean     | -12.3    |
|    success_rate    | 0.46     |
| time/              |          |
|    episodes        | 2484     |
|    fps             | 81       |
|    time_elapsed    | 2026     |
|    total_timesteps | 164236   |
| train/             |          |
|    actor_loss      | -140     |
|    critic_loss     | 47       |
|    ent_coef        | 0.001    |
|    learning_rate   | 0.0003   |
|    n_updates       | 790357   |
---------------------------------
---------------------------------
| rollout/           |          |
|    ep_len_mean     | 54.6     |
|    ep_rew_mean     | -12      |
|    success_rate    | 0.47     |
| time/              |          |
|    episodes        | 2488     |
|    fps             | 81       |
|    time_elapsed    | 2028     |
|    total_timesteps | 164496   |
| train/             |          |
|    actor_loss      | -137     |
|    critic_loss     | 101      |
|    ent_coef        | 0.001    |
|    learning_rate   | 0.0003   |
|    n_updates       | 790422   |
---------------------------------
---------------------------------
| rollout/           |          |
|    ep_len_mean     | 54.9     |
|    ep_rew_mean     | -11.8    |
|    success_rate    | 0.48     |
| time/              |          |
|    episodes        | 2492     |
|    fps             | 81       |
|    time_elapsed    | 2032     |
|    total_timesteps | 164864   |
| train/             |          |
|    actor_loss      | -142     |
|    critic_loss     | 119      |
|    ent_coef        | 0.001    |
|    learning_rate   | 0.0003   |
|    n_updates       | 790514   |
---------------------------------
---------------------------------
| rollout/           |          |
|    ep_len_mean     | 57.7     |
|    ep_rew_mean     | -12.1    |
|    success_rate    | 0.46     |
| time/              |          |
|    episodes        | 2496     |
|    fps             | 81       |
|    time_elapsed    | 2033     |
|    total_timesteps | 164940   |
| train/             |          |
|    actor_loss      | -140     |
|    critic_loss     | 141      |
|    ent_coef        | 0.001    |
|    learning_rate   | 0.0003   |
|    n_updates       | 790533   |
---------------------------------
---------------------------------
| rollout/           |          |
|    ep_len_mean     | 55.9     |
|    ep_rew_mean     | -11.3    |
|    success_rate    | 0.46     |
| time/              |          |
|    episodes        | 2500     |
|    fps             | 81       |
|    time_elapsed    | 2034     |
|    total_timesteps | 165004   |
| train/             |          |
|    actor_loss      | -131     |
|    critic_loss     | 109      |
|    ent_coef        | 0.001    |
|    learning_rate   | 0.0003   |
|    n_updates       | 790549   |
---------------------------------
---------------------------------
| rollout/           |          |
|    ep_len_mean     | 52.7     |
|    ep_rew_mean     | -10.7    |
|    success_rate    | 0.49     |
| time/              |          |
|    episodes        | 2504     |
|    fps             | 81       |
|    time_elapsed    | 2035     |
|    total_timesteps | 165108   |
| train/             |          |
|    actor_loss      | -137     |
|    critic_loss     | 147      |
|    ent_coef        | 0.001    |
|    learning_rate   | 0.0003   |
|    n_updates       | 790575   |
---------------------------------
---------------------------------
| rollout/           |          |
|    ep_len_mean     | 51.4     |
|    ep_rew_mean     | -10.8    |
|    success_rate    | 0.49     |
| time/              |          |
|    episodes        | 2508     |
|    fps             | 81       |
|    time_elapsed    | 2036     |
|    total_timesteps | 165204   |
| train/             |          |
|    actor_loss      | -137     |
|    critic_loss     | 236      |
|    ent_coef        | 0.001    |
|    learning_rate   | 0.0003   |
|    n_updates       | 790599   |
---------------------------------
---------------------------------
| rollout/           |          |
|    ep_len_mean     | 51.7     |
|    ep_rew_mean     | -10.2    |
|    success_rate    | 0.5      |
| time/              |          |
|    episodes        | 2512     |
|    fps             | 81       |
|    time_elapsed    | 2040     |
|    total_timesteps | 165652   |
| train/             |          |
|    actor_loss      | -137     |
|    critic_loss     | 202      |
|    ent_coef        | 0.001    |
|    learning_rate   | 0.0003   |
|    n_updates       | 790711   |
---------------------------------
---------------------------------
| rollout/           |          |
|    ep_len_mean     | 46.5     |
|    ep_rew_mean     | -9.3     |
|    success_rate    | 0.52     |
| time/              |          |
|    episodes        | 2516     |
|    fps             | 81       |
|    time_elapsed    | 2042     |
|    total_timesteps | 165848   |
| train/             |          |
|    actor_loss      | -141     |
|    critic_loss     | 85.6     |
|    ent_coef        | 0.001    |
|    learning_rate   | 0.0003   |
|    n_updates       | 790760   |
---------------------------------
---------------------------------
| rollout/           |          |
|    ep_len_mean     | 47.4     |
|    ep_rew_mean     | -9.13    |
|    success_rate    | 0.52     |
| time/              |          |
|    episodes        | 2520     |
|    fps             | 81       |
|    time_elapsed    | 2044     |
|    total_timesteps | 166032   |
| train/             |          |
|    actor_loss      | -137     |
|    critic_loss     | 211      |
|    ent_coef        | 0.001    |
|    learning_rate   | 0.0003   |
|    n_updates       | 790806   |
---------------------------------
---------------------------------
| rollout/           |          |
|    ep_len_mean     | 46.8     |
|    ep_rew_mean     | -9.15    |
|    success_rate    | 0.53     |
| time/              |          |
|    episodes        | 2524     |
|    fps             | 81       |
|    time_elapsed    | 2045     |
|    total_timesteps | 166100   |
| train/             |          |
|    actor_loss      | -137     |
|    critic_loss     | 161      |
|    ent_coef        | 0.001    |
|    learning_rate   | 0.0003   |
|    n_updates       | 790823   |
---------------------------------
---------------------------------
| rollout/           |          |
|    ep_len_mean     | 46.1     |
|    ep_rew_mean     | -8.66    |
|    success_rate    | 0.55     |
| time/              |          |
|    episodes        | 2528     |
|    fps             | 81       |
|    time_elapsed    | 2046     |
|    total_timesteps | 166172   |
| train/             |          |
|    actor_loss      | -139     |
|    critic_loss     | 78.1     |
|    ent_coef        | 0.001    |
|    learning_rate   | 0.0003   |
|    n_updates       | 790841   |
---------------------------------
---------------------------------
| rollout/           |          |
|    ep_len_mean     | 44.3     |
|    ep_rew_mean     | -9.33    |
|    success_rate    | 0.53     |
| time/              |          |
|    episodes        | 2532     |
|    fps             | 81       |
|    time_elapsed    | 2047     |
|    total_timesteps | 166188   |
| train/             |          |
|    actor_loss      | -136     |
|    critic_loss     | 149      |
|    ent_coef        | 0.001    |
|    learning_rate   | 0.0003   |
|    n_updates       | 790845   |
---------------------------------
---------------------------------
| rollout/           |          |
|    ep_len_mean     | 43.1     |
|    ep_rew_mean     | -8.41    |
|    success_rate    | 0.56     |
| time/              |          |
|    episodes        | 2536     |
|    fps             | 81       |
|    time_elapsed    | 2049     |
|    total_timesteps | 166396   |
| train/             |          |
|    actor_loss      | -138     |
|    critic_loss     | 119      |
|    ent_coef        | 0.001    |
|    learning_rate   | 0.0003   |
|    n_updates       | 790897   |
---------------------------------
---------------------------------
| rollout/           |          |
|    ep_len_mean     | 41.5     |
|    ep_rew_mean     | -8.36    |
|    success_rate    | 0.57     |
| time/              |          |
|    episodes        | 2540     |
|    fps             | 81       |
|    time_elapsed    | 2050     |
|    total_timesteps | 166588   |
| train/             |          |
|    actor_loss      | -138     |
|    critic_loss     | 98.2     |
|    ent_coef        | 0.001    |
|    learning_rate   | 0.0003   |
|    n_updates       | 790945   |
---------------------------------
---------------------------------
| rollout/           |          |
|    ep_len_mean     | 41.2     |
|    ep_rew_mean     | -8.39    |
|    success_rate    | 0.56     |
| time/              |          |
|    episodes        | 2544     |
|    fps             | 81       |
|    time_elapsed    | 2052     |
|    total_timesteps | 166692   |
| train/             |          |
|    actor_loss      | -138     |
|    critic_loss     | 170      |
|    ent_coef        | 0.001    |
|    learning_rate   | 0.0003   |
|    n_updates       | 790971   |
---------------------------------
---------------------------------
| rollout/           |          |
|    ep_len_mean     | 42.9     |
|    ep_rew_mean     | -8.31    |
|    success_rate    | 0.55     |
| time/              |          |
|    episodes        | 2548     |
|    fps             | 81       |
|    time_elapsed    | 2053     |
|    total_timesteps | 166856   |
| train/             |          |
|    actor_loss      | -140     |
|    critic_loss     | 55.2     |
|    ent_coef        | 0.001    |
|    learning_rate   | 0.0003   |
|    n_updates       | 791012   |
---------------------------------
---------------------------------
| rollout/           |          |
|    ep_len_mean     | 42.6     |
|    ep_rew_mean     | -8.13    |
|    success_rate    | 0.55     |
| time/              |          |
|    episodes        | 2552     |
|    fps             | 81       |
|    time_elapsed    | 2054     |
|    total_timesteps | 166924   |
| train/             |          |
|    actor_loss      | -135     |
|    critic_loss     | 67.9     |
|    ent_coef        | 0.001    |
|    learning_rate   | 0.0003   |
|    n_updates       | 791029   |
---------------------------------
---------------------------------
| rollout/           |          |
|    ep_len_mean     | 46.1     |
|    ep_rew_mean     | -7.91    |
|    success_rate    | 0.55     |
| time/              |          |
|    episodes        | 2556     |
|    fps             | 81       |
|    time_elapsed    | 2059     |
|    total_timesteps | 167392   |
| train/             |          |
|    actor_loss      | -135     |
|    critic_loss     | 72.2     |
|    ent_coef        | 0.001    |
|    learning_rate   | 0.0003   |
|    n_updates       | 791146   |
---------------------------------
---------------------------------
| rollout/           |          |
|    ep_len_mean     | 45.6     |
|    ep_rew_mean     | -8.07    |
|    success_rate    | 0.54     |
| time/              |          |
|    episodes        | 2560     |
|    fps             | 81       |
|    time_elapsed    | 2061     |
|    total_timesteps | 167576   |
| train/             |          |
|    actor_loss      | -138     |
|    critic_loss     | 34.3     |
|    ent_coef        | 0.001    |
|    learning_rate   | 0.0003   |
|    n_updates       | 791192   |
---------------------------------
---------------------------------
| rollout/           |          |
|    ep_len_mean     | 48.2     |
|    ep_rew_mean     | -6.69    |
|    success_rate    | 0.55     |
| time/              |          |
|    episodes        | 2564     |
|    fps             | 81       |
|    time_elapsed    | 2062     |
|    total_timesteps | 167720   |
| train/             |          |
|    actor_loss      | -139     |
|    critic_loss     | 164      |
|    ent_coef        | 0.001    |
|    learning_rate   | 0.0003   |
|    n_updates       | 791228   |
---------------------------------
---------------------------------
| rollout/           |          |
|    ep_len_mean     | 49.3     |
|    ep_rew_mean     | -11.9    |
|    success_rate    | 0.56     |
| time/              |          |
|    episodes        | 2568     |
|    fps             | 81       |
|    time_elapsed    | 2067     |
|    total_timesteps | 168132   |
| train/             |          |
|    actor_loss      | -136     |
|    critic_loss     | 77.7     |
|    ent_coef        | 0.001    |
|    learning_rate   | 0.0003   |
|    n_updates       | 791331   |
---------------------------------
---------------------------------
| rollout/           |          |
|    ep_len_mean     | 45.8     |
|    ep_rew_mean     | -11.8    |
|    success_rate    | 0.58     |
| time/              |          |
|    episodes        | 2572     |
|    fps             | 81       |
|    time_elapsed    | 2069     |
|    total_timesteps | 168360   |
| train/             |          |
|    actor_loss      | -135     |
|    critic_loss     | 113      |
|    ent_coef        | 0.001    |
|    learning_rate   | 0.0003   |
|    n_updates       | 791388   |
---------------------------------
---------------------------------
| rollout/           |          |
|    ep_len_mean     | 46       |
|    ep_rew_mean     | -11.4    |
|    success_rate    | 0.59     |
| time/              |          |
|    episodes        | 2576     |
|    fps             | 81       |
|    time_elapsed    | 2071     |
|    total_timesteps | 168480   |
| train/             |          |
|    actor_loss      | -138     |
|    critic_loss     | 144      |
|    ent_coef        | 0.001    |
|    learning_rate   | 0.0003   |
|    n_updates       | 791418   |
---------------------------------
---------------------------------
| rollout/           |          |
|    ep_len_mean     | 47.1     |
|    ep_rew_mean     | -10.9    |
|    success_rate    | 0.58     |
| time/              |          |
|    episodes        | 2580     |
|    fps             | 81       |
|    time_elapsed    | 2072     |
|    total_timesteps | 168532   |
| train/             |          |
|    actor_loss      | -142     |
|    critic_loss     | 130      |
|    ent_coef        | 0.001    |
|    learning_rate   | 0.0003   |
|    n_updates       | 791431   |
---------------------------------
---------------------------------
| rollout/           |          |
|    ep_len_mean     | 43.5     |
|    ep_rew_mean     | -10.5    |
|    success_rate    | 0.58     |
| time/              |          |
|    episodes        | 2584     |
|    fps             | 81       |
|    time_elapsed    | 2074     |
|    total_timesteps | 168720   |
| train/             |          |
|    actor_loss      | -136     |
|    critic_loss     | 74.4     |
|    ent_coef        | 0.001    |
|    learning_rate   | 0.0003   |
|    n_updates       | 791478   |
---------------------------------
---------------------------------
| rollout/           |          |
|    ep_len_mean     | 44.4     |
|    ep_rew_mean     | -10.4    |
|    success_rate    | 0.59     |
| time/              |          |
|    episodes        | 2588     |
|    fps             | 81       |
|    time_elapsed    | 2075     |
|    total_timesteps | 168808   |
| train/             |          |
|    actor_loss      | -137     |
|    critic_loss     | 118      |
|    ent_coef        | 0.001    |
|    learning_rate   | 0.0003   |
|    n_updates       | 791500   |
---------------------------------
---------------------------------
| rollout/           |          |
|    ep_len_mean     | 42.6     |
|    ep_rew_mean     | -11      |
|    success_rate    | 0.58     |
| time/              |          |
|    episodes        | 2592     |
|    fps             | 81       |
|    time_elapsed    | 2076     |
|    total_timesteps | 168888   |
| train/             |          |
|    actor_loss      | -139     |
|    critic_loss     | 74.6     |
|    ent_coef        | 0.001    |
|    learning_rate   | 0.0003   |
|    n_updates       | 791520   |
---------------------------------
---------------------------------
| rollout/           |          |
|    ep_len_mean     | 39.8     |
|    ep_rew_mean     | -10.8    |
|    success_rate    | 0.61     |
| time/              |          |
|    episodes        | 2596     |
|    fps             | 81       |
|    time_elapsed    | 2078     |
|    total_timesteps | 169092   |
| train/             |          |
|    actor_loss      | -139     |
|    critic_loss     | 131      |
|    ent_coef        | 0.001    |
|    learning_rate   | 0.0003   |
|    n_updates       | 791571   |
---------------------------------
---------------------------------
| rollout/           |          |
|    ep_len_mean     | 41.6     |
|    ep_rew_mean     | -17.2    |
|    success_rate    | 0.59     |
| time/              |          |
|    episodes        | 2600     |
|    fps             | 81       |
|    time_elapsed    | 2080     |
|    total_timesteps | 169284   |
| train/             |          |
|    actor_loss      | -139     |
|    critic_loss     | 22.7     |
|    ent_coef        | 0.001    |
|    learning_rate   | 0.0003   |
|    n_updates       | 791619   |
---------------------------------
---------------------------------
| rollout/           |          |
|    ep_len_mean     | 41.2     |
|    ep_rew_mean     | -18      |
|    success_rate    | 0.56     |
| time/              |          |
|    episodes        | 2604     |
|    fps             | 81       |
|    time_elapsed    | 2082     |
|    total_timesteps | 169344   |
| train/             |          |
|    actor_loss      | -138     |
|    critic_loss     | 157      |
|    ent_coef        | 0.001    |
|    learning_rate   | 0.0003   |
|    n_updates       | 791634   |
---------------------------------
---------------------------------
| rollout/           |          |
|    ep_len_mean     | 42.9     |
|    ep_rew_mean     | -22.9    |
|    success_rate    | 0.55     |
| time/              |          |
|    episodes        | 2608     |
|    fps             | 81       |
|    time_elapsed    | 2083     |
|    total_timesteps | 169488   |
| train/             |          |
|    actor_loss      | -140     |
|    critic_loss     | 54.5     |
|    ent_coef        | 0.001    |
|    learning_rate   | 0.0003   |
|    n_updates       | 791670   |
---------------------------------
---------------------------------
| rollout/           |          |
|    ep_len_mean     | 41.1     |
|    ep_rew_mean     | -22.6    |
|    success_rate    | 0.56     |
| time/              |          |
|    episodes        | 2612     |
|    fps             | 81       |
|    time_elapsed    | 2085     |
|    total_timesteps | 169692   |
| train/             |          |
|    actor_loss      | -141     |
|    critic_loss     | 90.8     |
|    ent_coef        | 0.001    |
|    learning_rate   | 0.0003   |
|    n_updates       | 791721   |
---------------------------------
---------------------------------
| rollout/           |          |
|    ep_len_mean     | 40.8     |
|    ep_rew_mean     | -23.1    |
|    success_rate    | 0.54     |
| time/              |          |
|    episodes        | 2616     |
|    fps             | 81       |
|    time_elapsed    | 2087     |
|    total_timesteps | 169772   |
| train/             |          |
|    actor_loss      | -137     |
|    critic_loss     | 104      |
|    ent_coef        | 0.001    |
|    learning_rate   | 0.0003   |
|    n_updates       | 791741   |
---------------------------------
---------------------------------
| rollout/           |          |
|    ep_len_mean     | 38.1     |
|    ep_rew_mean     | -23.3    |
|    success_rate    | 0.54     |
| time/              |          |
|    episodes        | 2620     |
|    fps             | 81       |
|    time_elapsed    | 2088     |
|    total_timesteps | 169916   |
| train/             |          |
|    actor_loss      | -136     |
|    critic_loss     | 195      |
|    ent_coef        | 0.001    |
|    learning_rate   | 0.0003   |
|    n_updates       | 791777   |
---------------------------------
---------------------------------
| rollout/           |          |
|    ep_len_mean     | 38.1     |
|    ep_rew_mean     | -22.9    |
|    success_rate    | 0.55     |
| time/              |          |
|    episodes        | 2624     |
|    fps             | 81       |
|    time_elapsed    | 2088     |
|    total_timesteps | 169932   |
| train/             |          |
|    actor_loss      | -140     |
|    critic_loss     | 136      |
|    ent_coef        | 0.001    |
|    learning_rate   | 0.0003   |
|    n_updates       | 791781   |
---------------------------------
---------------------------------
| rollout/           |          |
|    ep_len_mean     | 37       |
|    ep_rew_mean     | -23.2    |
|    success_rate    | 0.54     |
| time/              |          |
|    episodes        | 2628     |
|    fps             | 81       |
|    time_elapsed    | 2089     |
|    total_timesteps | 169956   |
| train/             |          |
|    actor_loss      | -135     |
|    critic_loss     | 96.2     |
|    ent_coef        | 0.001    |
|    learning_rate   | 0.0003   |
|    n_updates       | 791787   |
---------------------------------
Eval num_timesteps=170000, episode_reward=-12.85 +/- 24.12
Episode length: 68.54 +/- 73.21
Success rate: 70.00%
---------------------------------
| eval/              |          |
|    mean_ep_length  | 68.5     |
|    mean_reward     | -12.8    |
|    success_rate    | 0.7      |
| time/              |          |
|    total_timesteps | 170000   |
| train/             |          |
|    actor_loss      | -138     |
|    critic_loss     | 47.8     |
|    ent_coef        | 0.001    |
|    learning_rate   | 0.0003   |
|    n_updates       | 791798   |
---------------------------------
Eval num_timesteps=170000, episode_reward=2.86 +/- 9.07
Episode length: 66.04 +/- 78.70
Success rate: 64.00%
---------------------------------
| eval/              |          |
|    mean_ep_length  | 66       |
|    mean_reward     | 2.86     |
|    success_rate    | 0.64     |
| time/              |          |
|    total_timesteps | 170000   |
---------------------------------
New best mean reward!
[DenseSuccessCallback - descend] New best: 64.0% -> ./checkpoints/dense_refinement_20260423_235832/best_model_descend.zip
Eval num_timesteps=170000, episode_reward=-20.28 +/- 0.13
Episode length: 1.68 +/- 0.84
Success rate: 0.00%
---------------------------------
| eval/              |          |
|    mean_ep_length  | 1.68     |
|    mean_reward     | -20.3    |
|    success_rate    | 0        |
| time/              |          |
|    total_timesteps | 170000   |
---------------------------------
---------------------------------
| rollout/           |          |
|    ep_len_mean     | 37.4     |
|    ep_rew_mean     | -22.9    |
|    success_rate    | 0.55     |
| time/              |          |
|    episodes        | 2632     |
|    fps             | 80       |
|    time_elapsed    | 2122     |
|    total_timesteps | 170116   |
| train/             |          |
|    actor_loss      | -139     |
|    critic_loss     | 107      |
|    ent_coef        | 0.001    |
|    learning_rate   | 0.0003   |
|    n_updates       | 791827   |
---------------------------------
---------------------------------
| rollout/           |          |
|    ep_len_mean     | 39.1     |
|    ep_rew_mean     | -23.6    |
|    success_rate    | 0.54     |
| time/              |          |
|    episodes        | 2636     |
|    fps             | 80       |
|    time_elapsed    | 2124     |
|    total_timesteps | 170376   |
| train/             |          |
|    actor_loss      | -138     |
|    critic_loss     | 148      |
|    ent_coef        | 0.001    |
|    learning_rate   | 0.0003   |
|    n_updates       | 791892   |
---------------------------------
---------------------------------
| rollout/           |          |
|    ep_len_mean     | 39.4     |
|    ep_rew_mean     | -23.8    |
|    success_rate    | 0.53     |
| time/              |          |
|    episodes        | 2640     |
|    fps             | 80       |
|    time_elapsed    | 2126     |
|    total_timesteps | 170516   |
| train/             |          |
|    actor_loss      | -142     |
|    critic_loss     | 56.2     |
|    ent_coef        | 0.001    |
|    learning_rate   | 0.0003   |
|    n_updates       | 791927   |
---------------------------------
---------------------------------
| rollout/           |          |
|    ep_len_mean     | 41.2     |
|    ep_rew_mean     | -24      |
|    success_rate    | 0.54     |
| time/              |          |
|    episodes        | 2644     |
|    fps             | 80       |
|    time_elapsed    | 2127     |
|    total_timesteps | 170684   |
| train/             |          |
|    actor_loss      | -140     |
|    critic_loss     | 67.4     |
|    ent_coef        | 0.001    |
|    learning_rate   | 0.0003   |
|    n_updates       | 791969   |
---------------------------------
---------------------------------
| rollout/           |          |
|    ep_len_mean     | 41.1     |
|    ep_rew_mean     | -23.9    |
|    success_rate    | 0.54     |
| time/              |          |
|    episodes        | 2648     |
|    fps             | 80       |
|    time_elapsed    | 2128     |
|    total_timesteps | 170740   |
| train/             |          |
|    actor_loss      | -139     |
|    critic_loss     | 49.1     |
|    ent_coef        | 0.001    |
|    learning_rate   | 0.0003   |
|    n_updates       | 791983   |
---------------------------------
---------------------------------
| rollout/           |          |
|    ep_len_mean     | 39.6     |
|    ep_rew_mean     | -24.1    |
|    success_rate    | 0.54     |
| time/              |          |
|    episodes        | 2652     |
|    fps             | 80       |
|    time_elapsed    | 2129     |
|    total_timesteps | 170800   |
| train/             |          |
|    actor_loss      | -140     |
|    critic_loss     | 168      |
|    ent_coef        | 0.001    |
|    learning_rate   | 0.0003   |
|    n_updates       | 791998   |
---------------------------------
---------------------------------
| rollout/           |          |
|    ep_len_mean     | 36.1     |
|    ep_rew_mean     | -24.6    |
|    success_rate    | 0.53     |
| time/              |          |
|    episodes        | 2656     |
|    fps             | 80       |
|    time_elapsed    | 2130     |
|    total_timesteps | 170876   |
| train/             |          |
|    actor_loss      | -137     |
|    critic_loss     | 134      |
|    ent_coef        | 0.001    |
|    learning_rate   | 0.0003   |
|    n_updates       | 792017   |
---------------------------------
---------------------------------
| rollout/           |          |
|    ep_len_mean     | 37.5     |
|    ep_rew_mean     | -25.2    |
|    success_rate    | 0.54     |
| time/              |          |
|    episodes        | 2660     |
|    fps             | 80       |
|    time_elapsed    | 2133     |
|    total_timesteps | 171164   |
| train/             |          |
|    actor_loss      | -136     |
|    critic_loss     | 103      |
|    ent_coef        | 0.001    |
|    learning_rate   | 0.0003   |
|    n_updates       | 792089   |
---------------------------------
---------------------------------
| rollout/           |          |
|    ep_len_mean     | 34.3     |
|    ep_rew_mean     | -24.8    |
|    success_rate    | 0.54     |
| time/              |          |
|    episodes        | 2664     |
|    fps             | 80       |
|    time_elapsed    | 2134     |
|    total_timesteps | 171272   |
| train/             |          |
|    actor_loss      | -137     |
|    critic_loss     | 26       |
|    ent_coef        | 0.001    |
|    learning_rate   | 0.0003   |
|    n_updates       | 792116   |
---------------------------------
---------------------------------
| rollout/           |          |
|    ep_len_mean     | 31.5     |
|    ep_rew_mean     | -19.4    |
|    success_rate    | 0.54     |
| time/              |          |
|    episodes        | 2668     |
|    fps             | 80       |
|    time_elapsed    | 2134     |
|    total_timesteps | 171292   |
| train/             |          |
|    actor_loss      | -137     |
|    critic_loss     | 179      |
|    ent_coef        | 0.001    |
|    learning_rate   | 0.0003   |
|    n_updates       | 792121   |
---------------------------------
---------------------------------
| rollout/           |          |
|    ep_len_mean     | 31.6     |
|    ep_rew_mean     | -20.2    |
|    success_rate    | 0.52     |
| time/              |          |
|    episodes        | 2672     |
|    fps             | 80       |
|    time_elapsed    | 2135     |
|    total_timesteps | 171364   |
| train/             |          |
|    actor_loss      | -139     |
|    critic_loss     | 50.6     |
|    ent_coef        | 0.001    |
|    learning_rate   | 0.0003   |
|    n_updates       | 792139   |
---------------------------------
---------------------------------
| rollout/           |          |
|    ep_len_mean     | 31.2     |
|    ep_rew_mean     | -21      |
|    success_rate    | 0.49     |
| time/              |          |
|    episodes        | 2676     |
|    fps             | 80       |
|    time_elapsed    | 2136     |
|    total_timesteps | 171404   |
| train/             |          |
|    actor_loss      | -139     |
|    critic_loss     | 134      |
|    ent_coef        | 0.001    |
|    learning_rate   | 0.0003   |
|    n_updates       | 792149   |
---------------------------------
---------------------------------
| rollout/           |          |
|    ep_len_mean     | 29.6     |
|    ep_rew_mean     | -20.8    |
|    success_rate    | 0.5      |
| time/              |          |
|    episodes        | 2680     |
|    fps             | 80       |
|    time_elapsed    | 2137     |
|    total_timesteps | 171456   |
| train/             |          |
|    actor_loss      | -136     |
|    critic_loss     | 110      |
|    ent_coef        | 0.001    |
|    learning_rate   | 0.0003   |
|    n_updates       | 792162   |
---------------------------------
---------------------------------
| rollout/           |          |
|    ep_len_mean     | 27.7     |
|    ep_rew_mean     | -20.6    |
|    success_rate    | 0.51     |
| time/              |          |
|    episodes        | 2684     |
|    fps             | 80       |
|    time_elapsed    | 2138     |
|    total_timesteps | 171500   |
| train/             |          |
|    actor_loss      | -137     |
|    critic_loss     | 92.2     |
|    ent_coef        | 0.001    |
|    learning_rate   | 0.0003   |
|    n_updates       | 792173   |
---------------------------------
---------------------------------
| rollout/           |          |
|    ep_len_mean     | 28.4     |
|    ep_rew_mean     | -20.1    |
|    success_rate    | 0.51     |
| time/              |          |
|    episodes        | 2688     |
|    fps             | 80       |
|    time_elapsed    | 2140     |
|    total_timesteps | 171776   |
| train/             |          |
|    actor_loss      | -136     |
|    critic_loss     | 89.4     |
|    ent_coef        | 0.001    |
|    learning_rate   | 0.0003   |
|    n_updates       | 792242   |
---------------------------------
---------------------------------
| rollout/           |          |
|    ep_len_mean     | 28.5     |
|    ep_rew_mean     | -19.3    |
|    success_rate    | 0.53     |
| time/              |          |
|    episodes        | 2692     |
|    fps             | 80       |
|    time_elapsed    | 2141     |
|    total_timesteps | 171844   |
| train/             |          |
|    actor_loss      | -137     |
|    critic_loss     | 93.9     |
|    ent_coef        | 0.001    |
|    learning_rate   | 0.0003   |
|    n_updates       | 792259   |
---------------------------------
---------------------------------
| rollout/           |          |
|    ep_len_mean     | 28       |
|    ep_rew_mean     | -19.1    |
|    success_rate    | 0.53     |
| time/              |          |
|    episodes        | 2696     |
|    fps             | 80       |
|    time_elapsed    | 2143     |
|    total_timesteps | 171952   |
| train/             |          |
|    actor_loss      | -136     |
|    critic_loss     | 163      |
|    ent_coef        | 0.001    |
|    learning_rate   | 0.0003   |
|    n_updates       | 792286   |
---------------------------------
---------------------------------
| rollout/           |          |
|    ep_len_mean     | 27.6     |
|    ep_rew_mean     | -14      |
|    success_rate    | 0.52     |
| time/              |          |
|    episodes        | 2700     |
|    fps             | 80       |
|    time_elapsed    | 2144     |
|    total_timesteps | 172012   |
| train/             |          |
|    actor_loss      | -138     |
|    critic_loss     | 104      |
|    ent_coef        | 0.001    |
|    learning_rate   | 0.0003   |
|    n_updates       | 792301   |
---------------------------------
---------------------------------
| rollout/           |          |
|    ep_len_mean     | 27.8     |
|    ep_rew_mean     | -13.6    |
|    success_rate    | 0.54     |
| time/              |          |
|    episodes        | 2704     |
|    fps             | 80       |
|    time_elapsed    | 2144     |
|    total_timesteps | 172064   |
| train/             |          |
|    actor_loss      | -138     |
|    critic_loss     | 117      |
|    ent_coef        | 0.001    |
|    learning_rate   | 0.0003   |
|    n_updates       | 792314   |
---------------------------------
---------------------------------
| rollout/           |          |
|    ep_len_mean     | 24.6     |
|    ep_rew_mean     | -9.32    |
|    success_rate    | 0.53     |
| time/              |          |
|    episodes        | 2708     |
|    fps             | 80       |
|    time_elapsed    | 2145     |
|    total_timesteps | 172096   |
| train/             |          |
|    actor_loss      | -135     |
|    critic_loss     | 100      |
|    ent_coef        | 0.001    |
|    learning_rate   | 0.0003   |
|    n_updates       | 792322   |
---------------------------------
---------------------------------
| rollout/           |          |
|    ep_len_mean     | 25.8     |
|    ep_rew_mean     | -10.3    |
|    success_rate    | 0.51     |
| time/              |          |
|    episodes        | 2712     |
|    fps             | 80       |
|    time_elapsed    | 2146     |
|    total_timesteps | 172208   |
| train/             |          |
|    actor_loss      | -138     |
|    critic_loss     | 45.3     |
|    ent_coef        | 0.001    |
|    learning_rate   | 0.0003   |
|    n_updates       | 792350   |
---------------------------------
---------------------------------
| rollout/           |          |
|    ep_len_mean     | 26.5     |
|    ep_rew_mean     | -9.71    |
|    success_rate    | 0.54     |
| time/              |          |
|    episodes        | 2716     |
|    fps             | 80       |
|    time_elapsed    | 2149     |
|    total_timesteps | 172436   |
| train/             |          |
|    actor_loss      | -140     |
|    critic_loss     | 154      |
|    ent_coef        | 0.001    |
|    learning_rate   | 0.0003   |
|    n_updates       | 792407   |
---------------------------------
---------------------------------
| rollout/           |          |
|    ep_len_mean     | 27.3     |
|    ep_rew_mean     | -10.7    |
|    success_rate    | 0.52     |
| time/              |          |
|    episodes        | 2720     |
|    fps             | 80       |
|    time_elapsed    | 2150     |
|    total_timesteps | 172520   |
| train/             |          |
|    actor_loss      | -136     |
|    critic_loss     | 164      |
|    ent_coef        | 0.001    |
|    learning_rate   | 0.0003   |
|    n_updates       | 792428   |
---------------------------------
---------------------------------
| rollout/           |          |
|    ep_len_mean     | 27.1     |
|    ep_rew_mean     | -10.5    |
|    success_rate    | 0.51     |
| time/              |          |
|    episodes        | 2724     |
|    fps             | 80       |
|    time_elapsed    | 2153     |
|    total_timesteps | 172840   |
| train/             |          |
|    actor_loss      | -139     |
|    critic_loss     | 19.7     |
|    ent_coef        | 0.001    |
|    learning_rate   | 0.0003   |
|    n_updates       | 792508   |
---------------------------------
---------------------------------
| rollout/           |          |
|    ep_len_mean     | 29       |
|    ep_rew_mean     | -11.2    |
|    success_rate    | 0.51     |
| time/              |          |
|    episodes        | 2728     |
|    fps             | 80       |
|    time_elapsed    | 2155     |
|    total_timesteps | 172996   |
| train/             |          |
|    actor_loss      | -137     |
|    critic_loss     | 92.1     |
|    ent_coef        | 0.001    |
|    learning_rate   | 0.0003   |
|    n_updates       | 792547   |
---------------------------------
---------------------------------
| rollout/           |          |
|    ep_len_mean     | 30.6     |
|    ep_rew_mean     | -10.8    |
|    success_rate    | 0.52     |
| time/              |          |
|    episodes        | 2732     |
|    fps             | 80       |
|    time_elapsed    | 2157     |
|    total_timesteps | 173244   |
| train/             |          |
|    actor_loss      | -135     |
|    critic_loss     | 74.8     |
|    ent_coef        | 0.001    |
|    learning_rate   | 0.0003   |
|    n_updates       | 792609   |
---------------------------------
---------------------------------
| rollout/           |          |
|    ep_len_mean     | 30.4     |
|    ep_rew_mean     | -10.2    |
|    success_rate    | 0.51     |
| time/              |          |
|    episodes        | 2736     |
|    fps             | 80       |
|    time_elapsed    | 2159     |
|    total_timesteps | 173348   |
| train/             |          |
|    actor_loss      | -139     |
|    critic_loss     | 219      |
|    ent_coef        | 0.001    |
|    learning_rate   | 0.0003   |
|    n_updates       | 792635   |
---------------------------------
---------------------------------
| rollout/           |          |
|    ep_len_mean     | 29.9     |
|    ep_rew_mean     | -10.5    |
|    success_rate    | 0.5      |
| time/              |          |
|    episodes        | 2740     |
|    fps             | 80       |
|    time_elapsed    | 2160     |
|    total_timesteps | 173488   |
| train/             |          |
|    actor_loss      | -139     |
|    critic_loss     | 119      |
|    ent_coef        | 0.001    |
|    learning_rate   | 0.0003   |
|    n_updates       | 792670   |
---------------------------------
---------------------------------
| rollout/           |          |
|    ep_len_mean     | 30.3     |
|    ep_rew_mean     | -10.3    |
|    success_rate    | 0.49     |
| time/              |          |
|    episodes        | 2744     |
|    fps             | 80       |
|    time_elapsed    | 2163     |
|    total_timesteps | 173736   |
| train/             |          |
|    actor_loss      | -137     |
|    critic_loss     | 71.6     |
|    ent_coef        | 0.001    |
|    learning_rate   | 0.0003   |
|    n_updates       | 792732   |
---------------------------------
---------------------------------
| rollout/           |          |
|    ep_len_mean     | 30.5     |
|    ep_rew_mean     | -10.4    |
|    success_rate    | 0.51     |
| time/              |          |
|    episodes        | 2748     |
|    fps             | 80       |
|    time_elapsed    | 2164     |
|    total_timesteps | 173892   |
| train/             |          |
|    actor_loss      | -141     |
|    critic_loss     | 48.5     |
|    ent_coef        | 0.001    |
|    learning_rate   | 0.0003   |
|    n_updates       | 792771   |
---------------------------------
---------------------------------
| rollout/           |          |
|    ep_len_mean     | 30.6     |
|    ep_rew_mean     | -10.6    |
|    success_rate    | 0.51     |
| time/              |          |
|    episodes        | 2752     |
|    fps             | 80       |
|    time_elapsed    | 2165     |
|    total_timesteps | 173948   |
| train/             |          |
|    actor_loss      | -137     |
|    critic_loss     | 131      |
|    ent_coef        | 0.001    |
|    learning_rate   | 0.0003   |
|    n_updates       | 792785   |
---------------------------------
---------------------------------
| rollout/           |          |
|    ep_len_mean     | 31.6     |
|    ep_rew_mean     | -10.2    |
|    success_rate    | 0.52     |
| time/              |          |
|    episodes        | 2756     |
|    fps             | 80       |
|    time_elapsed    | 2166     |
|    total_timesteps | 173968   |
| train/             |          |
|    actor_loss      | -141     |
|    critic_loss     | 71       |
|    ent_coef        | 0.001    |
|    learning_rate   | 0.0003   |
|    n_updates       | 792790   |
---------------------------------
---------------------------------
| rollout/           |          |
|    ep_len_mean     | 28.5     |
|    ep_rew_mean     | -10      |
|    success_rate    | 0.51     |
| time/              |          |
|    episodes        | 2760     |
|    fps             | 80       |
|    time_elapsed    | 2166     |
|    total_timesteps | 173984   |
| train/             |          |
|    actor_loss      | -136     |
|    critic_loss     | 171      |
|    ent_coef        | 0.001    |
|    learning_rate   | 0.0003   |
|    n_updates       | 792794   |
---------------------------------
---------------------------------
| rollout/           |          |
|    ep_len_mean     | 28.3     |
|    ep_rew_mean     | -10      |
|    success_rate    | 0.51     |
| time/              |          |
|    episodes        | 2764     |
|    fps             | 80       |
|    time_elapsed    | 2167     |
|    total_timesteps | 174024   |
| train/             |          |
|    actor_loss      | -134     |
|    critic_loss     | 90.9     |
|    ent_coef        | 0.001    |
|    learning_rate   | 0.0003   |
|    n_updates       | 792804   |
---------------------------------
---------------------------------
| rollout/           |          |
|    ep_len_mean     | 28.3     |
|    ep_rew_mean     | -9.72    |
|    success_rate    | 0.52     |
| time/              |          |
|    episodes        | 2768     |
|    fps             | 80       |
|    time_elapsed    | 2168     |
|    total_timesteps | 174108   |
| train/             |          |
|    actor_loss      | -140     |
|    critic_loss     | 127      |
|    ent_coef        | 0.001    |
|    learning_rate   | 0.0003   |
|    n_updates       | 792825   |
---------------------------------
---------------------------------
| rollout/           |          |
|    ep_len_mean     | 28.6     |
|    ep_rew_mean     | -9.53    |
|    success_rate    | 0.54     |
| time/              |          |
|    episodes        | 2772     |
|    fps             | 80       |
|    time_elapsed    | 2169     |
|    total_timesteps | 174192   |
| train/             |          |
|    actor_loss      | -138     |
|    critic_loss     | 108      |
|    ent_coef        | 0.001    |
|    learning_rate   | 0.0003   |
|    n_updates       | 792846   |
---------------------------------
---------------------------------
| rollout/           |          |
|    ep_len_mean     | 28.6     |
|    ep_rew_mean     | -9.22    |
|    success_rate    | 0.55     |
| time/              |          |
|    episodes        | 2776     |
|    fps             | 80       |
|    time_elapsed    | 2169     |
|    total_timesteps | 174224   |
| train/             |          |
|    actor_loss      | -138     |
|    critic_loss     | 47.1     |
|    ent_coef        | 0.001    |
|    learning_rate   | 0.0003   |
|    n_updates       | 792854   |
---------------------------------
---------------------------------
| rollout/           |          |
|    ep_len_mean     | 29       |
|    ep_rew_mean     | -8.8     |
|    success_rate    | 0.57     |
| time/              |          |
|    episodes        | 2780     |
|    fps             | 80       |
|    time_elapsed    | 2171     |
|    total_timesteps | 174460   |
| train/             |          |
|    actor_loss      | -139     |
|    critic_loss     | 148      |
|    ent_coef        | 0.001    |
|    learning_rate   | 0.0003   |
|    n_updates       | 792913   |
---------------------------------
---------------------------------
| rollout/           |          |
|    ep_len_mean     | 30.6     |
|    ep_rew_mean     | -9.32    |
|    success_rate    | 0.55     |
| time/              |          |
|    episodes        | 2784     |
|    fps             | 80       |
|    time_elapsed    | 2174     |
|    total_timesteps | 174720   |
| train/             |          |
|    actor_loss      | -135     |
|    critic_loss     | 59.9     |
|    ent_coef        | 0.001    |
|    learning_rate   | 0.0003   |
|    n_updates       | 792978   |
---------------------------------
---------------------------------
| rollout/           |          |
|    ep_len_mean     | 32       |
|    ep_rew_mean     | -10.3    |
|    success_rate    | 0.53     |
| time/              |          |
|    episodes        | 2788     |
|    fps             | 80       |
|    time_elapsed    | 2176     |
|    total_timesteps | 174940   |
| train/             |          |
|    actor_loss      | -137     |
|    critic_loss     | 72.9     |
|    ent_coef        | 0.001    |
|    learning_rate   | 0.0003   |
|    n_updates       | 793033   |
---------------------------------
---------------------------------
| rollout/           |          |
|    ep_len_mean     | 33.5     |
|    ep_rew_mean     | -10.3    |
|    success_rate    | 0.52     |
| time/              |          |
|    episodes        | 2792     |
|    fps             | 80       |
|    time_elapsed    | 2179     |
|    total_timesteps | 175216   |
| train/             |          |
|    actor_loss      | -139     |
|    critic_loss     | 72.8     |
|    ent_coef        | 0.001    |
|    learning_rate   | 0.0003   |
|    n_updates       | 793102   |
---------------------------------
---------------------------------
| rollout/           |          |
|    ep_len_mean     | 36.3     |
|    ep_rew_mean     | -10.7    |
|    success_rate    | 0.52     |
| time/              |          |
|    episodes        | 2796     |
|    fps             | 80       |
|    time_elapsed    | 2183     |
|    total_timesteps | 175620   |
| train/             |          |
|    actor_loss      | -138     |
|    critic_loss     | 85.8     |
|    ent_coef        | 0.001    |
|    learning_rate   | 0.0003   |
|    n_updates       | 793203   |
---------------------------------
---------------------------------
| rollout/           |          |
|    ep_len_mean     | 36.3     |
|    ep_rew_mean     | -10      |
|    success_rate    | 0.53     |
| time/              |          |
|    episodes        | 2800     |
|    fps             | 80       |
|    time_elapsed    | 2184     |
|    total_timesteps | 175684   |
| train/             |          |
|    actor_loss      | -138     |
|    critic_loss     | 126      |
|    ent_coef        | 0.001    |
|    learning_rate   | 0.0003   |
|    n_updates       | 793219   |
---------------------------------
---------------------------------
| rollout/           |          |
|    ep_len_mean     | 38.2     |
|    ep_rew_mean     | -10.1    |
|    success_rate    | 0.52     |
| time/              |          |
|    episodes        | 2804     |
|    fps             | 80       |
|    time_elapsed    | 2186     |
|    total_timesteps | 175940   |
| train/             |          |
|    actor_loss      | -139     |
|    critic_loss     | 108      |
|    ent_coef        | 0.001    |
|    learning_rate   | 0.0003   |
|    n_updates       | 793283   |
---------------------------------
---------------------------------
| rollout/           |          |
|    ep_len_mean     | 41.6     |
|    ep_rew_mean     | -10.4    |
|    success_rate    | 0.52     |
| time/              |          |
|    episodes        | 2808     |
|    fps             | 80       |
|    time_elapsed    | 2189     |
|    total_timesteps | 176320   |
| train/             |          |
|    actor_loss      | -138     |
|    critic_loss     | 88.3     |
|    ent_coef        | 0.001    |
|    learning_rate   | 0.0003   |
|    n_updates       | 793378   |
---------------------------------
---------------------------------
| rollout/           |          |
|    ep_len_mean     | 41       |
|    ep_rew_mean     | -9.82    |
|    success_rate    | 0.54     |
| time/              |          |
|    episodes        | 2812     |
|    fps             | 80       |
|    time_elapsed    | 2191     |
|    total_timesteps | 176440   |
| train/             |          |
|    actor_loss      | -135     |
|    critic_loss     | 206      |
|    ent_coef        | 0.001    |
|    learning_rate   | 0.0003   |
|    n_updates       | 793408   |
---------------------------------
---------------------------------
| rollout/           |          |
|    ep_len_mean     | 40.4     |
|    ep_rew_mean     | -10.1    |
|    success_rate    | 0.52     |
| time/              |          |
|    episodes        | 2816     |
|    fps             | 80       |
|    time_elapsed    | 2192     |
|    total_timesteps | 176468   |
| train/             |          |
|    actor_loss      | -138     |
|    critic_loss     | 69.6     |
|    ent_coef        | 0.001    |
|    learning_rate   | 0.0003   |
|    n_updates       | 793415   |
---------------------------------
---------------------------------
| rollout/           |          |
|    ep_len_mean     | 40.7     |
|    ep_rew_mean     | -9.39    |
|    success_rate    | 0.54     |
| time/              |          |
|    episodes        | 2820     |
|    fps             | 80       |
|    time_elapsed    | 2193     |
|    total_timesteps | 176580   |
| train/             |          |
|    actor_loss      | -141     |
|    critic_loss     | 69.1     |
|    ent_coef        | 0.001    |
|    learning_rate   | 0.0003   |
|    n_updates       | 793443   |
---------------------------------
---------------------------------
| rollout/           |          |
|    ep_len_mean     | 38.9     |
|    ep_rew_mean     | -10.1    |
|    success_rate    | 0.52     |
| time/              |          |
|    episodes        | 2824     |
|    fps             | 80       |
|    time_elapsed    | 2193     |
|    total_timesteps | 176612   |
| train/             |          |
|    actor_loss      | -139     |
|    critic_loss     | 149      |
|    ent_coef        | 0.001    |
|    learning_rate   | 0.0003   |
|    n_updates       | 793451   |
---------------------------------
---------------------------------
| rollout/           |          |
|    ep_len_mean     | 39       |
|    ep_rew_mean     | -9.99    |
|    success_rate    | 0.52     |
| time/              |          |
|    episodes        | 2828     |
|    fps             | 80       |
|    time_elapsed    | 2195     |
|    total_timesteps | 176772   |
| train/             |          |
|    actor_loss      | -137     |
|    critic_loss     | 46.5     |
|    ent_coef        | 0.001    |
|    learning_rate   | 0.0003   |
|    n_updates       | 793491   |
---------------------------------
---------------------------------
| rollout/           |          |
|    ep_len_mean     | 38.6     |
|    ep_rew_mean     | -10.4    |
|    success_rate    | 0.52     |
| time/              |          |
|    episodes        | 2832     |
|    fps             | 80       |
|    time_elapsed    | 2198     |
|    total_timesteps | 177096   |
| train/             |          |
|    actor_loss      | -136     |
|    critic_loss     | 145      |
|    ent_coef        | 0.001    |
|    learning_rate   | 0.0003   |
|    n_updates       | 793572   |
---------------------------------
---------------------------------
| rollout/           |          |
|    ep_len_mean     | 40.1     |
|    ep_rew_mean     | -10.6    |
|    success_rate    | 0.52     |
| time/              |          |
|    episodes        | 2836     |
|    fps             | 80       |
|    time_elapsed    | 2200     |
|    total_timesteps | 177320   |
| train/             |          |
|    actor_loss      | -141     |
|    critic_loss     | 79.4     |
|    ent_coef        | 0.001    |
|    learning_rate   | 0.0003   |
|    n_updates       | 793628   |
---------------------------------
---------------------------------
| rollout/           |          |
|    ep_len_mean     | 40.9     |
|    ep_rew_mean     | -10.8    |
|    success_rate    | 0.52     |
| time/              |          |
|    episodes        | 2840     |
|    fps             | 80       |
|    time_elapsed    | 2202     |
|    total_timesteps | 177468   |
| train/             |          |
|    actor_loss      | -139     |
|    critic_loss     | 146      |
|    ent_coef        | 0.001    |
|    learning_rate   | 0.0003   |
|    n_updates       | 793665   |
---------------------------------
---------------------------------
| rollout/           |          |
|    ep_len_mean     | 39       |
|    ep_rew_mean     | -10.3    |
|    success_rate    | 0.54     |
| time/              |          |
|    episodes        | 2844     |
|    fps             | 80       |
|    time_elapsed    | 2203     |
|    total_timesteps | 177568   |
| train/             |          |
|    actor_loss      | -136     |
|    critic_loss     | 61.6     |
|    ent_coef        | 0.001    |
|    learning_rate   | 0.0003   |
|    n_updates       | 793690   |
---------------------------------
---------------------------------
| rollout/           |          |
|    ep_len_mean     | 37.9     |
|    ep_rew_mean     | -9.74    |
|    success_rate    | 0.55     |
| time/              |          |
|    episodes        | 2848     |
|    fps             | 80       |
|    time_elapsed    | 2204     |
|    total_timesteps | 177672   |
| train/             |          |
|    actor_loss      | -136     |
|    critic_loss     | 131      |
|    ent_coef        | 0.001    |
|    learning_rate   | 0.0003   |
|    n_updates       | 793716   |
---------------------------------
---------------------------------
| rollout/           |          |
|    ep_len_mean     | 39.5     |
|    ep_rew_mean     | -9.71    |
|    success_rate    | 0.54     |
| time/              |          |
|    episodes        | 2852     |
|    fps             | 80       |
|    time_elapsed    | 2205     |
|    total_timesteps | 177756   |
| train/             |          |
|    actor_loss      | -139     |
|    critic_loss     | 119      |
|    ent_coef        | 0.001    |
|    learning_rate   | 0.0003   |
|    n_updates       | 793737   |
---------------------------------
---------------------------------
| rollout/           |          |
|    ep_len_mean     | 40.5     |
|    ep_rew_mean     | -10.2    |
|    success_rate    | 0.54     |
| time/              |          |
|    episodes        | 2856     |
|    fps             | 80       |
|    time_elapsed    | 2211     |
|    total_timesteps | 178356   |
| train/             |          |
|    actor_loss      | -140     |
|    critic_loss     | 72.9     |
|    ent_coef        | 0.001    |
|    learning_rate   | 0.0003   |
|    n_updates       | 793887   |
---------------------------------
---------------------------------
| rollout/           |          |
|    ep_len_mean     | 42.1     |
|    ep_rew_mean     | -10.3    |
|    success_rate    | 0.55     |
| time/              |          |
|    episodes        | 2860     |
|    fps             | 80       |
|    time_elapsed    | 2211     |
|    total_timesteps | 178396   |
| train/             |          |
|    actor_loss      | -137     |
|    critic_loss     | 50.2     |
|    ent_coef        | 0.001    |
|    learning_rate   | 0.0003   |
|    n_updates       | 793897   |
---------------------------------
---------------------------------
| rollout/           |          |
|    ep_len_mean     | 49       |
|    ep_rew_mean     | -11      |
|    success_rate    | 0.53     |
| time/              |          |
|    episodes        | 2864     |
|    fps             | 80       |
|    time_elapsed    | 2218     |
|    total_timesteps | 179096   |
| train/             |          |
|    actor_loss      | -136     |
|    critic_loss     | 123      |
|    ent_coef        | 0.001    |
|    learning_rate   | 0.0003   |
|    n_updates       | 794072   |
---------------------------------
---------------------------------
| rollout/           |          |
|    ep_len_mean     | 50.5     |
|    ep_rew_mean     | -12.6    |
|    success_rate    | 0.49     |
| time/              |          |
|    episodes        | 2868     |
|    fps             | 80       |
|    time_elapsed    | 2218     |
|    total_timesteps | 179124   |
| train/             |          |
|    actor_loss      | -138     |
|    critic_loss     | 94.1     |
|    ent_coef        | 0.001    |
|    learning_rate   | 0.0003   |
|    n_updates       | 794079   |
---------------------------------
---------------------------------
| rollout/           |          |
|    ep_len_mean     | 52.1     |
|    ep_rew_mean     | -13.2    |
|    success_rate    | 0.48     |
| time/              |          |
|    episodes        | 2872     |
|    fps             | 80       |
|    time_elapsed    | 2220     |
|    total_timesteps | 179208   |
| train/             |          |
|    actor_loss      | -136     |
|    critic_loss     | 106      |
|    ent_coef        | 0.001    |
|    learning_rate   | 0.0003   |
|    n_updates       | 794100   |
---------------------------------
---------------------------------
| rollout/           |          |
|    ep_len_mean     | 50.8     |
|    ep_rew_mean     | -12.2    |
|    success_rate    | 0.49     |
| time/              |          |
|    episodes        | 2876     |
|    fps             | 80       |
|    time_elapsed    | 2221     |
|    total_timesteps | 179300   |
| train/             |          |
|    actor_loss      | -137     |
|    critic_loss     | 145      |
|    ent_coef        | 0.001    |
|    learning_rate   | 0.0003   |
|    n_updates       | 794123   |
---------------------------------
---------------------------------
| rollout/           |          |
|    ep_len_mean     | 50.3     |
|    ep_rew_mean     | -12.7    |
|    success_rate    | 0.47     |
| time/              |          |
|    episodes        | 2880     |
|    fps             | 80       |
|    time_elapsed    | 2222     |
|    total_timesteps | 179336   |
| train/             |          |
|    actor_loss      | -134     |
|    critic_loss     | 106      |
|    ent_coef        | 0.001    |
|    learning_rate   | 0.0003   |
|    n_updates       | 794132   |
---------------------------------
---------------------------------
| rollout/           |          |
|    ep_len_mean     | 48.5     |
|    ep_rew_mean     | -12.4    |
|    success_rate    | 0.48     |
| time/              |          |
|    episodes        | 2884     |
|    fps             | 80       |
|    time_elapsed    | 2223     |
|    total_timesteps | 179380   |
| train/             |          |
|    actor_loss      | -135     |
|    critic_loss     | 163      |
|    ent_coef        | 0.001    |
|    learning_rate   | 0.0003   |
|    n_updates       | 794143   |
---------------------------------
---------------------------------
| rollout/           |          |
|    ep_len_mean     | 45.7     |
|    ep_rew_mean     | -12.1    |
|    success_rate    | 0.48     |
| time/              |          |
|    episodes        | 2888     |
|    fps             | 80       |
|    time_elapsed    | 2224     |
|    total_timesteps | 179504   |
| train/             |          |
|    actor_loss      | -137     |
|    critic_loss     | 74.8     |
|    ent_coef        | 0.001    |
|    learning_rate   | 0.0003   |
|    n_updates       | 794174   |
---------------------------------
---------------------------------
| rollout/           |          |
|    ep_len_mean     | 44.8     |
|    ep_rew_mean     | -11.9    |
|    success_rate    | 0.5      |
| time/              |          |
|    episodes        | 2892     |
|    fps             | 80       |
|    time_elapsed    | 2226     |
|    total_timesteps | 179672   |
| train/             |          |
|    actor_loss      | -137     |
|    critic_loss     | 183      |
|    ent_coef        | 0.001    |
|    learning_rate   | 0.0003   |
|    n_updates       | 794216   |
---------------------------------
Eval num_timesteps=180000, episode_reward=-16.26 +/- 36.64
Episode length: 65.18 +/- 69.52
Success rate: 64.00%
---------------------------------
| eval/              |          |
|    mean_ep_length  | 65.2     |
|    mean_reward     | -16.3    |
|    success_rate    | 0.64     |
| time/              |          |
|    total_timesteps | 180000   |
| train/             |          |
|    actor_loss      | -137     |
|    critic_loss     | 102      |
|    ent_coef        | 0.001    |
|    learning_rate   | 0.0003   |
|    n_updates       | 794298   |
---------------------------------
Eval num_timesteps=180000, episode_reward=4.24 +/- 9.01
Episode length: 44.76 +/- 69.96
Success rate: 74.00%
---------------------------------
| eval/              |          |
|    mean_ep_length  | 44.8     |
|    mean_reward     | 4.24     |
|    success_rate    | 0.74     |
| time/              |          |
|    total_timesteps | 180000   |
---------------------------------
New best mean reward!
[DenseSuccessCallback - descend] New best: 74.0% -> ./checkpoints/dense_refinement_20260423_235832/best_model_descend.zip
Eval num_timesteps=180000, episode_reward=-20.31 +/- 0.19
Episode length: 2.16 +/- 1.88
Success rate: 0.00%
---------------------------------
| eval/              |          |
|    mean_ep_length  | 2.16     |
|    mean_reward     | -20.3    |
|    success_rate    | 0        |
| time/              |          |
|    total_timesteps | 180000   |
---------------------------------
---------------------------------
| rollout/           |          |
|    ep_len_mean     | 45.7     |
|    ep_rew_mean     | -11.9    |
|    success_rate    | 0.49     |
| time/              |          |
|    episodes        | 2896     |
|    fps             | 79       |
|    time_elapsed    | 2256     |
|    total_timesteps | 180016   |
| train/             |          |
|    actor_loss      | -137     |
|    critic_loss     | 235      |
|    ent_coef        | 0.001    |
|    learning_rate   | 0.0003   |
|    n_updates       | 794302   |
---------------------------------
---------------------------------
| rollout/           |          |
|    ep_len_mean     | 46       |
|    ep_rew_mean     | -12.4    |
|    success_rate    | 0.49     |
| time/              |          |
|    episodes        | 2900     |
|    fps             | 79       |
|    time_elapsed    | 2259     |
|    total_timesteps | 180324   |
| train/             |          |
|    actor_loss      | -137     |
|    critic_loss     | 74.8     |
|    ent_coef        | 0.001    |
|    learning_rate   | 0.0003   |
|    n_updates       | 794379   |
---------------------------------
---------------------------------
| rollout/           |          |
|    ep_len_mean     | 47.9     |
|    ep_rew_mean     | -13.2    |
|    success_rate    | 0.49     |
| time/              |          |
|    episodes        | 2904     |
|    fps             | 79       |
|    time_elapsed    | 2263     |
|    total_timesteps | 180808   |
| train/             |          |
|    actor_loss      | -139     |
|    critic_loss     | 63.1     |
|    ent_coef        | 0.001    |
|    learning_rate   | 0.0003   |
|    n_updates       | 794500   |
---------------------------------
---------------------------------
| rollout/           |          |
|    ep_len_mean     | 46.5     |
|    ep_rew_mean     | -12.8    |
|    success_rate    | 0.49     |
| time/              |          |
|    episodes        | 2908     |
|    fps             | 79       |
|    time_elapsed    | 2264     |
|    total_timesteps | 180972   |
| train/             |          |
|    actor_loss      | -136     |
|    critic_loss     | 127      |
|    ent_coef        | 0.001    |
|    learning_rate   | 0.0003   |
|    n_updates       | 794541   |
---------------------------------
---------------------------------
| rollout/           |          |
|    ep_len_mean     | 47.3     |
|    ep_rew_mean     | -13.5    |
|    success_rate    | 0.46     |
| time/              |          |
|    episodes        | 2912     |
|    fps             | 79       |
|    time_elapsed    | 2265     |
|    total_timesteps | 181048   |
| train/             |          |
|    actor_loss      | -135     |
|    critic_loss     | 122      |
|    ent_coef        | 0.001    |
|    learning_rate   | 0.0003   |
|    n_updates       | 794560   |
---------------------------------
---------------------------------
| rollout/           |          |
|    ep_len_mean     | 49.2     |
|    ep_rew_mean     | -13.8    |
|    success_rate    | 0.47     |
| time/              |          |
|    episodes        | 2916     |
|    fps             | 79       |
|    time_elapsed    | 2267     |
|    total_timesteps | 181216   |
| train/             |          |
|    actor_loss      | -139     |
|    critic_loss     | 127      |
|    ent_coef        | 0.001    |
|    learning_rate   | 0.0003   |
|    n_updates       | 794602   |
---------------------------------
---------------------------------
| rollout/           |          |
|    ep_len_mean     | 48.1     |
|    ep_rew_mean     | -13.5    |
|    success_rate    | 0.47     |
| time/              |          |
|    episodes        | 2920     |
|    fps             | 79       |
|    time_elapsed    | 2268     |
|    total_timesteps | 181308   |
| train/             |          |
|    actor_loss      | -137     |
|    critic_loss     | 55.9     |
|    ent_coef        | 0.001    |
|    learning_rate   | 0.0003   |
|    n_updates       | 794625   |
---------------------------------
---------------------------------
| rollout/           |          |
|    ep_len_mean     | 48.2     |
|    ep_rew_mean     | -12.9    |
|    success_rate    | 0.49     |
| time/              |          |
|    episodes        | 2924     |
|    fps             | 79       |
|    time_elapsed    | 2268     |
|    total_timesteps | 181336   |
| train/             |          |
|    actor_loss      | -139     |
|    critic_loss     | 22.4     |
|    ent_coef        | 0.001    |
|    learning_rate   | 0.0003   |
|    n_updates       | 794632   |
---------------------------------
---------------------------------
| rollout/           |          |
|    ep_len_mean     | 48.5     |
|    ep_rew_mean     | -12.4    |
|    success_rate    | 0.5      |
| time/              |          |
|    episodes        | 2928     |
|    fps             | 79       |
|    time_elapsed    | 2272     |
|    total_timesteps | 181788   |
| train/             |          |
|    actor_loss      | -139     |
|    critic_loss     | 41.6     |
|    ent_coef        | 0.001    |
|    learning_rate   | 0.0003   |
|    n_updates       | 794745   |
---------------------------------
---------------------------------
| rollout/           |          |
|    ep_len_mean     | 48.6     |
|    ep_rew_mean     | -12.7    |
|    success_rate    | 0.49     |
| time/              |          |
|    episodes        | 2932     |
|    fps             | 80       |
|    time_elapsed    | 2274     |
|    total_timesteps | 182024   |
| train/             |          |
|    actor_loss      | -137     |
|    critic_loss     | 48.4     |
|    ent_coef        | 0.001    |
|    learning_rate   | 0.0003   |
|    n_updates       | 794804   |
---------------------------------
---------------------------------
| rollout/           |          |
|    ep_len_mean     | 46.9     |
|    ep_rew_mean     | -12.2    |
|    success_rate    | 0.5      |
| time/              |          |
|    episodes        | 2936     |
|    fps             | 80       |
|    time_elapsed    | 2275     |
|    total_timesteps | 182072   |
| train/             |          |
|    actor_loss      | -138     |
|    critic_loss     | 92.4     |
|    ent_coef        | 0.001    |
|    learning_rate   | 0.0003   |
|    n_updates       | 794816   |
---------------------------------
---------------------------------
| rollout/           |          |
|    ep_len_mean     | 50       |
|    ep_rew_mean     | -12.4    |
|    success_rate    | 0.49     |
| time/              |          |
|    episodes        | 2940     |
|    fps             | 80       |
|    time_elapsed    | 2279     |
|    total_timesteps | 182556   |
| train/             |          |
|    actor_loss      | -136     |
|    critic_loss     | 112      |
|    ent_coef        | 0.001    |
|    learning_rate   | 0.0003   |
|    n_updates       | 794937   |
---------------------------------
---------------------------------
| rollout/           |          |
|    ep_len_mean     | 53       |
|    ep_rew_mean     | -14.1    |
|    success_rate    | 0.46     |
| time/              |          |
|    episodes        | 2944     |
|    fps             | 80       |
|    time_elapsed    | 2280     |
|    total_timesteps | 182772   |
| train/             |          |
|    actor_loss      | -137     |
|    critic_loss     | 85.9     |
|    ent_coef        | 0.001    |
|    learning_rate   | 0.0003   |
|    n_updates       | 794991   |
---------------------------------
---------------------------------
| rollout/           |          |
|    ep_len_mean     | 53.1     |
|    ep_rew_mean     | -14.6    |
|    success_rate    | 0.45     |
| time/              |          |
|    episodes        | 2948     |
|    fps             | 80       |
|    time_elapsed    | 2282     |
|    total_timesteps | 182932   |
| train/             |          |
|    actor_loss      | -134     |
|    critic_loss     | 134      |
|    ent_coef        | 0.001    |
|    learning_rate   | 0.0003   |
|    n_updates       | 795031   |
---------------------------------
---------------------------------
| rollout/           |          |
|    ep_len_mean     | 52.8     |
|    ep_rew_mean     | -14.2    |
|    success_rate    | 0.47     |
| time/              |          |
|    episodes        | 2952     |
|    fps             | 80       |
|    time_elapsed    | 2284     |
|    total_timesteps | 183104   |
| train/             |          |
|    actor_loss      | -137     |
|    critic_loss     | 57.6     |
|    ent_coef        | 0.001    |
|    learning_rate   | 0.0003   |
|    n_updates       | 795074   |
---------------------------------
---------------------------------
| rollout/           |          |
|    ep_len_mean     | 50.8     |
|    ep_rew_mean     | -13.1    |
|    success_rate    | 0.49     |
| time/              |          |
|    episodes        | 2956     |
|    fps             | 80       |
|    time_elapsed    | 2285     |
|    total_timesteps | 183240   |
| train/             |          |
|    actor_loss      | -135     |
|    critic_loss     | 70.9     |
|    ent_coef        | 0.001    |
|    learning_rate   | 0.0003   |
|    n_updates       | 795108   |
---------------------------------
---------------------------------
| rollout/           |          |
|    ep_len_mean     | 53       |
|    ep_rew_mean     | -13.2    |
|    success_rate    | 0.48     |
| time/              |          |
|    episodes        | 2960     |
|    fps             | 80       |
|    time_elapsed    | 2289     |
|    total_timesteps | 183628   |
| train/             |          |
|    actor_loss      | -140     |
|    critic_loss     | 185      |
|    ent_coef        | 0.001    |
|    learning_rate   | 0.0003   |
|    n_updates       | 795205   |
---------------------------------
---------------------------------
| rollout/           |          |
|    ep_len_mean     | 46.2     |
|    ep_rew_mean     | -12.9    |
|    success_rate    | 0.49     |
| time/              |          |
|    episodes        | 2964     |
|    fps             | 80       |
|    time_elapsed    | 2290     |
|    total_timesteps | 183732   |
| train/             |          |
|    actor_loss      | -140     |
|    critic_loss     | 208      |
|    ent_coef        | 0.001    |
|    learning_rate   | 0.0003   |
|    n_updates       | 795231   |
---------------------------------
---------------------------------
| rollout/           |          |
|    ep_len_mean     | 46.5     |
|    ep_rew_mean     | -11.9    |
|    success_rate    | 0.52     |
| time/              |          |
|    episodes        | 2968     |
|    fps             | 80       |
|    time_elapsed    | 2291     |
|    total_timesteps | 183812   |
| train/             |          |
|    actor_loss      | -141     |
|    critic_loss     | 63.8     |
|    ent_coef        | 0.001    |
|    learning_rate   | 0.0003   |
|    n_updates       | 795251   |
---------------------------------
---------------------------------
| rollout/           |          |
|    ep_len_mean     | 46.9     |
|    ep_rew_mean     | -11.7    |
|    success_rate    | 0.52     |
| time/              |          |
|    episodes        | 2972     |
|    fps             | 80       |
|    time_elapsed    | 2293     |
|    total_timesteps | 184088   |
| train/             |          |
|    actor_loss      | -140     |
|    critic_loss     | 67.7     |
|    ent_coef        | 0.001    |
|    learning_rate   | 0.0003   |
|    n_updates       | 795320   |
---------------------------------
---------------------------------
| rollout/           |          |
|    ep_len_mean     | 48.8     |
|    ep_rew_mean     | -12.2    |
|    success_rate    | 0.51     |
| time/              |          |
|    episodes        | 2976     |
|    fps             | 80       |
|    time_elapsed    | 2295     |
|    total_timesteps | 184256   |
| train/             |          |
|    actor_loss      | -135     |
|    critic_loss     | 97.9     |
|    ent_coef        | 0.001    |
|    learning_rate   | 0.0003   |
|    n_updates       | 795362   |
---------------------------------
---------------------------------
| rollout/           |          |
|    ep_len_mean     | 48.9     |
|    ep_rew_mean     | -11.7    |
|    success_rate    | 0.53     |
| time/              |          |
|    episodes        | 2980     |
|    fps             | 80       |
|    time_elapsed    | 2296     |
|    total_timesteps | 184308   |
| train/             |          |
|    actor_loss      | -138     |
|    critic_loss     | 172      |
|    ent_coef        | 0.001    |
|    learning_rate   | 0.0003   |
|    n_updates       | 795375   |
---------------------------------
---------------------------------
| rollout/           |          |
|    ep_len_mean     | 48.9     |
|    ep_rew_mean     | -11.7    |
|    success_rate    | 0.53     |
| time/              |          |
|    episodes        | 2984     |
|    fps             | 80       |
|    time_elapsed    | 2297     |
|    total_timesteps | 184364   |
| train/             |          |
|    actor_loss      | -138     |
|    critic_loss     | 183      |
|    ent_coef        | 0.001    |
|    learning_rate   | 0.0003   |
|    n_updates       | 795389   |
---------------------------------
---------------------------------
| rollout/           |          |
|    ep_len_mean     | 48.7     |
|    ep_rew_mean     | -11.4    |
|    success_rate    | 0.54     |
| time/              |          |
|    episodes        | 2988     |
|    fps             | 80       |
|    time_elapsed    | 2299     |
|    total_timesteps | 184484   |
| train/             |          |
|    actor_loss      | -140     |
|    critic_loss     | 178      |
|    ent_coef        | 0.001    |
|    learning_rate   | 0.0003   |
|    n_updates       | 795419   |
---------------------------------
---------------------------------
| rollout/           |          |
|    ep_len_mean     | 50.6     |
|    ep_rew_mean     | -12.4    |
|    success_rate    | 0.52     |
| time/              |          |
|    episodes        | 2992     |
|    fps             | 80       |
|    time_elapsed    | 2300     |
|    total_timesteps | 184560   |
| train/             |          |
|    actor_loss      | -138     |
|    critic_loss     | 131      |
|    ent_coef        | 0.001    |
|    learning_rate   | 0.0003   |
|    n_updates       | 795438   |
---------------------------------
---------------------------------
| rollout/           |          |
|    ep_len_mean     | 46.9     |
|    ep_rew_mean     | -12.1    |
|    success_rate    | 0.52     |
| time/              |          |
|    episodes        | 2996     |
|    fps             | 80       |
|    time_elapsed    | 2301     |
|    total_timesteps | 184600   |
| train/             |          |
|    actor_loss      | -138     |
|    critic_loss     | 115      |
|    ent_coef        | 0.001    |
|    learning_rate   | 0.0003   |
|    n_updates       | 795448   |
---------------------------------
---------------------------------
| rollout/           |          |
|    ep_len_mean     | 45       |
|    ep_rew_mean     | -11.7    |
|    success_rate    | 0.52     |
| time/              |          |
|    episodes        | 3000     |
|    fps             | 80       |
|    time_elapsed    | 2301     |
|    total_timesteps | 184620   |
| train/             |          |
|    actor_loss      | -139     |
|    critic_loss     | 69.3     |
|    ent_coef        | 0.001    |
|    learning_rate   | 0.0003   |
|    n_updates       | 795453   |
---------------------------------
---------------------------------
| rollout/           |          |
|    ep_len_mean     | 41.7     |
|    ep_rew_mean     | -10.9    |
|    success_rate    | 0.52     |
| time/              |          |
|    episodes        | 3004     |
|    fps             | 80       |
|    time_elapsed    | 2302     |
|    total_timesteps | 184640   |
| train/             |          |
|    actor_loss      | -139     |
|    critic_loss     | 103      |
|    ent_coef        | 0.001    |
|    learning_rate   | 0.0003   |
|    n_updates       | 795458   |
---------------------------------
---------------------------------
| rollout/           |          |
|    ep_len_mean     | 39.7     |
|    ep_rew_mean     | -10.5    |
|    success_rate    | 0.53     |
| time/              |          |
|    episodes        | 3008     |
|    fps             | 80       |
|    time_elapsed    | 2302     |
|    total_timesteps | 184664   |
| train/             |          |
|    actor_loss      | -138     |
|    critic_loss     | 45.2     |
|    ent_coef        | 0.001    |
|    learning_rate   | 0.0003   |
|    n_updates       | 795464   |
---------------------------------
---------------------------------
| rollout/           |          |
|    ep_len_mean     | 37.8     |
|    ep_rew_mean     | -9.74    |
|    success_rate    | 0.55     |
| time/              |          |
|    episodes        | 3012     |
|    fps             | 80       |
|    time_elapsed    | 2303     |
|    total_timesteps | 184684   |
| train/             |          |
|    actor_loss      | -136     |
|    critic_loss     | 139      |
|    ent_coef        | 0.001    |
|    learning_rate   | 0.0003   |
|    n_updates       | 795469   |
---------------------------------
---------------------------------
| rollout/           |          |
|    ep_len_mean     | 35.8     |
|    ep_rew_mean     | -9.49    |
|    success_rate    | 0.54     |
| time/              |          |
|    episodes        | 3016     |
|    fps             | 80       |
|    time_elapsed    | 2304     |
|    total_timesteps | 184732   |
| train/             |          |
|    actor_loss      | -138     |
|    critic_loss     | 127      |
|    ent_coef        | 0.001    |
|    learning_rate   | 0.0003   |
|    n_updates       | 795481   |
---------------------------------
---------------------------------
| rollout/           |          |
|    ep_len_mean     | 35.8     |
|    ep_rew_mean     | -9.07    |
|    success_rate    | 0.56     |
| time/              |          |
|    episodes        | 3020     |
|    fps             | 80       |
|    time_elapsed    | 2305     |
|    total_timesteps | 184844   |
| train/             |          |
|    actor_loss      | -137     |
|    critic_loss     | 180      |
|    ent_coef        | 0.001    |
|    learning_rate   | 0.0003   |
|    n_updates       | 795509   |
---------------------------------
---------------------------------
| rollout/           |          |
|    ep_len_mean     | 35.9     |
|    ep_rew_mean     | -8.81    |
|    success_rate    | 0.57     |
| time/              |          |
|    episodes        | 3024     |
|    fps             | 80       |
|    time_elapsed    | 2306     |
|    total_timesteps | 184904   |
| train/             |          |
|    actor_loss      | -137     |
|    critic_loss     | 125      |
|    ent_coef        | 0.001    |
|    learning_rate   | 0.0003   |
|    n_updates       | 795524   |
---------------------------------
---------------------------------
| rollout/           |          |
|    ep_len_mean     | 33.7     |
|    ep_rew_mean     | -9.25    |
|    success_rate    | 0.55     |
| time/              |          |
|    episodes        | 3028     |
|    fps             | 80       |
|    time_elapsed    | 2306     |
|    total_timesteps | 184932   |
| train/             |          |
|    actor_loss      | -137     |
|    critic_loss     | 61.8     |
|    ent_coef        | 0.001    |
|    learning_rate   | 0.0003   |
|    n_updates       | 795531   |
---------------------------------
---------------------------------
| rollout/           |          |
|    ep_len_mean     | 33.8     |
|    ep_rew_mean     | -8.99    |
|    success_rate    | 0.55     |
| time/              |          |
|    episodes        | 3032     |
|    fps             | 80       |
|    time_elapsed    | 2310     |
|    total_timesteps | 185392   |
| train/             |          |
|    actor_loss      | -140     |
|    critic_loss     | 71.6     |
|    ent_coef        | 0.001    |
|    learning_rate   | 0.0003   |
|    n_updates       | 795646   |
---------------------------------
---------------------------------
| rollout/           |          |
|    ep_len_mean     | 37.1     |
|    ep_rew_mean     | -10.7    |
|    success_rate    | 0.52     |
| time/              |          |
|    episodes        | 3036     |
|    fps             | 80       |
|    time_elapsed    | 2312     |
|    total_timesteps | 185684   |
| train/             |          |
|    actor_loss      | -137     |
|    critic_loss     | 88.4     |
|    ent_coef        | 0.001    |
|    learning_rate   | 0.0003   |
|    n_updates       | 795719   |
---------------------------------
---------------------------------
| rollout/           |          |
|    ep_len_mean     | 33.3     |
|    ep_rew_mean     | -10.2    |
|    success_rate    | 0.53     |
| time/              |          |
|    episodes        | 3040     |
|    fps             | 80       |
|    time_elapsed    | 2314     |
|    total_timesteps | 185840   |
| train/             |          |
|    actor_loss      | -137     |
|    critic_loss     | 103      |
|    ent_coef        | 0.001    |
|    learning_rate   | 0.0003   |
|    n_updates       | 795758   |
---------------------------------
---------------------------------
| rollout/           |          |
|    ep_len_mean     | 30.4     |
|    ep_rew_mean     | -8.95    |
|    success_rate    | 0.55     |
| time/              |          |
|    episodes        | 3044     |
|    fps             | 80       |
|    time_elapsed    | 2315     |
|    total_timesteps | 185932   |
| train/             |          |
|    actor_loss      | -137     |
|    critic_loss     | 23.9     |
|    ent_coef        | 0.001    |
|    learning_rate   | 0.0003   |
|    n_updates       | 795781   |
---------------------------------
---------------------------------
| rollout/           |          |
|    ep_len_mean     | 29.5     |
|    ep_rew_mean     | -9.03    |
|    success_rate    | 0.53     |
| time/              |          |
|    episodes        | 3048     |
|    fps             | 80       |
|    time_elapsed    | 2316     |
|    total_timesteps | 185980   |
| train/             |          |
|    actor_loss      | -140     |
|    critic_loss     | 60.1     |
|    ent_coef        | 0.001    |
|    learning_rate   | 0.0003   |
|    n_updates       | 795793   |
---------------------------------
---------------------------------
| rollout/           |          |
|    ep_len_mean     | 30.1     |
|    ep_rew_mean     | -9.61    |
|    success_rate    | 0.53     |
| time/              |          |
|    episodes        | 3052     |
|    fps             | 80       |
|    time_elapsed    | 2318     |
|    total_timesteps | 186228   |
| train/             |          |
|    actor_loss      | -138     |
|    critic_loss     | 74.5     |
|    ent_coef        | 0.001    |
|    learning_rate   | 0.0003   |
|    n_updates       | 795855   |
---------------------------------
---------------------------------
| rollout/           |          |
|    ep_len_mean     | 33.3     |
|    ep_rew_mean     | -10.7    |
|    success_rate    | 0.5      |
| time/              |          |
|    episodes        | 3056     |
|    fps             | 80       |
|    time_elapsed    | 2321     |
|    total_timesteps | 186580   |
| train/             |          |
|    actor_loss      | -134     |
|    critic_loss     | 224      |
|    ent_coef        | 0.001    |
|    learning_rate   | 0.0003   |
|    n_updates       | 795943   |
---------------------------------
---------------------------------
| rollout/           |          |
|    ep_len_mean     | 31.5     |
|    ep_rew_mean     | -10.2    |
|    success_rate    | 0.51     |
| time/              |          |
|    episodes        | 3060     |
|    fps             | 80       |
|    time_elapsed    | 2323     |
|    total_timesteps | 186816   |
| train/             |          |
|    actor_loss      | -140     |
|    critic_loss     | 69.2     |
|    ent_coef        | 0.001    |
|    learning_rate   | 0.0003   |
|    n_updates       | 796002   |
---------------------------------
---------------------------------
| rollout/           |          |
|    ep_len_mean     | 33.2     |
|    ep_rew_mean     | -12.9    |
|    success_rate    | 0.53     |
| time/              |          |
|    episodes        | 3064     |
|    fps             | 80       |
|    time_elapsed    | 2325     |
|    total_timesteps | 186936   |
| train/             |          |
|    actor_loss      | -130     |
|    critic_loss     | 101      |
|    ent_coef        | 0.001    |
|    learning_rate   | 0.0003   |
|    n_updates       | 796032   |
---------------------------------
---------------------------------
| rollout/           |          |
|    ep_len_mean     | 33.1     |
|    ep_rew_mean     | -12.5    |
|    success_rate    | 0.53     |
| time/              |          |
|    episodes        | 3068     |
|    fps             | 80       |
|    time_elapsed    | 2326     |
|    total_timesteps | 187048   |
| train/             |          |
|    actor_loss      | -135     |
|    critic_loss     | 101      |
|    ent_coef        | 0.001    |
|    learning_rate   | 0.0003   |
|    n_updates       | 796060   |
---------------------------------
---------------------------------
| rollout/           |          |
|    ep_len_mean     | 31.5     |
|    ep_rew_mean     | -12.5    |
|    success_rate    | 0.53     |
| time/              |          |
|    episodes        | 3072     |
|    fps             | 80       |
|    time_elapsed    | 2327     |
|    total_timesteps | 187132   |
| train/             |          |
|    actor_loss      | -135     |
|    critic_loss     | 143      |
|    ent_coef        | 0.001    |
|    learning_rate   | 0.0003   |
|    n_updates       | 796081   |
---------------------------------
---------------------------------
| rollout/           |          |
|    ep_len_mean     | 29.3     |
|    ep_rew_mean     | -12.5    |
|    success_rate    | 0.52     |
| time/              |          |
|    episodes        | 3076     |
|    fps             | 80       |
|    time_elapsed    | 2328     |
|    total_timesteps | 187220   |
| train/             |          |
|    actor_loss      | -135     |
|    critic_loss     | 111      |
|    ent_coef        | 0.001    |
|    learning_rate   | 0.0003   |
|    n_updates       | 796103   |
---------------------------------
---------------------------------
| rollout/           |          |
|    ep_len_mean     | 30       |
|    ep_rew_mean     | -13.4    |
|    success_rate    | 0.5      |
| time/              |          |
|    episodes        | 3080     |
|    fps             | 80       |
|    time_elapsed    | 2330     |
|    total_timesteps | 187324   |
| train/             |          |
|    actor_loss      | -137     |
|    critic_loss     | 166      |
|    ent_coef        | 0.001    |
|    learning_rate   | 0.0003   |
|    n_updates       | 796129   |
---------------------------------
---------------------------------
| rollout/           |          |
|    ep_len_mean     | 32.7     |
|    ep_rew_mean     | -13.1    |
|    success_rate    | 0.52     |
| time/              |          |
|    episodes        | 3084     |
|    fps             | 80       |
|    time_elapsed    | 2331     |
|    total_timesteps | 187520   |
| train/             |          |
|    actor_loss      | -136     |
|    critic_loss     | 224      |
|    ent_coef        | 0.001    |
|    learning_rate   | 0.0003   |
|    n_updates       | 796178   |
---------------------------------
---------------------------------
| rollout/           |          |
|    ep_len_mean     | 35       |
|    ep_rew_mean     | -13.2    |
|    success_rate    | 0.52     |
| time/              |          |
|    episodes        | 3088     |
|    fps             | 80       |
|    time_elapsed    | 2335     |
|    total_timesteps | 187984   |
| train/             |          |
|    actor_loss      | -137     |
|    critic_loss     | 133      |
|    ent_coef        | 0.001    |
|    learning_rate   | 0.0003   |
|    n_updates       | 796294   |
---------------------------------
---------------------------------
| rollout/           |          |
|    ep_len_mean     | 35.7     |
|    ep_rew_mean     | -12.3    |
|    success_rate    | 0.52     |
| time/              |          |
|    episodes        | 3092     |
|    fps             | 80       |
|    time_elapsed    | 2338     |
|    total_timesteps | 188304   |
| train/             |          |
|    actor_loss      | -139     |
|    critic_loss     | 163      |
|    ent_coef        | 0.001    |
|    learning_rate   | 0.0003   |
|    n_updates       | 796374   |
---------------------------------
---------------------------------
| rollout/           |          |
|    ep_len_mean     | 35.6     |
|    ep_rew_mean     | -12.3    |
|    success_rate    | 0.52     |
| time/              |          |
|    episodes        | 3096     |
|    fps             | 80       |
|    time_elapsed    | 2339     |
|    total_timesteps | 188372   |
| train/             |          |
|    actor_loss      | -137     |
|    critic_loss     | 129      |
|    ent_coef        | 0.001    |
|    learning_rate   | 0.0003   |
|    n_updates       | 796391   |
---------------------------------
---------------------------------
| rollout/           |          |
|    ep_len_mean     | 38.8     |
|    ep_rew_mean     | -12.6    |
|    success_rate    | 0.51     |
| time/              |          |
|    episodes        | 3100     |
|    fps             | 80       |
|    time_elapsed    | 2341     |
|    total_timesteps | 188684   |
| train/             |          |
|    actor_loss      | -137     |
|    critic_loss     | 117      |
|    ent_coef        | 0.001    |
|    learning_rate   | 0.0003   |
|    n_updates       | 796469   |
---------------------------------
---------------------------------
| rollout/           |          |
|    ep_len_mean     | 38.4     |
|    ep_rew_mean     | -12.3    |
|    success_rate    | 0.52     |
| time/              |          |
|    episodes        | 3104     |
|    fps             | 80       |
|    time_elapsed    | 2342     |
|    total_timesteps | 188812   |
| train/             |          |
|    actor_loss      | -137     |
|    critic_loss     | 25       |
|    ent_coef        | 0.001    |
|    learning_rate   | 0.0003   |
|    n_updates       | 796501   |
---------------------------------
---------------------------------
| rollout/           |          |
|    ep_len_mean     | 40       |
|    ep_rew_mean     | -13.5    |
|    success_rate    | 0.5      |
| time/              |          |
|    episodes        | 3108     |
|    fps             | 80       |
|    time_elapsed    | 2344     |
|    total_timesteps | 188956   |
| train/             |          |
|    actor_loss      | -141     |
|    critic_loss     | 160      |
|    ent_coef        | 0.001    |
|    learning_rate   | 0.0003   |
|    n_updates       | 796537   |
---------------------------------
---------------------------------
| rollout/           |          |
|    ep_len_mean     | 43.5     |
|    ep_rew_mean     | -14      |
|    success_rate    | 0.5      |
| time/              |          |
|    episodes        | 3112     |
|    fps             | 80       |
|    time_elapsed    | 2346     |
|    total_timesteps | 189152   |
| train/             |          |
|    actor_loss      | -136     |
|    critic_loss     | 103      |
|    ent_coef        | 0.001    |
|    learning_rate   | 0.0003   |
|    n_updates       | 796586   |
---------------------------------
---------------------------------
| rollout/           |          |
|    ep_len_mean     | 44       |
|    ep_rew_mean     | -14.1    |
|    success_rate    | 0.5      |
| time/              |          |
|    episodes        | 3116     |
|    fps             | 80       |
|    time_elapsed    | 2346     |
|    total_timesteps | 189188   |
| train/             |          |
|    actor_loss      | -142     |
|    critic_loss     | 64.1     |
|    ent_coef        | 0.001    |
|    learning_rate   | 0.0003   |
|    n_updates       | 796595   |
---------------------------------
---------------------------------
| rollout/           |          |
|    ep_len_mean     | 43.8     |
|    ep_rew_mean     | -13.9    |
|    success_rate    | 0.5      |
| time/              |          |
|    episodes        | 3120     |
|    fps             | 80       |
|    time_elapsed    | 2347     |
|    total_timesteps | 189280   |
| train/             |          |
|    actor_loss      | -137     |
|    critic_loss     | 174      |
|    ent_coef        | 0.001    |
|    learning_rate   | 0.0003   |
|    n_updates       | 796618   |
---------------------------------
---------------------------------
| rollout/           |          |
|    ep_len_mean     | 44       |
|    ep_rew_mean     | -14      |
|    success_rate    | 0.5      |
| time/              |          |
|    episodes        | 3124     |
|    fps             | 80       |
|    time_elapsed    | 2348     |
|    total_timesteps | 189420   |
| train/             |          |
|    actor_loss      | -143     |
|    critic_loss     | 99.7     |
|    ent_coef        | 0.001    |
|    learning_rate   | 0.0003   |
|    n_updates       | 796653   |
---------------------------------
---------------------------------
| rollout/           |          |
|    ep_len_mean     | 43.9     |
|    ep_rew_mean     | -13.8    |
|    success_rate    | 0.5      |
| time/              |          |
|    episodes        | 3128     |
|    fps             | 80       |
|    time_elapsed    | 2349     |
|    total_timesteps | 189468   |
| train/             |          |
|    actor_loss      | -137     |
|    critic_loss     | 75.4     |
|    ent_coef        | 0.001    |
|    learning_rate   | 0.0003   |
|    n_updates       | 796665   |
---------------------------------
---------------------------------
| rollout/           |          |
|    ep_len_mean     | 44.4     |
|    ep_rew_mean     | -13.8    |
|    success_rate    | 0.5      |
| time/              |          |
|    episodes        | 3132     |
|    fps             | 80       |
|    time_elapsed    | 2351     |
|    total_timesteps | 189644   |
| train/             |          |
|    actor_loss      | -135     |
|    critic_loss     | 163      |
|    ent_coef        | 0.001    |
|    learning_rate   | 0.0003   |
|    n_updates       | 796709   |
---------------------------------
---------------------------------
| rollout/           |          |
|    ep_len_mean     | 39.9     |
|    ep_rew_mean     | -12.4    |
|    success_rate    | 0.53     |
| time/              |          |
|    episodes        | 3136     |
|    fps             | 80       |
|    time_elapsed    | 2352     |
|    total_timesteps | 189756   |
| train/             |          |
|    actor_loss      | -133     |
|    critic_loss     | 201      |
|    ent_coef        | 0.001    |
|    learning_rate   | 0.0003   |
|    n_updates       | 796737   |
---------------------------------
Eval num_timesteps=190000, episode_reward=-34.66 +/- 40.93
Episode length: 92.42 +/- 76.63
Success rate: 48.00%
---------------------------------
| eval/              |          |
|    mean_ep_length  | 92.4     |
|    mean_reward     | -34.7    |
|    success_rate    | 0.48     |
| time/              |          |
|    total_timesteps | 190000   |
| train/             |          |
|    actor_loss      | -139     |
|    critic_loss     | 129      |
|    ent_coef        | 0.001    |
|    learning_rate   | 0.0003   |
|    n_updates       | 796798   |
---------------------------------
Eval num_timesteps=190000, episode_reward=-3.05 +/- 12.01
Episode length: 67.04 +/- 81.04
Success rate: 44.00%
---------------------------------
| eval/              |          |
|    mean_ep_length  | 67       |
|    mean_reward     | -3.05    |
|    success_rate    | 0.44     |
| time/              |          |
|    total_timesteps | 190000   |
---------------------------------
Eval num_timesteps=190000, episode_reward=-20.33 +/- 0.17
Episode length: 2.10 +/- 1.66
Success rate: 0.00%
---------------------------------
| eval/              |          |
|    mean_ep_length  | 2.1      |
|    mean_reward     | -20.3    |
|    success_rate    | 0        |
| time/              |          |
|    total_timesteps | 190000   |
---------------------------------
---------------------------------
| rollout/           |          |
|    ep_len_mean     | 43.6     |
|    ep_rew_mean     | -13.8    |
|    success_rate    | 0.52     |
| time/              |          |
|    episodes        | 3140     |
|    fps             | 79       |
|    time_elapsed    | 2389     |
|    total_timesteps | 190288   |
| train/             |          |
|    actor_loss      | -140     |
|    critic_loss     | 103      |
|    ent_coef        | 0.001    |
|    learning_rate   | 0.0003   |
|    n_updates       | 796870   |
---------------------------------
---------------------------------
| rollout/           |          |
|    ep_len_mean     | 44.8     |
|    ep_rew_mean     | -14.7    |
|    success_rate    | 0.5      |
| time/              |          |
|    episodes        | 3144     |
|    fps             | 79       |
|    time_elapsed    | 2391     |
|    total_timesteps | 190436   |
| train/             |          |
|    actor_loss      | -136     |
|    critic_loss     | 72.1     |
|    ent_coef        | 0.001    |
|    learning_rate   | 0.0003   |
|    n_updates       | 796907   |
---------------------------------
---------------------------------
| rollout/           |          |
|    ep_len_mean     | 47       |
|    ep_rew_mean     | -14.6    |
|    success_rate    | 0.51     |
| time/              |          |
|    episodes        | 3148     |
|    fps             | 79       |
|    time_elapsed    | 2392     |
|    total_timesteps | 190516   |
| train/             |          |
|    actor_loss      | -138     |
|    critic_loss     | 127      |
|    ent_coef        | 0.001    |
|    learning_rate   | 0.0003   |
|    n_updates       | 796927   |
---------------------------------
---------------------------------
| rollout/           |          |
|    ep_len_mean     | 45       |
|    ep_rew_mean     | -14.1    |
|    success_rate    | 0.51     |
| time/              |          |
|    episodes        | 3152     |
|    fps             | 79       |
|    time_elapsed    | 2392     |
|    total_timesteps | 190556   |
| train/             |          |
|    actor_loss      | -139     |
|    critic_loss     | 43.1     |
|    ent_coef        | 0.001    |
|    learning_rate   | 0.0003   |
|    n_updates       | 796937   |
---------------------------------
---------------------------------
| rollout/           |          |
|    ep_len_mean     | 42       |
|    ep_rew_mean     | -13.5    |
|    success_rate    | 0.53     |
| time/              |          |
|    episodes        | 3156     |
|    fps             | 79       |
|    time_elapsed    | 2394     |
|    total_timesteps | 190728   |
| train/             |          |
|    actor_loss      | -140     |
|    critic_loss     | 92.4     |
|    ent_coef        | 0.001    |
|    learning_rate   | 0.0003   |
|    n_updates       | 796980   |
---------------------------------
---------------------------------
| rollout/           |          |
|    ep_len_mean     | 41.9     |
|    ep_rew_mean     | -13.1    |
|    success_rate    | 0.53     |
| time/              |          |
|    episodes        | 3160     |
|    fps             | 79       |
|    time_elapsed    | 2395     |
|    total_timesteps | 190868   |
| train/             |          |
|    actor_loss      | -136     |
|    critic_loss     | 53       |
|    ent_coef        | 0.001    |
|    learning_rate   | 0.0003   |
|    n_updates       | 797015   |
---------------------------------
---------------------------------
| rollout/           |          |
|    ep_len_mean     | 40       |
|    ep_rew_mean     | -10.6    |
|    success_rate    | 0.5      |
| time/              |          |
|    episodes        | 3164     |
|    fps             | 79       |
|    time_elapsed    | 2396     |
|    total_timesteps | 190900   |
| train/             |          |
|    actor_loss      | -135     |
|    critic_loss     | 87.5     |
|    ent_coef        | 0.001    |
|    learning_rate   | 0.0003   |
|    n_updates       | 797023   |
---------------------------------
---------------------------------
| rollout/           |          |
|    ep_len_mean     | 41.7     |
|    ep_rew_mean     | -12      |
|    success_rate    | 0.48     |
| time/              |          |
|    episodes        | 3168     |
|    fps             | 79       |
|    time_elapsed    | 2400     |
|    total_timesteps | 191368   |
| train/             |          |
|    actor_loss      | -139     |
|    critic_loss     | 138      |
|    ent_coef        | 0.001    |
|    learning_rate   | 0.0003   |
|    n_updates       | 797140   |
---------------------------------
---------------------------------
| rollout/           |          |
|    ep_len_mean     | 42.6     |
|    ep_rew_mean     | -13      |
|    success_rate    | 0.46     |
| time/              |          |
|    episodes        | 3172     |
|    fps             | 79       |
|    time_elapsed    | 2402     |
|    total_timesteps | 191556   |
| train/             |          |
|    actor_loss      | -136     |
|    critic_loss     | 172      |
|    ent_coef        | 0.001    |
|    learning_rate   | 0.0003   |
|    n_updates       | 797187   |
---------------------------------
---------------------------------
| rollout/           |          |
|    ep_len_mean     | 45.2     |
|    ep_rew_mean     | -12.8    |
|    success_rate    | 0.48     |
| time/              |          |
|    episodes        | 3176     |
|    fps             | 79       |
|    time_elapsed    | 2403     |
|    total_timesteps | 191740   |
| train/             |          |
|    actor_loss      | -140     |
|    critic_loss     | 97.1     |
|    ent_coef        | 0.001    |
|    learning_rate   | 0.0003   |
|    n_updates       | 797233   |
---------------------------------
---------------------------------
| rollout/           |          |
|    ep_len_mean     | 46.1     |
|    ep_rew_mean     | -12.7    |
|    success_rate    | 0.47     |
| time/              |          |
|    episodes        | 3180     |
|    fps             | 79       |
|    time_elapsed    | 2405     |
|    total_timesteps | 191944   |
| train/             |          |
|    actor_loss      | -138     |
|    critic_loss     | 133      |
|    ent_coef        | 0.001    |
|    learning_rate   | 0.0003   |
|    n_updates       | 797284   |
---------------------------------
---------------------------------
| rollout/           |          |
|    ep_len_mean     | 46.1     |
|    ep_rew_mean     | -14.3    |
|    success_rate    | 0.45     |
| time/              |          |
|    episodes        | 3184     |
|    fps             | 79       |
|    time_elapsed    | 2408     |
|    total_timesteps | 192300   |
| train/             |          |
|    actor_loss      | -140     |
|    critic_loss     | 53       |
|    ent_coef        | 0.001    |
|    learning_rate   | 0.0003   |
|    n_updates       | 797373   |
---------------------------------
---------------------------------
| rollout/           |          |
|    ep_len_mean     | 48.7     |
|    ep_rew_mean     | -15.1    |
|    success_rate    | 0.44     |
| time/              |          |
|    episodes        | 3188     |
|    fps             | 79       |
|    time_elapsed    | 2412     |
|    total_timesteps | 192776   |
| train/             |          |
|    actor_loss      | -139     |
|    critic_loss     | 93       |
|    ent_coef        | 0.001    |
|    learning_rate   | 0.0003   |
|    n_updates       | 797492   |
---------------------------------
---------------------------------
| rollout/           |          |
|    ep_len_mean     | 48.4     |
|    ep_rew_mean     | -16.3    |
|    success_rate    | 0.44     |
| time/              |          |
|    episodes        | 3192     |
|    fps             | 79       |
|    time_elapsed    | 2415     |
|    total_timesteps | 193176   |
| train/             |          |
|    actor_loss      | -139     |
|    critic_loss     | 81.8     |
|    ent_coef        | 0.001    |
|    learning_rate   | 0.0003   |
|    n_updates       | 797592   |
---------------------------------
---------------------------------
| rollout/           |          |
|    ep_len_mean     | 51.7     |
|    ep_rew_mean     | -17.1    |
|    success_rate    | 0.42     |
| time/              |          |
|    episodes        | 3196     |
|    fps             | 80       |
|    time_elapsed    | 2418     |
|    total_timesteps | 193484   |
| train/             |          |
|    actor_loss      | -136     |
|    critic_loss     | 48.4     |
|    ent_coef        | 0.001    |
|    learning_rate   | 0.0003   |
|    n_updates       | 797669   |
---------------------------------
---------------------------------
| rollout/           |          |
|    ep_len_mean     | 50       |
|    ep_rew_mean     | -17      |
|    success_rate    | 0.44     |
| time/              |          |
|    episodes        | 3200     |
|    fps             | 80       |
|    time_elapsed    | 2420     |
|    total_timesteps | 193740   |
| train/             |          |
|    actor_loss      | -140     |
|    critic_loss     | 181      |
|    ent_coef        | 0.001    |
|    learning_rate   | 0.0003   |
|    n_updates       | 797733   |
---------------------------------
---------------------------------
| rollout/           |          |
|    ep_len_mean     | 51.5     |
|    ep_rew_mean     | -18.8    |
|    success_rate    | 0.41     |
| time/              |          |
|    episodes        | 3204     |
|    fps             | 80       |
|    time_elapsed    | 2422     |
|    total_timesteps | 193900   |
| train/             |          |
|    actor_loss      | -139     |
|    critic_loss     | 97.6     |
|    ent_coef        | 0.001    |
|    learning_rate   | 0.0003   |
|    n_updates       | 797773   |
---------------------------------
---------------------------------
| rollout/           |          |
|    ep_len_mean     | 53.4     |
|    ep_rew_mean     | -18.2    |
|    success_rate    | 0.43     |
| time/              |          |
|    episodes        | 3208     |
|    fps             | 80       |
|    time_elapsed    | 2424     |
|    total_timesteps | 194236   |
| train/             |          |
|    actor_loss      | -135     |
|    critic_loss     | 35.1     |
|    ent_coef        | 0.001    |
|    learning_rate   | 0.0003   |
|    n_updates       | 797857   |
---------------------------------
---------------------------------
| rollout/           |          |
|    ep_len_mean     | 50.2     |
|    ep_rew_mean     | -18      |
|    success_rate    | 0.42     |
| time/              |          |
|    episodes        | 3212     |
|    fps             | 80       |
|    time_elapsed    | 2426     |
|    total_timesteps | 194348   |
| train/             |          |
|    actor_loss      | -138     |
|    critic_loss     | 58.5     |
|    ent_coef        | 0.001    |
|    learning_rate   | 0.0003   |
|    n_updates       | 797885   |
---------------------------------
---------------------------------
| rollout/           |          |
|    ep_len_mean     | 51.2     |
|    ep_rew_mean     | -18.4    |
|    success_rate    | 0.4      |
| time/              |          |
|    episodes        | 3216     |
|    fps             | 80       |
|    time_elapsed    | 2427     |
|    total_timesteps | 194440   |
| train/             |          |
|    actor_loss      | -136     |
|    critic_loss     | 115      |
|    ent_coef        | 0.001    |
|    learning_rate   | 0.0003   |
|    n_updates       | 797908   |
---------------------------------
---------------------------------
| rollout/           |          |
|    ep_len_mean     | 54.1     |
|    ep_rew_mean     | -21.7    |
|    success_rate    | 0.37     |
| time/              |          |
|    episodes        | 3220     |
|    fps             | 80       |
|    time_elapsed    | 2429     |
|    total_timesteps | 194776   |
| train/             |          |
|    actor_loss      | -140     |
|    critic_loss     | 155      |
|    ent_coef        | 0.001    |
|    learning_rate   | 0.0003   |
|    n_updates       | 797992   |
---------------------------------
---------------------------------
| rollout/           |          |
|    ep_len_mean     | 55.9     |
|    ep_rew_mean     | -21.4    |
|    success_rate    | 0.38     |
| time/              |          |
|    episodes        | 3224     |
|    fps             | 80       |
|    time_elapsed    | 2433     |
|    total_timesteps | 195180   |
| train/             |          |
|    actor_loss      | -139     |
|    critic_loss     | 114      |
|    ent_coef        | 0.001    |
|    learning_rate   | 0.0003   |
|    n_updates       | 798093   |
---------------------------------
---------------------------------
| rollout/           |          |
|    ep_len_mean     | 59.6     |
|    ep_rew_mean     | -22.6    |
|    success_rate    | 0.38     |
| time/              |          |
|    episodes        | 3228     |
|    fps             | 80       |
|    time_elapsed    | 2435     |
|    total_timesteps | 195420   |
| train/             |          |
|    actor_loss      | -139     |
|    critic_loss     | 71.2     |
|    ent_coef        | 0.001    |
|    learning_rate   | 0.0003   |
|    n_updates       | 798153   |
---------------------------------
---------------------------------
| rollout/           |          |
|    ep_len_mean     | 57.4     |
|    ep_rew_mean     | -22.5    |
|    success_rate    | 0.38     |
| time/              |          |
|    episodes        | 3232     |
|    fps             | 80       |
|    time_elapsed    | 2436     |
|    total_timesteps | 195584   |
| train/             |          |
|    actor_loss      | -138     |
|    critic_loss     | 37.9     |
|    ent_coef        | 0.001    |
|    learning_rate   | 0.0003   |
|    n_updates       | 798194   |
---------------------------------
---------------------------------
| rollout/           |          |
|    ep_len_mean     | 60.3     |
|    ep_rew_mean     | -23.8    |
|    success_rate    | 0.36     |
| time/              |          |
|    episodes        | 3236     |
|    fps             | 80       |
|    time_elapsed    | 2439     |
|    total_timesteps | 195920   |
| train/             |          |
|    actor_loss      | -138     |
|    critic_loss     | 122      |
|    ent_coef        | 0.001    |
|    learning_rate   | 0.0003   |
|    n_updates       | 798278   |
---------------------------------
---------------------------------
| rollout/           |          |
|    ep_len_mean     | 58.3     |
|    ep_rew_mean     | -23.9    |
|    success_rate    | 0.36     |
| time/              |          |
|    episodes        | 3240     |
|    fps             | 80       |
|    time_elapsed    | 2441     |
|    total_timesteps | 196104   |
| train/             |          |
|    actor_loss      | -139     |
|    critic_loss     | 122      |
|    ent_coef        | 0.001    |
|    learning_rate   | 0.0003   |
|    n_updates       | 798324   |
---------------------------------
---------------------------------
| rollout/           |          |
|    ep_len_mean     | 60.1     |
|    ep_rew_mean     | -25.1    |
|    success_rate    | 0.36     |
| time/              |          |
|    episodes        | 3244     |
|    fps             | 80       |
|    time_elapsed    | 2443     |
|    total_timesteps | 196368   |
| train/             |          |
|    actor_loss      | -142     |
|    critic_loss     | 156      |
|    ent_coef        | 0.001    |
|    learning_rate   | 0.0003   |
|    n_updates       | 798390   |
---------------------------------
---------------------------------
| rollout/           |          |
|    ep_len_mean     | 61       |
|    ep_rew_mean     | -25.2    |
|    success_rate    | 0.36     |
| time/              |          |
|    episodes        | 3248     |
|    fps             | 80       |
|    time_elapsed    | 2446     |
|    total_timesteps | 196768   |
| train/             |          |
|    actor_loss      | -136     |
|    critic_loss     | 111      |
|    ent_coef        | 0.001    |
|    learning_rate   | 0.0003   |
|    n_updates       | 798490   |
---------------------------------
---------------------------------
| rollout/           |          |
|    ep_len_mean     | 62.9     |
|    ep_rew_mean     | -25.9    |
|    success_rate    | 0.35     |
| time/              |          |
|    episodes        | 3252     |
|    fps             | 80       |
|    time_elapsed    | 2448     |
|    total_timesteps | 197000   |
| train/             |          |
|    actor_loss      | -142     |
|    critic_loss     | 81.1     |
|    ent_coef        | 0.001    |
|    learning_rate   | 0.0003   |
|    n_updates       | 798548   |
---------------------------------
---------------------------------
| rollout/           |          |
|    ep_len_mean     | 67.8     |
|    ep_rew_mean     | -31.2    |
|    success_rate    | 0.32     |
| time/              |          |
|    episodes        | 3256     |
|    fps             | 80       |
|    time_elapsed    | 2452     |
|    total_timesteps | 197512   |
| train/             |          |
|    actor_loss      | -146     |
|    critic_loss     | 87.6     |
|    ent_coef        | 0.001    |
|    learning_rate   | 0.0003   |
|    n_updates       | 798676   |
---------------------------------
---------------------------------
| rollout/           |          |
|    ep_len_mean     | 67.8     |
|    ep_rew_mean     | -31.6    |
|    success_rate    | 0.32     |
| time/              |          |
|    episodes        | 3260     |
|    fps             | 80       |
|    time_elapsed    | 2454     |
|    total_timesteps | 197700   |
| train/             |          |
|    actor_loss      | -142     |
|    critic_loss     | 209      |
|    ent_coef        | 0.001    |
|    learning_rate   | 0.0003   |
|    n_updates       | 798723   |
---------------------------------
---------------------------------
| rollout/           |          |
|    ep_len_mean     | 70.2     |
|    ep_rew_mean     | -30.8    |
|    success_rate    | 0.35     |
| time/              |          |
|    episodes        | 3264     |
|    fps             | 80       |
|    time_elapsed    | 2457     |
|    total_timesteps | 198104   |
| train/             |          |
|    actor_loss      | -141     |
|    critic_loss     | 86.6     |
|    ent_coef        | 0.001    |
|    learning_rate   | 0.0003   |
|    n_updates       | 798824   |
---------------------------------
---------------------------------
| rollout/           |          |
|    ep_len_mean     | 68.6     |
|    ep_rew_mean     | -30.4    |
|    success_rate    | 0.35     |
| time/              |          |
|    episodes        | 3268     |
|    fps             | 80       |
|    time_elapsed    | 2459     |
|    total_timesteps | 198252   |
| train/             |          |
|    actor_loss      | -137     |
|    critic_loss     | 77.5     |
|    ent_coef        | 0.001    |
|    learning_rate   | 0.0003   |
|    n_updates       | 798861   |
---------------------------------
---------------------------------
| rollout/           |          |
|    ep_len_mean     | 72.1     |
|    ep_rew_mean     | -30.7    |
|    success_rate    | 0.35     |
| time/              |          |
|    episodes        | 3272     |
|    fps             | 80       |
|    time_elapsed    | 2464     |
|    total_timesteps | 198952   |
| train/             |          |
|    actor_loss      | -140     |
|    critic_loss     | 77.2     |
|    ent_coef        | 0.001    |
|    learning_rate   | 0.0003   |
|    n_updates       | 799036   |
---------------------------------
---------------------------------
| rollout/           |          |
|    ep_len_mean     | 72.8     |
|    ep_rew_mean     | -31.2    |
|    success_rate    | 0.32     |
| time/              |          |
|    episodes        | 3276     |
|    fps             | 80       |
|    time_elapsed    | 2465     |
|    total_timesteps | 198996   |
| train/             |          |
|    actor_loss      | -141     |
|    critic_loss     | 157      |
|    ent_coef        | 0.001    |
|    learning_rate   | 0.0003   |
|    n_updates       | 799047   |
---------------------------------
---------------------------------
| rollout/           |          |
|    ep_len_mean     | 71.3     |
|    ep_rew_mean     | -31      |
|    success_rate    | 0.33     |
| time/              |          |
|    episodes        | 3280     |
|    fps             | 80       |
|    time_elapsed    | 2466     |
|    total_timesteps | 199092   |
| train/             |          |
|    actor_loss      | -136     |
|    critic_loss     | 140      |
|    ent_coef        | 0.001    |
|    learning_rate   | 0.0003   |
|    n_updates       | 799071   |
---------------------------------
---------------------------------
| rollout/           |          |
|    ep_len_mean     | 68.6     |
|    ep_rew_mean     | -29.2    |
|    success_rate    | 0.33     |
| time/              |          |
|    episodes        | 3284     |
|    fps             | 80       |
|    time_elapsed    | 2467     |
|    total_timesteps | 199120   |
| train/             |          |
|    actor_loss      | -140     |
|    critic_loss     | 129      |
|    ent_coef        | 0.001    |
|    learning_rate   | 0.0003   |
|    n_updates       | 799078   |
---------------------------------
---------------------------------
| rollout/           |          |
|    ep_len_mean     | 65.6     |
|    ep_rew_mean     | -29      |
|    success_rate    | 0.34     |
| time/              |          |
|    episodes        | 3288     |
|    fps             | 80       |
|    time_elapsed    | 2469     |
|    total_timesteps | 199376   |
| train/             |          |
|    actor_loss      | -139     |
|    critic_loss     | 200      |
|    ent_coef        | 0.001    |
|    learning_rate   | 0.0003   |
|    n_updates       | 799142   |
---------------------------------
---------------------------------
| rollout/           |          |
|    ep_len_mean     | 64.2     |
|    ep_rew_mean     | -28.6    |
|    success_rate    | 0.32     |
| time/              |          |
|    episodes        | 3292     |
|    fps             | 80       |
|    time_elapsed    | 2471     |
|    total_timesteps | 199660   |
| train/             |          |
|    actor_loss      | -138     |
|    critic_loss     | 59.2     |
|    ent_coef        | 0.001    |
|    learning_rate   | 0.0003   |
|    n_updates       | 799213   |
---------------------------------
---------------------------------
| rollout/           |          |
|    ep_len_mean     | 65.4     |
|    ep_rew_mean     | -28.2    |
|    success_rate    | 0.34     |
| time/              |          |
|    episodes        | 3296     |
|    fps             | 80       |
|    time_elapsed    | 2474     |
|    total_timesteps | 199988   |
| train/             |          |
|    actor_loss      | -138     |
|    critic_loss     | 158      |
|    ent_coef        | 0.001    |
|    learning_rate   | 0.0003   |
|    n_updates       | 799295   |
---------------------------------
Eval num_timesteps=200000, episode_reward=-44.41 +/- 44.28
Episode length: 126.44 +/- 71.62
Success rate: 26.00%
---------------------------------
| eval/              |          |
|    mean_ep_length  | 126      |
|    mean_reward     | -44.4    |
|    success_rate    | 0.26     |
| time/              |          |
|    total_timesteps | 200000   |
| train/             |          |
|    actor_loss      | -137     |
|    critic_loss     | 57.3     |
|    ent_coef        | 0.001    |
|    learning_rate   | 0.0003   |
|    n_updates       | 799298   |
---------------------------------
Eval num_timesteps=200000, episode_reward=-15.95 +/- 8.44
Episode length: 53.20 +/- 76.70
Success rate: 8.00%
---------------------------------
| eval/              |          |
|    mean_ep_length  | 53.2     |
|    mean_reward     | -15.9    |
|    success_rate    | 0.08     |
| time/              |          |
|    total_timesteps | 200000   |
---------------------------------
Eval num_timesteps=200000, episode_reward=-20.23 +/- 0.11
Episode length: 1.26 +/- 0.44
Success rate: 0.00%
---------------------------------
| eval/              |          |
|    mean_ep_length  | 1.26     |
|    mean_reward     | -20.2    |
|    success_rate    | 0        |
| time/              |          |
|    total_timesteps | 200000   |
---------------------------------
---------------------------------
| rollout/           |          |
|    ep_len_mean     | 64.1     |
|    ep_rew_mean     | -28      |
|    success_rate    | 0.33     |
| time/              |          |
|    episodes        | 3300     |
|    fps             | 79       |
|    time_elapsed    | 2509     |
|    total_timesteps | 200012   |
| train/             |          |
|    actor_loss      | -138     |
|    critic_loss     | 40.5     |
|    ent_coef        | 0.001    |
|    learning_rate   | 0.0003   |
|    n_updates       | 799301   |
---------------------------------
---------------------------------
| rollout/           |          |
|    ep_len_mean     | 66.3     |
|    ep_rew_mean     | -28.7    |
|    success_rate    | 0.34     |
| time/              |          |
|    episodes        | 3304     |
|    fps             | 79       |
|    time_elapsed    | 2514     |
|    total_timesteps | 200644   |
| train/             |          |
|    actor_loss      | -140     |
|    critic_loss     | 104      |
|    ent_coef        | 0.001    |
|    learning_rate   | 0.0003   |
|    n_updates       | 799459   |
---------------------------------
---------------------------------
| rollout/           |          |
|    ep_len_mean     | 64.5     |
|    ep_rew_mean     | -28.7    |
|    success_rate    | 0.32     |
| time/              |          |
|    episodes        | 3308     |
|    fps             | 79       |
|    time_elapsed    | 2515     |
|    total_timesteps | 200732   |
| train/             |          |
|    actor_loss      | -136     |
|    critic_loss     | 104      |
|    ent_coef        | 0.001    |
|    learning_rate   | 0.0003   |
|    n_updates       | 799481   |
---------------------------------
---------------------------------
| rollout/           |          |
|    ep_len_mean     | 66.4     |
|    ep_rew_mean     | -28.9    |
|    success_rate    | 0.32     |
| time/              |          |
|    episodes        | 3312     |
|    fps             | 79       |
|    time_elapsed    | 2516     |
|    total_timesteps | 200864   |
| train/             |          |
|    actor_loss      | -133     |
|    critic_loss     | 106      |
|    ent_coef        | 0.001    |
|    learning_rate   | 0.0003   |
|    n_updates       | 799514   |
---------------------------------
---------------------------------
| rollout/           |          |
|    ep_len_mean     | 66.5     |
|    ep_rew_mean     | -29.3    |
|    success_rate    | 0.31     |
| time/              |          |
|    episodes        | 3316     |
|    fps             | 79       |
|    time_elapsed    | 2517     |
|    total_timesteps | 200916   |
| train/             |          |
|    actor_loss      | -136     |
|    critic_loss     | 111      |
|    ent_coef        | 0.001    |
|    learning_rate   | 0.0003   |
|    n_updates       | 799527   |
---------------------------------
---------------------------------
| rollout/           |          |
|    ep_len_mean     | 63.2     |
|    ep_rew_mean     | -26.2    |
|    success_rate    | 0.33     |
| time/              |          |
|    episodes        | 3320     |
|    fps             | 79       |
|    time_elapsed    | 2518     |
|    total_timesteps | 201088   |
| train/             |          |
|    actor_loss      | -139     |
|    critic_loss     | 68.2     |
|    ent_coef        | 0.001    |
|    learning_rate   | 0.0003   |
|    n_updates       | 799570   |
---------------------------------
---------------------------------
| rollout/           |          |
|    ep_len_mean     | 63       |
|    ep_rew_mean     | -26.9    |
|    success_rate    | 0.31     |
| time/              |          |
|    episodes        | 3324     |
|    fps             | 79       |
|    time_elapsed    | 2522     |
|    total_timesteps | 201504   |
| train/             |          |
|    actor_loss      | -137     |
|    critic_loss     | 125      |
|    ent_coef        | 0.001    |
|    learning_rate   | 0.0003   |
|    n_updates       | 799674   |
---------------------------------
---------------------------------
| rollout/           |          |
|    ep_len_mean     | 61.8     |
|    ep_rew_mean     | -26      |
|    success_rate    | 0.32     |
| time/              |          |
|    episodes        | 3328     |
|    fps             | 79       |
|    time_elapsed    | 2522     |
|    total_timesteps | 201560   |
| train/             |          |
|    actor_loss      | -140     |
|    critic_loss     | 146      |
|    ent_coef        | 0.001    |
|    learning_rate   | 0.0003   |
|    n_updates       | 799688   |
---------------------------------
---------------------------------
| rollout/           |          |
|    ep_len_mean     | 63.7     |
|    ep_rew_mean     | -26.2    |
|    success_rate    | 0.32     |
| time/              |          |
|    episodes        | 3332     |
|    fps             | 79       |
|    time_elapsed    | 2523     |
|    total_timesteps | 201660   |
| train/             |          |
|    actor_loss      | -137     |
|    critic_loss     | 252      |
|    ent_coef        | 0.001    |
|    learning_rate   | 0.0003   |
|    n_updates       | 799713   |
---------------------------------
---------------------------------
| rollout/           |          |
|    ep_len_mean     | 62.4     |
|    ep_rew_mean     | -25.2    |
|    success_rate    | 0.33     |
| time/              |          |
|    episodes        | 3336     |
|    fps             | 79       |
|    time_elapsed    | 2528     |
|    total_timesteps | 202204   |
| train/             |          |
|    actor_loss      | -134     |
|    critic_loss     | 114      |
|    ent_coef        | 0.001    |
|    learning_rate   | 0.0003   |
|    n_updates       | 799849   |
---------------------------------
---------------------------------
| rollout/           |          |
|    ep_len_mean     | 62.1     |
|    ep_rew_mean     | -23.6    |
|    success_rate    | 0.34     |
| time/              |          |
|    episodes        | 3340     |
|    fps             | 80       |
|    time_elapsed    | 2530     |
|    total_timesteps | 202424   |
| train/             |          |
|    actor_loss      | -139     |
|    critic_loss     | 202      |
|    ent_coef        | 0.001    |
|    learning_rate   | 0.0003   |
|    n_updates       | 799904   |
---------------------------------
---------------------------------
| rollout/           |          |
|    ep_len_mean     | 62       |
|    ep_rew_mean     | -22.5    |
|    success_rate    | 0.33     |
| time/              |          |
|    episodes        | 3344     |
|    fps             | 79       |
|    time_elapsed    | 2530     |
|    total_timesteps | 202448   |
| train/             |          |
|    actor_loss      | -136     |
|    critic_loss     | 85.3     |
|    ent_coef        | 0.001    |
|    learning_rate   | 0.0003   |
|    n_updates       | 799910   |
---------------------------------
---------------------------------
| rollout/           |          |
|    ep_len_mean     | 59.9     |
|    ep_rew_mean     | -22.4    |
|    success_rate    | 0.33     |
| time/              |          |
|    episodes        | 3348     |
|    fps             | 80       |
|    time_elapsed    | 2532     |
|    total_timesteps | 202688   |
| train/             |          |
|    actor_loss      | -140     |
|    critic_loss     | 82.1     |
|    ent_coef        | 0.001    |
|    learning_rate   | 0.0003   |
|    n_updates       | 799970   |
---------------------------------
---------------------------------
| rollout/           |          |
|    ep_len_mean     | 61.5     |
|    ep_rew_mean     | -22      |
|    success_rate    | 0.33     |
| time/              |          |
|    episodes        | 3352     |
|    fps             | 80       |
|    time_elapsed    | 2536     |
|    total_timesteps | 203140   |
| train/             |          |
|    actor_loss      | -138     |
|    critic_loss     | 188      |
|    ent_coef        | 0.001    |
|    learning_rate   | 0.0003   |
|    n_updates       | 800083   |
---------------------------------
---------------------------------
| rollout/           |          |
|    ep_len_mean     | 59.8     |
|    ep_rew_mean     | -18      |
|    success_rate    | 0.34     |
| time/              |          |
|    episodes        | 3356     |
|    fps             | 80       |
|    time_elapsed    | 2539     |
|    total_timesteps | 203388   |
| train/             |          |
|    actor_loss      | -138     |
|    critic_loss     | 26.5     |
|    ent_coef        | 0.001    |
|    learning_rate   | 0.0003   |
|    n_updates       | 800145   |
---------------------------------
---------------------------------
| rollout/           |          |
|    ep_len_mean     | 59.5     |
|    ep_rew_mean     | -18.5    |
|    success_rate    | 0.32     |
| time/              |          |
|    episodes        | 3360     |
|    fps             | 80       |
|    time_elapsed    | 2543     |
|    total_timesteps | 203768   |
| train/             |          |
|    actor_loss      | -135     |
|    critic_loss     | 91.9     |
|    ent_coef        | 0.001    |
|    learning_rate   | 0.0003   |
|    n_updates       | 800240   |
---------------------------------
---------------------------------
| rollout/           |          |
|    ep_len_mean     | 60.1     |
|    ep_rew_mean     | -18.8    |
|    success_rate    | 0.32     |
| time/              |          |
|    episodes        | 3364     |
|    fps             | 80       |
|    time_elapsed    | 2544     |
|    total_timesteps | 203892   |
| train/             |          |
|    actor_loss      | -137     |
|    critic_loss     | 90.7     |
|    ent_coef        | 0.001    |
|    learning_rate   | 0.0003   |
|    n_updates       | 800271   |
---------------------------------
---------------------------------
| rollout/           |          |
|    ep_len_mean     | 58.1     |
|    ep_rew_mean     | -18.5    |
|    success_rate    | 0.32     |
| time/              |          |
|    episodes        | 3368     |
|    fps             | 80       |
|    time_elapsed    | 2545     |
|    total_timesteps | 203936   |
| train/             |          |
|    actor_loss      | -134     |
|    critic_loss     | 109      |
|    ent_coef        | 0.001    |
|    learning_rate   | 0.0003   |
|    n_updates       | 800282   |
---------------------------------
---------------------------------
| rollout/           |          |
|    ep_len_mean     | 54.8     |
|    ep_rew_mean     | -17.9    |
|    success_rate    | 0.33     |
| time/              |          |
|    episodes        | 3372     |
|    fps             | 80       |
|    time_elapsed    | 2546     |
|    total_timesteps | 204036   |
| train/             |          |
|    actor_loss      | -139     |
|    critic_loss     | 132      |
|    ent_coef        | 0.001    |
|    learning_rate   | 0.0003   |
|    n_updates       | 800307   |
---------------------------------
---------------------------------
| rollout/           |          |
|    ep_len_mean     | 52       |
|    ep_rew_mean     | -17      |
|    success_rate    | 0.36     |
| time/              |          |
|    episodes        | 3376     |
|    fps             | 80       |
|    time_elapsed    | 2549     |
|    total_timesteps | 204308   |
| train/             |          |
|    actor_loss      | -136     |
|    critic_loss     | 54.5     |
|    ent_coef        | 0.001    |
|    learning_rate   | 0.0003   |
|    n_updates       | 800375   |
---------------------------------
---------------------------------
| rollout/           |          |
|    ep_len_mean     | 53.8     |
|    ep_rew_mean     | -16.9    |
|    success_rate    | 0.37     |
| time/              |          |
|    episodes        | 3380     |
|    fps             | 80       |
|    time_elapsed    | 2551     |
|    total_timesteps | 204608   |
| train/             |          |
|    actor_loss      | -136     |
|    critic_loss     | 101      |
|    ent_coef        | 0.001    |
|    learning_rate   | 0.0003   |
|    n_updates       | 800450   |
---------------------------------
---------------------------------
| rollout/           |          |
|    ep_len_mean     | 53.8     |
|    ep_rew_mean     | -17.3    |
|    success_rate    | 0.37     |
| time/              |          |
|    episodes        | 3384     |
|    fps             | 80       |
|    time_elapsed    | 2553     |
|    total_timesteps | 204716   |
| train/             |          |
|    actor_loss      | -135     |
|    critic_loss     | 166      |
|    ent_coef        | 0.001    |
|    learning_rate   | 0.0003   |
|    n_updates       | 800477   |
---------------------------------
---------------------------------
| rollout/           |          |
|    ep_len_mean     | 56.4     |
|    ep_rew_mean     | -18.1    |
|    success_rate    | 0.37     |
| time/              |          |
|    episodes        | 3388     |
|    fps             | 80       |
|    time_elapsed    | 2554     |
|    total_timesteps | 204888   |
| train/             |          |
|    actor_loss      | -138     |
|    critic_loss     | 85.2     |
|    ent_coef        | 0.001    |
|    learning_rate   | 0.0003   |
|    n_updates       | 800520   |
---------------------------------
---------------------------------
| rollout/           |          |
|    ep_len_mean     | 54.6     |
|    ep_rew_mean     | -17.7    |
|    success_rate    | 0.38     |
| time/              |          |
|    episodes        | 3392     |
|    fps             | 80       |
|    time_elapsed    | 2555     |
|    total_timesteps | 204948   |
| train/             |          |
|    actor_loss      | -139     |
|    critic_loss     | 96.5     |
|    ent_coef        | 0.001    |
|    learning_rate   | 0.0003   |
|    n_updates       | 800535   |
---------------------------------
---------------------------------
| rollout/           |          |
|    ep_len_mean     | 51.9     |
|    ep_rew_mean     | -17.9    |
|    success_rate    | 0.37     |
| time/              |          |
|    episodes        | 3396     |
|    fps             | 80       |
|    time_elapsed    | 2558     |
|    total_timesteps | 205324   |
| train/             |          |
|    actor_loss      | -134     |
|    critic_loss     | 105      |
|    ent_coef        | 0.001    |
|    learning_rate   | 0.0003   |
|    n_updates       | 800629   |
---------------------------------
---------------------------------
| rollout/           |          |
|    ep_len_mean     | 54.3     |
|    ep_rew_mean     | -17.6    |
|    success_rate    | 0.38     |
| time/              |          |
|    episodes        | 3400     |
|    fps             | 80       |
|    time_elapsed    | 2560     |
|    total_timesteps | 205512   |
| train/             |          |
|    actor_loss      | -139     |
|    critic_loss     | 61.5     |
|    ent_coef        | 0.001    |
|    learning_rate   | 0.0003   |
|    n_updates       | 800676   |
---------------------------------
---------------------------------
| rollout/           |          |
|    ep_len_mean     | 52.5     |
|    ep_rew_mean     | -16.4    |
|    success_rate    | 0.38     |
| time/              |          |
|    episodes        | 3404     |
|    fps             | 80       |
|    time_elapsed    | 2562     |
|    total_timesteps | 205700   |
| train/             |          |
|    actor_loss      | -136     |
|    critic_loss     | 53.8     |
|    ent_coef        | 0.001    |
|    learning_rate   | 0.0003   |
|    n_updates       | 800723   |
---------------------------------
---------------------------------
| rollout/           |          |
|    ep_len_mean     | 50.8     |
|    ep_rew_mean     | -15.8    |
|    success_rate    | 0.4      |
| time/              |          |
|    episodes        | 3408     |
|    fps             | 80       |
|    time_elapsed    | 2563     |
|    total_timesteps | 205784   |
| train/             |          |
|    actor_loss      | -134     |
|    critic_loss     | 163      |
|    ent_coef        | 0.001    |
|    learning_rate   | 0.0003   |
|    n_updates       | 800744   |
---------------------------------
---------------------------------
| rollout/           |          |
|    ep_len_mean     | 52.2     |
|    ep_rew_mean     | -15.1    |
|    success_rate    | 0.41     |
| time/              |          |
|    episodes        | 3412     |
|    fps             | 80       |
|    time_elapsed    | 2566     |
|    total_timesteps | 206144   |
| train/             |          |
|    actor_loss      | -136     |
|    critic_loss     | 110      |
|    ent_coef        | 0.001    |
|    learning_rate   | 0.0003   |
|    n_updates       | 800834   |
---------------------------------
---------------------------------
| rollout/           |          |
|    ep_len_mean     | 54.4     |
|    ep_rew_mean     | -16.6    |
|    success_rate    | 0.42     |
| time/              |          |
|    episodes        | 3416     |
|    fps             | 80       |
|    time_elapsed    | 2571     |
|    total_timesteps | 206744   |
| train/             |          |
|    actor_loss      | -138     |
|    critic_loss     | 115      |
|    ent_coef        | 0.001    |
|    learning_rate   | 0.0003   |
|    n_updates       | 800984   |
---------------------------------
---------------------------------
| rollout/           |          |
|    ep_len_mean     | 55.8     |
|    ep_rew_mean     | -17.5    |
|    success_rate    | 0.39     |
| time/              |          |
|    episodes        | 3420     |
|    fps             | 80       |
|    time_elapsed    | 2572     |
|    total_timesteps | 206760   |
| train/             |          |
|    actor_loss      | -134     |
|    critic_loss     | 53.5     |
|    ent_coef        | 0.001    |
|    learning_rate   | 0.0003   |
|    n_updates       | 800988   |
---------------------------------
---------------------------------
| rollout/           |          |
|    ep_len_mean     | 57.1     |
|    ep_rew_mean     | -17.6    |
|    success_rate    | 0.37     |
| time/              |          |
|    episodes        | 3424     |
|    fps             | 80       |
|    time_elapsed    | 2573     |
|    total_timesteps | 206928   |
| train/             |          |
|    actor_loss      | -136     |
|    critic_loss     | 110      |
|    ent_coef        | 0.001    |
|    learning_rate   | 0.0003   |
|    n_updates       | 801030   |
---------------------------------
---------------------------------
| rollout/           |          |
|    ep_len_mean     | 56.9     |
|    ep_rew_mean     | -17      |
|    success_rate    | 0.37     |
| time/              |          |
|    episodes        | 3428     |
|    fps             | 80       |
|    time_elapsed    | 2578     |
|    total_timesteps | 207460   |
| train/             |          |
|    actor_loss      | -131     |
|    critic_loss     | 193      |
|    ent_coef        | 0.001    |
|    learning_rate   | 0.0003   |
|    n_updates       | 801163   |
---------------------------------
---------------------------------
| rollout/           |          |
|    ep_len_mean     | 61.5     |
|    ep_rew_mean     | -17.5    |
|    success_rate    | 0.35     |
| time/              |          |
|    episodes        | 3432     |
|    fps             | 80       |
|    time_elapsed    | 2584     |
|    total_timesteps | 208160   |
| train/             |          |
|    actor_loss      | -139     |
|    critic_loss     | 110      |
|    ent_coef        | 0.001    |
|    learning_rate   | 0.0003   |
|    n_updates       | 801338   |
---------------------------------
---------------------------------
| rollout/           |          |
|    ep_len_mean     | 63.6     |
|    ep_rew_mean     | -18.9    |
|    success_rate    | 0.34     |
| time/              |          |
|    episodes        | 3436     |
|    fps             | 80       |
|    time_elapsed    | 2585     |
|    total_timesteps | 208244   |
| train/             |          |
|    actor_loss      | -139     |
|    critic_loss     | 22.1     |
|    ent_coef        | 0.001    |
|    learning_rate   | 0.0003   |
|    n_updates       | 801359   |
---------------------------------
---------------------------------
| rollout/           |          |
|    ep_len_mean     | 62.5     |
|    ep_rew_mean     | -19.2    |
|    success_rate    | 0.34     |
| time/              |          |
|    episodes        | 3440     |
|    fps             | 80       |
|    time_elapsed    | 2588     |
|    total_timesteps | 208540   |
| train/             |          |
|    actor_loss      | -135     |
|    critic_loss     | 105      |
|    ent_coef        | 0.001    |
|    learning_rate   | 0.0003   |
|    n_updates       | 801433   |
---------------------------------
---------------------------------
| rollout/           |          |
|    ep_len_mean     | 59.1     |
|    ep_rew_mean     | -18.8    |
|    success_rate    | 0.34     |
| time/              |          |
|    episodes        | 3444     |
|    fps             | 80       |
|    time_elapsed    | 2588     |
|    total_timesteps | 208572   |
| train/             |          |
|    actor_loss      | -139     |
|    critic_loss     | 85       |
|    ent_coef        | 0.001    |
|    learning_rate   | 0.0003   |
|    n_updates       | 801441   |
---------------------------------
---------------------------------
| rollout/           |          |
|    ep_len_mean     | 61.5     |
|    ep_rew_mean     | -19.6    |
|    success_rate    | 0.32     |
| time/              |          |
|    episodes        | 3448     |
|    fps             | 80       |
|    time_elapsed    | 2591     |
|    total_timesteps | 208896   |
| train/             |          |
|    actor_loss      | -135     |
|    critic_loss     | 145      |
|    ent_coef        | 0.001    |
|    learning_rate   | 0.0003   |
|    n_updates       | 801522   |
---------------------------------
---------------------------------
| rollout/           |          |
|    ep_len_mean     | 59.4     |
|    ep_rew_mean     | -21.4    |
|    success_rate    | 0.3      |
| time/              |          |
|    episodes        | 3452     |
|    fps             | 80       |
|    time_elapsed    | 2592     |
|    total_timesteps | 208960   |
| train/             |          |
|    actor_loss      | -135     |
|    critic_loss     | 195      |
|    ent_coef        | 0.001    |
|    learning_rate   | 0.0003   |
|    n_updates       | 801538   |
---------------------------------
---------------------------------
| rollout/           |          |
|    ep_len_mean     | 56.7     |
|    ep_rew_mean     | -20      |
|    success_rate    | 0.33     |
| time/              |          |
|    episodes        | 3456     |
|    fps             | 80       |
|    time_elapsed    | 2595     |
|    total_timesteps | 209264   |
| train/             |          |
|    actor_loss      | -140     |
|    critic_loss     | 98.3     |
|    ent_coef        | 0.001    |
|    learning_rate   | 0.0003   |
|    n_updates       | 801614   |
---------------------------------
---------------------------------
| rollout/           |          |
|    ep_len_mean     | 57.2     |
|    ep_rew_mean     | -19.9    |
|    success_rate    | 0.34     |
| time/              |          |
|    episodes        | 3460     |
|    fps             | 80       |
|    time_elapsed    | 2597     |
|    total_timesteps | 209456   |
| train/             |          |
|    actor_loss      | -141     |
|    critic_loss     | 24.5     |
|    ent_coef        | 0.001    |
|    learning_rate   | 0.0003   |
|    n_updates       | 801662   |
---------------------------------
---------------------------------
| rollout/           |          |
|    ep_len_mean     | 56.2     |
|    ep_rew_mean     | -19.8    |
|    success_rate    | 0.33     |
| time/              |          |
|    episodes        | 3464     |
|    fps             | 80       |
|    time_elapsed    | 2598     |
|    total_timesteps | 209604   |
| train/             |          |
|    actor_loss      | -133     |
|    critic_loss     | 238      |
|    ent_coef        | 0.001    |
|    learning_rate   | 0.0003   |
|    n_updates       | 801699   |
---------------------------------
---------------------------------
| rollout/           |          |
|    ep_len_mean     | 58       |
|    ep_rew_mean     | -19.9    |
|    success_rate    | 0.33     |
| time/              |          |
|    episodes        | 3468     |
|    fps             | 80       |
|    time_elapsed    | 2600     |
|    total_timesteps | 209780   |
| train/             |          |
|    actor_loss      | -142     |
|    critic_loss     | 155      |
|    ent_coef        | 0.001    |
|    learning_rate   | 0.0003   |
|    n_updates       | 801743   |
---------------------------------
Eval num_timesteps=210000, episode_reward=-34.94 +/- 37.55
Episode length: 99.58 +/- 77.69
Success rate: 40.00%
---------------------------------
| eval/              |          |
|    mean_ep_length  | 99.6     |
|    mean_reward     | -34.9    |
|    success_rate    | 0.4      |
| time/              |          |
|    total_timesteps | 210000   |
| train/             |          |
|    actor_loss      | -141     |
|    critic_loss     | 162      |
|    ent_coef        | 0.001    |
|    learning_rate   | 0.0003   |
|    n_updates       | 801798   |
---------------------------------
Eval num_timesteps=210000, episode_reward=-11.86 +/- 11.85
Episode length: 47.58 +/- 69.57
Success rate: 22.00%
---------------------------------
| eval/              |          |
|    mean_ep_length  | 47.6     |
|    mean_reward     | -11.9    |
|    success_rate    | 0.22     |
| time/              |          |
|    total_timesteps | 210000   |
---------------------------------
Eval num_timesteps=210000, episode_reward=-20.26 +/- 0.14
Episode length: 1.82 +/- 1.67
Success rate: 0.00%
---------------------------------
| eval/              |          |
|    mean_ep_length  | 1.82     |
|    mean_reward     | -20.3    |
|    success_rate    | 0        |
| time/              |          |
|    total_timesteps | 210000   |
---------------------------------
---------------------------------
| rollout/           |          |
|    ep_len_mean     | 58       |
|    ep_rew_mean     | -20.4    |
|    success_rate    | 0.34     |
| time/              |          |
|    episodes        | 3472     |
|    fps             | 79       |
|    time_elapsed    | 2632     |
|    total_timesteps | 210012   |
| train/             |          |
|    actor_loss      | -139     |
|    critic_loss     | 24.1     |
|    ent_coef        | 0.001    |
|    learning_rate   | 0.0003   |
|    n_updates       | 801801   |
---------------------------------
---------------------------------
| rollout/           |          |
|    ep_len_mean     | 63.5     |
|    ep_rew_mean     | -22.2    |
|    success_rate    | 0.31     |
| time/              |          |
|    episodes        | 3476     |
|    fps             | 79       |
|    time_elapsed    | 2636     |
|    total_timesteps | 210588   |
| train/             |          |
|    actor_loss      | -137     |
|    critic_loss     | 122      |
|    ent_coef        | 0.001    |
|    learning_rate   | 0.0003   |
|    n_updates       | 801945   |
---------------------------------
---------------------------------
| rollout/           |          |
|    ep_len_mean     | 66.7     |
|    ep_rew_mean     | -22.8    |
|    success_rate    | 0.28     |
| time/              |          |
|    episodes        | 3480     |
|    fps             | 79       |
|    time_elapsed    | 2641     |
|    total_timesteps | 211260   |
| train/             |          |
|    actor_loss      | -137     |
|    critic_loss     | 81.3     |
|    ent_coef        | 0.001    |
|    learning_rate   | 0.0003   |
|    n_updates       | 802113   |
---------------------------------
---------------------------------
| rollout/           |          |
|    ep_len_mean     | 66.8     |
|    ep_rew_mean     | -22.1    |
|    success_rate    | 0.3      |
| time/              |          |
|    episodes        | 3484     |
|    fps             | 79       |
|    time_elapsed    | 2642     |
|    total_timesteps | 211376   |
| train/             |          |
|    actor_loss      | -136     |
|    critic_loss     | 122      |
|    ent_coef        | 0.001    |
|    learning_rate   | 0.0003   |
|    n_updates       | 802142   |
---------------------------------
---------------------------------
| rollout/           |          |
|    ep_len_mean     | 65.7     |
|    ep_rew_mean     | -22      |
|    success_rate    | 0.31     |
| time/              |          |
|    episodes        | 3488     |
|    fps             | 79       |
|    time_elapsed    | 2644     |
|    total_timesteps | 211500   |
| train/             |          |
|    actor_loss      | -140     |
|    critic_loss     | 121      |
|    ent_coef        | 0.001    |
|    learning_rate   | 0.0003   |
|    n_updates       | 802173   |
---------------------------------
---------------------------------
| rollout/           |          |
|    ep_len_mean     | 65.7     |
|    ep_rew_mean     | -22.3    |
|    success_rate    | 0.3      |
| time/              |          |
|    episodes        | 3492     |
|    fps             | 79       |
|    time_elapsed    | 2644     |
|    total_timesteps | 211532   |
| train/             |          |
|    actor_loss      | -138     |
|    critic_loss     | 55       |
|    ent_coef        | 0.001    |
|    learning_rate   | 0.0003   |
|    n_updates       | 802181   |
---------------------------------
---------------------------------
| rollout/           |          |
|    ep_len_mean     | 66.3     |
|    ep_rew_mean     | -21.6    |
|    success_rate    | 0.32     |
| time/              |          |
|    episodes        | 3496     |
|    fps             | 80       |
|    time_elapsed    | 2648     |
|    total_timesteps | 211924   |
| train/             |          |
|    actor_loss      | -141     |
|    critic_loss     | 51.5     |
|    ent_coef        | 0.001    |
|    learning_rate   | 0.0003   |
|    n_updates       | 802279   |
---------------------------------
---------------------------------
| rollout/           |          |
|    ep_len_mean     | 65.3     |
|    ep_rew_mean     | -21.7    |
|    success_rate    | 0.31     |
| time/              |          |
|    episodes        | 3500     |
|    fps             | 80       |
|    time_elapsed    | 2650     |
|    total_timesteps | 212048   |
| train/             |          |
|    actor_loss      | -139     |
|    critic_loss     | 168      |
|    ent_coef        | 0.001    |
|    learning_rate   | 0.0003   |
|    n_updates       | 802310   |
---------------------------------
---------------------------------
| rollout/           |          |
|    ep_len_mean     | 65.5     |
|    ep_rew_mean     | -21.1    |
|    success_rate    | 0.31     |
| time/              |          |
|    episodes        | 3504     |
|    fps             | 80       |
|    time_elapsed    | 2652     |
|    total_timesteps | 212300   |
| train/             |          |
|    actor_loss      | -138     |
|    critic_loss     | 72.5     |
|    ent_coef        | 0.001    |
|    learning_rate   | 0.0003   |
|    n_updates       | 802373   |
---------------------------------
---------------------------------
| rollout/           |          |
|    ep_len_mean     | 67.8     |
|    ep_rew_mean     | -20.8    |
|    success_rate    | 0.32     |
| time/              |          |
|    episodes        | 3508     |
|    fps             | 80       |
|    time_elapsed    | 2655     |
|    total_timesteps | 212540   |
| train/             |          |
|    actor_loss      | -136     |
|    critic_loss     | 111      |
|    ent_coef        | 0.001    |
|    learning_rate   | 0.0003   |
|    n_updates       | 802433   |
---------------------------------
---------------------------------
| rollout/           |          |
|    ep_len_mean     | 69.4     |
|    ep_rew_mean     | -23.7    |
|    success_rate    | 0.3      |
| time/              |          |
|    episodes        | 3512     |
|    fps             | 80       |
|    time_elapsed    | 2661     |
|    total_timesteps | 213212   |
| train/             |          |
|    actor_loss      | -138     |
|    critic_loss     | 169      |
|    ent_coef        | 0.001    |
|    learning_rate   | 0.0003   |
|    n_updates       | 802601   |
---------------------------------
---------------------------------
| rollout/           |          |
|    ep_len_mean     | 67.1     |
|    ep_rew_mean     | -23.4    |
|    success_rate    | 0.29     |
| time/              |          |
|    episodes        | 3516     |
|    fps             | 80       |
|    time_elapsed    | 2662     |
|    total_timesteps | 213256   |
| train/             |          |
|    actor_loss      | -137     |
|    critic_loss     | 166      |
|    ent_coef        | 0.001    |
|    learning_rate   | 0.0003   |
|    n_updates       | 802612   |
---------------------------------
---------------------------------
| rollout/           |          |
|    ep_len_mean     | 68.2     |
|    ep_rew_mean     | -22.8    |
|    success_rate    | 0.31     |
| time/              |          |
|    episodes        | 3520     |
|    fps             | 80       |
|    time_elapsed    | 2663     |
|    total_timesteps | 213360   |
| train/             |          |
|    actor_loss      | -138     |
|    critic_loss     | 226      |
|    ent_coef        | 0.001    |
|    learning_rate   | 0.0003   |
|    n_updates       | 802638   |
---------------------------------
---------------------------------
| rollout/           |          |
|    ep_len_mean     | 65.2     |
|    ep_rew_mean     | -22.6    |
|    success_rate    | 0.32     |
| time/              |          |
|    episodes        | 3524     |
|    fps             | 80       |
|    time_elapsed    | 2665     |
|    total_timesteps | 213556   |
| train/             |          |
|    actor_loss      | -139     |
|    critic_loss     | 200      |
|    ent_coef        | 0.001    |
|    learning_rate   | 0.0003   |
|    n_updates       | 802687   |
---------------------------------
---------------------------------
| rollout/           |          |
|    ep_len_mean     | 63.3     |
|    ep_rew_mean     | -22.4    |
|    success_rate    | 0.33     |
| time/              |          |
|    episodes        | 3528     |
|    fps             | 80       |
|    time_elapsed    | 2667     |
|    total_timesteps | 213752   |
| train/             |          |
|    actor_loss      | -138     |
|    critic_loss     | 112      |
|    ent_coef        | 0.001    |
|    learning_rate   | 0.0003   |
|    n_updates       | 802736   |
---------------------------------
---------------------------------
| rollout/           |          |
|    ep_len_mean     | 61.4     |
|    ep_rew_mean     | -22.6    |
|    success_rate    | 0.35     |
| time/              |          |
|    episodes        | 3532     |
|    fps             | 80       |
|    time_elapsed    | 2670     |
|    total_timesteps | 214128   |
| train/             |          |
|    actor_loss      | -142     |
|    critic_loss     | 60.3     |
|    ent_coef        | 0.001    |
|    learning_rate   | 0.0003   |
|    n_updates       | 802830   |
---------------------------------
---------------------------------
| rollout/           |          |
|    ep_len_mean     | 62.3     |
|    ep_rew_mean     | -21      |
|    success_rate    | 0.36     |
| time/              |          |
|    episodes        | 3536     |
|    fps             | 80       |
|    time_elapsed    | 2674     |
|    total_timesteps | 214564   |
| train/             |          |
|    actor_loss      | -139     |
|    critic_loss     | 51.2     |
|    ent_coef        | 0.001    |
|    learning_rate   | 0.0003   |
|    n_updates       | 802939   |
---------------------------------
---------------------------------
| rollout/           |          |
|    ep_len_mean     | 64.1     |
|    ep_rew_mean     | -21.6    |
|    success_rate    | 0.36     |
| time/              |          |
|    episodes        | 3540     |
|    fps             | 80       |
|    time_elapsed    | 2677     |
|    total_timesteps | 214920   |
| train/             |          |
|    actor_loss      | -142     |
|    critic_loss     | 51.5     |
|    ent_coef        | 0.001    |
|    learning_rate   | 0.0003   |
|    n_updates       | 803028   |
---------------------------------
---------------------------------
| rollout/           |          |
|    ep_len_mean     | 64.8     |
|    ep_rew_mean     | -21.2    |
|    success_rate    | 0.38     |
| time/              |          |
|    episodes        | 3544     |
|    fps             | 80       |
|    time_elapsed    | 2679     |
|    total_timesteps | 215112   |
| train/             |          |
|    actor_loss      | -141     |
|    critic_loss     | 22.5     |
|    ent_coef        | 0.001    |
|    learning_rate   | 0.0003   |
|    n_updates       | 803076   |
---------------------------------
---------------------------------
| rollout/           |          |
|    ep_len_mean     | 65.1     |
|    ep_rew_mean     | -20.7    |
|    success_rate    | 0.39     |
| time/              |          |
|    episodes        | 3548     |
|    fps             | 80       |
|    time_elapsed    | 2680     |
|    total_timesteps | 215304   |
| train/             |          |
|    actor_loss      | -138     |
|    critic_loss     | 59.4     |
|    ent_coef        | 0.001    |
|    learning_rate   | 0.0003   |
|    n_updates       | 803124   |
---------------------------------
---------------------------------
| rollout/           |          |
|    ep_len_mean     | 68.6     |
|    ep_rew_mean     | -20.5    |
|    success_rate    | 0.39     |
| time/              |          |
|    episodes        | 3552     |
|    fps             | 80       |
|    time_elapsed    | 2687     |
|    total_timesteps | 216000   |
| train/             |          |
|    actor_loss      | -136     |
|    critic_loss     | 202      |
|    ent_coef        | 0.001    |
|    learning_rate   | 0.0003   |
|    n_updates       | 803298   |
---------------------------------
---------------------------------
| rollout/           |          |
|    ep_len_mean     | 70       |
|    ep_rew_mean     | -20.9    |
|    success_rate    | 0.37     |
| time/              |          |
|    episodes        | 3556     |
|    fps             | 80       |
|    time_elapsed    | 2689     |
|    total_timesteps | 216268   |
| train/             |          |
|    actor_loss      | -140     |
|    critic_loss     | 83.5     |
|    ent_coef        | 0.001    |
|    learning_rate   | 0.0003   |
|    n_updates       | 803365   |
---------------------------------
---------------------------------
| rollout/           |          |
|    ep_len_mean     | 68.6     |
|    ep_rew_mean     | -20.5    |
|    success_rate    | 0.37     |
| time/              |          |
|    episodes        | 3560     |
|    fps             | 80       |
|    time_elapsed    | 2690     |
|    total_timesteps | 216316   |
| train/             |          |
|    actor_loss      | -139     |
|    critic_loss     | 168      |
|    ent_coef        | 0.001    |
|    learning_rate   | 0.0003   |
|    n_updates       | 803377   |
---------------------------------
---------------------------------
| rollout/           |          |
|    ep_len_mean     | 68.7     |
|    ep_rew_mean     | -21.1    |
|    success_rate    | 0.37     |
| time/              |          |
|    episodes        | 3564     |
|    fps             | 80       |
|    time_elapsed    | 2691     |
|    total_timesteps | 216420   |
| train/             |          |
|    actor_loss      | -138     |
|    critic_loss     | 91.2     |
|    ent_coef        | 0.001    |
|    learning_rate   | 0.0003   |
|    n_updates       | 803403   |
---------------------------------
---------------------------------
| rollout/           |          |
|    ep_len_mean     | 68.6     |
|    ep_rew_mean     | -20.9    |
|    success_rate    | 0.37     |
| time/              |          |
|    episodes        | 3568     |
|    fps             | 80       |
|    time_elapsed    | 2693     |
|    total_timesteps | 216540   |
| train/             |          |
|    actor_loss      | -140     |
|    critic_loss     | 56.7     |
|    ent_coef        | 0.001    |
|    learning_rate   | 0.0003   |
|    n_updates       | 803433   |
---------------------------------
---------------------------------
| rollout/           |          |
|    ep_len_mean     | 70.1     |
|    ep_rew_mean     | -20.9    |
|    success_rate    | 0.35     |
| time/              |          |
|    episodes        | 3572     |
|    fps             | 80       |
|    time_elapsed    | 2697     |
|    total_timesteps | 217024   |
| train/             |          |
|    actor_loss      | -137     |
|    critic_loss     | 129      |
|    ent_coef        | 0.001    |
|    learning_rate   | 0.0003   |
|    n_updates       | 803554   |
---------------------------------
---------------------------------
| rollout/           |          |
|    ep_len_mean     | 67.4     |
|    ep_rew_mean     | -20.4    |
|    success_rate    | 0.36     |
| time/              |          |
|    episodes        | 3576     |
|    fps             | 80       |
|    time_elapsed    | 2699     |
|    total_timesteps | 217240   |
| train/             |          |
|    actor_loss      | -138     |
|    critic_loss     | 88.2     |
|    ent_coef        | 0.001    |
|    learning_rate   | 0.0003   |
|    n_updates       | 803608   |
---------------------------------
---------------------------------
| rollout/           |          |
|    ep_len_mean     | 62.6     |
|    ep_rew_mean     | -19.7    |
|    success_rate    | 0.39     |
| time/              |          |
|    episodes        | 3580     |
|    fps             | 80       |
|    time_elapsed    | 2701     |
|    total_timesteps | 217460   |
| train/             |          |
|    actor_loss      | -137     |
|    critic_loss     | 54.4     |
|    ent_coef        | 0.001    |
|    learning_rate   | 0.0003   |
|    n_updates       | 803663   |
---------------------------------
---------------------------------
| rollout/           |          |
|    ep_len_mean     | 62.4     |
|    ep_rew_mean     | -20.6    |
|    success_rate    | 0.37     |
| time/              |          |
|    episodes        | 3584     |
|    fps             | 80       |
|    time_elapsed    | 2704     |
|    total_timesteps | 217684   |
| train/             |          |
|    actor_loss      | -142     |
|    critic_loss     | 88.4     |
|    ent_coef        | 0.001    |
|    learning_rate   | 0.0003   |
|    n_updates       | 803719   |
---------------------------------
---------------------------------
| rollout/           |          |
|    ep_len_mean     | 62.2     |
|    ep_rew_mean     | -20.3    |
|    success_rate    | 0.35     |
| time/              |          |
|    episodes        | 3588     |
|    fps             | 80       |
|    time_elapsed    | 2705     |
|    total_timesteps | 217740   |
| train/             |          |
|    actor_loss      | -142     |
|    critic_loss     | 92.4     |
|    ent_coef        | 0.001    |
|    learning_rate   | 0.0003   |
|    n_updates       | 803733   |
---------------------------------
---------------------------------
| rollout/           |          |
|    ep_len_mean     | 62.3     |
|    ep_rew_mean     | -20      |
|    success_rate    | 0.36     |
| time/              |          |
|    episodes        | 3592     |
|    fps             | 80       |
|    time_elapsed    | 2706     |
|    total_timesteps | 217832   |
| train/             |          |
|    actor_loss      | -139     |
|    critic_loss     | 92.1     |
|    ent_coef        | 0.001    |
|    learning_rate   | 0.0003   |
|    n_updates       | 803756   |
---------------------------------
---------------------------------
| rollout/           |          |
|    ep_len_mean     | 61.6     |
|    ep_rew_mean     | -19.8    |
|    success_rate    | 0.36     |
| time/              |          |
|    episodes        | 3596     |
|    fps             | 80       |
|    time_elapsed    | 2708     |
|    total_timesteps | 217980   |
| train/             |          |
|    actor_loss      | -140     |
|    critic_loss     | 82       |
|    ent_coef        | 0.001    |
|    learning_rate   | 0.0003   |
|    n_updates       | 803793   |
---------------------------------
---------------------------------
| rollout/           |          |
|    ep_len_mean     | 61.8     |
|    ep_rew_mean     | -20.6    |
|    success_rate    | 0.36     |
| time/              |          |
|    episodes        | 3600     |
|    fps             | 80       |
|    time_elapsed    | 2710     |
|    total_timesteps | 218208   |
| train/             |          |
|    actor_loss      | -141     |
|    critic_loss     | 53.9     |
|    ent_coef        | 0.001    |
|    learning_rate   | 0.0003   |
|    n_updates       | 803850   |
---------------------------------
---------------------------------
| rollout/           |          |
|    ep_len_mean     | 62.1     |
|    ep_rew_mean     | -20.6    |
|    success_rate    | 0.37     |
| time/              |          |
|    episodes        | 3604     |
|    fps             | 80       |
|    time_elapsed    | 2713     |
|    total_timesteps | 218444   |
| train/             |          |
|    actor_loss      | -140     |
|    critic_loss     | 52       |
|    ent_coef        | 0.001    |
|    learning_rate   | 0.0003   |
|    n_updates       | 803909   |
---------------------------------
---------------------------------
| rollout/           |          |
|    ep_len_mean     | 61.5     |
|    ep_rew_mean     | -21.2    |
|    success_rate    | 0.35     |
| time/              |          |
|    episodes        | 3608     |
|    fps             | 80       |
|    time_elapsed    | 2716     |
|    total_timesteps | 218832   |
| train/             |          |
|    actor_loss      | -143     |
|    critic_loss     | 79.2     |
|    ent_coef        | 0.001    |
|    learning_rate   | 0.0003   |
|    n_updates       | 804006   |
---------------------------------
---------------------------------
| rollout/           |          |
|    ep_len_mean     | 60       |
|    ep_rew_mean     | -20.3    |
|    success_rate    | 0.37     |
| time/              |          |
|    episodes        | 3612     |
|    fps             | 80       |
|    time_elapsed    | 2718     |
|    total_timesteps | 219060   |
| train/             |          |
|    actor_loss      | -140     |
|    critic_loss     | 106      |
|    ent_coef        | 0.001    |
|    learning_rate   | 0.0003   |
|    n_updates       | 804063   |
---------------------------------
---------------------------------
| rollout/           |          |
|    ep_len_mean     | 63.5     |
|    ep_rew_mean     | -21.1    |
|    success_rate    | 0.37     |
| time/              |          |
|    episodes        | 3616     |
|    fps             | 80       |
|    time_elapsed    | 2724     |
|    total_timesteps | 219648   |
| train/             |          |
|    actor_loss      | -138     |
|    critic_loss     | 75       |
|    ent_coef        | 0.001    |
|    learning_rate   | 0.0003   |
|    n_updates       | 804210   |
---------------------------------
---------------------------------
| rollout/           |          |
|    ep_len_mean     | 64.3     |
|    ep_rew_mean     | -21.3    |
|    success_rate    | 0.36     |
| time/              |          |
|    episodes        | 3620     |
|    fps             | 80       |
|    time_elapsed    | 2726     |
|    total_timesteps | 219936   |
| train/             |          |
|    actor_loss      | -139     |
|    critic_loss     | 119      |
|    ent_coef        | 0.001    |
|    learning_rate   | 0.0003   |
|    n_updates       | 804282   |
---------------------------------
Eval num_timesteps=220000, episode_reward=-41.20 +/- 35.46
Episode length: 115.44 +/- 76.43
Success rate: 26.00%
---------------------------------
| eval/              |          |
|    mean_ep_length  | 115      |
|    mean_reward     | -41.2    |
|    success_rate    | 0.26     |
| time/              |          |
|    total_timesteps | 220000   |
| train/             |          |
|    actor_loss      | -139     |
|    critic_loss     | 80.7     |
|    ent_coef        | 0.001    |
|    learning_rate   | 0.0003   |
|    n_updates       | 804298   |
---------------------------------
Eval num_timesteps=220000, episode_reward=-8.76 +/- 13.72
Episode length: 24.10 +/- 51.93
Success rate: 36.00%
---------------------------------
| eval/              |          |
|    mean_ep_length  | 24.1     |
|    mean_reward     | -8.76    |
|    success_rate    | 0.36     |
| time/              |          |
|    total_timesteps | 220000   |
---------------------------------
Eval num_timesteps=220000, episode_reward=-20.22 +/- 0.09
Episode length: 1.20 +/- 0.40
Success rate: 0.00%
---------------------------------
| eval/              |          |
|    mean_ep_length  | 1.2      |
|    mean_reward     | -20.2    |
|    success_rate    | 0        |
| time/              |          |
|    total_timesteps | 220000   |
---------------------------------
---------------------------------
| rollout/           |          |
|    ep_len_mean     | 69.6     |
|    ep_rew_mean     | -22.7    |
|    success_rate    | 0.36     |
| time/              |          |
|    episodes        | 3624     |
|    fps             | 79       |
|    time_elapsed    | 2759     |
|    total_timesteps | 220468   |
| train/             |          |
|    actor_loss      | -137     |
|    critic_loss     | 83.6     |
|    ent_coef        | 0.001    |
|    learning_rate   | 0.0003   |
|    n_updates       | 804415   |
---------------------------------
---------------------------------
| rollout/           |          |
|    ep_len_mean     | 73.9     |
|    ep_rew_mean     | -23.7    |
|    success_rate    | 0.35     |
| time/              |          |
|    episodes        | 3628     |
|    fps             | 79       |
|    time_elapsed    | 2763     |
|    total_timesteps | 220932   |
| train/             |          |
|    actor_loss      | -144     |
|    critic_loss     | 55.1     |
|    ent_coef        | 0.001    |
|    learning_rate   | 0.0003   |
|    n_updates       | 804531   |
---------------------------------
---------------------------------
| rollout/           |          |
|    ep_len_mean     | 69.4     |
|    ep_rew_mean     | -23.3    |
|    success_rate    | 0.34     |
| time/              |          |
|    episodes        | 3632     |
|    fps             | 79       |
|    time_elapsed    | 2765     |
|    total_timesteps | 221160   |
| train/             |          |
|    actor_loss      | -142     |
|    critic_loss     | 148      |
|    ent_coef        | 0.001    |
|    learning_rate   | 0.0003   |
|    n_updates       | 804588   |
---------------------------------
---------------------------------
| rollout/           |          |
|    ep_len_mean     | 66.3     |
|    ep_rew_mean     | -23.9    |
|    success_rate    | 0.34     |
| time/              |          |
|    episodes        | 3636     |
|    fps             | 79       |
|    time_elapsed    | 2767     |
|    total_timesteps | 221312   |
| train/             |          |
|    actor_loss      | -142     |
|    critic_loss     | 124      |
|    ent_coef        | 0.001    |
|    learning_rate   | 0.0003   |
|    n_updates       | 804626   |
---------------------------------
---------------------------------
| rollout/           |          |
|    ep_len_mean     | 63.8     |
|    ep_rew_mean     | -23.4    |
|    success_rate    | 0.33     |
| time/              |          |
|    episodes        | 3640     |
|    fps             | 79       |
|    time_elapsed    | 2768     |
|    total_timesteps | 221376   |
| train/             |          |
|    actor_loss      | -138     |
|    critic_loss     | 178      |
|    ent_coef        | 0.001    |
|    learning_rate   | 0.0003   |
|    n_updates       | 804642   |
---------------------------------
---------------------------------
| rollout/           |          |
|    ep_len_mean     | 64.9     |
|    ep_rew_mean     | -24.2    |
|    success_rate    | 0.32     |
| time/              |          |
|    episodes        | 3644     |
|    fps             | 79       |
|    time_elapsed    | 2769     |
|    total_timesteps | 221556   |
| train/             |          |
|    actor_loss      | -139     |
|    critic_loss     | 111      |
|    ent_coef        | 0.001    |
|    learning_rate   | 0.0003   |
|    n_updates       | 804687   |
---------------------------------
---------------------------------
| rollout/           |          |
|    ep_len_mean     | 62.9     |
|    ep_rew_mean     | -24.2    |
|    success_rate    | 0.31     |
| time/              |          |
|    episodes        | 3648     |
|    fps             | 79       |
|    time_elapsed    | 2770     |
|    total_timesteps | 221580   |
| train/             |          |
|    actor_loss      | -146     |
|    critic_loss     | 75.3     |
|    ent_coef        | 0.001    |
|    learning_rate   | 0.0003   |
|    n_updates       | 804693   |
---------------------------------
---------------------------------
| rollout/           |          |
|    ep_len_mean     | 58       |
|    ep_rew_mean     | -22.5    |
|    success_rate    | 0.33     |
| time/              |          |
|    episodes        | 3652     |
|    fps             | 79       |
|    time_elapsed    | 2771     |
|    total_timesteps | 221728   |
| train/             |          |
|    actor_loss      | -145     |
|    critic_loss     | 61.5     |
|    ent_coef        | 0.001    |
|    learning_rate   | 0.0003   |
|    n_updates       | 804730   |
---------------------------------
---------------------------------
| rollout/           |          |
|    ep_len_mean     | 59.4     |
|    ep_rew_mean     | -23.3    |
|    success_rate    | 0.33     |
| time/              |          |
|    episodes        | 3656     |
|    fps             | 80       |
|    time_elapsed    | 2775     |
|    total_timesteps | 222180   |
| train/             |          |
|    actor_loss      | -138     |
|    critic_loss     | 143      |
|    ent_coef        | 0.001    |
|    learning_rate   | 0.0003   |
|    n_updates       | 804843   |
---------------------------------
---------------------------------
| rollout/           |          |
|    ep_len_mean     | 64       |
|    ep_rew_mean     | -24.8    |
|    success_rate    | 0.33     |
| time/              |          |
|    episodes        | 3660     |
|    fps             | 80       |
|    time_elapsed    | 2778     |
|    total_timesteps | 222576   |
| train/             |          |
|    actor_loss      | -140     |
|    critic_loss     | 133      |
|    ent_coef        | 0.001    |
|    learning_rate   | 0.0003   |
|    n_updates       | 804942   |
---------------------------------
---------------------------------
| rollout/           |          |
|    ep_len_mean     | 62.9     |
|    ep_rew_mean     | -24.2    |
|    success_rate    | 0.34     |
| time/              |          |
|    episodes        | 3664     |
|    fps             | 80       |
|    time_elapsed    | 2781     |
|    total_timesteps | 222796   |
| train/             |          |
|    actor_loss      | -137     |
|    critic_loss     | 90.1     |
|    ent_coef        | 0.001    |
|    learning_rate   | 0.0003   |
|    n_updates       | 804997   |
---------------------------------
---------------------------------
| rollout/           |          |
|    ep_len_mean     | 67.2     |
|    ep_rew_mean     | -25.9    |
|    success_rate    | 0.33     |
| time/              |          |
|    episodes        | 3668     |
|    fps             | 80       |
|    time_elapsed    | 2786     |
|    total_timesteps | 223300   |
| train/             |          |
|    actor_loss      | -141     |
|    critic_loss     | 61.9     |
|    ent_coef        | 0.001    |
|    learning_rate   | 0.0003   |
|    n_updates       | 805123   |
---------------------------------
---------------------------------
| rollout/           |          |
|    ep_len_mean     | 64.2     |
|    ep_rew_mean     | -24.6    |
|    success_rate    | 0.35     |
| time/              |          |
|    episodes        | 3672     |
|    fps             | 80       |
|    time_elapsed    | 2788     |
|    total_timesteps | 223460   |
| train/             |          |
|    actor_loss      | -138     |
|    critic_loss     | 157      |
|    ent_coef        | 0.001    |
|    learning_rate   | 0.0003   |
|    n_updates       | 805163   |
---------------------------------
---------------------------------
| rollout/           |          |
|    ep_len_mean     | 63       |
|    ep_rew_mean     | -23.2    |
|    success_rate    | 0.37     |
| time/              |          |
|    episodes        | 3676     |
|    fps             | 80       |
|    time_elapsed    | 2791     |
|    total_timesteps | 223788   |
| train/             |          |
|    actor_loss      | -143     |
|    critic_loss     | 68       |
|    ent_coef        | 0.001    |
|    learning_rate   | 0.0003   |
|    n_updates       | 805245   |
---------------------------------
---------------------------------
| rollout/           |          |
|    ep_len_mean     | 64.7     |
|    ep_rew_mean     | -23      |
|    success_rate    | 0.37     |
| time/              |          |
|    episodes        | 3680     |
|    fps             | 80       |
|    time_elapsed    | 2792     |
|    total_timesteps | 223996   |
| train/             |          |
|    actor_loss      | -142     |
|    critic_loss     | 116      |
|    ent_coef        | 0.001    |
|    learning_rate   | 0.0003   |
|    n_updates       | 805297   |
---------------------------------
---------------------------------
| rollout/           |          |
|    ep_len_mean     | 66.9     |
|    ep_rew_mean     | -23.2    |
|    success_rate    | 0.37     |
| time/              |          |
|    episodes        | 3684     |
|    fps             | 80       |
|    time_elapsed    | 2795     |
|    total_timesteps | 224228   |
| train/             |          |
|    actor_loss      | -138     |
|    critic_loss     | 198      |
|    ent_coef        | 0.001    |
|    learning_rate   | 0.0003   |
|    n_updates       | 805355   |
---------------------------------
---------------------------------
| rollout/           |          |
|    ep_len_mean     | 67.7     |
|    ep_rew_mean     | -23      |
|    success_rate    | 0.37     |
| time/              |          |
|    episodes        | 3688     |
|    fps             | 80       |
|    time_elapsed    | 2798     |
|    total_timesteps | 224612   |
| train/             |          |
|    actor_loss      | -139     |
|    critic_loss     | 158      |
|    ent_coef        | 0.001    |
|    learning_rate   | 0.0003   |
|    n_updates       | 805451   |
---------------------------------
---------------------------------
| rollout/           |          |
|    ep_len_mean     | 69.7     |
|    ep_rew_mean     | -23.8    |
|    success_rate    | 0.37     |
| time/              |          |
|    episodes        | 3692     |
|    fps             | 80       |
|    time_elapsed    | 2799     |
|    total_timesteps | 224708   |
| train/             |          |
|    actor_loss      | -139     |
|    critic_loss     | 189      |
|    ent_coef        | 0.001    |
|    learning_rate   | 0.0003   |
|    n_updates       | 805475   |
---------------------------------
---------------------------------
| rollout/           |          |
|    ep_len_mean     | 68.7     |
|    ep_rew_mean     | -23.8    |
|    success_rate    | 0.38     |
| time/              |          |
|    episodes        | 3696     |
|    fps             | 80       |
|    time_elapsed    | 2801     |
|    total_timesteps | 224860   |
| train/             |          |
|    actor_loss      | -138     |
|    critic_loss     | 135      |
|    ent_coef        | 0.001    |
|    learning_rate   | 0.0003   |
|    n_updates       | 805513   |
---------------------------------
---------------------------------
| rollout/           |          |
|    ep_len_mean     | 68.7     |
|    ep_rew_mean     | -22.9    |
|    success_rate    | 0.39     |
| time/              |          |
|    episodes        | 3700     |
|    fps             | 80       |
|    time_elapsed    | 2802     |
|    total_timesteps | 224940   |
| train/             |          |
|    actor_loss      | -139     |
|    critic_loss     | 214      |
|    ent_coef        | 0.001    |
|    learning_rate   | 0.0003   |
|    n_updates       | 805533   |
---------------------------------
---------------------------------
| rollout/           |          |
|    ep_len_mean     | 69.4     |
|    ep_rew_mean     | -22.4    |
|    success_rate    | 0.4      |
| time/              |          |
|    episodes        | 3704     |
|    fps             | 80       |
|    time_elapsed    | 2806     |
|    total_timesteps | 225472   |
| train/             |          |
|    actor_loss      | -139     |
|    critic_loss     | 148      |
|    ent_coef        | 0.001    |
|    learning_rate   | 0.0003   |
|    n_updates       | 805666   |
---------------------------------
---------------------------------
| rollout/           |          |
|    ep_len_mean     | 69.6     |
|    ep_rew_mean     | -22.3    |
|    success_rate    | 0.41     |
| time/              |          |
|    episodes        | 3708     |
|    fps             | 80       |
|    time_elapsed    | 2808     |
|    total_timesteps | 225672   |
| train/             |          |
|    actor_loss      | -142     |
|    critic_loss     | 218      |
|    ent_coef        | 0.001    |
|    learning_rate   | 0.0003   |
|    n_updates       | 805716   |
---------------------------------
---------------------------------
| rollout/           |          |
|    ep_len_mean     | 69.7     |
|    ep_rew_mean     | -21.3    |
|    success_rate    | 0.4      |
| time/              |          |
|    episodes        | 3712     |
|    fps             | 80       |
|    time_elapsed    | 2813     |
|    total_timesteps | 226208   |
| train/             |          |
|    actor_loss      | -141     |
|    critic_loss     | 113      |
|    ent_coef        | 0.001    |
|    learning_rate   | 0.0003   |
|    n_updates       | 805850   |
---------------------------------
---------------------------------
| rollout/           |          |
|    ep_len_mean     | 68.4     |
|    ep_rew_mean     | -20.9    |
|    success_rate    | 0.42     |
| time/              |          |
|    episodes        | 3716     |
|    fps             | 80       |
|    time_elapsed    | 2815     |
|    total_timesteps | 226420   |
| train/             |          |
|    actor_loss      | -138     |
|    critic_loss     | 117      |
|    ent_coef        | 0.001    |
|    learning_rate   | 0.0003   |
|    n_updates       | 805903   |
---------------------------------
---------------------------------
| rollout/           |          |
|    ep_len_mean     | 66.5     |
|    ep_rew_mean     | -22      |
|    success_rate    | 0.41     |
| time/              |          |
|    episodes        | 3720     |
|    fps             | 80       |
|    time_elapsed    | 2815     |
|    total_timesteps | 226444   |
| train/             |          |
|    actor_loss      | -138     |
|    critic_loss     | 128      |
|    ent_coef        | 0.001    |
|    learning_rate   | 0.0003   |
|    n_updates       | 805909   |
---------------------------------
---------------------------------
| rollout/           |          |
|    ep_len_mean     | 62.7     |
|    ep_rew_mean     | -21.4    |
|    success_rate    | 0.41     |
| time/              |          |
|    episodes        | 3724     |
|    fps             | 80       |
|    time_elapsed    | 2819     |
|    total_timesteps | 226908   |
| train/             |          |
|    actor_loss      | -139     |
|    critic_loss     | 78.5     |
|    ent_coef        | 0.001    |
|    learning_rate   | 0.0003   |
|    n_updates       | 806025   |
---------------------------------
---------------------------------
| rollout/           |          |
|    ep_len_mean     | 58.4     |
|    ep_rew_mean     | -20.7    |
|    success_rate    | 0.41     |
| time/              |          |
|    episodes        | 3728     |
|    fps             | 80       |
|    time_elapsed    | 2821     |
|    total_timesteps | 227076   |
| train/             |          |
|    actor_loss      | -140     |
|    critic_loss     | 101      |
|    ent_coef        | 0.001    |
|    learning_rate   | 0.0003   |
|    n_updates       | 806067   |
---------------------------------
---------------------------------
| rollout/           |          |
|    ep_len_mean     | 61.7     |
|    ep_rew_mean     | -20.7    |
|    success_rate    | 0.42     |
| time/              |          |
|    episodes        | 3732     |
|    fps             | 80       |
|    time_elapsed    | 2822     |
|    total_timesteps | 227232   |
| train/             |          |
|    actor_loss      | -142     |
|    critic_loss     | 78.1     |
|    ent_coef        | 0.001    |
|    learning_rate   | 0.0003   |
|    n_updates       | 806106   |
---------------------------------
---------------------------------
| rollout/           |          |
|    ep_len_mean     | 61.7     |
|    ep_rew_mean     | -21.2    |
|    success_rate    | 0.41     |
| time/              |          |
|    episodes        | 3736     |
|    fps             | 80       |
|    time_elapsed    | 2824     |
|    total_timesteps | 227376   |
| train/             |          |
|    actor_loss      | -140     |
|    critic_loss     | 25.2     |
|    ent_coef        | 0.001    |
|    learning_rate   | 0.0003   |
|    n_updates       | 806142   |
---------------------------------
---------------------------------
| rollout/           |          |
|    ep_len_mean     | 61.9     |
|    ep_rew_mean     | -21.3    |
|    success_rate    | 0.41     |
| time/              |          |
|    episodes        | 3740     |
|    fps             | 80       |
|    time_elapsed    | 2825     |
|    total_timesteps | 227516   |
| train/             |          |
|    actor_loss      | -136     |
|    critic_loss     | 172      |
|    ent_coef        | 0.001    |
|    learning_rate   | 0.0003   |
|    n_updates       | 806177   |
---------------------------------
---------------------------------
| rollout/           |          |
|    ep_len_mean     | 61.4     |
|    ep_rew_mean     | -20      |
|    success_rate    | 0.43     |
| time/              |          |
|    episodes        | 3744     |
|    fps             | 80       |
|    time_elapsed    | 2827     |
|    total_timesteps | 227688   |
| train/             |          |
|    actor_loss      | -137     |
|    critic_loss     | 102      |
|    ent_coef        | 0.001    |
|    learning_rate   | 0.0003   |
|    n_updates       | 806220   |
---------------------------------
---------------------------------
| rollout/           |          |
|    ep_len_mean     | 61.8     |
|    ep_rew_mean     | -19.2    |
|    success_rate    | 0.47     |
| time/              |          |
|    episodes        | 3748     |
|    fps             | 80       |
|    time_elapsed    | 2828     |
|    total_timesteps | 227820   |
| train/             |          |
|    actor_loss      | -138     |
|    critic_loss     | 178      |
|    ent_coef        | 0.001    |
|    learning_rate   | 0.0003   |
|    n_updates       | 806253   |
---------------------------------
---------------------------------
| rollout/           |          |
|    ep_len_mean     | 63.1     |
|    ep_rew_mean     | -20.1    |
|    success_rate    | 0.45     |
| time/              |          |
|    episodes        | 3752     |
|    fps             | 80       |
|    time_elapsed    | 2829     |
|    total_timesteps | 227868   |
| train/             |          |
|    actor_loss      | -138     |
|    critic_loss     | 133      |
|    ent_coef        | 0.001    |
|    learning_rate   | 0.0003   |
|    n_updates       | 806265   |
---------------------------------
---------------------------------
| rollout/           |          |
|    ep_len_mean     | 59.4     |
|    ep_rew_mean     | -19.5    |
|    success_rate    | 0.44     |
| time/              |          |
|    episodes        | 3756     |
|    fps             | 80       |
|    time_elapsed    | 2830     |
|    total_timesteps | 227916   |
| train/             |          |
|    actor_loss      | -138     |
|    critic_loss     | 152      |
|    ent_coef        | 0.001    |
|    learning_rate   | 0.0003   |
|    n_updates       | 806277   |
---------------------------------
---------------------------------
| rollout/           |          |
|    ep_len_mean     | 55.1     |
|    ep_rew_mean     | -17.5    |
|    success_rate    | 0.45     |
| time/              |          |
|    episodes        | 3760     |
|    fps             | 80       |
|    time_elapsed    | 2833     |
|    total_timesteps | 228260   |
| train/             |          |
|    actor_loss      | -139     |
|    critic_loss     | 27.9     |
|    ent_coef        | 0.001    |
|    learning_rate   | 0.0003   |
|    n_updates       | 806363   |
---------------------------------
---------------------------------
| rollout/           |          |
|    ep_len_mean     | 59.5     |
|    ep_rew_mean     | -18.6    |
|    success_rate    | 0.43     |
| time/              |          |
|    episodes        | 3764     |
|    fps             | 80       |
|    time_elapsed    | 2836     |
|    total_timesteps | 228616   |
| train/             |          |
|    actor_loss      | -140     |
|    critic_loss     | 62.9     |
|    ent_coef        | 0.001    |
|    learning_rate   | 0.0003   |
|    n_updates       | 806452   |
---------------------------------
---------------------------------
| rollout/           |          |
|    ep_len_mean     | 55.9     |
|    ep_rew_mean     | -17.9    |
|    success_rate    | 0.43     |
| time/              |          |
|    episodes        | 3768     |
|    fps             | 80       |
|    time_elapsed    | 2840     |
|    total_timesteps | 228968   |
| train/             |          |
|    actor_loss      | -142     |
|    critic_loss     | 155      |
|    ent_coef        | 0.001    |
|    learning_rate   | 0.0003   |
|    n_updates       | 806540   |
---------------------------------
---------------------------------
| rollout/           |          |
|    ep_len_mean     | 59       |
|    ep_rew_mean     | -18.9    |
|    success_rate    | 0.42     |
| time/              |          |
|    episodes        | 3772     |
|    fps             | 80       |
|    time_elapsed    | 2844     |
|    total_timesteps | 229356   |
| train/             |          |
|    actor_loss      | -140     |
|    critic_loss     | 152      |
|    ent_coef        | 0.001    |
|    learning_rate   | 0.0003   |
|    n_updates       | 806637   |
---------------------------------
---------------------------------
| rollout/           |          |
|    ep_len_mean     | 60.3     |
|    ep_rew_mean     | -21.1    |
|    success_rate    | 0.39     |
| time/              |          |
|    episodes        | 3776     |
|    fps             | 80       |
|    time_elapsed    | 2848     |
|    total_timesteps | 229792   |
| train/             |          |
|    actor_loss      | -137     |
|    critic_loss     | 192      |
|    ent_coef        | 0.001    |
|    learning_rate   | 0.0003   |
|    n_updates       | 806746   |
---------------------------------
---------------------------------
| rollout/           |          |
|    ep_len_mean     | 60.4     |
|    ep_rew_mean     | -21.8    |
|    success_rate    | 0.37     |
| time/              |          |
|    episodes        | 3780     |
|    fps             | 80       |
|    time_elapsed    | 2850     |
|    total_timesteps | 229988   |
| train/             |          |
|    actor_loss      | -141     |
|    critic_loss     | 204      |
|    ent_coef        | 0.001    |
|    learning_rate   | 0.0003   |
|    n_updates       | 806795   |
---------------------------------
Eval num_timesteps=230000, episode_reward=-27.69 +/- 34.54
Episode length: 88.98 +/- 76.59
Success rate: 50.00%
---------------------------------
| eval/              |          |
|    mean_ep_length  | 89       |
|    mean_reward     | -27.7    |
|    success_rate    | 0.5      |
| time/              |          |
|    total_timesteps | 230000   |
| train/             |          |
|    actor_loss      | -140     |
|    critic_loss     | 137      |
|    ent_coef        | 0.001    |
|    learning_rate   | 0.0003   |
|    n_updates       | 806798   |
---------------------------------
Eval num_timesteps=230000, episode_reward=-17.47 +/- 8.19
Episode length: 5.02 +/- 24.34
Success rate: 8.00%
---------------------------------
| eval/              |          |
|    mean_ep_length  | 5.02     |
|    mean_reward     | -17.5    |
|    success_rate    | 0.08     |
| time/              |          |
|    total_timesteps | 230000   |
---------------------------------
Eval num_timesteps=230000, episode_reward=-20.22 +/- 0.10
Episode length: 1.36 +/- 0.59
Success rate: 0.00%
---------------------------------
| eval/              |          |
|    mean_ep_length  | 1.36     |
|    mean_reward     | -20.2    |
|    success_rate    | 0        |
| time/              |          |
|    total_timesteps | 230000   |
---------------------------------
---------------------------------
| rollout/           |          |
|    ep_len_mean     | 58.8     |
|    ep_rew_mean     | -22.2    |
|    success_rate    | 0.37     |
| time/              |          |
|    episodes        | 3784     |
|    fps             | 80       |
|    time_elapsed    | 2875     |
|    total_timesteps | 230260   |
| train/             |          |
|    actor_loss      | -140     |
|    critic_loss     | 111      |
|    ent_coef        | 0.001    |
|    learning_rate   | 0.0003   |
|    n_updates       | 806863   |
---------------------------------
---------------------------------
| rollout/           |          |
|    ep_len_mean     | 57.9     |
|    ep_rew_mean     | -22.4    |
|    success_rate    | 0.36     |
| time/              |          |
|    episodes        | 3788     |
|    fps             | 80       |
|    time_elapsed    | 2876     |
|    total_timesteps | 230284   |
| train/             |          |
|    actor_loss      | -139     |
|    critic_loss     | 122      |
|    ent_coef        | 0.001    |
|    learning_rate   | 0.0003   |
|    n_updates       | 806869   |
---------------------------------
---------------------------------
| rollout/           |          |
|    ep_len_mean     | 57.6     |
|    ep_rew_mean     | -21.9    |
|    success_rate    | 0.37     |
| time/              |          |
|    episodes        | 3792     |
|    fps             | 80       |
|    time_elapsed    | 2878     |
|    total_timesteps | 230556   |
| train/             |          |
|    actor_loss      | -141     |
|    critic_loss     | 239      |
|    ent_coef        | 0.001    |
|    learning_rate   | 0.0003   |
|    n_updates       | 806937   |
---------------------------------
---------------------------------
| rollout/           |          |
|    ep_len_mean     | 58.4     |
|    ep_rew_mean     | -22.6    |
|    success_rate    | 0.34     |
| time/              |          |
|    episodes        | 3796     |
|    fps             | 80       |
|    time_elapsed    | 2880     |
|    total_timesteps | 230792   |
| train/             |          |
|    actor_loss      | -136     |
|    critic_loss     | 112      |
|    ent_coef        | 0.001    |
|    learning_rate   | 0.0003   |
|    n_updates       | 806996   |
---------------------------------
---------------------------------
| rollout/           |          |
|    ep_len_mean     | 60.2     |
|    ep_rew_mean     | -23.1    |
|    success_rate    | 0.33     |
| time/              |          |
|    episodes        | 3800     |
|    fps             | 80       |
|    time_elapsed    | 2883     |
|    total_timesteps | 231164   |
| train/             |          |
|    actor_loss      | -140     |
|    critic_loss     | 111      |
|    ent_coef        | 0.001    |
|    learning_rate   | 0.0003   |
|    n_updates       | 807089   |
---------------------------------
---------------------------------
| rollout/           |          |
|    ep_len_mean     | 56.9     |
|    ep_rew_mean     | -23.4    |
|    success_rate    | 0.31     |
| time/              |          |
|    episodes        | 3804     |
|    fps             | 80       |
|    time_elapsed    | 2884     |
|    total_timesteps | 231212   |
| train/             |          |
|    actor_loss      | -140     |
|    critic_loss     | 87.8     |
|    ent_coef        | 0.001    |
|    learning_rate   | 0.0003   |
|    n_updates       | 807101   |
---------------------------------
---------------------------------
| rollout/           |          |
|    ep_len_mean     | 56.9     |
|    ep_rew_mean     | -23.2    |
|    success_rate    | 0.31     |
| time/              |          |
|    episodes        | 3808     |
|    fps             | 80       |
|    time_elapsed    | 2885     |
|    total_timesteps | 231308   |
| train/             |          |
|    actor_loss      | -140     |
|    critic_loss     | 198      |
|    ent_coef        | 0.001    |
|    learning_rate   | 0.0003   |
|    n_updates       | 807125   |
---------------------------------
---------------------------------
| rollout/           |          |
|    ep_len_mean     | 56.7     |
|    ep_rew_mean     | -23.6    |
|    success_rate    | 0.32     |
| time/              |          |
|    episodes        | 3812     |
|    fps             | 80       |
|    time_elapsed    | 2888     |
|    total_timesteps | 231676   |
| train/             |          |
|    actor_loss      | -140     |
|    critic_loss     | 88.5     |
|    ent_coef        | 0.001    |
|    learning_rate   | 0.0003   |
|    n_updates       | 807217   |
---------------------------------
---------------------------------
| rollout/           |          |
|    ep_len_mean     | 54.4     |
|    ep_rew_mean     | -21.6    |
|    success_rate    | 0.33     |
| time/              |          |
|    episodes        | 3816     |
|    fps             | 80       |
|    time_elapsed    | 2890     |
|    total_timesteps | 231980   |
| train/             |          |
|    actor_loss      | -141     |
|    critic_loss     | 159      |
|    ent_coef        | 0.001    |
|    learning_rate   | 0.0003   |
|    n_updates       | 807293   |
---------------------------------
---------------------------------
| rollout/           |          |
|    ep_len_mean     | 57.9     |
|    ep_rew_mean     | -21.7    |
|    success_rate    | 0.33     |
| time/              |          |
|    episodes        | 3820     |
|    fps             | 80       |
|    time_elapsed    | 2894     |
|    total_timesteps | 232384   |
| train/             |          |
|    actor_loss      | -141     |
|    critic_loss     | 44.6     |
|    ent_coef        | 0.001    |
|    learning_rate   | 0.0003   |
|    n_updates       | 807394   |
---------------------------------
---------------------------------
| rollout/           |          |
|    ep_len_mean     | 57.6     |
|    ep_rew_mean     | -21.3    |
|    success_rate    | 0.33     |
| time/              |          |
|    episodes        | 3824     |
|    fps             | 80       |
|    time_elapsed    | 2896     |
|    total_timesteps | 232688   |
| train/             |          |
|    actor_loss      | -142     |
|    critic_loss     | 36.1     |
|    ent_coef        | 0.001    |
|    learning_rate   | 0.0003   |
|    n_updates       | 807470   |
---------------------------------
---------------------------------
| rollout/           |          |
|    ep_len_mean     | 59.3     |
|    ep_rew_mean     | -21.8    |
|    success_rate    | 0.33     |
| time/              |          |
|    episodes        | 3828     |
|    fps             | 80       |
|    time_elapsed    | 2898     |
|    total_timesteps | 232832   |
| train/             |          |
|    actor_loss      | -143     |
|    critic_loss     | 65.4     |
|    ent_coef        | 0.001    |
|    learning_rate   | 0.0003   |
|    n_updates       | 807506   |
---------------------------------
---------------------------------
| rollout/           |          |
|    ep_len_mean     | 57.6     |
|    ep_rew_mean     | -21.6    |
|    success_rate    | 0.32     |
| time/              |          |
|    episodes        | 3832     |
|    fps             | 80       |
|    time_elapsed    | 2899     |
|    total_timesteps | 232900   |
| train/             |          |
|    actor_loss      | -143     |
|    critic_loss     | 40.5     |
|    ent_coef        | 0.001    |
|    learning_rate   | 0.0003   |
|    n_updates       | 807523   |
---------------------------------
---------------------------------
| rollout/           |          |
|    ep_len_mean     | 55.9     |
|    ep_rew_mean     | -20.5    |
|    success_rate    | 0.34     |
| time/              |          |
|    episodes        | 3836     |
|    fps             | 80       |
|    time_elapsed    | 2900     |
|    total_timesteps | 232972   |
| train/             |          |
|    actor_loss      | -139     |
|    critic_loss     | 86.8     |
|    ent_coef        | 0.001    |
|    learning_rate   | 0.0003   |
|    n_updates       | 807541   |
---------------------------------
---------------------------------
| rollout/           |          |
|    ep_len_mean     | 57.5     |
|    ep_rew_mean     | -21      |
|    success_rate    | 0.34     |
| time/              |          |
|    episodes        | 3840     |
|    fps             | 80       |
|    time_elapsed    | 2901     |
|    total_timesteps | 233164   |
| train/             |          |
|    actor_loss      | -143     |
|    critic_loss     | 95.4     |
|    ent_coef        | 0.001    |
|    learning_rate   | 0.0003   |
|    n_updates       | 807589   |
---------------------------------
---------------------------------
| rollout/           |          |
|    ep_len_mean     | 58.3     |
|    ep_rew_mean     | -21.3    |
|    success_rate    | 0.33     |
| time/              |          |
|    episodes        | 3844     |
|    fps             | 80       |
|    time_elapsed    | 2905     |
|    total_timesteps | 233592   |
| train/             |          |
|    actor_loss      | -136     |
|    critic_loss     | 69.3     |
|    ent_coef        | 0.001    |
|    learning_rate   | 0.0003   |
|    n_updates       | 807696   |
---------------------------------
---------------------------------
| rollout/           |          |
|    ep_len_mean     | 59.6     |
|    ep_rew_mean     | -22.1    |
|    success_rate    | 0.29     |
| time/              |          |
|    episodes        | 3848     |
|    fps             | 80       |
|    time_elapsed    | 2906     |
|    total_timesteps | 233680   |
| train/             |          |
|    actor_loss      | -142     |
|    critic_loss     | 263      |
|    ent_coef        | 0.001    |
|    learning_rate   | 0.0003   |
|    n_updates       | 807718   |
---------------------------------
---------------------------------
| rollout/           |          |
|    ep_len_mean     | 58       |
|    ep_rew_mean     | -21.3    |
|    success_rate    | 0.31     |
| time/              |          |
|    episodes        | 3852     |
|    fps             | 80       |
|    time_elapsed    | 2907     |
|    total_timesteps | 233736   |
| train/             |          |
|    actor_loss      | -141     |
|    critic_loss     | 103      |
|    ent_coef        | 0.001    |
|    learning_rate   | 0.0003   |
|    n_updates       | 807732   |
---------------------------------
---------------------------------
| rollout/           |          |
|    ep_len_mean     | 58.1     |
|    ep_rew_mean     | -20.7    |
|    success_rate    | 0.33     |
| time/              |          |
|    episodes        | 3856     |
|    fps             | 80       |
|    time_elapsed    | 2908     |
|    total_timesteps | 233828   |
| train/             |          |
|    actor_loss      | -140     |
|    critic_loss     | 144      |
|    ent_coef        | 0.001    |
|    learning_rate   | 0.0003   |
|    n_updates       | 807755   |
---------------------------------
---------------------------------
| rollout/           |          |
|    ep_len_mean     | 59       |
|    ep_rew_mean     | -21.9    |
|    success_rate    | 0.33     |
| time/              |          |
|    episodes        | 3860     |
|    fps             | 80       |
|    time_elapsed    | 2910     |
|    total_timesteps | 234060   |
| train/             |          |
|    actor_loss      | -140     |
|    critic_loss     | 167      |
|    ent_coef        | 0.001    |
|    learning_rate   | 0.0003   |
|    n_updates       | 807813   |
---------------------------------
---------------------------------
| rollout/           |          |
|    ep_len_mean     | 57.3     |
|    ep_rew_mean     | -22.4    |
|    success_rate    | 0.33     |
| time/              |          |
|    episodes        | 3864     |
|    fps             | 80       |
|    time_elapsed    | 2912     |
|    total_timesteps | 234384   |
| train/             |          |
|    actor_loss      | -141     |
|    critic_loss     | 121      |
|    ent_coef        | 0.001    |
|    learning_rate   | 0.0003   |
|    n_updates       | 807894   |
---------------------------------
---------------------------------
| rollout/           |          |
|    ep_len_mean     | 58.3     |
|    ep_rew_mean     | -21.9    |
|    success_rate    | 0.33     |
| time/              |          |
|    episodes        | 3868     |
|    fps             | 80       |
|    time_elapsed    | 2915     |
|    total_timesteps | 234760   |
| train/             |          |
|    actor_loss      | -141     |
|    critic_loss     | 72.7     |
|    ent_coef        | 0.001    |
|    learning_rate   | 0.0003   |
|    n_updates       | 807988   |
---------------------------------
---------------------------------
| rollout/           |          |
|    ep_len_mean     | 55.1     |
|    ep_rew_mean     | -21.1    |
|    success_rate    | 0.34     |
| time/              |          |
|    episodes        | 3872     |
|    fps             | 80       |
|    time_elapsed    | 2917     |
|    total_timesteps | 234972   |
| train/             |          |
|    actor_loss      | -137     |
|    critic_loss     | 158      |
|    ent_coef        | 0.001    |
|    learning_rate   | 0.0003   |
|    n_updates       | 808041   |
---------------------------------
---------------------------------
| rollout/           |          |
|    ep_len_mean     | 53.7     |
|    ep_rew_mean     | -20.4    |
|    success_rate    | 0.36     |
| time/              |          |
|    episodes        | 3876     |
|    fps             | 80       |
|    time_elapsed    | 2919     |
|    total_timesteps | 235120   |
| train/             |          |
|    actor_loss      | -141     |
|    critic_loss     | 196      |
|    ent_coef        | 0.001    |
|    learning_rate   | 0.0003   |
|    n_updates       | 808078   |
---------------------------------
---------------------------------
| rollout/           |          |
|    ep_len_mean     | 53.5     |
|    ep_rew_mean     | -20      |
|    success_rate    | 0.37     |
| time/              |          |
|    episodes        | 3880     |
|    fps             | 80       |
|    time_elapsed    | 2921     |
|    total_timesteps | 235352   |
| train/             |          |
|    actor_loss      | -138     |
|    critic_loss     | 47.1     |
|    ent_coef        | 0.001    |
|    learning_rate   | 0.0003   |
|    n_updates       | 808136   |
---------------------------------
---------------------------------
| rollout/           |          |
|    ep_len_mean     | 53.1     |
|    ep_rew_mean     | -18.5    |
|    success_rate    | 0.38     |
| time/              |          |
|    episodes        | 3884     |
|    fps             | 80       |
|    time_elapsed    | 2922     |
|    total_timesteps | 235476   |
| train/             |          |
|    actor_loss      | -140     |
|    critic_loss     | 117      |
|    ent_coef        | 0.001    |
|    learning_rate   | 0.0003   |
|    n_updates       | 808167   |
---------------------------------
---------------------------------
| rollout/           |          |
|    ep_len_mean     | 54.5     |
|    ep_rew_mean     | -18.6    |
|    success_rate    | 0.4      |
| time/              |          |
|    episodes        | 3888     |
|    fps             | 80       |
|    time_elapsed    | 2924     |
|    total_timesteps | 235732   |
| train/             |          |
|    actor_loss      | -137     |
|    critic_loss     | 174      |
|    ent_coef        | 0.001    |
|    learning_rate   | 0.0003   |
|    n_updates       | 808231   |
---------------------------------
---------------------------------
| rollout/           |          |
|    ep_len_mean     | 53.2     |
|    ep_rew_mean     | -18.3    |
|    success_rate    | 0.4      |
| time/              |          |
|    episodes        | 3892     |
|    fps             | 80       |
|    time_elapsed    | 2925     |
|    total_timesteps | 235832   |
| train/             |          |
|    actor_loss      | -145     |
|    critic_loss     | 111      |
|    ent_coef        | 0.001    |
|    learning_rate   | 0.0003   |
|    n_updates       | 808256   |
---------------------------------
---------------------------------
| rollout/           |          |
|    ep_len_mean     | 52.1     |
|    ep_rew_mean     | -17.7    |
|    success_rate    | 0.43     |
| time/              |          |
|    episodes        | 3896     |
|    fps             | 80       |
|    time_elapsed    | 2926     |
|    total_timesteps | 235936   |
| train/             |          |
|    actor_loss      | -141     |
|    critic_loss     | 21.2     |
|    ent_coef        | 0.001    |
|    learning_rate   | 0.0003   |
|    n_updates       | 808282   |
---------------------------------
---------------------------------
| rollout/           |          |
|    ep_len_mean     | 50.5     |
|    ep_rew_mean     | -18.1    |
|    success_rate    | 0.45     |
| time/              |          |
|    episodes        | 3900     |
|    fps             | 80       |
|    time_elapsed    | 2928     |
|    total_timesteps | 236064   |
| train/             |          |
|    actor_loss      | -140     |
|    critic_loss     | 24.3     |
|    ent_coef        | 0.001    |
|    learning_rate   | 0.0003   |
|    n_updates       | 808314   |
---------------------------------
---------------------------------
| rollout/           |          |
|    ep_len_mean     | 50.8     |
|    ep_rew_mean     | -17.9    |
|    success_rate    | 0.46     |
| time/              |          |
|    episodes        | 3904     |
|    fps             | 80       |
|    time_elapsed    | 2930     |
|    total_timesteps | 236228   |
| train/             |          |
|    actor_loss      | -136     |
|    critic_loss     | 165      |
|    ent_coef        | 0.001    |
|    learning_rate   | 0.0003   |
|    n_updates       | 808355   |
---------------------------------
---------------------------------
| rollout/           |          |
|    ep_len_mean     | 51.5     |
|    ep_rew_mean     | -19.7    |
|    success_rate    | 0.45     |
| time/              |          |
|    episodes        | 3908     |
|    fps             | 80       |
|    time_elapsed    | 2933     |
|    total_timesteps | 236600   |
| train/             |          |
|    actor_loss      | -139     |
|    critic_loss     | 117      |
|    ent_coef        | 0.001    |
|    learning_rate   | 0.0003   |
|    n_updates       | 808448   |
---------------------------------
---------------------------------
| rollout/           |          |
|    ep_len_mean     | 47.8     |
|    ep_rew_mean     | -18.3    |
|    success_rate    | 0.45     |
| time/              |          |
|    episodes        | 3912     |
|    fps             | 80       |
|    time_elapsed    | 2934     |
|    total_timesteps | 236672   |
| train/             |          |
|    actor_loss      | -139     |
|    critic_loss     | 136      |
|    ent_coef        | 0.001    |
|    learning_rate   | 0.0003   |
|    n_updates       | 808466   |
---------------------------------
---------------------------------
| rollout/           |          |
|    ep_len_mean     | 49.8     |
|    ep_rew_mean     | -20      |
|    success_rate    | 0.42     |
| time/              |          |
|    episodes        | 3916     |
|    fps             | 80       |
|    time_elapsed    | 2935     |
|    total_timesteps | 236764   |
| train/             |          |
|    actor_loss      | -142     |
|    critic_loss     | 55       |
|    ent_coef        | 0.001    |
|    learning_rate   | 0.0003   |
|    n_updates       | 808489   |
---------------------------------
---------------------------------
| rollout/           |          |
|    ep_len_mean     | 50       |
|    ep_rew_mean     | -19.9    |
|    success_rate    | 0.43     |
| time/              |          |
|    episodes        | 3920     |
|    fps             | 80       |
|    time_elapsed    | 2940     |
|    total_timesteps | 237416   |
| train/             |          |
|    actor_loss      | -140     |
|    critic_loss     | 176      |
|    ent_coef        | 0.001    |
|    learning_rate   | 0.0003   |
|    n_updates       | 808652   |
---------------------------------
---------------------------------
| rollout/           |          |
|    ep_len_mean     | 50.1     |
|    ep_rew_mean     | -18.8    |
|    success_rate    | 0.46     |
| time/              |          |
|    episodes        | 3924     |
|    fps             | 80       |
|    time_elapsed    | 2941     |
|    total_timesteps | 237508   |
| train/             |          |
|    actor_loss      | -141     |
|    critic_loss     | 132      |
|    ent_coef        | 0.001    |
|    learning_rate   | 0.0003   |
|    n_updates       | 808675   |
---------------------------------
---------------------------------
| rollout/           |          |
|    ep_len_mean     | 48.4     |
|    ep_rew_mean     | -17.9    |
|    success_rate    | 0.47     |
| time/              |          |
|    episodes        | 3928     |
|    fps             | 80       |
|    time_elapsed    | 2942     |
|    total_timesteps | 237564   |
| train/             |          |
|    actor_loss      | -139     |
|    critic_loss     | 246      |
|    ent_coef        | 0.001    |
|    learning_rate   | 0.0003   |
|    n_updates       | 808689   |
---------------------------------
---------------------------------
| rollout/           |          |
|    ep_len_mean     | 47       |
|    ep_rew_mean     | -17.6    |
|    success_rate    | 0.49     |
| time/              |          |
|    episodes        | 3932     |
|    fps             | 80       |
|    time_elapsed    | 2943     |
|    total_timesteps | 237660   |
| train/             |          |
|    actor_loss      | -140     |
|    critic_loss     | 112      |
|    ent_coef        | 0.001    |
|    learning_rate   | 0.0003   |
|    n_updates       | 808713   |
---------------------------------
---------------------------------
| rollout/           |          |
|    ep_len_mean     | 48.6     |
|    ep_rew_mean     | -19.4    |
|    success_rate    | 0.47     |
| time/              |          |
|    episodes        | 3936     |
|    fps             | 80       |
|    time_elapsed    | 2943     |
|    total_timesteps | 237708   |
| train/             |          |
|    actor_loss      | -135     |
|    critic_loss     | 114      |
|    ent_coef        | 0.001    |
|    learning_rate   | 0.0003   |
|    n_updates       | 808725   |
---------------------------------
---------------------------------
| rollout/           |          |
|    ep_len_mean     | 47.1     |
|    ep_rew_mean     | -18.6    |
|    success_rate    | 0.48     |
| time/              |          |
|    episodes        | 3940     |
|    fps             | 80       |
|    time_elapsed    | 2945     |
|    total_timesteps | 237868   |
| train/             |          |
|    actor_loss      | -141     |
|    critic_loss     | 134      |
|    ent_coef        | 0.001    |
|    learning_rate   | 0.0003   |
|    n_updates       | 808765   |
---------------------------------
---------------------------------
| rollout/           |          |
|    ep_len_mean     | 48.4     |
|    ep_rew_mean     | -19.9    |
|    success_rate    | 0.46     |
| time/              |          |
|    episodes        | 3944     |
|    fps             | 80       |
|    time_elapsed    | 2949     |
|    total_timesteps | 238360   |
| train/             |          |
|    actor_loss      | -145     |
|    critic_loss     | 94.5     |
|    ent_coef        | 0.001    |
|    learning_rate   | 0.0003   |
|    n_updates       | 808888   |
---------------------------------
---------------------------------
| rollout/           |          |
|    ep_len_mean     | 46.6     |
|    ep_rew_mean     | -19.9    |
|    success_rate    | 0.46     |
| time/              |          |
|    episodes        | 3948     |
|    fps             | 80       |
|    time_elapsed    | 2949     |
|    total_timesteps | 238376   |
| train/             |          |
|    actor_loss      | -135     |
|    critic_loss     | 120      |
|    ent_coef        | 0.001    |
|    learning_rate   | 0.0003   |
|    n_updates       | 808892   |
---------------------------------
---------------------------------
| rollout/           |          |
|    ep_len_mean     | 46.9     |
|    ep_rew_mean     | -19.7    |
|    success_rate    | 0.47     |
| time/              |          |
|    episodes        | 3952     |
|    fps             | 80       |
|    time_elapsed    | 2951     |
|    total_timesteps | 238508   |
| train/             |          |
|    actor_loss      | -140     |
|    critic_loss     | 92.1     |
|    ent_coef        | 0.001    |
|    learning_rate   | 0.0003   |
|    n_updates       | 808925   |
---------------------------------
---------------------------------
| rollout/           |          |
|    ep_len_mean     | 48.8     |
|    ep_rew_mean     | -19.7    |
|    success_rate    | 0.47     |
| time/              |          |
|    episodes        | 3956     |
|    fps             | 80       |
|    time_elapsed    | 2952     |
|    total_timesteps | 238568   |
| train/             |          |
|    actor_loss      | -139     |
|    critic_loss     | 166      |
|    ent_coef        | 0.001    |
|    learning_rate   | 0.0003   |
|    n_updates       | 808940   |
---------------------------------
---------------------------------
| rollout/           |          |
|    ep_len_mean     | 47.3     |
|    ep_rew_mean     | -18.1    |
|    success_rate    | 0.48     |
| time/              |          |
|    episodes        | 3960     |
|    fps             | 80       |
|    time_elapsed    | 2953     |
|    total_timesteps | 238756   |
| train/             |          |
|    actor_loss      | -137     |
|    critic_loss     | 227      |
|    ent_coef        | 0.001    |
|    learning_rate   | 0.0003   |
|    n_updates       | 808987   |
---------------------------------
---------------------------------
| rollout/           |          |
|    ep_len_mean     | 46       |
|    ep_rew_mean     | -16.6    |
|    success_rate    | 0.5      |
| time/              |          |
|    episodes        | 3964     |
|    fps             | 80       |
|    time_elapsed    | 2956     |
|    total_timesteps | 239060   |
| train/             |          |
|    actor_loss      | -136     |
|    critic_loss     | 101      |
|    ent_coef        | 0.001    |
|    learning_rate   | 0.0003   |
|    n_updates       | 809063   |
---------------------------------
---------------------------------
| rollout/           |          |
|    ep_len_mean     | 46.4     |
|    ep_rew_mean     | -16.5    |
|    success_rate    | 0.51     |
| time/              |          |
|    episodes        | 3968     |
|    fps             | 80       |
|    time_elapsed    | 2958     |
|    total_timesteps | 239308   |
| train/             |          |
|    actor_loss      | -139     |
|    critic_loss     | 26       |
|    ent_coef        | 0.001    |
|    learning_rate   | 0.0003   |
|    n_updates       | 809125   |
---------------------------------
---------------------------------
| rollout/           |          |
|    ep_len_mean     | 46.1     |
|    ep_rew_mean     | -16.2    |
|    success_rate    | 0.51     |
| time/              |          |
|    episodes        | 3972     |
|    fps             | 80       |
|    time_elapsed    | 2959     |
|    total_timesteps | 239400   |
| train/             |          |
|    actor_loss      | -141     |
|    critic_loss     | 50.8     |
|    ent_coef        | 0.001    |
|    learning_rate   | 0.0003   |
|    n_updates       | 809148   |
---------------------------------
---------------------------------
| rollout/           |          |
|    ep_len_mean     | 46.2     |
|    ep_rew_mean     | -17      |
|    success_rate    | 0.52     |
| time/              |          |
|    episodes        | 3976     |
|    fps             | 80       |
|    time_elapsed    | 2961     |
|    total_timesteps | 239676   |
| train/             |          |
|    actor_loss      | -139     |
|    critic_loss     | 93.4     |
|    ent_coef        | 0.001    |
|    learning_rate   | 0.0003   |
|    n_updates       | 809217   |
---------------------------------
---------------------------------
| rollout/           |          |
|    ep_len_mean     | 46.1     |
|    ep_rew_mean     | -17.4    |
|    success_rate    | 0.54     |
| time/              |          |
|    episodes        | 3980     |
|    fps             | 80       |
|    time_elapsed    | 2963     |
|    total_timesteps | 239904   |
| train/             |          |
|    actor_loss      | -140     |
|    critic_loss     | 88.7     |
|    ent_coef        | 0.001    |
|    learning_rate   | 0.0003   |
|    n_updates       | 809274   |
---------------------------------
Eval num_timesteps=240000, episode_reward=-38.86 +/- 55.04
Episode length: 92.82 +/- 79.19
Success rate: 46.00%
---------------------------------
| eval/              |          |
|    mean_ep_length  | 92.8     |
|    mean_reward     | -38.9    |
|    success_rate    | 0.46     |
| time/              |          |
|    total_timesteps | 240000   |
| train/             |          |
|    actor_loss      | -135     |
|    critic_loss     | 68.9     |
|    ent_coef        | 0.001    |
|    learning_rate   | 0.0003   |
|    n_updates       | 809298   |
---------------------------------
Eval num_timesteps=240000, episode_reward=-13.95 +/- 11.11
Episode length: 25.30 +/- 56.91
Success rate: 18.00%
---------------------------------
| eval/              |          |
|    mean_ep_length  | 25.3     |
|    mean_reward     | -14      |
|    success_rate    | 0.18     |
| time/              |          |
|    total_timesteps | 240000   |
---------------------------------
Eval num_timesteps=240000, episode_reward=-20.24 +/- 0.15
Episode length: 1.68 +/- 1.86
Success rate: 0.00%
---------------------------------
| eval/              |          |
|    mean_ep_length  | 1.68     |
|    mean_reward     | -20.2    |
|    success_rate    | 0        |
| time/              |          |
|    total_timesteps | 240000   |
---------------------------------
---------------------------------
| rollout/           |          |
|    ep_len_mean     | 46       |
|    ep_rew_mean     | -17.7    |
|    success_rate    | 0.53     |
| time/              |          |
|    episodes        | 3984     |
|    fps             | 80       |
|    time_elapsed    | 2991     |
|    total_timesteps | 240020   |
| train/             |          |
|    actor_loss      | -139     |
|    critic_loss     | 202      |
|    ent_coef        | 0.001    |
|    learning_rate   | 0.0003   |
|    n_updates       | 809303   |
---------------------------------
---------------------------------
| rollout/           |          |
|    ep_len_mean     | 45.6     |
|    ep_rew_mean     | -17.5    |
|    success_rate    | 0.52     |
| time/              |          |
|    episodes        | 3988     |
|    fps             | 80       |
|    time_elapsed    | 2993     |
|    total_timesteps | 240340   |
| train/             |          |
|    actor_loss      | -139     |
|    critic_loss     | 62.5     |
|    ent_coef        | 0.001    |
|    learning_rate   | 0.0003   |
|    n_updates       | 809383   |
---------------------------------
---------------------------------
| rollout/           |          |
|    ep_len_mean     | 45.4     |
|    ep_rew_mean     | -16.9    |
|    success_rate    | 0.53     |
| time/              |          |
|    episodes        | 3992     |
|    fps             | 80       |
|    time_elapsed    | 2995     |
|    total_timesteps | 240500   |
| train/             |          |
|    actor_loss      | -138     |
|    critic_loss     | 72.4     |
|    ent_coef        | 0.001    |
|    learning_rate   | 0.0003   |
|    n_updates       | 809423   |
---------------------------------
---------------------------------
| rollout/           |          |
|    ep_len_mean     | 48.2     |
|    ep_rew_mean     | -18.1    |
|    success_rate    | 0.49     |
| time/              |          |
|    episodes        | 3996     |
|    fps             | 80       |
|    time_elapsed    | 2997     |
|    total_timesteps | 240728   |
| train/             |          |
|    actor_loss      | -140     |
|    critic_loss     | 353      |
|    ent_coef        | 0.001    |
|    learning_rate   | 0.0003   |
|    n_updates       | 809480   |
---------------------------------
---------------------------------
| rollout/           |          |
|    ep_len_mean     | 46.7     |
|    ep_rew_mean     | -16.9    |
|    success_rate    | 0.49     |
| time/              |          |
|    episodes        | 4000     |
|    fps             | 80       |
|    time_elapsed    | 2998     |
|    total_timesteps | 240908   |
| train/             |          |
|    actor_loss      | -140     |
|    critic_loss     | 172      |
|    ent_coef        | 0.001    |
|    learning_rate   | 0.0003   |
|    n_updates       | 809525   |
---------------------------------
---------------------------------
| rollout/           |          |
|    ep_len_mean     | 48.6     |
|    ep_rew_mean     | -16.7    |
|    success_rate    | 0.5      |
| time/              |          |
|    episodes        | 4004     |
|    fps             | 80       |
|    time_elapsed    | 3000     |
|    total_timesteps | 241064   |
| train/             |          |
|    actor_loss      | -141     |
|    critic_loss     | 174      |
|    ent_coef        | 0.001    |
|    learning_rate   | 0.0003   |
|    n_updates       | 809564   |
---------------------------------
---------------------------------
| rollout/           |          |
|    ep_len_mean     | 46.2     |
|    ep_rew_mean     | -15.4    |
|    success_rate    | 0.5      |
| time/              |          |
|    episodes        | 4008     |
|    fps             | 80       |
|    time_elapsed    | 3001     |
|    total_timesteps | 241112   |
| train/             |          |
|    actor_loss      | -141     |
|    critic_loss     | 96       |
|    ent_coef        | 0.001    |
|    learning_rate   | 0.0003   |
|    n_updates       | 809576   |
---------------------------------
---------------------------------
| rollout/           |          |
|    ep_len_mean     | 46.2     |
|    ep_rew_mean     | -15.7    |
|    success_rate    | 0.49     |
| time/              |          |
|    episodes        | 4012     |
|    fps             | 80       |
|    time_elapsed    | 3001     |
|    total_timesteps | 241156   |
| train/             |          |
|    actor_loss      | -140     |
|    critic_loss     | 255      |
|    ent_coef        | 0.001    |
|    learning_rate   | 0.0003   |
|    n_updates       | 809587   |
---------------------------------
---------------------------------
| rollout/           |          |
|    ep_len_mean     | 45       |
|    ep_rew_mean     | -14      |
|    success_rate    | 0.51     |
| time/              |          |
|    episodes        | 4016     |
|    fps             | 80       |
|    time_elapsed    | 3003     |
|    total_timesteps | 241372   |
| train/             |          |
|    actor_loss      | -140     |
|    critic_loss     | 73.9     |
|    ent_coef        | 0.001    |
|    learning_rate   | 0.0003   |
|    n_updates       | 809641   |
---------------------------------
---------------------------------
| rollout/           |          |
|    ep_len_mean     | 42.1     |
|    ep_rew_mean     | -13.2    |
|    success_rate    | 0.5      |
| time/              |          |
|    episodes        | 4020     |
|    fps             | 80       |
|    time_elapsed    | 3004     |
|    total_timesteps | 241444   |
| train/             |          |
|    actor_loss      | -140     |
|    critic_loss     | 24.1     |
|    ent_coef        | 0.001    |
|    learning_rate   | 0.0003   |
|    n_updates       | 809659   |
---------------------------------
---------------------------------
| rollout/           |          |
|    ep_len_mean     | 40.5     |
|    ep_rew_mean     | -13.4    |
|    success_rate    | 0.49     |
| time/              |          |
|    episodes        | 4024     |
|    fps             | 80       |
|    time_elapsed    | 3006     |
|    total_timesteps | 241572   |
| train/             |          |
|    actor_loss      | -141     |
|    critic_loss     | 166      |
|    ent_coef        | 0.001    |
|    learning_rate   | 0.0003   |
|    n_updates       | 809691   |
---------------------------------
---------------------------------
| rollout/           |          |
|    ep_len_mean     | 44.4     |
|    ep_rew_mean     | -14.8    |
|    success_rate    | 0.47     |
| time/              |          |
|    episodes        | 4028     |
|    fps             | 80       |
|    time_elapsed    | 3009     |
|    total_timesteps | 242080   |
| train/             |          |
|    actor_loss      | -142     |
|    critic_loss     | 188      |
|    ent_coef        | 0.001    |
|    learning_rate   | 0.0003   |
|    n_updates       | 809818   |
---------------------------------
---------------------------------
| rollout/           |          |
|    ep_len_mean     | 46.2     |
|    ep_rew_mean     | -14.7    |
|    success_rate    | 0.47     |
| time/              |          |
|    episodes        | 4032     |
|    fps             | 80       |
|    time_elapsed    | 3011     |
|    total_timesteps | 242272   |
| train/             |          |
|    actor_loss      | -140     |
|    critic_loss     | 56.3     |
|    ent_coef        | 0.001    |
|    learning_rate   | 0.0003   |
|    n_updates       | 809866   |
---------------------------------
---------------------------------
| rollout/           |          |
|    ep_len_mean     | 46.4     |
|    ep_rew_mean     | -12.9    |
|    success_rate    | 0.48     |
| time/              |          |
|    episodes        | 4036     |
|    fps             | 80       |
|    time_elapsed    | 3013     |
|    total_timesteps | 242452   |
| train/             |          |
|    actor_loss      | -139     |
|    critic_loss     | 29.3     |
|    ent_coef        | 0.001    |
|    learning_rate   | 0.0003   |
|    n_updates       | 809911   |
---------------------------------
---------------------------------
| rollout/           |          |
|    ep_len_mean     | 46.3     |
|    ep_rew_mean     | -12.5    |
|    success_rate    | 0.49     |
| time/              |          |
|    episodes        | 4040     |
|    fps             | 80       |
|    time_elapsed    | 3014     |
|    total_timesteps | 242596   |
| train/             |          |
|    actor_loss      | -141     |
|    critic_loss     | 147      |
|    ent_coef        | 0.001    |
|    learning_rate   | 0.0003   |
|    n_updates       | 809947   |
---------------------------------
---------------------------------
| rollout/           |          |
|    ep_len_mean     | 44.6     |
|    ep_rew_mean     | -13.2    |
|    success_rate    | 0.49     |
| time/              |          |
|    episodes        | 4044     |
|    fps             | 80       |
|    time_elapsed    | 3016     |
|    total_timesteps | 242784   |
| train/             |          |
|    actor_loss      | -141     |
|    critic_loss     | 174      |
|    ent_coef        | 0.001    |
|    learning_rate   | 0.0003   |
|    n_updates       | 809994   |
---------------------------------
---------------------------------
| rollout/           |          |
|    ep_len_mean     | 46.6     |
|    ep_rew_mean     | -12.8    |
|    success_rate    | 0.51     |
| time/              |          |
|    episodes        | 4048     |
|    fps             | 80       |
|    time_elapsed    | 3019     |
|    total_timesteps | 243120   |
| train/             |          |
|    actor_loss      | -138     |
|    critic_loss     | 217      |
|    ent_coef        | 0.001    |
|    learning_rate   | 0.0003   |
|    n_updates       | 810078   |
---------------------------------
---------------------------------
| rollout/           |          |
|    ep_len_mean     | 48       |
|    ep_rew_mean     | -13.5    |
|    success_rate    | 0.5      |
| time/              |          |
|    episodes        | 4052     |
|    fps             | 80       |
|    time_elapsed    | 3020     |
|    total_timesteps | 243248   |
| train/             |          |
|    actor_loss      | -138     |
|    critic_loss     | 180      |
|    ent_coef        | 0.001    |
|    learning_rate   | 0.0003   |
|    n_updates       | 810110   |
---------------------------------
---------------------------------
| rollout/           |          |
|    ep_len_mean     | 47.9     |
|    ep_rew_mean     | -15      |
|    success_rate    | 0.48     |
| time/              |          |
|    episodes        | 4056     |
|    fps             | 80       |
|    time_elapsed    | 3023     |
|    total_timesteps | 243576   |
| train/             |          |
|    actor_loss      | -138     |
|    critic_loss     | 147      |
|    ent_coef        | 0.001    |
|    learning_rate   | 0.0003   |
|    n_updates       | 810192   |
---------------------------------
---------------------------------
| rollout/           |          |
|    ep_len_mean     | 50.4     |
|    ep_rew_mean     | -15.9    |
|    success_rate    | 0.47     |
| time/              |          |
|    episodes        | 4060     |
|    fps             | 80       |
|    time_elapsed    | 3024     |
|    total_timesteps | 243680   |
| train/             |          |
|    actor_loss      | -140     |
|    critic_loss     | 148      |
|    ent_coef        | 0.001    |
|    learning_rate   | 0.0003   |
|    n_updates       | 810218   |
---------------------------------
---------------------------------
| rollout/           |          |
|    ep_len_mean     | 48.6     |
|    ep_rew_mean     | -15.5    |
|    success_rate    | 0.48     |
| time/              |          |
|    episodes        | 4064     |
|    fps             | 80       |
|    time_elapsed    | 3025     |
|    total_timesteps | 243772   |
| train/             |          |
|    actor_loss      | -141     |
|    critic_loss     | 145      |
|    ent_coef        | 0.001    |
|    learning_rate   | 0.0003   |
|    n_updates       | 810241   |
---------------------------------
---------------------------------
| rollout/           |          |
|    ep_len_mean     | 45.1     |
|    ep_rew_mean     | -15      |
|    success_rate    | 0.49     |
| time/              |          |
|    episodes        | 4068     |
|    fps             | 80       |
|    time_elapsed    | 3026     |
|    total_timesteps | 243900   |
| train/             |          |
|    actor_loss      | -137     |
|    critic_loss     | 130      |
|    ent_coef        | 0.001    |
|    learning_rate   | 0.0003   |
|    n_updates       | 810273   |
---------------------------------
---------------------------------
| rollout/           |          |
|    ep_len_mean     | 50       |
|    ep_rew_mean     | -16.8    |
|    success_rate    | 0.49     |
| time/              |          |
|    episodes        | 4072     |
|    fps             | 80       |
|    time_elapsed    | 3030     |
|    total_timesteps | 244452   |
| train/             |          |
|    actor_loss      | -139     |
|    critic_loss     | 77       |
|    ent_coef        | 0.001    |
|    learning_rate   | 0.0003   |
|    n_updates       | 810411   |
---------------------------------
---------------------------------
| rollout/           |          |
|    ep_len_mean     | 51.5     |
|    ep_rew_mean     | -17.8    |
|    success_rate    | 0.47     |
| time/              |          |
|    episodes        | 4076     |
|    fps             | 80       |
|    time_elapsed    | 3033     |
|    total_timesteps | 244792   |
| train/             |          |
|    actor_loss      | -138     |
|    critic_loss     | 131      |
|    ent_coef        | 0.001    |
|    learning_rate   | 0.0003   |
|    n_updates       | 810496   |
---------------------------------
---------------------------------
| rollout/           |          |
|    ep_len_mean     | 50       |
|    ep_rew_mean     | -17.3    |
|    success_rate    | 0.46     |
| time/              |          |
|    episodes        | 4080     |
|    fps             | 80       |
|    time_elapsed    | 3034     |
|    total_timesteps | 244872   |
| train/             |          |
|    actor_loss      | -135     |
|    critic_loss     | 183      |
|    ent_coef        | 0.001    |
|    learning_rate   | 0.0003   |
|    n_updates       | 810516   |
---------------------------------
---------------------------------
| rollout/           |          |
|    ep_len_mean     | 49.3     |
|    ep_rew_mean     | -17.2    |
|    success_rate    | 0.47     |
| time/              |          |
|    episodes        | 4084     |
|    fps             | 80       |
|    time_elapsed    | 3036     |
|    total_timesteps | 245032   |
| train/             |          |
|    actor_loss      | -140     |
|    critic_loss     | 70.1     |
|    ent_coef        | 0.001    |
|    learning_rate   | 0.0003   |
|    n_updates       | 810556   |
---------------------------------
---------------------------------
| rollout/           |          |
|    ep_len_mean     | 48.3     |
|    ep_rew_mean     | -16.8    |
|    success_rate    | 0.47     |
| time/              |          |
|    episodes        | 4088     |
|    fps             | 80       |
|    time_elapsed    | 3037     |
|    total_timesteps | 245080   |
| train/             |          |
|    actor_loss      | -138     |
|    critic_loss     | 84.5     |
|    ent_coef        | 0.001    |
|    learning_rate   | 0.0003   |
|    n_updates       | 810568   |
---------------------------------
---------------------------------
| rollout/           |          |
|    ep_len_mean     | 48.7     |
|    ep_rew_mean     | -16.9    |
|    success_rate    | 0.47     |
| time/              |          |
|    episodes        | 4092     |
|    fps             | 80       |
|    time_elapsed    | 3037     |
|    total_timesteps | 245140   |
| train/             |          |
|    actor_loss      | -140     |
|    critic_loss     | 23.3     |
|    ent_coef        | 0.001    |
|    learning_rate   | 0.0003   |
|    n_updates       | 810583   |
---------------------------------
---------------------------------
| rollout/           |          |
|    ep_len_mean     | 47.7     |
|    ep_rew_mean     | -17.5    |
|    success_rate    | 0.49     |
| time/              |          |
|    episodes        | 4096     |
|    fps             | 80       |
|    time_elapsed    | 3040     |
|    total_timesteps | 245524   |
| train/             |          |
|    actor_loss      | -143     |
|    critic_loss     | 157      |
|    ent_coef        | 0.001    |
|    learning_rate   | 0.0003   |
|    n_updates       | 810679   |
---------------------------------
---------------------------------
| rollout/           |          |
|    ep_len_mean     | 47.4     |
|    ep_rew_mean     | -17.3    |
|    success_rate    | 0.49     |
| time/              |          |
|    episodes        | 4100     |
|    fps             | 80       |
|    time_elapsed    | 3041     |
|    total_timesteps | 245576   |
| train/             |          |
|    actor_loss      | -138     |
|    critic_loss     | 150      |
|    ent_coef        | 0.001    |
|    learning_rate   | 0.0003   |
|    n_updates       | 810692   |
---------------------------------
---------------------------------
| rollout/           |          |
|    ep_len_mean     | 46.7     |
|    ep_rew_mean     | -17.3    |
|    success_rate    | 0.49     |
| time/              |          |
|    episodes        | 4104     |
|    fps             | 80       |
|    time_elapsed    | 3042     |
|    total_timesteps | 245620   |
| train/             |          |
|    actor_loss      | -138     |
|    critic_loss     | 69.9     |
|    ent_coef        | 0.001    |
|    learning_rate   | 0.0003   |
|    n_updates       | 810703   |
---------------------------------
---------------------------------
| rollout/           |          |
|    ep_len_mean     | 47       |
|    ep_rew_mean     | -16.7    |
|    success_rate    | 0.51     |
| time/              |          |
|    episodes        | 4108     |
|    fps             | 80       |
|    time_elapsed    | 3043     |
|    total_timesteps | 245748   |
| train/             |          |
|    actor_loss      | -141     |
|    critic_loss     | 193      |
|    ent_coef        | 0.001    |
|    learning_rate   | 0.0003   |
|    n_updates       | 810735   |
---------------------------------
---------------------------------
| rollout/           |          |
|    ep_len_mean     | 49.3     |
|    ep_rew_mean     | -18.3    |
|    success_rate    | 0.53     |
| time/              |          |
|    episodes        | 4112     |
|    fps             | 80       |
|    time_elapsed    | 3044     |
|    total_timesteps | 245876   |
| train/             |          |
|    actor_loss      | -137     |
|    critic_loss     | 112      |
|    ent_coef        | 0.001    |
|    learning_rate   | 0.0003   |
|    n_updates       | 810767   |
---------------------------------
---------------------------------
| rollout/           |          |
|    ep_len_mean     | 50.7     |
|    ep_rew_mean     | -18.4    |
|    success_rate    | 0.54     |
| time/              |          |
|    episodes        | 4116     |
|    fps             | 80       |
|    time_elapsed    | 3049     |
|    total_timesteps | 246436   |
| train/             |          |
|    actor_loss      | -142     |
|    critic_loss     | 126      |
|    ent_coef        | 0.001    |
|    learning_rate   | 0.0003   |
|    n_updates       | 810907   |
---------------------------------
---------------------------------
| rollout/           |          |
|    ep_len_mean     | 50.4     |
|    ep_rew_mean     | -18.8    |
|    success_rate    | 0.55     |
| time/              |          |
|    episodes        | 4120     |
|    fps             | 80       |
|    time_elapsed    | 3051     |
|    total_timesteps | 246708   |
| train/             |          |
|    actor_loss      | -137     |
|    critic_loss     | 130      |
|    ent_coef        | 0.001    |
|    learning_rate   | 0.0003   |
|    n_updates       | 810975   |
---------------------------------
---------------------------------
| rollout/           |          |
|    ep_len_mean     | 52.9     |
|    ep_rew_mean     | -20.5    |
|    success_rate    | 0.54     |
| time/              |          |
|    episodes        | 4124     |
|    fps             | 80       |
|    time_elapsed    | 3052     |
|    total_timesteps | 246828   |
| train/             |          |
|    actor_loss      | -138     |
|    critic_loss     | 129      |
|    ent_coef        | 0.001    |
|    learning_rate   | 0.0003   |
|    n_updates       | 811005   |
---------------------------------
---------------------------------
| rollout/           |          |
|    ep_len_mean     | 49.3     |
|    ep_rew_mean     | -18.9    |
|    success_rate    | 0.57     |
| time/              |          |
|    episodes        | 4128     |
|    fps             | 80       |
|    time_elapsed    | 3055     |
|    total_timesteps | 247120   |
| train/             |          |
|    actor_loss      | -139     |
|    critic_loss     | 21.6     |
|    ent_coef        | 0.001    |
|    learning_rate   | 0.0003   |
|    n_updates       | 811078   |
---------------------------------
---------------------------------
| rollout/           |          |
|    ep_len_mean     | 48.5     |
|    ep_rew_mean     | -20.9    |
|    success_rate    | 0.54     |
| time/              |          |
|    episodes        | 4132     |
|    fps             | 80       |
|    time_elapsed    | 3056     |
|    total_timesteps | 247160   |
| train/             |          |
|    actor_loss      | -137     |
|    critic_loss     | 181      |
|    ent_coef        | 0.001    |
|    learning_rate   | 0.0003   |
|    n_updates       | 811088   |
---------------------------------
---------------------------------
| rollout/           |          |
|    ep_len_mean     | 46.6     |
|    ep_rew_mean     | -21      |
|    success_rate    | 0.54     |
| time/              |          |
|    episodes        | 4136     |
|    fps             | 80       |
|    time_elapsed    | 3057     |
|    total_timesteps | 247252   |
| train/             |          |
|    actor_loss      | -137     |
|    critic_loss     | 57.2     |
|    ent_coef        | 0.001    |
|    learning_rate   | 0.0003   |
|    n_updates       | 811111   |
---------------------------------
---------------------------------
| rollout/           |          |
|    ep_len_mean     | 46.9     |
|    ep_rew_mean     | -21.3    |
|    success_rate    | 0.53     |
| time/              |          |
|    episodes        | 4140     |
|    fps             | 80       |
|    time_elapsed    | 3058     |
|    total_timesteps | 247344   |
| train/             |          |
|    actor_loss      | -138     |
|    critic_loss     | 227      |
|    ent_coef        | 0.001    |
|    learning_rate   | 0.0003   |
|    n_updates       | 811134   |
---------------------------------
---------------------------------
| rollout/           |          |
|    ep_len_mean     | 45.4     |
|    ep_rew_mean     | -19.5    |
|    success_rate    | 0.55     |
| time/              |          |
|    episodes        | 4144     |
|    fps             | 80       |
|    time_elapsed    | 3058     |
|    total_timesteps | 247368   |
| train/             |          |
|    actor_loss      | -140     |
|    critic_loss     | 54.5     |
|    ent_coef        | 0.001    |
|    learning_rate   | 0.0003   |
|    n_updates       | 811140   |
---------------------------------
---------------------------------
| rollout/           |          |
|    ep_len_mean     | 43.5     |
|    ep_rew_mean     | -19.9    |
|    success_rate    | 0.54     |
| time/              |          |
|    episodes        | 4148     |
|    fps             | 80       |
|    time_elapsed    | 3059     |
|    total_timesteps | 247448   |
| train/             |          |
|    actor_loss      | -137     |
|    critic_loss     | 70.8     |
|    ent_coef        | 0.001    |
|    learning_rate   | 0.0003   |
|    n_updates       | 811160   |
---------------------------------
---------------------------------
| rollout/           |          |
|    ep_len_mean     | 43.9     |
|    ep_rew_mean     | -19.5    |
|    success_rate    | 0.54     |
| time/              |          |
|    episodes        | 4152     |
|    fps             | 80       |
|    time_elapsed    | 3060     |
|    total_timesteps | 247516   |
| train/             |          |
|    actor_loss      | -141     |
|    critic_loss     | 65.8     |
|    ent_coef        | 0.001    |
|    learning_rate   | 0.0003   |
|    n_updates       | 811177   |
---------------------------------
---------------------------------
| rollout/           |          |
|    ep_len_mean     | 47       |
|    ep_rew_mean     | -20.7    |
|    success_rate    | 0.54     |
| time/              |          |
|    episodes        | 4156     |
|    fps             | 80       |
|    time_elapsed    | 3065     |
|    total_timesteps | 248156   |
| train/             |          |
|    actor_loss      | -139     |
|    critic_loss     | 51.9     |
|    ent_coef        | 0.001    |
|    learning_rate   | 0.0003   |
|    n_updates       | 811337   |
---------------------------------
---------------------------------
| rollout/           |          |
|    ep_len_mean     | 46       |
|    ep_rew_mean     | -22.5    |
|    success_rate    | 0.53     |
| time/              |          |
|    episodes        | 4160     |
|    fps             | 80       |
|    time_elapsed    | 3066     |
|    total_timesteps | 248236   |
| train/             |          |
|    actor_loss      | -140     |
|    critic_loss     | 71.6     |
|    ent_coef        | 0.001    |
|    learning_rate   | 0.0003   |
|    n_updates       | 811357   |
---------------------------------
---------------------------------
| rollout/           |          |
|    ep_len_mean     | 46.5     |
|    ep_rew_mean     | -23      |
|    success_rate    | 0.51     |
| time/              |          |
|    episodes        | 4164     |
|    fps             | 80       |
|    time_elapsed    | 3068     |
|    total_timesteps | 248536   |
| train/             |          |
|    actor_loss      | -136     |
|    critic_loss     | 95.6     |
|    ent_coef        | 0.001    |
|    learning_rate   | 0.0003   |
|    n_updates       | 811432   |
---------------------------------
---------------------------------
| rollout/           |          |
|    ep_len_mean     | 48.5     |
|    ep_rew_mean     | -23.1    |
|    success_rate    | 0.51     |
| time/              |          |
|    episodes        | 4168     |
|    fps             | 81       |
|    time_elapsed    | 3071     |
|    total_timesteps | 248884   |
| train/             |          |
|    actor_loss      | -136     |
|    critic_loss     | 165      |
|    ent_coef        | 0.001    |
|    learning_rate   | 0.0003   |
|    n_updates       | 811519   |
---------------------------------
---------------------------------
| rollout/           |          |
|    ep_len_mean     | 45.3     |
|    ep_rew_mean     | -21.7    |
|    success_rate    | 0.5      |
| time/              |          |
|    episodes        | 4172     |
|    fps             | 81       |
|    time_elapsed    | 3072     |
|    total_timesteps | 248952   |
| train/             |          |
|    actor_loss      | -139     |
|    critic_loss     | 151      |
|    ent_coef        | 0.001    |
|    learning_rate   | 0.0003   |
|    n_updates       | 811536   |
---------------------------------
---------------------------------
| rollout/           |          |
|    ep_len_mean     | 43.3     |
|    ep_rew_mean     | -19.1    |
|    success_rate    | 0.5      |
| time/              |          |
|    episodes        | 4176     |
|    fps             | 81       |
|    time_elapsed    | 3073     |
|    total_timesteps | 249000   |
| train/             |          |
|    actor_loss      | -139     |
|    critic_loss     | 37.6     |
|    ent_coef        | 0.001    |
|    learning_rate   | 0.0003   |
|    n_updates       | 811548   |
---------------------------------
---------------------------------
| rollout/           |          |
|    ep_len_mean     | 44.8     |
|    ep_rew_mean     | -19.4    |
|    success_rate    | 0.49     |
| time/              |          |
|    episodes        | 4180     |
|    fps             | 81       |
|    time_elapsed    | 3078     |
|    total_timesteps | 249612   |
| train/             |          |
|    actor_loss      | -134     |
|    critic_loss     | 91.1     |
|    ent_coef        | 0.001    |
|    learning_rate   | 0.0003   |
|    n_updates       | 811701   |
---------------------------------
---------------------------------
| rollout/           |          |
|    ep_len_mean     | 47.2     |
|    ep_rew_mean     | -22.7    |
|    success_rate    | 0.49     |
| time/              |          |
|    episodes        | 4184     |
|    fps             | 81       |
|    time_elapsed    | 3078     |
|    total_timesteps | 249680   |
| train/             |          |
|    actor_loss      | -134     |
|    critic_loss     | 86.4     |
|    ent_coef        | 0.001    |
|    learning_rate   | 0.0003   |
|    n_updates       | 811718   |
---------------------------------
---------------------------------
| rollout/           |          |
|    ep_len_mean     | 47.3     |
|    ep_rew_mean     | -24.2    |
|    success_rate    | 0.5      |
| time/              |          |
|    episodes        | 4188     |
|    fps             | 81       |
|    time_elapsed    | 3079     |
|    total_timesteps | 249740   |
| train/             |          |
|    actor_loss      | -137     |
|    critic_loss     | 152      |
|    ent_coef        | 0.001    |
|    learning_rate   | 0.0003   |
|    n_updates       | 811733   |
---------------------------------
---------------------------------
| rollout/           |          |
|    ep_len_mean     | 48       |
|    ep_rew_mean     | -23.9    |
|    success_rate    | 0.51     |
| time/              |          |
|    episodes        | 4192     |
|    fps             | 81       |
|    time_elapsed    | 3081     |
|    total_timesteps | 249924   |
| train/             |          |
|    actor_loss      | -139     |
|    critic_loss     | 137      |
|    ent_coef        | 0.001    |
|    learning_rate   | 0.0003   |
|    n_updates       | 811779   |
---------------------------------
Eval num_timesteps=250000, episode_reward=-43.96 +/- 59.13
Episode length: 89.86 +/- 78.85
Success rate: 48.00%
---------------------------------
| eval/              |          |
|    mean_ep_length  | 89.9     |
|    mean_reward     | -44      |
|    success_rate    | 0.48     |
| time/              |          |
|    total_timesteps | 250000   |
| train/             |          |
|    actor_loss      | -135     |
|    critic_loss     | 61.2     |
|    ent_coef        | 0.001    |
|    learning_rate   | 0.0003   |
|    n_updates       | 811798   |
---------------------------------
Eval num_timesteps=250000, episode_reward=-9.96 +/- 14.03
Episode length: 16.86 +/- 33.47
Success rate: 36.00%
---------------------------------
| eval/              |          |
|    mean_ep_length  | 16.9     |
|    mean_reward     | -9.96    |
|    success_rate    | 0.36     |
| time/              |          |
|    total_timesteps | 250000   |
---------------------------------
Eval num_timesteps=250000, episode_reward=-20.25 +/- 0.12
Episode length: 1.40 +/- 0.49
Success rate: 0.00%
---------------------------------
| eval/              |          |
|    mean_ep_length  | 1.4      |
|    mean_reward     | -20.2    |
|    success_rate    | 0        |
| time/              |          |
|    total_timesteps | 250000   |
---------------------------------
---------------------------------
| rollout/           |          |
|    ep_len_mean     | 49.2     |
|    ep_rew_mean     | -22.7    |
|    success_rate    | 0.5      |
| time/              |          |
|    episodes        | 4196     |
|    fps             | 80       |
|    time_elapsed    | 3109     |
|    total_timesteps | 250504   |
| train/             |          |
|    actor_loss      | -136     |
|    critic_loss     | 201      |
|    ent_coef        | 0.001    |
|    learning_rate   | 0.0003   |
|    n_updates       | 811924   |
---------------------------------
---------------------------------
| rollout/           |          |
|    ep_len_mean     | 52.8     |
|    ep_rew_mean     | -23.5    |
|    success_rate    | 0.49     |
| time/              |          |
|    episodes        | 4200     |
|    fps             | 80       |
|    time_elapsed    | 3111     |
|    total_timesteps | 250744   |
| train/             |          |
|    actor_loss      | -135     |
|    critic_loss     | 250      |
|    ent_coef        | 0.001    |
|    learning_rate   | 0.0003   |
|    n_updates       | 811984   |
---------------------------------
---------------------------------
| rollout/           |          |
|    ep_len_mean     | 51.6     |
|    ep_rew_mean     | -23.3    |
|    success_rate    | 0.49     |
| time/              |          |
|    episodes        | 4204     |
|    fps             | 80       |
|    time_elapsed    | 3113     |
|    total_timesteps | 250920   |
| train/             |          |
|    actor_loss      | -135     |
|    critic_loss     | 114      |
|    ent_coef        | 0.001    |
|    learning_rate   | 0.0003   |
|    n_updates       | 812028   |
---------------------------------
---------------------------------
| rollout/           |          |
|    ep_len_mean     | 52.9     |
|    ep_rew_mean     | -24.4    |
|    success_rate    | 0.46     |
| time/              |          |
|    episodes        | 4208     |
|    fps             | 80       |
|    time_elapsed    | 3114     |
|    total_timesteps | 251080   |
| train/             |          |
|    actor_loss      | -137     |
|    critic_loss     | 87.6     |
|    ent_coef        | 0.001    |
|    learning_rate   | 0.0003   |
|    n_updates       | 812068   |
---------------------------------
---------------------------------
| rollout/           |          |
|    ep_len_mean     | 54.2     |
|    ep_rew_mean     | -25.2    |
|    success_rate    | 0.44     |
| time/              |          |
|    episodes        | 4212     |
|    fps             | 80       |
|    time_elapsed    | 3117     |
|    total_timesteps | 251400   |
| train/             |          |
|    actor_loss      | -139     |
|    critic_loss     | 26.2     |
|    ent_coef        | 0.001    |
|    learning_rate   | 0.0003   |
|    n_updates       | 812148   |
---------------------------------
---------------------------------
| rollout/           |          |
|    ep_len_mean     | 51       |
|    ep_rew_mean     | -24.9    |
|    success_rate    | 0.44     |
| time/              |          |
|    episodes        | 4216     |
|    fps             | 80       |
|    time_elapsed    | 3118     |
|    total_timesteps | 251560   |
| train/             |          |
|    actor_loss      | -136     |
|    critic_loss     | 31.8     |
|    ent_coef        | 0.001    |
|    learning_rate   | 0.0003   |
|    n_updates       | 812188   |
---------------------------------
---------------------------------
| rollout/           |          |
|    ep_len_mean     | 51.1     |
|    ep_rew_mean     | -26.2    |
|    success_rate    | 0.45     |
| time/              |          |
|    episodes        | 4220     |
|    fps             | 80       |
|    time_elapsed    | 3120     |
|    total_timesteps | 251772   |
| train/             |          |
|    actor_loss      | -139     |
|    critic_loss     | 61.4     |
|    ent_coef        | 0.001    |
|    learning_rate   | 0.0003   |
|    n_updates       | 812241   |
---------------------------------
---------------------------------
| rollout/           |          |
|    ep_len_mean     | 50.2     |
|    ep_rew_mean     | -25.1    |
|    success_rate    | 0.44     |
| time/              |          |
|    episodes        | 4224     |
|    fps             | 80       |
|    time_elapsed    | 3121     |
|    total_timesteps | 251856   |
| train/             |          |
|    actor_loss      | -140     |
|    critic_loss     | 127      |
|    ent_coef        | 0.001    |
|    learning_rate   | 0.0003   |
|    n_updates       | 812262   |
---------------------------------
---------------------------------
| rollout/           |          |
|    ep_len_mean     | 52.1     |
|    ep_rew_mean     | -27      |
|    success_rate    | 0.41     |
| time/              |          |
|    episodes        | 4228     |
|    fps             | 80       |
|    time_elapsed    | 3124     |
|    total_timesteps | 252192   |
| train/             |          |
|    actor_loss      | -138     |
|    critic_loss     | 101      |
|    ent_coef        | 0.001    |
|    learning_rate   | 0.0003   |
|    n_updates       | 812346   |
---------------------------------
---------------------------------
| rollout/           |          |
|    ep_len_mean     | 52.4     |
|    ep_rew_mean     | -25.4    |
|    success_rate    | 0.42     |
| time/              |          |
|    episodes        | 4232     |
|    fps             | 80       |
|    time_elapsed    | 3125     |
|    total_timesteps | 252392   |
| train/             |          |
|    actor_loss      | -137     |
|    critic_loss     | 274      |
|    ent_coef        | 0.001    |
|    learning_rate   | 0.0003   |
|    n_updates       | 812396   |
---------------------------------
---------------------------------
| rollout/           |          |
|    ep_len_mean     | 52.3     |
|    ep_rew_mean     | -25.7    |
|    success_rate    | 0.41     |
| time/              |          |
|    episodes        | 4236     |
|    fps             | 80       |
|    time_elapsed    | 3126     |
|    total_timesteps | 252448   |
| train/             |          |
|    actor_loss      | -136     |
|    critic_loss     | 65.8     |
|    ent_coef        | 0.001    |
|    learning_rate   | 0.0003   |
|    n_updates       | 812410   |
---------------------------------
---------------------------------
| rollout/           |          |
|    ep_len_mean     | 53.7     |
|    ep_rew_mean     | -26.3    |
|    success_rate    | 0.39     |
| time/              |          |
|    episodes        | 4240     |
|    fps             | 80       |
|    time_elapsed    | 3128     |
|    total_timesteps | 252576   |
| train/             |          |
|    actor_loss      | -137     |
|    critic_loss     | 74.2     |
|    ent_coef        | 0.001    |
|    learning_rate   | 0.0003   |
|    n_updates       | 812442   |
---------------------------------
---------------------------------
| rollout/           |          |
|    ep_len_mean     | 53.8     |
|    ep_rew_mean     | -26.3    |
|    success_rate    | 0.39     |
| time/              |          |
|    episodes        | 4244     |
|    fps             | 80       |
|    time_elapsed    | 3128     |
|    total_timesteps | 252636   |
| train/             |          |
|    actor_loss      | -136     |
|    critic_loss     | 135      |
|    ent_coef        | 0.001    |
|    learning_rate   | 0.0003   |
|    n_updates       | 812457   |
---------------------------------
---------------------------------
| rollout/           |          |
|    ep_len_mean     | 52       |
|    ep_rew_mean     | -26.2    |
|    success_rate    | 0.39     |
| time/              |          |
|    episodes        | 4248     |
|    fps             | 80       |
|    time_elapsed    | 3129     |
|    total_timesteps | 252704   |
| train/             |          |
|    actor_loss      | -137     |
|    critic_loss     | 25.4     |
|    ent_coef        | 0.001    |
|    learning_rate   | 0.0003   |
|    n_updates       | 812474   |
---------------------------------
---------------------------------
| rollout/           |          |
|    ep_len_mean     | 50.1     |
|    ep_rew_mean     | -26.4    |
|    success_rate    | 0.38     |
| time/              |          |
|    episodes        | 4252     |
|    fps             | 80       |
|    time_elapsed    | 3130     |
|    total_timesteps | 252748   |
| train/             |          |
|    actor_loss      | -134     |
|    critic_loss     | 99.3     |
|    ent_coef        | 0.001    |
|    learning_rate   | 0.0003   |
|    n_updates       | 812485   |
---------------------------------
---------------------------------
| rollout/           |          |
|    ep_len_mean     | 48.5     |
|    ep_rew_mean     | -24.2    |
|    success_rate    | 0.39     |
| time/              |          |
|    episodes        | 4256     |
|    fps             | 80       |
|    time_elapsed    | 3132     |
|    total_timesteps | 253000   |
| train/             |          |
|    actor_loss      | -137     |
|    critic_loss     | 183      |
|    ent_coef        | 0.001    |
|    learning_rate   | 0.0003   |
|    n_updates       | 812548   |
---------------------------------
---------------------------------
| rollout/           |          |
|    ep_len_mean     | 47.4     |
|    ep_rew_mean     | -21.7    |
|    success_rate    | 0.41     |
| time/              |          |
|    episodes        | 4260     |
|    fps             | 80       |
|    time_elapsed    | 3134     |
|    total_timesteps | 253228   |
| train/             |          |
|    actor_loss      | -136     |
|    critic_loss     | 111      |
|    ent_coef        | 0.001    |
|    learning_rate   | 0.0003   |
|    n_updates       | 812605   |
---------------------------------
---------------------------------
| rollout/           |          |
|    ep_len_mean     | 46.5     |
|    ep_rew_mean     | -21.2    |
|    success_rate    | 0.42     |
| time/              |          |
|    episodes        | 4264     |
|    fps             | 80       |
|    time_elapsed    | 3135     |
|    total_timesteps | 253284   |
| train/             |          |
|    actor_loss      | -135     |
|    critic_loss     | 190      |
|    ent_coef        | 0.001    |
|    learning_rate   | 0.0003   |
|    n_updates       | 812619   |
---------------------------------
---------------------------------
| rollout/           |          |
|    ep_len_mean     | 47.7     |
|    ep_rew_mean     | -21.6    |
|    success_rate    | 0.4      |
| time/              |          |
|    episodes        | 4268     |
|    fps             | 80       |
|    time_elapsed    | 3137     |
|    total_timesteps | 253468   |
| train/             |          |
|    actor_loss      | -133     |
|    critic_loss     | 147      |
|    ent_coef        | 0.001    |
|    learning_rate   | 0.0003   |
|    n_updates       | 812665   |
---------------------------------
---------------------------------
| rollout/           |          |
|    ep_len_mean     | 46.6     |
|    ep_rew_mean     | -21.3    |
|    success_rate    | 0.41     |
| time/              |          |
|    episodes        | 4272     |
|    fps             | 80       |
|    time_elapsed    | 3138     |
|    total_timesteps | 253616   |
| train/             |          |
|    actor_loss      | -134     |
|    critic_loss     | 188      |
|    ent_coef        | 0.001    |
|    learning_rate   | 0.0003   |
|    n_updates       | 812702   |
---------------------------------
---------------------------------
| rollout/           |          |
|    ep_len_mean     | 46.8     |
|    ep_rew_mean     | -20.3    |
|    success_rate    | 0.44     |
| time/              |          |
|    episodes        | 4276     |
|    fps             | 80       |
|    time_elapsed    | 3140     |
|    total_timesteps | 253824   |
| train/             |          |
|    actor_loss      | -136     |
|    critic_loss     | 80.1     |
|    ent_coef        | 0.001    |
|    learning_rate   | 0.0003   |
|    n_updates       | 812754   |
---------------------------------
---------------------------------
| rollout/           |          |
|    ep_len_mean     | 44.9     |
|    ep_rew_mean     | -20.2    |
|    success_rate    | 0.44     |
| time/              |          |
|    episodes        | 4280     |
|    fps             | 80       |
|    time_elapsed    | 3141     |
|    total_timesteps | 253884   |
| train/             |          |
|    actor_loss      | -141     |
|    critic_loss     | 50.5     |
|    ent_coef        | 0.001    |
|    learning_rate   | 0.0003   |
|    n_updates       | 812769   |
---------------------------------
---------------------------------
| rollout/           |          |
|    ep_len_mean     | 42.9     |
|    ep_rew_mean     | -16.9    |
|    success_rate    | 0.44     |
| time/              |          |
|    episodes        | 4284     |
|    fps             | 80       |
|    time_elapsed    | 3142     |
|    total_timesteps | 254052   |
| train/             |          |
|    actor_loss      | -135     |
|    critic_loss     | 163      |
|    ent_coef        | 0.001    |
|    learning_rate   | 0.0003   |
|    n_updates       | 812811   |
---------------------------------
---------------------------------
| rollout/           |          |
|    ep_len_mean     | 42.8     |
|    ep_rew_mean     | -15.9    |
|    success_rate    | 0.42     |
| time/              |          |
|    episodes        | 4288     |
|    fps             | 80       |
|    time_elapsed    | 3143     |
|    total_timesteps | 254128   |
| train/             |          |
|    actor_loss      | -134     |
|    critic_loss     | 88.9     |
|    ent_coef        | 0.001    |
|    learning_rate   | 0.0003   |
|    n_updates       | 812830   |
---------------------------------
---------------------------------
| rollout/           |          |
|    ep_len_mean     | 42       |
|    ep_rew_mean     | -16.5    |
|    success_rate    | 0.4      |
| time/              |          |
|    episodes        | 4292     |
|    fps             | 80       |
|    time_elapsed    | 3145     |
|    total_timesteps | 254264   |
| train/             |          |
|    actor_loss      | -138     |
|    critic_loss     | 70.4     |
|    ent_coef        | 0.001    |
|    learning_rate   | 0.0003   |
|    n_updates       | 812864   |
---------------------------------
---------------------------------
| rollout/           |          |
|    ep_len_mean     | 40.2     |
|    ep_rew_mean     | -16.8    |
|    success_rate    | 0.4      |
| time/              |          |
|    episodes        | 4296     |
|    fps             | 80       |
|    time_elapsed    | 3146     |
|    total_timesteps | 254328   |
| train/             |          |
|    actor_loss      | -136     |
|    critic_loss     | 107      |
|    ent_coef        | 0.001    |
|    learning_rate   | 0.0003   |
|    n_updates       | 812880   |
---------------------------------
---------------------------------
| rollout/           |          |
|    ep_len_mean     | 36.8     |
|    ep_rew_mean     | -16.5    |
|    success_rate    | 0.4      |
| time/              |          |
|    episodes        | 4300     |
|    fps             | 80       |
|    time_elapsed    | 3147     |
|    total_timesteps | 254440   |
| train/             |          |
|    actor_loss      | -137     |
|    critic_loss     | 186      |
|    ent_coef        | 0.001    |
|    learning_rate   | 0.0003   |
|    n_updates       | 812908   |
---------------------------------
---------------------------------
| rollout/           |          |
|    ep_len_mean     | 37.8     |
|    ep_rew_mean     | -16.4    |
|    success_rate    | 0.41     |
| time/              |          |
|    episodes        | 4304     |
|    fps             | 80       |
|    time_elapsed    | 3148     |
|    total_timesteps | 254592   |
| train/             |          |
|    actor_loss      | -136     |
|    critic_loss     | 142      |
|    ent_coef        | 0.001    |
|    learning_rate   | 0.0003   |
|    n_updates       | 812946   |
---------------------------------
---------------------------------
| rollout/           |          |
|    ep_len_mean     | 36.1     |
|    ep_rew_mean     | -15.6    |
|    success_rate    | 0.43     |
| time/              |          |
|    episodes        | 4308     |
|    fps             | 80       |
|    time_elapsed    | 3149     |
|    total_timesteps | 254640   |
| train/             |          |
|    actor_loss      | -136     |
|    critic_loss     | 165      |
|    ent_coef        | 0.001    |
|    learning_rate   | 0.0003   |
|    n_updates       | 812958   |
---------------------------------
---------------------------------
| rollout/           |          |
|    ep_len_mean     | 34.6     |
|    ep_rew_mean     | -12.8    |
|    success_rate    | 0.44     |
| time/              |          |
|    episodes        | 4312     |
|    fps             | 80       |
|    time_elapsed    | 3151     |
|    total_timesteps | 254876   |
| train/             |          |
|    actor_loss      | -140     |
|    critic_loss     | 267      |
|    ent_coef        | 0.001    |
|    learning_rate   | 0.0003   |
|    n_updates       | 813017   |
---------------------------------
---------------------------------
| rollout/           |          |
|    ep_len_mean     | 37.6     |
|    ep_rew_mean     | -14.9    |
|    success_rate    | 0.42     |
| time/              |          |
|    episodes        | 4316     |
|    fps             | 80       |
|    time_elapsed    | 3155     |
|    total_timesteps | 255340   |
| train/             |          |
|    actor_loss      | -138     |
|    critic_loss     | 171      |
|    ent_coef        | 0.001    |
|    learning_rate   | 0.0003   |
|    n_updates       | 813133   |
---------------------------------
---------------------------------
| rollout/           |          |
|    ep_len_mean     | 37.1     |
|    ep_rew_mean     | -13.4    |
|    success_rate    | 0.4      |
| time/              |          |
|    episodes        | 4320     |
|    fps             | 80       |
|    time_elapsed    | 3155     |
|    total_timesteps | 255356   |
| train/             |          |
|    actor_loss      | -140     |
|    critic_loss     | 111      |
|    ent_coef        | 0.001    |
|    learning_rate   | 0.0003   |
|    n_updates       | 813137   |
---------------------------------
---------------------------------
| rollout/           |          |
|    ep_len_mean     | 35.5     |
|    ep_rew_mean     | -12.7    |
|    success_rate    | 0.42     |
| time/              |          |
|    episodes        | 4324     |
|    fps             | 80       |
|    time_elapsed    | 3156     |
|    total_timesteps | 255508   |
| train/             |          |
|    actor_loss      | -136     |
|    critic_loss     | 108      |
|    ent_coef        | 0.001    |
|    learning_rate   | 0.0003   |
|    n_updates       | 813175   |
---------------------------------
---------------------------------
| rollout/           |          |
|    ep_len_mean     | 34.9     |
|    ep_rew_mean     | -11.6    |
|    success_rate    | 0.42     |
| time/              |          |
|    episodes        | 4328     |
|    fps             | 80       |
|    time_elapsed    | 3158     |
|    total_timesteps | 255628   |
| train/             |          |
|    actor_loss      | -135     |
|    critic_loss     | 154      |
|    ent_coef        | 0.001    |
|    learning_rate   | 0.0003   |
|    n_updates       | 813205   |
---------------------------------
---------------------------------
| rollout/           |          |
|    ep_len_mean     | 34.2     |
|    ep_rew_mean     | -11.3    |
|    success_rate    | 0.43     |
| time/              |          |
|    episodes        | 4332     |
|    fps             | 80       |
|    time_elapsed    | 3159     |
|    total_timesteps | 255716   |
| train/             |          |
|    actor_loss      | -137     |
|    critic_loss     | 184      |
|    ent_coef        | 0.001    |
|    learning_rate   | 0.0003   |
|    n_updates       | 813227   |
---------------------------------
---------------------------------
| rollout/           |          |
|    ep_len_mean     | 34.7     |
|    ep_rew_mean     | -10.8    |
|    success_rate    | 0.45     |
| time/              |          |
|    episodes        | 4336     |
|    fps             | 80       |
|    time_elapsed    | 3160     |
|    total_timesteps | 255800   |
| train/             |          |
|    actor_loss      | -140     |
|    critic_loss     | 129      |
|    ent_coef        | 0.001    |
|    learning_rate   | 0.0003   |
|    n_updates       | 813248   |
---------------------------------
---------------------------------
| rollout/           |          |
|    ep_len_mean     | 33       |
|    ep_rew_mean     | -10.1    |
|    success_rate    | 0.47     |
| time/              |          |
|    episodes        | 4340     |
|    fps             | 80       |
|    time_elapsed    | 3161     |
|    total_timesteps | 255932   |
| train/             |          |
|    actor_loss      | -137     |
|    critic_loss     | 260      |
|    ent_coef        | 0.001    |
|    learning_rate   | 0.0003   |
|    n_updates       | 813281   |
---------------------------------
---------------------------------
| rollout/           |          |
|    ep_len_mean     | 35       |
|    ep_rew_mean     | -10      |
|    success_rate    | 0.47     |
| time/              |          |
|    episodes        | 4344     |
|    fps             | 80       |
|    time_elapsed    | 3163     |
|    total_timesteps | 256056   |
| train/             |          |
|    actor_loss      | -135     |
|    critic_loss     | 123      |
|    ent_coef        | 0.001    |
|    learning_rate   | 0.0003   |
|    n_updates       | 813312   |
---------------------------------
---------------------------------
| rollout/           |          |
|    ep_len_mean     | 35.1     |
|    ep_rew_mean     | -9.58    |
|    success_rate    | 0.48     |
| time/              |          |
|    episodes        | 4348     |
|    fps             | 80       |
|    time_elapsed    | 3163     |
|    total_timesteps | 256108   |
| train/             |          |
|    actor_loss      | -138     |
|    critic_loss     | 99.2     |
|    ent_coef        | 0.001    |
|    learning_rate   | 0.0003   |
|    n_updates       | 813325   |
---------------------------------
---------------------------------
| rollout/           |          |
|    ep_len_mean     | 37.1     |
|    ep_rew_mean     | -9.28    |
|    success_rate    | 0.49     |
| time/              |          |
|    episodes        | 4352     |
|    fps             | 80       |
|    time_elapsed    | 3166     |
|    total_timesteps | 256424   |
| train/             |          |
|    actor_loss      | -134     |
|    critic_loss     | 81.3     |
|    ent_coef        | 0.001    |
|    learning_rate   | 0.0003   |
|    n_updates       | 813404   |
---------------------------------
---------------------------------
| rollout/           |          |
|    ep_len_mean     | 36       |
|    ep_rew_mean     | -9.41    |
|    success_rate    | 0.48     |
| time/              |          |
|    episodes        | 4356     |
|    fps             | 81       |
|    time_elapsed    | 3168     |
|    total_timesteps | 256688   |
| train/             |          |
|    actor_loss      | -134     |
|    critic_loss     | 96.9     |
|    ent_coef        | 0.001    |
|    learning_rate   | 0.0003   |
|    n_updates       | 813470   |
---------------------------------
---------------------------------
| rollout/           |          |
|    ep_len_mean     | 37.4     |
|    ep_rew_mean     | -10      |
|    success_rate    | 0.47     |
| time/              |          |
|    episodes        | 4360     |
|    fps             | 81       |
|    time_elapsed    | 3169     |
|    total_timesteps | 256804   |
| train/             |          |
|    actor_loss      | -137     |
|    critic_loss     | 92.6     |
|    ent_coef        | 0.001    |
|    learning_rate   | 0.0003   |
|    n_updates       | 813499   |
---------------------------------
---------------------------------
| rollout/           |          |
|    ep_len_mean     | 37.7     |
|    ep_rew_mean     | -10.2    |
|    success_rate    | 0.47     |
| time/              |          |
|    episodes        | 4364     |
|    fps             | 81       |
|    time_elapsed    | 3171     |
|    total_timesteps | 256912   |
| train/             |          |
|    actor_loss      | -136     |
|    critic_loss     | 93.7     |
|    ent_coef        | 0.001    |
|    learning_rate   | 0.0003   |
|    n_updates       | 813526   |
---------------------------------
---------------------------------
| rollout/           |          |
|    ep_len_mean     | 35.9     |
|    ep_rew_mean     | -9.96    |
|    success_rate    | 0.48     |
| time/              |          |
|    episodes        | 4368     |
|    fps             | 81       |
|    time_elapsed    | 3172     |
|    total_timesteps | 257032   |
| train/             |          |
|    actor_loss      | -136     |
|    critic_loss     | 58.6     |
|    ent_coef        | 0.001    |
|    learning_rate   | 0.0003   |
|    n_updates       | 813556   |
---------------------------------
---------------------------------
| rollout/           |          |
|    ep_len_mean     | 35.9     |
|    ep_rew_mean     | -10.2    |
|    success_rate    | 0.47     |
| time/              |          |
|    episodes        | 4372     |
|    fps             | 81       |
|    time_elapsed    | 3173     |
|    total_timesteps | 257084   |
| train/             |          |
|    actor_loss      | -133     |
|    critic_loss     | 80.2     |
|    ent_coef        | 0.001    |
|    learning_rate   | 0.0003   |
|    n_updates       | 813569   |
---------------------------------
---------------------------------
| rollout/           |          |
|    ep_len_mean     | 34.6     |
|    ep_rew_mean     | -10.8    |
|    success_rate    | 0.46     |
| time/              |          |
|    episodes        | 4376     |
|    fps             | 81       |
|    time_elapsed    | 3174     |
|    total_timesteps | 257252   |
| train/             |          |
|    actor_loss      | -137     |
|    critic_loss     | 103      |
|    ent_coef        | 0.001    |
|    learning_rate   | 0.0003   |
|    n_updates       | 813611   |
---------------------------------
---------------------------------
| rollout/           |          |
|    ep_len_mean     | 35.6     |
|    ep_rew_mean     | -10.9    |
|    success_rate    | 0.46     |
| time/              |          |
|    episodes        | 4380     |
|    fps             | 81       |
|    time_elapsed    | 3176     |
|    total_timesteps | 257412   |
| train/             |          |
|    actor_loss      | -135     |
|    critic_loss     | 127      |
|    ent_coef        | 0.001    |
|    learning_rate   | 0.0003   |
|    n_updates       | 813651   |
---------------------------------
---------------------------------
| rollout/           |          |
|    ep_len_mean     | 36.3     |
|    ep_rew_mean     | -10.8    |
|    success_rate    | 0.46     |
| time/              |          |
|    episodes        | 4384     |
|    fps             | 81       |
|    time_elapsed    | 3177     |
|    total_timesteps | 257492   |
| train/             |          |
|    actor_loss      | -136     |
|    critic_loss     | 123      |
|    ent_coef        | 0.001    |
|    learning_rate   | 0.0003   |
|    n_updates       | 813671   |
---------------------------------
---------------------------------
| rollout/           |          |
|    ep_len_mean     | 34.9     |
|    ep_rew_mean     | -10.3    |
|    success_rate    | 0.48     |
| time/              |          |
|    episodes        | 4388     |
|    fps             | 81       |
|    time_elapsed    | 3178     |
|    total_timesteps | 257644   |
| train/             |          |
|    actor_loss      | -137     |
|    critic_loss     | 245      |
|    ent_coef        | 0.001    |
|    learning_rate   | 0.0003   |
|    n_updates       | 813709   |
---------------------------------
---------------------------------
| rollout/           |          |
|    ep_len_mean     | 34.7     |
|    ep_rew_mean     | -9.91    |
|    success_rate    | 0.49     |
| time/              |          |
|    episodes        | 4392     |
|    fps             | 81       |
|    time_elapsed    | 3180     |
|    total_timesteps | 257800   |
| train/             |          |
|    actor_loss      | -135     |
|    critic_loss     | 162      |
|    ent_coef        | 0.001    |
|    learning_rate   | 0.0003   |
|    n_updates       | 813748   |
---------------------------------
---------------------------------
| rollout/           |          |
|    ep_len_mean     | 33.5     |
|    ep_rew_mean     | -9.83    |
|    success_rate    | 0.49     |
| time/              |          |
|    episodes        | 4396     |
|    fps             | 81       |
|    time_elapsed    | 3181     |
|    total_timesteps | 257840   |
| train/             |          |
|    actor_loss      | -137     |
|    critic_loss     | 102      |
|    ent_coef        | 0.001    |
|    learning_rate   | 0.0003   |
|    n_updates       | 813758   |
---------------------------------
---------------------------------
| rollout/           |          |
|    ep_len_mean     | 35.5     |
|    ep_rew_mean     | -9.85    |
|    success_rate    | 0.49     |
| time/              |          |
|    episodes        | 4400     |
|    fps             | 81       |
|    time_elapsed    | 3183     |
|    total_timesteps | 258068   |
| train/             |          |
|    actor_loss      | -139     |
|    critic_loss     | 67.9     |
|    ent_coef        | 0.001    |
|    learning_rate   | 0.0003   |
|    n_updates       | 813815   |
---------------------------------
---------------------------------
| rollout/           |          |
|    ep_len_mean     | 34.3     |
|    ep_rew_mean     | -10.5    |
|    success_rate    | 0.46     |
| time/              |          |
|    episodes        | 4404     |
|    fps             | 81       |
|    time_elapsed    | 3184     |
|    total_timesteps | 258160   |
| train/             |          |
|    actor_loss      | -134     |
|    critic_loss     | 154      |
|    ent_coef        | 0.001    |
|    learning_rate   | 0.0003   |
|    n_updates       | 813838   |
---------------------------------
---------------------------------
| rollout/           |          |
|    ep_len_mean     | 36.6     |
|    ep_rew_mean     | -12.1    |
|    success_rate    | 0.45     |
| time/              |          |
|    episodes        | 4408     |
|    fps             | 81       |
|    time_elapsed    | 3185     |
|    total_timesteps | 258216   |
| train/             |          |
|    actor_loss      | -137     |
|    critic_loss     | 140      |
|    ent_coef        | 0.001    |
|    learning_rate   | 0.0003   |
|    n_updates       | 813852   |
---------------------------------
---------------------------------
| rollout/           |          |
|    ep_len_mean     | 37.8     |
|    ep_rew_mean     | -12      |
|    success_rate    | 0.45     |
| time/              |          |
|    episodes        | 4412     |
|    fps             | 81       |
|    time_elapsed    | 3189     |
|    total_timesteps | 258776   |
| train/             |          |
|    actor_loss      | -133     |
|    critic_loss     | 94.8     |
|    ent_coef        | 0.001    |
|    learning_rate   | 0.0003   |
|    n_updates       | 813992   |
---------------------------------
---------------------------------
| rollout/           |          |
|    ep_len_mean     | 38.4     |
|    ep_rew_mean     | -10.5    |
|    success_rate    | 0.45     |
| time/              |          |
|    episodes        | 4416     |
|    fps             | 81       |
|    time_elapsed    | 3192     |
|    total_timesteps | 259252   |
| train/             |          |
|    actor_loss      | -136     |
|    critic_loss     | 55.9     |
|    ent_coef        | 0.001    |
|    learning_rate   | 0.0003   |
|    n_updates       | 814111   |
---------------------------------
---------------------------------
| rollout/           |          |
|    ep_len_mean     | 38.5     |
|    ep_rew_mean     | -9.88    |
|    success_rate    | 0.47     |
| time/              |          |
|    episodes        | 4420     |
|    fps             | 81       |
|    time_elapsed    | 3193     |
|    total_timesteps | 259320   |
| train/             |          |
|    actor_loss      | -132     |
|    critic_loss     | 118      |
|    ent_coef        | 0.001    |
|    learning_rate   | 0.0003   |
|    n_updates       | 814128   |
---------------------------------
---------------------------------
| rollout/           |          |
|    ep_len_mean     | 40.3     |
|    ep_rew_mean     | -10.5    |
|    success_rate    | 0.46     |
| time/              |          |
|    episodes        | 4424     |
|    fps             | 81       |
|    time_elapsed    | 3195     |
|    total_timesteps | 259476   |
| train/             |          |
|    actor_loss      | -136     |
|    critic_loss     | 82.5     |
|    ent_coef        | 0.001    |
|    learning_rate   | 0.0003   |
|    n_updates       | 814167   |
---------------------------------
---------------------------------
| rollout/           |          |
|    ep_len_mean     | 38.5     |
|    ep_rew_mean     | -10.5    |
|    success_rate    | 0.46     |
| time/              |          |
|    episodes        | 4428     |
|    fps             | 81       |
|    time_elapsed    | 3195     |
|    total_timesteps | 259524   |
| train/             |          |
|    actor_loss      | -136     |
|    critic_loss     | 141      |
|    ent_coef        | 0.001    |
|    learning_rate   | 0.0003   |
|    n_updates       | 814179   |
---------------------------------
---------------------------------
| rollout/           |          |
|    ep_len_mean     | 37.4     |
|    ep_rew_mean     | -10.5    |
|    success_rate    | 0.46     |
| time/              |          |
|    episodes        | 4432     |
|    fps             | 81       |
|    time_elapsed    | 3196     |
|    total_timesteps | 259560   |
| train/             |          |
|    actor_loss      | -135     |
|    critic_loss     | 133      |
|    ent_coef        | 0.001    |
|    learning_rate   | 0.0003   |
|    n_updates       | 814188   |
---------------------------------
---------------------------------
| rollout/           |          |
|    ep_len_mean     | 38.8     |
|    ep_rew_mean     | -10.7    |
|    success_rate    | 0.45     |
| time/              |          |
|    episodes        | 4436     |
|    fps             | 81       |
|    time_elapsed    | 3197     |
|    total_timesteps | 259656   |
| train/             |          |
|    actor_loss      | -133     |
|    critic_loss     | 127      |
|    ent_coef        | 0.001    |
|    learning_rate   | 0.0003   |
|    n_updates       | 814212   |
---------------------------------
---------------------------------
| rollout/           |          |
|    ep_len_mean     | 38.9     |
|    ep_rew_mean     | -10.6    |
|    success_rate    | 0.45     |
| time/              |          |
|    episodes        | 4440     |
|    fps             | 81       |
|    time_elapsed    | 3197     |
|    total_timesteps | 259676   |
| train/             |          |
|    actor_loss      | -134     |
|    critic_loss     | 92.4     |
|    ent_coef        | 0.001    |
|    learning_rate   | 0.0003   |
|    n_updates       | 814217   |
---------------------------------
---------------------------------
| rollout/           |          |
|    ep_len_mean     | 36.9     |
|    ep_rew_mean     | -10.4    |
|    success_rate    | 0.46     |
| time/              |          |
|    episodes        | 4444     |
|    fps             | 81       |
|    time_elapsed    | 3199     |
|    total_timesteps | 259760   |
| train/             |          |
|    actor_loss      | -137     |
|    critic_loss     | 38       |
|    ent_coef        | 0.001    |
|    learning_rate   | 0.0003   |
|    n_updates       | 814238   |
---------------------------------
Eval num_timesteps=260000, episode_reward=-24.11 +/- 70.62
Episode length: 64.06 +/- 73.04
Success rate: 68.00%
---------------------------------
| eval/              |          |
|    mean_ep_length  | 64.1     |
|    mean_reward     | -24.1    |
|    success_rate    | 0.68     |
| time/              |          |
|    total_timesteps | 260000   |
| train/             |          |
|    actor_loss      | -134     |
|    critic_loss     | 242      |
|    ent_coef        | 0.001    |
|    learning_rate   | 0.0003   |
|    n_updates       | 814298   |
---------------------------------
Eval num_timesteps=260000, episode_reward=-15.58 +/- 10.33
Episode length: 15.38 +/- 42.42
Success rate: 14.00%
---------------------------------
| eval/              |          |
|    mean_ep_length  | 15.4     |
|    mean_reward     | -15.6    |
|    success_rate    | 0.14     |
| time/              |          |
|    total_timesteps | 260000   |
---------------------------------
Eval num_timesteps=260000, episode_reward=-20.21 +/- 0.16
Episode length: 1.42 +/- 1.56
Success rate: 0.00%
---------------------------------
| eval/              |          |
|    mean_ep_length  | 1.42     |
|    mean_reward     | -20.2    |
|    success_rate    | 0        |
| time/              |          |
|    total_timesteps | 260000   |
---------------------------------
---------------------------------
| rollout/           |          |
|    ep_len_mean     | 41.8     |
|    ep_rew_mean     | -13.1    |
|    success_rate    | 0.44     |
| time/              |          |
|    episodes        | 4448     |
|    fps             | 80       |
|    time_elapsed    | 3225     |
|    total_timesteps | 260404   |
| train/             |          |
|    actor_loss      | -138     |
|    critic_loss     | 115      |
|    ent_coef        | 0.001    |
|    learning_rate   | 0.0003   |
|    n_updates       | 814399   |
---------------------------------
---------------------------------
| rollout/           |          |
|    ep_len_mean     | 41.7     |
|    ep_rew_mean     | -12.8    |
|    success_rate    | 0.45     |
| time/              |          |
|    episodes        | 4452     |
|    fps             | 80       |
|    time_elapsed    | 3227     |
|    total_timesteps | 260632   |
| train/             |          |
|    actor_loss      | -135     |
|    critic_loss     | 148      |
|    ent_coef        | 0.001    |
|    learning_rate   | 0.0003   |
|    n_updates       | 814456   |
---------------------------------
---------------------------------
| rollout/           |          |
|    ep_len_mean     | 39.4     |
|    ep_rew_mean     | -12.5    |
|    success_rate    | 0.46     |
| time/              |          |
|    episodes        | 4456     |
|    fps             | 80       |
|    time_elapsed    | 3228     |
|    total_timesteps | 260700   |
| train/             |          |
|    actor_loss      | -132     |
|    critic_loss     | 174      |
|    ent_coef        | 0.001    |
|    learning_rate   | 0.0003   |
|    n_updates       | 814473   |
---------------------------------
---------------------------------
| rollout/           |          |
|    ep_len_mean     | 39.1     |
|    ep_rew_mean     | -12.5    |
|    success_rate    | 0.45     |
| time/              |          |
|    episodes        | 4460     |
|    fps             | 80       |
|    time_elapsed    | 3229     |
|    total_timesteps | 260804   |
| train/             |          |
|    actor_loss      | -134     |
|    critic_loss     | 45.2     |
|    ent_coef        | 0.001    |
|    learning_rate   | 0.0003   |
|    n_updates       | 814499   |
---------------------------------
---------------------------------
| rollout/           |          |
|    ep_len_mean     | 39.2     |
|    ep_rew_mean     | -12.1    |
|    success_rate    | 0.46     |
| time/              |          |
|    episodes        | 4464     |
|    fps             | 80       |
|    time_elapsed    | 3230     |
|    total_timesteps | 260876   |
| train/             |          |
|    actor_loss      | -138     |
|    critic_loss     | 156      |
|    ent_coef        | 0.001    |
|    learning_rate   | 0.0003   |
|    n_updates       | 814517   |
---------------------------------
---------------------------------
| rollout/           |          |
|    ep_len_mean     | 39       |
|    ep_rew_mean     | -13.1    |
|    success_rate    | 0.44     |
| time/              |          |
|    episodes        | 4468     |
|    fps             | 80       |
|    time_elapsed    | 3232     |
|    total_timesteps | 261076   |
| train/             |          |
|    actor_loss      | -136     |
|    critic_loss     | 110      |
|    ent_coef        | 0.001    |
|    learning_rate   | 0.0003   |
|    n_updates       | 814567   |
---------------------------------
---------------------------------
| rollout/           |          |
|    ep_len_mean     | 40.1     |
|    ep_rew_mean     | -14.8    |
|    success_rate    | 0.43     |
| time/              |          |
|    episodes        | 4472     |
|    fps             | 80       |
|    time_elapsed    | 3232     |
|    total_timesteps | 261104   |
| train/             |          |
|    actor_loss      | -132     |
|    critic_loss     | 178      |
|    ent_coef        | 0.001    |
|    learning_rate   | 0.0003   |
|    n_updates       | 814574   |
---------------------------------
---------------------------------
| rollout/           |          |
|    ep_len_mean     | 41       |
|    ep_rew_mean     | -14.8    |
|    success_rate    | 0.42     |
| time/              |          |
|    episodes        | 4476     |
|    fps             | 80       |
|    time_elapsed    | 3235     |
|    total_timesteps | 261384   |
| train/             |          |
|    actor_loss      | -135     |
|    critic_loss     | 61.4     |
|    ent_coef        | 0.001    |
|    learning_rate   | 0.0003   |
|    n_updates       | 814644   |
---------------------------------
---------------------------------
| rollout/           |          |
|    ep_len_mean     | 42.1     |
|    ep_rew_mean     | -14.9    |
|    success_rate    | 0.42     |
| time/              |          |
|    episodes        | 4480     |
|    fps             | 80       |
|    time_elapsed    | 3237     |
|    total_timesteps | 261644   |
| train/             |          |
|    actor_loss      | -137     |
|    critic_loss     | 166      |
|    ent_coef        | 0.001    |
|    learning_rate   | 0.0003   |
|    n_updates       | 814709   |
---------------------------------
---------------------------------
| rollout/           |          |
|    ep_len_mean     | 40       |
|    ep_rew_mean     | -15      |
|    success_rate    | 0.42     |
| time/              |          |
|    episodes        | 4484     |
|    fps             | 80       |
|    time_elapsed    | 3238     |
|    total_timesteps | 261736   |
| train/             |          |
|    actor_loss      | -134     |
|    critic_loss     | 231      |
|    ent_coef        | 0.001    |
|    learning_rate   | 0.0003   |
|    n_updates       | 814732   |
---------------------------------
---------------------------------
| rollout/           |          |
|    ep_len_mean     | 41.4     |
|    ep_rew_mean     | -18      |
|    success_rate    | 0.4      |
| time/              |          |
|    episodes        | 4488     |
|    fps             | 80       |
|    time_elapsed    | 3239     |
|    total_timesteps | 261808   |
| train/             |          |
|    actor_loss      | -132     |
|    critic_loss     | 105      |
|    ent_coef        | 0.001    |
|    learning_rate   | 0.0003   |
|    n_updates       | 814750   |
---------------------------------
---------------------------------
| rollout/           |          |
|    ep_len_mean     | 41.4     |
|    ep_rew_mean     | -18.2    |
|    success_rate    | 0.39     |
| time/              |          |
|    episodes        | 4492     |
|    fps             | 80       |
|    time_elapsed    | 3241     |
|    total_timesteps | 261912   |
| train/             |          |
|    actor_loss      | -136     |
|    critic_loss     | 159      |
|    ent_coef        | 0.001    |
|    learning_rate   | 0.0003   |
|    n_updates       | 814776   |
---------------------------------
---------------------------------
| rollout/           |          |
|    ep_len_mean     | 42.4     |
|    ep_rew_mean     | -18      |
|    success_rate    | 0.39     |
| time/              |          |
|    episodes        | 4496     |
|    fps             | 80       |
|    time_elapsed    | 3241     |
|    total_timesteps | 261964   |
| train/             |          |
|    actor_loss      | -133     |
|    critic_loss     | 107      |
|    ent_coef        | 0.001    |
|    learning_rate   | 0.0003   |
|    n_updates       | 814789   |
---------------------------------
---------------------------------
| rollout/           |          |
|    ep_len_mean     | 41.1     |
|    ep_rew_mean     | -17.8    |
|    success_rate    | 0.39     |
| time/              |          |
|    episodes        | 4500     |
|    fps             | 80       |
|    time_elapsed    | 3242     |
|    total_timesteps | 262024   |
| train/             |          |
|    actor_loss      | -132     |
|    critic_loss     | 114      |
|    ent_coef        | 0.001    |
|    learning_rate   | 0.0003   |
|    n_updates       | 814804   |
---------------------------------
---------------------------------
| rollout/           |          |
|    ep_len_mean     | 41.1     |
|    ep_rew_mean     | -17.5    |
|    success_rate    | 0.4      |
| time/              |          |
|    episodes        | 4504     |
|    fps             | 80       |
|    time_elapsed    | 3243     |
|    total_timesteps | 262044   |
| train/             |          |
|    actor_loss      | -134     |
|    critic_loss     | 106      |
|    ent_coef        | 0.001    |
|    learning_rate   | 0.0003   |
|    n_updates       | 814809   |
---------------------------------
---------------------------------
| rollout/           |          |
|    ep_len_mean     | 39.1     |
|    ep_rew_mean     | -15.7    |
|    success_rate    | 0.42     |
| time/              |          |
|    episodes        | 4508     |
|    fps             | 80       |
|    time_elapsed    | 3244     |
|    total_timesteps | 262184   |
| train/             |          |
|    actor_loss      | -136     |
|    critic_loss     | 121      |
|    ent_coef        | 0.001    |
|    learning_rate   | 0.0003   |
|    n_updates       | 814844   |
---------------------------------
---------------------------------
| rollout/           |          |
|    ep_len_mean     | 36.5     |
|    ep_rew_mean     | -15.5    |
|    success_rate    | 0.43     |
| time/              |          |
|    episodes        | 4512     |
|    fps             | 80       |
|    time_elapsed    | 3246     |
|    total_timesteps | 262468   |
| train/             |          |
|    actor_loss      | -135     |
|    critic_loss     | 86.8     |
|    ent_coef        | 0.001    |
|    learning_rate   | 0.0003   |
|    n_updates       | 814915   |
---------------------------------
---------------------------------
| rollout/           |          |
|    ep_len_mean     | 35.3     |
|    ep_rew_mean     | -18      |
|    success_rate    | 0.43     |
| time/              |          |
|    episodes        | 4516     |
|    fps             | 80       |
|    time_elapsed    | 3247     |
|    total_timesteps | 262528   |
| train/             |          |
|    actor_loss      | -133     |
|    critic_loss     | 162      |
|    ent_coef        | 0.001    |
|    learning_rate   | 0.0003   |
|    n_updates       | 814930   |
---------------------------------
---------------------------------
| rollout/           |          |
|    ep_len_mean     | 33.5     |
|    ep_rew_mean     | -18      |
|    success_rate    | 0.43     |
| time/              |          |
|    episodes        | 4520     |
|    fps             | 80       |
|    time_elapsed    | 3248     |
|    total_timesteps | 262552   |
| train/             |          |
|    actor_loss      | -137     |
|    critic_loss     | 243      |
|    ent_coef        | 0.001    |
|    learning_rate   | 0.0003   |
|    n_updates       | 814936   |
---------------------------------
---------------------------------
| rollout/           |          |
|    ep_len_mean     | 31.4     |
|    ep_rew_mean     | -18      |
|    success_rate    | 0.42     |
| time/              |          |
|    episodes        | 4524     |
|    fps             | 80       |
|    time_elapsed    | 3248     |
|    total_timesteps | 262596   |
| train/             |          |
|    actor_loss      | -132     |
|    critic_loss     | 171      |
|    ent_coef        | 0.001    |
|    learning_rate   | 0.0003   |
|    n_updates       | 814947   |
---------------------------------
---------------------------------
| rollout/           |          |
|    ep_len_mean     | 34.3     |
|    ep_rew_mean     | -18      |
|    success_rate    | 0.44     |
| time/              |          |
|    episodes        | 4528     |
|    fps             | 80       |
|    time_elapsed    | 3250     |
|    total_timesteps | 262808   |
| train/             |          |
|    actor_loss      | -134     |
|    critic_loss     | 83.7     |
|    ent_coef        | 0.001    |
|    learning_rate   | 0.0003   |
|    n_updates       | 815000   |
---------------------------------
---------------------------------
| rollout/           |          |
|    ep_len_mean     | 34.8     |
|    ep_rew_mean     | -18.1    |
|    success_rate    | 0.44     |
| time/              |          |
|    episodes        | 4532     |
|    fps             | 80       |
|    time_elapsed    | 3252     |
|    total_timesteps | 263016   |
| train/             |          |
|    actor_loss      | -137     |
|    critic_loss     | 97.2     |
|    ent_coef        | 0.001    |
|    learning_rate   | 0.0003   |
|    n_updates       | 815052   |
---------------------------------
---------------------------------
| rollout/           |          |
|    ep_len_mean     | 36.7     |
|    ep_rew_mean     | -18.1    |
|    success_rate    | 0.45     |
| time/              |          |
|    episodes        | 4536     |
|    fps             | 80       |
|    time_elapsed    | 3255     |
|    total_timesteps | 263456   |
| train/             |          |
|    actor_loss      | -133     |
|    critic_loss     | 112      |
|    ent_coef        | 0.001    |
|    learning_rate   | 0.0003   |
|    n_updates       | 815162   |
---------------------------------
---------------------------------
| rollout/           |          |
|    ep_len_mean     | 36.6     |
|    ep_rew_mean     | -18.5    |
|    success_rate    | 0.44     |
| time/              |          |
|    episodes        | 4540     |
|    fps             | 80       |
|    time_elapsed    | 3257     |
|    total_timesteps | 263620   |
| train/             |          |
|    actor_loss      | -134     |
|    critic_loss     | 119      |
|    ent_coef        | 0.001    |
|    learning_rate   | 0.0003   |
|    n_updates       | 815203   |
---------------------------------
---------------------------------
| rollout/           |          |
|    ep_len_mean     | 39.8     |
|    ep_rew_mean     | -18.6    |
|    success_rate    | 0.44     |
| time/              |          |
|    episodes        | 4544     |
|    fps             | 80       |
|    time_elapsed    | 3258     |
|    total_timesteps | 263744   |
| train/             |          |
|    actor_loss      | -134     |
|    critic_loss     | 122      |
|    ent_coef        | 0.001    |
|    learning_rate   | 0.0003   |
|    n_updates       | 815234   |
---------------------------------
---------------------------------
| rollout/           |          |
|    ep_len_mean     | 36       |
|    ep_rew_mean     | -15.6    |
|    success_rate    | 0.47     |
| time/              |          |
|    episodes        | 4548     |
|    fps             | 80       |
|    time_elapsed    | 3259     |
|    total_timesteps | 263824   |
| train/             |          |
|    actor_loss      | -131     |
|    critic_loss     | 75.6     |
|    ent_coef        | 0.001    |
|    learning_rate   | 0.0003   |
|    n_updates       | 815254   |
---------------------------------
---------------------------------
| rollout/           |          |
|    ep_len_mean     | 34.7     |
|    ep_rew_mean     | -15.6    |
|    success_rate    | 0.48     |
| time/              |          |
|    episodes        | 4552     |
|    fps             | 80       |
|    time_elapsed    | 3261     |
|    total_timesteps | 263968   |
| train/             |          |
|    actor_loss      | -134     |
|    critic_loss     | 95.1     |
|    ent_coef        | 0.001    |
|    learning_rate   | 0.0003   |
|    n_updates       | 815290   |
---------------------------------
---------------------------------
| rollout/           |          |
|    ep_len_mean     | 35.3     |
|    ep_rew_mean     | -15.3    |
|    success_rate    | 0.49     |
| time/              |          |
|    episodes        | 4556     |
|    fps             | 80       |
|    time_elapsed    | 3262     |
|    total_timesteps | 264120   |
| train/             |          |
|    actor_loss      | -130     |
|    critic_loss     | 135      |
|    ent_coef        | 0.001    |
|    learning_rate   | 0.0003   |
|    n_updates       | 815328   |
---------------------------------
---------------------------------
| rollout/           |          |
|    ep_len_mean     | 33.7     |
|    ep_rew_mean     | -15.1    |
|    success_rate    | 0.5      |
| time/              |          |
|    episodes        | 4560     |
|    fps             | 80       |
|    time_elapsed    | 3263     |
|    total_timesteps | 264168   |
| train/             |          |
|    actor_loss      | -135     |
|    critic_loss     | 82.8     |
|    ent_coef        | 0.001    |
|    learning_rate   | 0.0003   |
|    n_updates       | 815340   |
---------------------------------
---------------------------------
| rollout/           |          |
|    ep_len_mean     | 33.7     |
|    ep_rew_mean     | -15.5    |
|    success_rate    | 0.49     |
| time/              |          |
|    episodes        | 4564     |
|    fps             | 80       |
|    time_elapsed    | 3264     |
|    total_timesteps | 264344   |
| train/             |          |
|    actor_loss      | -130     |
|    critic_loss     | 142      |
|    ent_coef        | 0.001    |
|    learning_rate   | 0.0003   |
|    n_updates       | 815384   |
---------------------------------
---------------------------------
| rollout/           |          |
|    ep_len_mean     | 33.8     |
|    ep_rew_mean     | -14.7    |
|    success_rate    | 0.5      |
| time/              |          |
|    episodes        | 4568     |
|    fps             | 80       |
|    time_elapsed    | 3265     |
|    total_timesteps | 264432   |
| train/             |          |
|    actor_loss      | -132     |
|    critic_loss     | 168      |
|    ent_coef        | 0.001    |
|    learning_rate   | 0.0003   |
|    n_updates       | 815406   |
---------------------------------
---------------------------------
| rollout/           |          |
|    ep_len_mean     | 33.9     |
|    ep_rew_mean     | -12.9    |
|    success_rate    | 0.51     |
| time/              |          |
|    episodes        | 4572     |
|    fps             | 80       |
|    time_elapsed    | 3266     |
|    total_timesteps | 264508   |
| train/             |          |
|    actor_loss      | -132     |
|    critic_loss     | 59.6     |
|    ent_coef        | 0.001    |
|    learning_rate   | 0.0003   |
|    n_updates       | 815425   |
---------------------------------
---------------------------------
| rollout/           |          |
|    ep_len_mean     | 32.5     |
|    ep_rew_mean     | -12.5    |
|    success_rate    | 0.52     |
| time/              |          |
|    episodes        | 4576     |
|    fps             | 80       |
|    time_elapsed    | 3267     |
|    total_timesteps | 264600   |
| train/             |          |
|    actor_loss      | -132     |
|    critic_loss     | 121      |
|    ent_coef        | 0.001    |
|    learning_rate   | 0.0003   |
|    n_updates       | 815448   |
---------------------------------
---------------------------------
| rollout/           |          |
|    ep_len_mean     | 31.2     |
|    ep_rew_mean     | -12.5    |
|    success_rate    | 0.52     |
| time/              |          |
|    episodes        | 4580     |
|    fps             | 80       |
|    time_elapsed    | 3268     |
|    total_timesteps | 264624   |
| train/             |          |
|    actor_loss      | -134     |
|    critic_loss     | 55       |
|    ent_coef        | 0.001    |
|    learning_rate   | 0.0003   |
|    n_updates       | 815454   |
---------------------------------
---------------------------------
| rollout/           |          |
|    ep_len_mean     | 31.4     |
|    ep_rew_mean     | -12.7    |
|    success_rate    | 0.51     |
| time/              |          |
|    episodes        | 4584     |
|    fps             | 80       |
|    time_elapsed    | 3269     |
|    total_timesteps | 264768   |
| train/             |          |
|    actor_loss      | -135     |
|    critic_loss     | 127      |
|    ent_coef        | 0.001    |
|    learning_rate   | 0.0003   |
|    n_updates       | 815490   |
---------------------------------
---------------------------------
| rollout/           |          |
|    ep_len_mean     | 32       |
|    ep_rew_mean     | -9.65    |
|    success_rate    | 0.53     |
| time/              |          |
|    episodes        | 4588     |
|    fps             | 80       |
|    time_elapsed    | 3271     |
|    total_timesteps | 264880   |
| train/             |          |
|    actor_loss      | -130     |
|    critic_loss     | 147      |
|    ent_coef        | 0.001    |
|    learning_rate   | 0.0003   |
|    n_updates       | 815518   |
---------------------------------
---------------------------------
| rollout/           |          |
|    ep_len_mean     | 31.6     |
|    ep_rew_mean     | -10.2    |
|    success_rate    | 0.51     |
| time/              |          |
|    episodes        | 4592     |
|    fps             | 80       |
|    time_elapsed    | 3271     |
|    total_timesteps | 264896   |
| train/             |          |
|    actor_loss      | -135     |
|    critic_loss     | 129      |
|    ent_coef        | 0.001    |
|    learning_rate   | 0.0003   |
|    n_updates       | 815522   |
---------------------------------
---------------------------------
| rollout/           |          |
|    ep_len_mean     | 29.8     |
|    ep_rew_mean     | -10.3    |
|    success_rate    | 0.51     |
| time/              |          |
|    episodes        | 4596     |
|    fps             | 80       |
|    time_elapsed    | 3272     |
|    total_timesteps | 264916   |
| train/             |          |
|    actor_loss      | -133     |
|    critic_loss     | 122      |
|    ent_coef        | 0.001    |
|    learning_rate   | 0.0003   |
|    n_updates       | 815527   |
---------------------------------
---------------------------------
| rollout/           |          |
|    ep_len_mean     | 29.2     |
|    ep_rew_mean     | -10      |
|    success_rate    | 0.52     |
| time/              |          |
|    episodes        | 4600     |
|    fps             | 80       |
|    time_elapsed    | 3273     |
|    total_timesteps | 265096   |
| train/             |          |
|    actor_loss      | -131     |
|    critic_loss     | 160      |
|    ent_coef        | 0.001    |
|    learning_rate   | 0.0003   |
|    n_updates       | 815572   |
---------------------------------
---------------------------------
| rollout/           |          |
|    ep_len_mean     | 30.8     |
|    ep_rew_mean     | -10.2    |
|    success_rate    | 0.51     |
| time/              |          |
|    episodes        | 4604     |
|    fps             | 81       |
|    time_elapsed    | 3276     |
|    total_timesteps | 265400   |
| train/             |          |
|    actor_loss      | -136     |
|    critic_loss     | 75.1     |
|    ent_coef        | 0.001    |
|    learning_rate   | 0.0003   |
|    n_updates       | 815648   |
---------------------------------
---------------------------------
| rollout/           |          |
|    ep_len_mean     | 32.9     |
|    ep_rew_mean     | -11      |
|    success_rate    | 0.48     |
| time/              |          |
|    episodes        | 4608     |
|    fps             | 81       |
|    time_elapsed    | 3277     |
|    total_timesteps | 265480   |
| train/             |          |
|    actor_loss      | -136     |
|    critic_loss     | 84.9     |
|    ent_coef        | 0.001    |
|    learning_rate   | 0.0003   |
|    n_updates       | 815668   |
---------------------------------
---------------------------------
| rollout/           |          |
|    ep_len_mean     | 32.7     |
|    ep_rew_mean     | -11      |
|    success_rate    | 0.48     |
| time/              |          |
|    episodes        | 4612     |
|    fps             | 81       |
|    time_elapsed    | 3277     |
|    total_timesteps | 265516   |
| train/             |          |
|    actor_loss      | -134     |
|    critic_loss     | 53       |
|    ent_coef        | 0.001    |
|    learning_rate   | 0.0003   |
|    n_updates       | 815677   |
---------------------------------
---------------------------------
| rollout/           |          |
|    ep_len_mean     | 29.9     |
|    ep_rew_mean     | -8.45    |
|    success_rate    | 0.48     |
| time/              |          |
|    episodes        | 4616     |
|    fps             | 81       |
|    time_elapsed    | 3278     |
|    total_timesteps | 265560   |
| train/             |          |
|    actor_loss      | -133     |
|    critic_loss     | 84.5     |
|    ent_coef        | 0.001    |
|    learning_rate   | 0.0003   |
|    n_updates       | 815688   |
---------------------------------
---------------------------------
| rollout/           |          |
|    ep_len_mean     | 33.8     |
|    ep_rew_mean     | -9.23    |
|    success_rate    | 0.47     |
| time/              |          |
|    episodes        | 4620     |
|    fps             | 81       |
|    time_elapsed    | 3283     |
|    total_timesteps | 266224   |
| train/             |          |
|    actor_loss      | -133     |
|    critic_loss     | 106      |
|    ent_coef        | 0.001    |
|    learning_rate   | 0.0003   |
|    n_updates       | 815854   |
---------------------------------
---------------------------------
| rollout/           |          |
|    ep_len_mean     | 36.9     |
|    ep_rew_mean     | -9.28    |
|    success_rate    | 0.47     |
| time/              |          |
|    episodes        | 4624     |
|    fps             | 81       |
|    time_elapsed    | 3284     |
|    total_timesteps | 266332   |
| train/             |          |
|    actor_loss      | -132     |
|    critic_loss     | 173      |
|    ent_coef        | 0.001    |
|    learning_rate   | 0.0003   |
|    n_updates       | 815881   |
---------------------------------
---------------------------------
| rollout/           |          |
|    ep_len_mean     | 36.2     |
|    ep_rew_mean     | -9.11    |
|    success_rate    | 0.46     |
| time/              |          |
|    episodes        | 4628     |
|    fps             | 81       |
|    time_elapsed    | 3286     |
|    total_timesteps | 266472   |
| train/             |          |
|    actor_loss      | -136     |
|    critic_loss     | 49.6     |
|    ent_coef        | 0.001    |
|    learning_rate   | 0.0003   |
|    n_updates       | 815916   |
---------------------------------
---------------------------------
| rollout/           |          |
|    ep_len_mean     | 36.1     |
|    ep_rew_mean     | -9.3     |
|    success_rate    | 0.45     |
| time/              |          |
|    episodes        | 4632     |
|    fps             | 81       |
|    time_elapsed    | 3286     |
|    total_timesteps | 266512   |
| train/             |          |
|    actor_loss      | -131     |
|    critic_loss     | 227      |
|    ent_coef        | 0.001    |
|    learning_rate   | 0.0003   |
|    n_updates       | 815926   |
---------------------------------
---------------------------------
| rollout/           |          |
|    ep_len_mean     | 32.6     |
|    ep_rew_mean     | -9.01    |
|    success_rate    | 0.45     |
| time/              |          |
|    episodes        | 4636     |
|    fps             | 81       |
|    time_elapsed    | 3288     |
|    total_timesteps | 266696   |
| train/             |          |
|    actor_loss      | -137     |
|    critic_loss     | 186      |
|    ent_coef        | 0.001    |
|    learning_rate   | 0.0003   |
|    n_updates       | 815972   |
---------------------------------
---------------------------------
| rollout/           |          |
|    ep_len_mean     | 32.9     |
|    ep_rew_mean     | -8.97    |
|    success_rate    | 0.45     |
| time/              |          |
|    episodes        | 4640     |
|    fps             | 81       |
|    time_elapsed    | 3289     |
|    total_timesteps | 266760   |
| train/             |          |
|    actor_loss      | -132     |
|    critic_loss     | 144      |
|    ent_coef        | 0.001    |
|    learning_rate   | 0.0003   |
|    n_updates       | 815988   |
---------------------------------
---------------------------------
| rollout/           |          |
|    ep_len_mean     | 29.8     |
|    ep_rew_mean     | -9.32    |
|    success_rate    | 0.44     |
| time/              |          |
|    episodes        | 4644     |
|    fps             | 81       |
|    time_elapsed    | 3290     |
|    total_timesteps | 266920   |
| train/             |          |
|    actor_loss      | -134     |
|    critic_loss     | 86.2     |
|    ent_coef        | 0.001    |
|    learning_rate   | 0.0003   |
|    n_updates       | 816028   |
---------------------------------
---------------------------------
| rollout/           |          |
|    ep_len_mean     | 32.2     |
|    ep_rew_mean     | -9.43    |
|    success_rate    | 0.43     |
| time/              |          |
|    episodes        | 4648     |
|    fps             | 81       |
|    time_elapsed    | 3292     |
|    total_timesteps | 267064   |
| train/             |          |
|    actor_loss      | -133     |
|    critic_loss     | 173      |
|    ent_coef        | 0.001    |
|    learning_rate   | 0.0003   |
|    n_updates       | 816064   |
---------------------------------
---------------------------------
| rollout/           |          |
|    ep_len_mean     | 31.7     |
|    ep_rew_mean     | -9.65    |
|    success_rate    | 0.42     |
| time/              |          |
|    episodes        | 4652     |
|    fps             | 81       |
|    time_elapsed    | 3293     |
|    total_timesteps | 267164   |
| train/             |          |
|    actor_loss      | -131     |
|    critic_loss     | 135      |
|    ent_coef        | 0.001    |
|    learning_rate   | 0.0003   |
|    n_updates       | 816089   |
---------------------------------
---------------------------------
| rollout/           |          |
|    ep_len_mean     | 31.3     |
|    ep_rew_mean     | -10.2    |
|    success_rate    | 0.4      |
| time/              |          |
|    episodes        | 4656     |
|    fps             | 81       |
|    time_elapsed    | 3294     |
|    total_timesteps | 267316   |
| train/             |          |
|    actor_loss      | -135     |
|    critic_loss     | 89.8     |
|    ent_coef        | 0.001    |
|    learning_rate   | 0.0003   |
|    n_updates       | 816127   |
---------------------------------
---------------------------------
| rollout/           |          |
|    ep_len_mean     | 32.9     |
|    ep_rew_mean     | -9.88    |
|    success_rate    | 0.4      |
| time/              |          |
|    episodes        | 4660     |
|    fps             | 81       |
|    time_elapsed    | 3296     |
|    total_timesteps | 267400   |
| train/             |          |
|    actor_loss      | -136     |
|    critic_loss     | 78.2     |
|    ent_coef        | 0.001    |
|    learning_rate   | 0.0003   |
|    n_updates       | 816148   |
---------------------------------
---------------------------------
| rollout/           |          |
|    ep_len_mean     | 32.5     |
|    ep_rew_mean     | -9.72    |
|    success_rate    | 0.4      |
| time/              |          |
|    episodes        | 4664     |
|    fps             | 81       |
|    time_elapsed    | 3296     |
|    total_timesteps | 267432   |
| train/             |          |
|    actor_loss      | -132     |
|    critic_loss     | 157      |
|    ent_coef        | 0.001    |
|    learning_rate   | 0.0003   |
|    n_updates       | 816156   |
---------------------------------
---------------------------------
| rollout/           |          |
|    ep_len_mean     | 34.3     |
|    ep_rew_mean     | -9.68    |
|    success_rate    | 0.4      |
| time/              |          |
|    episodes        | 4668     |
|    fps             | 81       |
|    time_elapsed    | 3299     |
|    total_timesteps | 267800   |
| train/             |          |
|    actor_loss      | -136     |
|    critic_loss     | 70.3     |
|    ent_coef        | 0.001    |
|    learning_rate   | 0.0003   |
|    n_updates       | 816248   |
---------------------------------
---------------------------------
| rollout/           |          |
|    ep_len_mean     | 32.9     |
|    ep_rew_mean     | -9.94    |
|    success_rate    | 0.4      |
| time/              |          |
|    episodes        | 4672     |
|    fps             | 81       |
|    time_elapsed    | 3301     |
|    total_timesteps | 267948   |
| train/             |          |
|    actor_loss      | -135     |
|    critic_loss     | 120      |
|    ent_coef        | 0.001    |
|    learning_rate   | 0.0003   |
|    n_updates       | 816285   |
---------------------------------
---------------------------------
| rollout/           |          |
|    ep_len_mean     | 34.6     |
|    ep_rew_mean     | -9.85    |
|    success_rate    | 0.41     |
| time/              |          |
|    episodes        | 4676     |
|    fps             | 81       |
|    time_elapsed    | 3302     |
|    total_timesteps | 268112   |
| train/             |          |
|    actor_loss      | -134     |
|    critic_loss     | 64.2     |
|    ent_coef        | 0.001    |
|    learning_rate   | 0.0003   |
|    n_updates       | 816326   |
---------------------------------
---------------------------------
| rollout/           |          |
|    ep_len_mean     | 34.4     |
|    ep_rew_mean     | -8.95    |
|    success_rate    | 0.44     |
| time/              |          |
|    episodes        | 4680     |
|    fps             | 81       |
|    time_elapsed    | 3303     |
|    total_timesteps | 268192   |
| train/             |          |
|    actor_loss      | -139     |
|    critic_loss     | 111      |
|    ent_coef        | 0.001    |
|    learning_rate   | 0.0003   |
|    n_updates       | 816346   |
---------------------------------
---------------------------------
| rollout/           |          |
|    ep_len_mean     | 37.1     |
|    ep_rew_mean     | -8.56    |
|    success_rate    | 0.45     |
| time/              |          |
|    episodes        | 4684     |
|    fps             | 81       |
|    time_elapsed    | 3304     |
|    total_timesteps | 268328   |
| train/             |          |
|    actor_loss      | -136     |
|    critic_loss     | 153      |
|    ent_coef        | 0.001    |
|    learning_rate   | 0.0003   |
|    n_updates       | 816380   |
---------------------------------
---------------------------------
| rollout/           |          |
|    ep_len_mean     | 35.4     |
|    ep_rew_mean     | -8.34    |
|    success_rate    | 0.46     |
| time/              |          |
|    episodes        | 4688     |
|    fps             | 81       |
|    time_elapsed    | 3305     |
|    total_timesteps | 268416   |
| train/             |          |
|    actor_loss      | -134     |
|    critic_loss     | 175      |
|    ent_coef        | 0.001    |
|    learning_rate   | 0.0003   |
|    n_updates       | 816402   |
---------------------------------
---------------------------------
| rollout/           |          |
|    ep_len_mean     | 36.3     |
|    ep_rew_mean     | -8.01    |
|    success_rate    | 0.49     |
| time/              |          |
|    episodes        | 4692     |
|    fps             | 81       |
|    time_elapsed    | 3308     |
|    total_timesteps | 268768   |
| train/             |          |
|    actor_loss      | -137     |
|    critic_loss     | 69       |
|    ent_coef        | 0.001    |
|    learning_rate   | 0.0003   |
|    n_updates       | 816490   |
---------------------------------
---------------------------------
| rollout/           |          |
|    ep_len_mean     | 37.9     |
|    ep_rew_mean     | -8.09    |
|    success_rate    | 0.49     |
| time/              |          |
|    episodes        | 4696     |
|    fps             | 81       |
|    time_elapsed    | 3309     |
|    total_timesteps | 268828   |
| train/             |          |
|    actor_loss      | -135     |
|    critic_loss     | 205      |
|    ent_coef        | 0.001    |
|    learning_rate   | 0.0003   |
|    n_updates       | 816505   |
---------------------------------
---------------------------------
| rollout/           |          |
|    ep_len_mean     | 40.7     |
|    ep_rew_mean     | -8.66    |
|    success_rate    | 0.47     |
| time/              |          |
|    episodes        | 4700     |
|    fps             | 81       |
|    time_elapsed    | 3312     |
|    total_timesteps | 269124   |
| train/             |          |
|    actor_loss      | -137     |
|    critic_loss     | 149      |
|    ent_coef        | 0.001    |
|    learning_rate   | 0.0003   |
|    n_updates       | 816579   |
---------------------------------
---------------------------------
| rollout/           |          |
|    ep_len_mean     | 40.4     |
|    ep_rew_mean     | -8.3     |
|    success_rate    | 0.49     |
| time/              |          |
|    episodes        | 4704     |
|    fps             | 81       |
|    time_elapsed    | 3314     |
|    total_timesteps | 269420   |
| train/             |          |
|    actor_loss      | -131     |
|    critic_loss     | 38.3     |
|    ent_coef        | 0.001    |
|    learning_rate   | 0.0003   |
|    n_updates       | 816653   |
---------------------------------
---------------------------------
| rollout/           |          |
|    ep_len_mean     | 41.6     |
|    ep_rew_mean     | -8.02    |
|    success_rate    | 0.5      |
| time/              |          |
|    episodes        | 4708     |
|    fps             | 81       |
|    time_elapsed    | 3316     |
|    total_timesteps | 269568   |
| train/             |          |
|    actor_loss      | -131     |
|    critic_loss     | 170      |
|    ent_coef        | 0.001    |
|    learning_rate   | 0.0003   |
|    n_updates       | 816690   |
---------------------------------
Eval num_timesteps=270000, episode_reward=-8.14 +/- 45.97
Episode length: 34.90 +/- 52.34
Success rate: 82.00%
---------------------------------
| eval/              |          |
|    mean_ep_length  | 34.9     |
|    mean_reward     | -8.14    |
|    success_rate    | 0.82     |
| time/              |          |
|    total_timesteps | 270000   |
| train/             |          |
|    actor_loss      | -135     |
|    critic_loss     | 128      |
|    ent_coef        | 0.001    |
|    learning_rate   | 0.0003   |
|    n_updates       | 816798   |
---------------------------------
Eval num_timesteps=270000, episode_reward=-9.71 +/- 12.51
Episode length: 45.56 +/- 65.88
Success rate: 30.00%
---------------------------------
| eval/              |          |
|    mean_ep_length  | 45.6     |
|    mean_reward     | -9.71    |
|    success_rate    | 0.3      |
| time/              |          |
|    total_timesteps | 270000   |
---------------------------------
Eval num_timesteps=270000, episode_reward=-20.27 +/- 0.17
Episode length: 1.82 +/- 1.69
Success rate: 0.00%
---------------------------------
| eval/              |          |
|    mean_ep_length  | 1.82     |
|    mean_reward     | -20.3    |
|    success_rate    | 0        |
| time/              |          |
|    total_timesteps | 270000   |
---------------------------------
---------------------------------
| rollout/           |          |
|    ep_len_mean     | 43.2     |
|    ep_rew_mean     | -8.11    |
|    success_rate    | 0.49     |
| time/              |          |
|    episodes        | 4712     |
|    fps             | 80       |
|    time_elapsed    | 3341     |
|    total_timesteps | 270120   |
| train/             |          |
|    actor_loss      | -133     |
|    critic_loss     | 63.7     |
|    ent_coef        | 0.001    |
|    learning_rate   | 0.0003   |
|    n_updates       | 816828   |
---------------------------------
---------------------------------
| rollout/           |          |
|    ep_len_mean     | 45       |
|    ep_rew_mean     | -8.47    |
|    success_rate    | 0.48     |
| time/              |          |
|    episodes        | 4716     |
|    fps             | 80       |
|    time_elapsed    | 3342     |
|    total_timesteps | 270184   |
| train/             |          |
|    actor_loss      | -131     |
|    critic_loss     | 119      |
|    ent_coef        | 0.001    |
|    learning_rate   | 0.0003   |
|    n_updates       | 816844   |
---------------------------------
---------------------------------
| rollout/           |          |
|    ep_len_mean     | 42.7     |
|    ep_rew_mean     | -8.3     |
|    success_rate    | 0.47     |
| time/              |          |
|    episodes        | 4720     |
|    fps             | 80       |
|    time_elapsed    | 3343     |
|    total_timesteps | 270312   |
| train/             |          |
|    actor_loss      | -133     |
|    critic_loss     | 61.9     |
|    ent_coef        | 0.001    |
|    learning_rate   | 0.0003   |
|    n_updates       | 816876   |
---------------------------------
---------------------------------
| rollout/           |          |
|    ep_len_mean     | 41.7     |
|    ep_rew_mean     | -7.86    |
|    success_rate    | 0.48     |
| time/              |          |
|    episodes        | 4724     |
|    fps             | 80       |
|    time_elapsed    | 3345     |
|    total_timesteps | 270500   |
| train/             |          |
|    actor_loss      | -136     |
|    critic_loss     | 144      |
|    ent_coef        | 0.001    |
|    learning_rate   | 0.0003   |
|    n_updates       | 816923   |
---------------------------------
---------------------------------
| rollout/           |          |
|    ep_len_mean     | 43.7     |
|    ep_rew_mean     | -7.8     |
|    success_rate    | 0.48     |
| time/              |          |
|    episodes        | 4728     |
|    fps             | 80       |
|    time_elapsed    | 3348     |
|    total_timesteps | 270920   |
| train/             |          |
|    actor_loss      | -139     |
|    critic_loss     | 231      |
|    ent_coef        | 0.001    |
|    learning_rate   | 0.0003   |
|    n_updates       | 817028   |
---------------------------------
---------------------------------
| rollout/           |          |
|    ep_len_mean     | 45.2     |
|    ep_rew_mean     | -7.76    |
|    success_rate    | 0.48     |
| time/              |          |
|    episodes        | 4732     |
|    fps             | 80       |
|    time_elapsed    | 3350     |
|    total_timesteps | 271044   |
| train/             |          |
|    actor_loss      | -133     |
|    critic_loss     | 95.8     |
|    ent_coef        | 0.001    |
|    learning_rate   | 0.0003   |
|    n_updates       | 817059   |
---------------------------------
---------------------------------
| rollout/           |          |
|    ep_len_mean     | 45.4     |
|    ep_rew_mean     | -8.06    |
|    success_rate    | 0.47     |
| time/              |          |
|    episodes        | 4736     |
|    fps             | 80       |
|    time_elapsed    | 3350     |
|    total_timesteps | 271096   |
| train/             |          |
|    actor_loss      | -135     |
|    critic_loss     | 107      |
|    ent_coef        | 0.001    |
|    learning_rate   | 0.0003   |
|    n_updates       | 817072   |
---------------------------------
---------------------------------
| rollout/           |          |
|    ep_len_mean     | 45       |
|    ep_rew_mean     | -8.34    |
|    success_rate    | 0.46     |
| time/              |          |
|    episodes        | 4740     |
|    fps             | 80       |
|    time_elapsed    | 3351     |
|    total_timesteps | 271172   |
| train/             |          |
|    actor_loss      | -137     |
|    critic_loss     | 167      |
|    ent_coef        | 0.001    |
|    learning_rate   | 0.0003   |
|    n_updates       | 817091   |
---------------------------------
---------------------------------
| rollout/           |          |
|    ep_len_mean     | 46.5     |
|    ep_rew_mean     | -8.32    |
|    success_rate    | 0.45     |
| time/              |          |
|    episodes        | 4744     |
|    fps             | 80       |
|    time_elapsed    | 3354     |
|    total_timesteps | 271512   |
| train/             |          |
|    actor_loss      | -134     |
|    critic_loss     | 204      |
|    ent_coef        | 0.001    |
|    learning_rate   | 0.0003   |
|    n_updates       | 817176   |
---------------------------------
---------------------------------
| rollout/           |          |
|    ep_len_mean     | 44.6     |
|    ep_rew_mean     | -8.18    |
|    success_rate    | 0.46     |
| time/              |          |
|    episodes        | 4748     |
|    fps             | 80       |
|    time_elapsed    | 3355     |
|    total_timesteps | 271628   |
| train/             |          |
|    actor_loss      | -136     |
|    critic_loss     | 158      |
|    ent_coef        | 0.001    |
|    learning_rate   | 0.0003   |
|    n_updates       | 817205   |
---------------------------------
---------------------------------
| rollout/           |          |
|    ep_len_mean     | 46.2     |
|    ep_rew_mean     | -8.82    |
|    success_rate    | 0.44     |
| time/              |          |
|    episodes        | 4752     |
|    fps             | 80       |
|    time_elapsed    | 3357     |
|    total_timesteps | 271752   |
| train/             |          |
|    actor_loss      | -133     |
|    critic_loss     | 137      |
|    ent_coef        | 0.001    |
|    learning_rate   | 0.0003   |
|    n_updates       | 817236   |
---------------------------------
---------------------------------
| rollout/           |          |
|    ep_len_mean     | 47.1     |
|    ep_rew_mean     | -8.55    |
|    success_rate    | 0.45     |
| time/              |          |
|    episodes        | 4756     |
|    fps             | 80       |
|    time_elapsed    | 3359     |
|    total_timesteps | 272016   |
| train/             |          |
|    actor_loss      | -133     |
|    critic_loss     | 175      |
|    ent_coef        | 0.001    |
|    learning_rate   | 0.0003   |
|    n_updates       | 817302   |
---------------------------------
---------------------------------
| rollout/           |          |
|    ep_len_mean     | 47.1     |
|    ep_rew_mean     | -8.52    |
|    success_rate    | 0.45     |
| time/              |          |
|    episodes        | 4760     |
|    fps             | 80       |
|    time_elapsed    | 3361     |
|    total_timesteps | 272248   |
| train/             |          |
|    actor_loss      | -135     |
|    critic_loss     | 63.7     |
|    ent_coef        | 0.001    |
|    learning_rate   | 0.0003   |
|    n_updates       | 817360   |
---------------------------------
---------------------------------
| rollout/           |          |
|    ep_len_mean     | 50.5     |
|    ep_rew_mean     | -13.1    |
|    success_rate    | 0.43     |
| time/              |          |
|    episodes        | 4764     |
|    fps             | 81       |
|    time_elapsed    | 3363     |
|    total_timesteps | 272468   |
| train/             |          |
|    actor_loss      | -132     |
|    critic_loss     | 87.2     |
|    ent_coef        | 0.001    |
|    learning_rate   | 0.0003   |
|    n_updates       | 817415   |
---------------------------------
---------------------------------
| rollout/           |          |
|    ep_len_mean     | 48       |
|    ep_rew_mean     | -13.1    |
|    success_rate    | 0.44     |
| time/              |          |
|    episodes        | 4768     |
|    fps             | 81       |
|    time_elapsed    | 3363     |
|    total_timesteps | 272496   |
| train/             |          |
|    actor_loss      | -136     |
|    critic_loss     | 104      |
|    ent_coef        | 0.001    |
|    learning_rate   | 0.0003   |
|    n_updates       | 817422   |
---------------------------------
---------------------------------
| rollout/           |          |
|    ep_len_mean     | 47.8     |
|    ep_rew_mean     | -13      |
|    success_rate    | 0.44     |
| time/              |          |
|    episodes        | 4772     |
|    fps             | 81       |
|    time_elapsed    | 3364     |
|    total_timesteps | 272560   |
| train/             |          |
|    actor_loss      | -133     |
|    critic_loss     | 205      |
|    ent_coef        | 0.001    |
|    learning_rate   | 0.0003   |
|    n_updates       | 817438   |
---------------------------------
---------------------------------
| rollout/           |          |
|    ep_len_mean     | 48.6     |
|    ep_rew_mean     | -13.1    |
|    success_rate    | 0.43     |
| time/              |          |
|    episodes        | 4776     |
|    fps             | 81       |
|    time_elapsed    | 3367     |
|    total_timesteps | 272956   |
| train/             |          |
|    actor_loss      | -130     |
|    critic_loss     | 179      |
|    ent_coef        | 0.001    |
|    learning_rate   | 0.0003   |
|    n_updates       | 817537   |
---------------------------------
---------------------------------
| rollout/           |          |
|    ep_len_mean     | 52.1     |
|    ep_rew_mean     | -13.9    |
|    success_rate    | 0.4      |
| time/              |          |
|    episodes        | 4780     |
|    fps             | 81       |
|    time_elapsed    | 3371     |
|    total_timesteps | 273352   |
| train/             |          |
|    actor_loss      | -135     |
|    critic_loss     | 390      |
|    ent_coef        | 0.001    |
|    learning_rate   | 0.0003   |
|    n_updates       | 817636   |
---------------------------------
---------------------------------
| rollout/           |          |
|    ep_len_mean     | 52.5     |
|    ep_rew_mean     | -13.9    |
|    success_rate    | 0.39     |
| time/              |          |
|    episodes        | 4784     |
|    fps             | 81       |
|    time_elapsed    | 3374     |
|    total_timesteps | 273828   |
| train/             |          |
|    actor_loss      | -138     |
|    critic_loss     | 104      |
|    ent_coef        | 0.001    |
|    learning_rate   | 0.0003   |
|    n_updates       | 817755   |
---------------------------------
---------------------------------
| rollout/           |          |
|    ep_len_mean     | 53.8     |
|    ep_rew_mean     | -14.1    |
|    success_rate    | 0.38     |
| time/              |          |
|    episodes        | 4788     |
|    fps             | 81       |
|    time_elapsed    | 3375     |
|    total_timesteps | 273892   |
| train/             |          |
|    actor_loss      | -132     |
|    critic_loss     | 145      |
|    ent_coef        | 0.001    |
|    learning_rate   | 0.0003   |
|    n_updates       | 817771   |
---------------------------------
---------------------------------
| rollout/           |          |
|    ep_len_mean     | 54.8     |
|    ep_rew_mean     | -13.8    |
|    success_rate    | 0.37     |
| time/              |          |
|    episodes        | 4792     |
|    fps             | 81       |
|    time_elapsed    | 3377     |
|    total_timesteps | 274052   |
| train/             |          |
|    actor_loss      | -136     |
|    critic_loss     | 218      |
|    ent_coef        | 0.001    |
|    learning_rate   | 0.0003   |
|    n_updates       | 817811   |
---------------------------------
---------------------------------
| rollout/           |          |
|    ep_len_mean     | 53.5     |
|    ep_rew_mean     | -13.7    |
|    success_rate    | 0.38     |
| time/              |          |
|    episodes        | 4796     |
|    fps             | 81       |
|    time_elapsed    | 3378     |
|    total_timesteps | 274192   |
| train/             |          |
|    actor_loss      | -134     |
|    critic_loss     | 120      |
|    ent_coef        | 0.001    |
|    learning_rate   | 0.0003   |
|    n_updates       | 817846   |
---------------------------------
---------------------------------
| rollout/           |          |
|    ep_len_mean     | 53.1     |
|    ep_rew_mean     | -13.8    |
|    success_rate    | 0.38     |
| time/              |          |
|    episodes        | 4800     |
|    fps             | 81       |
|    time_elapsed    | 3380     |
|    total_timesteps | 274432   |
| train/             |          |
|    actor_loss      | -133     |
|    critic_loss     | 256      |
|    ent_coef        | 0.001    |
|    learning_rate   | 0.0003   |
|    n_updates       | 817906   |
---------------------------------
---------------------------------
| rollout/           |          |
|    ep_len_mean     | 53.5     |
|    ep_rew_mean     | -13.7    |
|    success_rate    | 0.38     |
| time/              |          |
|    episodes        | 4804     |
|    fps             | 81       |
|    time_elapsed    | 3383     |
|    total_timesteps | 274716   |
| train/             |          |
|    actor_loss      | -131     |
|    critic_loss     | 127      |
|    ent_coef        | 0.001    |
|    learning_rate   | 0.0003   |
|    n_updates       | 817977   |
---------------------------------
---------------------------------
| rollout/           |          |
|    ep_len_mean     | 49.7     |
|    ep_rew_mean     | -13.7    |
|    success_rate    | 0.38     |
| time/              |          |
|    episodes        | 4808     |
|    fps             | 81       |
|    time_elapsed    | 3383     |
|    total_timesteps | 274760   |
| train/             |          |
|    actor_loss      | -134     |
|    critic_loss     | 124      |
|    ent_coef        | 0.001    |
|    learning_rate   | 0.0003   |
|    n_updates       | 817988   |
---------------------------------
---------------------------------
| rollout/           |          |
|    ep_len_mean     | 51.4     |
|    ep_rew_mean     | -13.9    |
|    success_rate    | 0.37     |
| time/              |          |
|    episodes        | 4812     |
|    fps             | 81       |
|    time_elapsed    | 3386     |
|    total_timesteps | 275072   |
| train/             |          |
|    actor_loss      | -136     |
|    critic_loss     | 229      |
|    ent_coef        | 0.001    |
|    learning_rate   | 0.0003   |
|    n_updates       | 818066   |
---------------------------------
---------------------------------
| rollout/           |          |
|    ep_len_mean     | 51.6     |
|    ep_rew_mean     | -13.2    |
|    success_rate    | 0.39     |
| time/              |          |
|    episodes        | 4816     |
|    fps             | 81       |
|    time_elapsed    | 3387     |
|    total_timesteps | 275200   |
| train/             |          |
|    actor_loss      | -138     |
|    critic_loss     | 173      |
|    ent_coef        | 0.001    |
|    learning_rate   | 0.0003   |
|    n_updates       | 818098   |
---------------------------------
---------------------------------
| rollout/           |          |
|    ep_len_mean     | 50.3     |
|    ep_rew_mean     | -12.7    |
|    success_rate    | 0.41     |
| time/              |          |
|    episodes        | 4820     |
|    fps             | 81       |
|    time_elapsed    | 3389     |
|    total_timesteps | 275392   |
| train/             |          |
|    actor_loss      | -135     |
|    critic_loss     | 193      |
|    ent_coef        | 0.001    |
|    learning_rate   | 0.0003   |
|    n_updates       | 818146   |
---------------------------------
---------------------------------
| rollout/           |          |
|    ep_len_mean     | 50.1     |
|    ep_rew_mean     | -12.5    |
|    success_rate    | 0.42     |
| time/              |          |
|    episodes        | 4824     |
|    fps             | 81       |
|    time_elapsed    | 3391     |
|    total_timesteps | 275544   |
| train/             |          |
|    actor_loss      | -136     |
|    critic_loss     | 88.9     |
|    ent_coef        | 0.001    |
|    learning_rate   | 0.0003   |
|    n_updates       | 818184   |
---------------------------------
---------------------------------
| rollout/           |          |
|    ep_len_mean     | 47.9     |
|    ep_rew_mean     | -12.4    |
|    success_rate    | 0.42     |
| time/              |          |
|    episodes        | 4828     |
|    fps             | 81       |
|    time_elapsed    | 3393     |
|    total_timesteps | 275772   |
| train/             |          |
|    actor_loss      | -137     |
|    critic_loss     | 230      |
|    ent_coef        | 0.001    |
|    learning_rate   | 0.0003   |
|    n_updates       | 818241   |
---------------------------------
---------------------------------
| rollout/           |          |
|    ep_len_mean     | 47.8     |
|    ep_rew_mean     | -12.3    |
|    success_rate    | 0.43     |
| time/              |          |
|    episodes        | 4832     |
|    fps             | 81       |
|    time_elapsed    | 3394     |
|    total_timesteps | 275884   |
| train/             |          |
|    actor_loss      | -135     |
|    critic_loss     | 36.6     |
|    ent_coef        | 0.001    |
|    learning_rate   | 0.0003   |
|    n_updates       | 818269   |
---------------------------------
---------------------------------
| rollout/           |          |
|    ep_len_mean     | 47.2     |
|    ep_rew_mean     | -12.8    |
|    success_rate    | 0.41     |
| time/              |          |
|    episodes        | 4836     |
|    fps             | 81       |
|    time_elapsed    | 3394     |
|    total_timesteps | 275900   |
| train/             |          |
|    actor_loss      | -138     |
|    critic_loss     | 154      |
|    ent_coef        | 0.001    |
|    learning_rate   | 0.0003   |
|    n_updates       | 818273   |
---------------------------------
---------------------------------
| rollout/           |          |
|    ep_len_mean     | 49.2     |
|    ep_rew_mean     | -12.3    |
|    success_rate    | 0.43     |
| time/              |          |
|    episodes        | 4840     |
|    fps             | 81       |
|    time_elapsed    | 3396     |
|    total_timesteps | 276144   |
| train/             |          |
|    actor_loss      | -133     |
|    critic_loss     | 35.8     |
|    ent_coef        | 0.001    |
|    learning_rate   | 0.0003   |
|    n_updates       | 818334   |
---------------------------------
---------------------------------
| rollout/           |          |
|    ep_len_mean     | 49.2     |
|    ep_rew_mean     | -12.3    |
|    success_rate    | 0.44     |
| time/              |          |
|    episodes        | 4844     |
|    fps             | 81       |
|    time_elapsed    | 3399     |
|    total_timesteps | 276420   |
| train/             |          |
|    actor_loss      | -137     |
|    critic_loss     | 92.4     |
|    ent_coef        | 0.001    |
|    learning_rate   | 0.0003   |
|    n_updates       | 818403   |
---------------------------------
---------------------------------
| rollout/           |          |
|    ep_len_mean     | 49.1     |
|    ep_rew_mean     | -17.5    |
|    success_rate    | 0.42     |
| time/              |          |
|    episodes        | 4848     |
|    fps             | 81       |
|    time_elapsed    | 3400     |
|    total_timesteps | 276596   |
| train/             |          |
|    actor_loss      | -134     |
|    critic_loss     | 168      |
|    ent_coef        | 0.001    |
|    learning_rate   | 0.0003   |
|    n_updates       | 818447   |
---------------------------------
---------------------------------
| rollout/           |          |
|    ep_len_mean     | 48.6     |
|    ep_rew_mean     | -16.6    |
|    success_rate    | 0.45     |
| time/              |          |
|    episodes        | 4852     |
|    fps             | 81       |
|    time_elapsed    | 3401     |
|    total_timesteps | 276692   |
| train/             |          |
|    actor_loss      | -135     |
|    critic_loss     | 78.9     |
|    ent_coef        | 0.001    |
|    learning_rate   | 0.0003   |
|    n_updates       | 818471   |
---------------------------------
---------------------------------
| rollout/           |          |
|    ep_len_mean     | 49.5     |
|    ep_rew_mean     | -16.5    |
|    success_rate    | 0.46     |
| time/              |          |
|    episodes        | 4856     |
|    fps             | 81       |
|    time_elapsed    | 3403     |
|    total_timesteps | 276924   |
| train/             |          |
|    actor_loss      | -135     |
|    critic_loss     | 95       |
|    ent_coef        | 0.001    |
|    learning_rate   | 0.0003   |
|    n_updates       | 818529   |
---------------------------------
---------------------------------
| rollout/           |          |
|    ep_len_mean     | 50       |
|    ep_rew_mean     | -16.4    |
|    success_rate    | 0.47     |
| time/              |          |
|    episodes        | 4860     |
|    fps             | 81       |
|    time_elapsed    | 3405     |
|    total_timesteps | 277116   |
| train/             |          |
|    actor_loss      | -135     |
|    critic_loss     | 105      |
|    ent_coef        | 0.001    |
|    learning_rate   | 0.0003   |
|    n_updates       | 818577   |
---------------------------------
---------------------------------
| rollout/           |          |
|    ep_len_mean     | 48.5     |
|    ep_rew_mean     | -12      |
|    success_rate    | 0.48     |
| time/              |          |
|    episodes        | 4864     |
|    fps             | 81       |
|    time_elapsed    | 3406     |
|    total_timesteps | 277208   |
| train/             |          |
|    actor_loss      | -128     |
|    critic_loss     | 181      |
|    ent_coef        | 0.001    |
|    learning_rate   | 0.0003   |
|    n_updates       | 818600   |
---------------------------------
---------------------------------
| rollout/           |          |
|    ep_len_mean     | 47.8     |
|    ep_rew_mean     | -11.6    |
|    success_rate    | 0.49     |
| time/              |          |
|    episodes        | 4868     |
|    fps             | 81       |
|    time_elapsed    | 3407     |
|    total_timesteps | 277324   |
| train/             |          |
|    actor_loss      | -133     |
|    critic_loss     | 119      |
|    ent_coef        | 0.001    |
|    learning_rate   | 0.0003   |
|    n_updates       | 818629   |
---------------------------------
---------------------------------
| rollout/           |          |
|    ep_len_mean     | 49.4     |
|    ep_rew_mean     | -10.7    |
|    success_rate    | 0.52     |
| time/              |          |
|    episodes        | 4872     |
|    fps             | 81       |
|    time_elapsed    | 3408     |
|    total_timesteps | 277404   |
| train/             |          |
|    actor_loss      | -137     |
|    critic_loss     | 134      |
|    ent_coef        | 0.001    |
|    learning_rate   | 0.0003   |
|    n_updates       | 818649   |
---------------------------------
---------------------------------
| rollout/           |          |
|    ep_len_mean     | 47.2     |
|    ep_rew_mean     | -11.1    |
|    success_rate    | 0.51     |
| time/              |          |
|    episodes        | 4876     |
|    fps             | 81       |
|    time_elapsed    | 3409     |
|    total_timesteps | 277528   |
| train/             |          |
|    actor_loss      | -135     |
|    critic_loss     | 89.1     |
|    ent_coef        | 0.001    |
|    learning_rate   | 0.0003   |
|    n_updates       | 818680   |
---------------------------------
---------------------------------
| rollout/           |          |
|    ep_len_mean     | 46.8     |
|    ep_rew_mean     | -11.8    |
|    success_rate    | 0.5      |
| time/              |          |
|    episodes        | 4880     |
|    fps             | 81       |
|    time_elapsed    | 3414     |
|    total_timesteps | 278096   |
| train/             |          |
|    actor_loss      | -136     |
|    critic_loss     | 198      |
|    ent_coef        | 0.001    |
|    learning_rate   | 0.0003   |
|    n_updates       | 818822   |
---------------------------------
---------------------------------
| rollout/           |          |
|    ep_len_mean     | 46.7     |
|    ep_rew_mean     | -12.4    |
|    success_rate    | 0.48     |
| time/              |          |
|    episodes        | 4884     |
|    fps             | 81       |
|    time_elapsed    | 3416     |
|    total_timesteps | 278328   |
| train/             |          |
|    actor_loss      | -136     |
|    critic_loss     | 91.8     |
|    ent_coef        | 0.001    |
|    learning_rate   | 0.0003   |
|    n_updates       | 818880   |
---------------------------------
---------------------------------
| rollout/           |          |
|    ep_len_mean     | 45.1     |
|    ep_rew_mean     | -12.8    |
|    success_rate    | 0.47     |
| time/              |          |
|    episodes        | 4888     |
|    fps             | 81       |
|    time_elapsed    | 3417     |
|    total_timesteps | 278464   |
| train/             |          |
|    actor_loss      | -135     |
|    critic_loss     | 130      |
|    ent_coef        | 0.001    |
|    learning_rate   | 0.0003   |
|    n_updates       | 818914   |
---------------------------------
---------------------------------
| rollout/           |          |
|    ep_len_mean     | 45.9     |
|    ep_rew_mean     | -12.8    |
|    success_rate    | 0.47     |
| time/              |          |
|    episodes        | 4892     |
|    fps             | 81       |
|    time_elapsed    | 3420     |
|    total_timesteps | 278792   |
| train/             |          |
|    actor_loss      | -138     |
|    critic_loss     | 90.5     |
|    ent_coef        | 0.001    |
|    learning_rate   | 0.0003   |
|    n_updates       | 818996   |
---------------------------------
---------------------------------
| rollout/           |          |
|    ep_len_mean     | 48.2     |
|    ep_rew_mean     | -13.1    |
|    success_rate    | 0.46     |
| time/              |          |
|    episodes        | 4896     |
|    fps             | 81       |
|    time_elapsed    | 3421     |
|    total_timesteps | 278820   |
| train/             |          |
|    actor_loss      | -135     |
|    critic_loss     | 110      |
|    ent_coef        | 0.001    |
|    learning_rate   | 0.0003   |
|    n_updates       | 819003   |
---------------------------------
---------------------------------
| rollout/           |          |
|    ep_len_mean     | 45.8     |
|    ep_rew_mean     | -12.6    |
|    success_rate    | 0.47     |
| time/              |          |
|    episodes        | 4900     |
|    fps             | 81       |
|    time_elapsed    | 3421     |
|    total_timesteps | 278856   |
| train/             |          |
|    actor_loss      | -137     |
|    critic_loss     | 83.2     |
|    ent_coef        | 0.001    |
|    learning_rate   | 0.0003   |
|    n_updates       | 819012   |
---------------------------------
---------------------------------
| rollout/           |          |
|    ep_len_mean     | 44.3     |
|    ep_rew_mean     | -12.7    |
|    success_rate    | 0.47     |
| time/              |          |
|    episodes        | 4904     |
|    fps             | 81       |
|    time_elapsed    | 3422     |
|    total_timesteps | 278936   |
| train/             |          |
|    actor_loss      | -135     |
|    critic_loss     | 59.7     |
|    ent_coef        | 0.001    |
|    learning_rate   | 0.0003   |
|    n_updates       | 819032   |
---------------------------------
---------------------------------
| rollout/           |          |
|    ep_len_mean     | 44.6     |
|    ep_rew_mean     | -12.7    |
|    success_rate    | 0.47     |
| time/              |          |
|    episodes        | 4908     |
|    fps             | 81       |
|    time_elapsed    | 3423     |
|    total_timesteps | 278976   |
| train/             |          |
|    actor_loss      | -132     |
|    critic_loss     | 133      |
|    ent_coef        | 0.001    |
|    learning_rate   | 0.0003   |
|    n_updates       | 819042   |
---------------------------------
---------------------------------
| rollout/           |          |
|    ep_len_mean     | 41       |
|    ep_rew_mean     | -13      |
|    success_rate    | 0.47     |
| time/              |          |
|    episodes        | 4912     |
|    fps             | 81       |
|    time_elapsed    | 3423     |
|    total_timesteps | 278996   |
| train/             |          |
|    actor_loss      | -133     |
|    critic_loss     | 129      |
|    ent_coef        | 0.001    |
|    learning_rate   | 0.0003   |
|    n_updates       | 819047   |
---------------------------------
---------------------------------
| rollout/           |          |
|    ep_len_mean     | 39.9     |
|    ep_rew_mean     | -14.1    |
|    success_rate    | 0.48     |
| time/              |          |
|    episodes        | 4916     |
|    fps             | 81       |
|    time_elapsed    | 3425     |
|    total_timesteps | 279160   |
| train/             |          |
|    actor_loss      | -135     |
|    critic_loss     | 82.8     |
|    ent_coef        | 0.001    |
|    learning_rate   | 0.0003   |
|    n_updates       | 819088   |
---------------------------------
---------------------------------
| rollout/           |          |
|    ep_len_mean     | 39.9     |
|    ep_rew_mean     | -14.3    |
|    success_rate    | 0.47     |
| time/              |          |
|    episodes        | 4920     |
|    fps             | 81       |
|    time_elapsed    | 3427     |
|    total_timesteps | 279332   |
| train/             |          |
|    actor_loss      | -136     |
|    critic_loss     | 27.9     |
|    ent_coef        | 0.001    |
|    learning_rate   | 0.0003   |
|    n_updates       | 819131   |
---------------------------------
---------------------------------
| rollout/           |          |
|    ep_len_mean     | 38.7     |
|    ep_rew_mean     | -14.9    |
|    success_rate    | 0.45     |
| time/              |          |
|    episodes        | 4924     |
|    fps             | 81       |
|    time_elapsed    | 3428     |
|    total_timesteps | 279508   |
| train/             |          |
|    actor_loss      | -136     |
|    critic_loss     | 241      |
|    ent_coef        | 0.001    |
|    learning_rate   | 0.0003   |
|    n_updates       | 819175   |
---------------------------------
---------------------------------
| rollout/           |          |
|    ep_len_mean     | 40.6     |
|    ep_rew_mean     | -14.9    |
|    success_rate    | 0.45     |
| time/              |          |
|    episodes        | 4928     |
|    fps             | 81       |
|    time_elapsed    | 3430     |
|    total_timesteps | 279692   |
| train/             |          |
|    actor_loss      | -137     |
|    critic_loss     | 58.9     |
|    ent_coef        | 0.001    |
|    learning_rate   | 0.0003   |
|    n_updates       | 819221   |
---------------------------------
Eval num_timesteps=280000, episode_reward=-6.75 +/- 16.75
Episode length: 69.18 +/- 76.17
Success rate: 62.00%
---------------------------------
| eval/              |          |
|    mean_ep_length  | 69.2     |
|    mean_reward     | -6.75    |
|    success_rate    | 0.62     |
| time/              |          |
|    total_timesteps | 280000   |
| train/             |          |
|    actor_loss      | -132     |
|    critic_loss     | 128      |
|    ent_coef        | 0.001    |
|    learning_rate   | 0.0003   |
|    n_updates       | 819298   |
---------------------------------
Eval num_timesteps=280000, episode_reward=-9.32 +/- 10.47
Episode length: 105.00 +/- 76.16
Success rate: 22.00%
---------------------------------
| eval/              |          |
|    mean_ep_length  | 105      |
|    mean_reward     | -9.32    |
|    success_rate    | 0.22     |
| time/              |          |
|    total_timesteps | 280000   |
---------------------------------
Eval num_timesteps=280000, episode_reward=-20.18 +/- 0.04
Episode length: 1.04 +/- 0.20
Success rate: 0.00%
---------------------------------
| eval/              |          |
|    mean_ep_length  | 1.04     |
|    mean_reward     | -20.2    |
|    success_rate    | 0        |
| time/              |          |
|    total_timesteps | 280000   |
---------------------------------
---------------------------------
| rollout/           |          |
|    ep_len_mean     | 43.9     |
|    ep_rew_mean     | -15.4    |
|    success_rate    | 0.43     |
| time/              |          |
|    episodes        | 4932     |
|    fps             | 80       |
|    time_elapsed    | 3470     |
|    total_timesteps | 280364   |
| train/             |          |
|    actor_loss      | -133     |
|    critic_loss     | 108      |
|    ent_coef        | 0.001    |
|    learning_rate   | 0.0003   |
|    n_updates       | 819389   |
---------------------------------
---------------------------------
| rollout/           |          |
|    ep_len_mean     | 49.2     |
|    ep_rew_mean     | -14.8    |
|    success_rate    | 0.44     |
| time/              |          |
|    episodes        | 4936     |
|    fps             | 80       |
|    time_elapsed    | 3476     |
|    total_timesteps | 281048   |
| train/             |          |
|    actor_loss      | -133     |
|    critic_loss     | 149      |
|    ent_coef        | 0.001    |
|    learning_rate   | 0.0003   |
|    n_updates       | 819560   |
---------------------------------
---------------------------------
| rollout/           |          |
|    ep_len_mean     | 48.8     |
|    ep_rew_mean     | -15.3    |
|    success_rate    | 0.42     |
| time/              |          |
|    episodes        | 4940     |
|    fps             | 80       |
|    time_elapsed    | 3476     |
|    total_timesteps | 281068   |
| train/             |          |
|    actor_loss      | -134     |
|    critic_loss     | 114      |
|    ent_coef        | 0.001    |
|    learning_rate   | 0.0003   |
|    n_updates       | 819565   |
---------------------------------
---------------------------------
| rollout/           |          |
|    ep_len_mean     | 47       |
|    ep_rew_mean     | -15.4    |
|    success_rate    | 0.41     |
| time/              |          |
|    episodes        | 4944     |
|    fps             | 80       |
|    time_elapsed    | 3477     |
|    total_timesteps | 281112   |
| train/             |          |
|    actor_loss      | -131     |
|    critic_loss     | 82.3     |
|    ent_coef        | 0.001    |
|    learning_rate   | 0.0003   |
|    n_updates       | 819576   |
---------------------------------
---------------------------------
| rollout/           |          |
|    ep_len_mean     | 46.9     |
|    ep_rew_mean     | -10.7    |
|    success_rate    | 0.41     |
| time/              |          |
|    episodes        | 4948     |
|    fps             | 80       |
|    time_elapsed    | 3478     |
|    total_timesteps | 281172   |
| train/             |          |
|    actor_loss      | -137     |
|    critic_loss     | 121      |
|    ent_coef        | 0.001    |
|    learning_rate   | 0.0003   |
|    n_updates       | 819591   |
---------------------------------
---------------------------------
| rollout/           |          |
|    ep_len_mean     | 46.1     |
|    ep_rew_mean     | -11.2    |
|    success_rate    | 0.39     |
| time/              |          |
|    episodes        | 4952     |
|    fps             | 80       |
|    time_elapsed    | 3479     |
|    total_timesteps | 281324   |
| train/             |          |
|    actor_loss      | -137     |
|    critic_loss     | 98.5     |
|    ent_coef        | 0.001    |
|    learning_rate   | 0.0003   |
|    n_updates       | 819629   |
---------------------------------
---------------------------------
| rollout/           |          |
|    ep_len_mean     | 46.9     |
|    ep_rew_mean     | -11.3    |
|    success_rate    | 0.38     |
| time/              |          |
|    episodes        | 4956     |
|    fps             | 80       |
|    time_elapsed    | 3480     |
|    total_timesteps | 281440   |
| train/             |          |
|    actor_loss      | -132     |
|    critic_loss     | 131      |
|    ent_coef        | 0.001    |
|    learning_rate   | 0.0003   |
|    n_updates       | 819658   |
---------------------------------
---------------------------------
| rollout/           |          |
|    ep_len_mean     | 44.5     |
|    ep_rew_mean     | -11.8    |
|    success_rate    | 0.36     |
| time/              |          |
|    episodes        | 4960     |
|    fps             | 80       |
|    time_elapsed    | 3481     |
|    total_timesteps | 281468   |
| train/             |          |
|    actor_loss      | -137     |
|    critic_loss     | 175      |
|    ent_coef        | 0.001    |
|    learning_rate   | 0.0003   |
|    n_updates       | 819665   |
---------------------------------
---------------------------------
| rollout/           |          |
|    ep_len_mean     | 45.3     |
|    ep_rew_mean     | -11.7    |
|    success_rate    | 0.38     |
| time/              |          |
|    episodes        | 4964     |
|    fps             | 80       |
|    time_elapsed    | 3485     |
|    total_timesteps | 282024   |
| train/             |          |
|    actor_loss      | -132     |
|    critic_loss     | 60.2     |
|    ent_coef        | 0.001    |
|    learning_rate   | 0.0003   |
|    n_updates       | 819804   |
---------------------------------
---------------------------------
| rollout/           |          |
|    ep_len_mean     | 47.9     |
|    ep_rew_mean     | -11.9    |
|    success_rate    | 0.37     |
| time/              |          |
|    episodes        | 4968     |
|    fps             | 80       |
|    time_elapsed    | 3487     |
|    total_timesteps | 282148   |
| train/             |          |
|    actor_loss      | -132     |
|    critic_loss     | 87.4     |
|    ent_coef        | 0.001    |
|    learning_rate   | 0.0003   |
|    n_updates       | 819835   |
---------------------------------
---------------------------------
| rollout/           |          |
|    ep_len_mean     | 46.5     |
|    ep_rew_mean     | -12.4    |
|    success_rate    | 0.36     |
| time/              |          |
|    episodes        | 4972     |
|    fps             | 80       |
|    time_elapsed    | 3488     |
|    total_timesteps | 282332   |
| train/             |          |
|    actor_loss      | -137     |
|    critic_loss     | 66.4     |
|    ent_coef        | 0.001    |
|    learning_rate   | 0.0003   |
|    n_updates       | 819881   |
---------------------------------
---------------------------------
| rollout/           |          |
|    ep_len_mean     | 48       |
|    ep_rew_mean     | -11.9    |
|    success_rate    | 0.37     |
| time/              |          |
|    episodes        | 4976     |
|    fps             | 80       |
|    time_elapsed    | 3489     |
|    total_timesteps | 282436   |
| train/             |          |
|    actor_loss      | -131     |
|    critic_loss     | 241      |
|    ent_coef        | 0.001    |
|    learning_rate   | 0.0003   |
|    n_updates       | 819907   |
---------------------------------
---------------------------------
| rollout/           |          |
|    ep_len_mean     | 46.6     |
|    ep_rew_mean     | -11.2    |
|    success_rate    | 0.39     |
| time/              |          |
|    episodes        | 4980     |
|    fps             | 80       |
|    time_elapsed    | 3492     |
|    total_timesteps | 282796   |
| train/             |          |
|    actor_loss      | -137     |
|    critic_loss     | 75.1     |
|    ent_coef        | 0.001    |
|    learning_rate   | 0.0003   |
|    n_updates       | 819997   |
---------------------------------
---------------------------------
| rollout/           |          |
|    ep_len_mean     | 45.3     |
|    ep_rew_mean     | -11.2    |
|    success_rate    | 0.4      |
| time/              |          |
|    episodes        | 4984     |
|    fps             | 80       |
|    time_elapsed    | 3493     |
|    total_timesteps | 282824   |
| train/             |          |
|    actor_loss      | -136     |
|    critic_loss     | 63.2     |
|    ent_coef        | 0.001    |
|    learning_rate   | 0.0003   |
|    n_updates       | 820004   |
---------------------------------
---------------------------------
| rollout/           |          |
|    ep_len_mean     | 46.9     |
|    ep_rew_mean     | -11.2    |
|    success_rate    | 0.4      |
| time/              |          |
|    episodes        | 4988     |
|    fps             | 80       |
|    time_elapsed    | 3496     |
|    total_timesteps | 283144   |
| train/             |          |
|    actor_loss      | -132     |
|    critic_loss     | 160      |
|    ent_coef        | 0.001    |
|    learning_rate   | 0.0003   |
|    n_updates       | 820084   |
---------------------------------
---------------------------------
| rollout/           |          |
|    ep_len_mean     | 47.5     |
|    ep_rew_mean     | -11      |
|    success_rate    | 0.41     |
| time/              |          |
|    episodes        | 4992     |
|    fps             | 81       |
|    time_elapsed    | 3498     |
|    total_timesteps | 283496   |
| train/             |          |
|    actor_loss      | -133     |
|    critic_loss     | 143      |
|    ent_coef        | 0.001    |
|    learning_rate   | 0.0003   |
|    n_updates       | 820172   |
---------------------------------
---------------------------------
| rollout/           |          |
|    ep_len_mean     | 47.3     |
|    ep_rew_mean     | -10.1    |
|    success_rate    | 0.43     |
| time/              |          |
|    episodes        | 4996     |
|    fps             | 81       |
|    time_elapsed    | 3500     |
|    total_timesteps | 283724   |
| train/             |          |
|    actor_loss      | -137     |
|    critic_loss     | 175      |
|    ent_coef        | 0.001    |
|    learning_rate   | 0.0003   |
|    n_updates       | 820229   |
---------------------------------
---------------------------------
| rollout/           |          |
|    ep_len_mean     | 50.2     |
|    ep_rew_mean     | -10.2    |
|    success_rate    | 0.42     |
| time/              |          |
|    episodes        | 5000     |
|    fps             | 81       |
|    time_elapsed    | 3504     |
|    total_timesteps | 284200   |
| train/             |          |
|    actor_loss      | -134     |
|    critic_loss     | 81.5     |
|    ent_coef        | 0.001    |
|    learning_rate   | 0.0003   |
|    n_updates       | 820348   |
---------------------------------
---------------------------------
| rollout/           |          |
|    ep_len_mean     | 51.2     |
|    ep_rew_mean     | -10.4    |
|    success_rate    | 0.41     |
| time/              |          |
|    episodes        | 5004     |
|    fps             | 81       |
|    time_elapsed    | 3505     |
|    total_timesteps | 284272   |
| train/             |          |
|    actor_loss      | -136     |
|    critic_loss     | 117      |
|    ent_coef        | 0.001    |
|    learning_rate   | 0.0003   |
|    n_updates       | 820366   |
---------------------------------
---------------------------------
| rollout/           |          |
|    ep_len_mean     | 52.8     |
|    ep_rew_mean     | -10.3    |
|    success_rate    | 0.42     |
| time/              |          |
|    episodes        | 5008     |
|    fps             | 81       |
|    time_elapsed    | 3506     |
|    total_timesteps | 284348   |
| train/             |          |
|    actor_loss      | -137     |
|    critic_loss     | 127      |
|    ent_coef        | 0.001    |
|    learning_rate   | 0.0003   |
|    n_updates       | 820385   |
---------------------------------
---------------------------------
| rollout/           |          |
|    ep_len_mean     | 52.9     |
|    ep_rew_mean     | -9.95    |
|    success_rate    | 0.43     |
| time/              |          |
|    episodes        | 5012     |
|    fps             | 81       |
|    time_elapsed    | 3507     |
|    total_timesteps | 284400   |
| train/             |          |
|    actor_loss      | -140     |
|    critic_loss     | 64       |
|    ent_coef        | 0.001    |
|    learning_rate   | 0.0003   |
|    n_updates       | 820398   |
---------------------------------
---------------------------------
| rollout/           |          |
|    ep_len_mean     | 53.8     |
|    ep_rew_mean     | -9.54    |
|    success_rate    | 0.41     |
| time/              |          |
|    episodes        | 5016     |
|    fps             | 81       |
|    time_elapsed    | 3508     |
|    total_timesteps | 284548   |
| train/             |          |
|    actor_loss      | -134     |
|    critic_loss     | 124      |
|    ent_coef        | 0.001    |
|    learning_rate   | 0.0003   |
|    n_updates       | 820435   |
---------------------------------
---------------------------------
| rollout/           |          |
|    ep_len_mean     | 54       |
|    ep_rew_mean     | -8.97    |
|    success_rate    | 0.43     |
| time/              |          |
|    episodes        | 5020     |
|    fps             | 81       |
|    time_elapsed    | 3510     |
|    total_timesteps | 284648   |
| train/             |          |
|    actor_loss      | -138     |
|    critic_loss     | 68.3     |
|    ent_coef        | 0.001    |
|    learning_rate   | 0.0003   |
|    n_updates       | 820460   |
---------------------------------
---------------------------------
| rollout/           |          |
|    ep_len_mean     | 53.3     |
|    ep_rew_mean     | -8.66    |
|    success_rate    | 0.44     |
| time/              |          |
|    episodes        | 5024     |
|    fps             | 81       |
|    time_elapsed    | 3510     |
|    total_timesteps | 284704   |
| train/             |          |
|    actor_loss      | -135     |
|    critic_loss     | 71.2     |
|    ent_coef        | 0.001    |
|    learning_rate   | 0.0003   |
|    n_updates       | 820474   |
---------------------------------
---------------------------------
| rollout/           |          |
|    ep_len_mean     | 51       |
|    ep_rew_mean     | -8.72    |
|    success_rate    | 0.45     |
| time/              |          |
|    episodes        | 5028     |
|    fps             | 81       |
|    time_elapsed    | 3512     |
|    total_timesteps | 284964   |
| train/             |          |
|    actor_loss      | -133     |
|    critic_loss     | 32.2     |
|    ent_coef        | 0.001    |
|    learning_rate   | 0.0003   |
|    n_updates       | 820539   |
---------------------------------
---------------------------------
| rollout/           |          |
|    ep_len_mean     | 50.1     |
|    ep_rew_mean     | -8.27    |
|    success_rate    | 0.46     |
| time/              |          |
|    episodes        | 5032     |
|    fps             | 81       |
|    time_elapsed    | 3516     |
|    total_timesteps | 285364   |
| train/             |          |
|    actor_loss      | -131     |
|    critic_loss     | 182      |
|    ent_coef        | 0.001    |
|    learning_rate   | 0.0003   |
|    n_updates       | 820639   |
---------------------------------
---------------------------------
| rollout/           |          |
|    ep_len_mean     | 46.5     |
|    ep_rew_mean     | -8.44    |
|    success_rate    | 0.46     |
| time/              |          |
|    episodes        | 5036     |
|    fps             | 81       |
|    time_elapsed    | 3517     |
|    total_timesteps | 285528   |
| train/             |          |
|    actor_loss      | -139     |
|    critic_loss     | 114      |
|    ent_coef        | 0.001    |
|    learning_rate   | 0.0003   |
|    n_updates       | 820680   |
---------------------------------
---------------------------------
| rollout/           |          |
|    ep_len_mean     | 46.8     |
|    ep_rew_mean     | -7.73    |
|    success_rate    | 0.48     |
| time/              |          |
|    episodes        | 5040     |
|    fps             | 81       |
|    time_elapsed    | 3519     |
|    total_timesteps | 285672   |
| train/             |          |
|    actor_loss      | -138     |
|    critic_loss     | 212      |
|    ent_coef        | 0.001    |
|    learning_rate   | 0.0003   |
|    n_updates       | 820716   |
---------------------------------
---------------------------------
| rollout/           |          |
|    ep_len_mean     | 48.3     |
|    ep_rew_mean     | -7.24    |
|    success_rate    | 0.5      |
| time/              |          |
|    episodes        | 5044     |
|    fps             | 81       |
|    time_elapsed    | 3520     |
|    total_timesteps | 285852   |
| train/             |          |
|    actor_loss      | -134     |
|    critic_loss     | 137      |
|    ent_coef        | 0.001    |
|    learning_rate   | 0.0003   |
|    n_updates       | 820761   |
---------------------------------
---------------------------------
| rollout/           |          |
|    ep_len_mean     | 46.7     |
|    ep_rew_mean     | -7.05    |
|    success_rate    | 0.51     |
| time/              |          |
|    episodes        | 5048     |
|    fps             | 81       |
|    time_elapsed    | 3522     |
|    total_timesteps | 285952   |
| train/             |          |
|    actor_loss      | -133     |
|    critic_loss     | 167      |
|    ent_coef        | 0.001    |
|    learning_rate   | 0.0003   |
|    n_updates       | 820786   |
---------------------------------
---------------------------------
| rollout/           |          |
|    ep_len_mean     | 46.8     |
|    ep_rew_mean     | -7.32    |
|    success_rate    | 0.5      |
| time/              |          |
|    episodes        | 5052     |
|    fps             | 81       |
|    time_elapsed    | 3522     |
|    total_timesteps | 286004   |
| train/             |          |
|    actor_loss      | -134     |
|    critic_loss     | 121      |
|    ent_coef        | 0.001    |
|    learning_rate   | 0.0003   |
|    n_updates       | 820799   |
---------------------------------
---------------------------------
| rollout/           |          |
|    ep_len_mean     | 46.1     |
|    ep_rew_mean     | -7.48    |
|    success_rate    | 0.49     |
| time/              |          |
|    episodes        | 5056     |
|    fps             | 81       |
|    time_elapsed    | 3525     |
|    total_timesteps | 286272   |
| train/             |          |
|    actor_loss      | -134     |
|    critic_loss     | 255      |
|    ent_coef        | 0.001    |
|    learning_rate   | 0.0003   |
|    n_updates       | 820866   |
---------------------------------
---------------------------------
| rollout/           |          |
|    ep_len_mean     | 49       |
|    ep_rew_mean     | -7.28    |
|    success_rate    | 0.5      |
| time/              |          |
|    episodes        | 5060     |
|    fps             | 81       |
|    time_elapsed    | 3527     |
|    total_timesteps | 286500   |
| train/             |          |
|    actor_loss      | -135     |
|    critic_loss     | 79       |
|    ent_coef        | 0.001    |
|    learning_rate   | 0.0003   |
|    n_updates       | 820923   |
---------------------------------
---------------------------------
| rollout/           |          |
|    ep_len_mean     | 48.2     |
|    ep_rew_mean     | -7.37    |
|    success_rate    | 0.49     |
| time/              |          |
|    episodes        | 5064     |
|    fps             | 81       |
|    time_elapsed    | 3528     |
|    total_timesteps | 286660   |
| train/             |          |
|    actor_loss      | -136     |
|    critic_loss     | 151      |
|    ent_coef        | 0.001    |
|    learning_rate   | 0.0003   |
|    n_updates       | 820963   |
---------------------------------
---------------------------------
| rollout/           |          |
|    ep_len_mean     | 48.7     |
|    ep_rew_mean     | -8.12    |
|    success_rate    | 0.47     |
| time/              |          |
|    episodes        | 5068     |
|    fps             | 81       |
|    time_elapsed    | 3533     |
|    total_timesteps | 287208   |
| train/             |          |
|    actor_loss      | -133     |
|    critic_loss     | 160      |
|    ent_coef        | 0.001    |
|    learning_rate   | 0.0003   |
|    n_updates       | 821100   |
---------------------------------
---------------------------------
| rollout/           |          |
|    ep_len_mean     | 50.1     |
|    ep_rew_mean     | -8.44    |
|    success_rate    | 0.45     |
| time/              |          |
|    episodes        | 5072     |
|    fps             | 81       |
|    time_elapsed    | 3533     |
|    total_timesteps | 287272   |
| train/             |          |
|    actor_loss      | -135     |
|    critic_loss     | 147      |
|    ent_coef        | 0.001    |
|    learning_rate   | 0.0003   |
|    n_updates       | 821116   |
---------------------------------
---------------------------------
| rollout/           |          |
|    ep_len_mean     | 50       |
|    ep_rew_mean     | -9.23    |
|    success_rate    | 0.43     |
| time/              |          |
|    episodes        | 5076     |
|    fps             | 81       |
|    time_elapsed    | 3535     |
|    total_timesteps | 287384   |
| train/             |          |
|    actor_loss      | -135     |
|    critic_loss     | 180      |
|    ent_coef        | 0.001    |
|    learning_rate   | 0.0003   |
|    n_updates       | 821144   |
---------------------------------
---------------------------------
| rollout/           |          |
|    ep_len_mean     | 48.2     |
|    ep_rew_mean     | -9.03    |
|    success_rate    | 0.43     |
| time/              |          |
|    episodes        | 5080     |
|    fps             | 81       |
|    time_elapsed    | 3535     |
|    total_timesteps | 287420   |
| train/             |          |
|    actor_loss      | -130     |
|    critic_loss     | 186      |
|    ent_coef        | 0.001    |
|    learning_rate   | 0.0003   |
|    n_updates       | 821153   |
---------------------------------
---------------------------------
| rollout/           |          |
|    ep_len_mean     | 46.2     |
|    ep_rew_mean     | -8.64    |
|    success_rate    | 0.44     |
| time/              |          |
|    episodes        | 5084     |
|    fps             | 81       |
|    time_elapsed    | 3537     |
|    total_timesteps | 287556   |
| train/             |          |
|    actor_loss      | -137     |
|    critic_loss     | 180      |
|    ent_coef        | 0.001    |
|    learning_rate   | 0.0003   |
|    n_updates       | 821187   |
---------------------------------
---------------------------------
| rollout/           |          |
|    ep_len_mean     | 45.2     |
|    ep_rew_mean     | -8.02    |
|    success_rate    | 0.46     |
| time/              |          |
|    episodes        | 5088     |
|    fps             | 81       |
|    time_elapsed    | 3538     |
|    total_timesteps | 287668   |
| train/             |          |
|    actor_loss      | -140     |
|    critic_loss     | 78.6     |
|    ent_coef        | 0.001    |
|    learning_rate   | 0.0003   |
|    n_updates       | 821215   |
---------------------------------
---------------------------------
| rollout/           |          |
|    ep_len_mean     | 44.3     |
|    ep_rew_mean     | -8.59    |
|    success_rate    | 0.44     |
| time/              |          |
|    episodes        | 5092     |
|    fps             | 81       |
|    time_elapsed    | 3540     |
|    total_timesteps | 287924   |
| train/             |          |
|    actor_loss      | -134     |
|    critic_loss     | 161      |
|    ent_coef        | 0.001    |
|    learning_rate   | 0.0003   |
|    n_updates       | 821279   |
---------------------------------
---------------------------------
| rollout/           |          |
|    ep_len_mean     | 47.2     |
|    ep_rew_mean     | -9.19    |
|    success_rate    | 0.42     |
| time/              |          |
|    episodes        | 5096     |
|    fps             | 81       |
|    time_elapsed    | 3544     |
|    total_timesteps | 288480   |
| train/             |          |
|    actor_loss      | -137     |
|    critic_loss     | 79.2     |
|    ent_coef        | 0.001    |
|    learning_rate   | 0.0003   |
|    n_updates       | 821418   |
---------------------------------
---------------------------------
| rollout/           |          |
|    ep_len_mean     | 46.5     |
|    ep_rew_mean     | -8.71    |
|    success_rate    | 0.44     |
| time/              |          |
|    episodes        | 5100     |
|    fps             | 81       |
|    time_elapsed    | 3546     |
|    total_timesteps | 288648   |
| train/             |          |
|    actor_loss      | -134     |
|    critic_loss     | 115      |
|    ent_coef        | 0.001    |
|    learning_rate   | 0.0003   |
|    n_updates       | 821460   |
---------------------------------
---------------------------------
| rollout/           |          |
|    ep_len_mean     | 45.5     |
|    ep_rew_mean     | -8.41    |
|    success_rate    | 0.45     |
| time/              |          |
|    episodes        | 5104     |
|    fps             | 81       |
|    time_elapsed    | 3547     |
|    total_timesteps | 288788   |
| train/             |          |
|    actor_loss      | -132     |
|    critic_loss     | 86.5     |
|    ent_coef        | 0.001    |
|    learning_rate   | 0.0003   |
|    n_updates       | 821495   |
---------------------------------
---------------------------------
| rollout/           |          |
|    ep_len_mean     | 46.8     |
|    ep_rew_mean     | -8.56    |
|    success_rate    | 0.44     |
| time/              |          |
|    episodes        | 5108     |
|    fps             | 81       |
|    time_elapsed    | 3551     |
|    total_timesteps | 289276   |
| train/             |          |
|    actor_loss      | -133     |
|    critic_loss     | 151      |
|    ent_coef        | 0.001    |
|    learning_rate   | 0.0003   |
|    n_updates       | 821617   |
---------------------------------
---------------------------------
| rollout/           |          |
|    ep_len_mean     | 48.5     |
|    ep_rew_mean     | -8.76    |
|    success_rate    | 0.43     |
| time/              |          |
|    episodes        | 5112     |
|    fps             | 81       |
|    time_elapsed    | 3553     |
|    total_timesteps | 289424   |
| train/             |          |
|    actor_loss      | -132     |
|    critic_loss     | 94.5     |
|    ent_coef        | 0.001    |
|    learning_rate   | 0.0003   |
|    n_updates       | 821654   |
---------------------------------
---------------------------------
| rollout/           |          |
|    ep_len_mean     | 46.7     |
|    ep_rew_mean     | -8.43    |
|    success_rate    | 0.43     |
| time/              |          |
|    episodes        | 5116     |
|    fps             | 81       |
|    time_elapsed    | 3553     |
|    total_timesteps | 289480   |
| train/             |          |
|    actor_loss      | -133     |
|    critic_loss     | 172      |
|    ent_coef        | 0.001    |
|    learning_rate   | 0.0003   |
|    n_updates       | 821668   |
---------------------------------
---------------------------------
| rollout/           |          |
|    ep_len_mean     | 49.8     |
|    ep_rew_mean     | -8.78    |
|    success_rate    | 0.41     |
| time/              |          |
|    episodes        | 5120     |
|    fps             | 81       |
|    time_elapsed    | 3554     |
|    total_timesteps | 289576   |
| train/             |          |
|    actor_loss      | -136     |
|    critic_loss     | 133      |
|    ent_coef        | 0.001    |
|    learning_rate   | 0.0003   |
|    n_updates       | 821692   |
---------------------------------
Eval num_timesteps=290000, episode_reward=-2.82 +/- 14.34
Episode length: 39.38 +/- 59.48
Success rate: 74.00%
---------------------------------
| eval/              |          |
|    mean_ep_length  | 39.4     |
|    mean_reward     | -2.82    |
|    success_rate    | 0.74     |
| time/              |          |
|    total_timesteps | 290000   |
| train/             |          |
|    actor_loss      | -139     |
|    critic_loss     | 65.1     |
|    ent_coef        | 0.001    |
|    learning_rate   | 0.0003   |
|    n_updates       | 821798   |
---------------------------------
New best mean reward!
Eval num_timesteps=290000, episode_reward=-14.20 +/- 10.27
Episode length: 84.04 +/- 80.89
Success rate: 12.00%
---------------------------------
| eval/              |          |
|    mean_ep_length  | 84       |
|    mean_reward     | -14.2    |
|    success_rate    | 0.12     |
| time/              |          |
|    total_timesteps | 290000   |
---------------------------------
Eval num_timesteps=290000, episode_reward=-20.22 +/- 0.07
Episode length: 1.28 +/- 0.57
Success rate: 0.00%
---------------------------------
| eval/              |          |
|    mean_ep_length  | 1.28     |
|    mean_reward     | -20.2    |
|    success_rate    | 0        |
| time/              |          |
|    total_timesteps | 290000   |
---------------------------------
---------------------------------
| rollout/           |          |
|    ep_len_mean     | 54.9     |
|    ep_rew_mean     | -8.91    |
|    success_rate    | 0.41     |
| time/              |          |
|    episodes        | 5124     |
|    fps             | 80       |
|    time_elapsed    | 3587     |
|    total_timesteps | 290228   |
| train/             |          |
|    actor_loss      | -137     |
|    critic_loss     | 140      |
|    ent_coef        | 0.001    |
|    learning_rate   | 0.0003   |
|    n_updates       | 821855   |
---------------------------------
---------------------------------
| rollout/           |          |
|    ep_len_mean     | 55.3     |
|    ep_rew_mean     | -8.97    |
|    success_rate    | 0.4      |
| time/              |          |
|    episodes        | 5128     |
|    fps             | 80       |
|    time_elapsed    | 3589     |
|    total_timesteps | 290384   |
| train/             |          |
|    actor_loss      | -134     |
|    critic_loss     | 148      |
|    ent_coef        | 0.001    |
|    learning_rate   | 0.0003   |
|    n_updates       | 821894   |
---------------------------------
---------------------------------
| rollout/           |          |
|    ep_len_mean     | 51.2     |
|    ep_rew_mean     | -8.96    |
|    success_rate    | 0.41     |
| time/              |          |
|    episodes        | 5132     |
|    fps             | 80       |
|    time_elapsed    | 3590     |
|    total_timesteps | 290516   |
| train/             |          |
|    actor_loss      | -136     |
|    critic_loss     | 81.7     |
|    ent_coef        | 0.001    |
|    learning_rate   | 0.0003   |
|    n_updates       | 821927   |
---------------------------------
---------------------------------
| rollout/           |          |
|    ep_len_mean     | 49.7     |
|    ep_rew_mean     | -8.57    |
|    success_rate    | 0.43     |
| time/              |          |
|    episodes        | 5136     |
|    fps             | 80       |
|    time_elapsed    | 3591     |
|    total_timesteps | 290668   |
| train/             |          |
|    actor_loss      | -136     |
|    critic_loss     | 72.5     |
|    ent_coef        | 0.001    |
|    learning_rate   | 0.0003   |
|    n_updates       | 821965   |
---------------------------------
---------------------------------
| rollout/           |          |
|    ep_len_mean     | 51.1     |
|    ep_rew_mean     | -8.97    |
|    success_rate    | 0.42     |
| time/              |          |
|    episodes        | 5140     |
|    fps             | 80       |
|    time_elapsed    | 3593     |
|    total_timesteps | 290852   |
| train/             |          |
|    actor_loss      | -138     |
|    critic_loss     | 40       |
|    ent_coef        | 0.001    |
|    learning_rate   | 0.0003   |
|    n_updates       | 822011   |
---------------------------------
---------------------------------
| rollout/           |          |
|    ep_len_mean     | 51.2     |
|    ep_rew_mean     | -9.67    |
|    success_rate    | 0.39     |
| time/              |          |
|    episodes        | 5144     |
|    fps             | 80       |
|    time_elapsed    | 3594     |
|    total_timesteps | 290860   |
| train/             |          |
|    actor_loss      | -136     |
|    critic_loss     | 241      |
|    ent_coef        | 0.001    |
|    learning_rate   | 0.0003   |
|    n_updates       | 822013   |
---------------------------------
---------------------------------
| rollout/           |          |
|    ep_len_mean     | 54.8     |
|    ep_rew_mean     | -14.1    |
|    success_rate    | 0.38     |
| time/              |          |
|    episodes        | 5148     |
|    fps             | 80       |
|    time_elapsed    | 3599     |
|    total_timesteps | 291548   |
| train/             |          |
|    actor_loss      | -139     |
|    critic_loss     | 60.7     |
|    ent_coef        | 0.001    |
|    learning_rate   | 0.0003   |
|    n_updates       | 822185   |
---------------------------------
---------------------------------
| rollout/           |          |
|    ep_len_mean     | 56       |
|    ep_rew_mean     | -14.1    |
|    success_rate    | 0.38     |
| time/              |          |
|    episodes        | 5152     |
|    fps             | 80       |
|    time_elapsed    | 3600     |
|    total_timesteps | 291624   |
| train/             |          |
|    actor_loss      | -136     |
|    critic_loss     | 217      |
|    ent_coef        | 0.001    |
|    learning_rate   | 0.0003   |
|    n_updates       | 822204   |
---------------------------------
---------------------------------
| rollout/           |          |
|    ep_len_mean     | 56.3     |
|    ep_rew_mean     | -13.8    |
|    success_rate    | 0.4      |
| time/              |          |
|    episodes        | 5156     |
|    fps             | 81       |
|    time_elapsed    | 3601     |
|    total_timesteps | 291772   |
| train/             |          |
|    actor_loss      | -134     |
|    critic_loss     | 110      |
|    ent_coef        | 0.001    |
|    learning_rate   | 0.0003   |
|    n_updates       | 822241   |
---------------------------------
---------------------------------
| rollout/           |          |
|    ep_len_mean     | 53.7     |
|    ep_rew_mean     | -13.8    |
|    success_rate    | 0.4      |
| time/              |          |
|    episodes        | 5160     |
|    fps             | 81       |
|    time_elapsed    | 3602     |
|    total_timesteps | 291856   |
| train/             |          |
|    actor_loss      | -136     |
|    critic_loss     | 174      |
|    ent_coef        | 0.001    |
|    learning_rate   | 0.0003   |
|    n_updates       | 822262   |
---------------------------------
---------------------------------
| rollout/           |          |
|    ep_len_mean     | 53.6     |
|    ep_rew_mean     | -13.5    |
|    success_rate    | 0.4      |
| time/              |          |
|    episodes        | 5164     |
|    fps             | 81       |
|    time_elapsed    | 3605     |
|    total_timesteps | 292076   |
| train/             |          |
|    actor_loss      | -133     |
|    critic_loss     | 295      |
|    ent_coef        | 0.001    |
|    learning_rate   | 0.0003   |
|    n_updates       | 822317   |
---------------------------------
---------------------------------
| rollout/           |          |
|    ep_len_mean     | 50.4     |
|    ep_rew_mean     | -12.9    |
|    success_rate    | 0.42     |
| time/              |          |
|    episodes        | 5168     |
|    fps             | 81       |
|    time_elapsed    | 3606     |
|    total_timesteps | 292176   |
| train/             |          |
|    actor_loss      | -136     |
|    critic_loss     | 182      |
|    ent_coef        | 0.001    |
|    learning_rate   | 0.0003   |
|    n_updates       | 822342   |
---------------------------------
---------------------------------
| rollout/           |          |
|    ep_len_mean     | 49.6     |
|    ep_rew_mean     | -12.1    |
|    success_rate    | 0.45     |
| time/              |          |
|    episodes        | 5172     |
|    fps             | 81       |
|    time_elapsed    | 3607     |
|    total_timesteps | 292296   |
| train/             |          |
|    actor_loss      | -137     |
|    critic_loss     | 217      |
|    ent_coef        | 0.001    |
|    learning_rate   | 0.0003   |
|    n_updates       | 822372   |
---------------------------------
---------------------------------
| rollout/           |          |
|    ep_len_mean     | 50.9     |
|    ep_rew_mean     | -12.4    |
|    success_rate    | 0.44     |
| time/              |          |
|    episodes        | 5176     |
|    fps             | 81       |
|    time_elapsed    | 3609     |
|    total_timesteps | 292548   |
| train/             |          |
|    actor_loss      | -135     |
|    critic_loss     | 55.5     |
|    ent_coef        | 0.001    |
|    learning_rate   | 0.0003   |
|    n_updates       | 822435   |
---------------------------------
---------------------------------
| rollout/           |          |
|    ep_len_mean     | 55.6     |
|    ep_rew_mean     | -11.8    |
|    success_rate    | 0.46     |
| time/              |          |
|    episodes        | 5180     |
|    fps             | 81       |
|    time_elapsed    | 3612     |
|    total_timesteps | 293004   |
| train/             |          |
|    actor_loss      | -133     |
|    critic_loss     | 142      |
|    ent_coef        | 0.001    |
|    learning_rate   | 0.0003   |
|    n_updates       | 822549   |
---------------------------------
---------------------------------
| rollout/           |          |
|    ep_len_mean     | 56.5     |
|    ep_rew_mean     | -12.1    |
|    success_rate    | 0.45     |
| time/              |          |
|    episodes        | 5184     |
|    fps             | 81       |
|    time_elapsed    | 3613     |
|    total_timesteps | 293092   |
| train/             |          |
|    actor_loss      | -133     |
|    critic_loss     | 89.5     |
|    ent_coef        | 0.001    |
|    learning_rate   | 0.0003   |
|    n_updates       | 822571   |
---------------------------------
---------------------------------
| rollout/           |          |
|    ep_len_mean     | 56.2     |
|    ep_rew_mean     | -12.1    |
|    success_rate    | 0.46     |
| time/              |          |
|    episodes        | 5188     |
|    fps             | 81       |
|    time_elapsed    | 3615     |
|    total_timesteps | 293332   |
| train/             |          |
|    actor_loss      | -136     |
|    critic_loss     | 62.8     |
|    ent_coef        | 0.001    |
|    learning_rate   | 0.0003   |
|    n_updates       | 822631   |
---------------------------------
---------------------------------
| rollout/           |          |
|    ep_len_mean     | 57.4     |
|    ep_rew_mean     | -11.9    |
|    success_rate    | 0.46     |
| time/              |          |
|    episodes        | 5192     |
|    fps             | 81       |
|    time_elapsed    | 3618     |
|    total_timesteps | 293660   |
| train/             |          |
|    actor_loss      | -133     |
|    critic_loss     | 167      |
|    ent_coef        | 0.001    |
|    learning_rate   | 0.0003   |
|    n_updates       | 822713   |
---------------------------------
---------------------------------
| rollout/           |          |
|    ep_len_mean     | 54       |
|    ep_rew_mean     | -11.3    |
|    success_rate    | 0.48     |
| time/              |          |
|    episodes        | 5196     |
|    fps             | 81       |
|    time_elapsed    | 3619     |
|    total_timesteps | 293728   |
| train/             |          |
|    actor_loss      | -136     |
|    critic_loss     | 103      |
|    ent_coef        | 0.001    |
|    learning_rate   | 0.0003   |
|    n_updates       | 822730   |
---------------------------------
---------------------------------
| rollout/           |          |
|    ep_len_mean     | 51.2     |
|    ep_rew_mean     | -11.9    |
|    success_rate    | 0.46     |
| time/              |          |
|    episodes        | 5200     |
|    fps             | 81       |
|    time_elapsed    | 3619     |
|    total_timesteps | 293740   |
| train/             |          |
|    actor_loss      | -136     |
|    critic_loss     | 95.9     |
|    ent_coef        | 0.001    |
|    learning_rate   | 0.0003   |
|    n_updates       | 822733   |
---------------------------------
---------------------------------
| rollout/           |          |
|    ep_len_mean     | 52.8     |
|    ep_rew_mean     | -11.9    |
|    success_rate    | 0.46     |
| time/              |          |
|    episodes        | 5204     |
|    fps             | 81       |
|    time_elapsed    | 3622     |
|    total_timesteps | 294060   |
| train/             |          |
|    actor_loss      | -137     |
|    critic_loss     | 123      |
|    ent_coef        | 0.001    |
|    learning_rate   | 0.0003   |
|    n_updates       | 822813   |
---------------------------------
---------------------------------
| rollout/           |          |
|    ep_len_mean     | 51.1     |
|    ep_rew_mean     | -11.3    |
|    success_rate    | 0.48     |
| time/              |          |
|    episodes        | 5208     |
|    fps             | 81       |
|    time_elapsed    | 3625     |
|    total_timesteps | 294388   |
| train/             |          |
|    actor_loss      | -136     |
|    critic_loss     | 127      |
|    ent_coef        | 0.001    |
|    learning_rate   | 0.0003   |
|    n_updates       | 822895   |
---------------------------------
---------------------------------
| rollout/           |          |
|    ep_len_mean     | 52.8     |
|    ep_rew_mean     | -11.2    |
|    success_rate    | 0.48     |
| time/              |          |
|    episodes        | 5212     |
|    fps             | 81       |
|    time_elapsed    | 3626     |
|    total_timesteps | 294528   |
| train/             |          |
|    actor_loss      | -134     |
|    critic_loss     | 169      |
|    ent_coef        | 0.001    |
|    learning_rate   | 0.0003   |
|    n_updates       | 822930   |
---------------------------------
---------------------------------
| rollout/           |          |
|    ep_len_mean     | 53.1     |
|    ep_rew_mean     | -11.5    |
|    success_rate    | 0.47     |
| time/              |          |
|    episodes        | 5216     |
|    fps             | 81       |
|    time_elapsed    | 3627     |
|    total_timesteps | 294576   |
| train/             |          |
|    actor_loss      | -136     |
|    critic_loss     | 171      |
|    ent_coef        | 0.001    |
|    learning_rate   | 0.0003   |
|    n_updates       | 822942   |
---------------------------------
---------------------------------
| rollout/           |          |
|    ep_len_mean     | 51.3     |
|    ep_rew_mean     | -11.5    |
|    success_rate    | 0.48     |
| time/              |          |
|    episodes        | 5220     |
|    fps             | 81       |
|    time_elapsed    | 3628     |
|    total_timesteps | 294760   |
| train/             |          |
|    actor_loss      | -134     |
|    critic_loss     | 97.4     |
|    ent_coef        | 0.001    |
|    learning_rate   | 0.0003   |
|    n_updates       | 822988   |
---------------------------------
---------------------------------
| rollout/           |          |
|    ep_len_mean     | 51.4     |
|    ep_rew_mean     | -11.6    |
|    success_rate    | 0.47     |
| time/              |          |
|    episodes        | 5224     |
|    fps             | 81       |
|    time_elapsed    | 3633     |
|    total_timesteps | 295316   |
| train/             |          |
|    actor_loss      | -134     |
|    critic_loss     | 80.1     |
|    ent_coef        | 0.001    |
|    learning_rate   | 0.0003   |
|    n_updates       | 823127   |
---------------------------------
---------------------------------
| rollout/           |          |
|    ep_len_mean     | 53.7     |
|    ep_rew_mean     | -11.2    |
|    success_rate    | 0.48     |
| time/              |          |
|    episodes        | 5228     |
|    fps             | 81       |
|    time_elapsed    | 3636     |
|    total_timesteps | 295664   |
| train/             |          |
|    actor_loss      | -134     |
|    critic_loss     | 143      |
|    ent_coef        | 0.001    |
|    learning_rate   | 0.0003   |
|    n_updates       | 823214   |
---------------------------------
---------------------------------
| rollout/           |          |
|    ep_len_mean     | 54.2     |
|    ep_rew_mean     | -10.9    |
|    success_rate    | 0.49     |
| time/              |          |
|    episodes        | 5232     |
|    fps             | 81       |
|    time_elapsed    | 3638     |
|    total_timesteps | 295956   |
| train/             |          |
|    actor_loss      | -137     |
|    critic_loss     | 290      |
|    ent_coef        | 0.001    |
|    learning_rate   | 0.0003   |
|    n_updates       | 823287   |
---------------------------------
---------------------------------
| rollout/           |          |
|    ep_len_mean     | 56.7     |
|    ep_rew_mean     | -11.3    |
|    success_rate    | 0.47     |
| time/              |          |
|    episodes        | 5236     |
|    fps             | 81       |
|    time_elapsed    | 3639     |
|    total_timesteps | 296040   |
| train/             |          |
|    actor_loss      | -136     |
|    critic_loss     | 150      |
|    ent_coef        | 0.001    |
|    learning_rate   | 0.0003   |
|    n_updates       | 823308   |
---------------------------------
---------------------------------
| rollout/           |          |
|    ep_len_mean     | 57       |
|    ep_rew_mean     | -10.9    |
|    success_rate    | 0.48     |
| time/              |          |
|    episodes        | 5240     |
|    fps             | 81       |
|    time_elapsed    | 3645     |
|    total_timesteps | 296720   |
| train/             |          |
|    actor_loss      | -141     |
|    critic_loss     | 253      |
|    ent_coef        | 0.001    |
|    learning_rate   | 0.0003   |
|    n_updates       | 823478   |
---------------------------------
---------------------------------
| rollout/           |          |
|    ep_len_mean     | 57.1     |
|    ep_rew_mean     | -10.6    |
|    success_rate    | 0.5      |
| time/              |          |
|    episodes        | 5244     |
|    fps             | 81       |
|    time_elapsed    | 3645     |
|    total_timesteps | 296764   |
| train/             |          |
|    actor_loss      | -138     |
|    critic_loss     | 61.7     |
|    ent_coef        | 0.001    |
|    learning_rate   | 0.0003   |
|    n_updates       | 823489   |
---------------------------------
---------------------------------
| rollout/           |          |
|    ep_len_mean     | 55.2     |
|    ep_rew_mean     | -6.34    |
|    success_rate    | 0.5      |
| time/              |          |
|    episodes        | 5248     |
|    fps             | 81       |
|    time_elapsed    | 3647     |
|    total_timesteps | 296864   |
| train/             |          |
|    actor_loss      | -137     |
|    critic_loss     | 157      |
|    ent_coef        | 0.001    |
|    learning_rate   | 0.0003   |
|    n_updates       | 823514   |
---------------------------------
---------------------------------
| rollout/           |          |
|    ep_len_mean     | 55.3     |
|    ep_rew_mean     | -5.98    |
|    success_rate    | 0.51     |
| time/              |          |
|    episodes        | 5252     |
|    fps             | 81       |
|    time_elapsed    | 3650     |
|    total_timesteps | 297204   |
| train/             |          |
|    actor_loss      | -136     |
|    critic_loss     | 105      |
|    ent_coef        | 0.001    |
|    learning_rate   | 0.0003   |
|    n_updates       | 823599   |
---------------------------------
---------------------------------
| rollout/           |          |
|    ep_len_mean     | 56.5     |
|    ep_rew_mean     | -5.98    |
|    success_rate    | 0.5      |
| time/              |          |
|    episodes        | 5256     |
|    fps             | 81       |
|    time_elapsed    | 3652     |
|    total_timesteps | 297496   |
| train/             |          |
|    actor_loss      | -134     |
|    critic_loss     | 307      |
|    ent_coef        | 0.001    |
|    learning_rate   | 0.0003   |
|    n_updates       | 823672   |
---------------------------------
---------------------------------
| rollout/           |          |
|    ep_len_mean     | 58.1     |
|    ep_rew_mean     | -5.77    |
|    success_rate    | 0.5      |
| time/              |          |
|    episodes        | 5260     |
|    fps             | 81       |
|    time_elapsed    | 3653     |
|    total_timesteps | 297608   |
| train/             |          |
|    actor_loss      | -136     |
|    critic_loss     | 111      |
|    ent_coef        | 0.001    |
|    learning_rate   | 0.0003   |
|    n_updates       | 823700   |
---------------------------------
---------------------------------
| rollout/           |          |
|    ep_len_mean     | 57.2     |
|    ep_rew_mean     | -6.23    |
|    success_rate    | 0.49     |
| time/              |          |
|    episodes        | 5264     |
|    fps             | 81       |
|    time_elapsed    | 3654     |
|    total_timesteps | 297668   |
| train/             |          |
|    actor_loss      | -135     |
|    critic_loss     | 178      |
|    ent_coef        | 0.001    |
|    learning_rate   | 0.0003   |
|    n_updates       | 823715   |
---------------------------------
---------------------------------
| rollout/           |          |
|    ep_len_mean     | 57.9     |
|    ep_rew_mean     | -6.3     |
|    success_rate    | 0.49     |
| time/              |          |
|    episodes        | 5268     |
|    fps             | 81       |
|    time_elapsed    | 3657     |
|    total_timesteps | 298000   |
| train/             |          |
|    actor_loss      | -133     |
|    critic_loss     | 155      |
|    ent_coef        | 0.001    |
|    learning_rate   | 0.0003   |
|    n_updates       | 823798   |
---------------------------------
---------------------------------
| rollout/           |          |
|    ep_len_mean     | 59.5     |
|    ep_rew_mean     | -7.43    |
|    success_rate    | 0.45     |
| time/              |          |
|    episodes        | 5272     |
|    fps             | 81       |
|    time_elapsed    | 3659     |
|    total_timesteps | 298176   |
| train/             |          |
|    actor_loss      | -138     |
|    critic_loss     | 58.8     |
|    ent_coef        | 0.001    |
|    learning_rate   | 0.0003   |
|    n_updates       | 823842   |
---------------------------------
---------------------------------
| rollout/           |          |
|    ep_len_mean     | 56.7     |
|    ep_rew_mean     | -7.07    |
|    success_rate    | 0.46     |
| time/              |          |
|    episodes        | 5276     |
|    fps             | 81       |
|    time_elapsed    | 3660     |
|    total_timesteps | 298272   |
| train/             |          |
|    actor_loss      | -138     |
|    critic_loss     | 134      |
|    ent_coef        | 0.001    |
|    learning_rate   | 0.0003   |
|    n_updates       | 823866   |
---------------------------------
---------------------------------
| rollout/           |          |
|    ep_len_mean     | 53.9     |
|    ep_rew_mean     | -7.29    |
|    success_rate    | 0.45     |
| time/              |          |
|    episodes        | 5280     |
|    fps             | 81       |
|    time_elapsed    | 3661     |
|    total_timesteps | 298372   |
| train/             |          |
|    actor_loss      | -137     |
|    critic_loss     | 60.5     |
|    ent_coef        | 0.001    |
|    learning_rate   | 0.0003   |
|    n_updates       | 823891   |
---------------------------------
---------------------------------
| rollout/           |          |
|    ep_len_mean     | 54.4     |
|    ep_rew_mean     | -7.1     |
|    success_rate    | 0.46     |
| time/              |          |
|    episodes        | 5284     |
|    fps             | 81       |
|    time_elapsed    | 3664     |
|    total_timesteps | 298620   |
| train/             |          |
|    actor_loss      | -134     |
|    critic_loss     | 193      |
|    ent_coef        | 0.001    |
|    learning_rate   | 0.0003   |
|    n_updates       | 823953   |
---------------------------------
---------------------------------
| rollout/           |          |
|    ep_len_mean     | 55.4     |
|    ep_rew_mean     | -7.79    |
|    success_rate    | 0.43     |
| time/              |          |
|    episodes        | 5288     |
|    fps             | 81       |
|    time_elapsed    | 3667     |
|    total_timesteps | 298976   |
| train/             |          |
|    actor_loss      | -132     |
|    critic_loss     | 168      |
|    ent_coef        | 0.001    |
|    learning_rate   | 0.0003   |
|    n_updates       | 824042   |
---------------------------------
---------------------------------
| rollout/           |          |
|    ep_len_mean     | 55.4     |
|    ep_rew_mean     | -7.81    |
|    success_rate    | 0.43     |
| time/              |          |
|    episodes        | 5292     |
|    fps             | 81       |
|    time_elapsed    | 3669     |
|    total_timesteps | 299148   |
| train/             |          |
|    actor_loss      | -136     |
|    critic_loss     | 86.4     |
|    ent_coef        | 0.001    |
|    learning_rate   | 0.0003   |
|    n_updates       | 824085   |
---------------------------------
---------------------------------
| rollout/           |          |
|    ep_len_mean     | 55.2     |
|    ep_rew_mean     | -8.64    |
|    success_rate    | 0.41     |
| time/              |          |
|    episodes        | 5296     |
|    fps             | 81       |
|    time_elapsed    | 3671     |
|    total_timesteps | 299336   |
| train/             |          |
|    actor_loss      | -137     |
|    critic_loss     | 121      |
|    ent_coef        | 0.001    |
|    learning_rate   | 0.0003   |
|    n_updates       | 824132   |
---------------------------------
---------------------------------
| rollout/           |          |
|    ep_len_mean     | 57.5     |
|    ep_rew_mean     | -8.03    |
|    success_rate    | 0.43     |
| time/              |          |
|    episodes        | 5300     |
|    fps             | 81       |
|    time_elapsed    | 3674     |
|    total_timesteps | 299688   |
| train/             |          |
|    actor_loss      | -135     |
|    critic_loss     | 38.8     |
|    ent_coef        | 0.001    |
|    learning_rate   | 0.0003   |
|    n_updates       | 824220   |
---------------------------------
---------------------------------
| rollout/           |          |
|    ep_len_mean     | 59       |
|    ep_rew_mean     | -8.76    |
|    success_rate    | 0.41     |
| time/              |          |
|    episodes        | 5304     |
|    fps             | 81       |
|    time_elapsed    | 3676     |
|    total_timesteps | 299928   |
| train/             |          |
|    actor_loss      | -133     |
|    critic_loss     | 82.2     |
|    ent_coef        | 0.001    |
|    learning_rate   | 0.0003   |
|    n_updates       | 824280   |
---------------------------------
Eval num_timesteps=300000, episode_reward=-5.78 +/- 18.72
Episode length: 45.66 +/- 64.85
Success rate: 74.00%
---------------------------------
| eval/              |          |
|    mean_ep_length  | 45.7     |
|    mean_reward     | -5.78    |
|    success_rate    | 0.74     |
| time/              |          |
|    total_timesteps | 300000   |
| train/             |          |
|    actor_loss      | -135     |
|    critic_loss     | 61.7     |
|    ent_coef        | 0.001    |
|    learning_rate   | 0.0003   |
|    n_updates       | 824298   |
---------------------------------
Eval num_timesteps=300000, episode_reward=-5.63 +/- 12.76
Episode length: 102.50 +/- 71.36
Success rate: 40.00%
---------------------------------
| eval/              |          |
|    mean_ep_length  | 102      |
|    mean_reward     | -5.63    |
|    success_rate    | 0.4      |
| time/              |          |
|    total_timesteps | 300000   |
---------------------------------
Eval num_timesteps=300000, episode_reward=-20.25 +/- 0.13
Episode length: 1.44 +/- 0.57
Success rate: 0.00%
---------------------------------
| eval/              |          |
|    mean_ep_length  | 1.44     |
|    mean_reward     | -20.3    |
|    success_rate    | 0        |
| time/              |          |
|    total_timesteps | 300000   |
---------------------------------
 100% ━━━━━━━━━━━━━━━━━━━━━━━━━━━━━━━━━━━━━━━━━━━━━━━━━━━━━━━━━━━━━━━━━━━━━━━━━━━━━━━━━━━━━━━━━━━━━━━━━━━━━━━━━━━━━━━━━━━━━━━━━━━━━━━━━━━━━━━━━━━━━━━━━━━━━━━ 300,000/300,000  [ 1:01:49 < 0:00:00 , 0 it/s ]
Dense refinement complete! Model saved to chess_fetch_dense_20260423_235832.zip
