--- Starting Dense Refinement: dense_refinement_20260424_125903 ---
Loading weights from chess_fetch_dense_v3_ready.zip...
Clearing old replay buffer...
Beginning 500,000 steps of Dense Fine-Tuning...
Logging to ./logs/dense_refinement_20260424_125903/tensorboard/SAC_1
/home/user/projects/robo_chess_fine_tuning/.venv/lib/python3.12/site-packages/stable_baselines3/common/callbacks.py:419: UserWarning: Training and eval env are not of the same type<stable_baselines3.common.vec_env.subproc_vec_env.SubprocVecEnv object at 0x7fc811a05100> != <stable_baselines3.common.vec_env.dummy_vec_env.DummyVecEnv object at 0x7fc810074d70>
  warnings.warn("Training and eval env are not of the same type" f"{self.training_env} != {self.eval_env}")
/home/user/projects/robo_chess_fine_tuning/.venv/lib/python3.12/site-packages/stable_baselines3/common/callbacks.py:419: UserWarning: Training and eval env are not of the same type<stable_baselines3.common.vec_env.subproc_vec_env.SubprocVecEnv object at 0x7fc811a05100> != <stable_baselines3.common.vec_env.dummy_vec_env.DummyVecEnv object at 0x7fc80e69a990>
  warnings.warn("Training and eval env are not of the same type" f"{self.training_env} != {self.eval_env}")
/home/user/projects/robo_chess_fine_tuning/.venv/lib/python3.12/site-packages/stable_baselines3/common/callbacks.py:419: UserWarning: Training and eval env are not of the same type<stable_baselines3.common.vec_env.subproc_vec_env.SubprocVecEnv object at 0x7fc811a05100> != <stable_baselines3.common.vec_env.dummy_vec_env.DummyVecEnv object at 0x7fc80ee01fa0>
  warnings.warn("Training and eval env are not of the same type" f"{self.training_env} != {self.eval_env}")
---------------------------------
| rollout/           |          |
|    ep_len_mean     | 4        |
|    ep_rew_mean     | -21.2    |
|    success_rate    | 0        |
| time/              |          |
|    episodes        | 4        |
|    fps             | 99       |
|    time_elapsed    | 0        |
|    total_timesteps | 28       |
---------------------------------
---------------------------------
| rollout/           |          |
|    ep_len_mean     | 10.5     |
|    ep_rew_mean     | -22.9    |
|    success_rate    | 0        |
| time/              |          |
|    episodes        | 8        |
|    fps             | 248      |
|    time_elapsed    | 0        |
|    total_timesteps | 136      |
---------------------------------
---------------------------------
| rollout/           |          |
|    ep_len_mean     | 11       |
|    ep_rew_mean     | -22.8    |
|    success_rate    | 0        |
| time/              |          |
|    episodes        | 12       |
|    fps             | 249      |
|    time_elapsed    | 0        |
|    total_timesteps | 196      |
---------------------------------
---------------------------------
| rollout/           |          |
|    ep_len_mean     | 13.2     |
|    ep_rew_mean     | -24.3    |
|    success_rate    | 0        |
| time/              |          |
|    episodes        | 16       |
|    fps             | 231      |
|    time_elapsed    | 1        |
|    total_timesteps | 264      |
---------------------------------
---------------------------------
| rollout/           |          |
|    ep_len_mean     | 14.3     |
|    ep_rew_mean     | -24.3    |
|    success_rate    | 0        |
| time/              |          |
|    episodes        | 20       |
|    fps             | 268      |
|    time_elapsed    | 1        |
|    total_timesteps | 400      |
---------------------------------
---------------------------------
| rollout/           |          |
|    ep_len_mean     | 13.2     |
|    ep_rew_mean     | -24.8    |
|    success_rate    | 0        |
| time/              |          |
|    episodes        | 24       |
|    fps             | 298      |
|    time_elapsed    | 1        |
|    total_timesteps | 524      |
---------------------------------
---------------------------------
| rollout/           |          |
|    ep_len_mean     | 14.3     |
|    ep_rew_mean     | -25      |
|    success_rate    | 0        |
| time/              |          |
|    episodes        | 28       |
|    fps             | 294      |
|    time_elapsed    | 2        |
|    total_timesteps | 612      |
---------------------------------
---------------------------------
| rollout/           |          |
|    ep_len_mean     | 16       |
|    ep_rew_mean     | -25.5    |
|    success_rate    | 0        |
| time/              |          |
|    episodes        | 32       |
|    fps             | 308      |
|    time_elapsed    | 2        |
|    total_timesteps | 812      |
---------------------------------
---------------------------------
| rollout/           |          |
|    ep_len_mean     | 19.5     |
|    ep_rew_mean     | -25.4    |
|    success_rate    | 0        |
| time/              |          |
|    episodes        | 36       |
|    fps             | 305      |
|    time_elapsed    | 2        |
|    total_timesteps | 884      |
---------------------------------
---------------------------------
| rollout/           |          |
|    ep_len_mean     | 22.5     |
|    ep_rew_mean     | -24.7    |
|    success_rate    | 0        |
| time/              |          |
|    episodes        | 40       |
|    fps             | 313      |
|    time_elapsed    | 3        |
|    total_timesteps | 964      |
---------------------------------
---------------------------------
| rollout/           |          |
|    ep_len_mean     | 22       |
|    ep_rew_mean     | -24.6    |
|    success_rate    | 0        |
| time/              |          |
|    episodes        | 44       |
|    fps             | 284      |
|    time_elapsed    | 3        |
|    total_timesteps | 980      |
---------------------------------
---------------------------------
| rollout/           |          |
|    ep_len_mean     | 21.3     |
|    ep_rew_mean     | -24.8    |
|    success_rate    | 0        |
| time/              |          |
|    episodes        | 48       |
|    fps             | 278      |
|    time_elapsed    | 3        |
|    total_timesteps | 1084     |
---------------------------------
---------------------------------
| rollout/           |          |
|    ep_len_mean     | 20.7     |
|    ep_rew_mean     | -24.7    |
|    success_rate    | 0        |
| time/              |          |
|    episodes        | 52       |
|    fps             | 276      |
|    time_elapsed    | 4        |
|    total_timesteps | 1124     |
---------------------------------
---------------------------------
| rollout/           |          |
|    ep_len_mean     | 20.2     |
|    ep_rew_mean     | -24.9    |
|    success_rate    | 0        |
| time/              |          |
|    episodes        | 56       |
|    fps             | 266      |
|    time_elapsed    | 4        |
|    total_timesteps | 1160     |
---------------------------------
---------------------------------
| rollout/           |          |
|    ep_len_mean     | 19.6     |
|    ep_rew_mean     | -24.9    |
|    success_rate    | 0        |
| time/              |          |
|    episodes        | 60       |
|    fps             | 281      |
|    time_elapsed    | 4        |
|    total_timesteps | 1308     |
---------------------------------
---------------------------------
| rollout/           |          |
|    ep_len_mean     | 20.7     |
|    ep_rew_mean     | -25.7    |
|    success_rate    | 0        |
| time/              |          |
|    episodes        | 64       |
|    fps             | 283      |
|    time_elapsed    | 5        |
|    total_timesteps | 1440     |
---------------------------------
---------------------------------
| rollout/           |          |
|    ep_len_mean     | 20.2     |
|    ep_rew_mean     | -25.5    |
|    success_rate    | 0        |
| time/              |          |
|    episodes        | 68       |
|    fps             | 279      |
|    time_elapsed    | 5        |
|    total_timesteps | 1512     |
---------------------------------
---------------------------------
| rollout/           |          |
|    ep_len_mean     | 19.5     |
|    ep_rew_mean     | -25.3    |
|    success_rate    | 0        |
| time/              |          |
|    episodes        | 72       |
|    fps             | 282      |
|    time_elapsed    | 5        |
|    total_timesteps | 1612     |
---------------------------------
---------------------------------
| rollout/           |          |
|    ep_len_mean     | 19.8     |
|    ep_rew_mean     | -25.3    |
|    success_rate    | 0        |
| time/              |          |
|    episodes        | 76       |
|    fps             | 286      |
|    time_elapsed    | 6        |
|    total_timesteps | 1800     |
---------------------------------
---------------------------------
| rollout/           |          |
|    ep_len_mean     | 21.4     |
|    ep_rew_mean     | -25.3    |
|    success_rate    | 0        |
| time/              |          |
|    episodes        | 80       |
|    fps             | 286      |
|    time_elapsed    | 6        |
|    total_timesteps | 1872     |
---------------------------------
---------------------------------
| rollout/           |          |
|    ep_len_mean     | 21.1     |
|    ep_rew_mean     | -25.4    |
|    success_rate    | 0        |
| time/              |          |
|    episodes        | 84       |
|    fps             | 290      |
|    time_elapsed    | 6        |
|    total_timesteps | 1964     |
---------------------------------
---------------------------------
| rollout/           |          |
|    ep_len_mean     | 22.6     |
|    ep_rew_mean     | -25      |
|    success_rate    | 0.0114   |
| time/              |          |
|    episodes        | 88       |
|    fps             | 266      |
|    time_elapsed    | 7        |
|    total_timesteps | 2044     |
| train/             |          |
|    actor_loss      | -32.5    |
|    critic_loss     | 2.57e+03 |
|    ent_coef        | 0.001    |
|    learning_rate   | 1e-05    |
|    n_updates       | 10       |
---------------------------------
---------------------------------
| rollout/           |          |
|    ep_len_mean     | 22.7     |
|    ep_rew_mean     | -24.1    |
|    success_rate    | 0.0435   |
| time/              |          |
|    episodes        | 92       |
|    fps             | 247      |
|    time_elapsed    | 8        |
|    total_timesteps | 2144     |
| train/             |          |
|    actor_loss      | -31      |
|    critic_loss     | 2.48e+03 |
|    ent_coef        | 0.001    |
|    learning_rate   | 1e-05    |
|    n_updates       | 35       |
---------------------------------
---------------------------------
| rollout/           |          |
|    ep_len_mean     | 28.3     |
|    ep_rew_mean     | -23.8    |
|    success_rate    | 0.0521   |
| time/              |          |
|    episodes        | 96       |
|    fps             | 220      |
|    time_elapsed    | 12       |
|    total_timesteps | 2844     |
| train/             |          |
|    actor_loss      | -37.3    |
|    critic_loss     | 1.53e+03 |
|    ent_coef        | 0.001    |
|    learning_rate   | 1e-05    |
|    n_updates       | 210      |
---------------------------------
---------------------------------
| rollout/           |          |
|    ep_len_mean     | 31       |
|    ep_rew_mean     | -23.7    |
|    success_rate    | 0.05     |
| time/              |          |
|    episodes        | 100      |
|    fps             | 208      |
|    time_elapsed    | 16       |
|    total_timesteps | 3456     |
| train/             |          |
|    actor_loss      | -51.4    |
|    critic_loss     | 1.04e+03 |
|    ent_coef        | 0.001    |
|    learning_rate   | 1e-05    |
|    n_updates       | 363      |
---------------------------------
---------------------------------
| rollout/           |          |
|    ep_len_mean     | 37.8     |
|    ep_rew_mean     | -23.5    |
|    success_rate    | 0.05     |
| time/              |          |
|    episodes        | 104      |
|    fps             | 200      |
|    time_elapsed    | 20       |
|    total_timesteps | 4156     |
| train/             |          |
|    actor_loss      | -53      |
|    critic_loss     | 886      |
|    ent_coef        | 0.001    |
|    learning_rate   | 1e-05    |
|    n_updates       | 538      |
---------------------------------
---------------------------------
| rollout/           |          |
|    ep_len_mean     | 41       |
|    ep_rew_mean     | -22.9    |
|    success_rate    | 0.06     |
| time/              |          |
|    episodes        | 108      |
|    fps             | 196      |
|    time_elapsed    | 21       |
|    total_timesteps | 4308     |
| train/             |          |
|    actor_loss      | -55.1    |
|    critic_loss     | 821      |
|    ent_coef        | 0.001    |
|    learning_rate   | 1e-05    |
|    n_updates       | 576      |
---------------------------------
---------------------------------
| rollout/           |          |
|    ep_len_mean     | 45.6     |
|    ep_rew_mean     | -22.4    |
|    success_rate    | 0.08     |
| time/              |          |
|    episodes        | 112      |
|    fps             | 189      |
|    time_elapsed    | 26       |
|    total_timesteps | 4980     |
| train/             |          |
|    actor_loss      | -46.9    |
|    critic_loss     | 1.08e+03 |
|    ent_coef        | 0.001    |
|    learning_rate   | 1e-05    |
|    n_updates       | 744      |
---------------------------------
---------------------------------
| rollout/           |          |
|    ep_len_mean     | 47.8     |
|    ep_rew_mean     | -21.9    |
|    success_rate    | 0.09     |
| time/              |          |
|    episodes        | 116      |
|    fps             | 186      |
|    time_elapsed    | 27       |
|    total_timesteps | 5200     |
| train/             |          |
|    actor_loss      | -50.5    |
|    critic_loss     | 866      |
|    ent_coef        | 0.001    |
|    learning_rate   | 1e-05    |
|    n_updates       | 799      |
---------------------------------
---------------------------------
| rollout/           |          |
|    ep_len_mean     | 49       |
|    ep_rew_mean     | -21.2    |
|    success_rate    | 0.11     |
| time/              |          |
|    episodes        | 120      |
|    fps             | 184      |
|    time_elapsed    | 28       |
|    total_timesteps | 5268     |
| train/             |          |
|    actor_loss      | -47.2    |
|    critic_loss     | 651      |
|    ent_coef        | 0.001    |
|    learning_rate   | 1e-05    |
|    n_updates       | 816      |
---------------------------------
---------------------------------
| rollout/           |          |
|    ep_len_mean     | 53.9     |
|    ep_rew_mean     | -20.4    |
|    success_rate    | 0.12     |
| time/              |          |
|    episodes        | 124      |
|    fps             | 181      |
|    time_elapsed    | 32       |
|    total_timesteps | 5936     |
| train/             |          |
|    actor_loss      | -48.6    |
|    critic_loss     | 650      |
|    ent_coef        | 0.001    |
|    learning_rate   | 1e-05    |
|    n_updates       | 983      |
---------------------------------
---------------------------------
| rollout/           |          |
|    ep_len_mean     | 59.2     |
|    ep_rew_mean     | -20      |
|    success_rate    | 0.12     |
| time/              |          |
|    episodes        | 128      |
|    fps             | 179      |
|    time_elapsed    | 36       |
|    total_timesteps | 6636     |
| train/             |          |
|    actor_loss      | -47.9    |
|    critic_loss     | 658      |
|    ent_coef        | 0.001    |
|    learning_rate   | 1e-05    |
|    n_updates       | 1158     |
---------------------------------
---------------------------------
| rollout/           |          |
|    ep_len_mean     | 62.6     |
|    ep_rew_mean     | -19.7    |
|    success_rate    | 0.12     |
| time/              |          |
|    episodes        | 132      |
|    fps             | 177      |
|    time_elapsed    | 39       |
|    total_timesteps | 7016     |
| train/             |          |
|    actor_loss      | -50      |
|    critic_loss     | 516      |
|    ent_coef        | 0.001    |
|    learning_rate   | 1e-05    |
|    n_updates       | 1253     |
---------------------------------
---------------------------------
| rollout/           |          |
|    ep_len_mean     | 67.6     |
|    ep_rew_mean     | -19.4    |
|    success_rate    | 0.12     |
| time/              |          |
|    episodes        | 136      |
|    fps             | 176      |
|    time_elapsed    | 42       |
|    total_timesteps | 7508     |
| train/             |          |
|    actor_loss      | -52.2    |
|    critic_loss     | 461      |
|    ent_coef        | 0.001    |
|    learning_rate   | 1e-05    |
|    n_updates       | 1376     |
---------------------------------
---------------------------------
| rollout/           |          |
|    ep_len_mean     | 69.5     |
|    ep_rew_mean     | -19.1    |
|    success_rate    | 0.12     |
| time/              |          |
|    episodes        | 140      |
|    fps             | 175      |
|    time_elapsed    | 46       |
|    total_timesteps | 8112     |
| train/             |          |
|    actor_loss      | -60.6    |
|    critic_loss     | 287      |
|    ent_coef        | 0.001    |
|    learning_rate   | 1e-05    |
|    n_updates       | 1527     |
---------------------------------
---------------------------------
| rollout/           |          |
|    ep_len_mean     | 75.9     |
|    ep_rew_mean     | -19.2    |
|    success_rate    | 0.12     |
| time/              |          |
|    episodes        | 144      |
|    fps             | 174      |
|    time_elapsed    | 50       |
|    total_timesteps | 8812     |
| train/             |          |
|    actor_loss      | -57.8    |
|    critic_loss     | 449      |
|    ent_coef        | 0.001    |
|    learning_rate   | 1e-05    |
|    n_updates       | 1702     |
---------------------------------
---------------------------------
| rollout/           |          |
|    ep_len_mean     | 77.9     |
|    ep_rew_mean     | -19      |
|    success_rate    | 0.12     |
| time/              |          |
|    episodes        | 148      |
|    fps             | 173      |
|    time_elapsed    | 52       |
|    total_timesteps | 9172     |
| train/             |          |
|    actor_loss      | -58.9    |
|    critic_loss     | 412      |
|    ent_coef        | 0.001    |
|    learning_rate   | 1e-05    |
|    n_updates       | 1792     |
---------------------------------
---------------------------------
| rollout/           |          |
|    ep_len_mean     | 81       |
|    ep_rew_mean     | -19      |
|    success_rate    | 0.13     |
| time/              |          |
|    episodes        | 152      |
|    fps             | 172      |
|    time_elapsed    | 54       |
|    total_timesteps | 9412     |
| train/             |          |
|    actor_loss      | -60.2    |
|    critic_loss     | 293      |
|    ent_coef        | 0.001    |
|    learning_rate   | 1e-05    |
|    n_updates       | 1852     |
---------------------------------
Eval num_timesteps=10000, episode_reward=-10.45 +/- 9.09
Episode length: 159.08 +/- 47.79
Success rate: 0.00%
---------------------------------
| eval/              |          |
|    mean_ep_length  | 159      |
|    mean_reward     | -10.4    |
|    success_rate    | 0        |
| time/              |          |
|    total_timesteps | 10000    |
| train/             |          |
|    actor_loss      | -63      |
|    critic_loss     | 265      |
|    ent_coef        | 0.001    |
|    learning_rate   | 1e-05    |
|    n_updates       | 1999     |
---------------------------------
New best mean reward!
[DenseSuccessCallback - transit] New best: 0.0% -> ./checkpoints/dense_refinement_20260424_125903/best_model_transit.zip
Eval num_timesteps=10000, episode_reward=-7.27 +/- 16.31
Episode length: 51.74 +/- 67.30
Success rate: 48.00%
---------------------------------
| eval/              |          |
|    mean_ep_length  | 51.7     |
|    mean_reward     | -7.27    |
|    success_rate    | 0.48     |
| time/              |          |
|    total_timesteps | 10000    |
---------------------------------
New best mean reward!
[DenseSuccessCallback - descend] New best: 48.0% -> ./checkpoints/dense_refinement_20260424_125903/best_model_descend.zip
Eval num_timesteps=10000, episode_reward=-20.62 +/- 0.40
Episode length: 5.70 +/- 5.24
Success rate: 0.00%
---------------------------------
| eval/              |          |
|    mean_ep_length  | 5.7      |
|    mean_reward     | -20.6    |
|    success_rate    | 0        |
| time/              |          |
|    total_timesteps | 10000    |
---------------------------------
New best mean reward!
[DenseSuccessCallback - ascend] New best: 0.0% -> ./checkpoints/dense_refinement_20260424_125903/best_model_ascend.zip
---------------------------------
| rollout/           |          |
|    ep_len_mean     | 85.8     |
|    ep_rew_mean     | -18.8    |
|    success_rate    | 0.13     |
| time/              |          |
|    episodes        | 156      |
|    fps             | 100      |
|    time_elapsed    | 99       |
|    total_timesteps | 10004    |
| train/             |          |
|    actor_loss      | -63.8    |
|    critic_loss     | 228      |
|    ent_coef        | 0.001    |
|    learning_rate   | 1e-05    |
|    n_updates       | 2000     |
---------------------------------
---------------------------------
| rollout/           |          |
|    ep_len_mean     | 87.7     |
|    ep_rew_mean     | -18.3    |
|    success_rate    | 0.14     |
| time/              |          |
|    episodes        | 160      |
|    fps             | 100      |
|    time_elapsed    | 100      |
|    total_timesteps | 10112    |
| train/             |          |
|    actor_loss      | -60.4    |
|    critic_loss     | 310      |
|    ent_coef        | 0.001    |
|    learning_rate   | 1e-05    |
|    n_updates       | 2027     |
---------------------------------
---------------------------------
| rollout/           |          |
|    ep_len_mean     | 88.2     |
|    ep_rew_mean     | -17      |
|    success_rate    | 0.16     |
| time/              |          |
|    episodes        | 164      |
|    fps             | 100      |
|    time_elapsed    | 102      |
|    total_timesteps | 10248    |
| train/             |          |
|    actor_loss      | -60.4    |
|    critic_loss     | 259      |
|    ent_coef        | 0.001    |
|    learning_rate   | 1e-05    |
|    n_updates       | 2061     |
---------------------------------
---------------------------------
| rollout/           |          |
|    ep_len_mean     | 88.4     |
|    ep_rew_mean     | -16.8    |
|    success_rate    | 0.17     |
| time/              |          |
|    episodes        | 168      |
|    fps             | 100      |
|    time_elapsed    | 103      |
|    total_timesteps | 10400    |
| train/             |          |
|    actor_loss      | -57.1    |
|    critic_loss     | 390      |
|    ent_coef        | 0.001    |
|    learning_rate   | 1e-05    |
|    n_updates       | 2099     |
---------------------------------
---------------------------------
| rollout/           |          |
|    ep_len_mean     | 91.8     |
|    ep_rew_mean     | -16.4    |
|    success_rate    | 0.17     |
| time/              |          |
|    episodes        | 172      |
|    fps             | 101      |
|    time_elapsed    | 106      |
|    total_timesteps | 10792    |
| train/             |          |
|    actor_loss      | -65.6    |
|    critic_loss     | 410      |
|    ent_coef        | 0.001    |
|    learning_rate   | 1e-05    |
|    n_updates       | 2197     |
---------------------------------
---------------------------------
| rollout/           |          |
|    ep_len_mean     | 94.4     |
|    ep_rew_mean     | -15.9    |
|    success_rate    | 0.18     |
| time/              |          |
|    episodes        | 176      |
|    fps             | 102      |
|    time_elapsed    | 108      |
|    total_timesteps | 11100    |
| train/             |          |
|    actor_loss      | -65.3    |
|    critic_loss     | 364      |
|    ent_coef        | 0.001    |
|    learning_rate   | 1e-05    |
|    n_updates       | 2274     |
---------------------------------
---------------------------------
| rollout/           |          |
|    ep_len_mean     | 96.8     |
|    ep_rew_mean     | -15.8    |
|    success_rate    | 0.18     |
| time/              |          |
|    episodes        | 180      |
|    fps             | 104      |
|    time_elapsed    | 112      |
|    total_timesteps | 11756    |
| train/             |          |
|    actor_loss      | -59.6    |
|    critic_loss     | 417      |
|    ent_coef        | 0.001    |
|    learning_rate   | 1e-05    |
|    n_updates       | 2438     |
---------------------------------
---------------------------------
| rollout/           |          |
|    ep_len_mean     | 99.9     |
|    ep_rew_mean     | -15.3    |
|    success_rate    | 0.19     |
| time/              |          |
|    episodes        | 184      |
|    fps             | 104      |
|    time_elapsed    | 113      |
|    total_timesteps | 11864    |
| train/             |          |
|    actor_loss      | -61.6    |
|    critic_loss     | 345      |
|    ent_coef        | 0.001    |
|    learning_rate   | 1e-05    |
|    n_updates       | 2465     |
---------------------------------
---------------------------------
| rollout/           |          |
|    ep_len_mean     | 98.7     |
|    ep_rew_mean     | -15.5    |
|    success_rate    | 0.18     |
| time/              |          |
|    episodes        | 188      |
|    fps             | 105      |
|    time_elapsed    | 115      |
|    total_timesteps | 12156    |
| train/             |          |
|    actor_loss      | -60.4    |
|    critic_loss     | 280      |
|    ent_coef        | 0.001    |
|    learning_rate   | 1e-05    |
|    n_updates       | 2538     |
---------------------------------
---------------------------------
| rollout/           |          |
|    ep_len_mean     | 103      |
|    ep_rew_mean     | -15.6    |
|    success_rate    | 0.16     |
| time/              |          |
|    episodes        | 192      |
|    fps             | 106      |
|    time_elapsed    | 118      |
|    total_timesteps | 12592    |
| train/             |          |
|    actor_loss      | -61.1    |
|    critic_loss     | 242      |
|    ent_coef        | 0.001    |
|    learning_rate   | 1e-05    |
|    n_updates       | 2647     |
---------------------------------
---------------------------------
| rollout/           |          |
|    ep_len_mean     | 104      |
|    ep_rew_mean     | -15.4    |
|    success_rate    | 0.15     |
| time/              |          |
|    episodes        | 196      |
|    fps             | 108      |
|    time_elapsed    | 122      |
|    total_timesteps | 13292    |
| train/             |          |
|    actor_loss      | -58.2    |
|    critic_loss     | 243      |
|    ent_coef        | 0.001    |
|    learning_rate   | 1e-05    |
|    n_updates       | 2822     |
---------------------------------
---------------------------------
| rollout/           |          |
|    ep_len_mean     | 102      |
|    ep_rew_mean     | -15      |
|    success_rate    | 0.16     |
| time/              |          |
|    episodes        | 200      |
|    fps             | 109      |
|    time_elapsed    | 124      |
|    total_timesteps | 13604    |
| train/             |          |
|    actor_loss      | -57.7    |
|    critic_loss     | 245      |
|    ent_coef        | 0.001    |
|    learning_rate   | 1e-05    |
|    n_updates       | 2900     |
---------------------------------
---------------------------------
| rollout/           |          |
|    ep_len_mean     | 97.3     |
|    ep_rew_mean     | -14.8    |
|    success_rate    | 0.17     |
| time/              |          |
|    episodes        | 204      |
|    fps             | 109      |
|    time_elapsed    | 126      |
|    total_timesteps | 13832    |
| train/             |          |
|    actor_loss      | -59.3    |
|    critic_loss     | 219      |
|    ent_coef        | 0.001    |
|    learning_rate   | 1e-05    |
|    n_updates       | 2957     |
---------------------------------
---------------------------------
| rollout/           |          |
|    ep_len_mean     | 97.1     |
|    ep_rew_mean     | -15      |
|    success_rate    | 0.17     |
| time/              |          |
|    episodes        | 208      |
|    fps             | 110      |
|    time_elapsed    | 128      |
|    total_timesteps | 14208    |
| train/             |          |
|    actor_loss      | -59.9    |
|    critic_loss     | 270      |
|    ent_coef        | 0.001    |
|    learning_rate   | 1e-05    |
|    n_updates       | 3051     |
---------------------------------
---------------------------------
| rollout/           |          |
|    ep_len_mean     | 97.3     |
|    ep_rew_mean     | -15.1    |
|    success_rate    | 0.16     |
| time/              |          |
|    episodes        | 212      |
|    fps             | 111      |
|    time_elapsed    | 130      |
|    total_timesteps | 14616    |
| train/             |          |
|    actor_loss      | -58.5    |
|    critic_loss     | 186      |
|    ent_coef        | 0.001    |
|    learning_rate   | 1e-05    |
|    n_updates       | 3153     |
---------------------------------
---------------------------------
| rollout/           |          |
|    ep_len_mean     | 98.9     |
|    ep_rew_mean     | -15.1    |
|    success_rate    | 0.15     |
| time/              |          |
|    episodes        | 216      |
|    fps             | 112      |
|    time_elapsed    | 134      |
|    total_timesteps | 15184    |
| train/             |          |
|    actor_loss      | -58.1    |
|    critic_loss     | 225      |
|    ent_coef        | 0.001    |
|    learning_rate   | 1e-05    |
|    n_updates       | 3295     |
---------------------------------
---------------------------------
| rollout/           |          |
|    ep_len_mean     | 101      |
|    ep_rew_mean     | -15.4    |
|    success_rate    | 0.13     |
| time/              |          |
|    episodes        | 220      |
|    fps             | 113      |
|    time_elapsed    | 136      |
|    total_timesteps | 15396    |
| train/             |          |
|    actor_loss      | -56      |
|    critic_loss     | 239      |
|    ent_coef        | 0.001    |
|    learning_rate   | 1e-05    |
|    n_updates       | 3348     |
---------------------------------
---------------------------------
| rollout/           |          |
|    ep_len_mean     | 97       |
|    ep_rew_mean     | -16.1    |
|    success_rate    | 0.12     |
| time/              |          |
|    episodes        | 224      |
|    fps             | 113      |
|    time_elapsed    | 138      |
|    total_timesteps | 15700    |
| train/             |          |
|    actor_loss      | -56.4    |
|    critic_loss     | 153      |
|    ent_coef        | 0.001    |
|    learning_rate   | 1e-05    |
|    n_updates       | 3424     |
---------------------------------
---------------------------------
| rollout/           |          |
|    ep_len_mean     | 94.9     |
|    ep_rew_mean     | -16.6    |
|    success_rate    | 0.12     |
| time/              |          |
|    episodes        | 228      |
|    fps             | 114      |
|    time_elapsed    | 140      |
|    total_timesteps | 16080    |
| train/             |          |
|    actor_loss      | -57.4    |
|    critic_loss     | 171      |
|    ent_coef        | 0.001    |
|    learning_rate   | 1e-05    |
|    n_updates       | 3519     |
---------------------------------
---------------------------------
| rollout/           |          |
|    ep_len_mean     | 93.9     |
|    ep_rew_mean     | -16.4    |
|    success_rate    | 0.13     |
| time/              |          |
|    episodes        | 232      |
|    fps             | 114      |
|    time_elapsed    | 143      |
|    total_timesteps | 16432    |
| train/             |          |
|    actor_loss      | -54.1    |
|    critic_loss     | 238      |
|    ent_coef        | 0.001    |
|    learning_rate   | 1e-05    |
|    n_updates       | 3607     |
---------------------------------
---------------------------------
| rollout/           |          |
|    ep_len_mean     | 91.1     |
|    ep_rew_mean     | -16.5    |
|    success_rate    | 0.13     |
| time/              |          |
|    episodes        | 236      |
|    fps             | 115      |
|    time_elapsed    | 144      |
|    total_timesteps | 16684    |
| train/             |          |
|    actor_loss      | -53      |
|    critic_loss     | 257      |
|    ent_coef        | 0.001    |
|    learning_rate   | 1e-05    |
|    n_updates       | 3670     |
---------------------------------
---------------------------------
| rollout/           |          |
|    ep_len_mean     | 89.7     |
|    ep_rew_mean     | -17      |
|    success_rate    | 0.13     |
| time/              |          |
|    episodes        | 240      |
|    fps             | 116      |
|    time_elapsed    | 147      |
|    total_timesteps | 17132    |
| train/             |          |
|    actor_loss      | -57.2    |
|    critic_loss     | 144      |
|    ent_coef        | 0.001    |
|    learning_rate   | 1e-05    |
|    n_updates       | 3782     |
---------------------------------
---------------------------------
| rollout/           |          |
|    ep_len_mean     | 85.3     |
|    ep_rew_mean     | -16.8    |
|    success_rate    | 0.13     |
| time/              |          |
|    episodes        | 244      |
|    fps             | 115      |
|    time_elapsed    | 148      |
|    total_timesteps | 17252    |
| train/             |          |
|    actor_loss      | -53.1    |
|    critic_loss     | 225      |
|    ent_coef        | 0.001    |
|    learning_rate   | 1e-05    |
|    n_updates       | 3812     |
---------------------------------
---------------------------------
| rollout/           |          |
|    ep_len_mean     | 84.8     |
|    ep_rew_mean     | -16.5    |
|    success_rate    | 0.14     |
| time/              |          |
|    episodes        | 248      |
|    fps             | 116      |
|    time_elapsed    | 150      |
|    total_timesteps | 17416    |
| train/             |          |
|    actor_loss      | -49.1    |
|    critic_loss     | 238      |
|    ent_coef        | 0.001    |
|    learning_rate   | 1e-05    |
|    n_updates       | 3853     |
---------------------------------
---------------------------------
| rollout/           |          |
|    ep_len_mean     | 85       |
|    ep_rew_mean     | -16.3    |
|    success_rate    | 0.14     |
| time/              |          |
|    episodes        | 252      |
|    fps             | 117      |
|    time_elapsed    | 153      |
|    total_timesteps | 18008    |
| train/             |          |
|    actor_loss      | -50.8    |
|    critic_loss     | 206      |
|    ent_coef        | 0.001    |
|    learning_rate   | 1e-05    |
|    n_updates       | 4001     |
---------------------------------
---------------------------------
| rollout/           |          |
|    ep_len_mean     | 83.7     |
|    ep_rew_mean     | -16      |
|    success_rate    | 0.14     |
| time/              |          |
|    episodes        | 256      |
|    fps             | 117      |
|    time_elapsed    | 155      |
|    total_timesteps | 18228    |
| train/             |          |
|    actor_loss      | -52.4    |
|    critic_loss     | 139      |
|    ent_coef        | 0.001    |
|    learning_rate   | 1e-05    |
|    n_updates       | 4056     |
---------------------------------
---------------------------------
| rollout/           |          |
|    ep_len_mean     | 82.6     |
|    ep_rew_mean     | -16.6    |
|    success_rate    | 0.13     |
| time/              |          |
|    episodes        | 260      |
|    fps             | 117      |
|    time_elapsed    | 157      |
|    total_timesteps | 18512    |
| train/             |          |
|    actor_loss      | -55.8    |
|    critic_loss     | 289      |
|    ent_coef        | 0.001    |
|    learning_rate   | 1e-05    |
|    n_updates       | 4127     |
---------------------------------
---------------------------------
| rollout/           |          |
|    ep_len_mean     | 84.9     |
|    ep_rew_mean     | -17      |
|    success_rate    | 0.11     |
| time/              |          |
|    episodes        | 264      |
|    fps             | 118      |
|    time_elapsed    | 159      |
|    total_timesteps | 18916    |
| train/             |          |
|    actor_loss      | -48.6    |
|    critic_loss     | 238      |
|    ent_coef        | 0.001    |
|    learning_rate   | 1e-05    |
|    n_updates       | 4228     |
---------------------------------
---------------------------------
| rollout/           |          |
|    ep_len_mean     | 89.6     |
|    ep_rew_mean     | -16.7    |
|    success_rate    | 0.1      |
| time/              |          |
|    episodes        | 268      |
|    fps             | 119      |
|    time_elapsed    | 163      |
|    total_timesteps | 19508    |
| train/             |          |
|    actor_loss      | -51.9    |
|    critic_loss     | 109      |
|    ent_coef        | 0.001    |
|    learning_rate   | 1e-05    |
|    n_updates       | 4376     |
---------------------------------
---------------------------------
| rollout/           |          |
|    ep_len_mean     | 88.5     |
|    ep_rew_mean     | -17      |
|    success_rate    | 0.1      |
| time/              |          |
|    episodes        | 272      |
|    fps             | 119      |
|    time_elapsed    | 164      |
|    total_timesteps | 19728    |
| train/             |          |
|    actor_loss      | -49      |
|    critic_loss     | 144      |
|    ent_coef        | 0.001    |
|    learning_rate   | 1e-05    |
|    n_updates       | 4431     |
---------------------------------
---------------------------------
| rollout/           |          |
|    ep_len_mean     | 88.8     |
|    ep_rew_mean     | -17.3    |
|    success_rate    | 0.09     |
| time/              |          |
|    episodes        | 276      |
|    fps             | 119      |
|    time_elapsed    | 166      |
|    total_timesteps | 19912    |
| train/             |          |
|    actor_loss      | -49.2    |
|    critic_loss     | 279      |
|    ent_coef        | 0.001    |
|    learning_rate   | 1e-05    |
|    n_updates       | 4477     |
---------------------------------
Eval num_timesteps=20000, episode_reward=-7.07 +/- 5.58
Episode length: 171.72 +/- 22.96
Success rate: 0.00%
---------------------------------
| eval/              |          |
|    mean_ep_length  | 172      |
|    mean_reward     | -7.07    |
|    success_rate    | 0        |
| time/              |          |
|    total_timesteps | 20000    |
| train/             |          |
|    actor_loss      | -50.9    |
|    critic_loss     | 141      |
|    ent_coef        | 0.001    |
|    learning_rate   | 1e-05    |
|    n_updates       | 4499     |
---------------------------------
New best mean reward!
Eval num_timesteps=20000, episode_reward=-18.11 +/- 12.23
Episode length: 45.50 +/- 52.77
Success rate: 16.00%
---------------------------------
| eval/              |          |
|    mean_ep_length  | 45.5     |
|    mean_reward     | -18.1    |
|    success_rate    | 0.16     |
| time/              |          |
|    total_timesteps | 20000    |
---------------------------------
Eval num_timesteps=20000, episode_reward=-20.68 +/- 0.55
Episode length: 5.90 +/- 4.78
Success rate: 0.00%
---------------------------------
| eval/              |          |
|    mean_ep_length  | 5.9      |
|    mean_reward     | -20.7    |
|    success_rate    | 0        |
| time/              |          |
|    total_timesteps | 20000    |
---------------------------------
---------------------------------
| rollout/           |          |
|    ep_len_mean     | 88.8     |
|    ep_rew_mean     | -17.5    |
|    success_rate    | 0.09     |
| time/              |          |
|    episodes        | 280      |
|    fps             | 97       |
|    time_elapsed    | 212      |
|    total_timesteps | 20596    |
| train/             |          |
|    actor_loss      | -54.4    |
|    critic_loss     | 173      |
|    ent_coef        | 0.001    |
|    learning_rate   | 1e-05    |
|    n_updates       | 4648     |
---------------------------------
---------------------------------
| rollout/           |          |
|    ep_len_mean     | 87.7     |
|    ep_rew_mean     | -17.9    |
|    success_rate    | 0.08     |
| time/              |          |
|    episodes        | 284      |
|    fps             | 97       |
|    time_elapsed    | 213      |
|    total_timesteps | 20744    |
| train/             |          |
|    actor_loss      | -52      |
|    critic_loss     | 118      |
|    ent_coef        | 0.001    |
|    learning_rate   | 1e-05    |
|    n_updates       | 4685     |
---------------------------------
---------------------------------
| rollout/           |          |
|    ep_len_mean     | 89.2     |
|    ep_rew_mean     | -17.7    |
|    success_rate    | 0.08     |
| time/              |          |
|    episodes        | 288      |
|    fps             | 97       |
|    time_elapsed    | 215      |
|    total_timesteps | 20924    |
| train/             |          |
|    actor_loss      | -49      |
|    critic_loss     | 217      |
|    ent_coef        | 0.001    |
|    learning_rate   | 1e-05    |
|    n_updates       | 4730     |
---------------------------------
---------------------------------
| rollout/           |          |
|    ep_len_mean     | 89.8     |
|    ep_rew_mean     | -17.9    |
|    success_rate    | 0.07     |
| time/              |          |
|    episodes        | 292      |
|    fps             | 98       |
|    time_elapsed    | 219      |
|    total_timesteps | 21624    |
| train/             |          |
|    actor_loss      | -44.9    |
|    critic_loss     | 201      |
|    ent_coef        | 0.001    |
|    learning_rate   | 1e-05    |
|    n_updates       | 4905     |
---------------------------------
---------------------------------
| rollout/           |          |
|    ep_len_mean     | 85.5     |
|    ep_rew_mean     | -18.3    |
|    success_rate    | 0.07     |
| time/              |          |
|    episodes        | 296      |
|    fps             | 98       |
|    time_elapsed    | 220      |
|    total_timesteps | 21788    |
| train/             |          |
|    actor_loss      | -45.2    |
|    critic_loss     | 175      |
|    ent_coef        | 0.001    |
|    learning_rate   | 1e-05    |
|    n_updates       | 4946     |
---------------------------------
---------------------------------
| rollout/           |          |
|    ep_len_mean     | 88.7     |
|    ep_rew_mean     | -18.5    |
|    success_rate    | 0.06     |
| time/              |          |
|    episodes        | 300      |
|    fps             | 100      |
|    time_elapsed    | 224      |
|    total_timesteps | 22488    |
| train/             |          |
|    actor_loss      | -47.3    |
|    critic_loss     | 243      |
|    ent_coef        | 0.001    |
|    learning_rate   | 1e-05    |
|    n_updates       | 5121     |
---------------------------------
---------------------------------
| rollout/           |          |
|    ep_len_mean     | 90.5     |
|    ep_rew_mean     | -18.5    |
|    success_rate    | 0.06     |
| time/              |          |
|    episodes        | 304      |
|    fps             | 100      |
|    time_elapsed    | 226      |
|    total_timesteps | 22720    |
| train/             |          |
|    actor_loss      | -44.1    |
|    critic_loss     | 225      |
|    ent_coef        | 0.001    |
|    learning_rate   | 1e-05    |
|    n_updates       | 5179     |
---------------------------------
---------------------------------
| rollout/           |          |
|    ep_len_mean     | 87.4     |
|    ep_rew_mean     | -18.5    |
|    success_rate    | 0.06     |
| time/              |          |
|    episodes        | 308      |
|    fps             | 100      |
|    time_elapsed    | 227      |
|    total_timesteps | 22952    |
| train/             |          |
|    actor_loss      | -48.3    |
|    critic_loss     | 103      |
|    ent_coef        | 0.001    |
|    learning_rate   | 1e-05    |
|    n_updates       | 5237     |
---------------------------------
---------------------------------
| rollout/           |          |
|    ep_len_mean     | 84.3     |
|    ep_rew_mean     | -18.8    |
|    success_rate    | 0.05     |
| time/              |          |
|    episodes        | 312      |
|    fps             | 100      |
|    time_elapsed    | 229      |
|    total_timesteps | 23184    |
| train/             |          |
|    actor_loss      | -44.6    |
|    critic_loss     | 183      |
|    ent_coef        | 0.001    |
|    learning_rate   | 1e-05    |
|    n_updates       | 5295     |
---------------------------------
---------------------------------
| rollout/           |          |
|    ep_len_mean     | 84.2     |
|    ep_rew_mean     | -18.7    |
|    success_rate    | 0.05     |
| time/              |          |
|    episodes        | 316      |
|    fps             | 101      |
|    time_elapsed    | 231      |
|    total_timesteps | 23556    |
| train/             |          |
|    actor_loss      | -44.5    |
|    critic_loss     | 122      |
|    ent_coef        | 0.001    |
|    learning_rate   | 1e-05    |
|    n_updates       | 5388     |
---------------------------------
---------------------------------
| rollout/           |          |
|    ep_len_mean     | 83       |
|    ep_rew_mean     | -18.7    |
|    success_rate    | 0.06     |
| time/              |          |
|    episodes        | 320      |
|    fps             | 101      |
|    time_elapsed    | 233      |
|    total_timesteps | 23756    |
| train/             |          |
|    actor_loss      | -45.6    |
|    critic_loss     | 237      |
|    ent_coef        | 0.001    |
|    learning_rate   | 1e-05    |
|    n_updates       | 5438     |
---------------------------------
---------------------------------
| rollout/           |          |
|    ep_len_mean     | 82.4     |
|    ep_rew_mean     | -18.7    |
|    success_rate    | 0.06     |
| time/              |          |
|    episodes        | 324      |
|    fps             | 101      |
|    time_elapsed    | 234      |
|    total_timesteps | 23816    |
| train/             |          |
|    actor_loss      | -43      |
|    critic_loss     | 182      |
|    ent_coef        | 0.001    |
|    learning_rate   | 1e-05    |
|    n_updates       | 5453     |
---------------------------------
---------------------------------
| rollout/           |          |
|    ep_len_mean     | 83.7     |
|    ep_rew_mean     | -17.8    |
|    success_rate    | 0.06     |
| time/              |          |
|    episodes        | 328      |
|    fps             | 102      |
|    time_elapsed    | 238      |
|    total_timesteps | 24516    |
| train/             |          |
|    actor_loss      | -42.2    |
|    critic_loss     | 151      |
|    ent_coef        | 0.001    |
|    learning_rate   | 1e-05    |
|    n_updates       | 5628     |
---------------------------------
---------------------------------
| rollout/           |          |
|    ep_len_mean     | 82.1     |
|    ep_rew_mean     | -18      |
|    success_rate    | 0.05     |
| time/              |          |
|    episodes        | 332      |
|    fps             | 103      |
|    time_elapsed    | 239      |
|    total_timesteps | 24640    |
| train/             |          |
|    actor_loss      | -39.6    |
|    critic_loss     | 155      |
|    ent_coef        | 0.001    |
|    learning_rate   | 1e-05    |
|    n_updates       | 5659     |
---------------------------------
---------------------------------
| rollout/           |          |
|    ep_len_mean     | 85.8     |
|    ep_rew_mean     | -18.2    |
|    success_rate    | 0.05     |
| time/              |          |
|    episodes        | 336      |
|    fps             | 103      |
|    time_elapsed    | 242      |
|    total_timesteps | 25220    |
| train/             |          |
|    actor_loss      | -40.8    |
|    critic_loss     | 102      |
|    ent_coef        | 0.001    |
|    learning_rate   | 1e-05    |
|    n_updates       | 5804     |
---------------------------------
---------------------------------
| rollout/           |          |
|    ep_len_mean     | 82.7     |
|    ep_rew_mean     | -18.3    |
|    success_rate    | 0.05     |
| time/              |          |
|    episodes        | 340      |
|    fps             | 104      |
|    time_elapsed    | 244      |
|    total_timesteps | 25444    |
| train/             |          |
|    actor_loss      | -44.4    |
|    critic_loss     | 174      |
|    ent_coef        | 0.001    |
|    learning_rate   | 1e-05    |
|    n_updates       | 5860     |
---------------------------------
---------------------------------
| rollout/           |          |
|    ep_len_mean     | 85.7     |
|    ep_rew_mean     | -18.1    |
|    success_rate    | 0.05     |
| time/              |          |
|    episodes        | 344      |
|    fps             | 105      |
|    time_elapsed    | 248      |
|    total_timesteps | 26084    |
| train/             |          |
|    actor_loss      | -36.5    |
|    critic_loss     | 166      |
|    ent_coef        | 0.001    |
|    learning_rate   | 1e-05    |
|    n_updates       | 6020     |
---------------------------------
---------------------------------
| rollout/           |          |
|    ep_len_mean     | 89.2     |
|    ep_rew_mean     | -18.3    |
|    success_rate    | 0.04     |
| time/              |          |
|    episodes        | 348      |
|    fps             | 105      |
|    time_elapsed    | 250      |
|    total_timesteps | 26332    |
| train/             |          |
|    actor_loss      | -40.1    |
|    critic_loss     | 91.4     |
|    ent_coef        | 0.001    |
|    learning_rate   | 1e-05    |
|    n_updates       | 6082     |
---------------------------------
---------------------------------
| rollout/           |          |
|    ep_len_mean     | 88.7     |
|    ep_rew_mean     | -18.3    |
|    success_rate    | 0.04     |
| time/              |          |
|    episodes        | 352      |
|    fps             | 105      |
|    time_elapsed    | 253      |
|    total_timesteps | 26864    |
| train/             |          |
|    actor_loss      | -38      |
|    critic_loss     | 85.2     |
|    ent_coef        | 0.001    |
|    learning_rate   | 1e-05    |
|    n_updates       | 6215     |
---------------------------------
---------------------------------
| rollout/           |          |
|    ep_len_mean     | 88.3     |
|    ep_rew_mean     | -18.3    |
|    success_rate    | 0.04     |
| time/              |          |
|    episodes        | 356      |
|    fps             | 106      |
|    time_elapsed    | 255      |
|    total_timesteps | 27092    |
| train/             |          |
|    actor_loss      | -38      |
|    critic_loss     | 116      |
|    ent_coef        | 0.001    |
|    learning_rate   | 1e-05    |
|    n_updates       | 6272     |
---------------------------------
---------------------------------
| rollout/           |          |
|    ep_len_mean     | 92.3     |
|    ep_rew_mean     | -18.2    |
|    success_rate    | 0.04     |
| time/              |          |
|    episodes        | 360      |
|    fps             | 106      |
|    time_elapsed    | 258      |
|    total_timesteps | 27652    |
| train/             |          |
|    actor_loss      | -36.8    |
|    critic_loss     | 144      |
|    ent_coef        | 0.001    |
|    learning_rate   | 1e-05    |
|    n_updates       | 6412     |
---------------------------------
---------------------------------
| rollout/           |          |
|    ep_len_mean     | 92.5     |
|    ep_rew_mean     | -18.8    |
|    success_rate    | 0.04     |
| time/              |          |
|    episodes        | 364      |
|    fps             | 107      |
|    time_elapsed    | 262      |
|    total_timesteps | 28212    |
| train/             |          |
|    actor_loss      | -39.2    |
|    critic_loss     | 107      |
|    ent_coef        | 0.001    |
|    learning_rate   | 1e-05    |
|    n_updates       | 6552     |
---------------------------------
---------------------------------
| rollout/           |          |
|    ep_len_mean     | 91.3     |
|    ep_rew_mean     | -18.7    |
|    success_rate    | 0.05     |
| time/              |          |
|    episodes        | 368      |
|    fps             | 107      |
|    time_elapsed    | 263      |
|    total_timesteps | 28456    |
| train/             |          |
|    actor_loss      | -33.9    |
|    critic_loss     | 118      |
|    ent_coef        | 0.001    |
|    learning_rate   | 1e-05    |
|    n_updates       | 6613     |
---------------------------------
---------------------------------
| rollout/           |          |
|    ep_len_mean     | 93.6     |
|    ep_rew_mean     | -18      |
|    success_rate    | 0.07     |
| time/              |          |
|    episodes        | 372      |
|    fps             | 108      |
|    time_elapsed    | 267      |
|    total_timesteps | 29052    |
| train/             |          |
|    actor_loss      | -34.9    |
|    critic_loss     | 92.6     |
|    ent_coef        | 0.001    |
|    learning_rate   | 1e-05    |
|    n_updates       | 6762     |
---------------------------------
---------------------------------
| rollout/           |          |
|    ep_len_mean     | 94.3     |
|    ep_rew_mean     | -17.8    |
|    success_rate    | 0.08     |
| time/              |          |
|    episodes        | 376      |
|    fps             | 109      |
|    time_elapsed    | 269      |
|    total_timesteps | 29440    |
| train/             |          |
|    actor_loss      | -35.8    |
|    critic_loss     | 70.3     |
|    ent_coef        | 0.001    |
|    learning_rate   | 1e-05    |
|    n_updates       | 6859     |
---------------------------------
---------------------------------
| rollout/           |          |
|    ep_len_mean     | 95.1     |
|    ep_rew_mean     | -17.4    |
|    success_rate    | 0.08     |
| time/              |          |
|    episodes        | 380      |
|    fps             | 109      |
|    time_elapsed    | 273      |
|    total_timesteps | 29996    |
| train/             |          |
|    actor_loss      | -33.8    |
|    critic_loss     | 122      |
|    ent_coef        | 0.001    |
|    learning_rate   | 1e-05    |
|    n_updates       | 6998     |
---------------------------------
Eval num_timesteps=30000, episode_reward=-6.02 +/- 7.18
Episode length: 168.38 +/- 32.44
Success rate: 0.00%
---------------------------------
| eval/              |          |
|    mean_ep_length  | 168      |
|    mean_reward     | -6.02    |
|    success_rate    | 0        |
| time/              |          |
|    total_timesteps | 30000    |
| train/             |          |
|    actor_loss      | -34.1    |
|    critic_loss     | 67.9     |
|    ent_coef        | 0.001    |
|    learning_rate   | 1e-05    |
|    n_updates       | 6999     |
---------------------------------
New best mean reward!
Eval num_timesteps=30000, episode_reward=-20.42 +/- 7.09
Episode length: 73.26 +/- 73.12
Success rate: 6.00%
---------------------------------
| eval/              |          |
|    mean_ep_length  | 73.3     |
|    mean_reward     | -20.4    |
|    success_rate    | 0.06     |
| time/              |          |
|    total_timesteps | 30000    |
---------------------------------
Eval num_timesteps=30000, episode_reward=-20.82 +/- 1.79
Episode length: 37.94 +/- 61.23
Success rate: 0.00%
---------------------------------
| eval/              |          |
|    mean_ep_length  | 37.9     |
|    mean_reward     | -20.8    |
|    success_rate    | 0        |
| time/              |          |
|    total_timesteps | 30000    |
---------------------------------
---------------------------------
| rollout/           |          |
|    ep_len_mean     | 98.5     |
|    ep_rew_mean     | -17      |
|    success_rate    | 0.08     |
| time/              |          |
|    episodes        | 384      |
|    fps             | 94       |
|    time_elapsed    | 325      |
|    total_timesteps | 30696    |
| train/             |          |
|    actor_loss      | -39.5    |
|    critic_loss     | 125      |
|    ent_coef        | 0.001    |
|    learning_rate   | 1e-05    |
|    n_updates       | 7173     |
---------------------------------
---------------------------------
| rollout/           |          |
|    ep_len_mean     | 103      |
|    ep_rew_mean     | -17.4    |
|    success_rate    | 0.08     |
| time/              |          |
|    episodes        | 388      |
|    fps             | 95       |
|    time_elapsed    | 329      |
|    total_timesteps | 31396    |
| train/             |          |
|    actor_loss      | -35      |
|    critic_loss     | 83.3     |
|    ent_coef        | 0.001    |
|    learning_rate   | 1e-05    |
|    n_updates       | 7348     |
---------------------------------
---------------------------------
| rollout/           |          |
|    ep_len_mean     | 101      |
|    ep_rew_mean     | -17.7    |
|    success_rate    | 0.08     |
| time/              |          |
|    episodes        | 392      |
|    fps             | 95       |
|    time_elapsed    | 331      |
|    total_timesteps | 31596    |
| train/             |          |
|    actor_loss      | -28      |
|    critic_loss     | 189      |
|    ent_coef        | 0.001    |
|    learning_rate   | 1e-05    |
|    n_updates       | 7398     |
---------------------------------
---------------------------------
| rollout/           |          |
|    ep_len_mean     | 105      |
|    ep_rew_mean     | -17.5    |
|    success_rate    | 0.08     |
| time/              |          |
|    episodes        | 396      |
|    fps             | 96       |
|    time_elapsed    | 335      |
|    total_timesteps | 32296    |
| train/             |          |
|    actor_loss      | -28.1    |
|    critic_loss     | 104      |
|    ent_coef        | 0.001    |
|    learning_rate   | 1e-05    |
|    n_updates       | 7573     |
---------------------------------
---------------------------------
| rollout/           |          |
|    ep_len_mean     | 104      |
|    ep_rew_mean     | -17.7    |
|    success_rate    | 0.08     |
| time/              |          |
|    episodes        | 400      |
|    fps             | 97       |
|    time_elapsed    | 339      |
|    total_timesteps | 32964    |
| train/             |          |
|    actor_loss      | -32.6    |
|    critic_loss     | 59.3     |
|    ent_coef        | 0.001    |
|    learning_rate   | 1e-05    |
|    n_updates       | 7740     |
---------------------------------
---------------------------------
| rollout/           |          |
|    ep_len_mean     | 106      |
|    ep_rew_mean     | -17.8    |
|    success_rate    | 0.07     |
| time/              |          |
|    episodes        | 404      |
|    fps             | 97       |
|    time_elapsed    | 341      |
|    total_timesteps | 33392    |
| train/             |          |
|    actor_loss      | -30.1    |
|    critic_loss     | 112      |
|    ent_coef        | 0.001    |
|    learning_rate   | 1e-05    |
|    n_updates       | 7847     |
---------------------------------
---------------------------------
| rollout/           |          |
|    ep_len_mean     | 110      |
|    ep_rew_mean     | -17.9    |
|    success_rate    | 0.06     |
| time/              |          |
|    episodes        | 408      |
|    fps             | 98       |
|    time_elapsed    | 344      |
|    total_timesteps | 33784    |
| train/             |          |
|    actor_loss      | -26      |
|    critic_loss     | 82.9     |
|    ent_coef        | 0.001    |
|    learning_rate   | 1e-05    |
|    n_updates       | 7945     |
---------------------------------
---------------------------------
| rollout/           |          |
|    ep_len_mean     | 113      |
|    ep_rew_mean     | -18      |
|    success_rate    | 0.06     |
| time/              |          |
|    episodes        | 412      |
|    fps             | 98       |
|    time_elapsed    | 348      |
|    total_timesteps | 34480    |
| train/             |          |
|    actor_loss      | -32.9    |
|    critic_loss     | 102      |
|    ent_coef        | 0.001    |
|    learning_rate   | 1e-05    |
|    n_updates       | 8119     |
---------------------------------
---------------------------------
| rollout/           |          |
|    ep_len_mean     | 111      |
|    ep_rew_mean     | -17.8    |
|    success_rate    | 0.07     |
| time/              |          |
|    episodes        | 416      |
|    fps             | 98       |
|    time_elapsed    | 349      |
|    total_timesteps | 34552    |
| train/             |          |
|    actor_loss      | -25.3    |
|    critic_loss     | 77       |
|    ent_coef        | 0.001    |
|    learning_rate   | 1e-05    |
|    n_updates       | 8137     |
---------------------------------
---------------------------------
| rollout/           |          |
|    ep_len_mean     | 111      |
|    ep_rew_mean     | -18.1    |
|    success_rate    | 0.06     |
| time/              |          |
|    episodes        | 420      |
|    fps             | 99       |
|    time_elapsed    | 352      |
|    total_timesteps | 35048    |
| train/             |          |
|    actor_loss      | -27.3    |
|    critic_loss     | 114      |
|    ent_coef        | 0.001    |
|    learning_rate   | 1e-05    |
|    n_updates       | 8261     |
---------------------------------
---------------------------------
| rollout/           |          |
|    ep_len_mean     | 115      |
|    ep_rew_mean     | -17.9    |
|    success_rate    | 0.06     |
| time/              |          |
|    episodes        | 424      |
|    fps             | 99       |
|    time_elapsed    | 354      |
|    total_timesteps | 35276    |
| train/             |          |
|    actor_loss      | -25.3    |
|    critic_loss     | 106      |
|    ent_coef        | 0.001    |
|    learning_rate   | 1e-05    |
|    n_updates       | 8318     |
---------------------------------
---------------------------------
| rollout/           |          |
|    ep_len_mean     | 117      |
|    ep_rew_mean     | -18.1    |
|    success_rate    | 0.06     |
| time/              |          |
|    episodes        | 428      |
|    fps             | 100      |
|    time_elapsed    | 358      |
|    total_timesteps | 35976    |
| train/             |          |
|    actor_loss      | -29.9    |
|    critic_loss     | 95.2     |
|    ent_coef        | 0.001    |
|    learning_rate   | 1e-05    |
|    n_updates       | 8493     |
---------------------------------
---------------------------------
| rollout/           |          |
|    ep_len_mean     | 119      |
|    ep_rew_mean     | -17.9    |
|    success_rate    | 0.06     |
| time/              |          |
|    episodes        | 432      |
|    fps             | 101      |
|    time_elapsed    | 361      |
|    total_timesteps | 36584    |
| train/             |          |
|    actor_loss      | -28.7    |
|    critic_loss     | 123      |
|    ent_coef        | 0.001    |
|    learning_rate   | 1e-05    |
|    n_updates       | 8645     |
---------------------------------
---------------------------------
| rollout/           |          |
|    ep_len_mean     | 121      |
|    ep_rew_mean     | -17.1    |
|    success_rate    | 0.06     |
| time/              |          |
|    episodes        | 436      |
|    fps             | 101      |
|    time_elapsed    | 366      |
|    total_timesteps | 37284    |
| train/             |          |
|    actor_loss      | -29.2    |
|    critic_loss     | 115      |
|    ent_coef        | 0.001    |
|    learning_rate   | 1e-05    |
|    n_updates       | 8820     |
---------------------------------
---------------------------------
| rollout/           |          |
|    ep_len_mean     | 122      |
|    ep_rew_mean     | -16.8    |
|    success_rate    | 0.06     |
| time/              |          |
|    episodes        | 440      |
|    fps             | 102      |
|    time_elapsed    | 367      |
|    total_timesteps | 37552    |
| train/             |          |
|    actor_loss      | -29.6    |
|    critic_loss     | 65.1     |
|    ent_coef        | 0.001    |
|    learning_rate   | 1e-05    |
|    n_updates       | 8887     |
---------------------------------
---------------------------------
| rollout/           |          |
|    ep_len_mean     | 122      |
|    ep_rew_mean     | -17.3    |
|    success_rate    | 0.06     |
| time/              |          |
|    episodes        | 444      |
|    fps             | 102      |
|    time_elapsed    | 370      |
|    total_timesteps | 38044    |
| train/             |          |
|    actor_loss      | -26.9    |
|    critic_loss     | 91.7     |
|    ent_coef        | 0.001    |
|    learning_rate   | 1e-05    |
|    n_updates       | 9010     |
---------------------------------
---------------------------------
| rollout/           |          |
|    ep_len_mean     | 122      |
|    ep_rew_mean     | -17.1    |
|    success_rate    | 0.06     |
| time/              |          |
|    episodes        | 448      |
|    fps             | 103      |
|    time_elapsed    | 374      |
|    total_timesteps | 38696    |
| train/             |          |
|    actor_loss      | -31.8    |
|    critic_loss     | 129      |
|    ent_coef        | 0.001    |
|    learning_rate   | 1e-05    |
|    n_updates       | 9173     |
---------------------------------
---------------------------------
| rollout/           |          |
|    ep_len_mean     | 123      |
|    ep_rew_mean     | -17.2    |
|    success_rate    | 0.05     |
| time/              |          |
|    episodes        | 452      |
|    fps             | 103      |
|    time_elapsed    | 376      |
|    total_timesteps | 38952    |
| train/             |          |
|    actor_loss      | -28      |
|    critic_loss     | 128      |
|    ent_coef        | 0.001    |
|    learning_rate   | 1e-05    |
|    n_updates       | 9237     |
---------------------------------
---------------------------------
| rollout/           |          |
|    ep_len_mean     | 124      |
|    ep_rew_mean     | -17.4    |
|    success_rate    | 0.05     |
| time/              |          |
|    episodes        | 456      |
|    fps             | 104      |
|    time_elapsed    | 380      |
|    total_timesteps | 39588    |
| train/             |          |
|    actor_loss      | -31.3    |
|    critic_loss     | 50.9     |
|    ent_coef        | 0.001    |
|    learning_rate   | 1e-05    |
|    n_updates       | 9396     |
---------------------------------
---------------------------------
| rollout/           |          |
|    ep_len_mean     | 121      |
|    ep_rew_mean     | -17.2    |
|    success_rate    | 0.06     |
| time/              |          |
|    episodes        | 460      |
|    fps             | 104      |
|    time_elapsed    | 381      |
|    total_timesteps | 39768    |
| train/             |          |
|    actor_loss      | -28.5    |
|    critic_loss     | 90.6     |
|    ent_coef        | 0.001    |
|    learning_rate   | 1e-05    |
|    n_updates       | 9441     |
---------------------------------
Eval num_timesteps=40000, episode_reward=-5.95 +/- 6.86
Episode length: 158.40 +/- 49.82
Success rate: 10.00%
---------------------------------
| eval/              |          |
|    mean_ep_length  | 158      |
|    mean_reward     | -5.95    |
|    success_rate    | 0.1      |
| time/              |          |
|    total_timesteps | 40000    |
| train/             |          |
|    actor_loss      | -26.4    |
|    critic_loss     | 70.5     |
|    ent_coef        | 0.001    |
|    learning_rate   | 1e-05    |
|    n_updates       | 9499     |
---------------------------------
New best mean reward!
[DenseSuccessCallback - transit] New best: 10.0% -> ./checkpoints/dense_refinement_20260424_125903/best_model_transit.zip
Eval num_timesteps=40000, episode_reward=-23.92 +/- 5.06
Episode length: 72.10 +/- 74.06
Success rate: 0.00%
---------------------------------
| eval/              |          |
|    mean_ep_length  | 72.1     |
|    mean_reward     | -23.9    |
|    success_rate    | 0        |
| time/              |          |
|    total_timesteps | 40000    |
---------------------------------
Eval num_timesteps=40000, episode_reward=-20.41 +/- 2.13
Episode length: 22.82 +/- 48.42
Success rate: 0.00%
---------------------------------
| eval/              |          |
|    mean_ep_length  | 22.8     |
|    mean_reward     | -20.4    |
|    success_rate    | 0        |
| time/              |          |
|    total_timesteps | 40000    |
---------------------------------
New best mean reward!
---------------------------------
| rollout/           |          |
|    ep_len_mean     | 121      |
|    ep_rew_mean     | -16.3    |
|    success_rate    | 0.07     |
| time/              |          |
|    episodes        | 464      |
|    fps             | 93       |
|    time_elapsed    | 431      |
|    total_timesteps | 40304    |
| train/             |          |
|    actor_loss      | -31.1    |
|    critic_loss     | 90.9     |
|    ent_coef        | 0.001    |
|    learning_rate   | 1e-05    |
|    n_updates       | 9575     |
---------------------------------
---------------------------------
| rollout/           |          |
|    ep_len_mean     | 120      |
|    ep_rew_mean     | -17      |
|    success_rate    | 0.06     |
| time/              |          |
|    episodes        | 468      |
|    fps             | 93       |
|    time_elapsed    | 433      |
|    total_timesteps | 40588    |
| train/             |          |
|    actor_loss      | -28.9    |
|    critic_loss     | 119      |
|    ent_coef        | 0.001    |
|    learning_rate   | 1e-05    |
|    n_updates       | 9646     |
---------------------------------
---------------------------------
| rollout/           |          |
|    ep_len_mean     | 119      |
|    ep_rew_mean     | -17.8    |
|    success_rate    | 0.04     |
| time/              |          |
|    episodes        | 472      |
|    fps             | 93       |
|    time_elapsed    | 436      |
|    total_timesteps | 41004    |
| train/             |          |
|    actor_loss      | -29.2    |
|    critic_loss     | 79.6     |
|    ent_coef        | 0.001    |
|    learning_rate   | 1e-05    |
|    n_updates       | 9750     |
---------------------------------
---------------------------------
| rollout/           |          |
|    ep_len_mean     | 120      |
|    ep_rew_mean     | -18      |
|    success_rate    | 0.03     |
| time/              |          |
|    episodes        | 476      |
|    fps             | 94       |
|    time_elapsed    | 440      |
|    total_timesteps | 41580    |
| train/             |          |
|    actor_loss      | -27.8    |
|    critic_loss     | 88.8     |
|    ent_coef        | 0.001    |
|    learning_rate   | 1e-05    |
|    n_updates       | 9894     |
---------------------------------
---------------------------------
| rollout/           |          |
|    ep_len_mean     | 120      |
|    ep_rew_mean     | -18.1    |
|    success_rate    | 0.03     |
| time/              |          |
|    episodes        | 480      |
|    fps             | 94       |
|    time_elapsed    | 442      |
|    total_timesteps | 42036    |
| train/             |          |
|    actor_loss      | -28.9    |
|    critic_loss     | 55.7     |
|    ent_coef        | 0.001    |
|    learning_rate   | 1e-05    |
|    n_updates       | 10008    |
---------------------------------
---------------------------------
| rollout/           |          |
|    ep_len_mean     | 119      |
|    ep_rew_mean     | -17.9    |
|    success_rate    | 0.03     |
| time/              |          |
|    episodes        | 484      |
|    fps             | 95       |
|    time_elapsed    | 445      |
|    total_timesteps | 42468    |
| train/             |          |
|    actor_loss      | -34.1    |
|    critic_loss     | 57       |
|    ent_coef        | 0.001    |
|    learning_rate   | 1e-05    |
|    n_updates       | 10116    |
---------------------------------
---------------------------------
| rollout/           |          |
|    ep_len_mean     | 116      |
|    ep_rew_mean     | -17.6    |
|    success_rate    | 0.03     |
| time/              |          |
|    episodes        | 488      |
|    fps             | 95       |
|    time_elapsed    | 449      |
|    total_timesteps | 43084    |
| train/             |          |
|    actor_loss      | -26.7    |
|    critic_loss     | 69.7     |
|    ent_coef        | 0.001    |
|    learning_rate   | 1e-05    |
|    n_updates       | 10270    |
---------------------------------
---------------------------------
| rollout/           |          |
|    ep_len_mean     | 116      |
|    ep_rew_mean     | -17.9    |
|    success_rate    | 0.03     |
| time/              |          |
|    episodes        | 492      |
|    fps             | 96       |
|    time_elapsed    | 450      |
|    total_timesteps | 43332    |
| train/             |          |
|    actor_loss      | -29      |
|    critic_loss     | 106      |
|    ent_coef        | 0.001    |
|    learning_rate   | 1e-05    |
|    n_updates       | 10332    |
---------------------------------
---------------------------------
| rollout/           |          |
|    ep_len_mean     | 116      |
|    ep_rew_mean     | -18      |
|    success_rate    | 0.03     |
| time/              |          |
|    episodes        | 496      |
|    fps             | 96       |
|    time_elapsed    | 455      |
|    total_timesteps | 44032    |
| train/             |          |
|    actor_loss      | -26.6    |
|    critic_loss     | 83.3     |
|    ent_coef        | 0.001    |
|    learning_rate   | 1e-05    |
|    n_updates       | 10507    |
---------------------------------
---------------------------------
| rollout/           |          |
|    ep_len_mean     | 117      |
|    ep_rew_mean     | -17.6    |
|    success_rate    | 0.04     |
| time/              |          |
|    episodes        | 500      |
|    fps             | 97       |
|    time_elapsed    | 458      |
|    total_timesteps | 44568    |
| train/             |          |
|    actor_loss      | -26.3    |
|    critic_loss     | 108      |
|    ent_coef        | 0.001    |
|    learning_rate   | 1e-05    |
|    n_updates       | 10641    |
---------------------------------
---------------------------------
| rollout/           |          |
|    ep_len_mean     | 117      |
|    ep_rew_mean     | -17.4    |
|    success_rate    | 0.05     |
| time/              |          |
|    episodes        | 504      |
|    fps             | 97       |
|    time_elapsed    | 461      |
|    total_timesteps | 45220    |
| train/             |          |
|    actor_loss      | -21.2    |
|    critic_loss     | 71.4     |
|    ent_coef        | 0.001    |
|    learning_rate   | 1e-05    |
|    n_updates       | 10804    |
---------------------------------
---------------------------------
| rollout/           |          |
|    ep_len_mean     | 116      |
|    ep_rew_mean     | -17.6    |
|    success_rate    | 0.05     |
| time/              |          |
|    episodes        | 508      |
|    fps             | 98       |
|    time_elapsed    | 463      |
|    total_timesteps | 45488    |
| train/             |          |
|    actor_loss      | -27.2    |
|    critic_loss     | 110      |
|    ent_coef        | 0.001    |
|    learning_rate   | 1e-05    |
|    n_updates       | 10871    |
---------------------------------
---------------------------------
| rollout/           |          |
|    ep_len_mean     | 116      |
|    ep_rew_mean     | -17.4    |
|    success_rate    | 0.05     |
| time/              |          |
|    episodes        | 512      |
|    fps             | 98       |
|    time_elapsed    | 467      |
|    total_timesteps | 46160    |
| train/             |          |
|    actor_loss      | -27      |
|    critic_loss     | 77.1     |
|    ent_coef        | 0.001    |
|    learning_rate   | 1e-05    |
|    n_updates       | 11039    |
---------------------------------
---------------------------------
| rollout/           |          |
|    ep_len_mean     | 116      |
|    ep_rew_mean     | -17.5    |
|    success_rate    | 0.05     |
| time/              |          |
|    episodes        | 516      |
|    fps             | 98       |
|    time_elapsed    | 469      |
|    total_timesteps | 46312    |
| train/             |          |
|    actor_loss      | -27.4    |
|    critic_loss     | 37.9     |
|    ent_coef        | 0.001    |
|    learning_rate   | 1e-05    |
|    n_updates       | 11077    |
---------------------------------
---------------------------------
| rollout/           |          |
|    ep_len_mean     | 121      |
|    ep_rew_mean     | -17.4    |
|    success_rate    | 0.05     |
| time/              |          |
|    episodes        | 520      |
|    fps             | 99       |
|    time_elapsed    | 473      |
|    total_timesteps | 47012    |
| train/             |          |
|    actor_loss      | -25.5    |
|    critic_loss     | 64.9     |
|    ent_coef        | 0.001    |
|    learning_rate   | 1e-05    |
|    n_updates       | 11252    |
---------------------------------
---------------------------------
| rollout/           |          |
|    ep_len_mean     | 121      |
|    ep_rew_mean     | -17.6    |
|    success_rate    | 0.05     |
| time/              |          |
|    episodes        | 524      |
|    fps             | 99       |
|    time_elapsed    | 477      |
|    total_timesteps | 47588    |
| train/             |          |
|    actor_loss      | -23.5    |
|    critic_loss     | 48.9     |
|    ent_coef        | 0.001    |
|    learning_rate   | 1e-05    |
|    n_updates       | 11396    |
---------------------------------
---------------------------------
| rollout/           |          |
|    ep_len_mean     | 121      |
|    ep_rew_mean     | -18      |
|    success_rate    | 0.05     |
| time/              |          |
|    episodes        | 528      |
|    fps             | 100      |
|    time_elapsed    | 481      |
|    total_timesteps | 48288    |
| train/             |          |
|    actor_loss      | -27.1    |
|    critic_loss     | 103      |
|    ent_coef        | 0.001    |
|    learning_rate   | 1e-05    |
|    n_updates       | 11571    |
---------------------------------
---------------------------------
| rollout/           |          |
|    ep_len_mean     | 123      |
|    ep_rew_mean     | -17.8    |
|    success_rate    | 0.05     |
| time/              |          |
|    episodes        | 532      |
|    fps             | 100      |
|    time_elapsed    | 485      |
|    total_timesteps | 48988    |
| train/             |          |
|    actor_loss      | -28.5    |
|    critic_loss     | 65.9     |
|    ent_coef        | 0.001    |
|    learning_rate   | 1e-05    |
|    n_updates       | 11746    |
---------------------------------
---------------------------------
| rollout/           |          |
|    ep_len_mean     | 123      |
|    ep_rew_mean     | -17.5    |
|    success_rate    | 0.05     |
| time/              |          |
|    episodes        | 536      |
|    fps             | 101      |
|    time_elapsed    | 488      |
|    total_timesteps | 49524    |
| train/             |          |
|    actor_loss      | -25.1    |
|    critic_loss     | 51.1     |
|    ent_coef        | 0.001    |
|    learning_rate   | 1e-05    |
|    n_updates       | 11880    |
---------------------------------
---------------------------------
| rollout/           |          |
|    ep_len_mean     | 123      |
|    ep_rew_mean     | -17.5    |
|    success_rate    | 0.05     |
| time/              |          |
|    episodes        | 540      |
|    fps             | 101      |
|    time_elapsed    | 490      |
|    total_timesteps | 49812    |
| train/             |          |
|    actor_loss      | -27.4    |
|    critic_loss     | 68.6     |
|    ent_coef        | 0.001    |
|    learning_rate   | 1e-05    |
|    n_updates       | 11952    |
---------------------------------
Eval num_timesteps=50000, episode_reward=-3.92 +/- 4.47
Episode length: 161.86 +/- 44.57
Success rate: 6.00%
---------------------------------
| eval/              |          |
|    mean_ep_length  | 162      |
|    mean_reward     | -3.92    |
|    success_rate    | 0.06     |
| time/              |          |
|    total_timesteps | 50000    |
| train/             |          |
|    actor_loss      | -25.2    |
|    critic_loss     | 67.1     |
|    ent_coef        | 0.001    |
|    learning_rate   | 1e-05    |
|    n_updates       | 11999    |
---------------------------------
New best mean reward!
Eval num_timesteps=50000, episode_reward=-17.71 +/- 6.82
Episode length: 134.44 +/- 72.19
Success rate: 4.00%
---------------------------------
| eval/              |          |
|    mean_ep_length  | 134      |
|    mean_reward     | -17.7    |
|    success_rate    | 0.04     |
| time/              |          |
|    total_timesteps | 50000    |
---------------------------------
Eval num_timesteps=50000, episode_reward=-21.18 +/- 2.68
Episode length: 20.18 +/- 44.76
Success rate: 0.00%
---------------------------------
| eval/              |          |
|    mean_ep_length  | 20.2     |
|    mean_reward     | -21.2    |
|    success_rate    | 0        |
| time/              |          |
|    total_timesteps | 50000    |
---------------------------------
---------------------------------
| rollout/           |          |
|    ep_len_mean     | 123      |
|    ep_rew_mean     | -17.3    |
|    success_rate    | 0.05     |
| time/              |          |
|    episodes        | 544      |
|    fps             | 91       |
|    time_elapsed    | 550      |
|    total_timesteps | 50476    |
| train/             |          |
|    actor_loss      | -23      |
|    critic_loss     | 83.8     |
|    ent_coef        | 0.001    |
|    learning_rate   | 1e-05    |
|    n_updates       | 12118    |
---------------------------------
---------------------------------
| rollout/           |          |
|    ep_len_mean     | 123      |
|    ep_rew_mean     | -17.7    |
|    success_rate    | 0.05     |
| time/              |          |
|    episodes        | 548      |
|    fps             | 92       |
|    time_elapsed    | 554      |
|    total_timesteps | 51176    |
| train/             |          |
|    actor_loss      | -22.4    |
|    critic_loss     | 40       |
|    ent_coef        | 0.001    |
|    learning_rate   | 1e-05    |
|    n_updates       | 12293    |
---------------------------------
---------------------------------
| rollout/           |          |
|    ep_len_mean     | 125      |
|    ep_rew_mean     | -17.4    |
|    success_rate    | 0.05     |
| time/              |          |
|    episodes        | 552      |
|    fps             | 92       |
|    time_elapsed    | 556      |
|    total_timesteps | 51432    |
| train/             |          |
|    actor_loss      | -22.2    |
|    critic_loss     | 52.9     |
|    ent_coef        | 0.001    |
|    learning_rate   | 1e-05    |
|    n_updates       | 12357    |
---------------------------------
---------------------------------
| rollout/           |          |
|    ep_len_mean     | 123      |
|    ep_rew_mean     | -17.4    |
|    success_rate    | 0.05     |
| time/              |          |
|    episodes        | 556      |
|    fps             | 92       |
|    time_elapsed    | 559      |
|    total_timesteps | 51896    |
| train/             |          |
|    actor_loss      | -24.9    |
|    critic_loss     | 33.8     |
|    ent_coef        | 0.001    |
|    learning_rate   | 1e-05    |
|    n_updates       | 12473    |
---------------------------------
---------------------------------
| rollout/           |          |
|    ep_len_mean     | 124      |
|    ep_rew_mean     | -17      |
|    success_rate    | 0.05     |
| time/              |          |
|    episodes        | 560      |
|    fps             | 93       |
|    time_elapsed    | 561      |
|    total_timesteps | 52204    |
| train/             |          |
|    actor_loss      | -25.7    |
|    critic_loss     | 44.3     |
|    ent_coef        | 0.001    |
|    learning_rate   | 1e-05    |
|    n_updates       | 12550    |
---------------------------------
---------------------------------
| rollout/           |          |
|    ep_len_mean     | 126      |
|    ep_rew_mean     | -16.9    |
|    success_rate    | 0.04     |
| time/              |          |
|    episodes        | 564      |
|    fps             | 93       |
|    time_elapsed    | 563      |
|    total_timesteps | 52632    |
| train/             |          |
|    actor_loss      | -22.6    |
|    critic_loss     | 42.1     |
|    ent_coef        | 0.001    |
|    learning_rate   | 1e-05    |
|    n_updates       | 12657    |
---------------------------------
---------------------------------
| rollout/           |          |
|    ep_len_mean     | 125      |
|    ep_rew_mean     | -17      |
|    success_rate    | 0.04     |
| time/              |          |
|    episodes        | 568      |
|    fps             | 93       |
|    time_elapsed    | 567      |
|    total_timesteps | 53264    |
| train/             |          |
|    actor_loss      | -21.8    |
|    critic_loss     | 43.4     |
|    ent_coef        | 0.001    |
|    learning_rate   | 1e-05    |
|    n_updates       | 12815    |
---------------------------------
---------------------------------
| rollout/           |          |
|    ep_len_mean     | 127      |
|    ep_rew_mean     | -16.5    |
|    success_rate    | 0.04     |
| time/              |          |
|    episodes        | 572      |
|    fps             | 94       |
|    time_elapsed    | 570      |
|    total_timesteps | 53688    |
| train/             |          |
|    actor_loss      | -25.6    |
|    critic_loss     | 40.9     |
|    ent_coef        | 0.001    |
|    learning_rate   | 1e-05    |
|    n_updates       | 12921    |
---------------------------------
---------------------------------
| rollout/           |          |
|    ep_len_mean     | 127      |
|    ep_rew_mean     | -16.1    |
|    success_rate    | 0.04     |
| time/              |          |
|    episodes        | 576      |
|    fps             | 94       |
|    time_elapsed    | 573      |
|    total_timesteps | 54108    |
| train/             |          |
|    actor_loss      | -24.2    |
|    critic_loss     | 78.8     |
|    ent_coef        | 0.001    |
|    learning_rate   | 1e-05    |
|    n_updates       | 13026    |
---------------------------------
---------------------------------
| rollout/           |          |
|    ep_len_mean     | 127      |
|    ep_rew_mean     | -15.8    |
|    success_rate    | 0.05     |
| time/              |          |
|    episodes        | 580      |
|    fps             | 94       |
|    time_elapsed    | 577      |
|    total_timesteps | 54740    |
| train/             |          |
|    actor_loss      | -24.2    |
|    critic_loss     | 43.9     |
|    ent_coef        | 0.001    |
|    learning_rate   | 1e-05    |
|    n_updates       | 13184    |
---------------------------------
---------------------------------
| rollout/           |          |
|    ep_len_mean     | 125      |
|    ep_rew_mean     | -16.1    |
|    success_rate    | 0.05     |
| time/              |          |
|    episodes        | 584      |
|    fps             | 95       |
|    time_elapsed    | 579      |
|    total_timesteps | 55088    |
| train/             |          |
|    actor_loss      | -20.2    |
|    critic_loss     | 45.9     |
|    ent_coef        | 0.001    |
|    learning_rate   | 1e-05    |
|    n_updates       | 13271    |
---------------------------------
---------------------------------
| rollout/           |          |
|    ep_len_mean     | 129      |
|    ep_rew_mean     | -16.1    |
|    success_rate    | 0.05     |
| time/              |          |
|    episodes        | 588      |
|    fps             | 95       |
|    time_elapsed    | 583      |
|    total_timesteps | 55788    |
| train/             |          |
|    actor_loss      | -20.8    |
|    critic_loss     | 37.6     |
|    ent_coef        | 0.001    |
|    learning_rate   | 1e-05    |
|    n_updates       | 13446    |
---------------------------------
---------------------------------
| rollout/           |          |
|    ep_len_mean     | 128      |
|    ep_rew_mean     | -15.7    |
|    success_rate    | 0.05     |
| time/              |          |
|    episodes        | 592      |
|    fps             | 95       |
|    time_elapsed    | 585      |
|    total_timesteps | 56160    |
| train/             |          |
|    actor_loss      | -23.3    |
|    critic_loss     | 77       |
|    ent_coef        | 0.001    |
|    learning_rate   | 1e-05    |
|    n_updates       | 13539    |
---------------------------------
---------------------------------
| rollout/           |          |
|    ep_len_mean     | 125      |
|    ep_rew_mean     | -15.3    |
|    success_rate    | 0.06     |
| time/              |          |
|    episodes        | 596      |
|    fps             | 96       |
|    time_elapsed    | 589      |
|    total_timesteps | 56784    |
| train/             |          |
|    actor_loss      | -20.8    |
|    critic_loss     | 46.7     |
|    ent_coef        | 0.001    |
|    learning_rate   | 1e-05    |
|    n_updates       | 13695    |
---------------------------------
---------------------------------
| rollout/           |          |
|    ep_len_mean     | 127      |
|    ep_rew_mean     | -15.6    |
|    success_rate    | 0.05     |
| time/              |          |
|    episodes        | 600      |
|    fps             | 96       |
|    time_elapsed    | 593      |
|    total_timesteps | 57484    |
| train/             |          |
|    actor_loss      | -17.9    |
|    critic_loss     | 38.6     |
|    ent_coef        | 0.001    |
|    learning_rate   | 1e-05    |
|    n_updates       | 13870    |
---------------------------------
---------------------------------
| rollout/           |          |
|    ep_len_mean     | 125      |
|    ep_rew_mean     | -15.9    |
|    success_rate    | 0.04     |
| time/              |          |
|    episodes        | 604      |
|    fps             | 96       |
|    time_elapsed    | 594      |
|    total_timesteps | 57576    |
| train/             |          |
|    actor_loss      | -24      |
|    critic_loss     | 41.7     |
|    ent_coef        | 0.001    |
|    learning_rate   | 1e-05    |
|    n_updates       | 13893    |
---------------------------------
---------------------------------
| rollout/           |          |
|    ep_len_mean     | 127      |
|    ep_rew_mean     | -15.6    |
|    success_rate    | 0.04     |
| time/              |          |
|    episodes        | 608      |
|    fps             | 97       |
|    time_elapsed    | 598      |
|    total_timesteps | 58276    |
| train/             |          |
|    actor_loss      | -21.8    |
|    critic_loss     | 56.5     |
|    ent_coef        | 0.001    |
|    learning_rate   | 1e-05    |
|    n_updates       | 14068    |
---------------------------------
---------------------------------
| rollout/           |          |
|    ep_len_mean     | 126      |
|    ep_rew_mean     | -15.6    |
|    success_rate    | 0.04     |
| time/              |          |
|    episodes        | 612      |
|    fps             | 97       |
|    time_elapsed    | 602      |
|    total_timesteps | 58884    |
| train/             |          |
|    actor_loss      | -23.1    |
|    critic_loss     | 46.4     |
|    ent_coef        | 0.001    |
|    learning_rate   | 1e-05    |
|    n_updates       | 14220    |
---------------------------------
---------------------------------
| rollout/           |          |
|    ep_len_mean     | 129      |
|    ep_rew_mean     | -15.9    |
|    success_rate    | 0.03     |
| time/              |          |
|    episodes        | 616      |
|    fps             | 97       |
|    time_elapsed    | 603      |
|    total_timesteps | 59048    |
| train/             |          |
|    actor_loss      | -25.3    |
|    critic_loss     | 28.3     |
|    ent_coef        | 0.001    |
|    learning_rate   | 1e-05    |
|    n_updates       | 14261    |
---------------------------------
---------------------------------
| rollout/           |          |
|    ep_len_mean     | 128      |
|    ep_rew_mean     | -15.7    |
|    success_rate    | 0.03     |
| time/              |          |
|    episodes        | 620      |
|    fps             | 98       |
|    time_elapsed    | 607      |
|    total_timesteps | 59724    |
| train/             |          |
|    actor_loss      | -22.6    |
|    critic_loss     | 23.8     |
|    ent_coef        | 0.001    |
|    learning_rate   | 1e-05    |
|    n_updates       | 14430    |
---------------------------------
Eval num_timesteps=60000, episode_reward=-6.62 +/- 5.89
Episode length: 175.00 +/- 0.00
Success rate: 0.00%
---------------------------------
| eval/              |          |
|    mean_ep_length  | 175      |
|    mean_reward     | -6.62    |
|    success_rate    | 0        |
| time/              |          |
|    total_timesteps | 60000    |
| train/             |          |
|    actor_loss      | -19.4    |
|    critic_loss     | 52.8     |
|    ent_coef        | 0.001    |
|    learning_rate   | 1e-05    |
|    n_updates       | 14499    |
---------------------------------
Eval num_timesteps=60000, episode_reward=-11.83 +/- 11.56
Episode length: 110.04 +/- 80.00
Success rate: 20.00%
---------------------------------
| eval/              |          |
|    mean_ep_length  | 110      |
|    mean_reward     | -11.8    |
|    success_rate    | 0.2      |
| time/              |          |
|    total_timesteps | 60000    |
---------------------------------
Eval num_timesteps=60000, episode_reward=-20.89 +/- 1.06
Episode length: 10.34 +/- 24.15
Success rate: 0.00%
---------------------------------
| eval/              |          |
|    mean_ep_length  | 10.3     |
|    mean_reward     | -20.9    |
|    success_rate    | 0        |
| time/              |          |
|    total_timesteps | 60000    |
---------------------------------
---------------------------------
| rollout/           |          |
|    ep_len_mean     | 127      |
|    ep_rew_mean     | -15.6    |
|    success_rate    | 0.03     |
| time/              |          |
|    episodes        | 624      |
|    fps             | 91       |
|    time_elapsed    | 663      |
|    total_timesteps | 60420    |
| train/             |          |
|    actor_loss      | -18.3    |
|    critic_loss     | 26.8     |
|    ent_coef        | 0.001    |
|    learning_rate   | 1e-05    |
|    n_updates       | 14604    |
---------------------------------
---------------------------------
| rollout/           |          |
|    ep_len_mean     | 124      |
|    ep_rew_mean     | -15.4    |
|    success_rate    | 0.03     |
| time/              |          |
|    episodes        | 628      |
|    fps             | 91       |
|    time_elapsed    | 664      |
|    total_timesteps | 60504    |
| train/             |          |
|    actor_loss      | -20.5    |
|    critic_loss     | 36.2     |
|    ent_coef        | 0.001    |
|    learning_rate   | 1e-05    |
|    n_updates       | 14625    |
---------------------------------
---------------------------------
| rollout/           |          |
|    ep_len_mean     | 121      |
|    ep_rew_mean     | -15.4    |
|    success_rate    | 0.04     |
| time/              |          |
|    episodes        | 632      |
|    fps             | 91       |
|    time_elapsed    | 668      |
|    total_timesteps | 61136    |
| train/             |          |
|    actor_loss      | -18.9    |
|    critic_loss     | 27.2     |
|    ent_coef        | 0.001    |
|    learning_rate   | 1e-05    |
|    n_updates       | 14783    |
---------------------------------
---------------------------------
| rollout/           |          |
|    ep_len_mean     | 121      |
|    ep_rew_mean     | -15.5    |
|    success_rate    | 0.04     |
| time/              |          |
|    episodes        | 636      |
|    fps             | 91       |
|    time_elapsed    | 672      |
|    total_timesteps | 61716    |
| train/             |          |
|    actor_loss      | -22.1    |
|    critic_loss     | 34.8     |
|    ent_coef        | 0.001    |
|    learning_rate   | 1e-05    |
|    n_updates       | 14928    |
---------------------------------
---------------------------------
| rollout/           |          |
|    ep_len_mean     | 122      |
|    ep_rew_mean     | -15.5    |
|    success_rate    | 0.04     |
| time/              |          |
|    episodes        | 640      |
|    fps             | 91       |
|    time_elapsed    | 673      |
|    total_timesteps | 61948    |
| train/             |          |
|    actor_loss      | -20.9    |
|    critic_loss     | 18.9     |
|    ent_coef        | 0.001    |
|    learning_rate   | 1e-05    |
|    n_updates       | 14986    |
---------------------------------
---------------------------------
| rollout/           |          |
|    ep_len_mean     | 119      |
|    ep_rew_mean     | -15.2    |
|    success_rate    | 0.05     |
| time/              |          |
|    episodes        | 644      |
|    fps             | 92       |
|    time_elapsed    | 676      |
|    total_timesteps | 62448    |
| train/             |          |
|    actor_loss      | -19.9    |
|    critic_loss     | 42.4     |
|    ent_coef        | 0.001    |
|    learning_rate   | 1e-05    |
|    n_updates       | 15111    |
---------------------------------
---------------------------------
| rollout/           |          |
|    ep_len_mean     | 116      |
|    ep_rew_mean     | -15.3    |
|    success_rate    | 0.05     |
| time/              |          |
|    episodes        | 648      |
|    fps             | 92       |
|    time_elapsed    | 679      |
|    total_timesteps | 62752    |
| train/             |          |
|    actor_loss      | -17.2    |
|    critic_loss     | 39.7     |
|    ent_coef        | 0.001    |
|    learning_rate   | 1e-05    |
|    n_updates       | 15187    |
---------------------------------
---------------------------------
| rollout/           |          |
|    ep_len_mean     | 118      |
|    ep_rew_mean     | -15.2    |
|    success_rate    | 0.05     |
| time/              |          |
|    episodes        | 652      |
|    fps             | 92       |
|    time_elapsed    | 682      |
|    total_timesteps | 63268    |
| train/             |          |
|    actor_loss      | -18.8    |
|    critic_loss     | 29.1     |
|    ent_coef        | 0.001    |
|    learning_rate   | 1e-05    |
|    n_updates       | 15316    |
---------------------------------
---------------------------------
| rollout/           |          |
|    ep_len_mean     | 118      |
|    ep_rew_mean     | -14.9    |
|    success_rate    | 0.05     |
| time/              |          |
|    episodes        | 656      |
|    fps             | 92       |
|    time_elapsed    | 684      |
|    total_timesteps | 63612    |
| train/             |          |
|    actor_loss      | -21.1    |
|    critic_loss     | 36.6     |
|    ent_coef        | 0.001    |
|    learning_rate   | 1e-05    |
|    n_updates       | 15402    |
---------------------------------
---------------------------------
| rollout/           |          |
|    ep_len_mean     | 116      |
|    ep_rew_mean     | -15.4    |
|    success_rate    | 0.04     |
| time/              |          |
|    episodes        | 660      |
|    fps             | 93       |
|    time_elapsed    | 686      |
|    total_timesteps | 63940    |
| train/             |          |
|    actor_loss      | -18.4    |
|    critic_loss     | 33.2     |
|    ent_coef        | 0.001    |
|    learning_rate   | 1e-05    |
|    n_updates       | 15484    |
---------------------------------
---------------------------------
| rollout/           |          |
|    ep_len_mean     | 116      |
|    ep_rew_mean     | -15.8    |
|    success_rate    | 0.04     |
| time/              |          |
|    episodes        | 664      |
|    fps             | 93       |
|    time_elapsed    | 689      |
|    total_timesteps | 64312    |
| train/             |          |
|    actor_loss      | -18      |
|    critic_loss     | 46.6     |
|    ent_coef        | 0.001    |
|    learning_rate   | 1e-05    |
|    n_updates       | 15577    |
---------------------------------
---------------------------------
| rollout/           |          |
|    ep_len_mean     | 118      |
|    ep_rew_mean     | -15.3    |
|    success_rate    | 0.04     |
| time/              |          |
|    episodes        | 668      |
|    fps             | 93       |
|    time_elapsed    | 693      |
|    total_timesteps | 64956    |
| train/             |          |
|    actor_loss      | -16.7    |
|    critic_loss     | 23.3     |
|    ent_coef        | 0.001    |
|    learning_rate   | 1e-05    |
|    n_updates       | 15738    |
---------------------------------
---------------------------------
| rollout/           |          |
|    ep_len_mean     | 120      |
|    ep_rew_mean     | -15.5    |
|    success_rate    | 0.04     |
| time/              |          |
|    episodes        | 672      |
|    fps             | 94       |
|    time_elapsed    | 697      |
|    total_timesteps | 65656    |
| train/             |          |
|    actor_loss      | -16.4    |
|    critic_loss     | 24.2     |
|    ent_coef        | 0.001    |
|    learning_rate   | 1e-05    |
|    n_updates       | 15913    |
---------------------------------
---------------------------------
| rollout/           |          |
|    ep_len_mean     | 120      |
|    ep_rew_mean     | -15.7    |
|    success_rate    | 0.04     |
| time/              |          |
|    episodes        | 676      |
|    fps             | 94       |
|    time_elapsed    | 700      |
|    total_timesteps | 66116    |
| train/             |          |
|    actor_loss      | -17.6    |
|    critic_loss     | 44.9     |
|    ent_coef        | 0.001    |
|    learning_rate   | 1e-05    |
|    n_updates       | 16028    |
---------------------------------
---------------------------------
| rollout/           |          |
|    ep_len_mean     | 121      |
|    ep_rew_mean     | -15.7    |
|    success_rate    | 0.03     |
| time/              |          |
|    episodes        | 680      |
|    fps             | 94       |
|    time_elapsed    | 704      |
|    total_timesteps | 66816    |
| train/             |          |
|    actor_loss      | -18.3    |
|    critic_loss     | 25.7     |
|    ent_coef        | 0.001    |
|    learning_rate   | 1e-05    |
|    n_updates       | 16203    |
---------------------------------
---------------------------------
| rollout/           |          |
|    ep_len_mean     | 122      |
|    ep_rew_mean     | -16      |
|    success_rate    | 0.03     |
| time/              |          |
|    episodes        | 684      |
|    fps             | 95       |
|    time_elapsed    | 708      |
|    total_timesteps | 67460    |
| train/             |          |
|    actor_loss      | -16.9    |
|    critic_loss     | 33.8     |
|    ent_coef        | 0.001    |
|    learning_rate   | 1e-05    |
|    n_updates       | 16364    |
---------------------------------
---------------------------------
| rollout/           |          |
|    ep_len_mean     | 121      |
|    ep_rew_mean     | -15.5    |
|    success_rate    | 0.04     |
| time/              |          |
|    episodes        | 688      |
|    fps             | 95       |
|    time_elapsed    | 710      |
|    total_timesteps | 67756    |
| train/             |          |
|    actor_loss      | -16.2    |
|    critic_loss     | 22       |
|    ent_coef        | 0.001    |
|    learning_rate   | 1e-05    |
|    n_updates       | 16438    |
---------------------------------
---------------------------------
| rollout/           |          |
|    ep_len_mean     | 123      |
|    ep_rew_mean     | -15.5    |
|    success_rate    | 0.04     |
| time/              |          |
|    episodes        | 692      |
|    fps             | 95       |
|    time_elapsed    | 714      |
|    total_timesteps | 68380    |
| train/             |          |
|    actor_loss      | -18      |
|    critic_loss     | 43.4     |
|    ent_coef        | 0.001    |
|    learning_rate   | 1e-05    |
|    n_updates       | 16594    |
---------------------------------
---------------------------------
| rollout/           |          |
|    ep_len_mean     | 122      |
|    ep_rew_mean     | -15.7    |
|    success_rate    | 0.03     |
| time/              |          |
|    episodes        | 696      |
|    fps             | 96       |
|    time_elapsed    | 718      |
|    total_timesteps | 68956    |
| train/             |          |
|    actor_loss      | -15.4    |
|    critic_loss     | 32.7     |
|    ent_coef        | 0.001    |
|    learning_rate   | 1e-05    |
|    n_updates       | 16738    |
---------------------------------
---------------------------------
| rollout/           |          |
|    ep_len_mean     | 122      |
|    ep_rew_mean     | -15.5    |
|    success_rate    | 0.03     |
| time/              |          |
|    episodes        | 700      |
|    fps             | 96       |
|    time_elapsed    | 722      |
|    total_timesteps | 69656    |
| train/             |          |
|    actor_loss      | -12.9    |
|    critic_loss     | 23.8     |
|    ent_coef        | 0.001    |
|    learning_rate   | 1e-05    |
|    n_updates       | 16913    |
---------------------------------
---------------------------------
| rollout/           |          |
|    ep_len_mean     | 124      |
|    ep_rew_mean     | -15.7    |
|    success_rate    | 0.03     |
| time/              |          |
|    episodes        | 704      |
|    fps             | 96       |
|    time_elapsed    | 723      |
|    total_timesteps | 69868    |
| train/             |          |
|    actor_loss      | -13.7    |
|    critic_loss     | 31.7     |
|    ent_coef        | 0.001    |
|    learning_rate   | 1e-05    |
|    n_updates       | 16966    |
---------------------------------
---------------------------------
| rollout/           |          |
|    ep_len_mean     | 119      |
|    ep_rew_mean     | -15.5    |
|    success_rate    | 0.04     |
| time/              |          |
|    episodes        | 708      |
|    fps             | 96       |
|    time_elapsed    | 724      |
|    total_timesteps | 69952    |
| train/             |          |
|    actor_loss      | -16      |
|    critic_loss     | 31.3     |
|    ent_coef        | 0.001    |
|    learning_rate   | 1e-05    |
|    n_updates       | 16987    |
---------------------------------
Eval num_timesteps=70000, episode_reward=-8.51 +/- 26.61
Episode length: 171.72 +/- 22.96
Success rate: 2.00%
---------------------------------
| eval/              |          |
|    mean_ep_length  | 172      |
|    mean_reward     | -8.51    |
|    success_rate    | 0.02     |
| time/              |          |
|    total_timesteps | 70000    |
| train/             |          |
|    actor_loss      | -16.3    |
|    critic_loss     | 21.3     |
|    ent_coef        | 0.001    |
|    learning_rate   | 1e-05    |
|    n_updates       | 16999    |
---------------------------------
Eval num_timesteps=70000, episode_reward=-18.92 +/- 8.04
Episode length: 86.02 +/- 78.84
Success rate: 4.00%
---------------------------------
| eval/              |          |
|    mean_ep_length  | 86       |
|    mean_reward     | -18.9    |
|    success_rate    | 0.04     |
| time/              |          |
|    total_timesteps | 70000    |
---------------------------------
Eval num_timesteps=70000, episode_reward=-20.96 +/- 2.47
Episode length: 7.98 +/- 19.71
Success rate: 0.00%
---------------------------------
| eval/              |          |
|    mean_ep_length  | 7.98     |
|    mean_reward     | -21      |
|    success_rate    | 0        |
| time/              |          |
|    total_timesteps | 70000    |
---------------------------------
---------------------------------
| rollout/           |          |
|    ep_len_mean     | 119      |
|    ep_rew_mean     | -15.7    |
|    success_rate    | 0.04     |
| time/              |          |
|    episodes        | 712      |
|    fps             | 90       |
|    time_elapsed    | 777      |
|    total_timesteps | 70492    |
| train/             |          |
|    actor_loss      | -16.2    |
|    critic_loss     | 25.5     |
|    ent_coef        | 0.001    |
|    learning_rate   | 1e-05    |
|    n_updates       | 17122    |
---------------------------------
---------------------------------
| rollout/           |          |
|    ep_len_mean     | 115      |
|    ep_rew_mean     | -15.7    |
|    success_rate    | 0.04     |
| time/              |          |
|    episodes        | 716      |
|    fps             | 90       |
|    time_elapsed    | 779      |
|    total_timesteps | 70788    |
| train/             |          |
|    actor_loss      | -15.3    |
|    critic_loss     | 32       |
|    ent_coef        | 0.001    |
|    learning_rate   | 1e-05    |
|    n_updates       | 17196    |
---------------------------------
---------------------------------
| rollout/           |          |
|    ep_len_mean     | 112      |
|    ep_rew_mean     | -15.8    |
|    success_rate    | 0.04     |
| time/              |          |
|    episodes        | 720      |
|    fps             | 90       |
|    time_elapsed    | 781      |
|    total_timesteps | 71056    |
| train/             |          |
|    actor_loss      | -17.8    |
|    critic_loss     | 17.4     |
|    ent_coef        | 0.001    |
|    learning_rate   | 1e-05    |
|    n_updates       | 17263    |
---------------------------------
---------------------------------
| rollout/           |          |
|    ep_len_mean     | 111      |
|    ep_rew_mean     | -15.6    |
|    success_rate    | 0.05     |
| time/              |          |
|    episodes        | 724      |
|    fps             | 90       |
|    time_elapsed    | 782      |
|    total_timesteps | 71232    |
| train/             |          |
|    actor_loss      | -15.6    |
|    critic_loss     | 26       |
|    ent_coef        | 0.001    |
|    learning_rate   | 1e-05    |
|    n_updates       | 17307    |
---------------------------------
---------------------------------
| rollout/           |          |
|    ep_len_mean     | 108      |
|    ep_rew_mean     | -15.8    |
|    success_rate    | 0.05     |
| time/              |          |
|    episodes        | 728      |
|    fps             | 91       |
|    time_elapsed    | 784      |
|    total_timesteps | 71368    |
| train/             |          |
|    actor_loss      | -15.9    |
|    critic_loss     | 29.1     |
|    ent_coef        | 0.001    |
|    learning_rate   | 1e-05    |
|    n_updates       | 17341    |
---------------------------------
---------------------------------
| rollout/           |          |
|    ep_len_mean     | 108      |
|    ep_rew_mean     | -15.7    |
|    success_rate    | 0.05     |
| time/              |          |
|    episodes        | 732      |
|    fps             | 91       |
|    time_elapsed    | 786      |
|    total_timesteps | 71800    |
| train/             |          |
|    actor_loss      | -14.5    |
|    critic_loss     | 37.9     |
|    ent_coef        | 0.001    |
|    learning_rate   | 1e-05    |
|    n_updates       | 17449    |
---------------------------------
---------------------------------
| rollout/           |          |
|    ep_len_mean     | 109      |
|    ep_rew_mean     | -16.1    |
|    success_rate    | 0.05     |
| time/              |          |
|    episodes        | 736      |
|    fps             | 91       |
|    time_elapsed    | 791      |
|    total_timesteps | 72500    |
| train/             |          |
|    actor_loss      | -17.5    |
|    critic_loss     | 23.6     |
|    ent_coef        | 0.001    |
|    learning_rate   | 1e-05    |
|    n_updates       | 17624    |
---------------------------------
---------------------------------
| rollout/           |          |
|    ep_len_mean     | 111      |
|    ep_rew_mean     | -16.2    |
|    success_rate    | 0.05     |
| time/              |          |
|    episodes        | 740      |
|    fps             | 92       |
|    time_elapsed    | 795      |
|    total_timesteps | 73200    |
| train/             |          |
|    actor_loss      | -15.8    |
|    critic_loss     | 51.3     |
|    ent_coef        | 0.001    |
|    learning_rate   | 1e-05    |
|    n_updates       | 17799    |
---------------------------------
---------------------------------
| rollout/           |          |
|    ep_len_mean     | 112      |
|    ep_rew_mean     | -16.5    |
|    success_rate    | 0.04     |
| time/              |          |
|    episodes        | 744      |
|    fps             | 92       |
|    time_elapsed    | 797      |
|    total_timesteps | 73484    |
| train/             |          |
|    actor_loss      | -14.7    |
|    critic_loss     | 21.1     |
|    ent_coef        | 0.001    |
|    learning_rate   | 1e-05    |
|    n_updates       | 17870    |
---------------------------------
---------------------------------
| rollout/           |          |
|    ep_len_mean     | 112      |
|    ep_rew_mean     | -16      |
|    success_rate    | 0.04     |
| time/              |          |
|    episodes        | 748      |
|    fps             | 92       |
|    time_elapsed    | 800      |
|    total_timesteps | 73924    |
| train/             |          |
|    actor_loss      | -15.2    |
|    critic_loss     | 21.1     |
|    ent_coef        | 0.001    |
|    learning_rate   | 1e-05    |
|    n_updates       | 17980    |
---------------------------------
---------------------------------
| rollout/           |          |
|    ep_len_mean     | 110      |
|    ep_rew_mean     | -16.1    |
|    success_rate    | 0.04     |
| time/              |          |
|    episodes        | 752      |
|    fps             | 92       |
|    time_elapsed    | 802      |
|    total_timesteps | 74184    |
| train/             |          |
|    actor_loss      | -16.8    |
|    critic_loss     | 26       |
|    ent_coef        | 0.001    |
|    learning_rate   | 1e-05    |
|    n_updates       | 18045    |
---------------------------------
---------------------------------
| rollout/           |          |
|    ep_len_mean     | 110      |
|    ep_rew_mean     | -16.2    |
|    success_rate    | 0.04     |
| time/              |          |
|    episodes        | 756      |
|    fps             | 92       |
|    time_elapsed    | 805      |
|    total_timesteps | 74640    |
| train/             |          |
|    actor_loss      | -15.1    |
|    critic_loss     | 22.4     |
|    ent_coef        | 0.001    |
|    learning_rate   | 1e-05    |
|    n_updates       | 18159    |
---------------------------------
---------------------------------
| rollout/           |          |
|    ep_len_mean     | 111      |
|    ep_rew_mean     | -16.5    |
|    success_rate    | 0.04     |
| time/              |          |
|    episodes        | 760      |
|    fps             | 92       |
|    time_elapsed    | 807      |
|    total_timesteps | 74928    |
| train/             |          |
|    actor_loss      | -14.3    |
|    critic_loss     | 26.6     |
|    ent_coef        | 0.001    |
|    learning_rate   | 1e-05    |
|    n_updates       | 18231    |
---------------------------------
---------------------------------
| rollout/           |          |
|    ep_len_mean     | 110      |
|    ep_rew_mean     | -16.4    |
|    success_rate    | 0.04     |
| time/              |          |
|    episodes        | 764      |
|    fps             | 93       |
|    time_elapsed    | 810      |
|    total_timesteps | 75424    |
| train/             |          |
|    actor_loss      | -16.2    |
|    critic_loss     | 29.4     |
|    ent_coef        | 0.001    |
|    learning_rate   | 1e-05    |
|    n_updates       | 18355    |
---------------------------------
---------------------------------
| rollout/           |          |
|    ep_len_mean     | 106      |
|    ep_rew_mean     | -16.4    |
|    success_rate    | 0.05     |
| time/              |          |
|    episodes        | 768      |
|    fps             | 93       |
|    time_elapsed    | 811      |
|    total_timesteps | 75552    |
| train/             |          |
|    actor_loss      | -14.7    |
|    critic_loss     | 38.4     |
|    ent_coef        | 0.001    |
|    learning_rate   | 1e-05    |
|    n_updates       | 18387    |
---------------------------------
---------------------------------
| rollout/           |          |
|    ep_len_mean     | 102      |
|    ep_rew_mean     | -16.6    |
|    success_rate    | 0.05     |
| time/              |          |
|    episodes        | 772      |
|    fps             | 93       |
|    time_elapsed    | 812      |
|    total_timesteps | 75664    |
| train/             |          |
|    actor_loss      | -16.1    |
|    critic_loss     | 23.4     |
|    ent_coef        | 0.001    |
|    learning_rate   | 1e-05    |
|    n_updates       | 18415    |
---------------------------------
---------------------------------
| rollout/           |          |
|    ep_len_mean     | 98.7     |
|    ep_rew_mean     | -16.1    |
|    success_rate    | 0.07     |
| time/              |          |
|    episodes        | 776      |
|    fps             | 93       |
|    time_elapsed    | 814      |
|    total_timesteps | 75880    |
| train/             |          |
|    actor_loss      | -14.1    |
|    critic_loss     | 17.8     |
|    ent_coef        | 0.001    |
|    learning_rate   | 1e-05    |
|    n_updates       | 18469    |
---------------------------------
---------------------------------
| rollout/           |          |
|    ep_len_mean     | 97.8     |
|    ep_rew_mean     | -16.5    |
|    success_rate    | 0.07     |
| time/              |          |
|    episodes        | 780      |
|    fps             | 93       |
|    time_elapsed    | 818      |
|    total_timesteps | 76556    |
| train/             |          |
|    actor_loss      | -15.1    |
|    critic_loss     | 21.8     |
|    ent_coef        | 0.001    |
|    learning_rate   | 1e-05    |
|    n_updates       | 18638    |
---------------------------------
---------------------------------
| rollout/           |          |
|    ep_len_mean     | 99.5     |
|    ep_rew_mean     | -16.1    |
|    success_rate    | 0.07     |
| time/              |          |
|    episodes        | 784      |
|    fps             | 93       |
|    time_elapsed    | 822      |
|    total_timesteps | 77256    |
| train/             |          |
|    actor_loss      | -18      |
|    critic_loss     | 24.2     |
|    ent_coef        | 0.001    |
|    learning_rate   | 1e-05    |
|    n_updates       | 18813    |
---------------------------------
---------------------------------
| rollout/           |          |
|    ep_len_mean     | 95.7     |
|    ep_rew_mean     | -16.5    |
|    success_rate    | 0.06     |
| time/              |          |
|    episodes        | 788      |
|    fps             | 94       |
|    time_elapsed    | 824      |
|    total_timesteps | 77508    |
| train/             |          |
|    actor_loss      | -15.7    |
|    critic_loss     | 24.1     |
|    ent_coef        | 0.001    |
|    learning_rate   | 1e-05    |
|    n_updates       | 18876    |
---------------------------------
---------------------------------
| rollout/           |          |
|    ep_len_mean     | 95.8     |
|    ep_rew_mean     | -16.7    |
|    success_rate    | 0.06     |
| time/              |          |
|    episodes        | 792      |
|    fps             | 94       |
|    time_elapsed    | 827      |
|    total_timesteps | 77956    |
| train/             |          |
|    actor_loss      | -15.9    |
|    critic_loss     | 32.7     |
|    ent_coef        | 0.001    |
|    learning_rate   | 1e-05    |
|    n_updates       | 18988    |
---------------------------------
---------------------------------
| rollout/           |          |
|    ep_len_mean     | 96.8     |
|    ep_rew_mean     | -17      |
|    success_rate    | 0.06     |
| time/              |          |
|    episodes        | 796      |
|    fps             | 94       |
|    time_elapsed    | 830      |
|    total_timesteps | 78464    |
| train/             |          |
|    actor_loss      | -15.9    |
|    critic_loss     | 49.3     |
|    ent_coef        | 0.001    |
|    learning_rate   | 1e-05    |
|    n_updates       | 19115    |
---------------------------------
---------------------------------
| rollout/           |          |
|    ep_len_mean     | 91.9     |
|    ep_rew_mean     | -16.9    |
|    success_rate    | 0.07     |
| time/              |          |
|    episodes        | 800      |
|    fps             | 94       |
|    time_elapsed    | 831      |
|    total_timesteps | 78576    |
| train/             |          |
|    actor_loss      | -14.9    |
|    critic_loss     | 22.7     |
|    ent_coef        | 0.001    |
|    learning_rate   | 1e-05    |
|    n_updates       | 19143    |
---------------------------------
---------------------------------
| rollout/           |          |
|    ep_len_mean     | 92       |
|    ep_rew_mean     | -16.8    |
|    success_rate    | 0.07     |
| time/              |          |
|    episodes        | 804      |
|    fps             | 94       |
|    time_elapsed    | 835      |
|    total_timesteps | 79216    |
| train/             |          |
|    actor_loss      | -14.4    |
|    critic_loss     | 21.5     |
|    ent_coef        | 0.001    |
|    learning_rate   | 1e-05    |
|    n_updates       | 19303    |
---------------------------------
---------------------------------
| rollout/           |          |
|    ep_len_mean     | 97       |
|    ep_rew_mean     | -17.1    |
|    success_rate    | 0.06     |
| time/              |          |
|    episodes        | 808      |
|    fps             | 95       |
|    time_elapsed    | 838      |
|    total_timesteps | 79788    |
| train/             |          |
|    actor_loss      | -13.9    |
|    critic_loss     | 34.2     |
|    ent_coef        | 0.001    |
|    learning_rate   | 1e-05    |
|    n_updates       | 19446    |
---------------------------------
Eval num_timesteps=80000, episode_reward=-10.13 +/- 7.69
Episode length: 175.00 +/- 0.00
Success rate: 0.00%
---------------------------------
| eval/              |          |
|    mean_ep_length  | 175      |
|    mean_reward     | -10.1    |
|    success_rate    | 0        |
| time/              |          |
|    total_timesteps | 80000    |
| train/             |          |
|    actor_loss      | -14.5    |
|    critic_loss     | 15       |
|    ent_coef        | 0.001    |
|    learning_rate   | 1e-05    |
|    n_updates       | 19499    |
---------------------------------
Eval num_timesteps=80000, episode_reward=-15.82 +/- 9.77
Episode length: 86.40 +/- 82.88
Success rate: 12.00%
---------------------------------
| eval/              |          |
|    mean_ep_length  | 86.4     |
|    mean_reward     | -15.8    |
|    success_rate    | 0.12     |
| time/              |          |
|    total_timesteps | 80000    |
---------------------------------
Eval num_timesteps=80000, episode_reward=-20.46 +/- 1.77
Episode length: 10.84 +/- 24.41
Success rate: 0.00%
---------------------------------
| eval/              |          |
|    mean_ep_length  | 10.8     |
|    mean_reward     | -20.5    |
|    success_rate    | 0        |
| time/              |          |
|    total_timesteps | 80000    |
---------------------------------
---------------------------------
| rollout/           |          |
|    ep_len_mean     | 97       |
|    ep_rew_mean     | -17      |
|    success_rate    | 0.06     |
| time/              |          |
|    episodes        | 812      |
|    fps             | 90       |
|    time_elapsed    | 891      |
|    total_timesteps | 80340    |
| train/             |          |
|    actor_loss      | -15.2    |
|    critic_loss     | 20.9     |
|    ent_coef        | 0.001    |
|    learning_rate   | 1e-05    |
|    n_updates       | 19584    |
---------------------------------
---------------------------------
| rollout/           |          |
|    ep_len_mean     | 102      |
|    ep_rew_mean     | -16.9    |
|    success_rate    | 0.06     |
| time/              |          |
|    episodes        | 816      |
|    fps             | 90       |
|    time_elapsed    | 895      |
|    total_timesteps | 81040    |
| train/             |          |
|    actor_loss      | -14.1    |
|    critic_loss     | 18.5     |
|    ent_coef        | 0.001    |
|    learning_rate   | 1e-05    |
|    n_updates       | 19759    |
---------------------------------
---------------------------------
| rollout/           |          |
|    ep_len_mean     | 102      |
|    ep_rew_mean     | -17      |
|    success_rate    | 0.06     |
| time/              |          |
|    episodes        | 820      |
|    fps             | 90       |
|    time_elapsed    | 897      |
|    total_timesteps | 81268    |
| train/             |          |
|    actor_loss      | -12.4    |
|    critic_loss     | 85.2     |
|    ent_coef        | 0.001    |
|    learning_rate   | 1e-05    |
|    n_updates       | 19816    |
---------------------------------
---------------------------------
| rollout/           |          |
|    ep_len_mean     | 102      |
|    ep_rew_mean     | -17      |
|    success_rate    | 0.05     |
| time/              |          |
|    episodes        | 824      |
|    fps             | 90       |
|    time_elapsed    | 898      |
|    total_timesteps | 81376    |
| train/             |          |
|    actor_loss      | -14.2    |
|    critic_loss     | 30.7     |
|    ent_coef        | 0.001    |
|    learning_rate   | 1e-05    |
|    n_updates       | 19843    |
---------------------------------
---------------------------------
| rollout/           |          |
|    ep_len_mean     | 108      |
|    ep_rew_mean     | -16.5    |
|    success_rate    | 0.05     |
| time/              |          |
|    episodes        | 828      |
|    fps             | 90       |
|    time_elapsed    | 902      |
|    total_timesteps | 82076    |
| train/             |          |
|    actor_loss      | -13.2    |
|    critic_loss     | 20       |
|    ent_coef        | 0.001    |
|    learning_rate   | 1e-05    |
|    n_updates       | 20018    |
---------------------------------
---------------------------------
| rollout/           |          |
|    ep_len_mean     | 107      |
|    ep_rew_mean     | -17      |
|    success_rate    | 0.04     |
| time/              |          |
|    episodes        | 832      |
|    fps             | 91       |
|    time_elapsed    | 905      |
|    total_timesteps | 82612    |
| train/             |          |
|    actor_loss      | -14.9    |
|    critic_loss     | 15.8     |
|    ent_coef        | 0.001    |
|    learning_rate   | 1e-05    |
|    n_updates       | 20152    |
---------------------------------
---------------------------------
| rollout/           |          |
|    ep_len_mean     | 105      |
|    ep_rew_mean     | -16.5    |
|    success_rate    | 0.05     |
| time/              |          |
|    episodes        | 836      |
|    fps             | 91       |
|    time_elapsed    | 906      |
|    total_timesteps | 82792    |
| train/             |          |
|    actor_loss      | -14.7    |
|    critic_loss     | 30.6     |
|    ent_coef        | 0.001    |
|    learning_rate   | 1e-05    |
|    n_updates       | 20197    |
---------------------------------
---------------------------------
| rollout/           |          |
|    ep_len_mean     | 105      |
|    ep_rew_mean     | -16.1    |
|    success_rate    | 0.05     |
| time/              |          |
|    episodes        | 840      |
|    fps             | 91       |
|    time_elapsed    | 910      |
|    total_timesteps | 83492    |
| train/             |          |
|    actor_loss      | -13.8    |
|    critic_loss     | 18.3     |
|    ent_coef        | 0.001    |
|    learning_rate   | 1e-05    |
|    n_updates       | 20372    |
---------------------------------
---------------------------------
| rollout/           |          |
|    ep_len_mean     | 104      |
|    ep_rew_mean     | -15.9    |
|    success_rate    | 0.06     |
| time/              |          |
|    episodes        | 844      |
|    fps             | 91       |
|    time_elapsed    | 914      |
|    total_timesteps | 84132    |
| train/             |          |
|    actor_loss      | -13.1    |
|    critic_loss     | 20       |
|    ent_coef        | 0.001    |
|    learning_rate   | 1e-05    |
|    n_updates       | 20532    |
---------------------------------
---------------------------------
| rollout/           |          |
|    ep_len_mean     | 104      |
|    ep_rew_mean     | -15.4    |
|    success_rate    | 0.08     |
| time/              |          |
|    episodes        | 848      |
|    fps             | 91       |
|    time_elapsed    | 915      |
|    total_timesteps | 84240    |
| train/             |          |
|    actor_loss      | -14.3    |
|    critic_loss     | 20.6     |
|    ent_coef        | 0.001    |
|    learning_rate   | 1e-05    |
|    n_updates       | 20559    |
---------------------------------
---------------------------------
| rollout/           |          |
|    ep_len_mean     | 104      |
|    ep_rew_mean     | -15.4    |
|    success_rate    | 0.08     |
| time/              |          |
|    episodes        | 852      |
|    fps             | 92       |
|    time_elapsed    | 919      |
|    total_timesteps | 84892    |
| train/             |          |
|    actor_loss      | -15.1    |
|    critic_loss     | 20       |
|    ent_coef        | 0.001    |
|    learning_rate   | 1e-05    |
|    n_updates       | 20722    |
---------------------------------
---------------------------------
| rollout/           |          |
|    ep_len_mean     | 104      |
|    ep_rew_mean     | -15.5    |
|    success_rate    | 0.08     |
| time/              |          |
|    episodes        | 856      |
|    fps             | 92       |
|    time_elapsed    | 920      |
|    total_timesteps | 84956    |
| train/             |          |
|    actor_loss      | -14.4    |
|    critic_loss     | 14.2     |
|    ent_coef        | 0.001    |
|    learning_rate   | 1e-05    |
|    n_updates       | 20738    |
---------------------------------
---------------------------------
| rollout/           |          |
|    ep_len_mean     | 102      |
|    ep_rew_mean     | -15.3    |
|    success_rate    | 0.08     |
| time/              |          |
|    episodes        | 860      |
|    fps             | 92       |
|    time_elapsed    | 921      |
|    total_timesteps | 85024    |
| train/             |          |
|    actor_loss      | -12.7    |
|    critic_loss     | 21.8     |
|    ent_coef        | 0.001    |
|    learning_rate   | 1e-05    |
|    n_updates       | 20755    |
---------------------------------
---------------------------------
| rollout/           |          |
|    ep_len_mean     | 104      |
|    ep_rew_mean     | -15.2    |
|    success_rate    | 0.08     |
| time/              |          |
|    episodes        | 864      |
|    fps             | 92       |
|    time_elapsed    | 925      |
|    total_timesteps | 85696    |
| train/             |          |
|    actor_loss      | -13.9    |
|    critic_loss     | 56.8     |
|    ent_coef        | 0.001    |
|    learning_rate   | 1e-05    |
|    n_updates       | 20923    |
---------------------------------
---------------------------------
| rollout/           |          |
|    ep_len_mean     | 103      |
|    ep_rew_mean     | -15.1    |
|    success_rate    | 0.08     |
| time/              |          |
|    episodes        | 868      |
|    fps             | 92       |
|    time_elapsed    | 926      |
|    total_timesteps | 85748    |
| train/             |          |
|    actor_loss      | -14      |
|    critic_loss     | 32.7     |
|    ent_coef        | 0.001    |
|    learning_rate   | 1e-05    |
|    n_updates       | 20936    |
---------------------------------
---------------------------------
| rollout/           |          |
|    ep_len_mean     | 104      |
|    ep_rew_mean     | -14.7    |
|    success_rate    | 0.09     |
| time/              |          |
|    episodes        | 872      |
|    fps             | 92       |
|    time_elapsed    | 929      |
|    total_timesteps | 86368    |
| train/             |          |
|    actor_loss      | -15.1    |
|    critic_loss     | 28.6     |
|    ent_coef        | 0.001    |
|    learning_rate   | 1e-05    |
|    n_updates       | 21091    |
---------------------------------
---------------------------------
| rollout/           |          |
|    ep_len_mean     | 107      |
|    ep_rew_mean     | -15      |
|    success_rate    | 0.07     |
| time/              |          |
|    episodes        | 876      |
|    fps             | 92       |
|    time_elapsed    | 931      |
|    total_timesteps | 86632    |
| train/             |          |
|    actor_loss      | -13.7    |
|    critic_loss     | 26.4     |
|    ent_coef        | 0.001    |
|    learning_rate   | 1e-05    |
|    n_updates       | 21157    |
---------------------------------
---------------------------------
| rollout/           |          |
|    ep_len_mean     | 107      |
|    ep_rew_mean     | -14.7    |
|    success_rate    | 0.07     |
| time/              |          |
|    episodes        | 880      |
|    fps             | 93       |
|    time_elapsed    | 935      |
|    total_timesteps | 87164    |
| train/             |          |
|    actor_loss      | -13.5    |
|    critic_loss     | 15.4     |
|    ent_coef        | 0.001    |
|    learning_rate   | 1e-05    |
|    n_updates       | 21290    |
---------------------------------
---------------------------------
| rollout/           |          |
|    ep_len_mean     | 105      |
|    ep_rew_mean     | -14.9    |
|    success_rate    | 0.07     |
| time/              |          |
|    episodes        | 884      |
|    fps             | 93       |
|    time_elapsed    | 939      |
|    total_timesteps | 87864    |
| train/             |          |
|    actor_loss      | -14.3    |
|    critic_loss     | 30.5     |
|    ent_coef        | 0.001    |
|    learning_rate   | 1e-05    |
|    n_updates       | 21465    |
---------------------------------
---------------------------------
| rollout/           |          |
|    ep_len_mean     | 107      |
|    ep_rew_mean     | -14.5    |
|    success_rate    | 0.08     |
| time/              |          |
|    episodes        | 888      |
|    fps             | 93       |
|    time_elapsed    | 940      |
|    total_timesteps | 88048    |
| train/             |          |
|    actor_loss      | -14.9    |
|    critic_loss     | 56.7     |
|    ent_coef        | 0.001    |
|    learning_rate   | 1e-05    |
|    n_updates       | 21511    |
---------------------------------
---------------------------------
| rollout/           |          |
|    ep_len_mean     | 105      |
|    ep_rew_mean     | -14.9    |
|    success_rate    | 0.08     |
| time/              |          |
|    episodes        | 892      |
|    fps             | 93       |
|    time_elapsed    | 944      |
|    total_timesteps | 88584    |
| train/             |          |
|    actor_loss      | -14.2    |
|    critic_loss     | 18.7     |
|    ent_coef        | 0.001    |
|    learning_rate   | 1e-05    |
|    n_updates       | 21645    |
---------------------------------
---------------------------------
| rollout/           |          |
|    ep_len_mean     | 105      |
|    ep_rew_mean     | -14.7    |
|    success_rate    | 0.09     |
| time/              |          |
|    episodes        | 896      |
|    fps             | 93       |
|    time_elapsed    | 946      |
|    total_timesteps | 88856    |
| train/             |          |
|    actor_loss      | -12.2    |
|    critic_loss     | 17.8     |
|    ent_coef        | 0.001    |
|    learning_rate   | 1e-05    |
|    n_updates       | 21713    |
---------------------------------
---------------------------------
| rollout/           |          |
|    ep_len_mean     | 106      |
|    ep_rew_mean     | -14.8    |
|    success_rate    | 0.08     |
| time/              |          |
|    episodes        | 900      |
|    fps             | 94       |
|    time_elapsed    | 949      |
|    total_timesteps | 89380    |
| train/             |          |
|    actor_loss      | -13.7    |
|    critic_loss     | 38       |
|    ent_coef        | 0.001    |
|    learning_rate   | 1e-05    |
|    n_updates       | 21844    |
---------------------------------
Eval num_timesteps=90000, episode_reward=-10.84 +/- 8.90
Episode length: 171.58 +/- 23.94
Success rate: 2.00%
---------------------------------
| eval/              |          |
|    mean_ep_length  | 172      |
|    mean_reward     | -10.8    |
|    success_rate    | 0.02     |
| time/              |          |
|    total_timesteps | 90000    |
| train/             |          |
|    actor_loss      | -14.5    |
|    critic_loss     | 23.1     |
|    ent_coef        | 0.001    |
|    learning_rate   | 1e-05    |
|    n_updates       | 21999    |
---------------------------------
Eval num_timesteps=90000, episode_reward=-14.47 +/- 10.76
Episode length: 98.10 +/- 83.51
Success rate: 16.00%
---------------------------------
| eval/              |          |
|    mean_ep_length  | 98.1     |
|    mean_reward     | -14.5    |
|    success_rate    | 0.16     |
| time/              |          |
|    total_timesteps | 90000    |
---------------------------------
Eval num_timesteps=90000, episode_reward=-20.04 +/- 3.80
Episode length: 22.68 +/- 45.53
Success rate: 0.00%
---------------------------------
| eval/              |          |
|    mean_ep_length  | 22.7     |
|    mean_reward     | -20      |
|    success_rate    | 0        |
| time/              |          |
|    total_timesteps | 90000    |
---------------------------------
New best mean reward!
---------------------------------
| rollout/           |          |
|    ep_len_mean     | 108      |
|    ep_rew_mean     | -14.8    |
|    success_rate    | 0.08     |
| time/              |          |
|    episodes        | 904      |
|    fps             | 89       |
|    time_elapsed    | 1005     |
|    total_timesteps | 90080    |
| train/             |          |
|    actor_loss      | -11.3    |
|    critic_loss     | 28.6     |
|    ent_coef        | 0.001    |
|    learning_rate   | 1e-05    |
|    n_updates       | 22019    |
---------------------------------
---------------------------------
| rollout/           |          |
|    ep_len_mean     | 110      |
|    ep_rew_mean     | -14.5    |
|    success_rate    | 0.08     |
| time/              |          |
|    episodes        | 908      |
|    fps             | 89       |
|    time_elapsed    | 1009     |
|    total_timesteps | 90780    |
| train/             |          |
|    actor_loss      | -14.6    |
|    critic_loss     | 17.5     |
|    ent_coef        | 0.001    |
|    learning_rate   | 1e-05    |
|    n_updates       | 22194    |
---------------------------------
---------------------------------
| rollout/           |          |
|    ep_len_mean     | 106      |
|    ep_rew_mean     | -14.1    |
|    success_rate    | 0.09     |
| time/              |          |
|    episodes        | 912      |
|    fps             | 89       |
|    time_elapsed    | 1010     |
|    total_timesteps | 90860    |
| train/             |          |
|    actor_loss      | -12.1    |
|    critic_loss     | 24.3     |
|    ent_coef        | 0.001    |
|    learning_rate   | 1e-05    |
|    n_updates       | 22214    |
---------------------------------
---------------------------------
| rollout/           |          |
|    ep_len_mean     | 103      |
|    ep_rew_mean     | -14      |
|    success_rate    | 0.09     |
| time/              |          |
|    episodes        | 916      |
|    fps             | 90       |
|    time_elapsed    | 1013     |
|    total_timesteps | 91404    |
| train/             |          |
|    actor_loss      | -14.6    |
|    critic_loss     | 18.6     |
|    ent_coef        | 0.001    |
|    learning_rate   | 1e-05    |
|    n_updates       | 22350    |
---------------------------------
---------------------------------
| rollout/           |          |
|    ep_len_mean     | 104      |
|    ep_rew_mean     | -13.5    |
|    success_rate    | 0.11     |
| time/              |          |
|    episodes        | 920      |
|    fps             | 90       |
|    time_elapsed    | 1015     |
|    total_timesteps | 91600    |
| train/             |          |
|    actor_loss      | -12.3    |
|    critic_loss     | 18.4     |
|    ent_coef        | 0.001    |
|    learning_rate   | 1e-05    |
|    n_updates       | 22399    |
---------------------------------
---------------------------------
| rollout/           |          |
|    ep_len_mean     | 103      |
|    ep_rew_mean     | -13.6    |
|    success_rate    | 0.11     |
| time/              |          |
|    episodes        | 924      |
|    fps             | 90       |
|    time_elapsed    | 1016     |
|    total_timesteps | 91776    |
| train/             |          |
|    actor_loss      | -13.2    |
|    critic_loss     | 24.8     |
|    ent_coef        | 0.001    |
|    learning_rate   | 1e-05    |
|    n_updates       | 22443    |
---------------------------------
---------------------------------
| rollout/           |          |
|    ep_len_mean     | 99.4     |
|    ep_rew_mean     | -13.6    |
|    success_rate    | 0.12     |
| time/              |          |
|    episodes        | 928      |
|    fps             | 90       |
|    time_elapsed    | 1019     |
|    total_timesteps | 92232    |
| train/             |          |
|    actor_loss      | -13.1    |
|    critic_loss     | 13.5     |
|    ent_coef        | 0.001    |
|    learning_rate   | 1e-05    |
|    n_updates       | 22557    |
---------------------------------
---------------------------------
| rollout/           |          |
|    ep_len_mean     | 103      |
|    ep_rew_mean     | -13.4    |
|    success_rate    | 0.12     |
| time/              |          |
|    episodes        | 932      |
|    fps             | 90       |
|    time_elapsed    | 1023     |
|    total_timesteps | 92804    |
| train/             |          |
|    actor_loss      | -13.3    |
|    critic_loss     | 14.9     |
|    ent_coef        | 0.001    |
|    learning_rate   | 1e-05    |
|    n_updates       | 22700    |
---------------------------------
---------------------------------
| rollout/           |          |
|    ep_len_mean     | 103      |
|    ep_rew_mean     | -13.6    |
|    success_rate    | 0.12     |
| time/              |          |
|    episodes        | 936      |
|    fps             | 90       |
|    time_elapsed    | 1025     |
|    total_timesteps | 93176    |
| train/             |          |
|    actor_loss      | -14.1    |
|    critic_loss     | 13.8     |
|    ent_coef        | 0.001    |
|    learning_rate   | 1e-05    |
|    n_updates       | 22793    |
---------------------------------
---------------------------------
| rollout/           |          |
|    ep_len_mean     | 99.3     |
|    ep_rew_mean     | -13.8    |
|    success_rate    | 0.12     |
| time/              |          |
|    episodes        | 940      |
|    fps             | 91       |
|    time_elapsed    | 1029     |
|    total_timesteps | 93664    |
| train/             |          |
|    actor_loss      | -14.2    |
|    critic_loss     | 49.3     |
|    ent_coef        | 0.001    |
|    learning_rate   | 1e-05    |
|    n_updates       | 22915    |
---------------------------------
---------------------------------
| rollout/           |          |
|    ep_len_mean     | 104      |
|    ep_rew_mean     | -13.6    |
|    success_rate    | 0.11     |
| time/              |          |
|    episodes        | 944      |
|    fps             | 91       |
|    time_elapsed    | 1033     |
|    total_timesteps | 94364    |
| train/             |          |
|    actor_loss      | -11.7    |
|    critic_loss     | 22       |
|    ent_coef        | 0.001    |
|    learning_rate   | 1e-05    |
|    n_updates       | 23090    |
---------------------------------
---------------------------------
| rollout/           |          |
|    ep_len_mean     | 104      |
|    ep_rew_mean     | -14.1    |
|    success_rate    | 0.1      |
| time/              |          |
|    episodes        | 948      |
|    fps             | 91       |
|    time_elapsed    | 1035     |
|    total_timesteps | 94576    |
| train/             |          |
|    actor_loss      | -12.6    |
|    critic_loss     | 15       |
|    ent_coef        | 0.001    |
|    learning_rate   | 1e-05    |
|    n_updates       | 23143    |
---------------------------------
---------------------------------
| rollout/           |          |
|    ep_len_mean     | 105      |
|    ep_rew_mean     | -13.7    |
|    success_rate    | 0.1      |
| time/              |          |
|    episodes        | 952      |
|    fps             | 91       |
|    time_elapsed    | 1039     |
|    total_timesteps | 95212    |
| train/             |          |
|    actor_loss      | -13.9    |
|    critic_loss     | 13.6     |
|    ent_coef        | 0.001    |
|    learning_rate   | 1e-05    |
|    n_updates       | 23302    |
---------------------------------
---------------------------------
| rollout/           |          |
|    ep_len_mean     | 106      |
|    ep_rew_mean     | -13.7    |
|    success_rate    | 0.1      |
| time/              |          |
|    episodes        | 956      |
|    fps             | 91       |
|    time_elapsed    | 1042     |
|    total_timesteps | 95736    |
| train/             |          |
|    actor_loss      | -11.7    |
|    critic_loss     | 14.4     |
|    ent_coef        | 0.001    |
|    learning_rate   | 1e-05    |
|    n_updates       | 23433    |
---------------------------------
---------------------------------
| rollout/           |          |
|    ep_len_mean     | 111      |
|    ep_rew_mean     | -13.6    |
|    success_rate    | 0.1      |
| time/              |          |
|    episodes        | 960      |
|    fps             | 92       |
|    time_elapsed    | 1046     |
|    total_timesteps | 96436    |
| train/             |          |
|    actor_loss      | -13.6    |
|    critic_loss     | 14.8     |
|    ent_coef        | 0.001    |
|    learning_rate   | 1e-05    |
|    n_updates       | 23608    |
---------------------------------
---------------------------------
| rollout/           |          |
|    ep_len_mean     | 109      |
|    ep_rew_mean     | -13.4    |
|    success_rate    | 0.11     |
| time/              |          |
|    episodes        | 964      |
|    fps             | 92       |
|    time_elapsed    | 1049     |
|    total_timesteps | 96752    |
| train/             |          |
|    actor_loss      | -13.5    |
|    critic_loss     | 27.8     |
|    ent_coef        | 0.001    |
|    learning_rate   | 1e-05    |
|    n_updates       | 23687    |
---------------------------------
---------------------------------
| rollout/           |          |
|    ep_len_mean     | 114      |
|    ep_rew_mean     | -13.5    |
|    success_rate    | 0.1      |
| time/              |          |
|    episodes        | 968      |
|    fps             | 92       |
|    time_elapsed    | 1052     |
|    total_timesteps | 97220    |
| train/             |          |
|    actor_loss      | -13.7    |
|    critic_loss     | 31.1     |
|    ent_coef        | 0.001    |
|    learning_rate   | 1e-05    |
|    n_updates       | 23804    |
---------------------------------
---------------------------------
| rollout/           |          |
|    ep_len_mean     | 117      |
|    ep_rew_mean     | -13.9    |
|    success_rate    | 0.09     |
| time/              |          |
|    episodes        | 972      |
|    fps             | 92       |
|    time_elapsed    | 1056     |
|    total_timesteps | 97920    |
| train/             |          |
|    actor_loss      | -15.4    |
|    critic_loss     | 45.4     |
|    ent_coef        | 0.001    |
|    learning_rate   | 1e-05    |
|    n_updates       | 23979    |
---------------------------------
---------------------------------
| rollout/           |          |
|    ep_len_mean     | 117      |
|    ep_rew_mean     | -14.2    |
|    success_rate    | 0.09     |
| time/              |          |
|    episodes        | 976      |
|    fps             | 92       |
|    time_elapsed    | 1060     |
|    total_timesteps | 98536    |
| train/             |          |
|    actor_loss      | -14      |
|    critic_loss     | 18.6     |
|    ent_coef        | 0.001    |
|    learning_rate   | 1e-05    |
|    n_updates       | 24133    |
---------------------------------
---------------------------------
| rollout/           |          |
|    ep_len_mean     | 119      |
|    ep_rew_mean     | -14.2    |
|    success_rate    | 0.09     |
| time/              |          |
|    episodes        | 980      |
|    fps             | 93       |
|    time_elapsed    | 1064     |
|    total_timesteps | 99236    |
| train/             |          |
|    actor_loss      | -13.5    |
|    critic_loss     | 13.9     |
|    ent_coef        | 0.001    |
|    learning_rate   | 1e-05    |
|    n_updates       | 24308    |
---------------------------------
---------------------------------
| rollout/           |          |
|    ep_len_mean     | 117      |
|    ep_rew_mean     | -14      |
|    success_rate    | 0.09     |
| time/              |          |
|    episodes        | 984      |
|    fps             | 93       |
|    time_elapsed    | 1066     |
|    total_timesteps | 99392    |
| train/             |          |
|    actor_loss      | -13.9    |
|    critic_loss     | 32.9     |
|    ent_coef        | 0.001    |
|    learning_rate   | 1e-05    |
|    n_updates       | 24347    |
---------------------------------
---------------------------------
| rollout/           |          |
|    ep_len_mean     | 116      |
|    ep_rew_mean     | -13.8    |
|    success_rate    | 0.1      |
| time/              |          |
|    episodes        | 988      |
|    fps             | 93       |
|    time_elapsed    | 1068     |
|    total_timesteps | 99848    |
| train/             |          |
|    actor_loss      | -12.9    |
|    critic_loss     | 19.8     |
|    ent_coef        | 0.001    |
|    learning_rate   | 1e-05    |
|    n_updates       | 24461    |
---------------------------------
Eval num_timesteps=100000, episode_reward=-11.26 +/- 7.89
Episode length: 175.00 +/- 0.00
Success rate: 0.00%
---------------------------------
| eval/              |          |
|    mean_ep_length  | 175      |
|    mean_reward     | -11.3    |
|    success_rate    | 0        |
| time/              |          |
|    total_timesteps | 100000   |
| train/             |          |
|    actor_loss      | -12.4    |
|    critic_loss     | 51.3     |
|    ent_coef        | 0.001    |
|    learning_rate   | 1e-05    |
|    n_updates       | 24499    |
---------------------------------
Eval num_timesteps=100000, episode_reward=-15.47 +/- 8.98
Episode length: 89.54 +/- 83.74
Success rate: 10.00%
---------------------------------
| eval/              |          |
|    mean_ep_length  | 89.5     |
|    mean_reward     | -15.5    |
|    success_rate    | 0.1      |
| time/              |          |
|    total_timesteps | 100000   |
---------------------------------
Eval num_timesteps=100000, episode_reward=-20.24 +/- 3.26
Episode length: 23.66 +/- 47.00
Success rate: 0.00%
---------------------------------
| eval/              |          |
|    mean_ep_length  | 23.7     |
|    mean_reward     | -20.2    |
|    success_rate    | 0        |
| time/              |          |
|    total_timesteps | 100000   |
---------------------------------
---------------------------------
| rollout/           |          |
|    ep_len_mean     | 118      |
|    ep_rew_mean     | -13.2    |
|    success_rate    | 0.1      |
| time/              |          |
|    episodes        | 992      |
|    fps             | 89       |
|    time_elapsed    | 1121     |
|    total_timesteps | 100124   |
| train/             |          |
|    actor_loss      | -14.4    |
|    critic_loss     | 18.2     |
|    ent_coef        | 0.001    |
|    learning_rate   | 1e-05    |
|    n_updates       | 24530    |
---------------------------------
---------------------------------
| rollout/           |          |
|    ep_len_mean     | 119      |
|    ep_rew_mean     | -13.3    |
|    success_rate    | 0.09     |
| time/              |          |
|    episodes        | 996      |
|    fps             | 89       |
|    time_elapsed    | 1125     |
|    total_timesteps | 100824   |
| train/             |          |
|    actor_loss      | -10.7    |
|    critic_loss     | 45.2     |
|    ent_coef        | 0.001    |
|    learning_rate   | 1e-05    |
|    n_updates       | 24705    |
---------------------------------
---------------------------------
| rollout/           |          |
|    ep_len_mean     | 117      |
|    ep_rew_mean     | -13.1    |
|    success_rate    | 0.1      |
| time/              |          |
|    episodes        | 1000     |
|    fps             | 89       |
|    time_elapsed    | 1127     |
|    total_timesteps | 100980   |
| train/             |          |
|    actor_loss      | -12.3    |
|    critic_loss     | 21.7     |
|    ent_coef        | 0.001    |
|    learning_rate   | 1e-05    |
|    n_updates       | 24744    |
---------------------------------
---------------------------------
| rollout/           |          |
|    ep_len_mean     | 117      |
|    ep_rew_mean     | -12.9    |
|    success_rate    | 0.1      |
| time/              |          |
|    episodes        | 1004     |
|    fps             | 89       |
|    time_elapsed    | 1131     |
|    total_timesteps | 101680   |
| train/             |          |
|    actor_loss      | -14.5    |
|    critic_loss     | 26.6     |
|    ent_coef        | 0.001    |
|    learning_rate   | 1e-05    |
|    n_updates       | 24919    |
---------------------------------
---------------------------------
| rollout/           |          |
|    ep_len_mean     | 117      |
|    ep_rew_mean     | -12.7    |
|    success_rate    | 0.1      |
| time/              |          |
|    episodes        | 1008     |
|    fps             | 90       |
|    time_elapsed    | 1135     |
|    total_timesteps | 102380   |
| train/             |          |
|    actor_loss      | -14      |
|    critic_loss     | 18       |
|    ent_coef        | 0.001    |
|    learning_rate   | 1e-05    |
|    n_updates       | 25094    |
---------------------------------
---------------------------------
| rollout/           |          |
|    ep_len_mean     | 122      |
|    ep_rew_mean     | -12.7    |
|    success_rate    | 0.09     |
| time/              |          |
|    episodes        | 1012     |
|    fps             | 90       |
|    time_elapsed    | 1139     |
|    total_timesteps | 103080   |
| train/             |          |
|    actor_loss      | -14      |
|    critic_loss     | 11.4     |
|    ent_coef        | 0.001    |
|    learning_rate   | 1e-05    |
|    n_updates       | 25269    |
---------------------------------
---------------------------------
| rollout/           |          |
|    ep_len_mean     | 122      |
|    ep_rew_mean     | -12.6    |
|    success_rate    | 0.1      |
| time/              |          |
|    episodes        | 1016     |
|    fps             | 90       |
|    time_elapsed    | 1143     |
|    total_timesteps | 103624   |
| train/             |          |
|    actor_loss      | -14      |
|    critic_loss     | 18.6     |
|    ent_coef        | 0.001    |
|    learning_rate   | 1e-05    |
|    n_updates       | 25405    |
---------------------------------
---------------------------------
| rollout/           |          |
|    ep_len_mean     | 121      |
|    ep_rew_mean     | -13.1    |
|    success_rate    | 0.08     |
| time/              |          |
|    episodes        | 1020     |
|    fps             | 90       |
|    time_elapsed    | 1143     |
|    total_timesteps | 103660   |
| train/             |          |
|    actor_loss      | -12.8    |
|    critic_loss     | 31.5     |
|    ent_coef        | 0.001    |
|    learning_rate   | 1e-05    |
|    n_updates       | 25414    |
---------------------------------
---------------------------------
| rollout/           |          |
|    ep_len_mean     | 122      |
|    ep_rew_mean     | -13      |
|    success_rate    | 0.08     |
| time/              |          |
|    episodes        | 1024     |
|    fps             | 90       |
|    time_elapsed    | 1146     |
|    total_timesteps | 104084   |
| train/             |          |
|    actor_loss      | -13.6    |
|    critic_loss     | 20.4     |
|    ent_coef        | 0.001    |
|    learning_rate   | 1e-05    |
|    n_updates       | 25520    |
---------------------------------
---------------------------------
| rollout/           |          |
|    ep_len_mean     | 126      |
|    ep_rew_mean     | -13      |
|    success_rate    | 0.07     |
| time/              |          |
|    episodes        | 1028     |
|    fps             | 91       |
|    time_elapsed    | 1150     |
|    total_timesteps | 104784   |
| train/             |          |
|    actor_loss      | -12.7    |
|    critic_loss     | 18       |
|    ent_coef        | 0.001    |
|    learning_rate   | 1e-05    |
|    n_updates       | 25695    |
---------------------------------
---------------------------------
| rollout/           |          |
|    ep_len_mean     | 127      |
|    ep_rew_mean     | -12.9    |
|    success_rate    | 0.07     |
| time/              |          |
|    episodes        | 1032     |
|    fps             | 91       |
|    time_elapsed    | 1154     |
|    total_timesteps | 105484   |
| train/             |          |
|    actor_loss      | -14.3    |
|    critic_loss     | 14.5     |
|    ent_coef        | 0.001    |
|    learning_rate   | 1e-05    |
|    n_updates       | 25870    |
---------------------------------
---------------------------------
| rollout/           |          |
|    ep_len_mean     | 127      |
|    ep_rew_mean     | -12.8    |
|    success_rate    | 0.07     |
| time/              |          |
|    episodes        | 1036     |
|    fps             | 91       |
|    time_elapsed    | 1157     |
|    total_timesteps | 105880   |
| train/             |          |
|    actor_loss      | -12.9    |
|    critic_loss     | 12.2     |
|    ent_coef        | 0.001    |
|    learning_rate   | 1e-05    |
|    n_updates       | 25969    |
---------------------------------
---------------------------------
| rollout/           |          |
|    ep_len_mean     | 131      |
|    ep_rew_mean     | -12.9    |
|    success_rate    | 0.07     |
| time/              |          |
|    episodes        | 1040     |
|    fps             | 91       |
|    time_elapsed    | 1161     |
|    total_timesteps | 106580   |
| train/             |          |
|    actor_loss      | -12.3    |
|    critic_loss     | 21.6     |
|    ent_coef        | 0.001    |
|    learning_rate   | 1e-05    |
|    n_updates       | 26144    |
---------------------------------
---------------------------------
| rollout/           |          |
|    ep_len_mean     | 129      |
|    ep_rew_mean     | -12.9    |
|    success_rate    | 0.08     |
| time/              |          |
|    episodes        | 1044     |
|    fps             | 92       |
|    time_elapsed    | 1164     |
|    total_timesteps | 107184   |
| train/             |          |
|    actor_loss      | -13.5    |
|    critic_loss     | 12.8     |
|    ent_coef        | 0.001    |
|    learning_rate   | 1e-05    |
|    n_updates       | 26295    |
---------------------------------
---------------------------------
| rollout/           |          |
|    ep_len_mean     | 132      |
|    ep_rew_mean     | -12.8    |
|    success_rate    | 0.07     |
| time/              |          |
|    episodes        | 1048     |
|    fps             | 92       |
|    time_elapsed    | 1169     |
|    total_timesteps | 107884   |
| train/             |          |
|    actor_loss      | -12.6    |
|    critic_loss     | 18.2     |
|    ent_coef        | 0.001    |
|    learning_rate   | 1e-05    |
|    n_updates       | 26470    |
---------------------------------
---------------------------------
| rollout/           |          |
|    ep_len_mean     | 131      |
|    ep_rew_mean     | -12.9    |
|    success_rate    | 0.07     |
| time/              |          |
|    episodes        | 1052     |
|    fps             | 92       |
|    time_elapsed    | 1171     |
|    total_timesteps | 108328   |
| train/             |          |
|    actor_loss      | -12.3    |
|    critic_loss     | 15.7     |
|    ent_coef        | 0.001    |
|    learning_rate   | 1e-05    |
|    n_updates       | 26581    |
---------------------------------
---------------------------------
| rollout/           |          |
|    ep_len_mean     | 134      |
|    ep_rew_mean     | -12.5    |
|    success_rate    | 0.07     |
| time/              |          |
|    episodes        | 1056     |
|    fps             | 92       |
|    time_elapsed    | 1176     |
|    total_timesteps | 109028   |
| train/             |          |
|    actor_loss      | -14.2    |
|    critic_loss     | 11.1     |
|    ent_coef        | 0.001    |
|    learning_rate   | 1e-05    |
|    n_updates       | 26756    |
---------------------------------
---------------------------------
| rollout/           |          |
|    ep_len_mean     | 130      |
|    ep_rew_mean     | -12.4    |
|    success_rate    | 0.08     |
| time/              |          |
|    episodes        | 1060     |
|    fps             | 92       |
|    time_elapsed    | 1178     |
|    total_timesteps | 109296   |
| train/             |          |
|    actor_loss      | -13.2    |
|    critic_loss     | 14.5     |
|    ent_coef        | 0.001    |
|    learning_rate   | 1e-05    |
|    n_updates       | 26823    |
---------------------------------
---------------------------------
| rollout/           |          |
|    ep_len_mean     | 130      |
|    ep_rew_mean     | -12.5    |
|    success_rate    | 0.07     |
| time/              |          |
|    episodes        | 1064     |
|    fps             | 92       |
|    time_elapsed    | 1181     |
|    total_timesteps | 109812   |
| train/             |          |
|    actor_loss      | -14.8    |
|    critic_loss     | 9.89     |
|    ent_coef        | 0.001    |
|    learning_rate   | 1e-05    |
|    n_updates       | 26952    |
---------------------------------
---------------------------------
| rollout/           |          |
|    ep_len_mean     | 128      |
|    ep_rew_mean     | -12.6    |
|    success_rate    | 0.07     |
| time/              |          |
|    episodes        | 1068     |
|    fps             | 93       |
|    time_elapsed    | 1182     |
|    total_timesteps | 109996   |
| train/             |          |
|    actor_loss      | -13.7    |
|    critic_loss     | 11.7     |
|    ent_coef        | 0.001    |
|    learning_rate   | 1e-05    |
|    n_updates       | 26998    |
---------------------------------
Eval num_timesteps=110000, episode_reward=-9.26 +/- 7.69
Episode length: 175.00 +/- 0.00
Success rate: 0.00%
---------------------------------
| eval/              |          |
|    mean_ep_length  | 175      |
|    mean_reward     | -9.26    |
|    success_rate    | 0        |
| time/              |          |
|    total_timesteps | 110000   |
| train/             |          |
|    actor_loss      | -13.5    |
|    critic_loss     | 35.9     |
|    ent_coef        | 0.001    |
|    learning_rate   | 1e-05    |
|    n_updates       | 26999    |
---------------------------------
Eval num_timesteps=110000, episode_reward=-11.49 +/- 12.88
Episode length: 45.48 +/- 66.70
Success rate: 30.00%
---------------------------------
| eval/              |          |
|    mean_ep_length  | 45.5     |
|    mean_reward     | -11.5    |
|    success_rate    | 0.3      |
| time/              |          |
|    total_timesteps | 110000   |
---------------------------------
Eval num_timesteps=110000, episode_reward=-18.96 +/- 4.54
Episode length: 48.48 +/- 71.61
Success rate: 0.00%
---------------------------------
| eval/              |          |
|    mean_ep_length  | 48.5     |
|    mean_reward     | -19      |
|    success_rate    | 0        |
| time/              |          |
|    total_timesteps | 110000   |
---------------------------------
New best mean reward!
---------------------------------
| rollout/           |          |
|    ep_len_mean     | 126      |
|    ep_rew_mean     | -12.2    |
|    success_rate    | 0.08     |
| time/              |          |
|    episodes        | 1072     |
|    fps             | 89       |
|    time_elapsed    | 1234     |
|    total_timesteps | 110568   |
| train/             |          |
|    actor_loss      | -11.9    |
|    critic_loss     | 19.9     |
|    ent_coef        | 0.001    |
|    learning_rate   | 1e-05    |
|    n_updates       | 27141    |
---------------------------------
---------------------------------
| rollout/           |          |
|    ep_len_mean     | 126      |
|    ep_rew_mean     | -12.3    |
|    success_rate    | 0.08     |
| time/              |          |
|    episodes        | 1076     |
|    fps             | 89       |
|    time_elapsed    | 1237     |
|    total_timesteps | 111112   |
| train/             |          |
|    actor_loss      | -13.6    |
|    critic_loss     | 13.3     |
|    ent_coef        | 0.001    |
|    learning_rate   | 1e-05    |
|    n_updates       | 27277    |
---------------------------------
---------------------------------
| rollout/           |          |
|    ep_len_mean     | 122      |
|    ep_rew_mean     | -12.3    |
|    success_rate    | 0.09     |
| time/              |          |
|    episodes        | 1080     |
|    fps             | 89       |
|    time_elapsed    | 1239     |
|    total_timesteps | 111268   |
| train/             |          |
|    actor_loss      | -11.6    |
|    critic_loss     | 12.2     |
|    ent_coef        | 0.001    |
|    learning_rate   | 1e-05    |
|    n_updates       | 27316    |
---------------------------------
---------------------------------
| rollout/           |          |
|    ep_len_mean     | 125      |
|    ep_rew_mean     | -12.4    |
|    success_rate    | 0.09     |
| time/              |          |
|    episodes        | 1084     |
|    fps             | 90       |
|    time_elapsed    | 1243     |
|    total_timesteps | 111968   |
| train/             |          |
|    actor_loss      | -12.5    |
|    critic_loss     | 20.8     |
|    ent_coef        | 0.001    |
|    learning_rate   | 1e-05    |
|    n_updates       | 27491    |
---------------------------------
---------------------------------
| rollout/           |          |
|    ep_len_mean     | 124      |
|    ep_rew_mean     | -12.8    |
|    success_rate    | 0.07     |
| time/              |          |
|    episodes        | 1088     |
|    fps             | 90       |
|    time_elapsed    | 1245     |
|    total_timesteps | 112188   |
| train/             |          |
|    actor_loss      | -12.3    |
|    critic_loss     | 23.6     |
|    ent_coef        | 0.001    |
|    learning_rate   | 1e-05    |
|    n_updates       | 27546    |
---------------------------------
---------------------------------
| rollout/           |          |
|    ep_len_mean     | 123      |
|    ep_rew_mean     | -12.6    |
|    success_rate    | 0.08     |
| time/              |          |
|    episodes        | 1092     |
|    fps             | 90       |
|    time_elapsed    | 1248     |
|    total_timesteps | 112680   |
| train/             |          |
|    actor_loss      | -13.7    |
|    critic_loss     | 24.7     |
|    ent_coef        | 0.001    |
|    learning_rate   | 1e-05    |
|    n_updates       | 27669    |
---------------------------------
---------------------------------
| rollout/           |          |
|    ep_len_mean     | 121      |
|    ep_rew_mean     | -12.5    |
|    success_rate    | 0.08     |
| time/              |          |
|    episodes        | 1096     |
|    fps             | 90       |
|    time_elapsed    | 1249     |
|    total_timesteps | 112904   |
| train/             |          |
|    actor_loss      | -13.8    |
|    critic_loss     | 42.2     |
|    ent_coef        | 0.001    |
|    learning_rate   | 1e-05    |
|    n_updates       | 27725    |
---------------------------------
---------------------------------
| rollout/           |          |
|    ep_len_mean     | 121      |
|    ep_rew_mean     | -12.9    |
|    success_rate    | 0.07     |
| time/              |          |
|    episodes        | 1100     |
|    fps             | 90       |
|    time_elapsed    | 1250     |
|    total_timesteps | 112952   |
| train/             |          |
|    actor_loss      | -11.2    |
|    critic_loss     | 20.3     |
|    ent_coef        | 0.001    |
|    learning_rate   | 1e-05    |
|    n_updates       | 27737    |
---------------------------------
---------------------------------
| rollout/           |          |
|    ep_len_mean     | 121      |
|    ep_rew_mean     | -13.3    |
|    success_rate    | 0.07     |
| time/              |          |
|    episodes        | 1104     |
|    fps             | 90       |
|    time_elapsed    | 1254     |
|    total_timesteps | 113652   |
| train/             |          |
|    actor_loss      | -13.6    |
|    critic_loss     | 13.4     |
|    ent_coef        | 0.001    |
|    learning_rate   | 1e-05    |
|    n_updates       | 27912    |
---------------------------------
---------------------------------
| rollout/           |          |
|    ep_len_mean     | 120      |
|    ep_rew_mean     | -13.3    |
|    success_rate    | 0.08     |
| time/              |          |
|    episodes        | 1108     |
|    fps             | 90       |
|    time_elapsed    | 1259     |
|    total_timesteps | 114352   |
| train/             |          |
|    actor_loss      | -13.9    |
|    critic_loss     | 12.2     |
|    ent_coef        | 0.001    |
|    learning_rate   | 1e-05    |
|    n_updates       | 28087    |
---------------------------------
---------------------------------
| rollout/           |          |
|    ep_len_mean     | 116      |
|    ep_rew_mean     | -13.6    |
|    success_rate    | 0.08     |
| time/              |          |
|    episodes        | 1112     |
|    fps             | 90       |
|    time_elapsed    | 1262     |
|    total_timesteps | 114788   |
| train/             |          |
|    actor_loss      | -13.1    |
|    critic_loss     | 17       |
|    ent_coef        | 0.001    |
|    learning_rate   | 1e-05    |
|    n_updates       | 28196    |
---------------------------------
---------------------------------
| rollout/           |          |
|    ep_len_mean     | 118      |
|    ep_rew_mean     | -13.6    |
|    success_rate    | 0.07     |
| time/              |          |
|    episodes        | 1116     |
|    fps             | 91       |
|    time_elapsed    | 1265     |
|    total_timesteps | 115368   |
| train/             |          |
|    actor_loss      | -13.7    |
|    critic_loss     | 19.4     |
|    ent_coef        | 0.001    |
|    learning_rate   | 1e-05    |
|    n_updates       | 28341    |
---------------------------------
---------------------------------
| rollout/           |          |
|    ep_len_mean     | 120      |
|    ep_rew_mean     | -13.1    |
|    success_rate    | 0.08     |
| time/              |          |
|    episodes        | 1120     |
|    fps             | 91       |
|    time_elapsed    | 1268     |
|    total_timesteps | 115752   |
| train/             |          |
|    actor_loss      | -12.9    |
|    critic_loss     | 16.7     |
|    ent_coef        | 0.001    |
|    learning_rate   | 1e-05    |
|    n_updates       | 28437    |
---------------------------------
---------------------------------
| rollout/           |          |
|    ep_len_mean     | 120      |
|    ep_rew_mean     | -13.2    |
|    success_rate    | 0.08     |
| time/              |          |
|    episodes        | 1124     |
|    fps             | 91       |
|    time_elapsed    | 1270     |
|    total_timesteps | 116068   |
| train/             |          |
|    actor_loss      | -11.6    |
|    critic_loss     | 14.9     |
|    ent_coef        | 0.001    |
|    learning_rate   | 1e-05    |
|    n_updates       | 28516    |
---------------------------------
---------------------------------
| rollout/           |          |
|    ep_len_mean     | 115      |
|    ep_rew_mean     | -13.5    |
|    success_rate    | 0.08     |
| time/              |          |
|    episodes        | 1128     |
|    fps             | 91       |
|    time_elapsed    | 1272     |
|    total_timesteps | 116332   |
| train/             |          |
|    actor_loss      | -13.3    |
|    critic_loss     | 26.4     |
|    ent_coef        | 0.001    |
|    learning_rate   | 1e-05    |
|    n_updates       | 28582    |
---------------------------------
---------------------------------
| rollout/           |          |
|    ep_len_mean     | 108      |
|    ep_rew_mean     | -13.9    |
|    success_rate    | 0.08     |
| time/              |          |
|    episodes        | 1132     |
|    fps             | 91       |
|    time_elapsed    | 1273     |
|    total_timesteps | 116372   |
| train/             |          |
|    actor_loss      | -13.4    |
|    critic_loss     | 12.8     |
|    ent_coef        | 0.001    |
|    learning_rate   | 1e-05    |
|    n_updates       | 28592    |
---------------------------------
---------------------------------
| rollout/           |          |
|    ep_len_mean     | 106      |
|    ep_rew_mean     | -14.2    |
|    success_rate    | 0.07     |
| time/              |          |
|    episodes        | 1136     |
|    fps             | 91       |
|    time_elapsed    | 1274     |
|    total_timesteps | 116472   |
| train/             |          |
|    actor_loss      | -15.1    |
|    critic_loss     | 10.9     |
|    ent_coef        | 0.001    |
|    learning_rate   | 1e-05    |
|    n_updates       | 28617    |
---------------------------------
---------------------------------
| rollout/           |          |
|    ep_len_mean     | 102      |
|    ep_rew_mean     | -13.9    |
|    success_rate    | 0.08     |
| time/              |          |
|    episodes        | 1140     |
|    fps             | 91       |
|    time_elapsed    | 1278     |
|    total_timesteps | 117096   |
| train/             |          |
|    actor_loss      | -12.8    |
|    critic_loss     | 9.55     |
|    ent_coef        | 0.001    |
|    learning_rate   | 1e-05    |
|    n_updates       | 28773    |
---------------------------------
---------------------------------
| rollout/           |          |
|    ep_len_mean     | 101      |
|    ep_rew_mean     | -14.3    |
|    success_rate    | 0.07     |
| time/              |          |
|    episodes        | 1144     |
|    fps             | 91       |
|    time_elapsed    | 1280     |
|    total_timesteps | 117284   |
| train/             |          |
|    actor_loss      | -14.5    |
|    critic_loss     | 9.03     |
|    ent_coef        | 0.001    |
|    learning_rate   | 1e-05    |
|    n_updates       | 28820    |
---------------------------------
---------------------------------
| rollout/           |          |
|    ep_len_mean     | 103      |
|    ep_rew_mean     | -14.3    |
|    success_rate    | 0.07     |
| time/              |          |
|    episodes        | 1148     |
|    fps             | 91       |
|    time_elapsed    | 1284     |
|    total_timesteps | 117984   |
| train/             |          |
|    actor_loss      | -13.2    |
|    critic_loss     | 8.74     |
|    ent_coef        | 0.001    |
|    learning_rate   | 1e-05    |
|    n_updates       | 28995    |
---------------------------------
---------------------------------
| rollout/           |          |
|    ep_len_mean     | 103      |
|    ep_rew_mean     | -14.4    |
|    success_rate    | 0.07     |
| time/              |          |
|    episodes        | 1152     |
|    fps             | 92       |
|    time_elapsed    | 1288     |
|    total_timesteps | 118580   |
| train/             |          |
|    actor_loss      | -13.7    |
|    critic_loss     | 11.7     |
|    ent_coef        | 0.001    |
|    learning_rate   | 1e-05    |
|    n_updates       | 29144    |
---------------------------------
---------------------------------
| rollout/           |          |
|    ep_len_mean     | 99.2     |
|    ep_rew_mean     | -14.7    |
|    success_rate    | 0.07     |
| time/              |          |
|    episodes        | 1156     |
|    fps             | 92       |
|    time_elapsed    | 1290     |
|    total_timesteps | 118768   |
| train/             |          |
|    actor_loss      | -16.9    |
|    critic_loss     | 12.4     |
|    ent_coef        | 0.001    |
|    learning_rate   | 1e-05    |
|    n_updates       | 29191    |
---------------------------------
---------------------------------
| rollout/           |          |
|    ep_len_mean     | 99       |
|    ep_rew_mean     | -14.8    |
|    success_rate    | 0.06     |
| time/              |          |
|    episodes        | 1160     |
|    fps             | 92       |
|    time_elapsed    | 1293     |
|    total_timesteps | 119280   |
| train/             |          |
|    actor_loss      | -13.3    |
|    critic_loss     | 38.3     |
|    ent_coef        | 0.001    |
|    learning_rate   | 1e-05    |
|    n_updates       | 29319    |
---------------------------------
---------------------------------
| rollout/           |          |
|    ep_len_mean     | 97.3     |
|    ep_rew_mean     | -15.1    |
|    success_rate    | 0.06     |
| time/              |          |
|    episodes        | 1164     |
|    fps             | 92       |
|    time_elapsed    | 1294     |
|    total_timesteps | 119424   |
| train/             |          |
|    actor_loss      | -15.4    |
|    critic_loss     | 12.2     |
|    ent_coef        | 0.001    |
|    learning_rate   | 1e-05    |
|    n_updates       | 29355    |
---------------------------------
---------------------------------
| rollout/           |          |
|    ep_len_mean     | 97.2     |
|    ep_rew_mean     | -15      |
|    success_rate    | 0.06     |
| time/              |          |
|    episodes        | 1168     |
|    fps             | 92       |
|    time_elapsed    | 1297     |
|    total_timesteps | 119912   |
| train/             |          |
|    actor_loss      | -16.6    |
|    critic_loss     | 19.3     |
|    ent_coef        | 0.001    |
|    learning_rate   | 1e-05    |
|    n_updates       | 29477    |
---------------------------------
Eval num_timesteps=120000, episode_reward=-10.12 +/- 6.73
Episode length: 175.00 +/- 0.00
Success rate: 0.00%
---------------------------------
| eval/              |          |
|    mean_ep_length  | 175      |
|    mean_reward     | -10.1    |
|    success_rate    | 0        |
| time/              |          |
|    total_timesteps | 120000   |
| train/             |          |
|    actor_loss      | -14.1    |
|    critic_loss     | 11       |
|    ent_coef        | 0.001    |
|    learning_rate   | 1e-05    |
|    n_updates       | 29499    |
---------------------------------
Eval num_timesteps=120000, episode_reward=-19.77 +/- 4.43
Episode length: 34.84 +/- 66.03
Success rate: 2.00%
---------------------------------
| eval/              |          |
|    mean_ep_length  | 34.8     |
|    mean_reward     | -19.8    |
|    success_rate    | 0.02     |
| time/              |          |
|    total_timesteps | 120000   |
---------------------------------
Eval num_timesteps=120000, episode_reward=-16.29 +/- 5.20
Episode length: 106.58 +/- 83.86
Success rate: 0.00%
---------------------------------
| eval/              |          |
|    mean_ep_length  | 107      |
|    mean_reward     | -16.3    |
|    success_rate    | 0        |
| time/              |          |
|    total_timesteps | 120000   |
---------------------------------
New best mean reward!
---------------------------------
| rollout/           |          |
|    ep_len_mean     | 97.9     |
|    ep_rew_mean     | -15.1    |
|    success_rate    | 0.05     |
| time/              |          |
|    episodes        | 1172     |
|    fps             | 88       |
|    time_elapsed    | 1353     |
|    total_timesteps | 120168   |
| train/             |          |
|    actor_loss      | -16.5    |
|    critic_loss     | 20.6     |
|    ent_coef        | 0.001    |
|    learning_rate   | 1e-05    |
|    n_updates       | 29541    |
---------------------------------
---------------------------------
| rollout/           |          |
|    ep_len_mean     | 96.2     |
|    ep_rew_mean     | -14.9    |
|    success_rate    | 0.05     |
| time/              |          |
|    episodes        | 1176     |
|    fps             | 88       |
|    time_elapsed    | 1357     |
|    total_timesteps | 120696   |
| train/             |          |
|    actor_loss      | -16.6    |
|    critic_loss     | 12.4     |
|    ent_coef        | 0.001    |
|    learning_rate   | 1e-05    |
|    n_updates       | 29673    |
---------------------------------
---------------------------------
| rollout/           |          |
|    ep_len_mean     | 97.7     |
|    ep_rew_mean     | -14.6    |
|    success_rate    | 0.05     |
| time/              |          |
|    episodes        | 1180     |
|    fps             | 88       |
|    time_elapsed    | 1358     |
|    total_timesteps | 120868   |
| train/             |          |
|    actor_loss      | -16.3    |
|    critic_loss     | 17.6     |
|    ent_coef        | 0.001    |
|    learning_rate   | 1e-05    |
|    n_updates       | 29716    |
---------------------------------
---------------------------------
| rollout/           |          |
|    ep_len_mean     | 92.6     |
|    ep_rew_mean     | -14.9    |
|    success_rate    | 0.05     |
| time/              |          |
|    episodes        | 1184     |
|    fps             | 89       |
|    time_elapsed    | 1361     |
|    total_timesteps | 121344   |
| train/             |          |
|    actor_loss      | -15.5    |
|    critic_loss     | 11.6     |
|    ent_coef        | 0.001    |
|    learning_rate   | 1e-05    |
|    n_updates       | 29835    |
---------------------------------
---------------------------------
| rollout/           |          |
|    ep_len_mean     | 94.1     |
|    ep_rew_mean     | -14.9    |
|    success_rate    | 0.05     |
| time/              |          |
|    episodes        | 1188     |
|    fps             | 89       |
|    time_elapsed    | 1363     |
|    total_timesteps | 121584   |
| train/             |          |
|    actor_loss      | -15.3    |
|    critic_loss     | 12.5     |
|    ent_coef        | 0.001    |
|    learning_rate   | 1e-05    |
|    n_updates       | 29895    |
---------------------------------
---------------------------------
| rollout/           |          |
|    ep_len_mean     | 95.2     |
|    ep_rew_mean     | -15.2    |
|    success_rate    | 0.04     |
| time/              |          |
|    episodes        | 1192     |
|    fps             | 89       |
|    time_elapsed    | 1367     |
|    total_timesteps | 122180   |
| train/             |          |
|    actor_loss      | -16.8    |
|    critic_loss     | 11.1     |
|    ent_coef        | 0.001    |
|    learning_rate   | 1e-05    |
|    n_updates       | 30044    |
---------------------------------
---------------------------------
| rollout/           |          |
|    ep_len_mean     | 95.2     |
|    ep_rew_mean     | -15      |
|    success_rate    | 0.04     |
| time/              |          |
|    episodes        | 1196     |
|    fps             | 89       |
|    time_elapsed    | 1368     |
|    total_timesteps | 122296   |
| train/             |          |
|    actor_loss      | -17.2    |
|    critic_loss     | 10.9     |
|    ent_coef        | 0.001    |
|    learning_rate   | 1e-05    |
|    n_updates       | 30073    |
---------------------------------
---------------------------------
| rollout/           |          |
|    ep_len_mean     | 93.5     |
|    ep_rew_mean     | -14.8    |
|    success_rate    | 0.05     |
| time/              |          |
|    episodes        | 1200     |
|    fps             | 89       |
|    time_elapsed    | 1368     |
|    total_timesteps | 122368   |
| train/             |          |
|    actor_loss      | -17.3    |
|    critic_loss     | 12.2     |
|    ent_coef        | 0.001    |
|    learning_rate   | 1e-05    |
|    n_updates       | 30091    |
---------------------------------
---------------------------------
| rollout/           |          |
|    ep_len_mean     | 86.6     |
|    ep_rew_mean     | -14.9    |
|    success_rate    | 0.05     |
| time/              |          |
|    episodes        | 1204     |
|    fps             | 89       |
|    time_elapsed    | 1369     |
|    total_timesteps | 122400   |
| train/             |          |
|    actor_loss      | -16.6    |
|    critic_loss     | 39.7     |
|    ent_coef        | 0.001    |
|    learning_rate   | 1e-05    |
|    n_updates       | 30099    |
---------------------------------
---------------------------------
| rollout/           |          |
|    ep_len_mean     | 82.3     |
|    ep_rew_mean     | -15.2    |
|    success_rate    | 0.04     |
| time/              |          |
|    episodes        | 1208     |
|    fps             | 89       |
|    time_elapsed    | 1371     |
|    total_timesteps | 122776   |
| train/             |          |
|    actor_loss      | -16.6    |
|    critic_loss     | 10.1     |
|    ent_coef        | 0.001    |
|    learning_rate   | 1e-05    |
|    n_updates       | 30193    |
---------------------------------
---------------------------------
| rollout/           |          |
|    ep_len_mean     | 85.8     |
|    ep_rew_mean     | -15      |
|    success_rate    | 0.04     |
| time/              |          |
|    episodes        | 1212     |
|    fps             | 89       |
|    time_elapsed    | 1376     |
|    total_timesteps | 123476   |
| train/             |          |
|    actor_loss      | -15.8    |
|    critic_loss     | 8.95     |
|    ent_coef        | 0.001    |
|    learning_rate   | 1e-05    |
|    n_updates       | 30368    |
---------------------------------
---------------------------------
| rollout/           |          |
|    ep_len_mean     | 87.5     |
|    ep_rew_mean     | -14.9    |
|    success_rate    | 0.04     |
| time/              |          |
|    episodes        | 1216     |
|    fps             | 89       |
|    time_elapsed    | 1380     |
|    total_timesteps | 124176   |
| train/             |          |
|    actor_loss      | -16.3    |
|    critic_loss     | 14.6     |
|    ent_coef        | 0.001    |
|    learning_rate   | 1e-05    |
|    n_updates       | 30543    |
---------------------------------
---------------------------------
| rollout/           |          |
|    ep_len_mean     | 88.9     |
|    ep_rew_mean     | -15.2    |
|    success_rate    | 0.03     |
| time/              |          |
|    episodes        | 1220     |
|    fps             | 90       |
|    time_elapsed    | 1382     |
|    total_timesteps | 124512   |
| train/             |          |
|    actor_loss      | -16.9    |
|    critic_loss     | 13.9     |
|    ent_coef        | 0.001    |
|    learning_rate   | 1e-05    |
|    n_updates       | 30627    |
---------------------------------
---------------------------------
| rollout/           |          |
|    ep_len_mean     | 90.7     |
|    ep_rew_mean     | -15      |
|    success_rate    | 0.03     |
| time/              |          |
|    episodes        | 1224     |
|    fps             | 90       |
|    time_elapsed    | 1386     |
|    total_timesteps | 125116   |
| train/             |          |
|    actor_loss      | -17.6    |
|    critic_loss     | 15.2     |
|    ent_coef        | 0.001    |
|    learning_rate   | 1e-05    |
|    n_updates       | 30778    |
---------------------------------
---------------------------------
| rollout/           |          |
|    ep_len_mean     | 92.2     |
|    ep_rew_mean     | -14.9    |
|    success_rate    | 0.03     |
| time/              |          |
|    episodes        | 1228     |
|    fps             | 90       |
|    time_elapsed    | 1389     |
|    total_timesteps | 125588   |
| train/             |          |
|    actor_loss      | -16.7    |
|    critic_loss     | 11.1     |
|    ent_coef        | 0.001    |
|    learning_rate   | 1e-05    |
|    n_updates       | 30896    |
---------------------------------
---------------------------------
| rollout/           |          |
|    ep_len_mean     | 97.4     |
|    ep_rew_mean     | -14.2    |
|    success_rate    | 0.04     |
| time/              |          |
|    episodes        | 1232     |
|    fps             | 90       |
|    time_elapsed    | 1391     |
|    total_timesteps | 125912   |
| train/             |          |
|    actor_loss      | -18.9    |
|    critic_loss     | 13.3     |
|    ent_coef        | 0.001    |
|    learning_rate   | 1e-05    |
|    n_updates       | 30977    |
---------------------------------
---------------------------------
| rollout/           |          |
|    ep_len_mean     | 97.4     |
|    ep_rew_mean     | -14.1    |
|    success_rate    | 0.04     |
| time/              |          |
|    episodes        | 1236     |
|    fps             | 90       |
|    time_elapsed    | 1394     |
|    total_timesteps | 126380   |
| train/             |          |
|    actor_loss      | -18      |
|    critic_loss     | 24.7     |
|    ent_coef        | 0.001    |
|    learning_rate   | 1e-05    |
|    n_updates       | 31094    |
---------------------------------
---------------------------------
| rollout/           |          |
|    ep_len_mean     | 97.9     |
|    ep_rew_mean     | -14.2    |
|    success_rate    | 0.03     |
| time/              |          |
|    episodes        | 1240     |
|    fps             | 90       |
|    time_elapsed    | 1396     |
|    total_timesteps | 126632   |
| train/             |          |
|    actor_loss      | -17.7    |
|    critic_loss     | 13.9     |
|    ent_coef        | 0.001    |
|    learning_rate   | 1e-05    |
|    n_updates       | 31157    |
---------------------------------
---------------------------------
| rollout/           |          |
|    ep_len_mean     | 99.5     |
|    ep_rew_mean     | -13.8    |
|    success_rate    | 0.04     |
| time/              |          |
|    episodes        | 1244     |
|    fps             | 90       |
|    time_elapsed    | 1400     |
|    total_timesteps | 127292   |
| train/             |          |
|    actor_loss      | -17.3    |
|    critic_loss     | 19.2     |
|    ent_coef        | 0.001    |
|    learning_rate   | 1e-05    |
|    n_updates       | 31322    |
---------------------------------
---------------------------------
| rollout/           |          |
|    ep_len_mean     | 96.1     |
|    ep_rew_mean     | -14.1    |
|    success_rate    | 0.04     |
| time/              |          |
|    episodes        | 1248     |
|    fps             | 91       |
|    time_elapsed    | 1403     |
|    total_timesteps | 127732   |
| train/             |          |
|    actor_loss      | -21      |
|    critic_loss     | 13.2     |
|    ent_coef        | 0.001    |
|    learning_rate   | 1e-05    |
|    n_updates       | 31432    |
---------------------------------
---------------------------------
| rollout/           |          |
|    ep_len_mean     | 96       |
|    ep_rew_mean     | -14      |
|    success_rate    | 0.04     |
| time/              |          |
|    episodes        | 1252     |
|    fps             | 91       |
|    time_elapsed    | 1405     |
|    total_timesteps | 128048   |
| train/             |          |
|    actor_loss      | -19.3    |
|    critic_loss     | 16.6     |
|    ent_coef        | 0.001    |
|    learning_rate   | 1e-05    |
|    n_updates       | 31511    |
---------------------------------
---------------------------------
| rollout/           |          |
|    ep_len_mean     | 97.8     |
|    ep_rew_mean     | -13.8    |
|    success_rate    | 0.04     |
| time/              |          |
|    episodes        | 1256     |
|    fps             | 91       |
|    time_elapsed    | 1409     |
|    total_timesteps | 128692   |
| train/             |          |
|    actor_loss      | -19      |
|    critic_loss     | 18.6     |
|    ent_coef        | 0.001    |
|    learning_rate   | 1e-05    |
|    n_updates       | 31672    |
---------------------------------
---------------------------------
| rollout/           |          |
|    ep_len_mean     | 94.3     |
|    ep_rew_mean     | -13.9    |
|    success_rate    | 0.04     |
| time/              |          |
|    episodes        | 1260     |
|    fps             | 91       |
|    time_elapsed    | 1409     |
|    total_timesteps | 128724   |
| train/             |          |
|    actor_loss      | -19.1    |
|    critic_loss     | 15.7     |
|    ent_coef        | 0.001    |
|    learning_rate   | 1e-05    |
|    n_updates       | 31680    |
---------------------------------
---------------------------------
| rollout/           |          |
|    ep_len_mean     | 94.3     |
|    ep_rew_mean     | -13.9    |
|    success_rate    | 0.04     |
| time/              |          |
|    episodes        | 1264     |
|    fps             | 91       |
|    time_elapsed    | 1410     |
|    total_timesteps | 128748   |
| train/             |          |
|    actor_loss      | -18.9    |
|    critic_loss     | 13.7     |
|    ent_coef        | 0.001    |
|    learning_rate   | 1e-05    |
|    n_updates       | 31686    |
---------------------------------
---------------------------------
| rollout/           |          |
|    ep_len_mean     | 94.7     |
|    ep_rew_mean     | -13.6    |
|    success_rate    | 0.05     |
| time/              |          |
|    episodes        | 1268     |
|    fps             | 91       |
|    time_elapsed    | 1413     |
|    total_timesteps | 129312   |
| train/             |          |
|    actor_loss      | -19.1    |
|    critic_loss     | 24.2     |
|    ent_coef        | 0.001    |
|    learning_rate   | 1e-05    |
|    n_updates       | 31827    |
---------------------------------
---------------------------------
| rollout/           |          |
|    ep_len_mean     | 93.2     |
|    ep_rew_mean     | -13.7    |
|    success_rate    | 0.05     |
| time/              |          |
|    episodes        | 1272     |
|    fps             | 91       |
|    time_elapsed    | 1415     |
|    total_timesteps | 129568   |
| train/             |          |
|    actor_loss      | -19.9    |
|    critic_loss     | 19.5     |
|    ent_coef        | 0.001    |
|    learning_rate   | 1e-05    |
|    n_updates       | 31891    |
---------------------------------
---------------------------------
| rollout/           |          |
|    ep_len_mean     | 91.5     |
|    ep_rew_mean     | -13.9    |
|    success_rate    | 0.05     |
| time/              |          |
|    episodes        | 1276     |
|    fps             | 91       |
|    time_elapsed    | 1417     |
|    total_timesteps | 129900   |
| train/             |          |
|    actor_loss      | -18.3    |
|    critic_loss     | 10.5     |
|    ent_coef        | 0.001    |
|    learning_rate   | 1e-05    |
|    n_updates       | 31974    |
---------------------------------
Eval num_timesteps=130000, episode_reward=-3.84 +/- 6.98
Episode length: 149.58 +/- 58.44
Success rate: 16.00%
---------------------------------
| eval/              |          |
|    mean_ep_length  | 150      |
|    mean_reward     | -3.84    |
|    success_rate    | 0.16     |
| time/              |          |
|    total_timesteps | 130000   |
| train/             |          |
|    actor_loss      | -20.5    |
|    critic_loss     | 21.1     |
|    ent_coef        | 0.001    |
|    learning_rate   | 1e-05    |
|    n_updates       | 31999    |
---------------------------------
New best mean reward!
[DenseSuccessCallback - transit] New best: 16.0% -> ./checkpoints/dense_refinement_20260424_125903/best_model_transit.zip
Eval num_timesteps=130000, episode_reward=-19.41 +/- 4.33
Episode length: 9.34 +/- 34.18
Success rate: 2.00%
---------------------------------
| eval/              |          |
|    mean_ep_length  | 9.34     |
|    mean_reward     | -19.4    |
|    success_rate    | 0.02     |
| time/              |          |
|    total_timesteps | 130000   |
---------------------------------
Eval num_timesteps=130000, episode_reward=-18.11 +/- 4.54
Episode length: 64.98 +/- 80.01
Success rate: 0.00%
---------------------------------
| eval/              |          |
|    mean_ep_length  | 65       |
|    mean_reward     | -18.1    |
|    success_rate    | 0        |
| time/              |          |
|    total_timesteps | 130000   |
---------------------------------
---------------------------------
| rollout/           |          |
|    ep_len_mean     | 89.8     |
|    ep_rew_mean     | -13.9    |
|    success_rate    | 0.05     |
| time/              |          |
|    episodes        | 1280     |
|    fps             | 89       |
|    time_elapsed    | 1460     |
|    total_timesteps | 130100   |
| train/             |          |
|    actor_loss      | -18.2    |
|    critic_loss     | 22.2     |
|    ent_coef        | 0.001    |
|    learning_rate   | 1e-05    |
|    n_updates       | 32024    |
---------------------------------
---------------------------------
| rollout/           |          |
|    ep_len_mean     | 90       |
|    ep_rew_mean     | -13.1    |
|    success_rate    | 0.07     |
| time/              |          |
|    episodes        | 1284     |
|    fps             | 89       |
|    time_elapsed    | 1461     |
|    total_timesteps | 130280   |
| train/             |          |
|    actor_loss      | -18.6    |
|    critic_loss     | 12.6     |
|    ent_coef        | 0.001    |
|    learning_rate   | 1e-05    |
|    n_updates       | 32069    |
---------------------------------
---------------------------------
| rollout/           |          |
|    ep_len_mean     | 88.2     |
|    ep_rew_mean     | -13.1    |
|    success_rate    | 0.07     |
| time/              |          |
|    episodes        | 1288     |
|    fps             | 89       |
|    time_elapsed    | 1461     |
|    total_timesteps | 130292   |
| train/             |          |
|    actor_loss      | -19.3    |
|    critic_loss     | 16       |
|    ent_coef        | 0.001    |
|    learning_rate   | 1e-05    |
|    n_updates       | 32072    |
---------------------------------
---------------------------------
| rollout/           |          |
|    ep_len_mean     | 86.5     |
|    ep_rew_mean     | -13.2    |
|    success_rate    | 0.07     |
| time/              |          |
|    episodes        | 1292     |
|    fps             | 89       |
|    time_elapsed    | 1464     |
|    total_timesteps | 130800   |
| train/             |          |
|    actor_loss      | -19.3    |
|    critic_loss     | 10.9     |
|    ent_coef        | 0.001    |
|    learning_rate   | 1e-05    |
|    n_updates       | 32199    |
---------------------------------
---------------------------------
| rollout/           |          |
|    ep_len_mean     | 84.8     |
|    ep_rew_mean     | -13.2    |
|    success_rate    | 0.07     |
| time/              |          |
|    episodes        | 1296     |
|    fps             | 89       |
|    time_elapsed    | 1466     |
|    total_timesteps | 131000   |
| train/             |          |
|    actor_loss      | -19.4    |
|    critic_loss     | 10.3     |
|    ent_coef        | 0.001    |
|    learning_rate   | 1e-05    |
|    n_updates       | 32249    |
---------------------------------
---------------------------------
| rollout/           |          |
|    ep_len_mean     | 89.8     |
|    ep_rew_mean     | -13.2    |
|    success_rate    | 0.06     |
| time/              |          |
|    episodes        | 1300     |
|    fps             | 89       |
|    time_elapsed    | 1469     |
|    total_timesteps | 131524   |
| train/             |          |
|    actor_loss      | -20.6    |
|    critic_loss     | 13.3     |
|    ent_coef        | 0.001    |
|    learning_rate   | 1e-05    |
|    n_updates       | 32380    |
---------------------------------
---------------------------------
| rollout/           |          |
|    ep_len_mean     | 93.3     |
|    ep_rew_mean     | -12.9    |
|    success_rate    | 0.06     |
| time/              |          |
|    episodes        | 1304     |
|    fps             | 89       |
|    time_elapsed    | 1470     |
|    total_timesteps | 131708   |
| train/             |          |
|    actor_loss      | -20.2    |
|    critic_loss     | 16.1     |
|    ent_coef        | 0.001    |
|    learning_rate   | 1e-05    |
|    n_updates       | 32426    |
---------------------------------
---------------------------------
| rollout/           |          |
|    ep_len_mean     | 93.3     |
|    ep_rew_mean     | -13      |
|    success_rate    | 0.06     |
| time/              |          |
|    episodes        | 1308     |
|    fps             | 89       |
|    time_elapsed    | 1472     |
|    total_timesteps | 132008   |
| train/             |          |
|    actor_loss      | -19.6    |
|    critic_loss     | 17       |
|    ent_coef        | 0.001    |
|    learning_rate   | 1e-05    |
|    n_updates       | 32501    |
---------------------------------
---------------------------------
| rollout/           |          |
|    ep_len_mean     | 88.2     |
|    ep_rew_mean     | -13.3    |
|    success_rate    | 0.06     |
| time/              |          |
|    episodes        | 1312     |
|    fps             | 89       |
|    time_elapsed    | 1474     |
|    total_timesteps | 132272   |
| train/             |          |
|    actor_loss      | -22.3    |
|    critic_loss     | 24.1     |
|    ent_coef        | 0.001    |
|    learning_rate   | 1e-05    |
|    n_updates       | 32567    |
---------------------------------
---------------------------------
| rollout/           |          |
|    ep_len_mean     | 83.2     |
|    ep_rew_mean     | -13.3    |
|    success_rate    | 0.07     |
| time/              |          |
|    episodes        | 1316     |
|    fps             | 89       |
|    time_elapsed    | 1476     |
|    total_timesteps | 132420   |
| train/             |          |
|    actor_loss      | -21      |
|    critic_loss     | 21.9     |
|    ent_coef        | 0.001    |
|    learning_rate   | 1e-05    |
|    n_updates       | 32604    |
---------------------------------
---------------------------------
| rollout/           |          |
|    ep_len_mean     | 83.2     |
|    ep_rew_mean     | -13      |
|    success_rate    | 0.07     |
| time/              |          |
|    episodes        | 1320     |
|    fps             | 89       |
|    time_elapsed    | 1480     |
|    total_timesteps | 133064   |
| train/             |          |
|    actor_loss      | -20.9    |
|    critic_loss     | 12       |
|    ent_coef        | 0.001    |
|    learning_rate   | 1e-05    |
|    n_updates       | 32765    |
---------------------------------
---------------------------------
| rollout/           |          |
|    ep_len_mean     | 81.4     |
|    ep_rew_mean     | -13.2    |
|    success_rate    | 0.07     |
| time/              |          |
|    episodes        | 1324     |
|    fps             | 89       |
|    time_elapsed    | 1480     |
|    total_timesteps | 133144   |
| train/             |          |
|    actor_loss      | -21.2    |
|    critic_loss     | 20.5     |
|    ent_coef        | 0.001    |
|    learning_rate   | 1e-05    |
|    n_updates       | 32785    |
---------------------------------
---------------------------------
| rollout/           |          |
|    ep_len_mean     | 79.8     |
|    ep_rew_mean     | -13      |
|    success_rate    | 0.08     |
| time/              |          |
|    episodes        | 1328     |
|    fps             | 89       |
|    time_elapsed    | 1483     |
|    total_timesteps | 133492   |
| train/             |          |
|    actor_loss      | -20.7    |
|    critic_loss     | 14.4     |
|    ent_coef        | 0.001    |
|    learning_rate   | 1e-05    |
|    n_updates       | 32872    |
---------------------------------
---------------------------------
| rollout/           |          |
|    ep_len_mean     | 79.8     |
|    ep_rew_mean     | -13      |
|    success_rate    | 0.08     |
| time/              |          |
|    episodes        | 1332     |
|    fps             | 90       |
|    time_elapsed    | 1485     |
|    total_timesteps | 133860   |
| train/             |          |
|    actor_loss      | -20.6    |
|    critic_loss     | 15.8     |
|    ent_coef        | 0.001    |
|    learning_rate   | 1e-05    |
|    n_updates       | 32964    |
---------------------------------
---------------------------------
| rollout/           |          |
|    ep_len_mean     | 81.6     |
|    ep_rew_mean     | -13      |
|    success_rate    | 0.08     |
| time/              |          |
|    episodes        | 1336     |
|    fps             | 90       |
|    time_elapsed    | 1489     |
|    total_timesteps | 134544   |
| train/             |          |
|    actor_loss      | -21.2    |
|    critic_loss     | 14.2     |
|    ent_coef        | 0.001    |
|    learning_rate   | 1e-05    |
|    n_updates       | 33135    |
---------------------------------
---------------------------------
| rollout/           |          |
|    ep_len_mean     | 80.3     |
|    ep_rew_mean     | -12.8    |
|    success_rate    | 0.09     |
| time/              |          |
|    episodes        | 1340     |
|    fps             | 90       |
|    time_elapsed    | 1490     |
|    total_timesteps | 134636   |
| train/             |          |
|    actor_loss      | -21.4    |
|    critic_loss     | 13.9     |
|    ent_coef        | 0.001    |
|    learning_rate   | 1e-05    |
|    n_updates       | 33158    |
---------------------------------
---------------------------------
| rollout/           |          |
|    ep_len_mean     | 80.2     |
|    ep_rew_mean     | -13      |
|    success_rate    | 0.08     |
| time/              |          |
|    episodes        | 1344     |
|    fps             | 90       |
|    time_elapsed    | 1494     |
|    total_timesteps | 135324   |
| train/             |          |
|    actor_loss      | -21.8    |
|    critic_loss     | 16.5     |
|    ent_coef        | 0.001    |
|    learning_rate   | 1e-05    |
|    n_updates       | 33330    |
---------------------------------
---------------------------------
| rollout/           |          |
|    ep_len_mean     | 80.2     |
|    ep_rew_mean     | -12.9    |
|    success_rate    | 0.08     |
| time/              |          |
|    episodes        | 1348     |
|    fps             | 90       |
|    time_elapsed    | 1496     |
|    total_timesteps | 135612   |
| train/             |          |
|    actor_loss      | -21.2    |
|    critic_loss     | 11.8     |
|    ent_coef        | 0.001    |
|    learning_rate   | 1e-05    |
|    n_updates       | 33402    |
---------------------------------
---------------------------------
| rollout/           |          |
|    ep_len_mean     | 80.2     |
|    ep_rew_mean     | -13      |
|    success_rate    | 0.08     |
| time/              |          |
|    episodes        | 1352     |
|    fps             | 90       |
|    time_elapsed    | 1499     |
|    total_timesteps | 136036   |
| train/             |          |
|    actor_loss      | -21.4    |
|    critic_loss     | 11.8     |
|    ent_coef        | 0.001    |
|    learning_rate   | 1e-05    |
|    n_updates       | 33508    |
---------------------------------
---------------------------------
| rollout/           |          |
|    ep_len_mean     | 78.4     |
|    ep_rew_mean     | -13.2    |
|    success_rate    | 0.08     |
| time/              |          |
|    episodes        | 1356     |
|    fps             | 90       |
|    time_elapsed    | 1503     |
|    total_timesteps | 136652   |
| train/             |          |
|    actor_loss      | -21.9    |
|    critic_loss     | 19.7     |
|    ent_coef        | 0.001    |
|    learning_rate   | 1e-05    |
|    n_updates       | 33662    |
---------------------------------
---------------------------------
| rollout/           |          |
|    ep_len_mean     | 85.4     |
|    ep_rew_mean     | -12.6    |
|    success_rate    | 0.08     |
| time/              |          |
|    episodes        | 1360     |
|    fps             | 91       |
|    time_elapsed    | 1507     |
|    total_timesteps | 137352   |
| train/             |          |
|    actor_loss      | -21.1    |
|    critic_loss     | 12.9     |
|    ent_coef        | 0.001    |
|    learning_rate   | 1e-05    |
|    n_updates       | 33837    |
---------------------------------
---------------------------------
| rollout/           |          |
|    ep_len_mean     | 87.1     |
|    ep_rew_mean     | -12.4    |
|    success_rate    | 0.08     |
| time/              |          |
|    episodes        | 1364     |
|    fps             | 91       |
|    time_elapsed    | 1508     |
|    total_timesteps | 137444   |
| train/             |          |
|    actor_loss      | -21.9    |
|    critic_loss     | 12.8     |
|    ent_coef        | 0.001    |
|    learning_rate   | 1e-05    |
|    n_updates       | 33860    |
---------------------------------
---------------------------------
| rollout/           |          |
|    ep_len_mean     | 88.4     |
|    ep_rew_mean     | -12.7    |
|    success_rate    | 0.07     |
| time/              |          |
|    episodes        | 1368     |
|    fps             | 91       |
|    time_elapsed    | 1513     |
|    total_timesteps | 138136   |
| train/             |          |
|    actor_loss      | -21.9    |
|    critic_loss     | 11.4     |
|    ent_coef        | 0.001    |
|    learning_rate   | 1e-05    |
|    n_updates       | 34033    |
---------------------------------
---------------------------------
| rollout/           |          |
|    ep_len_mean     | 86.5     |
|    ep_rew_mean     | -12.6    |
|    success_rate    | 0.07     |
| time/              |          |
|    episodes        | 1372     |
|    fps             | 91       |
|    time_elapsed    | 1513     |
|    total_timesteps | 138172   |
| train/             |          |
|    actor_loss      | -22.3    |
|    critic_loss     | 13.6     |
|    ent_coef        | 0.001    |
|    learning_rate   | 1e-05    |
|    n_updates       | 34042    |
---------------------------------
---------------------------------
| rollout/           |          |
|    ep_len_mean     | 88.2     |
|    ep_rew_mean     | -12.5    |
|    success_rate    | 0.07     |
| time/              |          |
|    episodes        | 1376     |
|    fps             | 91       |
|    time_elapsed    | 1517     |
|    total_timesteps | 138776   |
| train/             |          |
|    actor_loss      | -21.8    |
|    critic_loss     | 10.8     |
|    ent_coef        | 0.001    |
|    learning_rate   | 1e-05    |
|    n_updates       | 34193    |
---------------------------------
---------------------------------
| rollout/           |          |
|    ep_len_mean     | 91.5     |
|    ep_rew_mean     | -12.7    |
|    success_rate    | 0.06     |
| time/              |          |
|    episodes        | 1380     |
|    fps             | 91       |
|    time_elapsed    | 1519     |
|    total_timesteps | 139144   |
| train/             |          |
|    actor_loss      | -21.3    |
|    critic_loss     | 19.1     |
|    ent_coef        | 0.001    |
|    learning_rate   | 1e-05    |
|    n_updates       | 34285    |
---------------------------------
---------------------------------
| rollout/           |          |
|    ep_len_mean     | 96.4     |
|    ep_rew_mean     | -12.8    |
|    success_rate    | 0.04     |
| time/              |          |
|    episodes        | 1384     |
|    fps             | 91       |
|    time_elapsed    | 1523     |
|    total_timesteps | 139844   |
| train/             |          |
|    actor_loss      | -23.4    |
|    critic_loss     | 10.2     |
|    ent_coef        | 0.001    |
|    learning_rate   | 1e-05    |
|    n_updates       | 34460    |
---------------------------------
Eval num_timesteps=140000, episode_reward=-4.08 +/- 7.03
Episode length: 157.26 +/- 48.61
Success rate: 12.00%
---------------------------------
| eval/              |          |
|    mean_ep_length  | 157      |
|    mean_reward     | -4.08    |
|    success_rate    | 0.12     |
| time/              |          |
|    total_timesteps | 140000   |
| train/             |          |
|    actor_loss      | -23      |
|    critic_loss     | 8.39     |
|    ent_coef        | 0.001    |
|    learning_rate   | 1e-05    |
|    n_updates       | 34499    |
---------------------------------
Eval num_timesteps=140000, episode_reward=-18.04 +/- 8.11
Episode length: 23.60 +/- 56.00
Success rate: 8.00%
---------------------------------
| eval/              |          |
|    mean_ep_length  | 23.6     |
|    mean_reward     | -18      |
|    success_rate    | 0.08     |
| time/              |          |
|    total_timesteps | 140000   |
---------------------------------
Eval num_timesteps=140000, episode_reward=-15.58 +/- 6.57
Episode length: 88.94 +/- 86.06
Success rate: 0.00%
---------------------------------
| eval/              |          |
|    mean_ep_length  | 88.9     |
|    mean_reward     | -15.6    |
|    success_rate    | 0        |
| time/              |          |
|    total_timesteps | 140000   |
---------------------------------
New best mean reward!
---------------------------------
| rollout/           |          |
|    ep_len_mean     | 102      |
|    ep_rew_mean     | -12.4    |
|    success_rate    | 0.04     |
| time/              |          |
|    episodes        | 1388     |
|    fps             | 89       |
|    time_elapsed    | 1576     |
|    total_timesteps | 140544   |
| train/             |          |
|    actor_loss      | -23.8    |
|    critic_loss     | 27.1     |
|    ent_coef        | 0.001    |
|    learning_rate   | 1e-05    |
|    n_updates       | 34635    |
---------------------------------
---------------------------------
| rollout/           |          |
|    ep_len_mean     | 105      |
|    ep_rew_mean     | -12.1    |
|    success_rate    | 0.04     |
| time/              |          |
|    episodes        | 1392     |
|    fps             | 89       |
|    time_elapsed    | 1580     |
|    total_timesteps | 141244   |
| train/             |          |
|    actor_loss      | -23.6    |
|    critic_loss     | 13.5     |
|    ent_coef        | 0.001    |
|    learning_rate   | 1e-05    |
|    n_updates       | 34810    |
---------------------------------
---------------------------------
| rollout/           |          |
|    ep_len_mean     | 103      |
|    ep_rew_mean     | -12.3    |
|    success_rate    | 0.04     |
| time/              |          |
|    episodes        | 1396     |
|    fps             | 89       |
|    time_elapsed    | 1581     |
|    total_timesteps | 141300   |
| train/             |          |
|    actor_loss      | -23.9    |
|    critic_loss     | 18.9     |
|    ent_coef        | 0.001    |
|    learning_rate   | 1e-05    |
|    n_updates       | 34824    |
---------------------------------
---------------------------------
| rollout/           |          |
|    ep_len_mean     | 103      |
|    ep_rew_mean     | -11.8    |
|    success_rate    | 0.05     |
| time/              |          |
|    episodes        | 1400     |
|    fps             | 89       |
|    time_elapsed    | 1584     |
|    total_timesteps | 141680   |
| train/             |          |
|    actor_loss      | -22.7    |
|    critic_loss     | 12.7     |
|    ent_coef        | 0.001    |
|    learning_rate   | 1e-05    |
|    n_updates       | 34919    |
---------------------------------
---------------------------------
| rollout/           |          |
|    ep_len_mean     | 103      |
|    ep_rew_mean     | -11.9    |
|    success_rate    | 0.05     |
| time/              |          |
|    episodes        | 1404     |
|    fps             | 89       |
|    time_elapsed    | 1587     |
|    total_timesteps | 142284   |
| train/             |          |
|    actor_loss      | -24.6    |
|    critic_loss     | 17.2     |
|    ent_coef        | 0.001    |
|    learning_rate   | 1e-05    |
|    n_updates       | 35070    |
---------------------------------
---------------------------------
| rollout/           |          |
|    ep_len_mean     | 109      |
|    ep_rew_mean     | -11.5    |
|    success_rate    | 0.05     |
| time/              |          |
|    episodes        | 1408     |
|    fps             | 89       |
|    time_elapsed    | 1592     |
|    total_timesteps | 142984   |
| train/             |          |
|    actor_loss      | -23.4    |
|    critic_loss     | 13.3     |
|    ent_coef        | 0.001    |
|    learning_rate   | 1e-05    |
|    n_updates       | 35245    |
---------------------------------
---------------------------------
| rollout/           |          |
|    ep_len_mean     | 110      |
|    ep_rew_mean     | -11.3    |
|    success_rate    | 0.05     |
| time/              |          |
|    episodes        | 1412     |
|    fps             | 89       |
|    time_elapsed    | 1593     |
|    total_timesteps | 143096   |
| train/             |          |
|    actor_loss      | -23.4    |
|    critic_loss     | 9.9      |
|    ent_coef        | 0.001    |
|    learning_rate   | 1e-05    |
|    n_updates       | 35273    |
---------------------------------
---------------------------------
| rollout/           |          |
|    ep_len_mean     | 111      |
|    ep_rew_mean     | -11.3    |
|    success_rate    | 0.05     |
| time/              |          |
|    episodes        | 1416     |
|    fps             | 89       |
|    time_elapsed    | 1595     |
|    total_timesteps | 143400   |
| train/             |          |
|    actor_loss      | -23.6    |
|    critic_loss     | 11.8     |
|    ent_coef        | 0.001    |
|    learning_rate   | 1e-05    |
|    n_updates       | 35349    |
---------------------------------
---------------------------------
| rollout/           |          |
|    ep_len_mean     | 111      |
|    ep_rew_mean     | -11.1    |
|    success_rate    | 0.06     |
| time/              |          |
|    episodes        | 1420     |
|    fps             | 90       |
|    time_elapsed    | 1599     |
|    total_timesteps | 144012   |
| train/             |          |
|    actor_loss      | -24.6    |
|    critic_loss     | 9.08     |
|    ent_coef        | 0.001    |
|    learning_rate   | 1e-05    |
|    n_updates       | 35502    |
---------------------------------
---------------------------------
| rollout/           |          |
|    ep_len_mean     | 113      |
|    ep_rew_mean     | -10.9    |
|    success_rate    | 0.06     |
| time/              |          |
|    episodes        | 1424     |
|    fps             | 90       |
|    time_elapsed    | 1602     |
|    total_timesteps | 144496   |
| train/             |          |
|    actor_loss      | -25.9    |
|    critic_loss     | 12.6     |
|    ent_coef        | 0.001    |
|    learning_rate   | 1e-05    |
|    n_updates       | 35623    |
---------------------------------
---------------------------------
| rollout/           |          |
|    ep_len_mean     | 114      |
|    ep_rew_mean     | -11      |
|    success_rate    | 0.05     |
| time/              |          |
|    episodes        | 1428     |
|    fps             | 90       |
|    time_elapsed    | 1605     |
|    total_timesteps | 144832   |
| train/             |          |
|    actor_loss      | -23.9    |
|    critic_loss     | 15.2     |
|    ent_coef        | 0.001    |
|    learning_rate   | 1e-05    |
|    n_updates       | 35707    |
---------------------------------
---------------------------------
| rollout/           |          |
|    ep_len_mean     | 111      |
|    ep_rew_mean     | -11      |
|    success_rate    | 0.06     |
| time/              |          |
|    episodes        | 1432     |
|    fps             | 90       |
|    time_elapsed    | 1607     |
|    total_timesteps | 145188   |
| train/             |          |
|    actor_loss      | -24.2    |
|    critic_loss     | 14.9     |
|    ent_coef        | 0.001    |
|    learning_rate   | 1e-05    |
|    n_updates       | 35796    |
---------------------------------
---------------------------------
| rollout/           |          |
|    ep_len_mean     | 109      |
|    ep_rew_mean     | -10.6    |
|    success_rate    | 0.08     |
| time/              |          |
|    episodes        | 1436     |
|    fps             | 90       |
|    time_elapsed    | 1609     |
|    total_timesteps | 145464   |
| train/             |          |
|    actor_loss      | -23.7    |
|    critic_loss     | 12.7     |
|    ent_coef        | 0.001    |
|    learning_rate   | 1e-05    |
|    n_updates       | 35865    |
---------------------------------
---------------------------------
| rollout/           |          |
|    ep_len_mean     | 109      |
|    ep_rew_mean     | -10.8    |
|    success_rate    | 0.07     |
| time/              |          |
|    episodes        | 1440     |
|    fps             | 90       |
|    time_elapsed    | 1610     |
|    total_timesteps | 145616   |
| train/             |          |
|    actor_loss      | -22.3    |
|    critic_loss     | 16.4     |
|    ent_coef        | 0.001    |
|    learning_rate   | 1e-05    |
|    n_updates       | 35903    |
---------------------------------
---------------------------------
| rollout/           |          |
|    ep_len_mean     | 109      |
|    ep_rew_mean     | -10.7    |
|    success_rate    | 0.07     |
| time/              |          |
|    episodes        | 1444     |
|    fps             | 90       |
|    time_elapsed    | 1614     |
|    total_timesteps | 146188   |
| train/             |          |
|    actor_loss      | -24.2    |
|    critic_loss     | 11.5     |
|    ent_coef        | 0.001    |
|    learning_rate   | 1e-05    |
|    n_updates       | 36046    |
---------------------------------
---------------------------------
| rollout/           |          |
|    ep_len_mean     | 109      |
|    ep_rew_mean     | -10.6    |
|    success_rate    | 0.07     |
| time/              |          |
|    episodes        | 1448     |
|    fps             | 90       |
|    time_elapsed    | 1617     |
|    total_timesteps | 146612   |
| train/             |          |
|    actor_loss      | -23.6    |
|    critic_loss     | 14.6     |
|    ent_coef        | 0.001    |
|    learning_rate   | 1e-05    |
|    n_updates       | 36152    |
---------------------------------
---------------------------------
| rollout/           |          |
|    ep_len_mean     | 105      |
|    ep_rew_mean     | -10.5    |
|    success_rate    | 0.08     |
| time/              |          |
|    episodes        | 1452     |
|    fps             | 90       |
|    time_elapsed    | 1617     |
|    total_timesteps | 146648   |
| train/             |          |
|    actor_loss      | -24.4    |
|    critic_loss     | 13.4     |
|    ent_coef        | 0.001    |
|    learning_rate   | 1e-05    |
|    n_updates       | 36161    |
---------------------------------
---------------------------------
| rollout/           |          |
|    ep_len_mean     | 106      |
|    ep_rew_mean     | -10      |
|    success_rate    | 0.1      |
| time/              |          |
|    episodes        | 1456     |
|    fps             | 90       |
|    time_elapsed    | 1620     |
|    total_timesteps | 147152   |
| train/             |          |
|    actor_loss      | -24      |
|    critic_loss     | 11.6     |
|    ent_coef        | 0.001    |
|    learning_rate   | 1e-05    |
|    n_updates       | 36287    |
---------------------------------
---------------------------------
| rollout/           |          |
|    ep_len_mean     | 102      |
|    ep_rew_mean     | -10.4    |
|    success_rate    | 0.1      |
| time/              |          |
|    episodes        | 1460     |
|    fps             | 90       |
|    time_elapsed    | 1622     |
|    total_timesteps | 147356   |
| train/             |          |
|    actor_loss      | -23.6    |
|    critic_loss     | 10.8     |
|    ent_coef        | 0.001    |
|    learning_rate   | 1e-05    |
|    n_updates       | 36338    |
---------------------------------
---------------------------------
| rollout/           |          |
|    ep_len_mean     | 106      |
|    ep_rew_mean     | -10      |
|    success_rate    | 0.1      |
| time/              |          |
|    episodes        | 1464     |
|    fps             | 91       |
|    time_elapsed    | 1626     |
|    total_timesteps | 148056   |
| train/             |          |
|    actor_loss      | -24.3    |
|    critic_loss     | 12.5     |
|    ent_coef        | 0.001    |
|    learning_rate   | 1e-05    |
|    n_updates       | 36513    |
---------------------------------
---------------------------------
| rollout/           |          |
|    ep_len_mean     | 107      |
|    ep_rew_mean     | -10      |
|    success_rate    | 0.1      |
| time/              |          |
|    episodes        | 1468     |
|    fps             | 91       |
|    time_elapsed    | 1631     |
|    total_timesteps | 148756   |
| train/             |          |
|    actor_loss      | -24.6    |
|    critic_loss     | 13       |
|    ent_coef        | 0.001    |
|    learning_rate   | 1e-05    |
|    n_updates       | 36688    |
---------------------------------
---------------------------------
| rollout/           |          |
|    ep_len_mean     | 108      |
|    ep_rew_mean     | -9.56    |
|    success_rate    | 0.12     |
| time/              |          |
|    episodes        | 1472     |
|    fps             | 91       |
|    time_elapsed    | 1632     |
|    total_timesteps | 149016   |
| train/             |          |
|    actor_loss      | -23.7    |
|    critic_loss     | 14.6     |
|    ent_coef        | 0.001    |
|    learning_rate   | 1e-05    |
|    n_updates       | 36753    |
---------------------------------
---------------------------------
| rollout/           |          |
|    ep_len_mean     | 108      |
|    ep_rew_mean     | -9.64    |
|    success_rate    | 0.12     |
| time/              |          |
|    episodes        | 1476     |
|    fps             | 91       |
|    time_elapsed    | 1635     |
|    total_timesteps | 149484   |
| train/             |          |
|    actor_loss      | -25.8    |
|    critic_loss     | 20.1     |
|    ent_coef        | 0.001    |
|    learning_rate   | 1e-05    |
|    n_updates       | 36870    |
---------------------------------
---------------------------------
| rollout/           |          |
|    ep_len_mean     | 106      |
|    ep_rew_mean     | -9.56    |
|    success_rate    | 0.12     |
| time/              |          |
|    episodes        | 1480     |
|    fps             | 91       |
|    time_elapsed    | 1637     |
|    total_timesteps | 149724   |
| train/             |          |
|    actor_loss      | -23.7    |
|    critic_loss     | 10.5     |
|    ent_coef        | 0.001    |
|    learning_rate   | 1e-05    |
|    n_updates       | 36930    |
---------------------------------
Eval num_timesteps=150000, episode_reward=-3.56 +/- 3.00
Episode length: 168.36 +/- 32.53
Success rate: 4.00%
---------------------------------
| eval/              |          |
|    mean_ep_length  | 168      |
|    mean_reward     | -3.56    |
|    success_rate    | 0.04     |
| time/              |          |
|    total_timesteps | 150000   |
| train/             |          |
|    actor_loss      | -24.5    |
|    critic_loss     | 11.5     |
|    ent_coef        | 0.001    |
|    learning_rate   | 1e-05    |
|    n_updates       | 36999    |
---------------------------------
New best mean reward!
Eval num_timesteps=150000, episode_reward=-15.52 +/- 10.43
Episode length: 60.00 +/- 79.18
Success rate: 14.00%
---------------------------------
| eval/              |          |
|    mean_ep_length  | 60       |
|    mean_reward     | -15.5    |
|    success_rate    | 0.14     |
| time/              |          |
|    total_timesteps | 150000   |
---------------------------------
Eval num_timesteps=150000, episode_reward=-14.14 +/- 7.04
Episode length: 92.46 +/- 85.91
Success rate: 0.00%
---------------------------------
| eval/              |          |
|    mean_ep_length  | 92.5     |
|    mean_reward     | -14.1    |
|    success_rate    | 0        |
| time/              |          |
|    total_timesteps | 150000   |
---------------------------------
New best mean reward!
---------------------------------
| rollout/           |          |
|    ep_len_mean     | 103      |
|    ep_rew_mean     | -9.44    |
|    success_rate    | 0.13     |
| time/              |          |
|    episodes        | 1484     |
|    fps             | 88       |
|    time_elapsed    | 1697     |
|    total_timesteps | 150228   |
| train/             |          |
|    actor_loss      | -22.8    |
|    critic_loss     | 12.4     |
|    ent_coef        | 0.001    |
|    learning_rate   | 1e-05    |
|    n_updates       | 37056    |
---------------------------------
---------------------------------
| rollout/           |          |
|    ep_len_mean     | 99.4     |
|    ep_rew_mean     | -9.51    |
|    success_rate    | 0.14     |
| time/              |          |
|    episodes        | 1488     |
|    fps             | 88       |
|    time_elapsed    | 1699     |
|    total_timesteps | 150444   |
| train/             |          |
|    actor_loss      | -23.9    |
|    critic_loss     | 11.2     |
|    ent_coef        | 0.001    |
|    learning_rate   | 1e-05    |
|    n_updates       | 37110    |
---------------------------------
---------------------------------
| rollout/           |          |
|    ep_len_mean     | 97.7     |
|    ep_rew_mean     | -9.62    |
|    success_rate    | 0.14     |
| time/              |          |
|    episodes        | 1492     |
|    fps             | 88       |
|    time_elapsed    | 1702     |
|    total_timesteps | 151068   |
| train/             |          |
|    actor_loss      | -23.8    |
|    critic_loss     | 12.5     |
|    ent_coef        | 0.001    |
|    learning_rate   | 1e-05    |
|    n_updates       | 37266    |
---------------------------------
---------------------------------
| rollout/           |          |
|    ep_len_mean     | 99.5     |
|    ep_rew_mean     | -9.15    |
|    success_rate    | 0.15     |
| time/              |          |
|    episodes        | 1496     |
|    fps             | 88       |
|    time_elapsed    | 1703     |
|    total_timesteps | 151164   |
| train/             |          |
|    actor_loss      | -23.8    |
|    critic_loss     | 12.2     |
|    ent_coef        | 0.001    |
|    learning_rate   | 1e-05    |
|    n_updates       | 37290    |
---------------------------------
---------------------------------
| rollout/           |          |
|    ep_len_mean     | 96       |
|    ep_rew_mean     | -9.77    |
|    success_rate    | 0.14     |
| time/              |          |
|    episodes        | 1500     |
|    fps             | 88       |
|    time_elapsed    | 1705     |
|    total_timesteps | 151392   |
| train/             |          |
|    actor_loss      | -23.3    |
|    critic_loss     | 16.1     |
|    ent_coef        | 0.001    |
|    learning_rate   | 1e-05    |
|    n_updates       | 37347    |
---------------------------------
---------------------------------
| rollout/           |          |
|    ep_len_mean     | 97.7     |
|    ep_rew_mean     | -9.79    |
|    success_rate    | 0.14     |
| time/              |          |
|    episodes        | 1504     |
|    fps             | 88       |
|    time_elapsed    | 1708     |
|    total_timesteps | 151872   |
| train/             |          |
|    actor_loss      | -24.1    |
|    critic_loss     | 11.9     |
|    ent_coef        | 0.001    |
|    learning_rate   | 1e-05    |
|    n_updates       | 37467    |
---------------------------------
---------------------------------
| rollout/           |          |
|    ep_len_mean     | 94.2     |
|    ep_rew_mean     | -10      |
|    success_rate    | 0.14     |
| time/              |          |
|    episodes        | 1508     |
|    fps             | 89       |
|    time_elapsed    | 1711     |
|    total_timesteps | 152388   |
| train/             |          |
|    actor_loss      | -23.1    |
|    critic_loss     | 9.83     |
|    ent_coef        | 0.001    |
|    learning_rate   | 1e-05    |
|    n_updates       | 37596    |
---------------------------------
---------------------------------
| rollout/           |          |
|    ep_len_mean     | 92.6     |
|    ep_rew_mean     | -9.45    |
|    success_rate    | 0.16     |
| time/              |          |
|    episodes        | 1512     |
|    fps             | 89       |
|    time_elapsed    | 1713     |
|    total_timesteps | 152520   |
| train/             |          |
|    actor_loss      | -24.1    |
|    critic_loss     | 8.72     |
|    ent_coef        | 0.001    |
|    learning_rate   | 1e-05    |
|    n_updates       | 37629    |
---------------------------------
---------------------------------
| rollout/           |          |
|    ep_len_mean     | 92.1     |
|    ep_rew_mean     | -9.69    |
|    success_rate    | 0.15     |
| time/              |          |
|    episodes        | 1516     |
|    fps             | 89       |
|    time_elapsed    | 1713     |
|    total_timesteps | 152604   |
| train/             |          |
|    actor_loss      | -22.7    |
|    critic_loss     | 11       |
|    ent_coef        | 0.001    |
|    learning_rate   | 1e-05    |
|    n_updates       | 37650    |
---------------------------------
---------------------------------
| rollout/           |          |
|    ep_len_mean     | 90.3     |
|    ep_rew_mean     | -10      |
|    success_rate    | 0.14     |
| time/              |          |
|    episodes        | 1520     |
|    fps             | 89       |
|    time_elapsed    | 1717     |
|    total_timesteps | 153128   |
| train/             |          |
|    actor_loss      | -24      |
|    critic_loss     | 13.1     |
|    ent_coef        | 0.001    |
|    learning_rate   | 1e-05    |
|    n_updates       | 37781    |
---------------------------------
---------------------------------
| rollout/           |          |
|    ep_len_mean     | 88.5     |
|    ep_rew_mean     | -9.77    |
|    success_rate    | 0.15     |
| time/              |          |
|    episodes        | 1524     |
|    fps             | 89       |
|    time_elapsed    | 1718     |
|    total_timesteps | 153360   |
| train/             |          |
|    actor_loss      | -23.6    |
|    critic_loss     | 12.3     |
|    ent_coef        | 0.001    |
|    learning_rate   | 1e-05    |
|    n_updates       | 37839    |
---------------------------------
---------------------------------
| rollout/           |          |
|    ep_len_mean     | 90.2     |
|    ep_rew_mean     | -9.6     |
|    success_rate    | 0.15     |
| time/              |          |
|    episodes        | 1528     |
|    fps             | 89       |
|    time_elapsed    | 1722     |
|    total_timesteps | 153920   |
| train/             |          |
|    actor_loss      | -22.3    |
|    critic_loss     | 9.53     |
|    ent_coef        | 0.001    |
|    learning_rate   | 1e-05    |
|    n_updates       | 37979    |
---------------------------------
---------------------------------
| rollout/           |          |
|    ep_len_mean     | 93.6     |
|    ep_rew_mean     | -10.3    |
|    success_rate    | 0.13     |
| time/              |          |
|    episodes        | 1532     |
|    fps             | 89       |
|    time_elapsed    | 1725     |
|    total_timesteps | 154528   |
| train/             |          |
|    actor_loss      | -23      |
|    critic_loss     | 15.5     |
|    ent_coef        | 0.001    |
|    learning_rate   | 1e-05    |
|    n_updates       | 38131    |
---------------------------------
---------------------------------
| rollout/           |          |
|    ep_len_mean     | 96.9     |
|    ep_rew_mean     | -10.5    |
|    success_rate    | 0.11     |
| time/              |          |
|    episodes        | 1536     |
|    fps             | 89       |
|    time_elapsed    | 1730     |
|    total_timesteps | 155228   |
| train/             |          |
|    actor_loss      | -22.8    |
|    critic_loss     | 12.7     |
|    ent_coef        | 0.001    |
|    learning_rate   | 1e-05    |
|    n_updates       | 38306    |
---------------------------------
---------------------------------
| rollout/           |          |
|    ep_len_mean     | 100      |
|    ep_rew_mean     | -9.92    |
|    success_rate    | 0.12     |
| time/              |          |
|    episodes        | 1540     |
|    fps             | 89       |
|    time_elapsed    | 1732     |
|    total_timesteps | 155628   |
| train/             |          |
|    actor_loss      | -20.6    |
|    critic_loss     | 11.5     |
|    ent_coef        | 0.001    |
|    learning_rate   | 1e-05    |
|    n_updates       | 38406    |
---------------------------------
---------------------------------
| rollout/           |          |
|    ep_len_mean     | 98.7     |
|    ep_rew_mean     | -10.2    |
|    success_rate    | 0.12     |
| time/              |          |
|    episodes        | 1544     |
|    fps             | 89       |
|    time_elapsed    | 1735     |
|    total_timesteps | 156032   |
| train/             |          |
|    actor_loss      | -21.9    |
|    critic_loss     | 11.1     |
|    ent_coef        | 0.001    |
|    learning_rate   | 1e-05    |
|    n_updates       | 38507    |
---------------------------------
---------------------------------
| rollout/           |          |
|    ep_len_mean     | 97.1     |
|    ep_rew_mean     | -10      |
|    success_rate    | 0.13     |
| time/              |          |
|    episodes        | 1548     |
|    fps             | 89       |
|    time_elapsed    | 1737     |
|    total_timesteps | 156280   |
| train/             |          |
|    actor_loss      | -22.7    |
|    critic_loss     | 11.7     |
|    ent_coef        | 0.001    |
|    learning_rate   | 1e-05    |
|    n_updates       | 38569    |
---------------------------------
---------------------------------
| rollout/           |          |
|    ep_len_mean     | 98.8     |
|    ep_rew_mean     | -10.1    |
|    success_rate    | 0.12     |
| time/              |          |
|    episodes        | 1552     |
|    fps             | 90       |
|    time_elapsed    | 1739     |
|    total_timesteps | 156668   |
| train/             |          |
|    actor_loss      | -21.1    |
|    critic_loss     | 9.77     |
|    ent_coef        | 0.001    |
|    learning_rate   | 1e-05    |
|    n_updates       | 38666    |
---------------------------------
---------------------------------
| rollout/           |          |
|    ep_len_mean     | 100      |
|    ep_rew_mean     | -10.4    |
|    success_rate    | 0.1      |
| time/              |          |
|    episodes        | 1556     |
|    fps             | 90       |
|    time_elapsed    | 1741     |
|    total_timesteps | 157028   |
| train/             |          |
|    actor_loss      | -21.7    |
|    critic_loss     | 11.8     |
|    ent_coef        | 0.001    |
|    learning_rate   | 1e-05    |
|    n_updates       | 38756    |
---------------------------------
---------------------------------
| rollout/           |          |
|    ep_len_mean     | 98.6     |
|    ep_rew_mean     | -10.1    |
|    success_rate    | 0.11     |
| time/              |          |
|    episodes        | 1560     |
|    fps             | 90       |
|    time_elapsed    | 1744     |
|    total_timesteps | 157412   |
| train/             |          |
|    actor_loss      | -23      |
|    critic_loss     | 8.43     |
|    ent_coef        | 0.001    |
|    learning_rate   | 1e-05    |
|    n_updates       | 38852    |
---------------------------------
---------------------------------
| rollout/           |          |
|    ep_len_mean     | 95.2     |
|    ep_rew_mean     | -10      |
|    success_rate    | 0.12     |
| time/              |          |
|    episodes        | 1564     |
|    fps             | 90       |
|    time_elapsed    | 1746     |
|    total_timesteps | 157728   |
| train/             |          |
|    actor_loss      | -21.7    |
|    critic_loss     | 12.5     |
|    ent_coef        | 0.001    |
|    learning_rate   | 1e-05    |
|    n_updates       | 38931    |
---------------------------------
---------------------------------
| rollout/           |          |
|    ep_len_mean     | 93.4     |
|    ep_rew_mean     | -10.2    |
|    success_rate    | 0.12     |
| time/              |          |
|    episodes        | 1568     |
|    fps             | 90       |
|    time_elapsed    | 1749     |
|    total_timesteps | 158148   |
| train/             |          |
|    actor_loss      | -20.7    |
|    critic_loss     | 9.5      |
|    ent_coef        | 0.001    |
|    learning_rate   | 1e-05    |
|    n_updates       | 39036    |
---------------------------------
---------------------------------
| rollout/           |          |
|    ep_len_mean     | 95       |
|    ep_rew_mean     | -10.4    |
|    success_rate    | 0.1      |
| time/              |          |
|    episodes        | 1572     |
|    fps             | 90       |
|    time_elapsed    | 1751     |
|    total_timesteps | 158448   |
| train/             |          |
|    actor_loss      | -21.3    |
|    critic_loss     | 10.5     |
|    ent_coef        | 0.001    |
|    learning_rate   | 1e-05    |
|    n_updates       | 39111    |
---------------------------------
---------------------------------
| rollout/           |          |
|    ep_len_mean     | 96.7     |
|    ep_rew_mean     | -10.2    |
|    success_rate    | 0.1      |
| time/              |          |
|    episodes        | 1576     |
|    fps             | 90       |
|    time_elapsed    | 1755     |
|    total_timesteps | 159148   |
| train/             |          |
|    actor_loss      | -21.2    |
|    critic_loss     | 11.3     |
|    ent_coef        | 0.001    |
|    learning_rate   | 1e-05    |
|    n_updates       | 39286    |
---------------------------------
---------------------------------
| rollout/           |          |
|    ep_len_mean     | 94.8     |
|    ep_rew_mean     | -10.4    |
|    success_rate    | 0.1      |
| time/              |          |
|    episodes        | 1580     |
|    fps             | 90       |
|    time_elapsed    | 1755     |
|    total_timesteps | 159188   |
| train/             |          |
|    actor_loss      | -20.5    |
|    critic_loss     | 10.6     |
|    ent_coef        | 0.001    |
|    learning_rate   | 1e-05    |
|    n_updates       | 39296    |
---------------------------------
---------------------------------
| rollout/           |          |
|    ep_len_mean     | 95       |
|    ep_rew_mean     | -10.4    |
|    success_rate    | 0.1      |
| time/              |          |
|    episodes        | 1584     |
|    fps             | 90       |
|    time_elapsed    | 1759     |
|    total_timesteps | 159684   |
| train/             |          |
|    actor_loss      | -19.7    |
|    critic_loss     | 11       |
|    ent_coef        | 0.001    |
|    learning_rate   | 1e-05    |
|    n_updates       | 39420    |
---------------------------------
---------------------------------
| rollout/           |          |
|    ep_len_mean     | 95.1     |
|    ep_rew_mean     | -10.4    |
|    success_rate    | 0.1      |
| time/              |          |
|    episodes        | 1588     |
|    fps             | 90       |
|    time_elapsed    | 1760     |
|    total_timesteps | 159940   |
| train/             |          |
|    actor_loss      | -21.4    |
|    critic_loss     | 7.84     |
|    ent_coef        | 0.001    |
|    learning_rate   | 1e-05    |
|    n_updates       | 39484    |
---------------------------------
Eval num_timesteps=160000, episode_reward=-5.36 +/- 5.87
Episode length: 171.68 +/- 23.24
Success rate: 2.00%
---------------------------------
| eval/              |          |
|    mean_ep_length  | 172      |
|    mean_reward     | -5.36    |
|    success_rate    | 0.02     |
| time/              |          |
|    total_timesteps | 160000   |
| train/             |          |
|    actor_loss      | -20.4    |
|    critic_loss     | 7.38     |
|    ent_coef        | 0.001    |
|    learning_rate   | 1e-05    |
|    n_updates       | 39499    |
---------------------------------
Eval num_timesteps=160000, episode_reward=-10.31 +/- 13.68
Episode length: 44.52 +/- 66.43
Success rate: 32.00%
---------------------------------
| eval/              |          |
|    mean_ep_length  | 44.5     |
|    mean_reward     | -10.3    |
|    success_rate    | 0.32     |
| time/              |          |
|    total_timesteps | 160000   |
---------------------------------
Eval num_timesteps=160000, episode_reward=-15.81 +/- 5.95
Episode length: 89.54 +/- 85.48
Success rate: 0.00%
---------------------------------
| eval/              |          |
|    mean_ep_length  | 89.5     |
|    mean_reward     | -15.8    |
|    success_rate    | 0        |
| time/              |          |
|    total_timesteps | 160000   |
---------------------------------
---------------------------------
| rollout/           |          |
|    ep_len_mean     | 92.3     |
|    ep_rew_mean     | -9.93    |
|    success_rate    | 0.13     |
| time/              |          |
|    episodes        | 1592     |
|    fps             | 88       |
|    time_elapsed    | 1815     |
|    total_timesteps | 160268   |
| train/             |          |
|    actor_loss      | -22      |
|    critic_loss     | 9.38     |
|    ent_coef        | 0.001    |
|    learning_rate   | 1e-05    |
|    n_updates       | 39566    |
---------------------------------
---------------------------------
| rollout/           |          |
|    ep_len_mean     | 95.8     |
|    ep_rew_mean     | -9.63    |
|    success_rate    | 0.14     |
| time/              |          |
|    episodes        | 1596     |
|    fps             | 88       |
|    time_elapsed    | 1819     |
|    total_timesteps | 160836   |
| train/             |          |
|    actor_loss      | -21      |
|    critic_loss     | 18       |
|    ent_coef        | 0.001    |
|    learning_rate   | 1e-05    |
|    n_updates       | 39708    |
---------------------------------
---------------------------------
| rollout/           |          |
|    ep_len_mean     | 101      |
|    ep_rew_mean     | -9.33    |
|    success_rate    | 0.14     |
| time/              |          |
|    episodes        | 1600     |
|    fps             | 88       |
|    time_elapsed    | 1823     |
|    total_timesteps | 161536   |
| train/             |          |
|    actor_loss      | -21.2    |
|    critic_loss     | 13.7     |
|    ent_coef        | 0.001    |
|    learning_rate   | 1e-05    |
|    n_updates       | 39883    |
---------------------------------
---------------------------------
| rollout/           |          |
|    ep_len_mean     | 97.7     |
|    ep_rew_mean     | -8.82    |
|    success_rate    | 0.16     |
| time/              |          |
|    episodes        | 1604     |
|    fps             | 88       |
|    time_elapsed    | 1824     |
|    total_timesteps | 161668   |
| train/             |          |
|    actor_loss      | -20.5    |
|    critic_loss     | 12.2     |
|    ent_coef        | 0.001    |
|    learning_rate   | 1e-05    |
|    n_updates       | 39916    |
---------------------------------
---------------------------------
| rollout/           |          |
|    ep_len_mean     | 97.8     |
|    ep_rew_mean     | -8.44    |
|    success_rate    | 0.18     |
| time/              |          |
|    episodes        | 1608     |
|    fps             | 88       |
|    time_elapsed    | 1827     |
|    total_timesteps | 162100   |
| train/             |          |
|    actor_loss      | -20.8    |
|    critic_loss     | 8.46     |
|    ent_coef        | 0.001    |
|    learning_rate   | 1e-05    |
|    n_updates       | 40024    |
---------------------------------
---------------------------------
| rollout/           |          |
|    ep_len_mean     | 99.5     |
|    ep_rew_mean     | -8.6     |
|    success_rate    | 0.17     |
| time/              |          |
|    episodes        | 1612     |
|    fps             | 88       |
|    time_elapsed    | 1829     |
|    total_timesteps | 162404   |
| train/             |          |
|    actor_loss      | -20      |
|    critic_loss     | 11.8     |
|    ent_coef        | 0.001    |
|    learning_rate   | 1e-05    |
|    n_updates       | 40100    |
---------------------------------
---------------------------------
| rollout/           |          |
|    ep_len_mean     | 99.5     |
|    ep_rew_mean     | -8.43    |
|    success_rate    | 0.18     |
| time/              |          |
|    episodes        | 1616     |
|    fps             | 88       |
|    time_elapsed    | 1830     |
|    total_timesteps | 162568   |
| train/             |          |
|    actor_loss      | -20.3    |
|    critic_loss     | 13.2     |
|    ent_coef        | 0.001    |
|    learning_rate   | 1e-05    |
|    n_updates       | 40141    |
---------------------------------
---------------------------------
| rollout/           |          |
|    ep_len_mean     | 99.6     |
|    ep_rew_mean     | -8.32    |
|    success_rate    | 0.19     |
| time/              |          |
|    episodes        | 1620     |
|    fps             | 88       |
|    time_elapsed    | 1833     |
|    total_timesteps | 163092   |
| train/             |          |
|    actor_loss      | -21.5    |
|    critic_loss     | 8.13     |
|    ent_coef        | 0.001    |
|    learning_rate   | 1e-05    |
|    n_updates       | 40272    |
---------------------------------
---------------------------------
| rollout/           |          |
|    ep_len_mean     | 101      |
|    ep_rew_mean     | -8.59    |
|    success_rate    | 0.18     |
| time/              |          |
|    episodes        | 1624     |
|    fps             | 89       |
|    time_elapsed    | 1836     |
|    total_timesteps | 163524   |
| train/             |          |
|    actor_loss      | -20.2    |
|    critic_loss     | 13.8     |
|    ent_coef        | 0.001    |
|    learning_rate   | 1e-05    |
|    n_updates       | 40380    |
---------------------------------
---------------------------------
| rollout/           |          |
|    ep_len_mean     | 99.5     |
|    ep_rew_mean     | -8.55    |
|    success_rate    | 0.19     |
| time/              |          |
|    episodes        | 1628     |
|    fps             | 89       |
|    time_elapsed    | 1838     |
|    total_timesteps | 163816   |
| train/             |          |
|    actor_loss      | -19.8    |
|    critic_loss     | 7.79     |
|    ent_coef        | 0.001    |
|    learning_rate   | 1e-05    |
|    n_updates       | 40453    |
---------------------------------
---------------------------------
| rollout/           |          |
|    ep_len_mean     | 96       |
|    ep_rew_mean     | -8.61    |
|    success_rate    | 0.19     |
| time/              |          |
|    episodes        | 1632     |
|    fps             | 89       |
|    time_elapsed    | 1839     |
|    total_timesteps | 163992   |
| train/             |          |
|    actor_loss      | -21.4    |
|    critic_loss     | 16.6     |
|    ent_coef        | 0.001    |
|    learning_rate   | 1e-05    |
|    n_updates       | 40497    |
---------------------------------
---------------------------------
| rollout/           |          |
|    ep_len_mean     | 91.3     |
|    ep_rew_mean     | -8.47    |
|    success_rate    | 0.21     |
| time/              |          |
|    episodes        | 1636     |
|    fps             | 89       |
|    time_elapsed    | 1841     |
|    total_timesteps | 164236   |
| train/             |          |
|    actor_loss      | -20      |
|    critic_loss     | 13.8     |
|    ent_coef        | 0.001    |
|    learning_rate   | 1e-05    |
|    n_updates       | 40558    |
---------------------------------
---------------------------------
| rollout/           |          |
|    ep_len_mean     | 91.3     |
|    ep_rew_mean     | -8.94    |
|    success_rate    | 0.2      |
| time/              |          |
|    episodes        | 1640     |
|    fps             | 89       |
|    time_elapsed    | 1845     |
|    total_timesteps | 164924   |
| train/             |          |
|    actor_loss      | -21      |
|    critic_loss     | 8.96     |
|    ent_coef        | 0.001    |
|    learning_rate   | 1e-05    |
|    n_updates       | 40730    |
---------------------------------
---------------------------------
| rollout/           |          |
|    ep_len_mean     | 91.5     |
|    ep_rew_mean     | -8.58    |
|    success_rate    | 0.21     |
| time/              |          |
|    episodes        | 1644     |
|    fps             | 89       |
|    time_elapsed    | 1847     |
|    total_timesteps | 165224   |
| train/             |          |
|    actor_loss      | -20.2    |
|    critic_loss     | 11.7     |
|    ent_coef        | 0.001    |
|    learning_rate   | 1e-05    |
|    n_updates       | 40805    |
---------------------------------
---------------------------------
| rollout/           |          |
|    ep_len_mean     | 93.2     |
|    ep_rew_mean     | -8.47    |
|    success_rate    | 0.21     |
| time/              |          |
|    episodes        | 1648     |
|    fps             | 89       |
|    time_elapsed    | 1850     |
|    total_timesteps | 165624   |
| train/             |          |
|    actor_loss      | -19.7    |
|    critic_loss     | 6.54     |
|    ent_coef        | 0.001    |
|    learning_rate   | 1e-05    |
|    n_updates       | 40905    |
---------------------------------
---------------------------------
| rollout/           |          |
|    ep_len_mean     | 94.9     |
|    ep_rew_mean     | -8.35    |
|    success_rate    | 0.21     |
| time/              |          |
|    episodes        | 1652     |
|    fps             | 89       |
|    time_elapsed    | 1852     |
|    total_timesteps | 165988   |
| train/             |          |
|    actor_loss      | -20      |
|    critic_loss     | 8.77     |
|    ent_coef        | 0.001    |
|    learning_rate   | 1e-05    |
|    n_updates       | 40996    |
---------------------------------
---------------------------------
| rollout/           |          |
|    ep_len_mean     | 93.2     |
|    ep_rew_mean     | -8.43    |
|    success_rate    | 0.21     |
| time/              |          |
|    episodes        | 1656     |
|    fps             | 89       |
|    time_elapsed    | 1855     |
|    total_timesteps | 166444   |
| train/             |          |
|    actor_loss      | -20.2    |
|    critic_loss     | 7.42     |
|    ent_coef        | 0.001    |
|    learning_rate   | 1e-05    |
|    n_updates       | 41110    |
---------------------------------
---------------------------------
| rollout/           |          |
|    ep_len_mean     | 95       |
|    ep_rew_mean     | -8.09    |
|    success_rate    | 0.22     |
| time/              |          |
|    episodes        | 1660     |
|    fps             | 89       |
|    time_elapsed    | 1857     |
|    total_timesteps | 166708   |
| train/             |          |
|    actor_loss      | -19.8    |
|    critic_loss     | 9.93     |
|    ent_coef        | 0.001    |
|    learning_rate   | 1e-05    |
|    n_updates       | 41176    |
---------------------------------
---------------------------------
| rollout/           |          |
|    ep_len_mean     | 93.3     |
|    ep_rew_mean     | -8.82    |
|    success_rate    | 0.21     |
| time/              |          |
|    episodes        | 1664     |
|    fps             | 89       |
|    time_elapsed    | 1859     |
|    total_timesteps | 167024   |
| train/             |          |
|    actor_loss      | -20.4    |
|    critic_loss     | 8.47     |
|    ent_coef        | 0.001    |
|    learning_rate   | 1e-05    |
|    n_updates       | 41255    |
---------------------------------
---------------------------------
| rollout/           |          |
|    ep_len_mean     | 91.6     |
|    ep_rew_mean     | -8.48    |
|    success_rate    | 0.23     |
| time/              |          |
|    episodes        | 1668     |
|    fps             | 89       |
|    time_elapsed    | 1862     |
|    total_timesteps | 167428   |
| train/             |          |
|    actor_loss      | -19.5    |
|    critic_loss     | 8.44     |
|    ent_coef        | 0.001    |
|    learning_rate   | 1e-05    |
|    n_updates       | 41356    |
---------------------------------
---------------------------------
| rollout/           |          |
|    ep_len_mean     | 93.4     |
|    ep_rew_mean     | -8.02    |
|    success_rate    | 0.24     |
| time/              |          |
|    episodes        | 1672     |
|    fps             | 90       |
|    time_elapsed    | 1865     |
|    total_timesteps | 167916   |
| train/             |          |
|    actor_loss      | -20.1    |
|    critic_loss     | 8.75     |
|    ent_coef        | 0.001    |
|    learning_rate   | 1e-05    |
|    n_updates       | 41478    |
---------------------------------
---------------------------------
| rollout/           |          |
|    ep_len_mean     | 93.4     |
|    ep_rew_mean     | -8.22    |
|    success_rate    | 0.24     |
| time/              |          |
|    episodes        | 1676     |
|    fps             | 90       |
|    time_elapsed    | 1868     |
|    total_timesteps | 168468   |
| train/             |          |
|    actor_loss      | -19.7    |
|    critic_loss     | 13.4     |
|    ent_coef        | 0.001    |
|    learning_rate   | 1e-05    |
|    n_updates       | 41616    |
---------------------------------
---------------------------------
| rollout/           |          |
|    ep_len_mean     | 93.6     |
|    ep_rew_mean     | -8.2     |
|    success_rate    | 0.24     |
| time/              |          |
|    episodes        | 1680     |
|    fps             | 90       |
|    time_elapsed    | 1869     |
|    total_timesteps | 168624   |
| train/             |          |
|    actor_loss      | -20.5    |
|    critic_loss     | 8.22     |
|    ent_coef        | 0.001    |
|    learning_rate   | 1e-05    |
|    n_updates       | 41655    |
---------------------------------
---------------------------------
| rollout/           |          |
|    ep_len_mean     | 96.8     |
|    ep_rew_mean     | -8.51    |
|    success_rate    | 0.23     |
| time/              |          |
|    episodes        | 1684     |
|    fps             | 90       |
|    time_elapsed    | 1873     |
|    total_timesteps | 169324   |
| train/             |          |
|    actor_loss      | -19.8    |
|    critic_loss     | 8.47     |
|    ent_coef        | 0.001    |
|    learning_rate   | 1e-05    |
|    n_updates       | 41830    |
---------------------------------
---------------------------------
| rollout/           |          |
|    ep_len_mean     | 93.3     |
|    ep_rew_mean     | -8.72    |
|    success_rate    | 0.23     |
| time/              |          |
|    episodes        | 1688     |
|    fps             | 90       |
|    time_elapsed    | 1874     |
|    total_timesteps | 169360   |
| train/             |          |
|    actor_loss      | -19.5    |
|    critic_loss     | 11       |
|    ent_coef        | 0.001    |
|    learning_rate   | 1e-05    |
|    n_updates       | 41839    |
---------------------------------
---------------------------------
| rollout/           |          |
|    ep_len_mean     | 94.5     |
|    ep_rew_mean     | -9.04    |
|    success_rate    | 0.21     |
| time/              |          |
|    episodes        | 1692     |
|    fps             | 90       |
|    time_elapsed    | 1876     |
|    total_timesteps | 169620   |
| train/             |          |
|    actor_loss      | -20.2    |
|    critic_loss     | 10.2     |
|    ent_coef        | 0.001    |
|    learning_rate   | 1e-05    |
|    n_updates       | 41904    |
---------------------------------
Eval num_timesteps=170000, episode_reward=-6.73 +/- 10.23
Episode length: 150.16 +/- 57.10
Success rate: 14.00%
---------------------------------
| eval/              |          |
|    mean_ep_length  | 150      |
|    mean_reward     | -6.73    |
|    success_rate    | 0.14     |
| time/              |          |
|    total_timesteps | 170000   |
| train/             |          |
|    actor_loss      | -19.7    |
|    critic_loss     | 7.74     |
|    ent_coef        | 0.001    |
|    learning_rate   | 1e-05    |
|    n_updates       | 41999    |
---------------------------------
Eval num_timesteps=170000, episode_reward=-11.11 +/- 12.20
Episode length: 80.18 +/- 81.65
Success rate: 24.00%
---------------------------------
| eval/              |          |
|    mean_ep_length  | 80.2     |
|    mean_reward     | -11.1    |
|    success_rate    | 0.24     |
| time/              |          |
|    total_timesteps | 170000   |
---------------------------------
Eval num_timesteps=170000, episode_reward=-17.13 +/- 5.59
Episode length: 75.78 +/- 84.44
Success rate: 0.00%
---------------------------------
| eval/              |          |
|    mean_ep_length  | 75.8     |
|    mean_reward     | -17.1    |
|    success_rate    | 0        |
| time/              |          |
|    total_timesteps | 170000   |
---------------------------------
---------------------------------
| rollout/           |          |
|    ep_len_mean     | 92.8     |
|    ep_rew_mean     | -9.43    |
|    success_rate    | 0.2      |
| time/              |          |
|    episodes        | 1696     |
|    fps             | 87       |
|    time_elapsed    | 1934     |
|    total_timesteps | 170148   |
| train/             |          |
|    actor_loss      | -20.3    |
|    critic_loss     | 10.2     |
|    ent_coef        | 0.001    |
|    learning_rate   | 1e-05    |
|    n_updates       | 42036    |
---------------------------------
---------------------------------
| rollout/           |          |
|    ep_len_mean     | 86.4     |
|    ep_rew_mean     | -9.34    |
|    success_rate    | 0.22     |
| time/              |          |
|    episodes        | 1700     |
|    fps             | 87       |
|    time_elapsed    | 1935     |
|    total_timesteps | 170216   |
| train/             |          |
|    actor_loss      | -19.8    |
|    critic_loss     | 7.83     |
|    ent_coef        | 0.001    |
|    learning_rate   | 1e-05    |
|    n_updates       | 42053    |
---------------------------------
---------------------------------
| rollout/           |          |
|    ep_len_mean     | 86.3     |
|    ep_rew_mean     | -9.9     |
|    success_rate    | 0.2      |
| time/              |          |
|    episodes        | 1704     |
|    fps             | 87       |
|    time_elapsed    | 1936     |
|    total_timesteps | 170280   |
| train/             |          |
|    actor_loss      | -19.8    |
|    critic_loss     | 10.3     |
|    ent_coef        | 0.001    |
|    learning_rate   | 1e-05    |
|    n_updates       | 42069    |
---------------------------------
---------------------------------
| rollout/           |          |
|    ep_len_mean     | 84.6     |
|    ep_rew_mean     | -9.75    |
|    success_rate    | 0.2      |
| time/              |          |
|    episodes        | 1708     |
|    fps             | 87       |
|    time_elapsed    | 1937     |
|    total_timesteps | 170380   |
| train/             |          |
|    actor_loss      | -20.7    |
|    critic_loss     | 8.13     |
|    ent_coef        | 0.001    |
|    learning_rate   | 1e-05    |
|    n_updates       | 42094    |
---------------------------------
---------------------------------
| rollout/           |          |
|    ep_len_mean     | 84.9     |
|    ep_rew_mean     | -9.95    |
|    success_rate    | 0.2      |
| time/              |          |
|    episodes        | 1712     |
|    fps             | 88       |
|    time_elapsed    | 1940     |
|    total_timesteps | 170916   |
| train/             |          |
|    actor_loss      | -20.2    |
|    critic_loss     | 10.2     |
|    ent_coef        | 0.001    |
|    learning_rate   | 1e-05    |
|    n_updates       | 42228    |
---------------------------------
---------------------------------
| rollout/           |          |
|    ep_len_mean     | 87.1     |
|    ep_rew_mean     | -9.51    |
|    success_rate    | 0.21     |
| time/              |          |
|    episodes        | 1716     |
|    fps             | 88       |
|    time_elapsed    | 1943     |
|    total_timesteps | 171440   |
| train/             |          |
|    actor_loss      | -19.8    |
|    critic_loss     | 11.4     |
|    ent_coef        | 0.001    |
|    learning_rate   | 1e-05    |
|    n_updates       | 42359    |
---------------------------------
---------------------------------
| rollout/           |          |
|    ep_len_mean     | 87.1     |
|    ep_rew_mean     | -9.67    |
|    success_rate    | 0.2      |
| time/              |          |
|    episodes        | 1720     |
|    fps             | 88       |
|    time_elapsed    | 1945     |
|    total_timesteps | 171624   |
| train/             |          |
|    actor_loss      | -20.2    |
|    critic_loss     | 12       |
|    ent_coef        | 0.001    |
|    learning_rate   | 1e-05    |
|    n_updates       | 42405    |
---------------------------------
---------------------------------
| rollout/           |          |
|    ep_len_mean     | 85.9     |
|    ep_rew_mean     | -9.45    |
|    success_rate    | 0.21     |
| time/              |          |
|    episodes        | 1724     |
|    fps             | 88       |
|    time_elapsed    | 1949     |
|    total_timesteps | 172276   |
| train/             |          |
|    actor_loss      | -19.1    |
|    critic_loss     | 9.55     |
|    ent_coef        | 0.001    |
|    learning_rate   | 1e-05    |
|    n_updates       | 42568    |
---------------------------------
---------------------------------
| rollout/           |          |
|    ep_len_mean     | 86       |
|    ep_rew_mean     | -9.53    |
|    success_rate    | 0.21     |
| time/              |          |
|    episodes        | 1728     |
|    fps             | 88       |
|    time_elapsed    | 1949     |
|    total_timesteps | 172328   |
| train/             |          |
|    actor_loss      | -19.3    |
|    critic_loss     | 11.3     |
|    ent_coef        | 0.001    |
|    learning_rate   | 1e-05    |
|    n_updates       | 42581    |
---------------------------------
---------------------------------
| rollout/           |          |
|    ep_len_mean     | 89.5     |
|    ep_rew_mean     | -9.25    |
|    success_rate    | 0.21     |
| time/              |          |
|    episodes        | 1732     |
|    fps             | 88       |
|    time_elapsed    | 1953     |
|    total_timesteps | 173024   |
| train/             |          |
|    actor_loss      | -20.9    |
|    critic_loss     | 9.42     |
|    ent_coef        | 0.001    |
|    learning_rate   | 1e-05    |
|    n_updates       | 42755    |
---------------------------------
---------------------------------
| rollout/           |          |
|    ep_len_mean     | 90.8     |
|    ep_rew_mean     | -9.4     |
|    success_rate    | 0.2      |
| time/              |          |
|    episodes        | 1736     |
|    fps             | 88       |
|    time_elapsed    | 1955     |
|    total_timesteps | 173252   |
| train/             |          |
|    actor_loss      | -20.6    |
|    critic_loss     | 15.6     |
|    ent_coef        | 0.001    |
|    learning_rate   | 1e-05    |
|    n_updates       | 42812    |
---------------------------------
---------------------------------
| rollout/           |          |
|    ep_len_mean     | 90.8     |
|    ep_rew_mean     | -9.39    |
|    success_rate    | 0.2      |
| time/              |          |
|    episodes        | 1740     |
|    fps             | 88       |
|    time_elapsed    | 1958     |
|    total_timesteps | 173788   |
| train/             |          |
|    actor_loss      | -20.7    |
|    critic_loss     | 7.56     |
|    ent_coef        | 0.001    |
|    learning_rate   | 1e-05    |
|    n_updates       | 42946    |
---------------------------------
---------------------------------
| rollout/           |          |
|    ep_len_mean     | 92.4     |
|    ep_rew_mean     | -9.74    |
|    success_rate    | 0.19     |
| time/              |          |
|    episodes        | 1744     |
|    fps             | 88       |
|    time_elapsed    | 1962     |
|    total_timesteps | 174436   |
| train/             |          |
|    actor_loss      | -21.7    |
|    critic_loss     | 9.99     |
|    ent_coef        | 0.001    |
|    learning_rate   | 1e-05    |
|    n_updates       | 43108    |
---------------------------------
---------------------------------
| rollout/           |          |
|    ep_len_mean     | 92.7     |
|    ep_rew_mean     | -9.72    |
|    success_rate    | 0.2      |
| time/              |          |
|    episodes        | 1748     |
|    fps             | 88       |
|    time_elapsed    | 1965     |
|    total_timesteps | 174904   |
| train/             |          |
|    actor_loss      | -21.3    |
|    critic_loss     | 13       |
|    ent_coef        | 0.001    |
|    learning_rate   | 1e-05    |
|    n_updates       | 43225    |
---------------------------------
---------------------------------
| rollout/           |          |
|    ep_len_mean     | 92.8     |
|    ep_rew_mean     | -10      |
|    success_rate    | 0.2      |
| time/              |          |
|    episodes        | 1752     |
|    fps             | 89       |
|    time_elapsed    | 1968     |
|    total_timesteps | 175200   |
| train/             |          |
|    actor_loss      | -21.4    |
|    critic_loss     | 10.3     |
|    ent_coef        | 0.001    |
|    learning_rate   | 1e-05    |
|    n_updates       | 43299    |
---------------------------------
---------------------------------
| rollout/           |          |
|    ep_len_mean     | 95       |
|    ep_rew_mean     | -9.9     |
|    success_rate    | 0.21     |
| time/              |          |
|    episodes        | 1756     |
|    fps             | 89       |
|    time_elapsed    | 1972     |
|    total_timesteps | 175900   |
| train/             |          |
|    actor_loss      | -20.3    |
|    critic_loss     | 11.6     |
|    ent_coef        | 0.001    |
|    learning_rate   | 1e-05    |
|    n_updates       | 43474    |
---------------------------------
---------------------------------
| rollout/           |          |
|    ep_len_mean     | 94.9     |
|    ep_rew_mean     | -10.1    |
|    success_rate    | 0.2      |
| time/              |          |
|    episodes        | 1760     |
|    fps             | 89       |
|    time_elapsed    | 1973     |
|    total_timesteps | 176132   |
| train/             |          |
|    actor_loss      | -21.6    |
|    critic_loss     | 9.23     |
|    ent_coef        | 0.001    |
|    learning_rate   | 1e-05    |
|    n_updates       | 43532    |
---------------------------------
---------------------------------
| rollout/           |          |
|    ep_len_mean     | 95.1     |
|    ep_rew_mean     | -9.83    |
|    success_rate    | 0.21     |
| time/              |          |
|    episodes        | 1764     |
|    fps             | 89       |
|    time_elapsed    | 1976     |
|    total_timesteps | 176532   |
| train/             |          |
|    actor_loss      | -20.7    |
|    critic_loss     | 13.3     |
|    ent_coef        | 0.001    |
|    learning_rate   | 1e-05    |
|    n_updates       | 43632    |
---------------------------------
---------------------------------
| rollout/           |          |
|    ep_len_mean     | 95.1     |
|    ep_rew_mean     | -9.72    |
|    success_rate    | 0.21     |
| time/              |          |
|    episodes        | 1768     |
|    fps             | 89       |
|    time_elapsed    | 1980     |
|    total_timesteps | 177088   |
| train/             |          |
|    actor_loss      | -21.9    |
|    critic_loss     | 8.84     |
|    ent_coef        | 0.001    |
|    learning_rate   | 1e-05    |
|    n_updates       | 43771    |
---------------------------------
---------------------------------
| rollout/           |          |
|    ep_len_mean     | 95.1     |
|    ep_rew_mean     | -10.1    |
|    success_rate    | 0.2      |
| time/              |          |
|    episodes        | 1772     |
|    fps             | 89       |
|    time_elapsed    | 1981     |
|    total_timesteps | 177308   |
| train/             |          |
|    actor_loss      | -21.2    |
|    critic_loss     | 10.5     |
|    ent_coef        | 0.001    |
|    learning_rate   | 1e-05    |
|    n_updates       | 43826    |
---------------------------------
---------------------------------
| rollout/           |          |
|    ep_len_mean     | 93.4     |
|    ep_rew_mean     | -10.4    |
|    success_rate    | 0.2      |
| time/              |          |
|    episodes        | 1776     |
|    fps             | 89       |
|    time_elapsed    | 1984     |
|    total_timesteps | 177804   |
| train/             |          |
|    actor_loss      | -22.3    |
|    critic_loss     | 12.6     |
|    ent_coef        | 0.001    |
|    learning_rate   | 1e-05    |
|    n_updates       | 43950    |
---------------------------------
---------------------------------
| rollout/           |          |
|    ep_len_mean     | 94.9     |
|    ep_rew_mean     | -10.1    |
|    success_rate    | 0.2      |
| time/              |          |
|    episodes        | 1780     |
|    fps             | 89       |
|    time_elapsed    | 1986     |
|    total_timesteps | 178032   |
| train/             |          |
|    actor_loss      | -22      |
|    critic_loss     | 12.7     |
|    ent_coef        | 0.001    |
|    learning_rate   | 1e-05    |
|    n_updates       | 44007    |
---------------------------------
---------------------------------
| rollout/           |          |
|    ep_len_mean     | 93.2     |
|    ep_rew_mean     | -10.1    |
|    success_rate    | 0.2      |
| time/              |          |
|    episodes        | 1784     |
|    fps             | 89       |
|    time_elapsed    | 1990     |
|    total_timesteps | 178732   |
| train/             |          |
|    actor_loss      | -22.8    |
|    critic_loss     | 10.5     |
|    ent_coef        | 0.001    |
|    learning_rate   | 1e-05    |
|    n_updates       | 44182    |
---------------------------------
---------------------------------
| rollout/           |          |
|    ep_len_mean     | 96.5     |
|    ep_rew_mean     | -10.2    |
|    success_rate    | 0.19     |
| time/              |          |
|    episodes        | 1788     |
|    fps             | 89       |
|    time_elapsed    | 1992     |
|    total_timesteps | 178992   |
| train/             |          |
|    actor_loss      | -21.1    |
|    critic_loss     | 11.9     |
|    ent_coef        | 0.001    |
|    learning_rate   | 1e-05    |
|    n_updates       | 44247    |
---------------------------------
---------------------------------
| rollout/           |          |
|    ep_len_mean     | 96.7     |
|    ep_rew_mean     | -10.5    |
|    success_rate    | 0.19     |
| time/              |          |
|    episodes        | 1792     |
|    fps             | 89       |
|    time_elapsed    | 1995     |
|    total_timesteps | 179432   |
| train/             |          |
|    actor_loss      | -22.5    |
|    critic_loss     | 8.19     |
|    ent_coef        | 0.001    |
|    learning_rate   | 1e-05    |
|    n_updates       | 44357    |
---------------------------------
---------------------------------
| rollout/           |          |
|    ep_len_mean     | 96.7     |
|    ep_rew_mean     | -10.4    |
|    success_rate    | 0.19     |
| time/              |          |
|    episodes        | 1796     |
|    fps             | 89       |
|    time_elapsed    | 1998     |
|    total_timesteps | 179864   |
| train/             |          |
|    actor_loss      | -21.2    |
|    critic_loss     | 12.4     |
|    ent_coef        | 0.001    |
|    learning_rate   | 1e-05    |
|    n_updates       | 44465    |
---------------------------------
Eval num_timesteps=180000, episode_reward=-1.52 +/- 11.39
Episode length: 106.54 +/- 80.50
Success rate: 42.00%
---------------------------------
| eval/              |          |
|    mean_ep_length  | 107      |
|    mean_reward     | -1.52    |
|    success_rate    | 0.42     |
| time/              |          |
|    total_timesteps | 180000   |
| train/             |          |
|    actor_loss      | -21.6    |
|    critic_loss     | 17.9     |
|    ent_coef        | 0.001    |
|    learning_rate   | 1e-05    |
|    n_updates       | 44499    |
---------------------------------
New best mean reward!
[DenseSuccessCallback - transit] New best: 42.0% -> ./checkpoints/dense_refinement_20260424_125903/best_model_transit.zip
Eval num_timesteps=180000, episode_reward=-9.15 +/- 13.21
Episode length: 71.26 +/- 79.16
Success rate: 34.00%
---------------------------------
| eval/              |          |
|    mean_ep_length  | 71.3     |
|    mean_reward     | -9.15    |
|    success_rate    | 0.34     |
| time/              |          |
|    total_timesteps | 180000   |
---------------------------------
Eval num_timesteps=180000, episode_reward=-17.62 +/- 5.15
Episode length: 76.52 +/- 84.03
Success rate: 0.00%
---------------------------------
| eval/              |          |
|    mean_ep_length  | 76.5     |
|    mean_reward     | -17.6    |
|    success_rate    | 0        |
| time/              |          |
|    total_timesteps | 180000   |
---------------------------------
---------------------------------
| rollout/           |          |
|    ep_len_mean     | 101      |
|    ep_rew_mean     | -10.8    |
|    success_rate    | 0.17     |
| time/              |          |
|    episodes        | 1800     |
|    fps             | 87       |
|    time_elapsed    | 2047     |
|    total_timesteps | 180152   |
| train/             |          |
|    actor_loss      | -22      |
|    critic_loss     | 10.4     |
|    ent_coef        | 0.001    |
|    learning_rate   | 1e-05    |
|    n_updates       | 44537    |
---------------------------------
---------------------------------
| rollout/           |          |
|    ep_len_mean     | 107      |
|    ep_rew_mean     | -10.3    |
|    success_rate    | 0.17     |
| time/              |          |
|    episodes        | 1804     |
|    fps             | 88       |
|    time_elapsed    | 2051     |
|    total_timesteps | 180852   |
| train/             |          |
|    actor_loss      | -21.5    |
|    critic_loss     | 8.29     |
|    ent_coef        | 0.001    |
|    learning_rate   | 1e-05    |
|    n_updates       | 44712    |
---------------------------------
---------------------------------
| rollout/           |          |
|    ep_len_mean     | 108      |
|    ep_rew_mean     | -10.2    |
|    success_rate    | 0.17     |
| time/              |          |
|    episodes        | 1808     |
|    fps             | 88       |
|    time_elapsed    | 2055     |
|    total_timesteps | 181360   |
| train/             |          |
|    actor_loss      | -22.1    |
|    critic_loss     | 7.02     |
|    ent_coef        | 0.001    |
|    learning_rate   | 1e-05    |
|    n_updates       | 44839    |
---------------------------------
---------------------------------
| rollout/           |          |
|    ep_len_mean     | 106      |
|    ep_rew_mean     | -9.89    |
|    success_rate    | 0.18     |
| time/              |          |
|    episodes        | 1812     |
|    fps             | 88       |
|    time_elapsed    | 2056     |
|    total_timesteps | 181540   |
| train/             |          |
|    actor_loss      | -22.4    |
|    critic_loss     | 7.97     |
|    ent_coef        | 0.001    |
|    learning_rate   | 1e-05    |
|    n_updates       | 44884    |
---------------------------------
---------------------------------
| rollout/           |          |
|    ep_len_mean     | 108      |
|    ep_rew_mean     | -9.92    |
|    success_rate    | 0.17     |
| time/              |          |
|    episodes        | 1816     |
|    fps             | 88       |
|    time_elapsed    | 2060     |
|    total_timesteps | 182200   |
| train/             |          |
|    actor_loss      | -23      |
|    critic_loss     | 8.77     |
|    ent_coef        | 0.001    |
|    learning_rate   | 1e-05    |
|    n_updates       | 45049    |
---------------------------------
---------------------------------
| rollout/           |          |
|    ep_len_mean     | 106      |
|    ep_rew_mean     | -10      |
|    success_rate    | 0.17     |
| time/              |          |
|    episodes        | 1820     |
|    fps             | 88       |
|    time_elapsed    | 2061     |
|    total_timesteps | 182240   |
| train/             |          |
|    actor_loss      | -22.4    |
|    critic_loss     | 10.8     |
|    ent_coef        | 0.001    |
|    learning_rate   | 1e-05    |
|    n_updates       | 45059    |
---------------------------------
---------------------------------
| rollout/           |          |
|    ep_len_mean     | 104      |
|    ep_rew_mean     | -10.4    |
|    success_rate    | 0.16     |
| time/              |          |
|    episodes        | 1824     |
|    fps             | 88       |
|    time_elapsed    | 2062     |
|    total_timesteps | 182340   |
| train/             |          |
|    actor_loss      | -22.5    |
|    critic_loss     | 10.3     |
|    ent_coef        | 0.001    |
|    learning_rate   | 1e-05    |
|    n_updates       | 45084    |
---------------------------------
---------------------------------
| rollout/           |          |
|    ep_len_mean     | 105      |
|    ep_rew_mean     | -10.2    |
|    success_rate    | 0.16     |
| time/              |          |
|    episodes        | 1828     |
|    fps             | 88       |
|    time_elapsed    | 2065     |
|    total_timesteps | 182952   |
| train/             |          |
|    actor_loss      | -22.9    |
|    critic_loss     | 12.9     |
|    ent_coef        | 0.001    |
|    learning_rate   | 1e-05    |
|    n_updates       | 45237    |
---------------------------------
---------------------------------
| rollout/           |          |
|    ep_len_mean     | 100      |
|    ep_rew_mean     | -9.68    |
|    success_rate    | 0.19     |
| time/              |          |
|    episodes        | 1832     |
|    fps             | 88       |
|    time_elapsed    | 2066     |
|    total_timesteps | 183032   |
| train/             |          |
|    actor_loss      | -22.7    |
|    critic_loss     | 8.86     |
|    ent_coef        | 0.001    |
|    learning_rate   | 1e-05    |
|    n_updates       | 45257    |
---------------------------------
---------------------------------
| rollout/           |          |
|    ep_len_mean     | 100      |
|    ep_rew_mean     | -9.77    |
|    success_rate    | 0.18     |
| time/              |          |
|    episodes        | 1836     |
|    fps             | 88       |
|    time_elapsed    | 2069     |
|    total_timesteps | 183404   |
| train/             |          |
|    actor_loss      | -22.9    |
|    critic_loss     | 10.7     |
|    ent_coef        | 0.001    |
|    learning_rate   | 1e-05    |
|    n_updates       | 45350    |
---------------------------------
---------------------------------
| rollout/           |          |
|    ep_len_mean     | 97.8     |
|    ep_rew_mean     | -10.3    |
|    success_rate    | 0.18     |
| time/              |          |
|    episodes        | 1840     |
|    fps             | 88       |
|    time_elapsed    | 2071     |
|    total_timesteps | 183704   |
| train/             |          |
|    actor_loss      | -22.5    |
|    critic_loss     | 7.02     |
|    ent_coef        | 0.001    |
|    learning_rate   | 1e-05    |
|    n_updates       | 45425    |
---------------------------------
---------------------------------
| rollout/           |          |
|    ep_len_mean     | 96       |
|    ep_rew_mean     | -10.1    |
|    success_rate    | 0.19     |
| time/              |          |
|    episodes        | 1844     |
|    fps             | 88       |
|    time_elapsed    | 2074     |
|    total_timesteps | 184128   |
| train/             |          |
|    actor_loss      | -21.6    |
|    critic_loss     | 7.95     |
|    ent_coef        | 0.001    |
|    learning_rate   | 1e-05    |
|    n_updates       | 45531    |
---------------------------------
---------------------------------
| rollout/           |          |
|    ep_len_mean     | 95.7     |
|    ep_rew_mean     | -10.4    |
|    success_rate    | 0.18     |
| time/              |          |
|    episodes        | 1848     |
|    fps             | 88       |
|    time_elapsed    | 2076     |
|    total_timesteps | 184372   |
| train/             |          |
|    actor_loss      | -23.7    |
|    critic_loss     | 8.06     |
|    ent_coef        | 0.001    |
|    learning_rate   | 1e-05    |
|    n_updates       | 45592    |
---------------------------------
---------------------------------
| rollout/           |          |
|    ep_len_mean     | 92.4     |
|    ep_rew_mean     | -10.1    |
|    success_rate    | 0.19     |
| time/              |          |
|    episodes        | 1852     |
|    fps             | 88       |
|    time_elapsed    | 2076     |
|    total_timesteps | 184440   |
| train/             |          |
|    actor_loss      | -23.4    |
|    critic_loss     | 8.64     |
|    ent_coef        | 0.001    |
|    learning_rate   | 1e-05    |
|    n_updates       | 45609    |
---------------------------------
---------------------------------
| rollout/           |          |
|    ep_len_mean     | 92.1     |
|    ep_rew_mean     | -9.74    |
|    success_rate    | 0.19     |
| time/              |          |
|    episodes        | 1856     |
|    fps             | 88       |
|    time_elapsed    | 2080     |
|    total_timesteps | 185112   |
| train/             |          |
|    actor_loss      | -22.2    |
|    critic_loss     | 7.29     |
|    ent_coef        | 0.001    |
|    learning_rate   | 1e-05    |
|    n_updates       | 45777    |
---------------------------------
---------------------------------
| rollout/           |          |
|    ep_len_mean     | 94.1     |
|    ep_rew_mean     | -9.42    |
|    success_rate    | 0.2      |
| time/              |          |
|    episodes        | 1860     |
|    fps             | 89       |
|    time_elapsed    | 2083     |
|    total_timesteps | 185528   |
| train/             |          |
|    actor_loss      | -23.9    |
|    critic_loss     | 8.66     |
|    ent_coef        | 0.001    |
|    learning_rate   | 1e-05    |
|    n_updates       | 45881    |
---------------------------------
---------------------------------
| rollout/           |          |
|    ep_len_mean     | 95.7     |
|    ep_rew_mean     | -9.45    |
|    success_rate    | 0.19     |
| time/              |          |
|    episodes        | 1864     |
|    fps             | 89       |
|    time_elapsed    | 2086     |
|    total_timesteps | 185920   |
| train/             |          |
|    actor_loss      | -23.6    |
|    critic_loss     | 9.61     |
|    ent_coef        | 0.001    |
|    learning_rate   | 1e-05    |
|    n_updates       | 45979    |
---------------------------------
---------------------------------
| rollout/           |          |
|    ep_len_mean     | 90.6     |
|    ep_rew_mean     | -9.76    |
|    success_rate    | 0.19     |
| time/              |          |
|    episodes        | 1868     |
|    fps             | 89       |
|    time_elapsed    | 2086     |
|    total_timesteps | 185996   |
| train/             |          |
|    actor_loss      | -23      |
|    critic_loss     | 6.81     |
|    ent_coef        | 0.001    |
|    learning_rate   | 1e-05    |
|    n_updates       | 45998    |
---------------------------------
---------------------------------
| rollout/           |          |
|    ep_len_mean     | 92.3     |
|    ep_rew_mean     | -9.97    |
|    success_rate    | 0.18     |
| time/              |          |
|    episodes        | 1872     |
|    fps             | 89       |
|    time_elapsed    | 2091     |
|    total_timesteps | 186684   |
| train/             |          |
|    actor_loss      | -23      |
|    critic_loss     | 12.9     |
|    ent_coef        | 0.001    |
|    learning_rate   | 1e-05    |
|    n_updates       | 46170    |
---------------------------------
---------------------------------
| rollout/           |          |
|    ep_len_mean     | 92.8     |
|    ep_rew_mean     | -9.45    |
|    success_rate    | 0.19     |
| time/              |          |
|    episodes        | 1876     |
|    fps             | 89       |
|    time_elapsed    | 2093     |
|    total_timesteps | 187100   |
| train/             |          |
|    actor_loss      | -23.1    |
|    critic_loss     | 8.83     |
|    ent_coef        | 0.001    |
|    learning_rate   | 1e-05    |
|    n_updates       | 46274    |
---------------------------------
---------------------------------
| rollout/           |          |
|    ep_len_mean     | 92.9     |
|    ep_rew_mean     | -9.33    |
|    success_rate    | 0.2      |
| time/              |          |
|    episodes        | 1880     |
|    fps             | 89       |
|    time_elapsed    | 2096     |
|    total_timesteps | 187420   |
| train/             |          |
|    actor_loss      | -24.2    |
|    critic_loss     | 6.21     |
|    ent_coef        | 0.001    |
|    learning_rate   | 1e-05    |
|    n_updates       | 46354    |
---------------------------------
---------------------------------
| rollout/           |          |
|    ep_len_mean     | 91.3     |
|    ep_rew_mean     | -9.33    |
|    success_rate    | 0.21     |
| time/              |          |
|    episodes        | 1884     |
|    fps             | 89       |
|    time_elapsed    | 2098     |
|    total_timesteps | 187812   |
| train/             |          |
|    actor_loss      | -23.6    |
|    critic_loss     | 10.3     |
|    ent_coef        | 0.001    |
|    learning_rate   | 1e-05    |
|    n_updates       | 46452    |
---------------------------------
---------------------------------
| rollout/           |          |
|    ep_len_mean     | 91.5     |
|    ep_rew_mean     | -8.99    |
|    success_rate    | 0.22     |
| time/              |          |
|    episodes        | 1888     |
|    fps             | 89       |
|    time_elapsed    | 2101     |
|    total_timesteps | 188180   |
| train/             |          |
|    actor_loss      | -22.8    |
|    critic_loss     | 18.3     |
|    ent_coef        | 0.001    |
|    learning_rate   | 1e-05    |
|    n_updates       | 46544    |
---------------------------------
---------------------------------
| rollout/           |          |
|    ep_len_mean     | 92.9     |
|    ep_rew_mean     | -9.34    |
|    success_rate    | 0.21     |
| time/              |          |
|    episodes        | 1892     |
|    fps             | 89       |
|    time_elapsed    | 2104     |
|    total_timesteps | 188724   |
| train/             |          |
|    actor_loss      | -22.5    |
|    critic_loss     | 7.16     |
|    ent_coef        | 0.001    |
|    learning_rate   | 1e-05    |
|    n_updates       | 46680    |
---------------------------------
---------------------------------
| rollout/           |          |
|    ep_len_mean     | 96.2     |
|    ep_rew_mean     | -9.37    |
|    success_rate    | 0.2      |
| time/              |          |
|    episodes        | 1896     |
|    fps             | 89       |
|    time_elapsed    | 2108     |
|    total_timesteps | 189424   |
| train/             |          |
|    actor_loss      | -23.9    |
|    critic_loss     | 10.1     |
|    ent_coef        | 0.001    |
|    learning_rate   | 1e-05    |
|    n_updates       | 46855    |
---------------------------------
---------------------------------
| rollout/           |          |
|    ep_len_mean     | 95       |
|    ep_rew_mean     | -9.32    |
|    success_rate    | 0.2      |
| time/              |          |
|    episodes        | 1900     |
|    fps             | 89       |
|    time_elapsed    | 2109     |
|    total_timesteps | 189592   |
| train/             |          |
|    actor_loss      | -23.4    |
|    critic_loss     | 12.8     |
|    ent_coef        | 0.001    |
|    learning_rate   | 1e-05    |
|    n_updates       | 46897    |
---------------------------------
Eval num_timesteps=190000, episode_reward=-3.53 +/- 7.24
Episode length: 149.22 +/- 59.17
Success rate: 16.00%
---------------------------------
| eval/              |          |
|    mean_ep_length  | 149      |
|    mean_reward     | -3.53    |
|    success_rate    | 0.16     |
| time/              |          |
|    total_timesteps | 190000   |
| train/             |          |
|    actor_loss      | -24      |
|    critic_loss     | 7.79     |
|    ent_coef        | 0.001    |
|    learning_rate   | 1e-05    |
|    n_updates       | 46999    |
---------------------------------
Eval num_timesteps=190000, episode_reward=-10.56 +/- 11.95
Episode length: 121.26 +/- 72.63
Success rate: 24.00%
---------------------------------
| eval/              |          |
|    mean_ep_length  | 121      |
|    mean_reward     | -10.6    |
|    success_rate    | 0.24     |
| time/              |          |
|    total_timesteps | 190000   |
---------------------------------
Eval num_timesteps=190000, episode_reward=-17.27 +/- 5.63
Episode length: 68.72 +/- 83.22
Success rate: 0.00%
---------------------------------
| eval/              |          |
|    mean_ep_length  | 68.7     |
|    mean_reward     | -17.3    |
|    success_rate    | 0        |
| time/              |          |
|    total_timesteps | 190000   |
---------------------------------
---------------------------------
| rollout/           |          |
|    ep_len_mean     | 91.6     |
|    ep_rew_mean     | -9.38    |
|    success_rate    | 0.21     |
| time/              |          |
|    episodes        | 1904     |
|    fps             | 87       |
|    time_elapsed    | 2172     |
|    total_timesteps | 190224   |
| train/             |          |
|    actor_loss      | -24      |
|    critic_loss     | 7.77     |
|    ent_coef        | 0.001    |
|    learning_rate   | 1e-05    |
|    n_updates       | 47055    |
---------------------------------
---------------------------------
| rollout/           |          |
|    ep_len_mean     | 93.2     |
|    ep_rew_mean     | -10.1    |
|    success_rate    | 0.19     |
| time/              |          |
|    episodes        | 1908     |
|    fps             | 87       |
|    time_elapsed    | 2176     |
|    total_timesteps | 190848   |
| train/             |          |
|    actor_loss      | -23.9    |
|    critic_loss     | 11.7     |
|    ent_coef        | 0.001    |
|    learning_rate   | 1e-05    |
|    n_updates       | 47211    |
---------------------------------
---------------------------------
| rollout/           |          |
|    ep_len_mean     | 96.5     |
|    ep_rew_mean     | -10.5    |
|    success_rate    | 0.17     |
| time/              |          |
|    episodes        | 1912     |
|    fps             | 87       |
|    time_elapsed    | 2177     |
|    total_timesteps | 191020   |
| train/             |          |
|    actor_loss      | -24.4    |
|    critic_loss     | 10.8     |
|    ent_coef        | 0.001    |
|    learning_rate   | 1e-05    |
|    n_updates       | 47254    |
---------------------------------
---------------------------------
| rollout/           |          |
|    ep_len_mean     | 97       |
|    ep_rew_mean     | -11.1    |
|    success_rate    | 0.16     |
| time/              |          |
|    episodes        | 1916     |
|    fps             | 87       |
|    time_elapsed    | 2182     |
|    total_timesteps | 191720   |
| train/             |          |
|    actor_loss      | -24.4    |
|    critic_loss     | 6.11     |
|    ent_coef        | 0.001    |
|    learning_rate   | 1e-05    |
|    n_updates       | 47429    |
---------------------------------
---------------------------------
| rollout/           |          |
|    ep_len_mean     | 97.2     |
|    ep_rew_mean     | -10.5    |
|    success_rate    | 0.18     |
| time/              |          |
|    episodes        | 1920     |
|    fps             | 87       |
|    time_elapsed    | 2182     |
|    total_timesteps | 191776   |
| train/             |          |
|    actor_loss      | -24.4    |
|    critic_loss     | 9.95     |
|    ent_coef        | 0.001    |
|    learning_rate   | 1e-05    |
|    n_updates       | 47443    |
---------------------------------
---------------------------------
| rollout/           |          |
|    ep_len_mean     | 101      |
|    ep_rew_mean     | -10.5    |
|    success_rate    | 0.18     |
| time/              |          |
|    episodes        | 1924     |
|    fps             | 88       |
|    time_elapsed    | 2187     |
|    total_timesteps | 192468   |
| train/             |          |
|    actor_loss      | -25.1    |
|    critic_loss     | 9.19     |
|    ent_coef        | 0.001    |
|    learning_rate   | 1e-05    |
|    n_updates       | 47616    |
---------------------------------
---------------------------------
| rollout/           |          |
|    ep_len_mean     | 102      |
|    ep_rew_mean     | -11      |
|    success_rate    | 0.17     |
| time/              |          |
|    episodes        | 1928     |
|    fps             | 88       |
|    time_elapsed    | 2191     |
|    total_timesteps | 193168   |
| train/             |          |
|    actor_loss      | -24.4    |
|    critic_loss     | 9.97     |
|    ent_coef        | 0.001    |
|    learning_rate   | 1e-05    |
|    n_updates       | 47791    |
---------------------------------
---------------------------------
| rollout/           |          |
|    ep_len_mean     | 106      |
|    ep_rew_mean     | -10.9    |
|    success_rate    | 0.16     |
| time/              |          |
|    episodes        | 1932     |
|    fps             | 88       |
|    time_elapsed    | 2195     |
|    total_timesteps | 193748   |
| train/             |          |
|    actor_loss      | -26.1    |
|    critic_loss     | 14.1     |
|    ent_coef        | 0.001    |
|    learning_rate   | 1e-05    |
|    n_updates       | 47936    |
---------------------------------
---------------------------------
| rollout/           |          |
|    ep_len_mean     | 107      |
|    ep_rew_mean     | -10.8    |
|    success_rate    | 0.16     |
| time/              |          |
|    episodes        | 1936     |
|    fps             | 88       |
|    time_elapsed    | 2196     |
|    total_timesteps | 193924   |
| train/             |          |
|    actor_loss      | -25.7    |
|    critic_loss     | 18.2     |
|    ent_coef        | 0.001    |
|    learning_rate   | 1e-05    |
|    n_updates       | 47980    |
---------------------------------
---------------------------------
| rollout/           |          |
|    ep_len_mean     | 106      |
|    ep_rew_mean     | -10.5    |
|    success_rate    | 0.16     |
| time/              |          |
|    episodes        | 1940     |
|    fps             | 88       |
|    time_elapsed    | 2200     |
|    total_timesteps | 194460   |
| train/             |          |
|    actor_loss      | -25.7    |
|    critic_loss     | 11.1     |
|    ent_coef        | 0.001    |
|    learning_rate   | 1e-05    |
|    n_updates       | 48114    |
---------------------------------
---------------------------------
| rollout/           |          |
|    ep_len_mean     | 108      |
|    ep_rew_mean     | -10.5    |
|    success_rate    | 0.15     |
| time/              |          |
|    episodes        | 1944     |
|    fps             | 88       |
|    time_elapsed    | 2201     |
|    total_timesteps | 194644   |
| train/             |          |
|    actor_loss      | -24      |
|    critic_loss     | 8.25     |
|    ent_coef        | 0.001    |
|    learning_rate   | 1e-05    |
|    n_updates       | 48160    |
---------------------------------
---------------------------------
| rollout/           |          |
|    ep_len_mean     | 105      |
|    ep_rew_mean     | -10.6    |
|    success_rate    | 0.15     |
| time/              |          |
|    episodes        | 1948     |
|    fps             | 88       |
|    time_elapsed    | 2202     |
|    total_timesteps | 194812   |
| train/             |          |
|    actor_loss      | -25      |
|    critic_loss     | 17.7     |
|    ent_coef        | 0.001    |
|    learning_rate   | 1e-05    |
|    n_updates       | 48202    |
---------------------------------
---------------------------------
| rollout/           |          |
|    ep_len_mean     | 108      |
|    ep_rew_mean     | -10.6    |
|    success_rate    | 0.14     |
| time/              |          |
|    episodes        | 1952     |
|    fps             | 88       |
|    time_elapsed    | 2206     |
|    total_timesteps | 195464   |
| train/             |          |
|    actor_loss      | -26.5    |
|    critic_loss     | 7.41     |
|    ent_coef        | 0.001    |
|    learning_rate   | 1e-05    |
|    n_updates       | 48365    |
---------------------------------
---------------------------------
| rollout/           |          |
|    ep_len_mean     | 107      |
|    ep_rew_mean     | -11.3    |
|    success_rate    | 0.13     |
| time/              |          |
|    episodes        | 1956     |
|    fps             | 88       |
|    time_elapsed    | 2210     |
|    total_timesteps | 195976   |
| train/             |          |
|    actor_loss      | -25.8    |
|    critic_loss     | 8.86     |
|    ent_coef        | 0.001    |
|    learning_rate   | 1e-05    |
|    n_updates       | 48493    |
---------------------------------
---------------------------------
| rollout/           |          |
|    ep_len_mean     | 105      |
|    ep_rew_mean     | -11.9    |
|    success_rate    | 0.11     |
| time/              |          |
|    episodes        | 1960     |
|    fps             | 88       |
|    time_elapsed    | 2211     |
|    total_timesteps | 196164   |
| train/             |          |
|    actor_loss      | -25.1    |
|    critic_loss     | 7.51     |
|    ent_coef        | 0.001    |
|    learning_rate   | 1e-05    |
|    n_updates       | 48540    |
---------------------------------
---------------------------------
| rollout/           |          |
|    ep_len_mean     | 104      |
|    ep_rew_mean     | -11.8    |
|    success_rate    | 0.12     |
| time/              |          |
|    episodes        | 1964     |
|    fps             | 88       |
|    time_elapsed    | 2212     |
|    total_timesteps | 196256   |
| train/             |          |
|    actor_loss      | -25.8    |
|    critic_loss     | 6.84     |
|    ent_coef        | 0.001    |
|    learning_rate   | 1e-05    |
|    n_updates       | 48563    |
---------------------------------
---------------------------------
| rollout/           |          |
|    ep_len_mean     | 109      |
|    ep_rew_mean     | -11.9    |
|    success_rate    | 0.11     |
| time/              |          |
|    episodes        | 1968     |
|    fps             | 88       |
|    time_elapsed    | 2216     |
|    total_timesteps | 196928   |
| train/             |          |
|    actor_loss      | -26.1    |
|    critic_loss     | 11.5     |
|    ent_coef        | 0.001    |
|    learning_rate   | 1e-05    |
|    n_updates       | 48731    |
---------------------------------
---------------------------------
| rollout/           |          |
|    ep_len_mean     | 110      |
|    ep_rew_mean     | -11.7    |
|    success_rate    | 0.11     |
| time/              |          |
|    episodes        | 1972     |
|    fps             | 88       |
|    time_elapsed    | 2220     |
|    total_timesteps | 197628   |
| train/             |          |
|    actor_loss      | -25.6    |
|    critic_loss     | 7.02     |
|    ent_coef        | 0.001    |
|    learning_rate   | 1e-05    |
|    n_updates       | 48906    |
---------------------------------
---------------------------------
| rollout/           |          |
|    ep_len_mean     | 108      |
|    ep_rew_mean     | -12.1    |
|    success_rate    | 0.1      |
| time/              |          |
|    episodes        | 1976     |
|    fps             | 88       |
|    time_elapsed    | 2221     |
|    total_timesteps | 197692   |
| train/             |          |
|    actor_loss      | -26.9    |
|    critic_loss     | 7.49     |
|    ent_coef        | 0.001    |
|    learning_rate   | 1e-05    |
|    n_updates       | 48922    |
---------------------------------
---------------------------------
| rollout/           |          |
|    ep_len_mean     | 108      |
|    ep_rew_mean     | -12.2    |
|    success_rate    | 0.09     |
| time/              |          |
|    episodes        | 1980     |
|    fps             | 89       |
|    time_elapsed    | 2224     |
|    total_timesteps | 198264   |
| train/             |          |
|    actor_loss      | -28.2    |
|    critic_loss     | 7.63     |
|    ent_coef        | 0.001    |
|    learning_rate   | 1e-05    |
|    n_updates       | 49065    |
---------------------------------
---------------------------------
| rollout/           |          |
|    ep_len_mean     | 110      |
|    ep_rew_mean     | -11.9    |
|    success_rate    | 0.09     |
| time/              |          |
|    episodes        | 1984     |
|    fps             | 89       |
|    time_elapsed    | 2228     |
|    total_timesteps | 198852   |
| train/             |          |
|    actor_loss      | -26.6    |
|    critic_loss     | 7.58     |
|    ent_coef        | 0.001    |
|    learning_rate   | 1e-05    |
|    n_updates       | 49212    |
---------------------------------
---------------------------------
| rollout/           |          |
|    ep_len_mean     | 109      |
|    ep_rew_mean     | -12.2    |
|    success_rate    | 0.08     |
| time/              |          |
|    episodes        | 1988     |
|    fps             | 89       |
|    time_elapsed    | 2230     |
|    total_timesteps | 199092   |
| train/             |          |
|    actor_loss      | -25.8    |
|    critic_loss     | 8.62     |
|    ent_coef        | 0.001    |
|    learning_rate   | 1e-05    |
|    n_updates       | 49272    |
---------------------------------
---------------------------------
| rollout/           |          |
|    ep_len_mean     | 108      |
|    ep_rew_mean     | -11.9    |
|    success_rate    | 0.09     |
| time/              |          |
|    episodes        | 1992     |
|    fps             | 89       |
|    time_elapsed    | 2233     |
|    total_timesteps | 199552   |
| train/             |          |
|    actor_loss      | -28.2    |
|    critic_loss     | 8.85     |
|    ent_coef        | 0.001    |
|    learning_rate   | 1e-05    |
|    n_updates       | 49387    |
---------------------------------
---------------------------------
| rollout/           |          |
|    ep_len_mean     | 106      |
|    ep_rew_mean     | -11.8    |
|    success_rate    | 0.09     |
| time/              |          |
|    episodes        | 1996     |
|    fps             | 89       |
|    time_elapsed    | 2235     |
|    total_timesteps | 199916   |
| train/             |          |
|    actor_loss      | -26.6    |
|    critic_loss     | 9.49     |
|    ent_coef        | 0.001    |
|    learning_rate   | 1e-05    |
|    n_updates       | 49478    |
---------------------------------
Eval num_timesteps=200000, episode_reward=-1.53 +/- 4.85
Episode length: 149.28 +/- 59.00
Success rate: 16.00%
---------------------------------
| eval/              |          |
|    mean_ep_length  | 149      |
|    mean_reward     | -1.53    |
|    success_rate    | 0.16     |
| time/              |          |
|    total_timesteps | 200000   |
| train/             |          |
|    actor_loss      | -26      |
|    critic_loss     | 7.54     |
|    ent_coef        | 0.001    |
|    learning_rate   | 1e-05    |
|    n_updates       | 49499    |
---------------------------------
Eval num_timesteps=200000, episode_reward=-15.02 +/- 8.88
Episode length: 122.68 +/- 76.42
Success rate: 8.00%
---------------------------------
| eval/              |          |
|    mean_ep_length  | 123      |
|    mean_reward     | -15      |
|    success_rate    | 0.08     |
| time/              |          |
|    total_timesteps | 200000   |
---------------------------------
Eval num_timesteps=200000, episode_reward=-16.53 +/- 6.21
Episode length: 80.32 +/- 84.15
Success rate: 0.00%
---------------------------------
| eval/              |          |
|    mean_ep_length  | 80.3     |
|    mean_reward     | -16.5    |
|    success_rate    | 0        |
| time/              |          |
|    total_timesteps | 200000   |
---------------------------------
---------------------------------
| rollout/           |          |
|    ep_len_mean     | 104      |
|    ep_rew_mean     | -12.1    |
|    success_rate    | 0.09     |
| time/              |          |
|    episodes        | 2000     |
|    fps             | 87       |
|    time_elapsed    | 2299     |
|    total_timesteps | 200300   |
| train/             |          |
|    actor_loss      | -27.3    |
|    critic_loss     | 9.51     |
|    ent_coef        | 0.001    |
|    learning_rate   | 1e-05    |
|    n_updates       | 49574    |
---------------------------------
---------------------------------
| rollout/           |          |
|    ep_len_mean     | 104      |
|    ep_rew_mean     | -12.3    |
|    success_rate    | 0.08     |
| time/              |          |
|    episodes        | 2004     |
|    fps             | 87       |
|    time_elapsed    | 2300     |
|    total_timesteps | 200544   |
| train/             |          |
|    actor_loss      | -30.2    |
|    critic_loss     | 7.66     |
|    ent_coef        | 0.001    |
|    learning_rate   | 1e-05    |
|    n_updates       | 49635    |
---------------------------------
---------------------------------
| rollout/           |          |
|    ep_len_mean     | 101      |
|    ep_rew_mean     | -12.3    |
|    success_rate    | 0.09     |
| time/              |          |
|    episodes        | 2008     |
|    fps             | 87       |
|    time_elapsed    | 2303     |
|    total_timesteps | 200904   |
| train/             |          |
|    actor_loss      | -27.6    |
|    critic_loss     | 7.31     |
|    ent_coef        | 0.001    |
|    learning_rate   | 1e-05    |
|    n_updates       | 49725    |
---------------------------------
---------------------------------
| rollout/           |          |
|    ep_len_mean     | 99.6     |
|    ep_rew_mean     | -11.6    |
|    success_rate    | 0.11     |
| time/              |          |
|    episodes        | 2012     |
|    fps             | 87       |
|    time_elapsed    | 2304     |
|    total_timesteps | 201116   |
| train/             |          |
|    actor_loss      | -27.1    |
|    critic_loss     | 9.1      |
|    ent_coef        | 0.001    |
|    learning_rate   | 1e-05    |
|    n_updates       | 49778    |
---------------------------------
---------------------------------
| rollout/           |          |
|    ep_len_mean     | 95.9     |
|    ep_rew_mean     | -11.4    |
|    success_rate    | 0.12     |
| time/              |          |
|    episodes        | 2016     |
|    fps             | 87       |
|    time_elapsed    | 2306     |
|    total_timesteps | 201392   |
| train/             |          |
|    actor_loss      | -26.7    |
|    critic_loss     | 8.03     |
|    ent_coef        | 0.001    |
|    learning_rate   | 1e-05    |
|    n_updates       | 49847    |
---------------------------------
---------------------------------
| rollout/           |          |
|    ep_len_mean     | 99.4     |
|    ep_rew_mean     | -11.9    |
|    success_rate    | 0.1      |
| time/              |          |
|    episodes        | 2020     |
|    fps             | 87       |
|    time_elapsed    | 2309     |
|    total_timesteps | 201824   |
| train/             |          |
|    actor_loss      | -29.1    |
|    critic_loss     | 10.5     |
|    ent_coef        | 0.001    |
|    learning_rate   | 1e-05    |
|    n_updates       | 49955    |
---------------------------------
---------------------------------
| rollout/           |          |
|    ep_len_mean     | 101      |
|    ep_rew_mean     | -11.6    |
|    success_rate    | 0.1      |
| time/              |          |
|    episodes        | 2024     |
|    fps             | 87       |
|    time_elapsed    | 2313     |
|    total_timesteps | 202524   |
| train/             |          |
|    actor_loss      | -28      |
|    critic_loss     | 17       |
|    ent_coef        | 0.001    |
|    learning_rate   | 1e-05    |
|    n_updates       | 50130    |
---------------------------------
---------------------------------
| rollout/           |          |
|    ep_len_mean     | 97.7     |
|    ep_rew_mean     | -11.6    |
|    success_rate    | 0.1      |
| time/              |          |
|    episodes        | 2028     |
|    fps             | 87       |
|    time_elapsed    | 2317     |
|    total_timesteps | 203068   |
| train/             |          |
|    actor_loss      | -28.4    |
|    critic_loss     | 9.07     |
|    ent_coef        | 0.001    |
|    learning_rate   | 1e-05    |
|    n_updates       | 50266    |
---------------------------------
---------------------------------
| rollout/           |          |
|    ep_len_mean     | 99.5     |
|    ep_rew_mean     | -12.3    |
|    success_rate    | 0.08     |
| time/              |          |
|    episodes        | 2032     |
|    fps             | 87       |
|    time_elapsed    | 2320     |
|    total_timesteps | 203612   |
| train/             |          |
|    actor_loss      | -30.1    |
|    critic_loss     | 7.7      |
|    ent_coef        | 0.001    |
|    learning_rate   | 1e-05    |
|    n_updates       | 50402    |
---------------------------------
---------------------------------
| rollout/           |          |
|    ep_len_mean     | 99.5     |
|    ep_rew_mean     | -12.7    |
|    success_rate    | 0.08     |
| time/              |          |
|    episodes        | 2036     |
|    fps             | 87       |
|    time_elapsed    | 2323     |
|    total_timesteps | 204092   |
| train/             |          |
|    actor_loss      | -28      |
|    critic_loss     | 10.1     |
|    ent_coef        | 0.001    |
|    learning_rate   | 1e-05    |
|    n_updates       | 50522    |
---------------------------------
---------------------------------
| rollout/           |          |
|    ep_len_mean     | 103      |
|    ep_rew_mean     | -12.4    |
|    success_rate    | 0.08     |
| time/              |          |
|    episodes        | 2040     |
|    fps             | 87       |
|    time_elapsed    | 2325     |
|    total_timesteps | 204504   |
| train/             |          |
|    actor_loss      | -28.9    |
|    critic_loss     | 7        |
|    ent_coef        | 0.001    |
|    learning_rate   | 1e-05    |
|    n_updates       | 50625    |
---------------------------------
---------------------------------
| rollout/           |          |
|    ep_len_mean     | 100      |
|    ep_rew_mean     | -12.4    |
|    success_rate    | 0.09     |
| time/              |          |
|    episodes        | 2044     |
|    fps             | 87       |
|    time_elapsed    | 2327     |
|    total_timesteps | 204792   |
| train/             |          |
|    actor_loss      | -28.8    |
|    critic_loss     | 8.25     |
|    ent_coef        | 0.001    |
|    learning_rate   | 1e-05    |
|    n_updates       | 50697    |
---------------------------------
---------------------------------
| rollout/           |          |
|    ep_len_mean     | 100      |
|    ep_rew_mean     | -12.7    |
|    success_rate    | 0.08     |
| time/              |          |
|    episodes        | 2048     |
|    fps             | 87       |
|    time_elapsed    | 2329     |
|    total_timesteps | 204960   |
| train/             |          |
|    actor_loss      | -27.8    |
|    critic_loss     | 8.84     |
|    ent_coef        | 0.001    |
|    learning_rate   | 1e-05    |
|    n_updates       | 50739    |
---------------------------------
---------------------------------
| rollout/           |          |
|    ep_len_mean     | 100      |
|    ep_rew_mean     | -12.9    |
|    success_rate    | 0.08     |
| time/              |          |
|    episodes        | 2052     |
|    fps             | 88       |
|    time_elapsed    | 2332     |
|    total_timesteps | 205548   |
| train/             |          |
|    actor_loss      | -29.5    |
|    critic_loss     | 11.3     |
|    ent_coef        | 0.001    |
|    learning_rate   | 1e-05    |
|    n_updates       | 50886    |
---------------------------------
---------------------------------
| rollout/           |          |
|    ep_len_mean     | 101      |
|    ep_rew_mean     | -13      |
|    success_rate    | 0.08     |
| time/              |          |
|    episodes        | 2056     |
|    fps             | 88       |
|    time_elapsed    | 2335     |
|    total_timesteps | 205912   |
| train/             |          |
|    actor_loss      | -29.4    |
|    critic_loss     | 8.53     |
|    ent_coef        | 0.001    |
|    learning_rate   | 1e-05    |
|    n_updates       | 50977    |
---------------------------------
---------------------------------
| rollout/           |          |
|    ep_len_mean     | 103      |
|    ep_rew_mean     | -12.4    |
|    success_rate    | 0.1      |
| time/              |          |
|    episodes        | 2060     |
|    fps             | 88       |
|    time_elapsed    | 2338     |
|    total_timesteps | 206376   |
| train/             |          |
|    actor_loss      | -30.2    |
|    critic_loss     | 5.58     |
|    ent_coef        | 0.001    |
|    learning_rate   | 1e-05    |
|    n_updates       | 51093    |
---------------------------------
---------------------------------
| rollout/           |          |
|    ep_len_mean     | 106      |
|    ep_rew_mean     | -12.7    |
|    success_rate    | 0.09     |
| time/              |          |
|    episodes        | 2064     |
|    fps             | 88       |
|    time_elapsed    | 2341     |
|    total_timesteps | 206984   |
| train/             |          |
|    actor_loss      | -27.8    |
|    critic_loss     | 8.99     |
|    ent_coef        | 0.001    |
|    learning_rate   | 1e-05    |
|    n_updates       | 51245    |
---------------------------------
---------------------------------
| rollout/           |          |
|    ep_len_mean     | 106      |
|    ep_rew_mean     | -12.2    |
|    success_rate    | 0.1      |
| time/              |          |
|    episodes        | 2068     |
|    fps             | 88       |
|    time_elapsed    | 2345     |
|    total_timesteps | 207488   |
| train/             |          |
|    actor_loss      | -29.6    |
|    critic_loss     | 6.1      |
|    ent_coef        | 0.001    |
|    learning_rate   | 1e-05    |
|    n_updates       | 51371    |
---------------------------------
---------------------------------
| rollout/           |          |
|    ep_len_mean     | 104      |
|    ep_rew_mean     | -12.5    |
|    success_rate    | 0.1      |
| time/              |          |
|    episodes        | 2072     |
|    fps             | 88       |
|    time_elapsed    | 2348     |
|    total_timesteps | 208008   |
| train/             |          |
|    actor_loss      | -28.1    |
|    critic_loss     | 11.7     |
|    ent_coef        | 0.001    |
|    learning_rate   | 1e-05    |
|    n_updates       | 51501    |
---------------------------------
---------------------------------
| rollout/           |          |
|    ep_len_mean     | 107      |
|    ep_rew_mean     | -12.1    |
|    success_rate    | 0.1      |
| time/              |          |
|    episodes        | 2076     |
|    fps             | 88       |
|    time_elapsed    | 2352     |
|    total_timesteps | 208708   |
| train/             |          |
|    actor_loss      | -29.8    |
|    critic_loss     | 10.8     |
|    ent_coef        | 0.001    |
|    learning_rate   | 1e-05    |
|    n_updates       | 51676    |
---------------------------------
---------------------------------
| rollout/           |          |
|    ep_len_mean     | 107      |
|    ep_rew_mean     | -12.2    |
|    success_rate    | 0.1      |
| time/              |          |
|    episodes        | 2080     |
|    fps             | 88       |
|    time_elapsed    | 2354     |
|    total_timesteps | 208888   |
| train/             |          |
|    actor_loss      | -27.3    |
|    critic_loss     | 9.96     |
|    ent_coef        | 0.001    |
|    learning_rate   | 1e-05    |
|    n_updates       | 51721    |
---------------------------------
---------------------------------
| rollout/           |          |
|    ep_len_mean     | 107      |
|    ep_rew_mean     | -12.4    |
|    success_rate    | 0.09     |
| time/              |          |
|    episodes        | 2084     |
|    fps             | 88       |
|    time_elapsed    | 2357     |
|    total_timesteps | 209464   |
| train/             |          |
|    actor_loss      | -29      |
|    critic_loss     | 6.67     |
|    ent_coef        | 0.001    |
|    learning_rate   | 1e-05    |
|    n_updates       | 51865    |
---------------------------------
Eval num_timesteps=210000, episode_reward=-3.13 +/- 5.01
Episode length: 165.32 +/- 38.33
Success rate: 6.00%
---------------------------------
| eval/              |          |
|    mean_ep_length  | 165      |
|    mean_reward     | -3.13    |
|    success_rate    | 0.06     |
| time/              |          |
|    total_timesteps | 210000   |
| train/             |          |
|    actor_loss      | -29      |
|    critic_loss     | 10.6     |
|    ent_coef        | 0.001    |
|    learning_rate   | 1e-05    |
|    n_updates       | 51999    |
---------------------------------
Eval num_timesteps=210000, episode_reward=-11.53 +/- 11.47
Episode length: 114.52 +/- 77.85
Success rate: 16.00%
---------------------------------
| eval/              |          |
|    mean_ep_length  | 115      |
|    mean_reward     | -11.5    |
|    success_rate    | 0.16     |
| time/              |          |
|    total_timesteps | 210000   |
---------------------------------
Eval num_timesteps=210000, episode_reward=-16.93 +/- 5.25
Episode length: 98.92 +/- 85.83
Success rate: 0.00%
---------------------------------
| eval/              |          |
|    mean_ep_length  | 98.9     |
|    mean_reward     | -16.9    |
|    success_rate    | 0        |
| time/              |          |
|    total_timesteps | 210000   |
---------------------------------
---------------------------------
| rollout/           |          |
|    ep_len_mean     | 111      |
|    ep_rew_mean     | -13.3    |
|    success_rate    | 0.09     |
| time/              |          |
|    episodes        | 2088     |
|    fps             | 86       |
|    time_elapsed    | 2427     |
|    total_timesteps | 210164   |
| train/             |          |
|    actor_loss      | -27.6    |
|    critic_loss     | 8.57     |
|    ent_coef        | 0.001    |
|    learning_rate   | 1e-05    |
|    n_updates       | 52040    |
---------------------------------
---------------------------------
| rollout/           |          |
|    ep_len_mean     | 112      |
|    ep_rew_mean     | -13.8    |
|    success_rate    | 0.08     |
| time/              |          |
|    episodes        | 2092     |
|    fps             | 86       |
|    time_elapsed    | 2431     |
|    total_timesteps | 210816   |
| train/             |          |
|    actor_loss      | -26.6    |
|    critic_loss     | 11.5     |
|    ent_coef        | 0.001    |
|    learning_rate   | 1e-05    |
|    n_updates       | 52203    |
---------------------------------
---------------------------------
| rollout/           |          |
|    ep_len_mean     | 112      |
|    ep_rew_mean     | -13.7    |
|    success_rate    | 0.08     |
| time/              |          |
|    episodes        | 2096     |
|    fps             | 86       |
|    time_elapsed    | 2433     |
|    total_timesteps | 211184   |
| train/             |          |
|    actor_loss      | -28.1    |
|    critic_loss     | 6.45     |
|    ent_coef        | 0.001    |
|    learning_rate   | 1e-05    |
|    n_updates       | 52295    |
---------------------------------
---------------------------------
| rollout/           |          |
|    ep_len_mean     | 116      |
|    ep_rew_mean     | -13.4    |
|    success_rate    | 0.08     |
| time/              |          |
|    episodes        | 2100     |
|    fps             | 86       |
|    time_elapsed    | 2437     |
|    total_timesteps | 211744   |
| train/             |          |
|    actor_loss      | -27.9    |
|    critic_loss     | 10.4     |
|    ent_coef        | 0.001    |
|    learning_rate   | 1e-05    |
|    n_updates       | 52435    |
---------------------------------
---------------------------------
| rollout/           |          |
|    ep_len_mean     | 117      |
|    ep_rew_mean     | -13.3    |
|    success_rate    | 0.08     |
| time/              |          |
|    episodes        | 2104     |
|    fps             | 86       |
|    time_elapsed    | 2440     |
|    total_timesteps | 212264   |
| train/             |          |
|    actor_loss      | -29.1    |
|    critic_loss     | 6.99     |
|    ent_coef        | 0.001    |
|    learning_rate   | 1e-05    |
|    n_updates       | 52565    |
---------------------------------
---------------------------------
| rollout/           |          |
|    ep_len_mean     | 119      |
|    ep_rew_mean     | -13.1    |
|    success_rate    | 0.08     |
| time/              |          |
|    episodes        | 2108     |
|    fps             | 87       |
|    time_elapsed    | 2442     |
|    total_timesteps | 212656   |
| train/             |          |
|    actor_loss      | -29.1    |
|    critic_loss     | 7.27     |
|    ent_coef        | 0.001    |
|    learning_rate   | 1e-05    |
|    n_updates       | 52663    |
---------------------------------
---------------------------------
| rollout/           |          |
|    ep_len_mean     | 119      |
|    ep_rew_mean     | -13.8    |
|    success_rate    | 0.06     |
| time/              |          |
|    episodes        | 2112     |
|    fps             | 87       |
|    time_elapsed    | 2444     |
|    total_timesteps | 212984   |
| train/             |          |
|    actor_loss      | -28.8    |
|    critic_loss     | 11.9     |
|    ent_coef        | 0.001    |
|    learning_rate   | 1e-05    |
|    n_updates       | 52745    |
---------------------------------
---------------------------------
| rollout/           |          |
|    ep_len_mean     | 120      |
|    ep_rew_mean     | -13.9    |
|    success_rate    | 0.05     |
| time/              |          |
|    episodes        | 2116     |
|    fps             | 87       |
|    time_elapsed    | 2447     |
|    total_timesteps | 213356   |
| train/             |          |
|    actor_loss      | -28.3    |
|    critic_loss     | 6.81     |
|    ent_coef        | 0.001    |
|    learning_rate   | 1e-05    |
|    n_updates       | 52838    |
---------------------------------
---------------------------------
| rollout/           |          |
|    ep_len_mean     | 120      |
|    ep_rew_mean     | -13.8    |
|    success_rate    | 0.06     |
| time/              |          |
|    episodes        | 2120     |
|    fps             | 87       |
|    time_elapsed    | 2450     |
|    total_timesteps | 213884   |
| train/             |          |
|    actor_loss      | -27.7    |
|    critic_loss     | 6.27     |
|    ent_coef        | 0.001    |
|    learning_rate   | 1e-05    |
|    n_updates       | 52970    |
---------------------------------
---------------------------------
| rollout/           |          |
|    ep_len_mean     | 118      |
|    ep_rew_mean     | -13.5    |
|    success_rate    | 0.07     |
| time/              |          |
|    episodes        | 2124     |
|    fps             | 87       |
|    time_elapsed    | 2454     |
|    total_timesteps | 214492   |
| train/             |          |
|    actor_loss      | -27.5    |
|    critic_loss     | 10.9     |
|    ent_coef        | 0.001    |
|    learning_rate   | 1e-05    |
|    n_updates       | 53122    |
---------------------------------
---------------------------------
| rollout/           |          |
|    ep_len_mean     | 120      |
|    ep_rew_mean     | -13.4    |
|    success_rate    | 0.07     |
| time/              |          |
|    episodes        | 2128     |
|    fps             | 87       |
|    time_elapsed    | 2457     |
|    total_timesteps | 215064   |
| train/             |          |
|    actor_loss      | -31.1    |
|    critic_loss     | 7.05     |
|    ent_coef        | 0.001    |
|    learning_rate   | 1e-05    |
|    n_updates       | 53265    |
---------------------------------
---------------------------------
| rollout/           |          |
|    ep_len_mean     | 118      |
|    ep_rew_mean     | -13.2    |
|    success_rate    | 0.08     |
| time/              |          |
|    episodes        | 2132     |
|    fps             | 87       |
|    time_elapsed    | 2459     |
|    total_timesteps | 215292   |
| train/             |          |
|    actor_loss      | -28.8    |
|    critic_loss     | 9.26     |
|    ent_coef        | 0.001    |
|    learning_rate   | 1e-05    |
|    n_updates       | 53322    |
---------------------------------
---------------------------------
| rollout/           |          |
|    ep_len_mean     | 118      |
|    ep_rew_mean     | -13.1    |
|    success_rate    | 0.08     |
| time/              |          |
|    episodes        | 2136     |
|    fps             | 87       |
|    time_elapsed    | 2463     |
|    total_timesteps | 215928   |
| train/             |          |
|    actor_loss      | -29      |
|    critic_loss     | 12       |
|    ent_coef        | 0.001    |
|    learning_rate   | 1e-05    |
|    n_updates       | 53481    |
---------------------------------
---------------------------------
| rollout/           |          |
|    ep_len_mean     | 120      |
|    ep_rew_mean     | -13.1    |
|    success_rate    | 0.08     |
| time/              |          |
|    episodes        | 2140     |
|    fps             | 87       |
|    time_elapsed    | 2467     |
|    total_timesteps | 216628   |
| train/             |          |
|    actor_loss      | -29.9    |
|    critic_loss     | 7.91     |
|    ent_coef        | 0.001    |
|    learning_rate   | 1e-05    |
|    n_updates       | 53656    |
---------------------------------
---------------------------------
| rollout/           |          |
|    ep_len_mean     | 123      |
|    ep_rew_mean     | -13.3    |
|    success_rate    | 0.07     |
| time/              |          |
|    episodes        | 2144     |
|    fps             | 87       |
|    time_elapsed    | 2472     |
|    total_timesteps | 217304   |
| train/             |          |
|    actor_loss      | -28.8    |
|    critic_loss     | 8.53     |
|    ent_coef        | 0.001    |
|    learning_rate   | 1e-05    |
|    n_updates       | 53825    |
---------------------------------
---------------------------------
| rollout/           |          |
|    ep_len_mean     | 125      |
|    ep_rew_mean     | -12.8    |
|    success_rate    | 0.08     |
| time/              |          |
|    episodes        | 2148     |
|    fps             | 87       |
|    time_elapsed    | 2473     |
|    total_timesteps | 217536   |
| train/             |          |
|    actor_loss      | -28.7    |
|    critic_loss     | 9.62     |
|    ent_coef        | 0.001    |
|    learning_rate   | 1e-05    |
|    n_updates       | 53883    |
---------------------------------
---------------------------------
| rollout/           |          |
|    ep_len_mean     | 123      |
|    ep_rew_mean     | -12.7    |
|    success_rate    | 0.08     |
| time/              |          |
|    episodes        | 2152     |
|    fps             | 87       |
|    time_elapsed    | 2474     |
|    total_timesteps | 217608   |
| train/             |          |
|    actor_loss      | -28.1    |
|    critic_loss     | 7.73     |
|    ent_coef        | 0.001    |
|    learning_rate   | 1e-05    |
|    n_updates       | 53901    |
---------------------------------
---------------------------------
| rollout/           |          |
|    ep_len_mean     | 123      |
|    ep_rew_mean     | -12.2    |
|    success_rate    | 0.08     |
| time/              |          |
|    episodes        | 2156     |
|    fps             | 88       |
|    time_elapsed    | 2478     |
|    total_timesteps | 218284   |
| train/             |          |
|    actor_loss      | -27.8    |
|    critic_loss     | 12.3     |
|    ent_coef        | 0.001    |
|    learning_rate   | 1e-05    |
|    n_updates       | 54070    |
---------------------------------
---------------------------------
| rollout/           |          |
|    ep_len_mean     | 123      |
|    ep_rew_mean     | -12.3    |
|    success_rate    | 0.07     |
| time/              |          |
|    episodes        | 2160     |
|    fps             | 88       |
|    time_elapsed    | 2481     |
|    total_timesteps | 218712   |
| train/             |          |
|    actor_loss      | -27.4    |
|    critic_loss     | 7.63     |
|    ent_coef        | 0.001    |
|    learning_rate   | 1e-05    |
|    n_updates       | 54177    |
---------------------------------
---------------------------------
| rollout/           |          |
|    ep_len_mean     | 120      |
|    ep_rew_mean     | -12.2    |
|    success_rate    | 0.08     |
| time/              |          |
|    episodes        | 2164     |
|    fps             | 88       |
|    time_elapsed    | 2484     |
|    total_timesteps | 219020   |
| train/             |          |
|    actor_loss      | -28.5    |
|    critic_loss     | 6.62     |
|    ent_coef        | 0.001    |
|    learning_rate   | 1e-05    |
|    n_updates       | 54254    |
---------------------------------
---------------------------------
| rollout/           |          |
|    ep_len_mean     | 118      |
|    ep_rew_mean     | -12.7    |
|    success_rate    | 0.07     |
| time/              |          |
|    episodes        | 2168     |
|    fps             | 88       |
|    time_elapsed    | 2486     |
|    total_timesteps | 219420   |
| train/             |          |
|    actor_loss      | -27.1    |
|    critic_loss     | 7.98     |
|    ent_coef        | 0.001    |
|    learning_rate   | 1e-05    |
|    n_updates       | 54354    |
---------------------------------
---------------------------------
| rollout/           |          |
|    ep_len_mean     | 119      |
|    ep_rew_mean     | -12.7    |
|    success_rate    | 0.07     |
| time/              |          |
|    episodes        | 2172     |
|    fps             | 88       |
|    time_elapsed    | 2489     |
|    total_timesteps | 219860   |
| train/             |          |
|    actor_loss      | -27.9    |
|    critic_loss     | 8.47     |
|    ent_coef        | 0.001    |
|    learning_rate   | 1e-05    |
|    n_updates       | 54464    |
---------------------------------
Eval num_timesteps=220000, episode_reward=-3.44 +/- 4.58
Episode length: 165.26 +/- 38.55
Success rate: 6.00%
---------------------------------
| eval/              |          |
|    mean_ep_length  | 165      |
|    mean_reward     | -3.44    |
|    success_rate    | 0.06     |
| time/              |          |
|    total_timesteps | 220000   |
| train/             |          |
|    actor_loss      | -27.9    |
|    critic_loss     | 12.4     |
|    ent_coef        | 0.001    |
|    learning_rate   | 1e-05    |
|    n_updates       | 54499    |
---------------------------------
Eval num_timesteps=220000, episode_reward=-10.11 +/- 13.86
Episode length: 97.18 +/- 79.45
Success rate: 28.00%
---------------------------------
| eval/              |          |
|    mean_ep_length  | 97.2     |
|    mean_reward     | -10.1    |
|    success_rate    | 0.28     |
| time/              |          |
|    total_timesteps | 220000   |
---------------------------------
Eval num_timesteps=220000, episode_reward=-16.43 +/- 5.81
Episode length: 109.66 +/- 83.48
Success rate: 0.00%
---------------------------------
| eval/              |          |
|    mean_ep_length  | 110      |
|    mean_reward     | -16.4    |
|    success_rate    | 0        |
| time/              |          |
|    total_timesteps | 220000   |
---------------------------------
---------------------------------
| rollout/           |          |
|    ep_len_mean     | 119      |
|    ep_rew_mean     | -13      |
|    success_rate    | 0.07     |
| time/              |          |
|    episodes        | 2176     |
|    fps             | 86       |
|    time_elapsed    | 2557     |
|    total_timesteps | 220428   |
| train/             |          |
|    actor_loss      | -28.4    |
|    critic_loss     | 8.96     |
|    ent_coef        | 0.001    |
|    learning_rate   | 1e-05    |
|    n_updates       | 54606    |
---------------------------------
---------------------------------
| rollout/           |          |
|    ep_len_mean     | 120      |
|    ep_rew_mean     | -13      |
|    success_rate    | 0.07     |
| time/              |          |
|    episodes        | 2180     |
|    fps             | 86       |
|    time_elapsed    | 2560     |
|    total_timesteps | 220948   |
| train/             |          |
|    actor_loss      | -27.3    |
|    critic_loss     | 11.1     |
|    ent_coef        | 0.001    |
|    learning_rate   | 1e-05    |
|    n_updates       | 54736    |
---------------------------------
---------------------------------
| rollout/           |          |
|    ep_len_mean     | 119      |
|    ep_rew_mean     | -13.1    |
|    success_rate    | 0.07     |
| time/              |          |
|    episodes        | 2184     |
|    fps             | 86       |
|    time_elapsed    | 2562     |
|    total_timesteps | 221268   |
| train/             |          |
|    actor_loss      | -27.2    |
|    critic_loss     | 8.14     |
|    ent_coef        | 0.001    |
|    learning_rate   | 1e-05    |
|    n_updates       | 54816    |
---------------------------------
---------------------------------
| rollout/           |          |
|    ep_len_mean     | 117      |
|    ep_rew_mean     | -11.9    |
|    success_rate    | 0.07     |
| time/              |          |
|    episodes        | 2188     |
|    fps             | 86       |
|    time_elapsed    | 2566     |
|    total_timesteps | 221844   |
| train/             |          |
|    actor_loss      | -28      |
|    critic_loss     | 7.81     |
|    ent_coef        | 0.001    |
|    learning_rate   | 1e-05    |
|    n_updates       | 54960    |
---------------------------------
---------------------------------
| rollout/           |          |
|    ep_len_mean     | 117      |
|    ep_rew_mean     | -11.4    |
|    success_rate    | 0.07     |
| time/              |          |
|    episodes        | 2192     |
|    fps             | 86       |
|    time_elapsed    | 2570     |
|    total_timesteps | 222508   |
| train/             |          |
|    actor_loss      | -28.3    |
|    critic_loss     | 6.28     |
|    ent_coef        | 0.001    |
|    learning_rate   | 1e-05    |
|    n_updates       | 55126    |
---------------------------------
---------------------------------
| rollout/           |          |
|    ep_len_mean     | 114      |
|    ep_rew_mean     | -11.8    |
|    success_rate    | 0.07     |
| time/              |          |
|    episodes        | 2196     |
|    fps             | 86       |
|    time_elapsed    | 2571     |
|    total_timesteps | 222560   |
| train/             |          |
|    actor_loss      | -26      |
|    critic_loss     | 5.77     |
|    ent_coef        | 0.001    |
|    learning_rate   | 1e-05    |
|    n_updates       | 55139    |
---------------------------------
---------------------------------
| rollout/           |          |
|    ep_len_mean     | 112      |
|    ep_rew_mean     | -11.4    |
|    success_rate    | 0.08     |
| time/              |          |
|    episodes        | 2200     |
|    fps             | 86       |
|    time_elapsed    | 2574     |
|    total_timesteps | 223072   |
| train/             |          |
|    actor_loss      | -27.6    |
|    critic_loss     | 9.45     |
|    ent_coef        | 0.001    |
|    learning_rate   | 1e-05    |
|    n_updates       | 55267    |
---------------------------------
---------------------------------
| rollout/           |          |
|    ep_len_mean     | 112      |
|    ep_rew_mean     | -11.5    |
|    success_rate    | 0.08     |
| time/              |          |
|    episodes        | 2204     |
|    fps             | 86       |
|    time_elapsed    | 2577     |
|    total_timesteps | 223368   |
| train/             |          |
|    actor_loss      | -27.7    |
|    critic_loss     | 7.94     |
|    ent_coef        | 0.001    |
|    learning_rate   | 1e-05    |
|    n_updates       | 55341    |
---------------------------------
---------------------------------
| rollout/           |          |
|    ep_len_mean     | 114      |
|    ep_rew_mean     | -11.6    |
|    success_rate    | 0.08     |
| time/              |          |
|    episodes        | 2208     |
|    fps             | 86       |
|    time_elapsed    | 2580     |
|    total_timesteps | 223984   |
| train/             |          |
|    actor_loss      | -27.4    |
|    critic_loss     | 9.15     |
|    ent_coef        | 0.001    |
|    learning_rate   | 1e-05    |
|    n_updates       | 55495    |
---------------------------------
---------------------------------
| rollout/           |          |
|    ep_len_mean     | 114      |
|    ep_rew_mean     | -11.4    |
|    success_rate    | 0.09     |
| time/              |          |
|    episodes        | 2212     |
|    fps             | 86       |
|    time_elapsed    | 2584     |
|    total_timesteps | 224592   |
| train/             |          |
|    actor_loss      | -25.2    |
|    critic_loss     | 7.75     |
|    ent_coef        | 0.001    |
|    learning_rate   | 1e-05    |
|    n_updates       | 55647    |
---------------------------------
---------------------------------
| rollout/           |          |
|    ep_len_mean     | 116      |
|    ep_rew_mean     | -11.5    |
|    success_rate    | 0.09     |
| time/              |          |
|    episodes        | 2216     |
|    fps             | 86       |
|    time_elapsed    | 2586     |
|    total_timesteps | 224868   |
| train/             |          |
|    actor_loss      | -26.7    |
|    critic_loss     | 10.5     |
|    ent_coef        | 0.001    |
|    learning_rate   | 1e-05    |
|    n_updates       | 55716    |
---------------------------------
---------------------------------
| rollout/           |          |
|    ep_len_mean     | 116      |
|    ep_rew_mean     | -11.6    |
|    success_rate    | 0.08     |
| time/              |          |
|    episodes        | 2220     |
|    fps             | 87       |
|    time_elapsed    | 2590     |
|    total_timesteps | 225476   |
| train/             |          |
|    actor_loss      | -25.8    |
|    critic_loss     | 7.95     |
|    ent_coef        | 0.001    |
|    learning_rate   | 1e-05    |
|    n_updates       | 55868    |
---------------------------------
---------------------------------
| rollout/           |          |
|    ep_len_mean     | 114      |
|    ep_rew_mean     | -11.8    |
|    success_rate    | 0.07     |
| time/              |          |
|    episodes        | 2224     |
|    fps             | 87       |
|    time_elapsed    | 2594     |
|    total_timesteps | 226016   |
| train/             |          |
|    actor_loss      | -25.3    |
|    critic_loss     | 8        |
|    ent_coef        | 0.001    |
|    learning_rate   | 1e-05    |
|    n_updates       | 56003    |
---------------------------------
---------------------------------
| rollout/           |          |
|    ep_len_mean     | 114      |
|    ep_rew_mean     | -11.7    |
|    success_rate    | 0.07     |
| time/              |          |
|    episodes        | 2228     |
|    fps             | 87       |
|    time_elapsed    | 2595     |
|    total_timesteps | 226268   |
| train/             |          |
|    actor_loss      | -26.4    |
|    critic_loss     | 8.5      |
|    ent_coef        | 0.001    |
|    learning_rate   | 1e-05    |
|    n_updates       | 56066    |
---------------------------------
---------------------------------
| rollout/           |          |
|    ep_len_mean     | 114      |
|    ep_rew_mean     | -11.9    |
|    success_rate    | 0.07     |
| time/              |          |
|    episodes        | 2232     |
|    fps             | 87       |
|    time_elapsed    | 2599     |
|    total_timesteps | 226784   |
| train/             |          |
|    actor_loss      | -25.6    |
|    critic_loss     | 10.8     |
|    ent_coef        | 0.001    |
|    learning_rate   | 1e-05    |
|    n_updates       | 56195    |
---------------------------------
---------------------------------
| rollout/           |          |
|    ep_len_mean     | 112      |
|    ep_rew_mean     | -11.5    |
|    success_rate    | 0.08     |
| time/              |          |
|    episodes        | 2236     |
|    fps             | 87       |
|    time_elapsed    | 2601     |
|    total_timesteps | 227044   |
| train/             |          |
|    actor_loss      | -24.6    |
|    critic_loss     | 11.4     |
|    ent_coef        | 0.001    |
|    learning_rate   | 1e-05    |
|    n_updates       | 56260    |
---------------------------------
---------------------------------
| rollout/           |          |
|    ep_len_mean     | 111      |
|    ep_rew_mean     | -11.4    |
|    success_rate    | 0.08     |
| time/              |          |
|    episodes        | 2240     |
|    fps             | 87       |
|    time_elapsed    | 2604     |
|    total_timesteps | 227680   |
| train/             |          |
|    actor_loss      | -25.7    |
|    critic_loss     | 7.43     |
|    ent_coef        | 0.001    |
|    learning_rate   | 1e-05    |
|    n_updates       | 56419    |
---------------------------------
---------------------------------
| rollout/           |          |
|    ep_len_mean     | 110      |
|    ep_rew_mean     | -10.9    |
|    success_rate    | 0.09     |
| time/              |          |
|    episodes        | 2244     |
|    fps             | 87       |
|    time_elapsed    | 2608     |
|    total_timesteps | 228188   |
| train/             |          |
|    actor_loss      | -26.3    |
|    critic_loss     | 10.3     |
|    ent_coef        | 0.001    |
|    learning_rate   | 1e-05    |
|    n_updates       | 56546    |
---------------------------------
---------------------------------
| rollout/           |          |
|    ep_len_mean     | 113      |
|    ep_rew_mean     | -10.4    |
|    success_rate    | 0.09     |
| time/              |          |
|    episodes        | 2248     |
|    fps             | 87       |
|    time_elapsed    | 2612     |
|    total_timesteps | 228888   |
| train/             |          |
|    actor_loss      | -25.9    |
|    critic_loss     | 6.81     |
|    ent_coef        | 0.001    |
|    learning_rate   | 1e-05    |
|    n_updates       | 56721    |
---------------------------------
---------------------------------
| rollout/           |          |
|    ep_len_mean     | 114      |
|    ep_rew_mean     | -10.3    |
|    success_rate    | 0.1      |
| time/              |          |
|    episodes        | 2252     |
|    fps             | 87       |
|    time_elapsed    | 2614     |
|    total_timesteps | 229100   |
| train/             |          |
|    actor_loss      | -25.1    |
|    critic_loss     | 6.27     |
|    ent_coef        | 0.001    |
|    learning_rate   | 1e-05    |
|    n_updates       | 56774    |
---------------------------------
---------------------------------
| rollout/           |          |
|    ep_len_mean     | 115      |
|    ep_rew_mean     | -10.6    |
|    success_rate    | 0.1      |
| time/              |          |
|    episodes        | 2256     |
|    fps             | 87       |
|    time_elapsed    | 2618     |
|    total_timesteps | 229800   |
| train/             |          |
|    actor_loss      | -24.9    |
|    critic_loss     | 6.85     |
|    ent_coef        | 0.001    |
|    learning_rate   | 1e-05    |
|    n_updates       | 56949    |
---------------------------------
Eval num_timesteps=230000, episode_reward=-4.55 +/- 5.96
Episode length: 165.06 +/- 39.35
Success rate: 6.00%
---------------------------------
| eval/              |          |
|    mean_ep_length  | 165      |
|    mean_reward     | -4.55    |
|    success_rate    | 0.06     |
| time/              |          |
|    total_timesteps | 230000   |
| train/             |          |
|    actor_loss      | -24.8    |
|    critic_loss     | 7.48     |
|    ent_coef        | 0.001    |
|    learning_rate   | 1e-05    |
|    n_updates       | 56999    |
---------------------------------
Eval num_timesteps=230000, episode_reward=-13.61 +/- 13.21
Episode length: 79.28 +/- 76.81
Success rate: 22.00%
---------------------------------
| eval/              |          |
|    mean_ep_length  | 79.3     |
|    mean_reward     | -13.6    |
|    success_rate    | 0.22     |
| time/              |          |
|    total_timesteps | 230000   |
---------------------------------
Eval num_timesteps=230000, episode_reward=-17.06 +/- 5.18
Episode length: 85.68 +/- 85.84
Success rate: 0.00%
---------------------------------
| eval/              |          |
|    mean_ep_length  | 85.7     |
|    mean_reward     | -17.1    |
|    success_rate    | 0        |
| time/              |          |
|    total_timesteps | 230000   |
---------------------------------
---------------------------------
| rollout/           |          |
|    ep_len_mean     | 117      |
|    ep_rew_mean     | -10.7    |
|    success_rate    | 0.09     |
| time/              |          |
|    episodes        | 2260     |
|    fps             | 85       |
|    time_elapsed    | 2681     |
|    total_timesteps | 230436   |
| train/             |          |
|    actor_loss      | -24.1    |
|    critic_loss     | 13.3     |
|    ent_coef        | 0.001    |
|    learning_rate   | 1e-05    |
|    n_updates       | 57108    |
---------------------------------
---------------------------------
| rollout/           |          |
|    ep_len_mean     | 117      |
|    ep_rew_mean     | -10.2    |
|    success_rate    | 0.1      |
| time/              |          |
|    episodes        | 2264     |
|    fps             | 85       |
|    time_elapsed    | 2682     |
|    total_timesteps | 230560   |
| train/             |          |
|    actor_loss      | -24.1    |
|    critic_loss     | 5.68     |
|    ent_coef        | 0.001    |
|    learning_rate   | 1e-05    |
|    n_updates       | 57139    |
---------------------------------
---------------------------------
| rollout/           |          |
|    ep_len_mean     | 119      |
|    ep_rew_mean     | -10.1    |
|    success_rate    | 0.1      |
| time/              |          |
|    episodes        | 2268     |
|    fps             | 86       |
|    time_elapsed    | 2687     |
|    total_timesteps | 231248   |
| train/             |          |
|    actor_loss      | -23.9    |
|    critic_loss     | 8.8      |
|    ent_coef        | 0.001    |
|    learning_rate   | 1e-05    |
|    n_updates       | 57311    |
---------------------------------
---------------------------------
| rollout/           |          |
|    ep_len_mean     | 117      |
|    ep_rew_mean     | -10.2    |
|    success_rate    | 0.11     |
| time/              |          |
|    episodes        | 2272     |
|    fps             | 86       |
|    time_elapsed    | 2690     |
|    total_timesteps | 231800   |
| train/             |          |
|    actor_loss      | -24.6    |
|    critic_loss     | 7.2      |
|    ent_coef        | 0.001    |
|    learning_rate   | 1e-05    |
|    n_updates       | 57449    |
---------------------------------
---------------------------------
| rollout/           |          |
|    ep_len_mean     | 115      |
|    ep_rew_mean     | -9.8     |
|    success_rate    | 0.12     |
| time/              |          |
|    episodes        | 2276     |
|    fps             | 86       |
|    time_elapsed    | 2692     |
|    total_timesteps | 231948   |
| train/             |          |
|    actor_loss      | -23.6    |
|    critic_loss     | 6.18     |
|    ent_coef        | 0.001    |
|    learning_rate   | 1e-05    |
|    n_updates       | 57486    |
---------------------------------
---------------------------------
| rollout/           |          |
|    ep_len_mean     | 112      |
|    ep_rew_mean     | -9.95    |
|    success_rate    | 0.12     |
| time/              |          |
|    episodes        | 2280     |
|    fps             | 86       |
|    time_elapsed    | 2693     |
|    total_timesteps | 232104   |
| train/             |          |
|    actor_loss      | -24.3    |
|    critic_loss     | 5.52     |
|    ent_coef        | 0.001    |
|    learning_rate   | 1e-05    |
|    n_updates       | 57525    |
---------------------------------
---------------------------------
| rollout/           |          |
|    ep_len_mean     | 114      |
|    ep_rew_mean     | -9.97    |
|    success_rate    | 0.12     |
| time/              |          |
|    episodes        | 2284     |
|    fps             | 86       |
|    time_elapsed    | 2697     |
|    total_timesteps | 232680   |
| train/             |          |
|    actor_loss      | -24.9    |
|    critic_loss     | 7.68     |
|    ent_coef        | 0.001    |
|    learning_rate   | 1e-05    |
|    n_updates       | 57669    |
---------------------------------
---------------------------------
| rollout/           |          |
|    ep_len_mean     | 111      |
|    ep_rew_mean     | -10.3    |
|    success_rate    | 0.12     |
| time/              |          |
|    episodes        | 2288     |
|    fps             | 86       |
|    time_elapsed    | 2698     |
|    total_timesteps | 232876   |
| train/             |          |
|    actor_loss      | -24      |
|    critic_loss     | 5.37     |
|    ent_coef        | 0.001    |
|    learning_rate   | 1e-05    |
|    n_updates       | 57718    |
---------------------------------
---------------------------------
| rollout/           |          |
|    ep_len_mean     | 107      |
|    ep_rew_mean     | -10.2    |
|    success_rate    | 0.13     |
| time/              |          |
|    episodes        | 2292     |
|    fps             | 86       |
|    time_elapsed    | 2701     |
|    total_timesteps | 233344   |
| train/             |          |
|    actor_loss      | -23.2    |
|    critic_loss     | 8.54     |
|    ent_coef        | 0.001    |
|    learning_rate   | 1e-05    |
|    n_updates       | 57835    |
---------------------------------
---------------------------------
| rollout/           |          |
|    ep_len_mean     | 109      |
|    ep_rew_mean     | -10.1    |
|    success_rate    | 0.13     |
| time/              |          |
|    episodes        | 2296     |
|    fps             | 86       |
|    time_elapsed    | 2702     |
|    total_timesteps | 233440   |
| train/             |          |
|    actor_loss      | -23.6    |
|    critic_loss     | 7.91     |
|    ent_coef        | 0.001    |
|    learning_rate   | 1e-05    |
|    n_updates       | 57859    |
---------------------------------
---------------------------------
| rollout/           |          |
|    ep_len_mean     | 108      |
|    ep_rew_mean     | -10.4    |
|    success_rate    | 0.14     |
| time/              |          |
|    episodes        | 2300     |
|    fps             | 86       |
|    time_elapsed    | 2704     |
|    total_timesteps | 233660   |
| train/             |          |
|    actor_loss      | -23.1    |
|    critic_loss     | 6.22     |
|    ent_coef        | 0.001    |
|    learning_rate   | 1e-05    |
|    n_updates       | 57914    |
---------------------------------
---------------------------------
| rollout/           |          |
|    ep_len_mean     | 107      |
|    ep_rew_mean     | -10.4    |
|    success_rate    | 0.14     |
| time/              |          |
|    episodes        | 2304     |
|    fps             | 86       |
|    time_elapsed    | 2708     |
|    total_timesteps | 234252   |
| train/             |          |
|    actor_loss      | -24.1    |
|    critic_loss     | 5.68     |
|    ent_coef        | 0.001    |
|    learning_rate   | 1e-05    |
|    n_updates       | 58062    |
---------------------------------
---------------------------------
| rollout/           |          |
|    ep_len_mean     | 105      |
|    ep_rew_mean     | -10.3    |
|    success_rate    | 0.14     |
| time/              |          |
|    episodes        | 2308     |
|    fps             | 86       |
|    time_elapsed    | 2710     |
|    total_timesteps | 234544   |
| train/             |          |
|    actor_loss      | -23.8    |
|    critic_loss     | 6.33     |
|    ent_coef        | 0.001    |
|    learning_rate   | 1e-05    |
|    n_updates       | 58135    |
---------------------------------
---------------------------------
| rollout/           |          |
|    ep_len_mean     | 105      |
|    ep_rew_mean     | -10.4    |
|    success_rate    | 0.14     |
| time/              |          |
|    episodes        | 2312     |
|    fps             | 86       |
|    time_elapsed    | 2713     |
|    total_timesteps | 234964   |
| train/             |          |
|    actor_loss      | -23.5    |
|    critic_loss     | 7.31     |
|    ent_coef        | 0.001    |
|    learning_rate   | 1e-05    |
|    n_updates       | 58240    |
---------------------------------
---------------------------------
| rollout/           |          |
|    ep_len_mean     | 105      |
|    ep_rew_mean     | -10.1    |
|    success_rate    | 0.14     |
| time/              |          |
|    episodes        | 2316     |
|    fps             | 86       |
|    time_elapsed    | 2716     |
|    total_timesteps | 235496   |
| train/             |          |
|    actor_loss      | -23.1    |
|    critic_loss     | 10.2     |
|    ent_coef        | 0.001    |
|    learning_rate   | 1e-05    |
|    n_updates       | 58373    |
---------------------------------
---------------------------------
| rollout/           |          |
|    ep_len_mean     | 103      |
|    ep_rew_mean     | -10.2    |
|    success_rate    | 0.16     |
| time/              |          |
|    episodes        | 2320     |
|    fps             | 86       |
|    time_elapsed    | 2719     |
|    total_timesteps | 235864   |
| train/             |          |
|    actor_loss      | -22.4    |
|    critic_loss     | 7.83     |
|    ent_coef        | 0.001    |
|    learning_rate   | 1e-05    |
|    n_updates       | 58465    |
---------------------------------
---------------------------------
| rollout/           |          |
|    ep_len_mean     | 104      |
|    ep_rew_mean     | -9.7     |
|    success_rate    | 0.18     |
| time/              |          |
|    episodes        | 2324     |
|    fps             | 86       |
|    time_elapsed    | 2721     |
|    total_timesteps | 236196   |
| train/             |          |
|    actor_loss      | -22.6    |
|    critic_loss     | 6.47     |
|    ent_coef        | 0.001    |
|    learning_rate   | 1e-05    |
|    n_updates       | 58548    |
---------------------------------
---------------------------------
| rollout/           |          |
|    ep_len_mean     | 100      |
|    ep_rew_mean     | -9.41    |
|    success_rate    | 0.2      |
| time/              |          |
|    episodes        | 2328     |
|    fps             | 86       |
|    time_elapsed    | 2724     |
|    total_timesteps | 236572   |
| train/             |          |
|    actor_loss      | -22.7    |
|    critic_loss     | 6.45     |
|    ent_coef        | 0.001    |
|    learning_rate   | 1e-05    |
|    n_updates       | 58642    |
---------------------------------
---------------------------------
| rollout/           |          |
|    ep_len_mean     | 100      |
|    ep_rew_mean     | -8.72    |
|    success_rate    | 0.21     |
| time/              |          |
|    episodes        | 2332     |
|    fps             | 86       |
|    time_elapsed    | 2725     |
|    total_timesteps | 236692   |
| train/             |          |
|    actor_loss      | -23.2    |
|    critic_loss     | 7        |
|    ent_coef        | 0.001    |
|    learning_rate   | 1e-05    |
|    n_updates       | 58672    |
---------------------------------
---------------------------------
| rollout/           |          |
|    ep_len_mean     | 100      |
|    ep_rew_mean     | -8.45    |
|    success_rate    | 0.22     |
| time/              |          |
|    episodes        | 2336     |
|    fps             | 86       |
|    time_elapsed    | 2729     |
|    total_timesteps | 237272   |
| train/             |          |
|    actor_loss      | -22.9    |
|    critic_loss     | 12.2     |
|    ent_coef        | 0.001    |
|    learning_rate   | 1e-05    |
|    n_updates       | 58817    |
---------------------------------
---------------------------------
| rollout/           |          |
|    ep_len_mean     | 98.4     |
|    ep_rew_mean     | -8.7     |
|    success_rate    | 0.22     |
| time/              |          |
|    episodes        | 2340     |
|    fps             | 86       |
|    time_elapsed    | 2730     |
|    total_timesteps | 237424   |
| train/             |          |
|    actor_loss      | -22.9    |
|    critic_loss     | 6.68     |
|    ent_coef        | 0.001    |
|    learning_rate   | 1e-05    |
|    n_updates       | 58855    |
---------------------------------
---------------------------------
| rollout/           |          |
|    ep_len_mean     | 95.1     |
|    ep_rew_mean     | -9.33    |
|    success_rate    | 0.21     |
| time/              |          |
|    episodes        | 2344     |
|    fps             | 86       |
|    time_elapsed    | 2732     |
|    total_timesteps | 237636   |
| train/             |          |
|    actor_loss      | -23.6    |
|    critic_loss     | 5.56     |
|    ent_coef        | 0.001    |
|    learning_rate   | 1e-05    |
|    n_updates       | 58908    |
---------------------------------
---------------------------------
| rollout/           |          |
|    ep_len_mean     | 93.3     |
|    ep_rew_mean     | -9.81    |
|    success_rate    | 0.2      |
| time/              |          |
|    episodes        | 2348     |
|    fps             | 87       |
|    time_elapsed    | 2735     |
|    total_timesteps | 238124   |
| train/             |          |
|    actor_loss      | -21.8    |
|    critic_loss     | 6.05     |
|    ent_coef        | 0.001    |
|    learning_rate   | 1e-05    |
|    n_updates       | 59030    |
---------------------------------
---------------------------------
| rollout/           |          |
|    ep_len_mean     | 96.5     |
|    ep_rew_mean     | -9.93    |
|    success_rate    | 0.19     |
| time/              |          |
|    episodes        | 2352     |
|    fps             | 87       |
|    time_elapsed    | 2739     |
|    total_timesteps | 238824   |
| train/             |          |
|    actor_loss      | -22.8    |
|    critic_loss     | 5.83     |
|    ent_coef        | 0.001    |
|    learning_rate   | 1e-05    |
|    n_updates       | 59205    |
---------------------------------
---------------------------------
| rollout/           |          |
|    ep_len_mean     | 94.8     |
|    ep_rew_mean     | -9.72    |
|    success_rate    | 0.19     |
| time/              |          |
|    episodes        | 2356     |
|    fps             | 87       |
|    time_elapsed    | 2743     |
|    total_timesteps | 239372   |
| train/             |          |
|    actor_loss      | -22.1    |
|    critic_loss     | 7.39     |
|    ent_coef        | 0.001    |
|    learning_rate   | 1e-05    |
|    n_updates       | 59342    |
---------------------------------
---------------------------------
| rollout/           |          |
|    ep_len_mean     | 94.8     |
|    ep_rew_mean     | -9.77    |
|    success_rate    | 0.19     |
| time/              |          |
|    episodes        | 2360     |
|    fps             | 87       |
|    time_elapsed    | 2745     |
|    total_timesteps | 239736   |
| train/             |          |
|    actor_loss      | -23      |
|    critic_loss     | 6.7      |
|    ent_coef        | 0.001    |
|    learning_rate   | 1e-05    |
|    n_updates       | 59433    |
---------------------------------
Eval num_timesteps=240000, episode_reward=-5.38 +/- 14.46
Episode length: 155.78 +/- 52.15
Success rate: 12.00%
---------------------------------
| eval/              |          |
|    mean_ep_length  | 156      |
|    mean_reward     | -5.38    |
|    success_rate    | 0.12     |
| time/              |          |
|    total_timesteps | 240000   |
| train/             |          |
|    actor_loss      | -20.8    |
|    critic_loss     | 6.92     |
|    ent_coef        | 0.001    |
|    learning_rate   | 1e-05    |
|    n_updates       | 59499    |
---------------------------------
Eval num_timesteps=240000, episode_reward=-11.57 +/- 15.37
Episode length: 53.34 +/- 64.86
Success rate: 34.00%
---------------------------------
| eval/              |          |
|    mean_ep_length  | 53.3     |
|    mean_reward     | -11.6    |
|    success_rate    | 0.34     |
| time/              |          |
|    total_timesteps | 240000   |
---------------------------------
Eval num_timesteps=240000, episode_reward=-16.27 +/- 5.75
Episode length: 92.38 +/- 86.00
Success rate: 0.00%
---------------------------------
| eval/              |          |
|    mean_ep_length  | 92.4     |
|    mean_reward     | -16.3    |
|    success_rate    | 0        |
| time/              |          |
|    total_timesteps | 240000   |
---------------------------------
---------------------------------
| rollout/           |          |
|    ep_len_mean     | 98.2     |
|    ep_rew_mean     | -9.96    |
|    success_rate    | 0.17     |
| time/              |          |
|    episodes        | 2364     |
|    fps             | 85       |
|    time_elapsed    | 2803     |
|    total_timesteps | 240436   |
| train/             |          |
|    actor_loss      | -20      |
|    critic_loss     | 6.67     |
|    ent_coef        | 0.001    |
|    learning_rate   | 1e-05    |
|    n_updates       | 59608    |
---------------------------------
---------------------------------
| rollout/           |          |
|    ep_len_mean     | 94.6     |
|    ep_rew_mean     | -10.1    |
|    success_rate    | 0.17     |
| time/              |          |
|    episodes        | 2368     |
|    fps             | 85       |
|    time_elapsed    | 2806     |
|    total_timesteps | 240824   |
| train/             |          |
|    actor_loss      | -22.2    |
|    critic_loss     | 7.21     |
|    ent_coef        | 0.001    |
|    learning_rate   | 1e-05    |
|    n_updates       | 59705    |
---------------------------------
---------------------------------
| rollout/           |          |
|    ep_len_mean     | 93.3     |
|    ep_rew_mean     | -10.3    |
|    success_rate    | 0.16     |
| time/              |          |
|    episodes        | 2372     |
|    fps             | 85       |
|    time_elapsed    | 2808     |
|    total_timesteps | 241028   |
| train/             |          |
|    actor_loss      | -21.4    |
|    critic_loss     | 5.37     |
|    ent_coef        | 0.001    |
|    learning_rate   | 1e-05    |
|    n_updates       | 59756    |
---------------------------------
---------------------------------
| rollout/           |          |
|    ep_len_mean     | 95.1     |
|    ep_rew_mean     | -10.7    |
|    success_rate    | 0.15     |
| time/              |          |
|    episodes        | 2376     |
|    fps             | 85       |
|    time_elapsed    | 2812     |
|    total_timesteps | 241708   |
| train/             |          |
|    actor_loss      | -21.7    |
|    critic_loss     | 8.95     |
|    ent_coef        | 0.001    |
|    learning_rate   | 1e-05    |
|    n_updates       | 59926    |
---------------------------------
---------------------------------
| rollout/           |          |
|    ep_len_mean     | 98.3     |
|    ep_rew_mean     | -10.2    |
|    success_rate    | 0.16     |
| time/              |          |
|    episodes        | 2380     |
|    fps             | 85       |
|    time_elapsed    | 2813     |
|    total_timesteps | 241884   |
| train/             |          |
|    actor_loss      | -21.4    |
|    critic_loss     | 6.53     |
|    ent_coef        | 0.001    |
|    learning_rate   | 1e-05    |
|    n_updates       | 59970    |
---------------------------------
---------------------------------
| rollout/           |          |
|    ep_len_mean     | 98.7     |
|    ep_rew_mean     | -10.1    |
|    success_rate    | 0.16     |
| time/              |          |
|    episodes        | 2384     |
|    fps             | 86       |
|    time_elapsed    | 2818     |
|    total_timesteps | 242584   |
| train/             |          |
|    actor_loss      | -22.9    |
|    critic_loss     | 6.06     |
|    ent_coef        | 0.001    |
|    learning_rate   | 1e-05    |
|    n_updates       | 60145    |
---------------------------------
---------------------------------
| rollout/           |          |
|    ep_len_mean     | 102      |
|    ep_rew_mean     | -9.8     |
|    success_rate    | 0.16     |
| time/              |          |
|    episodes        | 2388     |
|    fps             | 86       |
|    time_elapsed    | 2822     |
|    total_timesteps | 243200   |
| train/             |          |
|    actor_loss      | -21.4    |
|    critic_loss     | 8.36     |
|    ent_coef        | 0.001    |
|    learning_rate   | 1e-05    |
|    n_updates       | 60299    |
---------------------------------
---------------------------------
| rollout/           |          |
|    ep_len_mean     | 105      |
|    ep_rew_mean     | -10.2    |
|    success_rate    | 0.15     |
| time/              |          |
|    episodes        | 2392     |
|    fps             | 86       |
|    time_elapsed    | 2825     |
|    total_timesteps | 243788   |
| train/             |          |
|    actor_loss      | -21.5    |
|    critic_loss     | 7.59     |
|    ent_coef        | 0.001    |
|    learning_rate   | 1e-05    |
|    n_updates       | 60446    |
---------------------------------
---------------------------------
| rollout/           |          |
|    ep_len_mean     | 105      |
|    ep_rew_mean     | -9.98    |
|    success_rate    | 0.16     |
| time/              |          |
|    episodes        | 2396     |
|    fps             | 86       |
|    time_elapsed    | 2827     |
|    total_timesteps | 243984   |
| train/             |          |
|    actor_loss      | -22.1    |
|    critic_loss     | 7.92     |
|    ent_coef        | 0.001    |
|    learning_rate   | 1e-05    |
|    n_updates       | 60495    |
---------------------------------
---------------------------------
| rollout/           |          |
|    ep_len_mean     | 109      |
|    ep_rew_mean     | -9.79    |
|    success_rate    | 0.14     |
| time/              |          |
|    episodes        | 2400     |
|    fps             | 86       |
|    time_elapsed    | 2831     |
|    total_timesteps | 244684   |
| train/             |          |
|    actor_loss      | -21.4    |
|    critic_loss     | 8.72     |
|    ent_coef        | 0.001    |
|    learning_rate   | 1e-05    |
|    n_updates       | 60670    |
---------------------------------
---------------------------------
| rollout/           |          |
|    ep_len_mean     | 112      |
|    ep_rew_mean     | -9.79    |
|    success_rate    | 0.14     |
| time/              |          |
|    episodes        | 2404     |
|    fps             | 86       |
|    time_elapsed    | 2836     |
|    total_timesteps | 245384   |
| train/             |          |
|    actor_loss      | -23.3    |
|    critic_loss     | 7.91     |
|    ent_coef        | 0.001    |
|    learning_rate   | 1e-05    |
|    n_updates       | 60845    |
---------------------------------
---------------------------------
| rollout/           |          |
|    ep_len_mean     | 112      |
|    ep_rew_mean     | -10.1    |
|    success_rate    | 0.13     |
| time/              |          |
|    episodes        | 2408     |
|    fps             | 86       |
|    time_elapsed    | 2839     |
|    total_timesteps | 245956   |
| train/             |          |
|    actor_loss      | -21.2    |
|    critic_loss     | 10.6     |
|    ent_coef        | 0.001    |
|    learning_rate   | 1e-05    |
|    n_updates       | 60988    |
---------------------------------
---------------------------------
| rollout/           |          |
|    ep_len_mean     | 112      |
|    ep_rew_mean     | -9.81    |
|    success_rate    | 0.13     |
| time/              |          |
|    episodes        | 2412     |
|    fps             | 86       |
|    time_elapsed    | 2840     |
|    total_timesteps | 246116   |
| train/             |          |
|    actor_loss      | -21.4    |
|    critic_loss     | 6.73     |
|    ent_coef        | 0.001    |
|    learning_rate   | 1e-05    |
|    n_updates       | 61028    |
---------------------------------
---------------------------------
| rollout/           |          |
|    ep_len_mean     | 109      |
|    ep_rew_mean     | -10.1    |
|    success_rate    | 0.13     |
| time/              |          |
|    episodes        | 2416     |
|    fps             | 86       |
|    time_elapsed    | 2841     |
|    total_timesteps | 246192   |
| train/             |          |
|    actor_loss      | -22.9    |
|    critic_loss     | 6.36     |
|    ent_coef        | 0.001    |
|    learning_rate   | 1e-05    |
|    n_updates       | 61047    |
---------------------------------
---------------------------------
| rollout/           |          |
|    ep_len_mean     | 109      |
|    ep_rew_mean     | -9.5     |
|    success_rate    | 0.13     |
| time/              |          |
|    episodes        | 2420     |
|    fps             | 86       |
|    time_elapsed    | 2844     |
|    total_timesteps | 246688   |
| train/             |          |
|    actor_loss      | -21.7    |
|    critic_loss     | 7.93     |
|    ent_coef        | 0.001    |
|    learning_rate   | 1e-05    |
|    n_updates       | 61171    |
---------------------------------
---------------------------------
| rollout/           |          |
|    ep_len_mean     | 105      |
|    ep_rew_mean     | -10      |
|    success_rate    | 0.12     |
| time/              |          |
|    episodes        | 2424     |
|    fps             | 86       |
|    time_elapsed    | 2845     |
|    total_timesteps | 246812   |
| train/             |          |
|    actor_loss      | -21.4    |
|    critic_loss     | 9.35     |
|    ent_coef        | 0.001    |
|    learning_rate   | 1e-05    |
|    n_updates       | 61202    |
---------------------------------
---------------------------------
| rollout/           |          |
|    ep_len_mean     | 110      |
|    ep_rew_mean     | -10.2    |
|    success_rate    | 0.1      |
| time/              |          |
|    episodes        | 2428     |
|    fps             | 86       |
|    time_elapsed    | 2850     |
|    total_timesteps | 247512   |
| train/             |          |
|    actor_loss      | -20.9    |
|    critic_loss     | 6.06     |
|    ent_coef        | 0.001    |
|    learning_rate   | 1e-05    |
|    n_updates       | 61377    |
---------------------------------
---------------------------------
| rollout/           |          |
|    ep_len_mean     | 110      |
|    ep_rew_mean     | -10.8    |
|    success_rate    | 0.08     |
| time/              |          |
|    episodes        | 2432     |
|    fps             | 86       |
|    time_elapsed    | 2852     |
|    total_timesteps | 247800   |
| train/             |          |
|    actor_loss      | -21.2    |
|    critic_loss     | 5.69     |
|    ent_coef        | 0.001    |
|    learning_rate   | 1e-05    |
|    n_updates       | 61449    |
---------------------------------
---------------------------------
| rollout/           |          |
|    ep_len_mean     | 112      |
|    ep_rew_mean     | -11.3    |
|    success_rate    | 0.06     |
| time/              |          |
|    episodes        | 2436     |
|    fps             | 86       |
|    time_elapsed    | 2855     |
|    total_timesteps | 248268   |
| train/             |          |
|    actor_loss      | -22.7    |
|    critic_loss     | 5.97     |
|    ent_coef        | 0.001    |
|    learning_rate   | 1e-05    |
|    n_updates       | 61566    |
---------------------------------
---------------------------------
| rollout/           |          |
|    ep_len_mean     | 112      |
|    ep_rew_mean     | -11.2    |
|    success_rate    | 0.06     |
| time/              |          |
|    episodes        | 2440     |
|    fps             | 87       |
|    time_elapsed    | 2858     |
|    total_timesteps | 248812   |
| train/             |          |
|    actor_loss      | -22.5    |
|    critic_loss     | 10.4     |
|    ent_coef        | 0.001    |
|    learning_rate   | 1e-05    |
|    n_updates       | 61702    |
---------------------------------
---------------------------------
| rollout/           |          |
|    ep_len_mean     | 114      |
|    ep_rew_mean     | -10.7    |
|    success_rate    | 0.07     |
| time/              |          |
|    episodes        | 2444     |
|    fps             | 87       |
|    time_elapsed    | 2860     |
|    total_timesteps | 249084   |
| train/             |          |
|    actor_loss      | -22.6    |
|    critic_loss     | 7.62     |
|    ent_coef        | 0.001    |
|    learning_rate   | 1e-05    |
|    n_updates       | 61770    |
---------------------------------
---------------------------------
| rollout/           |          |
|    ep_len_mean     | 112      |
|    ep_rew_mean     | -10.8    |
|    success_rate    | 0.08     |
| time/              |          |
|    episodes        | 2448     |
|    fps             | 87       |
|    time_elapsed    | 2861     |
|    total_timesteps | 249308   |
| train/             |          |
|    actor_loss      | -23.2    |
|    critic_loss     | 5.88     |
|    ent_coef        | 0.001    |
|    learning_rate   | 1e-05    |
|    n_updates       | 61826    |
---------------------------------
---------------------------------
| rollout/           |          |
|    ep_len_mean     | 107      |
|    ep_rew_mean     | -10.9    |
|    success_rate    | 0.09     |
| time/              |          |
|    episodes        | 2452     |
|    fps             | 87       |
|    time_elapsed    | 2863     |
|    total_timesteps | 249512   |
| train/             |          |
|    actor_loss      | -21.8    |
|    critic_loss     | 7.62     |
|    ent_coef        | 0.001    |
|    learning_rate   | 1e-05    |
|    n_updates       | 61877    |
---------------------------------
Eval num_timesteps=250000, episode_reward=-3.81 +/- 3.15
Episode length: 168.30 +/- 32.83
Success rate: 4.00%
---------------------------------
| eval/              |          |
|    mean_ep_length  | 168      |
|    mean_reward     | -3.81    |
|    success_rate    | 0.04     |
| time/              |          |
|    total_timesteps | 250000   |
| train/             |          |
|    actor_loss      | -20.4    |
|    critic_loss     | 7.49     |
|    ent_coef        | 0.001    |
|    learning_rate   | 1e-05    |
|    n_updates       | 61999    |
---------------------------------
Eval num_timesteps=250000, episode_reward=-17.04 +/- 12.99
Episode length: 44.26 +/- 53.48
Success rate: 18.00%
---------------------------------
| eval/              |          |
|    mean_ep_length  | 44.3     |
|    mean_reward     | -17      |
|    success_rate    | 0.18     |
| time/              |          |
|    total_timesteps | 250000   |
---------------------------------
Eval num_timesteps=250000, episode_reward=-18.38 +/- 5.44
Episode length: 56.06 +/- 75.68
Success rate: 0.00%
---------------------------------
| eval/              |          |
|    mean_ep_length  | 56.1     |
|    mean_reward     | -18.4    |
|    success_rate    | 0        |
| time/              |          |
|    total_timesteps | 250000   |
---------------------------------
---------------------------------
| rollout/           |          |
|    ep_len_mean     | 107      |
|    ep_rew_mean     | -10.5    |
|    success_rate    | 0.1      |
| time/              |          |
|    episodes        | 2456     |
|    fps             | 85       |
|    time_elapsed    | 2915     |
|    total_timesteps | 250132   |
| train/             |          |
|    actor_loss      | -21.9    |
|    critic_loss     | 8.56     |
|    ent_coef        | 0.001    |
|    learning_rate   | 1e-05    |
|    n_updates       | 62032    |
---------------------------------
---------------------------------
| rollout/           |          |
|    ep_len_mean     | 106      |
|    ep_rew_mean     | -10.6    |
|    success_rate    | 0.1      |
| time/              |          |
|    episodes        | 2460     |
|    fps             | 85       |
|    time_elapsed    | 2916     |
|    total_timesteps | 250340   |
| train/             |          |
|    actor_loss      | -22.2    |
|    critic_loss     | 7.86     |
|    ent_coef        | 0.001    |
|    learning_rate   | 1e-05    |
|    n_updates       | 62084    |
---------------------------------
---------------------------------
| rollout/           |          |
|    ep_len_mean     | 101      |
|    ep_rew_mean     | -10.6    |
|    success_rate    | 0.12     |
| time/              |          |
|    episodes        | 2464     |
|    fps             | 85       |
|    time_elapsed    | 2918     |
|    total_timesteps | 250524   |
| train/             |          |
|    actor_loss      | -22.8    |
|    critic_loss     | 10       |
|    ent_coef        | 0.001    |
|    learning_rate   | 1e-05    |
|    n_updates       | 62130    |
---------------------------------
---------------------------------
| rollout/           |          |
|    ep_len_mean     | 101      |
|    ep_rew_mean     | -10.6    |
|    success_rate    | 0.12     |
| time/              |          |
|    episodes        | 2468     |
|    fps             | 85       |
|    time_elapsed    | 2920     |
|    total_timesteps | 250868   |
| train/             |          |
|    actor_loss      | -22.3    |
|    critic_loss     | 7.5      |
|    ent_coef        | 0.001    |
|    learning_rate   | 1e-05    |
|    n_updates       | 62216    |
---------------------------------
---------------------------------
| rollout/           |          |
|    ep_len_mean     | 102      |
|    ep_rew_mean     | -10.2    |
|    success_rate    | 0.12     |
| time/              |          |
|    episodes        | 2472     |
|    fps             | 85       |
|    time_elapsed    | 2922     |
|    total_timesteps | 251152   |
| train/             |          |
|    actor_loss      | -21.7    |
|    critic_loss     | 5.97     |
|    ent_coef        | 0.001    |
|    learning_rate   | 1e-05    |
|    n_updates       | 62287    |
---------------------------------
---------------------------------
| rollout/           |          |
|    ep_len_mean     | 102      |
|    ep_rew_mean     | -9.9     |
|    success_rate    | 0.12     |
| time/              |          |
|    episodes        | 2476     |
|    fps             | 86       |
|    time_elapsed    | 2925     |
|    total_timesteps | 251640   |
| train/             |          |
|    actor_loss      | -20.9    |
|    critic_loss     | 7.4      |
|    ent_coef        | 0.001    |
|    learning_rate   | 1e-05    |
|    n_updates       | 62409    |
---------------------------------
---------------------------------
| rollout/           |          |
|    ep_len_mean     | 98.9     |
|    ep_rew_mean     | -10.1    |
|    success_rate    | 0.12     |
| time/              |          |
|    episodes        | 2480     |
|    fps             | 86       |
|    time_elapsed    | 2927     |
|    total_timesteps | 251852   |
| train/             |          |
|    actor_loss      | -21.8    |
|    critic_loss     | 8.35     |
|    ent_coef        | 0.001    |
|    learning_rate   | 1e-05    |
|    n_updates       | 62462    |
---------------------------------
---------------------------------
| rollout/           |          |
|    ep_len_mean     | 95.5     |
|    ep_rew_mean     | -10.4    |
|    success_rate    | 0.12     |
| time/              |          |
|    episodes        | 2484     |
|    fps             | 86       |
|    time_elapsed    | 2928     |
|    total_timesteps | 252060   |
| train/             |          |
|    actor_loss      | -20.8    |
|    critic_loss     | 11.5     |
|    ent_coef        | 0.001    |
|    learning_rate   | 1e-05    |
|    n_updates       | 62514    |
---------------------------------
---------------------------------
| rollout/           |          |
|    ep_len_mean     | 93.9     |
|    ep_rew_mean     | -10.3    |
|    success_rate    | 0.13     |
| time/              |          |
|    episodes        | 2488     |
|    fps             | 86       |
|    time_elapsed    | 2931     |
|    total_timesteps | 252552   |
| train/             |          |
|    actor_loss      | -21.2    |
|    critic_loss     | 6.87     |
|    ent_coef        | 0.001    |
|    learning_rate   | 1e-05    |
|    n_updates       | 62637    |
---------------------------------
---------------------------------
| rollout/           |          |
|    ep_len_mean     | 92.5     |
|    ep_rew_mean     | -9.81    |
|    success_rate    | 0.14     |
| time/              |          |
|    episodes        | 2492     |
|    fps             | 86       |
|    time_elapsed    | 2934     |
|    total_timesteps | 252836   |
| train/             |          |
|    actor_loss      | -22.5    |
|    critic_loss     | 7.57     |
|    ent_coef        | 0.001    |
|    learning_rate   | 1e-05    |
|    n_updates       | 62708    |
---------------------------------
---------------------------------
| rollout/           |          |
|    ep_len_mean     | 89.6     |
|    ep_rew_mean     | -10.1    |
|    success_rate    | 0.14     |
| time/              |          |
|    episodes        | 2496     |
|    fps             | 86       |
|    time_elapsed    | 2935     |
|    total_timesteps | 252984   |
| train/             |          |
|    actor_loss      | -22.2    |
|    critic_loss     | 9.04     |
|    ent_coef        | 0.001    |
|    learning_rate   | 1e-05    |
|    n_updates       | 62745    |
---------------------------------
---------------------------------
| rollout/           |          |
|    ep_len_mean     | 86.3     |
|    ep_rew_mean     | -10.3    |
|    success_rate    | 0.14     |
| time/              |          |
|    episodes        | 2500     |
|    fps             | 86       |
|    time_elapsed    | 2937     |
|    total_timesteps | 253300   |
| train/             |          |
|    actor_loss      | -21.1    |
|    critic_loss     | 6.03     |
|    ent_coef        | 0.001    |
|    learning_rate   | 1e-05    |
|    n_updates       | 62824    |
---------------------------------
---------------------------------
| rollout/           |          |
|    ep_len_mean     | 86.3     |
|    ep_rew_mean     | -10.1    |
|    success_rate    | 0.14     |
| time/              |          |
|    episodes        | 2504     |
|    fps             | 86       |
|    time_elapsed    | 2941     |
|    total_timesteps | 254000   |
| train/             |          |
|    actor_loss      | -21.2    |
|    critic_loss     | 8.39     |
|    ent_coef        | 0.001    |
|    learning_rate   | 1e-05    |
|    n_updates       | 62999    |
---------------------------------
---------------------------------
| rollout/           |          |
|    ep_len_mean     | 86.6     |
|    ep_rew_mean     | -10      |
|    success_rate    | 0.14     |
| time/              |          |
|    episodes        | 2508     |
|    fps             | 86       |
|    time_elapsed    | 2944     |
|    total_timesteps | 254428   |
| train/             |          |
|    actor_loss      | -21.9    |
|    critic_loss     | 7.58     |
|    ent_coef        | 0.001    |
|    learning_rate   | 1e-05    |
|    n_updates       | 63106    |
---------------------------------
---------------------------------
| rollout/           |          |
|    ep_len_mean     | 88.2     |
|    ep_rew_mean     | -10.4    |
|    success_rate    | 0.13     |
| time/              |          |
|    episodes        | 2512     |
|    fps             | 86       |
|    time_elapsed    | 2948     |
|    total_timesteps | 255084   |
| train/             |          |
|    actor_loss      | -21.1    |
|    critic_loss     | 7.73     |
|    ent_coef        | 0.001    |
|    learning_rate   | 1e-05    |
|    n_updates       | 63270    |
---------------------------------
---------------------------------
| rollout/           |          |
|    ep_len_mean     | 93.3     |
|    ep_rew_mean     | -10      |
|    success_rate    | 0.13     |
| time/              |          |
|    episodes        | 2516     |
|    fps             | 86       |
|    time_elapsed    | 2953     |
|    total_timesteps | 255784   |
| train/             |          |
|    actor_loss      | -20.4    |
|    critic_loss     | 11.1     |
|    ent_coef        | 0.001    |
|    learning_rate   | 1e-05    |
|    n_updates       | 63445    |
---------------------------------
---------------------------------
| rollout/           |          |
|    ep_len_mean     | 93       |
|    ep_rew_mean     | -10.6    |
|    success_rate    | 0.11     |
| time/              |          |
|    episodes        | 2520     |
|    fps             | 86       |
|    time_elapsed    | 2954     |
|    total_timesteps | 255972   |
| train/             |          |
|    actor_loss      | -22.6    |
|    critic_loss     | 7.01     |
|    ent_coef        | 0.001    |
|    learning_rate   | 1e-05    |
|    n_updates       | 63492    |
---------------------------------
---------------------------------
| rollout/           |          |
|    ep_len_mean     | 95       |
|    ep_rew_mean     | -11      |
|    success_rate    | 0.1      |
| time/              |          |
|    episodes        | 2524     |
|    fps             | 86       |
|    time_elapsed    | 2955     |
|    total_timesteps | 256108   |
| train/             |          |
|    actor_loss      | -20.5    |
|    critic_loss     | 11.5     |
|    ent_coef        | 0.001    |
|    learning_rate   | 1e-05    |
|    n_updates       | 63526    |
---------------------------------
---------------------------------
| rollout/           |          |
|    ep_len_mean     | 91       |
|    ep_rew_mean     | -11.5    |
|    success_rate    | 0.1      |
| time/              |          |
|    episodes        | 2528     |
|    fps             | 86       |
|    time_elapsed    | 2959     |
|    total_timesteps | 256716   |
| train/             |          |
|    actor_loss      | -20.9    |
|    critic_loss     | 7.72     |
|    ent_coef        | 0.001    |
|    learning_rate   | 1e-05    |
|    n_updates       | 63678    |
---------------------------------
---------------------------------
| rollout/           |          |
|    ep_len_mean     | 92.8     |
|    ep_rew_mean     | -11.7    |
|    success_rate    | 0.1      |
| time/              |          |
|    episodes        | 2532     |
|    fps             | 86       |
|    time_elapsed    | 2962     |
|    total_timesteps | 257132   |
| train/             |          |
|    actor_loss      | -20.9    |
|    critic_loss     | 6.3      |
|    ent_coef        | 0.001    |
|    learning_rate   | 1e-05    |
|    n_updates       | 63782    |
---------------------------------
---------------------------------
| rollout/           |          |
|    ep_len_mean     | 91.7     |
|    ep_rew_mean     | -11.5    |
|    success_rate    | 0.11     |
| time/              |          |
|    episodes        | 2536     |
|    fps             | 86       |
|    time_elapsed    | 2964     |
|    total_timesteps | 257452   |
| train/             |          |
|    actor_loss      | -21.3    |
|    critic_loss     | 6.62     |
|    ent_coef        | 0.001    |
|    learning_rate   | 1e-05    |
|    n_updates       | 63862    |
---------------------------------
---------------------------------
| rollout/           |          |
|    ep_len_mean     | 94.9     |
|    ep_rew_mean     | -11.3    |
|    success_rate    | 0.11     |
| time/              |          |
|    episodes        | 2540     |
|    fps             | 86       |
|    time_elapsed    | 2968     |
|    total_timesteps | 258152   |
| train/             |          |
|    actor_loss      | -20.8    |
|    critic_loss     | 9.34     |
|    ent_coef        | 0.001    |
|    learning_rate   | 1e-05    |
|    n_updates       | 64037    |
---------------------------------
---------------------------------
| rollout/           |          |
|    ep_len_mean     | 93.5     |
|    ep_rew_mean     | -11.9    |
|    success_rate    | 0.1      |
| time/              |          |
|    episodes        | 2544     |
|    fps             | 86       |
|    time_elapsed    | 2970     |
|    total_timesteps | 258292   |
| train/             |          |
|    actor_loss      | -20.6    |
|    critic_loss     | 7.85     |
|    ent_coef        | 0.001    |
|    learning_rate   | 1e-05    |
|    n_updates       | 64072    |
---------------------------------
---------------------------------
| rollout/           |          |
|    ep_len_mean     | 96.8     |
|    ep_rew_mean     | -11.8    |
|    success_rate    | 0.09     |
| time/              |          |
|    episodes        | 2548     |
|    fps             | 87       |
|    time_elapsed    | 2973     |
|    total_timesteps | 258908   |
| train/             |          |
|    actor_loss      | -21.4    |
|    critic_loss     | 10.2     |
|    ent_coef        | 0.001    |
|    learning_rate   | 1e-05    |
|    n_updates       | 64226    |
---------------------------------
---------------------------------
| rollout/           |          |
|    ep_len_mean     | 100      |
|    ep_rew_mean     | -11.9    |
|    success_rate    | 0.08     |
| time/              |          |
|    episodes        | 2552     |
|    fps             | 87       |
|    time_elapsed    | 2977     |
|    total_timesteps | 259584   |
| train/             |          |
|    actor_loss      | -21.1    |
|    critic_loss     | 5.79     |
|    ent_coef        | 0.001    |
|    learning_rate   | 1e-05    |
|    n_updates       | 64395    |
---------------------------------
---------------------------------
| rollout/           |          |
|    ep_len_mean     | 98.2     |
|    ep_rew_mean     | -12.5    |
|    success_rate    | 0.07     |
| time/              |          |
|    episodes        | 2556     |
|    fps             | 87       |
|    time_elapsed    | 2979     |
|    total_timesteps | 259732   |
| train/             |          |
|    actor_loss      | -20.4    |
|    critic_loss     | 5.72     |
|    ent_coef        | 0.001    |
|    learning_rate   | 1e-05    |
|    n_updates       | 64432    |
---------------------------------
Eval num_timesteps=260000, episode_reward=-4.39 +/- 4.50
Episode length: 168.48 +/- 31.94
Success rate: 4.00%
---------------------------------
| eval/              |          |
|    mean_ep_length  | 168      |
|    mean_reward     | -4.39    |
|    success_rate    | 0.04     |
| time/              |          |
|    total_timesteps | 260000   |
| train/             |          |
|    actor_loss      | -21.1    |
|    critic_loss     | 9.4      |
|    ent_coef        | 0.001    |
|    learning_rate   | 1e-05    |
|    n_updates       | 64499    |
---------------------------------
Eval num_timesteps=260000, episode_reward=-11.28 +/- 14.30
Episode length: 67.62 +/- 72.68
Success rate: 30.00%
---------------------------------
| eval/              |          |
|    mean_ep_length  | 67.6     |
|    mean_reward     | -11.3    |
|    success_rate    | 0.3      |
| time/              |          |
|    total_timesteps | 260000   |
---------------------------------
Eval num_timesteps=260000, episode_reward=-17.78 +/- 5.51
Episode length: 82.28 +/- 85.60
Success rate: 0.00%
---------------------------------
| eval/              |          |
|    mean_ep_length  | 82.3     |
|    mean_reward     | -17.8    |
|    success_rate    | 0        |
| time/              |          |
|    total_timesteps | 260000   |
---------------------------------
---------------------------------
| rollout/           |          |
|    ep_len_mean     | 100      |
|    ep_rew_mean     | -12.3    |
|    success_rate    | 0.07     |
| time/              |          |
|    episodes        | 2560     |
|    fps             | 85       |
|    time_elapsed    | 3038     |
|    total_timesteps | 260316   |
| train/             |          |
|    actor_loss      | -20.6    |
|    critic_loss     | 7.23     |
|    ent_coef        | 0.001    |
|    learning_rate   | 1e-05    |
|    n_updates       | 64578    |
---------------------------------
---------------------------------
| rollout/           |          |
|    ep_len_mean     | 105      |
|    ep_rew_mean     | -12.5    |
|    success_rate    | 0.05     |
| time/              |          |
|    episodes        | 2564     |
|    fps             | 85       |
|    time_elapsed    | 3042     |
|    total_timesteps | 261016   |
| train/             |          |
|    actor_loss      | -20.4    |
|    critic_loss     | 7.11     |
|    ent_coef        | 0.001    |
|    learning_rate   | 1e-05    |
|    n_updates       | 64753    |
---------------------------------
---------------------------------
| rollout/           |          |
|    ep_len_mean     | 110      |
|    ep_rew_mean     | -12.3    |
|    success_rate    | 0.05     |
| time/              |          |
|    episodes        | 2568     |
|    fps             | 85       |
|    time_elapsed    | 3046     |
|    total_timesteps | 261716   |
| train/             |          |
|    actor_loss      | -19.7    |
|    critic_loss     | 7.75     |
|    ent_coef        | 0.001    |
|    learning_rate   | 1e-05    |
|    n_updates       | 64928    |
---------------------------------
---------------------------------
| rollout/           |          |
|    ep_len_mean     | 111      |
|    ep_rew_mean     | -12.5    |
|    success_rate    | 0.05     |
| time/              |          |
|    episodes        | 2572     |
|    fps             | 86       |
|    time_elapsed    | 3050     |
|    total_timesteps | 262384   |
| train/             |          |
|    actor_loss      | -20.6    |
|    critic_loss     | 7.96     |
|    ent_coef        | 0.001    |
|    learning_rate   | 1e-05    |
|    n_updates       | 65095    |
---------------------------------
---------------------------------
| rollout/           |          |
|    ep_len_mean     | 110      |
|    ep_rew_mean     | -12.9    |
|    success_rate    | 0.05     |
| time/              |          |
|    episodes        | 2576     |
|    fps             | 86       |
|    time_elapsed    | 3051     |
|    total_timesteps | 262532   |
| train/             |          |
|    actor_loss      | -19.5    |
|    critic_loss     | 9.8      |
|    ent_coef        | 0.001    |
|    learning_rate   | 1e-05    |
|    n_updates       | 65132    |
---------------------------------
---------------------------------
| rollout/           |          |
|    ep_len_mean     | 114      |
|    ep_rew_mean     | -13      |
|    success_rate    | 0.04     |
| time/              |          |
|    episodes        | 2580     |
|    fps             | 86       |
|    time_elapsed    | 3056     |
|    total_timesteps | 263232   |
| train/             |          |
|    actor_loss      | -19.5    |
|    critic_loss     | 7.63     |
|    ent_coef        | 0.001    |
|    learning_rate   | 1e-05    |
|    n_updates       | 65307    |
---------------------------------
---------------------------------
| rollout/           |          |
|    ep_len_mean     | 116      |
|    ep_rew_mean     | -12.6    |
|    success_rate    | 0.05     |
| time/              |          |
|    episodes        | 2584     |
|    fps             | 86       |
|    time_elapsed    | 3059     |
|    total_timesteps | 263792   |
| train/             |          |
|    actor_loss      | -20.6    |
|    critic_loss     | 7.61     |
|    ent_coef        | 0.001    |
|    learning_rate   | 1e-05    |
|    n_updates       | 65447    |
---------------------------------
---------------------------------
| rollout/           |          |
|    ep_len_mean     | 116      |
|    ep_rew_mean     | -12.8    |
|    success_rate    | 0.04     |
| time/              |          |
|    episodes        | 2588     |
|    fps             | 86       |
|    time_elapsed    | 3060     |
|    total_timesteps | 263944   |
| train/             |          |
|    actor_loss      | -20.1    |
|    critic_loss     | 5.88     |
|    ent_coef        | 0.001    |
|    learning_rate   | 1e-05    |
|    n_updates       | 65485    |
---------------------------------
---------------------------------
| rollout/           |          |
|    ep_len_mean     | 116      |
|    ep_rew_mean     | -12.8    |
|    success_rate    | 0.04     |
| time/              |          |
|    episodes        | 2592     |
|    fps             | 86       |
|    time_elapsed    | 3064     |
|    total_timesteps | 264492   |
| train/             |          |
|    actor_loss      | -19.6    |
|    critic_loss     | 6.96     |
|    ent_coef        | 0.001    |
|    learning_rate   | 1e-05    |
|    n_updates       | 65622    |
---------------------------------
---------------------------------
| rollout/           |          |
|    ep_len_mean     | 117      |
|    ep_rew_mean     | -13.2    |
|    success_rate    | 0.03     |
| time/              |          |
|    episodes        | 2596     |
|    fps             | 86       |
|    time_elapsed    | 3065     |
|    total_timesteps | 264604   |
| train/             |          |
|    actor_loss      | -19.2    |
|    critic_loss     | 8.53     |
|    ent_coef        | 0.001    |
|    learning_rate   | 1e-05    |
|    n_updates       | 65650    |
---------------------------------
---------------------------------
| rollout/           |          |
|    ep_len_mean     | 116      |
|    ep_rew_mean     | -13.1    |
|    success_rate    | 0.04     |
| time/              |          |
|    episodes        | 2600     |
|    fps             | 86       |
|    time_elapsed    | 3068     |
|    total_timesteps | 265108   |
| train/             |          |
|    actor_loss      | -18.9    |
|    critic_loss     | 5.84     |
|    ent_coef        | 0.001    |
|    learning_rate   | 1e-05    |
|    n_updates       | 65776    |
---------------------------------
---------------------------------
| rollout/           |          |
|    ep_len_mean     | 115      |
|    ep_rew_mean     | -13.3    |
|    success_rate    | 0.04     |
| time/              |          |
|    episodes        | 2604     |
|    fps             | 86       |
|    time_elapsed    | 3070     |
|    total_timesteps | 265424   |
| train/             |          |
|    actor_loss      | -20.8    |
|    critic_loss     | 6.26     |
|    ent_coef        | 0.001    |
|    learning_rate   | 1e-05    |
|    n_updates       | 65855    |
---------------------------------
---------------------------------
| rollout/           |          |
|    ep_len_mean     | 115      |
|    ep_rew_mean     | -13.3    |
|    success_rate    | 0.04     |
| time/              |          |
|    episodes        | 2608     |
|    fps             | 86       |
|    time_elapsed    | 3074     |
|    total_timesteps | 266040   |
| train/             |          |
|    actor_loss      | -19.3    |
|    critic_loss     | 6.39     |
|    ent_coef        | 0.001    |
|    learning_rate   | 1e-05    |
|    n_updates       | 66009    |
---------------------------------
---------------------------------
| rollout/           |          |
|    ep_len_mean     | 112      |
|    ep_rew_mean     | -13.5    |
|    success_rate    | 0.04     |
| time/              |          |
|    episodes        | 2612     |
|    fps             | 86       |
|    time_elapsed    | 3075     |
|    total_timesteps | 266148   |
| train/             |          |
|    actor_loss      | -19.8    |
|    critic_loss     | 8.34     |
|    ent_coef        | 0.001    |
|    learning_rate   | 1e-05    |
|    n_updates       | 66036    |
---------------------------------
---------------------------------
| rollout/           |          |
|    ep_len_mean     | 107      |
|    ep_rew_mean     | -13.8    |
|    success_rate    | 0.04     |
| time/              |          |
|    episodes        | 2616     |
|    fps             | 86       |
|    time_elapsed    | 3076     |
|    total_timesteps | 266212   |
| train/             |          |
|    actor_loss      | -20      |
|    critic_loss     | 4.81     |
|    ent_coef        | 0.001    |
|    learning_rate   | 1e-05    |
|    n_updates       | 66052    |
---------------------------------
---------------------------------
| rollout/           |          |
|    ep_len_mean     | 108      |
|    ep_rew_mean     | -13.6    |
|    success_rate    | 0.04     |
| time/              |          |
|    episodes        | 2620     |
|    fps             | 86       |
|    time_elapsed    | 3080     |
|    total_timesteps | 266912   |
| train/             |          |
|    actor_loss      | -19.9    |
|    critic_loss     | 6.4      |
|    ent_coef        | 0.001    |
|    learning_rate   | 1e-05    |
|    n_updates       | 66227    |
---------------------------------
---------------------------------
| rollout/           |          |
|    ep_len_mean     | 110      |
|    ep_rew_mean     | -12.9    |
|    success_rate    | 0.05     |
| time/              |          |
|    episodes        | 2624     |
|    fps             | 86       |
|    time_elapsed    | 3082     |
|    total_timesteps | 267232   |
| train/             |          |
|    actor_loss      | -20.2    |
|    critic_loss     | 6.65     |
|    ent_coef        | 0.001    |
|    learning_rate   | 1e-05    |
|    n_updates       | 66307    |
---------------------------------
---------------------------------
| rollout/           |          |
|    ep_len_mean     | 109      |
|    ep_rew_mean     | -12.6    |
|    success_rate    | 0.06     |
| time/              |          |
|    episodes        | 2628     |
|    fps             | 86       |
|    time_elapsed    | 3084     |
|    total_timesteps | 267552   |
| train/             |          |
|    actor_loss      | -20      |
|    critic_loss     | 6.16     |
|    ent_coef        | 0.001    |
|    learning_rate   | 1e-05    |
|    n_updates       | 66387    |
---------------------------------
---------------------------------
| rollout/           |          |
|    ep_len_mean     | 109      |
|    ep_rew_mean     | -12      |
|    success_rate    | 0.07     |
| time/              |          |
|    episodes        | 2632     |
|    fps             | 86       |
|    time_elapsed    | 3087     |
|    total_timesteps | 267976   |
| train/             |          |
|    actor_loss      | -20.2    |
|    critic_loss     | 6.4      |
|    ent_coef        | 0.001    |
|    learning_rate   | 1e-05    |
|    n_updates       | 66493    |
---------------------------------
---------------------------------
| rollout/           |          |
|    ep_len_mean     | 110      |
|    ep_rew_mean     | -12.2    |
|    success_rate    | 0.07     |
| time/              |          |
|    episodes        | 2636     |
|    fps             | 86       |
|    time_elapsed    | 3090     |
|    total_timesteps | 268372   |
| train/             |          |
|    actor_loss      | -19.4    |
|    critic_loss     | 5.22     |
|    ent_coef        | 0.001    |
|    learning_rate   | 1e-05    |
|    n_updates       | 66592    |
---------------------------------
---------------------------------
| rollout/           |          |
|    ep_len_mean     | 108      |
|    ep_rew_mean     | -12.4    |
|    success_rate    | 0.07     |
| time/              |          |
|    episodes        | 2640     |
|    fps             | 86       |
|    time_elapsed    | 3094     |
|    total_timesteps | 269052   |
| train/             |          |
|    actor_loss      | -18.2    |
|    critic_loss     | 7.09     |
|    ent_coef        | 0.001    |
|    learning_rate   | 1e-05    |
|    n_updates       | 66762    |
---------------------------------
---------------------------------
| rollout/           |          |
|    ep_len_mean     | 113      |
|    ep_rew_mean     | -11.9    |
|    success_rate    | 0.07     |
| time/              |          |
|    episodes        | 2644     |
|    fps             | 87       |
|    time_elapsed    | 3098     |
|    total_timesteps | 269752   |
| train/             |          |
|    actor_loss      | -19      |
|    critic_loss     | 5.85     |
|    ent_coef        | 0.001    |
|    learning_rate   | 1e-05    |
|    n_updates       | 66937    |
---------------------------------
---------------------------------
| rollout/           |          |
|    ep_len_mean     | 110      |
|    ep_rew_mean     | -12      |
|    success_rate    | 0.08     |
| time/              |          |
|    episodes        | 2648     |
|    fps             | 87       |
|    time_elapsed    | 3099     |
|    total_timesteps | 269804   |
| train/             |          |
|    actor_loss      | -17.8    |
|    critic_loss     | 7.11     |
|    ent_coef        | 0.001    |
|    learning_rate   | 1e-05    |
|    n_updates       | 66950    |
---------------------------------
Eval num_timesteps=270000, episode_reward=-4.29 +/- 4.24
Episode length: 168.52 +/- 31.75
Success rate: 4.00%
---------------------------------
| eval/              |          |
|    mean_ep_length  | 169      |
|    mean_reward     | -4.29    |
|    success_rate    | 0.04     |
| time/              |          |
|    total_timesteps | 270000   |
| train/             |          |
|    actor_loss      | -18.8    |
|    critic_loss     | 7.26     |
|    ent_coef        | 0.001    |
|    learning_rate   | 1e-05    |
|    n_updates       | 66999    |
---------------------------------
Eval num_timesteps=270000, episode_reward=-11.40 +/- 14.54
Episode length: 81.40 +/- 77.08
Success rate: 28.00%
---------------------------------
| eval/              |          |
|    mean_ep_length  | 81.4     |
|    mean_reward     | -11.4    |
|    success_rate    | 0.28     |
| time/              |          |
|    total_timesteps | 270000   |
---------------------------------
Eval num_timesteps=270000, episode_reward=-20.09 +/- 4.18
Episode length: 61.90 +/- 81.23
Success rate: 0.00%
---------------------------------
| eval/              |          |
|    mean_ep_length  | 61.9     |
|    mean_reward     | -20.1    |
|    success_rate    | 0        |
| time/              |          |
|    total_timesteps | 270000   |
---------------------------------
---------------------------------
| rollout/           |          |
|    ep_len_mean     | 110      |
|    ep_rew_mean     | -12.2    |
|    success_rate    | 0.08     |
| time/              |          |
|    episodes        | 2652     |
|    fps             | 85       |
|    time_elapsed    | 3159     |
|    total_timesteps | 270488   |
| train/             |          |
|    actor_loss      | -18.8    |
|    critic_loss     | 5.81     |
|    ent_coef        | 0.001    |
|    learning_rate   | 1e-05    |
|    n_updates       | 67121    |
---------------------------------
---------------------------------
| rollout/           |          |
|    ep_len_mean     | 110      |
|    ep_rew_mean     | -11.9    |
|    success_rate    | 0.09     |
| time/              |          |
|    episodes        | 2656     |
|    fps             | 85       |
|    time_elapsed    | 3161     |
|    total_timesteps | 270776   |
| train/             |          |
|    actor_loss      | -18      |
|    critic_loss     | 7.48     |
|    ent_coef        | 0.001    |
|    learning_rate   | 1e-05    |
|    n_updates       | 67193    |
---------------------------------
---------------------------------
| rollout/           |          |
|    ep_len_mean     | 108      |
|    ep_rew_mean     | -12.5    |
|    success_rate    | 0.09     |
| time/              |          |
|    episodes        | 2660     |
|    fps             | 85       |
|    time_elapsed    | 3163     |
|    total_timesteps | 271188   |
| train/             |          |
|    actor_loss      | -17.9    |
|    critic_loss     | 4.79     |
|    ent_coef        | 0.001    |
|    learning_rate   | 1e-05    |
|    n_updates       | 67296    |
---------------------------------
---------------------------------
| rollout/           |          |
|    ep_len_mean     | 105      |
|    ep_rew_mean     | -12.8    |
|    success_rate    | 0.09     |
| time/              |          |
|    episodes        | 2664     |
|    fps             | 85       |
|    time_elapsed    | 3165     |
|    total_timesteps | 271532   |
| train/             |          |
|    actor_loss      | -18.3    |
|    critic_loss     | 9.15     |
|    ent_coef        | 0.001    |
|    learning_rate   | 1e-05    |
|    n_updates       | 67382    |
---------------------------------
---------------------------------
| rollout/           |          |
|    ep_len_mean     | 104      |
|    ep_rew_mean     | -13      |
|    success_rate    | 0.09     |
| time/              |          |
|    episodes        | 2668     |
|    fps             | 85       |
|    time_elapsed    | 3169     |
|    total_timesteps | 272076   |
| train/             |          |
|    actor_loss      | -18.3    |
|    critic_loss     | 7.86     |
|    ent_coef        | 0.001    |
|    learning_rate   | 1e-05    |
|    n_updates       | 67518    |
---------------------------------
---------------------------------
| rollout/           |          |
|    ep_len_mean     | 99.3     |
|    ep_rew_mean     | -12.8    |
|    success_rate    | 0.1      |
| time/              |          |
|    episodes        | 2672     |
|    fps             | 85       |
|    time_elapsed    | 3170     |
|    total_timesteps | 272208   |
| train/             |          |
|    actor_loss      | -18.8    |
|    critic_loss     | 6.2      |
|    ent_coef        | 0.001    |
|    learning_rate   | 1e-05    |
|    n_updates       | 67551    |
---------------------------------
---------------------------------
| rollout/           |          |
|    ep_len_mean     | 98.2     |
|    ep_rew_mean     | -12.9    |
|    success_rate    | 0.1      |
| time/              |          |
|    episodes        | 2676     |
|    fps             | 85       |
|    time_elapsed    | 3171     |
|    total_timesteps | 272424   |
| train/             |          |
|    actor_loss      | -18.4    |
|    critic_loss     | 6.28     |
|    ent_coef        | 0.001    |
|    learning_rate   | 1e-05    |
|    n_updates       | 67605    |
---------------------------------
---------------------------------
| rollout/           |          |
|    ep_len_mean     | 96.5     |
|    ep_rew_mean     | -12.8    |
|    success_rate    | 0.1      |
| time/              |          |
|    episodes        | 2680     |
|    fps             | 85       |
|    time_elapsed    | 3175     |
|    total_timesteps | 272932   |
| train/             |          |
|    actor_loss      | -18.9    |
|    critic_loss     | 7.05     |
|    ent_coef        | 0.001    |
|    learning_rate   | 1e-05    |
|    n_updates       | 67732    |
---------------------------------
---------------------------------
| rollout/           |          |
|    ep_len_mean     | 95       |
|    ep_rew_mean     | -12.9    |
|    success_rate    | 0.1      |
| time/              |          |
|    episodes        | 2684     |
|    fps             | 85       |
|    time_elapsed    | 3176     |
|    total_timesteps | 273124   |
| train/             |          |
|    actor_loss      | -17      |
|    critic_loss     | 6.91     |
|    ent_coef        | 0.001    |
|    learning_rate   | 1e-05    |
|    n_updates       | 67780    |
---------------------------------
---------------------------------
| rollout/           |          |
|    ep_len_mean     | 95.2     |
|    ep_rew_mean     | -12.9    |
|    success_rate    | 0.11     |
| time/              |          |
|    episodes        | 2688     |
|    fps             | 86       |
|    time_elapsed    | 3179     |
|    total_timesteps | 273632   |
| train/             |          |
|    actor_loss      | -17.4    |
|    critic_loss     | 8.34     |
|    ent_coef        | 0.001    |
|    learning_rate   | 1e-05    |
|    n_updates       | 67907    |
---------------------------------
---------------------------------
| rollout/           |          |
|    ep_len_mean     | 96.5     |
|    ep_rew_mean     | -13.2    |
|    success_rate    | 0.1      |
| time/              |          |
|    episodes        | 2692     |
|    fps             | 86       |
|    time_elapsed    | 3183     |
|    total_timesteps | 274264   |
| train/             |          |
|    actor_loss      | -17.6    |
|    critic_loss     | 7.72     |
|    ent_coef        | 0.001    |
|    learning_rate   | 1e-05    |
|    n_updates       | 68065    |
---------------------------------
---------------------------------
| rollout/           |          |
|    ep_len_mean     | 98.7     |
|    ep_rew_mean     | -12.8    |
|    success_rate    | 0.11     |
| time/              |          |
|    episodes        | 2696     |
|    fps             | 86       |
|    time_elapsed    | 3185     |
|    total_timesteps | 274440   |
| train/             |          |
|    actor_loss      | -17.2    |
|    critic_loss     | 6.83     |
|    ent_coef        | 0.001    |
|    learning_rate   | 1e-05    |
|    n_updates       | 68109    |
---------------------------------
---------------------------------
| rollout/           |          |
|    ep_len_mean     | 100      |
|    ep_rew_mean     | -12.4    |
|    success_rate    | 0.11     |
| time/              |          |
|    episodes        | 2700     |
|    fps             | 86       |
|    time_elapsed    | 3189     |
|    total_timesteps | 275056   |
| train/             |          |
|    actor_loss      | -17.6    |
|    critic_loss     | 6.38     |
|    ent_coef        | 0.001    |
|    learning_rate   | 1e-05    |
|    n_updates       | 68263    |
---------------------------------
---------------------------------
| rollout/           |          |
|    ep_len_mean     | 98.5     |
|    ep_rew_mean     | -12.4    |
|    success_rate    | 0.11     |
| time/              |          |
|    episodes        | 2704     |
|    fps             | 86       |
|    time_elapsed    | 3191     |
|    total_timesteps | 275308   |
| train/             |          |
|    actor_loss      | -16.9    |
|    critic_loss     | 4.9      |
|    ent_coef        | 0.001    |
|    learning_rate   | 1e-05    |
|    n_updates       | 68326    |
---------------------------------
---------------------------------
| rollout/           |          |
|    ep_len_mean     | 98.5     |
|    ep_rew_mean     | -12      |
|    success_rate    | 0.12     |
| time/              |          |
|    episodes        | 2708     |
|    fps             | 86       |
|    time_elapsed    | 3194     |
|    total_timesteps | 275776   |
| train/             |          |
|    actor_loss      | -17.6    |
|    critic_loss     | 5.95     |
|    ent_coef        | 0.001    |
|    learning_rate   | 1e-05    |
|    n_updates       | 68443    |
---------------------------------
---------------------------------
| rollout/           |          |
|    ep_len_mean     | 102      |
|    ep_rew_mean     | -11.8    |
|    success_rate    | 0.12     |
| time/              |          |
|    episodes        | 2712     |
|    fps             | 86       |
|    time_elapsed    | 3198     |
|    total_timesteps | 276404   |
| train/             |          |
|    actor_loss      | -17.3    |
|    critic_loss     | 6.22     |
|    ent_coef        | 0.001    |
|    learning_rate   | 1e-05    |
|    n_updates       | 68600    |
---------------------------------
---------------------------------
| rollout/           |          |
|    ep_len_mean     | 102      |
|    ep_rew_mean     | -11.3    |
|    success_rate    | 0.14     |
| time/              |          |
|    episodes        | 2716     |
|    fps             | 86       |
|    time_elapsed    | 3199     |
|    total_timesteps | 276512   |
| train/             |          |
|    actor_loss      | -16.7    |
|    critic_loss     | 7.51     |
|    ent_coef        | 0.001    |
|    learning_rate   | 1e-05    |
|    n_updates       | 68627    |
---------------------------------
---------------------------------
| rollout/           |          |
|    ep_len_mean     | 98.4     |
|    ep_rew_mean     | -11.6    |
|    success_rate    | 0.14     |
| time/              |          |
|    episodes        | 2720     |
|    fps             | 86       |
|    time_elapsed    | 3200     |
|    total_timesteps | 276588   |
| train/             |          |
|    actor_loss      | -16.8    |
|    critic_loss     | 8.36     |
|    ent_coef        | 0.001    |
|    learning_rate   | 1e-05    |
|    n_updates       | 68646    |
---------------------------------
---------------------------------
| rollout/           |          |
|    ep_len_mean     | 98.9     |
|    ep_rew_mean     | -11.9    |
|    success_rate    | 0.13     |
| time/              |          |
|    episodes        | 2724     |
|    fps             | 86       |
|    time_elapsed    | 3204     |
|    total_timesteps | 277188   |
| train/             |          |
|    actor_loss      | -17.6    |
|    critic_loss     | 7.78     |
|    ent_coef        | 0.001    |
|    learning_rate   | 1e-05    |
|    n_updates       | 68796    |
---------------------------------
---------------------------------
| rollout/           |          |
|    ep_len_mean     | 101      |
|    ep_rew_mean     | -12.1    |
|    success_rate    | 0.12     |
| time/              |          |
|    episodes        | 2728     |
|    fps             | 86       |
|    time_elapsed    | 3206     |
|    total_timesteps | 277456   |
| train/             |          |
|    actor_loss      | -16      |
|    critic_loss     | 8.67     |
|    ent_coef        | 0.001    |
|    learning_rate   | 1e-05    |
|    n_updates       | 68863    |
---------------------------------
---------------------------------
| rollout/           |          |
|    ep_len_mean     | 99.1     |
|    ep_rew_mean     | -12.4    |
|    success_rate    | 0.12     |
| time/              |          |
|    episodes        | 2732     |
|    fps             | 86       |
|    time_elapsed    | 3209     |
|    total_timesteps | 277896   |
| train/             |          |
|    actor_loss      | -16.6    |
|    critic_loss     | 8.02     |
|    ent_coef        | 0.001    |
|    learning_rate   | 1e-05    |
|    n_updates       | 68973    |
---------------------------------
---------------------------------
| rollout/           |          |
|    ep_len_mean     | 97.5     |
|    ep_rew_mean     | -12.9    |
|    success_rate    | 0.11     |
| time/              |          |
|    episodes        | 2736     |
|    fps             | 86       |
|    time_elapsed    | 3211     |
|    total_timesteps | 278272   |
| train/             |          |
|    actor_loss      | -17.8    |
|    critic_loss     | 4.77     |
|    ent_coef        | 0.001    |
|    learning_rate   | 1e-05    |
|    n_updates       | 69067    |
---------------------------------
---------------------------------
| rollout/           |          |
|    ep_len_mean     | 97.9     |
|    ep_rew_mean     | -12.9    |
|    success_rate    | 0.11     |
| time/              |          |
|    episodes        | 2740     |
|    fps             | 86       |
|    time_elapsed    | 3215     |
|    total_timesteps | 278856   |
| train/             |          |
|    actor_loss      | -16.9    |
|    critic_loss     | 7.21     |
|    ent_coef        | 0.001    |
|    learning_rate   | 1e-05    |
|    n_updates       | 69213    |
---------------------------------
---------------------------------
| rollout/           |          |
|    ep_len_mean     | 96.3     |
|    ep_rew_mean     | -13.2    |
|    success_rate    | 0.11     |
| time/              |          |
|    episodes        | 2744     |
|    fps             | 86       |
|    time_elapsed    | 3218     |
|    total_timesteps | 279304   |
| train/             |          |
|    actor_loss      | -16.4    |
|    critic_loss     | 9.37     |
|    ent_coef        | 0.001    |
|    learning_rate   | 1e-05    |
|    n_updates       | 69325    |
---------------------------------
---------------------------------
| rollout/           |          |
|    ep_len_mean     | 99.6     |
|    ep_rew_mean     | -13.2    |
|    success_rate    | 0.1      |
| time/              |          |
|    episodes        | 2748     |
|    fps             | 86       |
|    time_elapsed    | 3222     |
|    total_timesteps | 279932   |
| train/             |          |
|    actor_loss      | -18.1    |
|    critic_loss     | 9.44     |
|    ent_coef        | 0.001    |
|    learning_rate   | 1e-05    |
|    n_updates       | 69482    |
---------------------------------
Eval num_timesteps=280000, episode_reward=-4.84 +/- 4.59
Episode length: 168.52 +/- 31.75
Success rate: 4.00%
---------------------------------
| eval/              |          |
|    mean_ep_length  | 169      |
|    mean_reward     | -4.84    |
|    success_rate    | 0.04     |
| time/              |          |
|    total_timesteps | 280000   |
| train/             |          |
|    actor_loss      | -17.3    |
|    critic_loss     | 7.36     |
|    ent_coef        | 0.001    |
|    learning_rate   | 1e-05    |
|    n_updates       | 69499    |
---------------------------------
Eval num_timesteps=280000, episode_reward=-10.77 +/- 12.69
Episode length: 104.60 +/- 77.07
Success rate: 22.00%
---------------------------------
| eval/              |          |
|    mean_ep_length  | 105      |
|    mean_reward     | -10.8    |
|    success_rate    | 0.22     |
| time/              |          |
|    total_timesteps | 280000   |
---------------------------------
Eval num_timesteps=280000, episode_reward=-19.20 +/- 4.05
Episode length: 53.28 +/- 76.27
Success rate: 0.00%
---------------------------------
| eval/              |          |
|    mean_ep_length  | 53.3     |
|    mean_reward     | -19.2    |
|    success_rate    | 0        |
| time/              |          |
|    total_timesteps | 280000   |
---------------------------------
---------------------------------
| rollout/           |          |
|    ep_len_mean     | 96       |
|    ep_rew_mean     | -13.3    |
|    success_rate    | 0.1      |
| time/              |          |
|    episodes        | 2752     |
|    fps             | 85       |
|    time_elapsed    | 3280     |
|    total_timesteps | 280108   |
| train/             |          |
|    actor_loss      | -17.3    |
|    critic_loss     | 6.98     |
|    ent_coef        | 0.001    |
|    learning_rate   | 1e-05    |
|    n_updates       | 69526    |
---------------------------------
---------------------------------
| rollout/           |          |
|    ep_len_mean     | 99       |
|    ep_rew_mean     | -13.3    |
|    success_rate    | 0.09     |
| time/              |          |
|    episodes        | 2756     |
|    fps             | 85       |
|    time_elapsed    | 3284     |
|    total_timesteps | 280808   |
| train/             |          |
|    actor_loss      | -16.8    |
|    critic_loss     | 6.09     |
|    ent_coef        | 0.001    |
|    learning_rate   | 1e-05    |
|    n_updates       | 69701    |
---------------------------------
---------------------------------
| rollout/           |          |
|    ep_len_mean     | 99.4     |
|    ep_rew_mean     | -13      |
|    success_rate    | 0.09     |
| time/              |          |
|    episodes        | 2760     |
|    fps             | 85       |
|    time_elapsed    | 3287     |
|    total_timesteps | 281164   |
| train/             |          |
|    actor_loss      | -16.4    |
|    critic_loss     | 8.28     |
|    ent_coef        | 0.001    |
|    learning_rate   | 1e-05    |
|    n_updates       | 69790    |
---------------------------------
---------------------------------
| rollout/           |          |
|    ep_len_mean     | 101      |
|    ep_rew_mean     | -12.7    |
|    success_rate    | 0.1      |
| time/              |          |
|    episodes        | 2764     |
|    fps             | 85       |
|    time_elapsed    | 3290     |
|    total_timesteps | 281672   |
| train/             |          |
|    actor_loss      | -17.1    |
|    critic_loss     | 9.35     |
|    ent_coef        | 0.001    |
|    learning_rate   | 1e-05    |
|    n_updates       | 69917    |
---------------------------------
---------------------------------
| rollout/           |          |
|    ep_len_mean     | 98.9     |
|    ep_rew_mean     | -12.4    |
|    success_rate    | 0.11     |
| time/              |          |
|    episodes        | 2768     |
|    fps             | 85       |
|    time_elapsed    | 3293     |
|    total_timesteps | 282136   |
| train/             |          |
|    actor_loss      | -17      |
|    critic_loss     | 5.3      |
|    ent_coef        | 0.001    |
|    learning_rate   | 1e-05    |
|    n_updates       | 70033    |
---------------------------------
---------------------------------
| rollout/           |          |
|    ep_len_mean     | 103      |
|    ep_rew_mean     | -12.3    |
|    success_rate    | 0.1      |
| time/              |          |
|    episodes        | 2772     |
|    fps             | 85       |
|    time_elapsed    | 3296     |
|    total_timesteps | 282632   |
| train/             |          |
|    actor_loss      | -17.2    |
|    critic_loss     | 5.64     |
|    ent_coef        | 0.001    |
|    learning_rate   | 1e-05    |
|    n_updates       | 70157    |
---------------------------------
---------------------------------
| rollout/           |          |
|    ep_len_mean     | 108      |
|    ep_rew_mean     | -11.8    |
|    success_rate    | 0.1      |
| time/              |          |
|    episodes        | 2776     |
|    fps             | 85       |
|    time_elapsed    | 3300     |
|    total_timesteps | 283332   |
| train/             |          |
|    actor_loss      | -16.5    |
|    critic_loss     | 5.84     |
|    ent_coef        | 0.001    |
|    learning_rate   | 1e-05    |
|    n_updates       | 70332    |
---------------------------------
---------------------------------
| rollout/           |          |
|    ep_len_mean     | 105      |
|    ep_rew_mean     | -11.8    |
|    success_rate    | 0.11     |
| time/              |          |
|    episodes        | 2780     |
|    fps             | 85       |
|    time_elapsed    | 3302     |
|    total_timesteps | 283544   |
| train/             |          |
|    actor_loss      | -16.3    |
|    critic_loss     | 10.7     |
|    ent_coef        | 0.001    |
|    learning_rate   | 1e-05    |
|    n_updates       | 70385    |
---------------------------------
---------------------------------
| rollout/           |          |
|    ep_len_mean     | 108      |
|    ep_rew_mean     | -11.9    |
|    success_rate    | 0.1      |
| time/              |          |
|    episodes        | 2784     |
|    fps             | 85       |
|    time_elapsed    | 3305     |
|    total_timesteps | 284156   |
| train/             |          |
|    actor_loss      | -16      |
|    critic_loss     | 8.61     |
|    ent_coef        | 0.001    |
|    learning_rate   | 1e-05    |
|    n_updates       | 70538    |
---------------------------------
---------------------------------
| rollout/           |          |
|    ep_len_mean     | 106      |
|    ep_rew_mean     | -11.9    |
|    success_rate    | 0.1      |
| time/              |          |
|    episodes        | 2788     |
|    fps             | 85       |
|    time_elapsed    | 3307     |
|    total_timesteps | 284316   |
| train/             |          |
|    actor_loss      | -15.8    |
|    critic_loss     | 7.48     |
|    ent_coef        | 0.001    |
|    learning_rate   | 1e-05    |
|    n_updates       | 70578    |
---------------------------------
---------------------------------
| rollout/           |          |
|    ep_len_mean     | 105      |
|    ep_rew_mean     | -12      |
|    success_rate    | 0.1      |
| time/              |          |
|    episodes        | 2792     |
|    fps             | 85       |
|    time_elapsed    | 3308     |
|    total_timesteps | 284480   |
| train/             |          |
|    actor_loss      | -16.6    |
|    critic_loss     | 4.92     |
|    ent_coef        | 0.001    |
|    learning_rate   | 1e-05    |
|    n_updates       | 70619    |
---------------------------------
---------------------------------
| rollout/           |          |
|    ep_len_mean     | 103      |
|    ep_rew_mean     | -11.9    |
|    success_rate    | 0.1      |
| time/              |          |
|    episodes        | 2796     |
|    fps             | 86       |
|    time_elapsed    | 3311     |
|    total_timesteps | 284864   |
| train/             |          |
|    actor_loss      | -15.9    |
|    critic_loss     | 7.32     |
|    ent_coef        | 0.001    |
|    learning_rate   | 1e-05    |
|    n_updates       | 70715    |
---------------------------------
---------------------------------
| rollout/           |          |
|    ep_len_mean     | 105      |
|    ep_rew_mean     | -12.3    |
|    success_rate    | 0.09     |
| time/              |          |
|    episodes        | 2800     |
|    fps             | 86       |
|    time_elapsed    | 3315     |
|    total_timesteps | 285564   |
| train/             |          |
|    actor_loss      | -16.1    |
|    critic_loss     | 6.87     |
|    ent_coef        | 0.001    |
|    learning_rate   | 1e-05    |
|    n_updates       | 70890    |
---------------------------------
---------------------------------
| rollout/           |          |
|    ep_len_mean     | 105      |
|    ep_rew_mean     | -12.3    |
|    success_rate    | 0.09     |
| time/              |          |
|    episodes        | 2804     |
|    fps             | 86       |
|    time_elapsed    | 3317     |
|    total_timesteps | 285800   |
| train/             |          |
|    actor_loss      | -15.2    |
|    critic_loss     | 5.63     |
|    ent_coef        | 0.001    |
|    learning_rate   | 1e-05    |
|    n_updates       | 70949    |
---------------------------------
---------------------------------
| rollout/           |          |
|    ep_len_mean     | 108      |
|    ep_rew_mean     | -12.7    |
|    success_rate    | 0.08     |
| time/              |          |
|    episodes        | 2808     |
|    fps             | 86       |
|    time_elapsed    | 3321     |
|    total_timesteps | 286500   |
| train/             |          |
|    actor_loss      | -16.1    |
|    critic_loss     | 5.63     |
|    ent_coef        | 0.001    |
|    learning_rate   | 1e-05    |
|    n_updates       | 71124    |
---------------------------------
---------------------------------
| rollout/           |          |
|    ep_len_mean     | 106      |
|    ep_rew_mean     | -12.4    |
|    success_rate    | 0.09     |
| time/              |          |
|    episodes        | 2812     |
|    fps             | 86       |
|    time_elapsed    | 3324     |
|    total_timesteps | 286964   |
| train/             |          |
|    actor_loss      | -16.1    |
|    critic_loss     | 6.14     |
|    ent_coef        | 0.001    |
|    learning_rate   | 1e-05    |
|    n_updates       | 71240    |
---------------------------------
---------------------------------
| rollout/           |          |
|    ep_len_mean     | 110      |
|    ep_rew_mean     | -12.4    |
|    success_rate    | 0.08     |
| time/              |          |
|    episodes        | 2816     |
|    fps             | 86       |
|    time_elapsed    | 3327     |
|    total_timesteps | 287436   |
| train/             |          |
|    actor_loss      | -16.8    |
|    critic_loss     | 5.35     |
|    ent_coef        | 0.001    |
|    learning_rate   | 1e-05    |
|    n_updates       | 71358    |
---------------------------------
---------------------------------
| rollout/           |          |
|    ep_len_mean     | 115      |
|    ep_rew_mean     | -12.2    |
|    success_rate    | 0.08     |
| time/              |          |
|    episodes        | 2820     |
|    fps             | 86       |
|    time_elapsed    | 3331     |
|    total_timesteps | 288136   |
| train/             |          |
|    actor_loss      | -15.6    |
|    critic_loss     | 7.82     |
|    ent_coef        | 0.001    |
|    learning_rate   | 1e-05    |
|    n_updates       | 71533    |
---------------------------------
---------------------------------
| rollout/           |          |
|    ep_len_mean     | 113      |
|    ep_rew_mean     | -12.2    |
|    success_rate    | 0.09     |
| time/              |          |
|    episodes        | 2824     |
|    fps             | 86       |
|    time_elapsed    | 3334     |
|    total_timesteps | 288480   |
| train/             |          |
|    actor_loss      | -16.5    |
|    critic_loss     | 5.57     |
|    ent_coef        | 0.001    |
|    learning_rate   | 1e-05    |
|    n_updates       | 71619    |
---------------------------------
---------------------------------
| rollout/           |          |
|    ep_len_mean     | 112      |
|    ep_rew_mean     | -12.1    |
|    success_rate    | 0.09     |
| time/              |          |
|    episodes        | 2828     |
|    fps             | 86       |
|    time_elapsed    | 3335     |
|    total_timesteps | 288600   |
| train/             |          |
|    actor_loss      | -16      |
|    critic_loss     | 4.84     |
|    ent_coef        | 0.001    |
|    learning_rate   | 1e-05    |
|    n_updates       | 71649    |
---------------------------------
---------------------------------
| rollout/           |          |
|    ep_len_mean     | 112      |
|    ep_rew_mean     | -12      |
|    success_rate    | 0.09     |
| time/              |          |
|    episodes        | 2832     |
|    fps             | 86       |
|    time_elapsed    | 3339     |
|    total_timesteps | 289236   |
| train/             |          |
|    actor_loss      | -16.3    |
|    critic_loss     | 5.88     |
|    ent_coef        | 0.001    |
|    learning_rate   | 1e-05    |
|    n_updates       | 71808    |
---------------------------------
---------------------------------
| rollout/           |          |
|    ep_len_mean     | 112      |
|    ep_rew_mean     | -11.7    |
|    success_rate    | 0.09     |
| time/              |          |
|    episodes        | 2836     |
|    fps             | 86       |
|    time_elapsed    | 3340     |
|    total_timesteps | 289344   |
| train/             |          |
|    actor_loss      | -14.9    |
|    critic_loss     | 6.29     |
|    ent_coef        | 0.001    |
|    learning_rate   | 1e-05    |
|    n_updates       | 71835    |
---------------------------------
---------------------------------
| rollout/           |          |
|    ep_len_mean     | 109      |
|    ep_rew_mean     | -11.6    |
|    success_rate    | 0.1      |
| time/              |          |
|    episodes        | 2840     |
|    fps             | 86       |
|    time_elapsed    | 3341     |
|    total_timesteps | 289624   |
| train/             |          |
|    actor_loss      | -15.6    |
|    critic_loss     | 5.83     |
|    ent_coef        | 0.001    |
|    learning_rate   | 1e-05    |
|    n_updates       | 71905    |
---------------------------------
Eval num_timesteps=290000, episode_reward=-4.75 +/- 5.63
Episode length: 165.38 +/- 38.09
Success rate: 6.00%
---------------------------------
| eval/              |          |
|    mean_ep_length  | 165      |
|    mean_reward     | -4.75    |
|    success_rate    | 0.06     |
| time/              |          |
|    total_timesteps | 290000   |
| train/             |          |
|    actor_loss      | -15.2    |
|    critic_loss     | 7.5      |
|    ent_coef        | 0.001    |
|    learning_rate   | 1e-05    |
|    n_updates       | 71999    |
---------------------------------
Eval num_timesteps=290000, episode_reward=-10.22 +/- 12.37
Episode length: 112.10 +/- 77.85
Success rate: 22.00%
---------------------------------
| eval/              |          |
|    mean_ep_length  | 112      |
|    mean_reward     | -10.2    |
|    success_rate    | 0.22     |
| time/              |          |
|    total_timesteps | 290000   |
---------------------------------
Eval num_timesteps=290000, episode_reward=-18.49 +/- 4.37
Episode length: 73.64 +/- 83.04
Success rate: 0.00%
---------------------------------
| eval/              |          |
|    mean_ep_length  | 73.6     |
|    mean_reward     | -18.5    |
|    success_rate    | 0        |
| time/              |          |
|    total_timesteps | 290000   |
---------------------------------
---------------------------------
| rollout/           |          |
|    ep_len_mean     | 109      |
|    ep_rew_mean     | -11.5    |
|    success_rate    | 0.1      |
| time/              |          |
|    episodes        | 2844     |
|    fps             | 85       |
|    time_elapsed    | 3404     |
|    total_timesteps | 290092   |
| train/             |          |
|    actor_loss      | -14.7    |
|    critic_loss     | 6.39     |
|    ent_coef        | 0.001    |
|    learning_rate   | 1e-05    |
|    n_updates       | 72022    |
---------------------------------
---------------------------------
| rollout/           |          |
|    ep_len_mean     | 107      |
|    ep_rew_mean     | -11.5    |
|    success_rate    | 0.11     |
| time/              |          |
|    episodes        | 2848     |
|    fps             | 85       |
|    time_elapsed    | 3408     |
|    total_timesteps | 290752   |
| train/             |          |
|    actor_loss      | -15.5    |
|    critic_loss     | 5.9      |
|    ent_coef        | 0.001    |
|    learning_rate   | 1e-05    |
|    n_updates       | 72187    |
---------------------------------
---------------------------------
| rollout/           |          |
|    ep_len_mean     | 110      |
|    ep_rew_mean     | -10.9    |
|    success_rate    | 0.12     |
| time/              |          |
|    episodes        | 2852     |
|    fps             | 85       |
|    time_elapsed    | 3411     |
|    total_timesteps | 291100   |
| train/             |          |
|    actor_loss      | -15.7    |
|    critic_loss     | 5.36     |
|    ent_coef        | 0.001    |
|    learning_rate   | 1e-05    |
|    n_updates       | 72274    |
---------------------------------
---------------------------------
| rollout/           |          |
|    ep_len_mean     | 109      |
|    ep_rew_mean     | -10.8    |
|    success_rate    | 0.12     |
| time/              |          |
|    episodes        | 2856     |
|    fps             | 85       |
|    time_elapsed    | 3413     |
|    total_timesteps | 291512   |
| train/             |          |
|    actor_loss      | -14.5    |
|    critic_loss     | 5.76     |
|    ent_coef        | 0.001    |
|    learning_rate   | 1e-05    |
|    n_updates       | 72377    |
---------------------------------
---------------------------------
| rollout/           |          |
|    ep_len_mean     | 109      |
|    ep_rew_mean     | -10.6    |
|    success_rate    | 0.13     |
| time/              |          |
|    episodes        | 2860     |
|    fps             | 85       |
|    time_elapsed    | 3417     |
|    total_timesteps | 292208   |
| train/             |          |
|    actor_loss      | -15.9    |
|    critic_loss     | 12       |
|    ent_coef        | 0.001    |
|    learning_rate   | 1e-05    |
|    n_updates       | 72551    |
---------------------------------
---------------------------------
| rollout/           |          |
|    ep_len_mean     | 107      |
|    ep_rew_mean     | -10.8    |
|    success_rate    | 0.12     |
| time/              |          |
|    episodes        | 2864     |
|    fps             | 85       |
|    time_elapsed    | 3418     |
|    total_timesteps | 292320   |
| train/             |          |
|    actor_loss      | -15.2    |
|    critic_loss     | 5.8      |
|    ent_coef        | 0.001    |
|    learning_rate   | 1e-05    |
|    n_updates       | 72579    |
---------------------------------
---------------------------------
| rollout/           |          |
|    ep_len_mean     | 105      |
|    ep_rew_mean     | -10.7    |
|    success_rate    | 0.13     |
| time/              |          |
|    episodes        | 2868     |
|    fps             | 85       |
|    time_elapsed    | 3420     |
|    total_timesteps | 292524   |
| train/             |          |
|    actor_loss      | -15.3    |
|    critic_loss     | 5.12     |
|    ent_coef        | 0.001    |
|    learning_rate   | 1e-05    |
|    n_updates       | 72630    |
---------------------------------
---------------------------------
| rollout/           |          |
|    ep_len_mean     | 105      |
|    ep_rew_mean     | -10.5    |
|    success_rate    | 0.14     |
| time/              |          |
|    episodes        | 2872     |
|    fps             | 85       |
|    time_elapsed    | 3424     |
|    total_timesteps | 293100   |
| train/             |          |
|    actor_loss      | -14      |
|    critic_loss     | 7.15     |
|    ent_coef        | 0.001    |
|    learning_rate   | 1e-05    |
|    n_updates       | 72774    |
---------------------------------
---------------------------------
| rollout/           |          |
|    ep_len_mean     | 105      |
|    ep_rew_mean     | -10.9    |
|    success_rate    | 0.14     |
| time/              |          |
|    episodes        | 2876     |
|    fps             | 85       |
|    time_elapsed    | 3428     |
|    total_timesteps | 293800   |
| train/             |          |
|    actor_loss      | -15.2    |
|    critic_loss     | 6        |
|    ent_coef        | 0.001    |
|    learning_rate   | 1e-05    |
|    n_updates       | 72949    |
---------------------------------
---------------------------------
| rollout/           |          |
|    ep_len_mean     | 106      |
|    ep_rew_mean     | -10.7    |
|    success_rate    | 0.14     |
| time/              |          |
|    episodes        | 2880     |
|    fps             | 85       |
|    time_elapsed    | 3430     |
|    total_timesteps | 294052   |
| train/             |          |
|    actor_loss      | -14.7    |
|    critic_loss     | 6.25     |
|    ent_coef        | 0.001    |
|    learning_rate   | 1e-05    |
|    n_updates       | 73012    |
---------------------------------
---------------------------------
| rollout/           |          |
|    ep_len_mean     | 105      |
|    ep_rew_mean     | -10.8    |
|    success_rate    | 0.14     |
| time/              |          |
|    episodes        | 2884     |
|    fps             | 85       |
|    time_elapsed    | 3433     |
|    total_timesteps | 294552   |
| train/             |          |
|    actor_loss      | -15.2    |
|    critic_loss     | 4.81     |
|    ent_coef        | 0.001    |
|    learning_rate   | 1e-05    |
|    n_updates       | 73137    |
---------------------------------
---------------------------------
| rollout/           |          |
|    ep_len_mean     | 110      |
|    ep_rew_mean     | -10.8    |
|    success_rate    | 0.13     |
| time/              |          |
|    episodes        | 2888     |
|    fps             | 85       |
|    time_elapsed    | 3437     |
|    total_timesteps | 295252   |
| train/             |          |
|    actor_loss      | -15.4    |
|    critic_loss     | 6.43     |
|    ent_coef        | 0.001    |
|    learning_rate   | 1e-05    |
|    n_updates       | 73312    |
---------------------------------
---------------------------------
| rollout/           |          |
|    ep_len_mean     | 110      |
|    ep_rew_mean     | -10.2    |
|    success_rate    | 0.15     |
| time/              |          |
|    episodes        | 2892     |
|    fps             | 85       |
|    time_elapsed    | 3439     |
|    total_timesteps | 295488   |
| train/             |          |
|    actor_loss      | -15.8    |
|    critic_loss     | 7.4      |
|    ent_coef        | 0.001    |
|    learning_rate   | 1e-05    |
|    n_updates       | 73371    |
---------------------------------
---------------------------------
| rollout/           |          |
|    ep_len_mean     | 111      |
|    ep_rew_mean     | -9.92    |
|    success_rate    | 0.15     |
| time/              |          |
|    episodes        | 2896     |
|    fps             | 85       |
|    time_elapsed    | 3442     |
|    total_timesteps | 296080   |
| train/             |          |
|    actor_loss      | -14.6    |
|    critic_loss     | 5.85     |
|    ent_coef        | 0.001    |
|    learning_rate   | 1e-05    |
|    n_updates       | 73519    |
---------------------------------
---------------------------------
| rollout/           |          |
|    ep_len_mean     | 108      |
|    ep_rew_mean     | -9.82    |
|    success_rate    | 0.16     |
| time/              |          |
|    episodes        | 2900     |
|    fps             | 86       |
|    time_elapsed    | 3443     |
|    total_timesteps | 296188   |
| train/             |          |
|    actor_loss      | -15.6    |
|    critic_loss     | 4.62     |
|    ent_coef        | 0.001    |
|    learning_rate   | 1e-05    |
|    n_updates       | 73546    |
---------------------------------
---------------------------------
| rollout/           |          |
|    ep_len_mean     | 110      |
|    ep_rew_mean     | -9.68    |
|    success_rate    | 0.16     |
| time/              |          |
|    episodes        | 2904     |
|    fps             | 86       |
|    time_elapsed    | 3448     |
|    total_timesteps | 296888   |
| train/             |          |
|    actor_loss      | -14.7    |
|    critic_loss     | 5.26     |
|    ent_coef        | 0.001    |
|    learning_rate   | 1e-05    |
|    n_updates       | 73721    |
---------------------------------
---------------------------------
| rollout/           |          |
|    ep_len_mean     | 109      |
|    ep_rew_mean     | -9.42    |
|    success_rate    | 0.16     |
| time/              |          |
|    episodes        | 2908     |
|    fps             | 86       |
|    time_elapsed    | 3451     |
|    total_timesteps | 297480   |
| train/             |          |
|    actor_loss      | -14.6    |
|    critic_loss     | 5.93     |
|    ent_coef        | 0.001    |
|    learning_rate   | 1e-05    |
|    n_updates       | 73869    |
---------------------------------
---------------------------------
| rollout/           |          |
|    ep_len_mean     | 108      |
|    ep_rew_mean     | -9.89    |
|    success_rate    | 0.15     |
| time/              |          |
|    episodes        | 2912     |
|    fps             | 86       |
|    time_elapsed    | 3454     |
|    total_timesteps | 297840   |
| train/             |          |
|    actor_loss      | -14.2    |
|    critic_loss     | 5.32     |
|    ent_coef        | 0.001    |
|    learning_rate   | 1e-05    |
|    n_updates       | 73959    |
---------------------------------
---------------------------------
| rollout/           |          |
|    ep_len_mean     | 105      |
|    ep_rew_mean     | -10.7    |
|    success_rate    | 0.14     |
| time/              |          |
|    episodes        | 2916     |
|    fps             | 86       |
|    time_elapsed    | 3455     |
|    total_timesteps | 298048   |
| train/             |          |
|    actor_loss      | -13.7    |
|    critic_loss     | 6.91     |
|    ent_coef        | 0.001    |
|    learning_rate   | 1e-05    |
|    n_updates       | 74011    |
---------------------------------
---------------------------------
| rollout/           |          |
|    ep_len_mean     | 102      |
|    ep_rew_mean     | -11      |
|    success_rate    | 0.14     |
| time/              |          |
|    episodes        | 2920     |
|    fps             | 86       |
|    time_elapsed    | 3457     |
|    total_timesteps | 298288   |
| train/             |          |
|    actor_loss      | -15.1    |
|    critic_loss     | 6.67     |
|    ent_coef        | 0.001    |
|    learning_rate   | 1e-05    |
|    n_updates       | 74071    |
---------------------------------
---------------------------------
| rollout/           |          |
|    ep_len_mean     | 102      |
|    ep_rew_mean     | -11.2    |
|    success_rate    | 0.13     |
| time/              |          |
|    episodes        | 2924     |
|    fps             | 86       |
|    time_elapsed    | 3459     |
|    total_timesteps | 298560   |
| train/             |          |
|    actor_loss      | -14.7    |
|    critic_loss     | 4.69     |
|    ent_coef        | 0.001    |
|    learning_rate   | 1e-05    |
|    n_updates       | 74139    |
---------------------------------
---------------------------------
| rollout/           |          |
|    ep_len_mean     | 102      |
|    ep_rew_mean     | -10.8    |
|    success_rate    | 0.14     |
| time/              |          |
|    episodes        | 2928     |
|    fps             | 86       |
|    time_elapsed    | 3461     |
|    total_timesteps | 298892   |
| train/             |          |
|    actor_loss      | -13.8    |
|    critic_loss     | 5.42     |
|    ent_coef        | 0.001    |
|    learning_rate   | 1e-05    |
|    n_updates       | 74222    |
---------------------------------
---------------------------------
| rollout/           |          |
|    ep_len_mean     | 104      |
|    ep_rew_mean     | -11.1    |
|    success_rate    | 0.13     |
| time/              |          |
|    episodes        | 2932     |
|    fps             | 86       |
|    time_elapsed    | 3465     |
|    total_timesteps | 299592   |
| train/             |          |
|    actor_loss      | -14.7    |
|    critic_loss     | 8.15     |
|    ent_coef        | 0.001    |
|    learning_rate   | 1e-05    |
|    n_updates       | 74397    |
---------------------------------
Eval num_timesteps=300000, episode_reward=-7.17 +/- 6.16
Episode length: 171.72 +/- 22.96
Success rate: 2.00%
---------------------------------
| eval/              |          |
|    mean_ep_length  | 172      |
|    mean_reward     | -7.17    |
|    success_rate    | 0.02     |
| time/              |          |
|    total_timesteps | 300000   |
| train/             |          |
|    actor_loss      | -14.3    |
|    critic_loss     | 5.91     |
|    ent_coef        | 0.001    |
|    learning_rate   | 1e-05    |
|    n_updates       | 74499    |
---------------------------------
Eval num_timesteps=300000, episode_reward=-10.56 +/- 13.32
Episode length: 92.26 +/- 80.13
Success rate: 26.00%
---------------------------------
| eval/              |          |
|    mean_ep_length  | 92.3     |
|    mean_reward     | -10.6    |
|    success_rate    | 0.26     |
| time/              |          |
|    total_timesteps | 300000   |
---------------------------------
Eval num_timesteps=300000, episode_reward=-18.95 +/- 4.49
Episode length: 57.44 +/- 77.94
Success rate: 0.00%
---------------------------------
| eval/              |          |
|    mean_ep_length  | 57.4     |
|    mean_reward     | -18.9    |
|    success_rate    | 0        |
| time/              |          |
|    total_timesteps | 300000   |
---------------------------------
---------------------------------
| rollout/           |          |
|    ep_len_mean     | 106      |
|    ep_rew_mean     | -10.6    |
|    success_rate    | 0.14     |
| time/              |          |
|    episodes        | 2936     |
|    fps             | 85       |
|    time_elapsed    | 3524     |
|    total_timesteps | 300004   |
| train/             |          |
|    actor_loss      | -14.8    |
|    critic_loss     | 6.13     |
|    ent_coef        | 0.001    |
|    learning_rate   | 1e-05    |
|    n_updates       | 74500    |
---------------------------------
---------------------------------
| rollout/           |          |
|    ep_len_mean     | 108      |
|    ep_rew_mean     | -10.5    |
|    success_rate    | 0.14     |
| time/              |          |
|    episodes        | 2940     |
|    fps             | 85       |
|    time_elapsed    | 3527     |
|    total_timesteps | 300472   |
| train/             |          |
|    actor_loss      | -14.7    |
|    critic_loss     | 6.52     |
|    ent_coef        | 0.001    |
|    learning_rate   | 1e-05    |
|    n_updates       | 74617    |
---------------------------------
---------------------------------
| rollout/           |          |
|    ep_len_mean     | 106      |
|    ep_rew_mean     | -10.5    |
|    success_rate    | 0.15     |
| time/              |          |
|    episodes        | 2944     |
|    fps             | 85       |
|    time_elapsed    | 3530     |
|    total_timesteps | 300944   |
| train/             |          |
|    actor_loss      | -14.2    |
|    critic_loss     | 5.7      |
|    ent_coef        | 0.001    |
|    learning_rate   | 1e-05    |
|    n_updates       | 74735    |
---------------------------------
---------------------------------
| rollout/           |          |
|    ep_len_mean     | 110      |
|    ep_rew_mean     | -10.4    |
|    success_rate    | 0.14     |
| time/              |          |
|    episodes        | 2948     |
|    fps             | 85       |
|    time_elapsed    | 3534     |
|    total_timesteps | 301644   |
| train/             |          |
|    actor_loss      | -14      |
|    critic_loss     | 12       |
|    ent_coef        | 0.001    |
|    learning_rate   | 1e-05    |
|    n_updates       | 74910    |
---------------------------------
---------------------------------
| rollout/           |          |
|    ep_len_mean     | 110      |
|    ep_rew_mean     | -10.3    |
|    success_rate    | 0.14     |
| time/              |          |
|    episodes        | 2952     |
|    fps             | 85       |
|    time_elapsed    | 3536     |
|    total_timesteps | 301916   |
| train/             |          |
|    actor_loss      | -13.7    |
|    critic_loss     | 7.22     |
|    ent_coef        | 0.001    |
|    learning_rate   | 1e-05    |
|    n_updates       | 74978    |
---------------------------------
---------------------------------
| rollout/           |          |
|    ep_len_mean     | 112      |
|    ep_rew_mean     | -10.4    |
|    success_rate    | 0.14     |
| time/              |          |
|    episodes        | 2956     |
|    fps             | 85       |
|    time_elapsed    | 3541     |
|    total_timesteps | 302616   |
| train/             |          |
|    actor_loss      | -13.5    |
|    critic_loss     | 4.66     |
|    ent_coef        | 0.001    |
|    learning_rate   | 1e-05    |
|    n_updates       | 75153    |
---------------------------------
---------------------------------
| rollout/           |          |
|    ep_len_mean     | 110      |
|    ep_rew_mean     | -10.7    |
|    success_rate    | 0.13     |
| time/              |          |
|    episodes        | 2960     |
|    fps             | 85       |
|    time_elapsed    | 3544     |
|    total_timesteps | 303136   |
| train/             |          |
|    actor_loss      | -13.2    |
|    critic_loss     | 4.99     |
|    ent_coef        | 0.001    |
|    learning_rate   | 1e-05    |
|    n_updates       | 75283    |
---------------------------------
---------------------------------
| rollout/           |          |
|    ep_len_mean     | 110      |
|    ep_rew_mean     | -10.9    |
|    success_rate    | 0.13     |
| time/              |          |
|    episodes        | 2964     |
|    fps             | 85       |
|    time_elapsed    | 3545     |
|    total_timesteps | 303328   |
| train/             |          |
|    actor_loss      | -13.6    |
|    critic_loss     | 6.49     |
|    ent_coef        | 0.001    |
|    learning_rate   | 1e-05    |
|    n_updates       | 75331    |
---------------------------------
---------------------------------
| rollout/           |          |
|    ep_len_mean     | 111      |
|    ep_rew_mean     | -11.4    |
|    success_rate    | 0.11     |
| time/              |          |
|    episodes        | 2968     |
|    fps             | 85       |
|    time_elapsed    | 3549     |
|    total_timesteps | 303848   |
| train/             |          |
|    actor_loss      | -13.9    |
|    critic_loss     | 6.92     |
|    ent_coef        | 0.001    |
|    learning_rate   | 1e-05    |
|    n_updates       | 75461    |
---------------------------------
---------------------------------
| rollout/           |          |
|    ep_len_mean     | 110      |
|    ep_rew_mean     | -11.8    |
|    success_rate    | 0.1      |
| time/              |          |
|    episodes        | 2972     |
|    fps             | 85       |
|    time_elapsed    | 3551     |
|    total_timesteps | 304056   |
| train/             |          |
|    actor_loss      | -13.1    |
|    critic_loss     | 5.58     |
|    ent_coef        | 0.001    |
|    learning_rate   | 1e-05    |
|    n_updates       | 75513    |
---------------------------------
---------------------------------
| rollout/           |          |
|    ep_len_mean     | 110      |
|    ep_rew_mean     | -11.5    |
|    success_rate    | 0.1      |
| time/              |          |
|    episodes        | 2976     |
|    fps             | 85       |
|    time_elapsed    | 3555     |
|    total_timesteps | 304756   |
| train/             |          |
|    actor_loss      | -13.9    |
|    critic_loss     | 4.58     |
|    ent_coef        | 0.001    |
|    learning_rate   | 1e-05    |
|    n_updates       | 75688    |
---------------------------------
---------------------------------
| rollout/           |          |
|    ep_len_mean     | 109      |
|    ep_rew_mean     | -11.6    |
|    success_rate    | 0.1      |
| time/              |          |
|    episodes        | 2980     |
|    fps             | 85       |
|    time_elapsed    | 3556     |
|    total_timesteps | 304804   |
| train/             |          |
|    actor_loss      | -13.4    |
|    critic_loss     | 6.3      |
|    ent_coef        | 0.001    |
|    learning_rate   | 1e-05    |
|    n_updates       | 75700    |
---------------------------------
---------------------------------
| rollout/           |          |
|    ep_len_mean     | 107      |
|    ep_rew_mean     | -11.7    |
|    success_rate    | 0.1      |
| time/              |          |
|    episodes        | 2984     |
|    fps             | 85       |
|    time_elapsed    | 3559     |
|    total_timesteps | 305324   |
| train/             |          |
|    actor_loss      | -14.2    |
|    critic_loss     | 6.11     |
|    ent_coef        | 0.001    |
|    learning_rate   | 1e-05    |
|    n_updates       | 75830    |
---------------------------------
---------------------------------
| rollout/           |          |
|    ep_len_mean     | 105      |
|    ep_rew_mean     | -11.3    |
|    success_rate    | 0.11     |
| time/              |          |
|    episodes        | 2988     |
|    fps             | 85       |
|    time_elapsed    | 3561     |
|    total_timesteps | 305528   |
| train/             |          |
|    actor_loss      | -13.5    |
|    critic_loss     | 7.33     |
|    ent_coef        | 0.001    |
|    learning_rate   | 1e-05    |
|    n_updates       | 75881    |
---------------------------------
---------------------------------
| rollout/           |          |
|    ep_len_mean     | 108      |
|    ep_rew_mean     | -11.7    |
|    success_rate    | 0.09     |
| time/              |          |
|    episodes        | 2992     |
|    fps             | 85       |
|    time_elapsed    | 3565     |
|    total_timesteps | 306228   |
| train/             |          |
|    actor_loss      | -13.9    |
|    critic_loss     | 4.88     |
|    ent_coef        | 0.001    |
|    learning_rate   | 1e-05    |
|    n_updates       | 76056    |
---------------------------------
---------------------------------
| rollout/           |          |
|    ep_len_mean     | 110      |
|    ep_rew_mean     | -11.7    |
|    success_rate    | 0.09     |
| time/              |          |
|    episodes        | 2996     |
|    fps             | 85       |
|    time_elapsed    | 3569     |
|    total_timesteps | 306904   |
| train/             |          |
|    actor_loss      | -13.8    |
|    critic_loss     | 5.4      |
|    ent_coef        | 0.001    |
|    learning_rate   | 1e-05    |
|    n_updates       | 76225    |
---------------------------------
---------------------------------
| rollout/           |          |
|    ep_len_mean     | 113      |
|    ep_rew_mean     | -11.7    |
|    success_rate    | 0.08     |
| time/              |          |
|    episodes        | 3000     |
|    fps             | 86       |
|    time_elapsed    | 3573     |
|    total_timesteps | 307604   |
| train/             |          |
|    actor_loss      | -13.3    |
|    critic_loss     | 6.2      |
|    ent_coef        | 0.001    |
|    learning_rate   | 1e-05    |
|    n_updates       | 76400    |
---------------------------------
---------------------------------
| rollout/           |          |
|    ep_len_mean     | 110      |
|    ep_rew_mean     | -11.6    |
|    success_rate    | 0.09     |
| time/              |          |
|    episodes        | 3004     |
|    fps             | 86       |
|    time_elapsed    | 3575     |
|    total_timesteps | 307776   |
| train/             |          |
|    actor_loss      | -13      |
|    critic_loss     | 5.92     |
|    ent_coef        | 0.001    |
|    learning_rate   | 1e-05    |
|    n_updates       | 76443    |
---------------------------------
---------------------------------
| rollout/           |          |
|    ep_len_mean     | 112      |
|    ep_rew_mean     | -11.5    |
|    success_rate    | 0.09     |
| time/              |          |
|    episodes        | 3008     |
|    fps             | 86       |
|    time_elapsed    | 3579     |
|    total_timesteps | 308476   |
| train/             |          |
|    actor_loss      | -12.6    |
|    critic_loss     | 6.08     |
|    ent_coef        | 0.001    |
|    learning_rate   | 1e-05    |
|    n_updates       | 76618    |
---------------------------------
---------------------------------
| rollout/           |          |
|    ep_len_mean     | 113      |
|    ep_rew_mean     | -11.3    |
|    success_rate    | 0.09     |
| time/              |          |
|    episodes        | 3012     |
|    fps             | 86       |
|    time_elapsed    | 3583     |
|    total_timesteps | 309108   |
| train/             |          |
|    actor_loss      | -13.5    |
|    critic_loss     | 7.82     |
|    ent_coef        | 0.001    |
|    learning_rate   | 1e-05    |
|    n_updates       | 76776    |
---------------------------------
---------------------------------
| rollout/           |          |
|    ep_len_mean     | 117      |
|    ep_rew_mean     | -11      |
|    success_rate    | 0.09     |
| time/              |          |
|    episodes        | 3016     |
|    fps             | 86       |
|    time_elapsed    | 3586     |
|    total_timesteps | 309688   |
| train/             |          |
|    actor_loss      | -12.3    |
|    critic_loss     | 4.71     |
|    ent_coef        | 0.001    |
|    learning_rate   | 1e-05    |
|    n_updates       | 76921    |
---------------------------------
Eval num_timesteps=310000, episode_reward=-5.05 +/- 4.46
Episode length: 168.66 +/- 31.08
Success rate: 4.00%
---------------------------------
| eval/              |          |
|    mean_ep_length  | 169      |
|    mean_reward     | -5.05    |
|    success_rate    | 0.04     |
| time/              |          |
|    total_timesteps | 310000   |
| train/             |          |
|    actor_loss      | -12.8    |
|    critic_loss     | 4.41     |
|    ent_coef        | 0.001    |
|    learning_rate   | 1e-05    |
|    n_updates       | 76999    |
---------------------------------
Eval num_timesteps=310000, episode_reward=-8.59 +/- 13.70
Episode length: 84.58 +/- 78.15
Success rate: 32.00%
---------------------------------
| eval/              |          |
|    mean_ep_length  | 84.6     |
|    mean_reward     | -8.59    |
|    success_rate    | 0.32     |
| time/              |          |
|    total_timesteps | 310000   |
---------------------------------
Eval num_timesteps=310000, episode_reward=-18.70 +/- 4.40
Episode length: 64.14 +/- 80.20
Success rate: 0.00%
---------------------------------
| eval/              |          |
|    mean_ep_length  | 64.1     |
|    mean_reward     | -18.7    |
|    success_rate    | 0        |
| time/              |          |
|    total_timesteps | 310000   |
---------------------------------
---------------------------------
| rollout/           |          |
|    ep_len_mean     | 118      |
|    ep_rew_mean     | -10.7    |
|    success_rate    | 0.09     |
| time/              |          |
|    episodes        | 3020     |
|    fps             | 85       |
|    time_elapsed    | 3647     |
|    total_timesteps | 310280   |
| train/             |          |
|    actor_loss      | -12.8    |
|    critic_loss     | 7.26     |
|    ent_coef        | 0.001    |
|    learning_rate   | 1e-05    |
|    n_updates       | 77069    |
---------------------------------
---------------------------------
| rollout/           |          |
|    ep_len_mean     | 123      |
|    ep_rew_mean     | -10.1    |
|    success_rate    | 0.09     |
| time/              |          |
|    episodes        | 3024     |
|    fps             | 85       |
|    time_elapsed    | 3651     |
|    total_timesteps | 310980   |
| train/             |          |
|    actor_loss      | -12      |
|    critic_loss     | 7.8      |
|    ent_coef        | 0.001    |
|    learning_rate   | 1e-05    |
|    n_updates       | 77244    |
---------------------------------
---------------------------------
| rollout/           |          |
|    ep_len_mean     | 125      |
|    ep_rew_mean     | -10.6    |
|    success_rate    | 0.08     |
| time/              |          |
|    episodes        | 3028     |
|    fps             | 85       |
|    time_elapsed    | 3654     |
|    total_timesteps | 311376   |
| train/             |          |
|    actor_loss      | -12.3    |
|    critic_loss     | 5.91     |
|    ent_coef        | 0.001    |
|    learning_rate   | 1e-05    |
|    n_updates       | 77343    |
---------------------------------
---------------------------------
| rollout/           |          |
|    ep_len_mean     | 123      |
|    ep_rew_mean     | -10.4    |
|    success_rate    | 0.09     |
| time/              |          |
|    episodes        | 3032     |
|    fps             | 85       |
|    time_elapsed    | 3656     |
|    total_timesteps | 311788   |
| train/             |          |
|    actor_loss      | -12.3    |
|    critic_loss     | 5.36     |
|    ent_coef        | 0.001    |
|    learning_rate   | 1e-05    |
|    n_updates       | 77446    |
---------------------------------
---------------------------------
| rollout/           |          |
|    ep_len_mean     | 123      |
|    ep_rew_mean     | -10.8    |
|    success_rate    | 0.08     |
| time/              |          |
|    episodes        | 3036     |
|    fps             | 85       |
|    time_elapsed    | 3660     |
|    total_timesteps | 312412   |
| train/             |          |
|    actor_loss      | -12      |
|    critic_loss     | 4.74     |
|    ent_coef        | 0.001    |
|    learning_rate   | 1e-05    |
|    n_updates       | 77602    |
---------------------------------
---------------------------------
| rollout/           |          |
|    ep_len_mean     | 126      |
|    ep_rew_mean     | -10.9    |
|    success_rate    | 0.07     |
| time/              |          |
|    episodes        | 3040     |
|    fps             | 85       |
|    time_elapsed    | 3665     |
|    total_timesteps | 313112   |
| train/             |          |
|    actor_loss      | -12.5    |
|    critic_loss     | 4.64     |
|    ent_coef        | 0.001    |
|    learning_rate   | 1e-05    |
|    n_updates       | 77777    |
---------------------------------
---------------------------------
| rollout/           |          |
|    ep_len_mean     | 129      |
|    ep_rew_mean     | -10.8    |
|    success_rate    | 0.06     |
| time/              |          |
|    episodes        | 3044     |
|    fps             | 85       |
|    time_elapsed    | 3669     |
|    total_timesteps | 313812   |
| train/             |          |
|    actor_loss      | -12.1    |
|    critic_loss     | 4.36     |
|    ent_coef        | 0.001    |
|    learning_rate   | 1e-05    |
|    n_updates       | 77952    |
---------------------------------
---------------------------------
| rollout/           |          |
|    ep_len_mean     | 127      |
|    ep_rew_mean     | -10.8    |
|    success_rate    | 0.06     |
| time/              |          |
|    episodes        | 3048     |
|    fps             | 85       |
|    time_elapsed    | 3672     |
|    total_timesteps | 314304   |
| train/             |          |
|    actor_loss      | -12.1    |
|    critic_loss     | 4.52     |
|    ent_coef        | 0.001    |
|    learning_rate   | 1e-05    |
|    n_updates       | 78075    |
---------------------------------
---------------------------------
| rollout/           |          |
|    ep_len_mean     | 126      |
|    ep_rew_mean     | -10.9    |
|    success_rate    | 0.06     |
| time/              |          |
|    episodes        | 3052     |
|    fps             | 85       |
|    time_elapsed    | 3675     |
|    total_timesteps | 314752   |
| train/             |          |
|    actor_loss      | -11.2    |
|    critic_loss     | 5.5      |
|    ent_coef        | 0.001    |
|    learning_rate   | 1e-05    |
|    n_updates       | 78187    |
---------------------------------
---------------------------------
| rollout/           |          |
|    ep_len_mean     | 121      |
|    ep_rew_mean     | -11      |
|    success_rate    | 0.07     |
| time/              |          |
|    episodes        | 3056     |
|    fps             | 85       |
|    time_elapsed    | 3676     |
|    total_timesteps | 314904   |
| train/             |          |
|    actor_loss      | -11.5    |
|    critic_loss     | 4.97     |
|    ent_coef        | 0.001    |
|    learning_rate   | 1e-05    |
|    n_updates       | 78225    |
---------------------------------
---------------------------------
| rollout/           |          |
|    ep_len_mean     | 126      |
|    ep_rew_mean     | -10.6    |
|    success_rate    | 0.07     |
| time/              |          |
|    episodes        | 3060     |
|    fps             | 85       |
|    time_elapsed    | 3681     |
|    total_timesteps | 315604   |
| train/             |          |
|    actor_loss      | -11.9    |
|    critic_loss     | 4.8      |
|    ent_coef        | 0.001    |
|    learning_rate   | 1e-05    |
|    n_updates       | 78400    |
---------------------------------
---------------------------------
| rollout/           |          |
|    ep_len_mean     | 128      |
|    ep_rew_mean     | -10.5    |
|    success_rate    | 0.07     |
| time/              |          |
|    episodes        | 3064     |
|    fps             | 85       |
|    time_elapsed    | 3684     |
|    total_timesteps | 316208   |
| train/             |          |
|    actor_loss      | -10.5    |
|    critic_loss     | 5.27     |
|    ent_coef        | 0.001    |
|    learning_rate   | 1e-05    |
|    n_updates       | 78551    |
---------------------------------
---------------------------------
| rollout/           |          |
|    ep_len_mean     | 129      |
|    ep_rew_mean     | -10.6    |
|    success_rate    | 0.07     |
| time/              |          |
|    episodes        | 3068     |
|    fps             | 85       |
|    time_elapsed    | 3687     |
|    total_timesteps | 316612   |
| train/             |          |
|    actor_loss      | -11.4    |
|    critic_loss     | 6.45     |
|    ent_coef        | 0.001    |
|    learning_rate   | 1e-05    |
|    n_updates       | 78652    |
---------------------------------
---------------------------------
| rollout/           |          |
|    ep_len_mean     | 131      |
|    ep_rew_mean     | -10.1    |
|    success_rate    | 0.07     |
| time/              |          |
|    episodes        | 3072     |
|    fps             | 85       |
|    time_elapsed    | 3690     |
|    total_timesteps | 317172   |
| train/             |          |
|    actor_loss      | -11      |
|    critic_loss     | 5.77     |
|    ent_coef        | 0.001    |
|    learning_rate   | 1e-05    |
|    n_updates       | 78792    |
---------------------------------
---------------------------------
| rollout/           |          |
|    ep_len_mean     | 128      |
|    ep_rew_mean     | -10.4    |
|    success_rate    | 0.07     |
| time/              |          |
|    episodes        | 3076     |
|    fps             | 85       |
|    time_elapsed    | 3693     |
|    total_timesteps | 317608   |
| train/             |          |
|    actor_loss      | -11.3    |
|    critic_loss     | 4.99     |
|    ent_coef        | 0.001    |
|    learning_rate   | 1e-05    |
|    n_updates       | 78901    |
---------------------------------
---------------------------------
| rollout/           |          |
|    ep_len_mean     | 131      |
|    ep_rew_mean     | -10.4    |
|    success_rate    | 0.06     |
| time/              |          |
|    episodes        | 3080     |
|    fps             | 86       |
|    time_elapsed    | 3696     |
|    total_timesteps | 318020   |
| train/             |          |
|    actor_loss      | -11.5    |
|    critic_loss     | 6.26     |
|    ent_coef        | 0.001    |
|    learning_rate   | 1e-05    |
|    n_updates       | 79004    |
---------------------------------
---------------------------------
| rollout/           |          |
|    ep_len_mean     | 135      |
|    ep_rew_mean     | -9.97    |
|    success_rate    | 0.07     |
| time/              |          |
|    episodes        | 3084     |
|    fps             | 86       |
|    time_elapsed    | 3700     |
|    total_timesteps | 318660   |
| train/             |          |
|    actor_loss      | -12      |
|    critic_loss     | 6.71     |
|    ent_coef        | 0.001    |
|    learning_rate   | 1e-05    |
|    n_updates       | 79164    |
---------------------------------
---------------------------------
| rollout/           |          |
|    ep_len_mean     | 135      |
|    ep_rew_mean     | -10.3    |
|    success_rate    | 0.06     |
| time/              |          |
|    episodes        | 3088     |
|    fps             | 86       |
|    time_elapsed    | 3704     |
|    total_timesteps | 319348   |
| train/             |          |
|    actor_loss      | -11.6    |
|    critic_loss     | 6        |
|    ent_coef        | 0.001    |
|    learning_rate   | 1e-05    |
|    n_updates       | 79336    |
---------------------------------
---------------------------------
| rollout/           |          |
|    ep_len_mean     | 130      |
|    ep_rew_mean     | -10.3    |
|    success_rate    | 0.07     |
| time/              |          |
|    episodes        | 3092     |
|    fps             | 86       |
|    time_elapsed    | 3705     |
|    total_timesteps | 319396   |
| train/             |          |
|    actor_loss      | -11.2    |
|    critic_loss     | 6.27     |
|    ent_coef        | 0.001    |
|    learning_rate   | 1e-05    |
|    n_updates       | 79348    |
---------------------------------
---------------------------------
| rollout/           |          |
|    ep_len_mean     | 128      |
|    ep_rew_mean     | -10.4    |
|    success_rate    | 0.07     |
| time/              |          |
|    episodes        | 3096     |
|    fps             | 86       |
|    time_elapsed    | 3708     |
|    total_timesteps | 319752   |
| train/             |          |
|    actor_loss      | -10.6    |
|    critic_loss     | 5.93     |
|    ent_coef        | 0.001    |
|    learning_rate   | 1e-05    |
|    n_updates       | 79437    |
---------------------------------
Eval num_timesteps=320000, episode_reward=-7.48 +/- 13.11
Episode length: 160.44 +/- 45.98
Success rate: 8.00%
---------------------------------
| eval/              |          |
|    mean_ep_length  | 160      |
|    mean_reward     | -7.48    |
|    success_rate    | 0.08     |
| time/              |          |
|    total_timesteps | 320000   |
| train/             |          |
|    actor_loss      | -10.5    |
|    critic_loss     | 4.59     |
|    ent_coef        | 0.001    |
|    learning_rate   | 1e-05    |
|    n_updates       | 79499    |
---------------------------------
Eval num_timesteps=320000, episode_reward=-12.93 +/- 11.57
Episode length: 106.94 +/- 77.25
Success rate: 16.00%
---------------------------------
| eval/              |          |
|    mean_ep_length  | 107      |
|    mean_reward     | -12.9    |
|    success_rate    | 0.16     |
| time/              |          |
|    total_timesteps | 320000   |
---------------------------------
Eval num_timesteps=320000, episode_reward=-17.43 +/- 6.68
Episode length: 63.64 +/- 80.04
Success rate: 4.00%
---------------------------------
| eval/              |          |
|    mean_ep_length  | 63.6     |
|    mean_reward     | -17.4    |
|    success_rate    | 0.04     |
| time/              |          |
|    total_timesteps | 320000   |
---------------------------------
[DenseSuccessCallback - ascend] New best: 4.0% -> ./checkpoints/dense_refinement_20260424_125903/best_model_ascend.zip
---------------------------------
| rollout/           |          |
|    ep_len_mean     | 127      |
|    ep_rew_mean     | -10.7    |
|    success_rate    | 0.07     |
| time/              |          |
|    episodes        | 3100     |
|    fps             | 84       |
|    time_elapsed    | 3769     |
|    total_timesteps | 320156   |
| train/             |          |
|    actor_loss      | -11.3    |
|    critic_loss     | 5.1      |
|    ent_coef        | 0.001    |
|    learning_rate   | 1e-05    |
|    n_updates       | 79538    |
---------------------------------
---------------------------------
| rollout/           |          |
|    ep_len_mean     | 125      |
|    ep_rew_mean     | -10.8    |
|    success_rate    | 0.07     |
| time/              |          |
|    episodes        | 3104     |
|    fps             | 84       |
|    time_elapsed    | 3769     |
|    total_timesteps | 320220   |
| train/             |          |
|    actor_loss      | -10.4    |
|    critic_loss     | 7.97     |
|    ent_coef        | 0.001    |
|    learning_rate   | 1e-05    |
|    n_updates       | 79554    |
---------------------------------
---------------------------------
| rollout/           |          |
|    ep_len_mean     | 120      |
|    ep_rew_mean     | -11.3    |
|    success_rate    | 0.07     |
| time/              |          |
|    episodes        | 3108     |
|    fps             | 85       |
|    time_elapsed    | 3772     |
|    total_timesteps | 320696   |
| train/             |          |
|    actor_loss      | -11      |
|    critic_loss     | 5.64     |
|    ent_coef        | 0.001    |
|    learning_rate   | 1e-05    |
|    n_updates       | 79673    |
---------------------------------
---------------------------------
| rollout/           |          |
|    ep_len_mean     | 119      |
|    ep_rew_mean     | -11.1    |
|    success_rate    | 0.08     |
| time/              |          |
|    episodes        | 3112     |
|    fps             | 85       |
|    time_elapsed    | 3775     |
|    total_timesteps | 321028   |
| train/             |          |
|    actor_loss      | -10.5    |
|    critic_loss     | 6.72     |
|    ent_coef        | 0.001    |
|    learning_rate   | 1e-05    |
|    n_updates       | 79756    |
---------------------------------
---------------------------------
| rollout/           |          |
|    ep_len_mean     | 118      |
|    ep_rew_mean     | -10.9    |
|    success_rate    | 0.08     |
| time/              |          |
|    episodes        | 3116     |
|    fps             | 85       |
|    time_elapsed    | 3777     |
|    total_timesteps | 321480   |
| train/             |          |
|    actor_loss      | -10.3    |
|    critic_loss     | 4.79     |
|    ent_coef        | 0.001    |
|    learning_rate   | 1e-05    |
|    n_updates       | 79869    |
---------------------------------
---------------------------------
| rollout/           |          |
|    ep_len_mean     | 118      |
|    ep_rew_mean     | -10.9    |
|    success_rate    | 0.08     |
| time/              |          |
|    episodes        | 3120     |
|    fps             | 85       |
|    time_elapsed    | 3781     |
|    total_timesteps | 322116   |
| train/             |          |
|    actor_loss      | -10.7    |
|    critic_loss     | 7.14     |
|    ent_coef        | 0.001    |
|    learning_rate   | 1e-05    |
|    n_updates       | 80028    |
---------------------------------
---------------------------------
| rollout/           |          |
|    ep_len_mean     | 115      |
|    ep_rew_mean     | -11.4    |
|    success_rate    | 0.08     |
| time/              |          |
|    episodes        | 3124     |
|    fps             | 85       |
|    time_elapsed    | 3784     |
|    total_timesteps | 322508   |
| train/             |          |
|    actor_loss      | -10.3    |
|    critic_loss     | 6.56     |
|    ent_coef        | 0.001    |
|    learning_rate   | 1e-05    |
|    n_updates       | 80126    |
---------------------------------
---------------------------------
| rollout/           |          |
|    ep_len_mean     | 113      |
|    ep_rew_mean     | -11.3    |
|    success_rate    | 0.08     |
| time/              |          |
|    episodes        | 3128     |
|    fps             | 85       |
|    time_elapsed    | 3786     |
|    total_timesteps | 322816   |
| train/             |          |
|    actor_loss      | -10.3    |
|    critic_loss     | 4.58     |
|    ent_coef        | 0.001    |
|    learning_rate   | 1e-05    |
|    n_updates       | 80203    |
---------------------------------
---------------------------------
| rollout/           |          |
|    ep_len_mean     | 115      |
|    ep_rew_mean     | -11.1    |
|    success_rate    | 0.08     |
| time/              |          |
|    episodes        | 3132     |
|    fps             | 85       |
|    time_elapsed    | 3788     |
|    total_timesteps | 323232   |
| train/             |          |
|    actor_loss      | -9.62    |
|    critic_loss     | 5.07     |
|    ent_coef        | 0.001    |
|    learning_rate   | 1e-05    |
|    n_updates       | 80307    |
---------------------------------
---------------------------------
| rollout/           |          |
|    ep_len_mean     | 113      |
|    ep_rew_mean     | -11.2    |
|    success_rate    | 0.08     |
| time/              |          |
|    episodes        | 3136     |
|    fps             | 85       |
|    time_elapsed    | 3791     |
|    total_timesteps | 323644   |
| train/             |          |
|    actor_loss      | -10.2    |
|    critic_loss     | 4.83     |
|    ent_coef        | 0.001    |
|    learning_rate   | 1e-05    |
|    n_updates       | 80410    |
---------------------------------
---------------------------------
| rollout/           |          |
|    ep_len_mean     | 111      |
|    ep_rew_mean     | -11.3    |
|    success_rate    | 0.08     |
| time/              |          |
|    episodes        | 3140     |
|    fps             | 85       |
|    time_elapsed    | 3795     |
|    total_timesteps | 324256   |
| train/             |          |
|    actor_loss      | -9.39    |
|    critic_loss     | 6.15     |
|    ent_coef        | 0.001    |
|    learning_rate   | 1e-05    |
|    n_updates       | 80563    |
---------------------------------
---------------------------------
| rollout/           |          |
|    ep_len_mean     | 110      |
|    ep_rew_mean     | -11.5    |
|    success_rate    | 0.08     |
| time/              |          |
|    episodes        | 3144     |
|    fps             | 85       |
|    time_elapsed    | 3797     |
|    total_timesteps | 324644   |
| train/             |          |
|    actor_loss      | -9.93    |
|    critic_loss     | 6.17     |
|    ent_coef        | 0.001    |
|    learning_rate   | 1e-05    |
|    n_updates       | 80660    |
---------------------------------
---------------------------------
| rollout/           |          |
|    ep_len_mean     | 105      |
|    ep_rew_mean     | -11.9    |
|    success_rate    | 0.08     |
| time/              |          |
|    episodes        | 3148     |
|    fps             | 85       |
|    time_elapsed    | 3799     |
|    total_timesteps | 324836   |
| train/             |          |
|    actor_loss      | -9.58    |
|    critic_loss     | 4.77     |
|    ent_coef        | 0.001    |
|    learning_rate   | 1e-05    |
|    n_updates       | 80708    |
---------------------------------
---------------------------------
| rollout/           |          |
|    ep_len_mean     | 105      |
|    ep_rew_mean     | -11.8    |
|    success_rate    | 0.08     |
| time/              |          |
|    episodes        | 3152     |
|    fps             | 85       |
|    time_elapsed    | 3801     |
|    total_timesteps | 325096   |
| train/             |          |
|    actor_loss      | -10.4    |
|    critic_loss     | 4.42     |
|    ent_coef        | 0.001    |
|    learning_rate   | 1e-05    |
|    n_updates       | 80773    |
---------------------------------
---------------------------------
| rollout/           |          |
|    ep_len_mean     | 108      |
|    ep_rew_mean     | -11.8    |
|    success_rate    | 0.07     |
| time/              |          |
|    episodes        | 3156     |
|    fps             | 85       |
|    time_elapsed    | 3804     |
|    total_timesteps | 325748   |
| train/             |          |
|    actor_loss      | -9.53    |
|    critic_loss     | 5.52     |
|    ent_coef        | 0.001    |
|    learning_rate   | 1e-05    |
|    n_updates       | 80936    |
---------------------------------
---------------------------------
| rollout/           |          |
|    ep_len_mean     | 106      |
|    ep_rew_mean     | -12.2    |
|    success_rate    | 0.07     |
| time/              |          |
|    episodes        | 3160     |
|    fps             | 85       |
|    time_elapsed    | 3807     |
|    total_timesteps | 326236   |
| train/             |          |
|    actor_loss      | -9.65    |
|    critic_loss     | 4.64     |
|    ent_coef        | 0.001    |
|    learning_rate   | 1e-05    |
|    n_updates       | 81058    |
---------------------------------
---------------------------------
| rollout/           |          |
|    ep_len_mean     | 105      |
|    ep_rew_mean     | -11.6    |
|    success_rate    | 0.08     |
| time/              |          |
|    episodes        | 3164     |
|    fps             | 85       |
|    time_elapsed    | 3809     |
|    total_timesteps | 326500   |
| train/             |          |
|    actor_loss      | -9.63    |
|    critic_loss     | 9.3      |
|    ent_coef        | 0.001    |
|    learning_rate   | 1e-05    |
|    n_updates       | 81124    |
---------------------------------
---------------------------------
| rollout/           |          |
|    ep_len_mean     | 102      |
|    ep_rew_mean     | -11.4    |
|    success_rate    | 0.09     |
| time/              |          |
|    episodes        | 3168     |
|    fps             | 85       |
|    time_elapsed    | 3811     |
|    total_timesteps | 326744   |
| train/             |          |
|    actor_loss      | -9.98    |
|    critic_loss     | 4.98     |
|    ent_coef        | 0.001    |
|    learning_rate   | 1e-05    |
|    n_updates       | 81185    |
---------------------------------
---------------------------------
| rollout/           |          |
|    ep_len_mean     | 100      |
|    ep_rew_mean     | -11.8    |
|    success_rate    | 0.09     |
| time/              |          |
|    episodes        | 3172     |
|    fps             | 85       |
|    time_elapsed    | 3814     |
|    total_timesteps | 327208   |
| train/             |          |
|    actor_loss      | -9.63    |
|    critic_loss     | 5.35     |
|    ent_coef        | 0.001    |
|    learning_rate   | 1e-05    |
|    n_updates       | 81301    |
---------------------------------
---------------------------------
| rollout/           |          |
|    ep_len_mean     | 102      |
|    ep_rew_mean     | -12      |
|    success_rate    | 0.09     |
| time/              |          |
|    episodes        | 3176     |
|    fps             | 85       |
|    time_elapsed    | 3818     |
|    total_timesteps | 327908   |
| train/             |          |
|    actor_loss      | -8.09    |
|    critic_loss     | 7.79     |
|    ent_coef        | 0.001    |
|    learning_rate   | 1e-05    |
|    n_updates       | 81476    |
---------------------------------
---------------------------------
| rollout/           |          |
|    ep_len_mean     | 102      |
|    ep_rew_mean     | -12.1    |
|    success_rate    | 0.09     |
| time/              |          |
|    episodes        | 3180     |
|    fps             | 85       |
|    time_elapsed    | 3821     |
|    total_timesteps | 328224   |
| train/             |          |
|    actor_loss      | -11.4    |
|    critic_loss     | 4.51     |
|    ent_coef        | 0.001    |
|    learning_rate   | 1e-05    |
|    n_updates       | 81555    |
---------------------------------
---------------------------------
| rollout/           |          |
|    ep_len_mean     | 100      |
|    ep_rew_mean     | -12.4    |
|    success_rate    | 0.08     |
| time/              |          |
|    episodes        | 3184     |
|    fps             | 85       |
|    time_elapsed    | 3824     |
|    total_timesteps | 328708   |
| train/             |          |
|    actor_loss      | -9.29    |
|    critic_loss     | 4.84     |
|    ent_coef        | 0.001    |
|    learning_rate   | 1e-05    |
|    n_updates       | 81676    |
---------------------------------
---------------------------------
| rollout/           |          |
|    ep_len_mean     | 99.7     |
|    ep_rew_mean     | -12.4    |
|    success_rate    | 0.09     |
| time/              |          |
|    episodes        | 3188     |
|    fps             | 86       |
|    time_elapsed    | 3828     |
|    total_timesteps | 329284   |
| train/             |          |
|    actor_loss      | -8.79    |
|    critic_loss     | 5.07     |
|    ent_coef        | 0.001    |
|    learning_rate   | 1e-05    |
|    n_updates       | 81820    |
---------------------------------
---------------------------------
| rollout/           |          |
|    ep_len_mean     | 103      |
|    ep_rew_mean     | -12.5    |
|    success_rate    | 0.08     |
| time/              |          |
|    episodes        | 3192     |
|    fps             | 86       |
|    time_elapsed    | 3830     |
|    total_timesteps | 329728   |
| train/             |          |
|    actor_loss      | -8.87    |
|    critic_loss     | 6.23     |
|    ent_coef        | 0.001    |
|    learning_rate   | 1e-05    |
|    n_updates       | 81931    |
---------------------------------
Eval num_timesteps=330000, episode_reward=-7.27 +/- 7.00
Episode length: 168.22 +/- 33.22
Success rate: 4.00%
---------------------------------
| eval/              |          |
|    mean_ep_length  | 168      |
|    mean_reward     | -7.27    |
|    success_rate    | 0.04     |
| time/              |          |
|    total_timesteps | 330000   |
| train/             |          |
|    actor_loss      | -10.1    |
|    critic_loss     | 4.83     |
|    ent_coef        | 0.001    |
|    learning_rate   | 1e-05    |
|    n_updates       | 81999    |
---------------------------------
Eval num_timesteps=330000, episode_reward=-11.72 +/- 10.68
Episode length: 131.50 +/- 70.39
Success rate: 12.00%
---------------------------------
| eval/              |          |
|    mean_ep_length  | 132      |
|    mean_reward     | -11.7    |
|    success_rate    | 0.12     |
| time/              |          |
|    total_timesteps | 330000   |
---------------------------------
Eval num_timesteps=330000, episode_reward=-16.83 +/- 9.30
Episode length: 40.14 +/- 67.72
Success rate: 10.00%
---------------------------------
| eval/              |          |
|    mean_ep_length  | 40.1     |
|    mean_reward     | -16.8    |
|    success_rate    | 0.1      |
| time/              |          |
|    total_timesteps | 330000   |
---------------------------------
[DenseSuccessCallback - ascend] New best: 10.0% -> ./checkpoints/dense_refinement_20260424_125903/best_model_ascend.zip
---------------------------------
| rollout/           |          |
|    ep_len_mean     | 103      |
|    ep_rew_mean     | -12.9    |
|    success_rate    | 0.07     |
| time/              |          |
|    episodes        | 3196     |
|    fps             | 84       |
|    time_elapsed    | 3890     |
|    total_timesteps | 330008   |
| train/             |          |
|    actor_loss      | -9.06    |
|    critic_loss     | 6.39     |
|    ent_coef        | 0.001    |
|    learning_rate   | 1e-05    |
|    n_updates       | 82001    |
---------------------------------
---------------------------------
| rollout/           |          |
|    ep_len_mean     | 104      |
|    ep_rew_mean     | -12.7    |
|    success_rate    | 0.07     |
| time/              |          |
|    episodes        | 3200     |
|    fps             | 84       |
|    time_elapsed    | 3895     |
|    total_timesteps | 330708   |
| train/             |          |
|    actor_loss      | -9.12    |
|    critic_loss     | 7.54     |
|    ent_coef        | 0.001    |
|    learning_rate   | 1e-05    |
|    n_updates       | 82176    |
---------------------------------
---------------------------------
| rollout/           |          |
|    ep_len_mean     | 104      |
|    ep_rew_mean     | -13      |
|    success_rate    | 0.06     |
| time/              |          |
|    episodes        | 3204     |
|    fps             | 84       |
|    time_elapsed    | 3895     |
|    total_timesteps | 330748   |
| train/             |          |
|    actor_loss      | -8.55    |
|    critic_loss     | 5.32     |
|    ent_coef        | 0.001    |
|    learning_rate   | 1e-05    |
|    n_updates       | 82186    |
---------------------------------
---------------------------------
| rollout/           |          |
|    ep_len_mean     | 104      |
|    ep_rew_mean     | -13      |
|    success_rate    | 0.06     |
| time/              |          |
|    episodes        | 3208     |
|    fps             | 84       |
|    time_elapsed    | 3896     |
|    total_timesteps | 330900   |
| train/             |          |
|    actor_loss      | -9.87    |
|    critic_loss     | 8.08     |
|    ent_coef        | 0.001    |
|    learning_rate   | 1e-05    |
|    n_updates       | 82224    |
---------------------------------
---------------------------------
| rollout/           |          |
|    ep_len_mean     | 106      |
|    ep_rew_mean     | -13.2    |
|    success_rate    | 0.05     |
| time/              |          |
|    episodes        | 3212     |
|    fps             | 84       |
|    time_elapsed    | 3901     |
|    total_timesteps | 331600   |
| train/             |          |
|    actor_loss      | -8.39    |
|    critic_loss     | 4.32     |
|    ent_coef        | 0.001    |
|    learning_rate   | 1e-05    |
|    n_updates       | 82399    |
---------------------------------
---------------------------------
| rollout/           |          |
|    ep_len_mean     | 105      |
|    ep_rew_mean     | -13.2    |
|    success_rate    | 0.06     |
| time/              |          |
|    episodes        | 3216     |
|    fps             | 85       |
|    time_elapsed    | 3904     |
|    total_timesteps | 332004   |
| train/             |          |
|    actor_loss      | -8.37    |
|    critic_loss     | 7.14     |
|    ent_coef        | 0.001    |
|    learning_rate   | 1e-05    |
|    n_updates       | 82500    |
---------------------------------
---------------------------------
| rollout/           |          |
|    ep_len_mean     | 106      |
|    ep_rew_mean     | -12.9    |
|    success_rate    | 0.06     |
| time/              |          |
|    episodes        | 3220     |
|    fps             | 85       |
|    time_elapsed    | 3908     |
|    total_timesteps | 332704   |
| train/             |          |
|    actor_loss      | -9.23    |
|    critic_loss     | 5.76     |
|    ent_coef        | 0.001    |
|    learning_rate   | 1e-05    |
|    n_updates       | 82675    |
---------------------------------
---------------------------------
| rollout/           |          |
|    ep_len_mean     | 106      |
|    ep_rew_mean     | -12.7    |
|    success_rate    | 0.07     |
| time/              |          |
|    episodes        | 3224     |
|    fps             | 85       |
|    time_elapsed    | 3910     |
|    total_timesteps | 333024   |
| train/             |          |
|    actor_loss      | -8.27    |
|    critic_loss     | 4.85     |
|    ent_coef        | 0.001    |
|    learning_rate   | 1e-05    |
|    n_updates       | 82755    |
---------------------------------
---------------------------------
| rollout/           |          |
|    ep_len_mean     | 111      |
|    ep_rew_mean     | -12.4    |
|    success_rate    | 0.07     |
| time/              |          |
|    episodes        | 3228     |
|    fps             | 85       |
|    time_elapsed    | 3914     |
|    total_timesteps | 333724   |
| train/             |          |
|    actor_loss      | -9.13    |
|    critic_loss     | 6.81     |
|    ent_coef        | 0.001    |
|    learning_rate   | 1e-05    |
|    n_updates       | 82930    |
---------------------------------
---------------------------------
| rollout/           |          |
|    ep_len_mean     | 113      |
|    ep_rew_mean     | -12.6    |
|    success_rate    | 0.06     |
| time/              |          |
|    episodes        | 3232     |
|    fps             | 85       |
|    time_elapsed    | 3919     |
|    total_timesteps | 334424   |
| train/             |          |
|    actor_loss      | -8.48    |
|    critic_loss     | 5.73     |
|    ent_coef        | 0.001    |
|    learning_rate   | 1e-05    |
|    n_updates       | 83105    |
---------------------------------
---------------------------------
| rollout/           |          |
|    ep_len_mean     | 116      |
|    ep_rew_mean     | -12.3    |
|    success_rate    | 0.06     |
| time/              |          |
|    episodes        | 3236     |
|    fps             | 85       |
|    time_elapsed    | 3923     |
|    total_timesteps | 335124   |
| train/             |          |
|    actor_loss      | -7.49    |
|    critic_loss     | 6.13     |
|    ent_coef        | 0.001    |
|    learning_rate   | 1e-05    |
|    n_updates       | 83280    |
---------------------------------
---------------------------------
| rollout/           |          |
|    ep_len_mean     | 112      |
|    ep_rew_mean     | -12.4    |
|    success_rate    | 0.07     |
| time/              |          |
|    episodes        | 3240     |
|    fps             | 85       |
|    time_elapsed    | 3924     |
|    total_timesteps | 335192   |
| train/             |          |
|    actor_loss      | -8.05    |
|    critic_loss     | 5.28     |
|    ent_coef        | 0.001    |
|    learning_rate   | 1e-05    |
|    n_updates       | 83297    |
---------------------------------
---------------------------------
| rollout/           |          |
|    ep_len_mean     | 114      |
|    ep_rew_mean     | -12.3    |
|    success_rate    | 0.07     |
| time/              |          |
|    episodes        | 3244     |
|    fps             | 85       |
|    time_elapsed    | 3928     |
|    total_timesteps | 335892   |
| train/             |          |
|    actor_loss      | -8.09    |
|    critic_loss     | 5.89     |
|    ent_coef        | 0.001    |
|    learning_rate   | 1e-05    |
|    n_updates       | 83472    |
---------------------------------
---------------------------------
| rollout/           |          |
|    ep_len_mean     | 117      |
|    ep_rew_mean     | -12      |
|    success_rate    | 0.07     |
| time/              |          |
|    episodes        | 3248     |
|    fps             | 85       |
|    time_elapsed    | 3932     |
|    total_timesteps | 336516   |
| train/             |          |
|    actor_loss      | -8.5     |
|    critic_loss     | 5.11     |
|    ent_coef        | 0.001    |
|    learning_rate   | 1e-05    |
|    n_updates       | 83628    |
---------------------------------
---------------------------------
| rollout/           |          |
|    ep_len_mean     | 116      |
|    ep_rew_mean     | -12.1    |
|    success_rate    | 0.08     |
| time/              |          |
|    episodes        | 3252     |
|    fps             | 85       |
|    time_elapsed    | 3933     |
|    total_timesteps | 336672   |
| train/             |          |
|    actor_loss      | -7.95    |
|    critic_loss     | 4.88     |
|    ent_coef        | 0.001    |
|    learning_rate   | 1e-05    |
|    n_updates       | 83667    |
---------------------------------
---------------------------------
| rollout/           |          |
|    ep_len_mean     | 117      |
|    ep_rew_mean     | -11.8    |
|    success_rate    | 0.08     |
| time/              |          |
|    episodes        | 3256     |
|    fps             | 85       |
|    time_elapsed    | 3937     |
|    total_timesteps | 337372   |
| train/             |          |
|    actor_loss      | -7.37    |
|    critic_loss     | 6.01     |
|    ent_coef        | 0.001    |
|    learning_rate   | 1e-05    |
|    n_updates       | 83842    |
---------------------------------
---------------------------------
| rollout/           |          |
|    ep_len_mean     | 117      |
|    ep_rew_mean     | -11.8    |
|    success_rate    | 0.08     |
| time/              |          |
|    episodes        | 3260     |
|    fps             | 85       |
|    time_elapsed    | 3941     |
|    total_timesteps | 337972   |
| train/             |          |
|    actor_loss      | -6.95    |
|    critic_loss     | 4.96     |
|    ent_coef        | 0.001    |
|    learning_rate   | 1e-05    |
|    n_updates       | 83992    |
---------------------------------
---------------------------------
| rollout/           |          |
|    ep_len_mean     | 118      |
|    ep_rew_mean     | -12      |
|    success_rate    | 0.07     |
| time/              |          |
|    episodes        | 3264     |
|    fps             | 85       |
|    time_elapsed    | 3945     |
|    total_timesteps | 338608   |
| train/             |          |
|    actor_loss      | -7.33    |
|    critic_loss     | 5.2      |
|    ent_coef        | 0.001    |
|    learning_rate   | 1e-05    |
|    n_updates       | 84151    |
---------------------------------
---------------------------------
| rollout/           |          |
|    ep_len_mean     | 121      |
|    ep_rew_mean     | -12.2    |
|    success_rate    | 0.06     |
| time/              |          |
|    episodes        | 3268     |
|    fps             | 85       |
|    time_elapsed    | 3947     |
|    total_timesteps | 338852   |
| train/             |          |
|    actor_loss      | -7.75    |
|    critic_loss     | 4.13     |
|    ent_coef        | 0.001    |
|    learning_rate   | 1e-05    |
|    n_updates       | 84212    |
---------------------------------
---------------------------------
| rollout/           |          |
|    ep_len_mean     | 123      |
|    ep_rew_mean     | -12.1    |
|    success_rate    | 0.06     |
| time/              |          |
|    episodes        | 3272     |
|    fps             | 85       |
|    time_elapsed    | 3951     |
|    total_timesteps | 339500   |
| train/             |          |
|    actor_loss      | -7.12    |
|    critic_loss     | 4.37     |
|    ent_coef        | 0.001    |
|    learning_rate   | 1e-05    |
|    n_updates       | 84374    |
---------------------------------
Eval num_timesteps=340000, episode_reward=-6.00 +/- 6.62
Episode length: 168.54 +/- 31.65
Success rate: 4.00%
---------------------------------
| eval/              |          |
|    mean_ep_length  | 169      |
|    mean_reward     | -6       |
|    success_rate    | 0.04     |
| time/              |          |
|    total_timesteps | 340000   |
| train/             |          |
|    actor_loss      | -7.74    |
|    critic_loss     | 5.26     |
|    ent_coef        | 0.001    |
|    learning_rate   | 1e-05    |
|    n_updates       | 84499    |
---------------------------------
Eval num_timesteps=340000, episode_reward=-14.49 +/- 11.49
Episode length: 116.38 +/- 72.43
Success rate: 14.00%
---------------------------------
| eval/              |          |
|    mean_ep_length  | 116      |
|    mean_reward     | -14.5    |
|    success_rate    | 0.14     |
| time/              |          |
|    total_timesteps | 340000   |
---------------------------------
Eval num_timesteps=340000, episode_reward=-16.40 +/- 8.37
Episode length: 64.84 +/- 79.33
Success rate: 6.00%
---------------------------------
| eval/              |          |
|    mean_ep_length  | 64.8     |
|    mean_reward     | -16.4    |
|    success_rate    | 0.06     |
| time/              |          |
|    total_timesteps | 340000   |
---------------------------------
---------------------------------
| rollout/           |          |
|    ep_len_mean     | 123      |
|    ep_rew_mean     | -12      |
|    success_rate    | 0.06     |
| time/              |          |
|    episodes        | 3276     |
|    fps             | 84       |
|    time_elapsed    | 4016     |
|    total_timesteps | 340200   |
| train/             |          |
|    actor_loss      | -7.22    |
|    critic_loss     | 6.38     |
|    ent_coef        | 0.001    |
|    learning_rate   | 1e-05    |
|    n_updates       | 84549    |
---------------------------------
---------------------------------
| rollout/           |          |
|    ep_len_mean     | 125      |
|    ep_rew_mean     | -11.6    |
|    success_rate    | 0.07     |
| time/              |          |
|    episodes        | 3280     |
|    fps             | 84       |
|    time_elapsed    | 4019     |
|    total_timesteps | 340784   |
| train/             |          |
|    actor_loss      | -6.65    |
|    critic_loss     | 4.67     |
|    ent_coef        | 0.001    |
|    learning_rate   | 1e-05    |
|    n_updates       | 84695    |
---------------------------------
---------------------------------
| rollout/           |          |
|    ep_len_mean     | 123      |
|    ep_rew_mean     | -11.8    |
|    success_rate    | 0.07     |
| time/              |          |
|    episodes        | 3284     |
|    fps             | 84       |
|    time_elapsed    | 4020     |
|    total_timesteps | 340900   |
| train/             |          |
|    actor_loss      | -8.09    |
|    critic_loss     | 4.3      |
|    ent_coef        | 0.001    |
|    learning_rate   | 1e-05    |
|    n_updates       | 84724    |
---------------------------------
---------------------------------
| rollout/           |          |
|    ep_len_mean     | 121      |
|    ep_rew_mean     | -11.8    |
|    success_rate    | 0.06     |
| time/              |          |
|    episodes        | 3288     |
|    fps             | 84       |
|    time_elapsed    | 4024     |
|    total_timesteps | 341484   |
| train/             |          |
|    actor_loss      | -6.86    |
|    critic_loss     | 5.75     |
|    ent_coef        | 0.001    |
|    learning_rate   | 1e-05    |
|    n_updates       | 84870    |
---------------------------------
---------------------------------
| rollout/           |          |
|    ep_len_mean     | 123      |
|    ep_rew_mean     | -11.9    |
|    success_rate    | 0.06     |
| time/              |          |
|    episodes        | 3292     |
|    fps             | 84       |
|    time_elapsed    | 4029     |
|    total_timesteps | 342184   |
| train/             |          |
|    actor_loss      | -6.77    |
|    critic_loss     | 4.66     |
|    ent_coef        | 0.001    |
|    learning_rate   | 1e-05    |
|    n_updates       | 85045    |
---------------------------------
---------------------------------
| rollout/           |          |
|    ep_len_mean     | 123      |
|    ep_rew_mean     | -11.6    |
|    success_rate    | 0.06     |
| time/              |          |
|    episodes        | 3296     |
|    fps             | 84       |
|    time_elapsed    | 4030     |
|    total_timesteps | 342300   |
| train/             |          |
|    actor_loss      | -6.44    |
|    critic_loss     | 4.87     |
|    ent_coef        | 0.001    |
|    learning_rate   | 1e-05    |
|    n_updates       | 85074    |
---------------------------------
---------------------------------
| rollout/           |          |
|    ep_len_mean     | 118      |
|    ep_rew_mean     | -12      |
|    success_rate    | 0.06     |
| time/              |          |
|    episodes        | 3300     |
|    fps             | 84       |
|    time_elapsed    | 4031     |
|    total_timesteps | 342420   |
| train/             |          |
|    actor_loss      | -7.39    |
|    critic_loss     | 4.01     |
|    ent_coef        | 0.001    |
|    learning_rate   | 1e-05    |
|    n_updates       | 85104    |
---------------------------------
---------------------------------
| rollout/           |          |
|    ep_len_mean     | 121      |
|    ep_rew_mean     | -11.6    |
|    success_rate    | 0.07     |
| time/              |          |
|    episodes        | 3304     |
|    fps             | 85       |
|    time_elapsed    | 4035     |
|    total_timesteps | 343000   |
| train/             |          |
|    actor_loss      | -6.62    |
|    critic_loss     | 5.17     |
|    ent_coef        | 0.001    |
|    learning_rate   | 1e-05    |
|    n_updates       | 85249    |
---------------------------------
---------------------------------
| rollout/           |          |
|    ep_len_mean     | 121      |
|    ep_rew_mean     | -11.5    |
|    success_rate    | 0.08     |
| time/              |          |
|    episodes        | 3308     |
|    fps             | 85       |
|    time_elapsed    | 4035     |
|    total_timesteps | 343116   |
| train/             |          |
|    actor_loss      | -5.59    |
|    critic_loss     | 5.67     |
|    ent_coef        | 0.001    |
|    learning_rate   | 1e-05    |
|    n_updates       | 85278    |
---------------------------------
---------------------------------
| rollout/           |          |
|    ep_len_mean     | 121      |
|    ep_rew_mean     | -11.6    |
|    success_rate    | 0.08     |
| time/              |          |
|    episodes        | 3312     |
|    fps             | 85       |
|    time_elapsed    | 4039     |
|    total_timesteps | 343788   |
| train/             |          |
|    actor_loss      | -7.15    |
|    critic_loss     | 4.79     |
|    ent_coef        | 0.001    |
|    learning_rate   | 1e-05    |
|    n_updates       | 85446    |
---------------------------------
---------------------------------
| rollout/           |          |
|    ep_len_mean     | 121      |
|    ep_rew_mean     | -12      |
|    success_rate    | 0.07     |
| time/              |          |
|    episodes        | 3316     |
|    fps             | 85       |
|    time_elapsed    | 4040     |
|    total_timesteps | 343880   |
| train/             |          |
|    actor_loss      | -5.95    |
|    critic_loss     | 5.44     |
|    ent_coef        | 0.001    |
|    learning_rate   | 1e-05    |
|    n_updates       | 85469    |
---------------------------------
---------------------------------
| rollout/           |          |
|    ep_len_mean     | 120      |
|    ep_rew_mean     | -12.3    |
|    success_rate    | 0.07     |
| time/              |          |
|    episodes        | 3320     |
|    fps             | 85       |
|    time_elapsed    | 4044     |
|    total_timesteps | 344540   |
| train/             |          |
|    actor_loss      | -5.75    |
|    critic_loss     | 4.44     |
|    ent_coef        | 0.001    |
|    learning_rate   | 1e-05    |
|    n_updates       | 85634    |
---------------------------------
---------------------------------
| rollout/           |          |
|    ep_len_mean     | 120      |
|    ep_rew_mean     | -12.6    |
|    success_rate    | 0.06     |
| time/              |          |
|    episodes        | 3324     |
|    fps             | 85       |
|    time_elapsed    | 4048     |
|    total_timesteps | 345228   |
| train/             |          |
|    actor_loss      | -5.5     |
|    critic_loss     | 3.94     |
|    ent_coef        | 0.001    |
|    learning_rate   | 1e-05    |
|    n_updates       | 85806    |
---------------------------------
---------------------------------
| rollout/           |          |
|    ep_len_mean     | 118      |
|    ep_rew_mean     | -12.5    |
|    success_rate    | 0.07     |
| time/              |          |
|    episodes        | 3328     |
|    fps             | 85       |
|    time_elapsed    | 4052     |
|    total_timesteps | 345896   |
| train/             |          |
|    actor_loss      | -6.78    |
|    critic_loss     | 5.5      |
|    ent_coef        | 0.001    |
|    learning_rate   | 1e-05    |
|    n_updates       | 85973    |
---------------------------------
---------------------------------
| rollout/           |          |
|    ep_len_mean     | 114      |
|    ep_rew_mean     | -12.5    |
|    success_rate    | 0.08     |
| time/              |          |
|    episodes        | 3332     |
|    fps             | 85       |
|    time_elapsed    | 4053     |
|    total_timesteps | 345940   |
| train/             |          |
|    actor_loss      | -6.43    |
|    critic_loss     | 5.61     |
|    ent_coef        | 0.001    |
|    learning_rate   | 1e-05    |
|    n_updates       | 85984    |
---------------------------------
---------------------------------
| rollout/           |          |
|    ep_len_mean     | 113      |
|    ep_rew_mean     | -12.3    |
|    success_rate    | 0.09     |
| time/              |          |
|    episodes        | 3336     |
|    fps             | 85       |
|    time_elapsed    | 4057     |
|    total_timesteps | 346636   |
| train/             |          |
|    actor_loss      | -5.87    |
|    critic_loss     | 4.87     |
|    ent_coef        | 0.001    |
|    learning_rate   | 1e-05    |
|    n_updates       | 86158    |
---------------------------------
---------------------------------
| rollout/           |          |
|    ep_len_mean     | 115      |
|    ep_rew_mean     | -12.2    |
|    success_rate    | 0.08     |
| time/              |          |
|    episodes        | 3340     |
|    fps             | 85       |
|    time_elapsed    | 4058     |
|    total_timesteps | 346732   |
| train/             |          |
|    actor_loss      | -6.79    |
|    critic_loss     | 5.09     |
|    ent_coef        | 0.001    |
|    learning_rate   | 1e-05    |
|    n_updates       | 86182    |
---------------------------------
---------------------------------
| rollout/           |          |
|    ep_len_mean     | 114      |
|    ep_rew_mean     | -11.9    |
|    success_rate    | 0.09     |
| time/              |          |
|    episodes        | 3344     |
|    fps             | 85       |
|    time_elapsed    | 4062     |
|    total_timesteps | 347432   |
| train/             |          |
|    actor_loss      | -5.75    |
|    critic_loss     | 4.7      |
|    ent_coef        | 0.001    |
|    learning_rate   | 1e-05    |
|    n_updates       | 86357    |
---------------------------------
---------------------------------
| rollout/           |          |
|    ep_len_mean     | 115      |
|    ep_rew_mean     | -11.5    |
|    success_rate    | 0.1      |
| time/              |          |
|    episodes        | 3348     |
|    fps             | 85       |
|    time_elapsed    | 4066     |
|    total_timesteps | 348052   |
| train/             |          |
|    actor_loss      | -5.44    |
|    critic_loss     | 6.2      |
|    ent_coef        | 0.001    |
|    learning_rate   | 1e-05    |
|    n_updates       | 86512    |
---------------------------------
---------------------------------
| rollout/           |          |
|    ep_len_mean     | 117      |
|    ep_rew_mean     | -11.5    |
|    success_rate    | 0.09     |
| time/              |          |
|    episodes        | 3352     |
|    fps             | 85       |
|    time_elapsed    | 4067     |
|    total_timesteps | 348168   |
| train/             |          |
|    actor_loss      | -5.92    |
|    critic_loss     | 5.96     |
|    ent_coef        | 0.001    |
|    learning_rate   | 1e-05    |
|    n_updates       | 86541    |
---------------------------------
---------------------------------
| rollout/           |          |
|    ep_len_mean     | 113      |
|    ep_rew_mean     | -11.7    |
|    success_rate    | 0.09     |
| time/              |          |
|    episodes        | 3356     |
|    fps             | 85       |
|    time_elapsed    | 4071     |
|    total_timesteps | 348796   |
| train/             |          |
|    actor_loss      | -5.49    |
|    critic_loss     | 4.2      |
|    ent_coef        | 0.001    |
|    learning_rate   | 1e-05    |
|    n_updates       | 86698    |
---------------------------------
---------------------------------
| rollout/           |          |
|    ep_len_mean     | 110      |
|    ep_rew_mean     | -11.9    |
|    success_rate    | 0.09     |
| time/              |          |
|    episodes        | 3360     |
|    fps             | 85       |
|    time_elapsed    | 4072     |
|    total_timesteps | 348896   |
| train/             |          |
|    actor_loss      | -5.87    |
|    critic_loss     | 4.22     |
|    ent_coef        | 0.001    |
|    learning_rate   | 1e-05    |
|    n_updates       | 86723    |
---------------------------------
---------------------------------
| rollout/           |          |
|    ep_len_mean     | 109      |
|    ep_rew_mean     | -11.5    |
|    success_rate    | 0.11     |
| time/              |          |
|    episodes        | 3364     |
|    fps             | 85       |
|    time_elapsed    | 4076     |
|    total_timesteps | 349496   |
| train/             |          |
|    actor_loss      | -5.64    |
|    critic_loss     | 6.55     |
|    ent_coef        | 0.001    |
|    learning_rate   | 1e-05    |
|    n_updates       | 86873    |
---------------------------------
---------------------------------
| rollout/           |          |
|    ep_len_mean     | 108      |
|    ep_rew_mean     | -11      |
|    success_rate    | 0.13     |
| time/              |          |
|    episodes        | 3368     |
|    fps             | 85       |
|    time_elapsed    | 4077     |
|    total_timesteps | 349736   |
| train/             |          |
|    actor_loss      | -6       |
|    critic_loss     | 8.73     |
|    ent_coef        | 0.001    |
|    learning_rate   | 1e-05    |
|    n_updates       | 86933    |
---------------------------------
Eval num_timesteps=350000, episode_reward=-6.65 +/- 7.81
Episode length: 165.98 +/- 36.10
Success rate: 6.00%
---------------------------------
| eval/              |          |
|    mean_ep_length  | 166      |
|    mean_reward     | -6.65    |
|    success_rate    | 0.06     |
| time/              |          |
|    total_timesteps | 350000   |
| train/             |          |
|    actor_loss      | -5.29    |
|    critic_loss     | 5.74     |
|    ent_coef        | 0.001    |
|    learning_rate   | 1e-05    |
|    n_updates       | 86999    |
---------------------------------
Eval num_timesteps=350000, episode_reward=-11.24 +/- 12.91
Episode length: 99.30 +/- 79.65
Success rate: 24.00%
---------------------------------
| eval/              |          |
|    mean_ep_length  | 99.3     |
|    mean_reward     | -11.2    |
|    success_rate    | 0.24     |
| time/              |          |
|    total_timesteps | 350000   |
---------------------------------
Eval num_timesteps=350000, episode_reward=-18.20 +/- 5.49
Episode length: 67.94 +/- 80.69
Success rate: 0.00%
---------------------------------
| eval/              |          |
|    mean_ep_length  | 67.9     |
|    mean_reward     | -18.2    |
|    success_rate    | 0        |
| time/              |          |
|    total_timesteps | 350000   |
---------------------------------
---------------------------------
| rollout/           |          |
|    ep_len_mean     | 106      |
|    ep_rew_mean     | -10.8    |
|    success_rate    | 0.14     |
| time/              |          |
|    episodes        | 3372     |
|    fps             | 84       |
|    time_elapsed    | 4139     |
|    total_timesteps | 350340   |
| train/             |          |
|    actor_loss      | -5.87    |
|    critic_loss     | 4.73     |
|    ent_coef        | 0.001    |
|    learning_rate   | 1e-05    |
|    n_updates       | 87084    |
---------------------------------
---------------------------------
| rollout/           |          |
|    ep_len_mean     | 101      |
|    ep_rew_mean     | -10.7    |
|    success_rate    | 0.15     |
| time/              |          |
|    episodes        | 3376     |
|    fps             | 84       |
|    time_elapsed    | 4140     |
|    total_timesteps | 350428   |
| train/             |          |
|    actor_loss      | -5.54    |
|    critic_loss     | 4.01     |
|    ent_coef        | 0.001    |
|    learning_rate   | 1e-05    |
|    n_updates       | 87106    |
---------------------------------
---------------------------------
| rollout/           |          |
|    ep_len_mean     | 99.6     |
|    ep_rew_mean     | -11      |
|    success_rate    | 0.14     |
| time/              |          |
|    episodes        | 3380     |
|    fps             | 84       |
|    time_elapsed    | 4140     |
|    total_timesteps | 350496   |
| train/             |          |
|    actor_loss      | -5.59    |
|    critic_loss     | 6.01     |
|    ent_coef        | 0.001    |
|    learning_rate   | 1e-05    |
|    n_updates       | 87123    |
---------------------------------
---------------------------------
| rollout/           |          |
|    ep_len_mean     | 101      |
|    ep_rew_mean     | -10.4    |
|    success_rate    | 0.16     |
| time/              |          |
|    episodes        | 3384     |
|    fps             | 84       |
|    time_elapsed    | 4144     |
|    total_timesteps | 351128   |
| train/             |          |
|    actor_loss      | -5.43    |
|    critic_loss     | 4.77     |
|    ent_coef        | 0.001    |
|    learning_rate   | 1e-05    |
|    n_updates       | 87281    |
---------------------------------
---------------------------------
| rollout/           |          |
|    ep_len_mean     | 104      |
|    ep_rew_mean     | -10.6    |
|    success_rate    | 0.16     |
| time/              |          |
|    episodes        | 3388     |
|    fps             | 84       |
|    time_elapsed    | 4148     |
|    total_timesteps | 351828   |
| train/             |          |
|    actor_loss      | -5.61    |
|    critic_loss     | 4.39     |
|    ent_coef        | 0.001    |
|    learning_rate   | 1e-05    |
|    n_updates       | 87456    |
---------------------------------
---------------------------------
| rollout/           |          |
|    ep_len_mean     | 101      |
|    ep_rew_mean     | -10.2    |
|    success_rate    | 0.18     |
| time/              |          |
|    episodes        | 3392     |
|    fps             | 84       |
|    time_elapsed    | 4150     |
|    total_timesteps | 352024   |
| train/             |          |
|    actor_loss      | -5.86    |
|    critic_loss     | 5.23     |
|    ent_coef        | 0.001    |
|    learning_rate   | 1e-05    |
|    n_updates       | 87505    |
---------------------------------
---------------------------------
| rollout/           |          |
|    ep_len_mean     | 103      |
|    ep_rew_mean     | -10.2    |
|    success_rate    | 0.18     |
| time/              |          |
|    episodes        | 3396     |
|    fps             | 84       |
|    time_elapsed    | 4154     |
|    total_timesteps | 352724   |
| train/             |          |
|    actor_loss      | -4.94    |
|    critic_loss     | 5.37     |
|    ent_coef        | 0.001    |
|    learning_rate   | 1e-05    |
|    n_updates       | 87680    |
---------------------------------
---------------------------------
| rollout/           |          |
|    ep_len_mean     | 104      |
|    ep_rew_mean     | -9.92    |
|    success_rate    | 0.19     |
| time/              |          |
|    episodes        | 3400     |
|    fps             | 84       |
|    time_elapsed    | 4156     |
|    total_timesteps | 352948   |
| train/             |          |
|    actor_loss      | -4.84    |
|    critic_loss     | 4.95     |
|    ent_coef        | 0.001    |
|    learning_rate   | 1e-05    |
|    n_updates       | 87736    |
---------------------------------
---------------------------------
| rollout/           |          |
|    ep_len_mean     | 107      |
|    ep_rew_mean     | -10.3    |
|    success_rate    | 0.18     |
| time/              |          |
|    episodes        | 3404     |
|    fps             | 84       |
|    time_elapsed    | 4159     |
|    total_timesteps | 353472   |
| train/             |          |
|    actor_loss      | -4.3     |
|    critic_loss     | 5.78     |
|    ent_coef        | 0.001    |
|    learning_rate   | 1e-05    |
|    n_updates       | 87867    |
---------------------------------
---------------------------------
| rollout/           |          |
|    ep_len_mean     | 107      |
|    ep_rew_mean     | -10.5    |
|    success_rate    | 0.17     |
| time/              |          |
|    episodes        | 3408     |
|    fps             | 85       |
|    time_elapsed    | 4162     |
|    total_timesteps | 353956   |
| train/             |          |
|    actor_loss      | -4.73    |
|    critic_loss     | 4.28     |
|    ent_coef        | 0.001    |
|    learning_rate   | 1e-05    |
|    n_updates       | 87988    |
---------------------------------
---------------------------------
| rollout/           |          |
|    ep_len_mean     | 104      |
|    ep_rew_mean     | -10.3    |
|    success_rate    | 0.18     |
| time/              |          |
|    episodes        | 3412     |
|    fps             | 85       |
|    time_elapsed    | 4163     |
|    total_timesteps | 354012   |
| train/             |          |
|    actor_loss      | -5.58    |
|    critic_loss     | 4.74     |
|    ent_coef        | 0.001    |
|    learning_rate   | 1e-05    |
|    n_updates       | 88002    |
---------------------------------
---------------------------------
| rollout/           |          |
|    ep_len_mean     | 105      |
|    ep_rew_mean     | -9.85    |
|    success_rate    | 0.19     |
| time/              |          |
|    episodes        | 3416     |
|    fps             | 85       |
|    time_elapsed    | 4167     |
|    total_timesteps | 354676   |
| train/             |          |
|    actor_loss      | -5.07    |
|    critic_loss     | 3.26     |
|    ent_coef        | 0.001    |
|    learning_rate   | 1e-05    |
|    n_updates       | 88168    |
---------------------------------
---------------------------------
| rollout/           |          |
|    ep_len_mean     | 103      |
|    ep_rew_mean     | -9.9     |
|    success_rate    | 0.19     |
| time/              |          |
|    episodes        | 3420     |
|    fps             | 85       |
|    time_elapsed    | 4168     |
|    total_timesteps | 354868   |
| train/             |          |
|    actor_loss      | -5.47    |
|    critic_loss     | 3.56     |
|    ent_coef        | 0.001    |
|    learning_rate   | 1e-05    |
|    n_updates       | 88216    |
---------------------------------
---------------------------------
| rollout/           |          |
|    ep_len_mean     | 102      |
|    ep_rew_mean     | -10.2    |
|    success_rate    | 0.19     |
| time/              |          |
|    episodes        | 3424     |
|    fps             | 85       |
|    time_elapsed    | 4172     |
|    total_timesteps | 355444   |
| train/             |          |
|    actor_loss      | -5.07    |
|    critic_loss     | 6.23     |
|    ent_coef        | 0.001    |
|    learning_rate   | 1e-05    |
|    n_updates       | 88360    |
---------------------------------
---------------------------------
| rollout/           |          |
|    ep_len_mean     | 100      |
|    ep_rew_mean     | -10.2    |
|    success_rate    | 0.19     |
| time/              |          |
|    episodes        | 3428     |
|    fps             | 85       |
|    time_elapsed    | 4173     |
|    total_timesteps | 355568   |
| train/             |          |
|    actor_loss      | -5.39    |
|    critic_loss     | 3.96     |
|    ent_coef        | 0.001    |
|    learning_rate   | 1e-05    |
|    n_updates       | 88391    |
---------------------------------
---------------------------------
| rollout/           |          |
|    ep_len_mean     | 102      |
|    ep_rew_mean     | -10.4    |
|    success_rate    | 0.18     |
| time/              |          |
|    episodes        | 3432     |
|    fps             | 85       |
|    time_elapsed    | 4177     |
|    total_timesteps | 356188   |
| train/             |          |
|    actor_loss      | -4.32    |
|    critic_loss     | 9.98     |
|    ent_coef        | 0.001    |
|    learning_rate   | 1e-05    |
|    n_updates       | 88546    |
---------------------------------
---------------------------------
| rollout/           |          |
|    ep_len_mean     | 102      |
|    ep_rew_mean     | -10.6    |
|    success_rate    | 0.18     |
| time/              |          |
|    episodes        | 3436     |
|    fps             | 85       |
|    time_elapsed    | 4181     |
|    total_timesteps | 356876   |
| train/             |          |
|    actor_loss      | -5.75    |
|    critic_loss     | 6.16     |
|    ent_coef        | 0.001    |
|    learning_rate   | 1e-05    |
|    n_updates       | 88718    |
---------------------------------
---------------------------------
| rollout/           |          |
|    ep_len_mean     | 105      |
|    ep_rew_mean     | -10.6    |
|    success_rate    | 0.18     |
| time/              |          |
|    episodes        | 3440     |
|    fps             | 85       |
|    time_elapsed    | 4186     |
|    total_timesteps | 357576   |
| train/             |          |
|    actor_loss      | -3.69    |
|    critic_loss     | 4.66     |
|    ent_coef        | 0.001    |
|    learning_rate   | 1e-05    |
|    n_updates       | 88893    |
---------------------------------
---------------------------------
| rollout/           |          |
|    ep_len_mean     | 103      |
|    ep_rew_mean     | -11      |
|    success_rate    | 0.17     |
| time/              |          |
|    episodes        | 3444     |
|    fps             | 85       |
|    time_elapsed    | 4186     |
|    total_timesteps | 357668   |
| train/             |          |
|    actor_loss      | -5.96    |
|    critic_loss     | 4.87     |
|    ent_coef        | 0.001    |
|    learning_rate   | 1e-05    |
|    n_updates       | 88916    |
---------------------------------
---------------------------------
| rollout/           |          |
|    ep_len_mean     | 99.9     |
|    ep_rew_mean     | -11.6    |
|    success_rate    | 0.16     |
| time/              |          |
|    episodes        | 3448     |
|    fps             | 85       |
|    time_elapsed    | 4189     |
|    total_timesteps | 358096   |
| train/             |          |
|    actor_loss      | -4       |
|    critic_loss     | 7.2      |
|    ent_coef        | 0.001    |
|    learning_rate   | 1e-05    |
|    n_updates       | 89023    |
---------------------------------
---------------------------------
| rollout/           |          |
|    ep_len_mean     | 102      |
|    ep_rew_mean     | -11.8    |
|    success_rate    | 0.16     |
| time/              |          |
|    episodes        | 3452     |
|    fps             | 85       |
|    time_elapsed    | 4191     |
|    total_timesteps | 358380   |
| train/             |          |
|    actor_loss      | -4.84    |
|    critic_loss     | 4.47     |
|    ent_coef        | 0.001    |
|    learning_rate   | 1e-05    |
|    n_updates       | 89094    |
---------------------------------
---------------------------------
| rollout/           |          |
|    ep_len_mean     | 101      |
|    ep_rew_mean     | -11.7    |
|    success_rate    | 0.17     |
| time/              |          |
|    episodes        | 3456     |
|    fps             | 85       |
|    time_elapsed    | 4194     |
|    total_timesteps | 358848   |
| train/             |          |
|    actor_loss      | -4.64    |
|    critic_loss     | 4.14     |
|    ent_coef        | 0.001    |
|    learning_rate   | 1e-05    |
|    n_updates       | 89211    |
---------------------------------
---------------------------------
| rollout/           |          |
|    ep_len_mean     | 102      |
|    ep_rew_mean     | -11.5    |
|    success_rate    | 0.17     |
| time/              |          |
|    episodes        | 3460     |
|    fps             | 85       |
|    time_elapsed    | 4196     |
|    total_timesteps | 359116   |
| train/             |          |
|    actor_loss      | -3.73    |
|    critic_loss     | 4.45     |
|    ent_coef        | 0.001    |
|    learning_rate   | 1e-05    |
|    n_updates       | 89278    |
---------------------------------
---------------------------------
| rollout/           |          |
|    ep_len_mean     | 105      |
|    ep_rew_mean     | -12.2    |
|    success_rate    | 0.15     |
| time/              |          |
|    episodes        | 3464     |
|    fps             | 85       |
|    time_elapsed    | 4199     |
|    total_timesteps | 359688   |
| train/             |          |
|    actor_loss      | -3.65    |
|    critic_loss     | 6.23     |
|    ent_coef        | 0.001    |
|    learning_rate   | 1e-05    |
|    n_updates       | 89421    |
---------------------------------
Eval num_timesteps=360000, episode_reward=-5.54 +/- 5.94
Episode length: 165.64 +/- 37.07
Success rate: 6.00%
---------------------------------
| eval/              |          |
|    mean_ep_length  | 166      |
|    mean_reward     | -5.54    |
|    success_rate    | 0.06     |
| time/              |          |
|    total_timesteps | 360000   |
| train/             |          |
|    actor_loss      | -5.7     |
|    critic_loss     | 4.89     |
|    ent_coef        | 0.001    |
|    learning_rate   | 1e-05    |
|    n_updates       | 89499    |
---------------------------------
Eval num_timesteps=360000, episode_reward=-9.72 +/- 13.81
Episode length: 96.82 +/- 79.24
Success rate: 30.00%
---------------------------------
| eval/              |          |
|    mean_ep_length  | 96.8     |
|    mean_reward     | -9.72    |
|    success_rate    | 0.3      |
| time/              |          |
|    total_timesteps | 360000   |
---------------------------------
Eval num_timesteps=360000, episode_reward=-17.95 +/- 6.13
Episode length: 61.26 +/- 81.02
Success rate: 2.00%
---------------------------------
| eval/              |          |
|    mean_ep_length  | 61.3     |
|    mean_reward     | -17.9    |
|    success_rate    | 0.02     |
| time/              |          |
|    total_timesteps | 360000   |
---------------------------------
---------------------------------
| rollout/           |          |
|    ep_len_mean     | 106      |
|    ep_rew_mean     | -12.7    |
|    success_rate    | 0.13     |
| time/              |          |
|    episodes        | 3468     |
|    fps             | 84       |
|    time_elapsed    | 4259     |
|    total_timesteps | 360384   |
| train/             |          |
|    actor_loss      | -4.38    |
|    critic_loss     | 5.13     |
|    ent_coef        | 0.001    |
|    learning_rate   | 1e-05    |
|    n_updates       | 89595    |
---------------------------------
---------------------------------
| rollout/           |          |
|    ep_len_mean     | 106      |
|    ep_rew_mean     | -12.7    |
|    success_rate    | 0.13     |
| time/              |          |
|    episodes        | 3472     |
|    fps             | 84       |
|    time_elapsed    | 4262     |
|    total_timesteps | 360820   |
| train/             |          |
|    actor_loss      | -4.86    |
|    critic_loss     | 3.86     |
|    ent_coef        | 0.001    |
|    learning_rate   | 1e-05    |
|    n_updates       | 89704    |
---------------------------------
---------------------------------
| rollout/           |          |
|    ep_len_mean     | 108      |
|    ep_rew_mean     | -12.8    |
|    success_rate    | 0.12     |
| time/              |          |
|    episodes        | 3476     |
|    fps             | 84       |
|    time_elapsed    | 4264     |
|    total_timesteps | 361096   |
| train/             |          |
|    actor_loss      | -5.24    |
|    critic_loss     | 6.75     |
|    ent_coef        | 0.001    |
|    learning_rate   | 1e-05    |
|    n_updates       | 89773    |
---------------------------------
---------------------------------
| rollout/           |          |
|    ep_len_mean     | 106      |
|    ep_rew_mean     | -12.8    |
|    success_rate    | 0.13     |
| time/              |          |
|    episodes        | 3480     |
|    fps             | 84       |
|    time_elapsed    | 4266     |
|    total_timesteps | 361412   |
| train/             |          |
|    actor_loss      | -4.32    |
|    critic_loss     | 3.75     |
|    ent_coef        | 0.001    |
|    learning_rate   | 1e-05    |
|    n_updates       | 89852    |
---------------------------------
---------------------------------
| rollout/           |          |
|    ep_len_mean     | 105      |
|    ep_rew_mean     | -13.6    |
|    success_rate    | 0.11     |
| time/              |          |
|    episodes        | 3484     |
|    fps             | 84       |
|    time_elapsed    | 4268     |
|    total_timesteps | 361580   |
| train/             |          |
|    actor_loss      | -4.68    |
|    critic_loss     | 6.25     |
|    ent_coef        | 0.001    |
|    learning_rate   | 1e-05    |
|    n_updates       | 89894    |
---------------------------------
---------------------------------
| rollout/           |          |
|    ep_len_mean     | 105      |
|    ep_rew_mean     | -13.6    |
|    success_rate    | 0.11     |
| time/              |          |
|    episodes        | 3488     |
|    fps             | 84       |
|    time_elapsed    | 4272     |
|    total_timesteps | 362280   |
| train/             |          |
|    actor_loss      | -5.51    |
|    critic_loss     | 4.85     |
|    ent_coef        | 0.001    |
|    learning_rate   | 1e-05    |
|    n_updates       | 90069    |
---------------------------------
---------------------------------
| rollout/           |          |
|    ep_len_mean     | 105      |
|    ep_rew_mean     | -13.6    |
|    success_rate    | 0.11     |
| time/              |          |
|    episodes        | 3492     |
|    fps             | 84       |
|    time_elapsed    | 4274     |
|    total_timesteps | 362548   |
| train/             |          |
|    actor_loss      | -4.38    |
|    critic_loss     | 4.45     |
|    ent_coef        | 0.001    |
|    learning_rate   | 1e-05    |
|    n_updates       | 90136    |
---------------------------------
---------------------------------
| rollout/           |          |
|    ep_len_mean     | 103      |
|    ep_rew_mean     | -13.9    |
|    success_rate    | 0.11     |
| time/              |          |
|    episodes        | 3496     |
|    fps             | 84       |
|    time_elapsed    | 4276     |
|    total_timesteps | 362980   |
| train/             |          |
|    actor_loss      | -5.12    |
|    critic_loss     | 5.24     |
|    ent_coef        | 0.001    |
|    learning_rate   | 1e-05    |
|    n_updates       | 90244    |
---------------------------------
---------------------------------
| rollout/           |          |
|    ep_len_mean     | 105      |
|    ep_rew_mean     | -13.9    |
|    success_rate    | 0.1      |
| time/              |          |
|    episodes        | 3500     |
|    fps             | 84       |
|    time_elapsed    | 4280     |
|    total_timesteps | 363524   |
| train/             |          |
|    actor_loss      | -4.56    |
|    critic_loss     | 3.67     |
|    ent_coef        | 0.001    |
|    learning_rate   | 1e-05    |
|    n_updates       | 90380    |
---------------------------------
---------------------------------
| rollout/           |          |
|    ep_len_mean     | 102      |
|    ep_rew_mean     | -13.8    |
|    success_rate    | 0.1      |
| time/              |          |
|    episodes        | 3504     |
|    fps             | 84       |
|    time_elapsed    | 4282     |
|    total_timesteps | 363900   |
| train/             |          |
|    actor_loss      | -4.97    |
|    critic_loss     | 6.01     |
|    ent_coef        | 0.001    |
|    learning_rate   | 1e-05    |
|    n_updates       | 90474    |
---------------------------------
---------------------------------
| rollout/           |          |
|    ep_len_mean     | 104      |
|    ep_rew_mean     | -13.6    |
|    success_rate    | 0.1      |
| time/              |          |
|    episodes        | 3508     |
|    fps             | 85       |
|    time_elapsed    | 4284     |
|    total_timesteps | 364232   |
| train/             |          |
|    actor_loss      | -4.8     |
|    critic_loss     | 5.08     |
|    ent_coef        | 0.001    |
|    learning_rate   | 1e-05    |
|    n_updates       | 90557    |
---------------------------------
---------------------------------
| rollout/           |          |
|    ep_len_mean     | 107      |
|    ep_rew_mean     | -13.7    |
|    success_rate    | 0.1      |
| time/              |          |
|    episodes        | 3512     |
|    fps             | 85       |
|    time_elapsed    | 4288     |
|    total_timesteps | 364776   |
| train/             |          |
|    actor_loss      | -4.52    |
|    critic_loss     | 4.74     |
|    ent_coef        | 0.001    |
|    learning_rate   | 1e-05    |
|    n_updates       | 90693    |
---------------------------------
---------------------------------
| rollout/           |          |
|    ep_len_mean     | 105      |
|    ep_rew_mean     | -13.3    |
|    success_rate    | 0.11     |
| time/              |          |
|    episodes        | 3516     |
|    fps             | 85       |
|    time_elapsed    | 4290     |
|    total_timesteps | 365100   |
| train/             |          |
|    actor_loss      | -4.14    |
|    critic_loss     | 5.27     |
|    ent_coef        | 0.001    |
|    learning_rate   | 1e-05    |
|    n_updates       | 90774    |
---------------------------------
---------------------------------
| rollout/           |          |
|    ep_len_mean     | 107      |
|    ep_rew_mean     | -13.5    |
|    success_rate    | 0.11     |
| time/              |          |
|    episodes        | 3520     |
|    fps             | 85       |
|    time_elapsed    | 4293     |
|    total_timesteps | 365680   |
| train/             |          |
|    actor_loss      | -3.83    |
|    critic_loss     | 4.6      |
|    ent_coef        | 0.001    |
|    learning_rate   | 1e-05    |
|    n_updates       | 90919    |
---------------------------------
---------------------------------
| rollout/           |          |
|    ep_len_mean     | 107      |
|    ep_rew_mean     | -12.7    |
|    success_rate    | 0.13     |
| time/              |          |
|    episodes        | 3524     |
|    fps             | 85       |
|    time_elapsed    | 4295     |
|    total_timesteps | 366008   |
| train/             |          |
|    actor_loss      | -3.87    |
|    critic_loss     | 6.51     |
|    ent_coef        | 0.001    |
|    learning_rate   | 1e-05    |
|    n_updates       | 91001    |
---------------------------------
---------------------------------
| rollout/           |          |
|    ep_len_mean     | 107      |
|    ep_rew_mean     | -12.7    |
|    success_rate    | 0.13     |
| time/              |          |
|    episodes        | 3528     |
|    fps             | 85       |
|    time_elapsed    | 4298     |
|    total_timesteps | 366396   |
| train/             |          |
|    actor_loss      | -4.22    |
|    critic_loss     | 8.94     |
|    ent_coef        | 0.001    |
|    learning_rate   | 1e-05    |
|    n_updates       | 91098    |
---------------------------------
---------------------------------
| rollout/           |          |
|    ep_len_mean     | 107      |
|    ep_rew_mean     | -12.5    |
|    success_rate    | 0.14     |
| time/              |          |
|    episodes        | 3532     |
|    fps             | 85       |
|    time_elapsed    | 4301     |
|    total_timesteps | 366944   |
| train/             |          |
|    actor_loss      | -3.52    |
|    critic_loss     | 4.78     |
|    ent_coef        | 0.001    |
|    learning_rate   | 1e-05    |
|    n_updates       | 91235    |
---------------------------------
---------------------------------
| rollout/           |          |
|    ep_len_mean     | 109      |
|    ep_rew_mean     | -12.7    |
|    success_rate    | 0.13     |
| time/              |          |
|    episodes        | 3536     |
|    fps             | 85       |
|    time_elapsed    | 4306     |
|    total_timesteps | 367644   |
| train/             |          |
|    actor_loss      | -4.23    |
|    critic_loss     | 3.82     |
|    ent_coef        | 0.001    |
|    learning_rate   | 1e-05    |
|    n_updates       | 91410    |
---------------------------------
---------------------------------
| rollout/           |          |
|    ep_len_mean     | 104      |
|    ep_rew_mean     | -12.5    |
|    success_rate    | 0.14     |
| time/              |          |
|    episodes        | 3540     |
|    fps             | 85       |
|    time_elapsed    | 4307     |
|    total_timesteps | 367796   |
| train/             |          |
|    actor_loss      | -3.4     |
|    critic_loss     | 5.09     |
|    ent_coef        | 0.001    |
|    learning_rate   | 1e-05    |
|    n_updates       | 91448    |
---------------------------------
---------------------------------
| rollout/           |          |
|    ep_len_mean     | 104      |
|    ep_rew_mean     | -12.2    |
|    success_rate    | 0.15     |
| time/              |          |
|    episodes        | 3544     |
|    fps             | 85       |
|    time_elapsed    | 4310     |
|    total_timesteps | 368352   |
| train/             |          |
|    actor_loss      | -4.17    |
|    critic_loss     | 3.9      |
|    ent_coef        | 0.001    |
|    learning_rate   | 1e-05    |
|    n_updates       | 91587    |
---------------------------------
---------------------------------
| rollout/           |          |
|    ep_len_mean     | 106      |
|    ep_rew_mean     | -11.9    |
|    success_rate    | 0.15     |
| time/              |          |
|    episodes        | 3548     |
|    fps             | 85       |
|    time_elapsed    | 4312     |
|    total_timesteps | 368496   |
| train/             |          |
|    actor_loss      | -4.77    |
|    critic_loss     | 4.95     |
|    ent_coef        | 0.001    |
|    learning_rate   | 1e-05    |
|    n_updates       | 91623    |
---------------------------------
---------------------------------
| rollout/           |          |
|    ep_len_mean     | 102      |
|    ep_rew_mean     | -11.8    |
|    success_rate    | 0.16     |
| time/              |          |
|    episodes        | 3552     |
|    fps             | 85       |
|    time_elapsed    | 4313     |
|    total_timesteps | 368620   |
| train/             |          |
|    actor_loss      | -4.03    |
|    critic_loss     | 3.93     |
|    ent_coef        | 0.001    |
|    learning_rate   | 1e-05    |
|    n_updates       | 91654    |
---------------------------------
---------------------------------
| rollout/           |          |
|    ep_len_mean     | 101      |
|    ep_rew_mean     | -11.8    |
|    success_rate    | 0.16     |
| time/              |          |
|    episodes        | 3556     |
|    fps             | 85       |
|    time_elapsed    | 4316     |
|    total_timesteps | 369084   |
| train/             |          |
|    actor_loss      | -4.2     |
|    critic_loss     | 4.6      |
|    ent_coef        | 0.001    |
|    learning_rate   | 1e-05    |
|    n_updates       | 91770    |
---------------------------------
---------------------------------
| rollout/           |          |
|    ep_len_mean     | 102      |
|    ep_rew_mean     | -11.4    |
|    success_rate    | 0.18     |
| time/              |          |
|    episodes        | 3560     |
|    fps             | 85       |
|    time_elapsed    | 4317     |
|    total_timesteps | 369280   |
| train/             |          |
|    actor_loss      | -4.83    |
|    critic_loss     | 4.76     |
|    ent_coef        | 0.001    |
|    learning_rate   | 1e-05    |
|    n_updates       | 91819    |
---------------------------------
---------------------------------
| rollout/           |          |
|    ep_len_mean     | 98.7     |
|    ep_rew_mean     | -10.9    |
|    success_rate    | 0.2      |
| time/              |          |
|    episodes        | 3564     |
|    fps             | 85       |
|    time_elapsed    | 4320     |
|    total_timesteps | 369808   |
| train/             |          |
|    actor_loss      | -3.51    |
|    critic_loss     | 3.9      |
|    ent_coef        | 0.001    |
|    learning_rate   | 1e-05    |
|    n_updates       | 91951    |
---------------------------------
Eval num_timesteps=370000, episode_reward=-2.31 +/- 8.14
Episode length: 134.16 +/- 69.13
Success rate: 26.00%
---------------------------------
| eval/              |          |
|    mean_ep_length  | 134      |
|    mean_reward     | -2.31    |
|    success_rate    | 0.26     |
| time/              |          |
|    total_timesteps | 370000   |
| train/             |          |
|    actor_loss      | -3.84    |
|    critic_loss     | 8.05     |
|    ent_coef        | 0.001    |
|    learning_rate   | 1e-05    |
|    n_updates       | 91999    |
---------------------------------
Eval num_timesteps=370000, episode_reward=-9.94 +/- 14.41
Episode length: 83.78 +/- 79.17
Success rate: 32.00%
---------------------------------
| eval/              |          |
|    mean_ep_length  | 83.8     |
|    mean_reward     | -9.94    |
|    success_rate    | 0.32     |
| time/              |          |
|    total_timesteps | 370000   |
---------------------------------
Eval num_timesteps=370000, episode_reward=-16.28 +/- 8.86
Episode length: 59.46 +/- 79.37
Success rate: 8.00%
---------------------------------
| eval/              |          |
|    mean_ep_length  | 59.5     |
|    mean_reward     | -16.3    |
|    success_rate    | 0.08     |
| time/              |          |
|    total_timesteps | 370000   |
---------------------------------
---------------------------------
| rollout/           |          |
|    ep_len_mean     | 96.9     |
|    ep_rew_mean     | -10.8    |
|    success_rate    | 0.2      |
| time/              |          |
|    episodes        | 3568     |
|    fps             | 84       |
|    time_elapsed    | 4371     |
|    total_timesteps | 370076   |
| train/             |          |
|    actor_loss      | -3.92    |
|    critic_loss     | 4.62     |
|    ent_coef        | 0.001    |
|    learning_rate   | 1e-05    |
|    n_updates       | 92018    |
---------------------------------
---------------------------------
| rollout/           |          |
|    ep_len_mean     | 98.6     |
|    ep_rew_mean     | -10.8    |
|    success_rate    | 0.2      |
| time/              |          |
|    episodes        | 3572     |
|    fps             | 84       |
|    time_elapsed    | 4374     |
|    total_timesteps | 370540   |
| train/             |          |
|    actor_loss      | -3.93    |
|    critic_loss     | 5.9      |
|    ent_coef        | 0.001    |
|    learning_rate   | 1e-05    |
|    n_updates       | 92134    |
---------------------------------
---------------------------------
| rollout/           |          |
|    ep_len_mean     | 100      |
|    ep_rew_mean     | -10.9    |
|    success_rate    | 0.2      |
| time/              |          |
|    episodes        | 3576     |
|    fps             | 84       |
|    time_elapsed    | 4378     |
|    total_timesteps | 371208   |
| train/             |          |
|    actor_loss      | -4.29    |
|    critic_loss     | 4.36     |
|    ent_coef        | 0.001    |
|    learning_rate   | 1e-05    |
|    n_updates       | 92301    |
---------------------------------
---------------------------------
| rollout/           |          |
|    ep_len_mean     | 103      |
|    ep_rew_mean     | -11      |
|    success_rate    | 0.19     |
| time/              |          |
|    episodes        | 3580     |
|    fps             | 84       |
|    time_elapsed    | 4381     |
|    total_timesteps | 371680   |
| train/             |          |
|    actor_loss      | -3.61    |
|    critic_loss     | 5.2      |
|    ent_coef        | 0.001    |
|    learning_rate   | 1e-05    |
|    n_updates       | 92419    |
---------------------------------
---------------------------------
| rollout/           |          |
|    ep_len_mean     | 107      |
|    ep_rew_mean     | -10.5    |
|    success_rate    | 0.19     |
| time/              |          |
|    episodes        | 3584     |
|    fps             | 84       |
|    time_elapsed    | 4384     |
|    total_timesteps | 372176   |
| train/             |          |
|    actor_loss      | -3.94    |
|    critic_loss     | 4.07     |
|    ent_coef        | 0.001    |
|    learning_rate   | 1e-05    |
|    n_updates       | 92543    |
---------------------------------
---------------------------------
| rollout/           |          |
|    ep_len_mean     | 102      |
|    ep_rew_mean     | -9.9     |
|    success_rate    | 0.21     |
| time/              |          |
|    episodes        | 3588     |
|    fps             | 84       |
|    time_elapsed    | 4387     |
|    total_timesteps | 372488   |
| train/             |          |
|    actor_loss      | -4.52    |
|    critic_loss     | 5.53     |
|    ent_coef        | 0.001    |
|    learning_rate   | 1e-05    |
|    n_updates       | 92621    |
---------------------------------
---------------------------------
| rollout/           |          |
|    ep_len_mean     | 102      |
|    ep_rew_mean     | -10.5    |
|    success_rate    | 0.19     |
| time/              |          |
|    episodes        | 3592     |
|    fps             | 84       |
|    time_elapsed    | 4388     |
|    total_timesteps | 372728   |
| train/             |          |
|    actor_loss      | -4.82    |
|    critic_loss     | 4.51     |
|    ent_coef        | 0.001    |
|    learning_rate   | 1e-05    |
|    n_updates       | 92681    |
---------------------------------
---------------------------------
| rollout/           |          |
|    ep_len_mean     | 104      |
|    ep_rew_mean     | -10.2    |
|    success_rate    | 0.19     |
| time/              |          |
|    episodes        | 3596     |
|    fps             | 84       |
|    time_elapsed    | 4392     |
|    total_timesteps | 373352   |
| train/             |          |
|    actor_loss      | -4.17    |
|    critic_loss     | 4.29     |
|    ent_coef        | 0.001    |
|    learning_rate   | 1e-05    |
|    n_updates       | 92837    |
---------------------------------
---------------------------------
| rollout/           |          |
|    ep_len_mean     | 105      |
|    ep_rew_mean     | -10.4    |
|    success_rate    | 0.19     |
| time/              |          |
|    episodes        | 3600     |
|    fps             | 85       |
|    time_elapsed    | 4396     |
|    total_timesteps | 374032   |
| train/             |          |
|    actor_loss      | -4.48    |
|    critic_loss     | 5.87     |
|    ent_coef        | 0.001    |
|    learning_rate   | 1e-05    |
|    n_updates       | 93007    |
---------------------------------
---------------------------------
| rollout/           |          |
|    ep_len_mean     | 105      |
|    ep_rew_mean     | -9.52    |
|    success_rate    | 0.21     |
| time/              |          |
|    episodes        | 3604     |
|    fps             | 85       |
|    time_elapsed    | 4398     |
|    total_timesteps | 374292   |
| train/             |          |
|    actor_loss      | -4.48    |
|    critic_loss     | 4.29     |
|    ent_coef        | 0.001    |
|    learning_rate   | 1e-05    |
|    n_updates       | 93072    |
---------------------------------
---------------------------------
| rollout/           |          |
|    ep_len_mean     | 106      |
|    ep_rew_mean     | -9.08    |
|    success_rate    | 0.22     |
| time/              |          |
|    episodes        | 3608     |
|    fps             | 85       |
|    time_elapsed    | 4402     |
|    total_timesteps | 374844   |
| train/             |          |
|    actor_loss      | -3.93    |
|    critic_loss     | 3.65     |
|    ent_coef        | 0.001    |
|    learning_rate   | 1e-05    |
|    n_updates       | 93210    |
---------------------------------
---------------------------------
| rollout/           |          |
|    ep_len_mean     | 104      |
|    ep_rew_mean     | -8.7     |
|    success_rate    | 0.24     |
| time/              |          |
|    episodes        | 3612     |
|    fps             | 85       |
|    time_elapsed    | 4403     |
|    total_timesteps | 375032   |
| train/             |          |
|    actor_loss      | -3.32    |
|    critic_loss     | 5.28     |
|    ent_coef        | 0.001    |
|    learning_rate   | 1e-05    |
|    n_updates       | 93257    |
---------------------------------
---------------------------------
| rollout/           |          |
|    ep_len_mean     | 103      |
|    ep_rew_mean     | -9.36    |
|    success_rate    | 0.23     |
| time/              |          |
|    episodes        | 3616     |
|    fps             | 85       |
|    time_elapsed    | 4406     |
|    total_timesteps | 375440   |
| train/             |          |
|    actor_loss      | -4.17    |
|    critic_loss     | 5.33     |
|    ent_coef        | 0.001    |
|    learning_rate   | 1e-05    |
|    n_updates       | 93359    |
---------------------------------
---------------------------------
| rollout/           |          |
|    ep_len_mean     | 102      |
|    ep_rew_mean     | -8.78    |
|    success_rate    | 0.24     |
| time/              |          |
|    episodes        | 3620     |
|    fps             | 85       |
|    time_elapsed    | 4408     |
|    total_timesteps | 375856   |
| train/             |          |
|    actor_loss      | -3.44    |
|    critic_loss     | 5.2      |
|    ent_coef        | 0.001    |
|    learning_rate   | 1e-05    |
|    n_updates       | 93463    |
---------------------------------
---------------------------------
| rollout/           |          |
|    ep_len_mean     | 106      |
|    ep_rew_mean     | -9.25    |
|    success_rate    | 0.22     |
| time/              |          |
|    episodes        | 3624     |
|    fps             | 85       |
|    time_elapsed    | 4412     |
|    total_timesteps | 376556   |
| train/             |          |
|    actor_loss      | -1.95    |
|    critic_loss     | 4.83     |
|    ent_coef        | 0.001    |
|    learning_rate   | 1e-05    |
|    n_updates       | 93638    |
---------------------------------
---------------------------------
| rollout/           |          |
|    ep_len_mean     | 106      |
|    ep_rew_mean     | -9.16    |
|    success_rate    | 0.22     |
| time/              |          |
|    episodes        | 3628     |
|    fps             | 85       |
|    time_elapsed    | 4415     |
|    total_timesteps | 376952   |
| train/             |          |
|    actor_loss      | -3.52    |
|    critic_loss     | 5.73     |
|    ent_coef        | 0.001    |
|    learning_rate   | 1e-05    |
|    n_updates       | 93737    |
---------------------------------
---------------------------------
| rollout/           |          |
|    ep_len_mean     | 107      |
|    ep_rew_mean     | -9.25    |
|    success_rate    | 0.21     |
| time/              |          |
|    episodes        | 3632     |
|    fps             | 85       |
|    time_elapsed    | 4419     |
|    total_timesteps | 377652   |
| train/             |          |
|    actor_loss      | -4.13    |
|    critic_loss     | 4.49     |
|    ent_coef        | 0.001    |
|    learning_rate   | 1e-05    |
|    n_updates       | 93912    |
---------------------------------
---------------------------------
| rollout/           |          |
|    ep_len_mean     | 102      |
|    ep_rew_mean     | -8.54    |
|    success_rate    | 0.24     |
| time/              |          |
|    episodes        | 3636     |
|    fps             | 85       |
|    time_elapsed    | 4420     |
|    total_timesteps | 377832   |
| train/             |          |
|    actor_loss      | -4.26    |
|    critic_loss     | 4.15     |
|    ent_coef        | 0.001    |
|    learning_rate   | 1e-05    |
|    n_updates       | 93957    |
---------------------------------
---------------------------------
| rollout/           |          |
|    ep_len_mean     | 104      |
|    ep_rew_mean     | -8.12    |
|    success_rate    | 0.25     |
| time/              |          |
|    episodes        | 3640     |
|    fps             | 85       |
|    time_elapsed    | 4424     |
|    total_timesteps | 378364   |
| train/             |          |
|    actor_loss      | -2.49    |
|    critic_loss     | 4.05     |
|    ent_coef        | 0.001    |
|    learning_rate   | 1e-05    |
|    n_updates       | 94090    |
---------------------------------
---------------------------------
| rollout/           |          |
|    ep_len_mean     | 106      |
|    ep_rew_mean     | -8.35    |
|    success_rate    | 0.25     |
| time/              |          |
|    episodes        | 3644     |
|    fps             | 85       |
|    time_elapsed    | 4426     |
|    total_timesteps | 378744   |
| train/             |          |
|    actor_loss      | -4.31    |
|    critic_loss     | 3.73     |
|    ent_coef        | 0.001    |
|    learning_rate   | 1e-05    |
|    n_updates       | 94185    |
---------------------------------
---------------------------------
| rollout/           |          |
|    ep_len_mean     | 107      |
|    ep_rew_mean     | -8.41    |
|    success_rate    | 0.25     |
| time/              |          |
|    episodes        | 3648     |
|    fps             | 85       |
|    time_elapsed    | 4430     |
|    total_timesteps | 379260   |
| train/             |          |
|    actor_loss      | -4.42    |
|    critic_loss     | 4.9      |
|    ent_coef        | 0.001    |
|    learning_rate   | 1e-05    |
|    n_updates       | 94314    |
---------------------------------
---------------------------------
| rollout/           |          |
|    ep_len_mean     | 108      |
|    ep_rew_mean     | -8.55    |
|    success_rate    | 0.24     |
| time/              |          |
|    episodes        | 3652     |
|    fps             | 85       |
|    time_elapsed    | 4431     |
|    total_timesteps | 379456   |
| train/             |          |
|    actor_loss      | -3.85    |
|    critic_loss     | 5.56     |
|    ent_coef        | 0.001    |
|    learning_rate   | 1e-05    |
|    n_updates       | 94363    |
---------------------------------
---------------------------------
| rollout/           |          |
|    ep_len_mean     | 109      |
|    ep_rew_mean     | -8.59    |
|    success_rate    | 0.24     |
| time/              |          |
|    episodes        | 3656     |
|    fps             | 85       |
|    time_elapsed    | 4433     |
|    total_timesteps | 379792   |
| train/             |          |
|    actor_loss      | -4.49    |
|    critic_loss     | 3.13     |
|    ent_coef        | 0.001    |
|    learning_rate   | 1e-05    |
|    n_updates       | 94447    |
---------------------------------
Eval num_timesteps=380000, episode_reward=-6.31 +/- 9.94
Episode length: 162.42 +/- 42.66
Success rate: 8.00%
---------------------------------
| eval/              |          |
|    mean_ep_length  | 162      |
|    mean_reward     | -6.31    |
|    success_rate    | 0.08     |
| time/              |          |
|    total_timesteps | 380000   |
| train/             |          |
|    actor_loss      | -4.04    |
|    critic_loss     | 3.79     |
|    ent_coef        | 0.001    |
|    learning_rate   | 1e-05    |
|    n_updates       | 94499    |
---------------------------------
Eval num_timesteps=380000, episode_reward=-10.83 +/- 12.91
Episode length: 112.10 +/- 77.97
Success rate: 24.00%
---------------------------------
| eval/              |          |
|    mean_ep_length  | 112      |
|    mean_reward     | -10.8    |
|    success_rate    | 0.24     |
| time/              |          |
|    total_timesteps | 380000   |
---------------------------------
Eval num_timesteps=380000, episode_reward=-17.23 +/- 7.71
Episode length: 52.14 +/- 76.73
Success rate: 6.00%
---------------------------------
| eval/              |          |
|    mean_ep_length  | 52.1     |
|    mean_reward     | -17.2    |
|    success_rate    | 0.06     |
| time/              |          |
|    total_timesteps | 380000   |
---------------------------------
---------------------------------
| rollout/           |          |
|    ep_len_mean     | 109      |
|    ep_rew_mean     | -8.68    |
|    success_rate    | 0.23     |
| time/              |          |
|    episodes        | 3660     |
|    fps             | 84       |
|    time_elapsed    | 4493     |
|    total_timesteps | 380288   |
| train/             |          |
|    actor_loss      | -5.12    |
|    critic_loss     | 3.72     |
|    ent_coef        | 0.001    |
|    learning_rate   | 1e-05    |
|    n_updates       | 94571    |
---------------------------------
---------------------------------
| rollout/           |          |
|    ep_len_mean     | 111      |
|    ep_rew_mean     | -8.67    |
|    success_rate    | 0.22     |
| time/              |          |
|    episodes        | 3664     |
|    fps             | 84       |
|    time_elapsed    | 4497     |
|    total_timesteps | 380940   |
| train/             |          |
|    actor_loss      | -3.11    |
|    critic_loss     | 4.75     |
|    ent_coef        | 0.001    |
|    learning_rate   | 1e-05    |
|    n_updates       | 94734    |
---------------------------------
---------------------------------
| rollout/           |          |
|    ep_len_mean     | 113      |
|    ep_rew_mean     | -8.4     |
|    success_rate    | 0.23     |
| time/              |          |
|    episodes        | 3668     |
|    fps             | 84       |
|    time_elapsed    | 4499     |
|    total_timesteps | 381236   |
| train/             |          |
|    actor_loss      | -3.76    |
|    critic_loss     | 5.09     |
|    ent_coef        | 0.001    |
|    learning_rate   | 1e-05    |
|    n_updates       | 94808    |
---------------------------------
---------------------------------
| rollout/           |          |
|    ep_len_mean     | 111      |
|    ep_rew_mean     | -8.14    |
|    success_rate    | 0.23     |
| time/              |          |
|    episodes        | 3672     |
|    fps             | 84       |
|    time_elapsed    | 4502     |
|    total_timesteps | 381692   |
| train/             |          |
|    actor_loss      | -2.35    |
|    critic_loss     | 6.15     |
|    ent_coef        | 0.001    |
|    learning_rate   | 1e-05    |
|    n_updates       | 94922    |
---------------------------------
---------------------------------
| rollout/           |          |
|    ep_len_mean     | 109      |
|    ep_rew_mean     | -7.59    |
|    success_rate    | 0.24     |
| time/              |          |
|    episodes        | 3676     |
|    fps             | 84       |
|    time_elapsed    | 4504     |
|    total_timesteps | 382008   |
| train/             |          |
|    actor_loss      | -3.08    |
|    critic_loss     | 4.07     |
|    ent_coef        | 0.001    |
|    learning_rate   | 1e-05    |
|    n_updates       | 95001    |
---------------------------------
---------------------------------
| rollout/           |          |
|    ep_len_mean     | 108      |
|    ep_rew_mean     | -7.59    |
|    success_rate    | 0.24     |
| time/              |          |
|    episodes        | 3680     |
|    fps             | 84       |
|    time_elapsed    | 4507     |
|    total_timesteps | 382480   |
| train/             |          |
|    actor_loss      | -4.3     |
|    critic_loss     | 3.99     |
|    ent_coef        | 0.001    |
|    learning_rate   | 1e-05    |
|    n_updates       | 95119    |
---------------------------------
---------------------------------
| rollout/           |          |
|    ep_len_mean     | 104      |
|    ep_rew_mean     | -7.87    |
|    success_rate    | 0.24     |
| time/              |          |
|    episodes        | 3684     |
|    fps             | 84       |
|    time_elapsed    | 4508     |
|    total_timesteps | 382616   |
| train/             |          |
|    actor_loss      | -3.37    |
|    critic_loss     | 4.76     |
|    ent_coef        | 0.001    |
|    learning_rate   | 1e-05    |
|    n_updates       | 95153    |
---------------------------------
---------------------------------
| rollout/           |          |
|    ep_len_mean     | 105      |
|    ep_rew_mean     | -8.37    |
|    success_rate    | 0.23     |
| time/              |          |
|    episodes        | 3688     |
|    fps             | 84       |
|    time_elapsed    | 4509     |
|    total_timesteps | 382772   |
| train/             |          |
|    actor_loss      | -3.43    |
|    critic_loss     | 3.62     |
|    ent_coef        | 0.001    |
|    learning_rate   | 1e-05    |
|    n_updates       | 95192    |
---------------------------------
---------------------------------
| rollout/           |          |
|    ep_len_mean     | 107      |
|    ep_rew_mean     | -7.89    |
|    success_rate    | 0.23     |
| time/              |          |
|    episodes        | 3692     |
|    fps             | 84       |
|    time_elapsed    | 4514     |
|    total_timesteps | 383472   |
| train/             |          |
|    actor_loss      | -3.87    |
|    critic_loss     | 4.18     |
|    ent_coef        | 0.001    |
|    learning_rate   | 1e-05    |
|    n_updates       | 95367    |
---------------------------------
---------------------------------
| rollout/           |          |
|    ep_len_mean     | 108      |
|    ep_rew_mean     | -7.89    |
|    success_rate    | 0.23     |
| time/              |          |
|    episodes        | 3696     |
|    fps             | 85       |
|    time_elapsed    | 4517     |
|    total_timesteps | 384100   |
| train/             |          |
|    actor_loss      | -3.47    |
|    critic_loss     | 5.99     |
|    ent_coef        | 0.001    |
|    learning_rate   | 1e-05    |
|    n_updates       | 95524    |
---------------------------------
---------------------------------
| rollout/           |          |
|    ep_len_mean     | 107      |
|    ep_rew_mean     | -8.18    |
|    success_rate    | 0.23     |
| time/              |          |
|    episodes        | 3700     |
|    fps             | 85       |
|    time_elapsed    | 4520     |
|    total_timesteps | 384580   |
| train/             |          |
|    actor_loss      | -4.23    |
|    critic_loss     | 5.68     |
|    ent_coef        | 0.001    |
|    learning_rate   | 1e-05    |
|    n_updates       | 95644    |
---------------------------------
---------------------------------
| rollout/           |          |
|    ep_len_mean     | 105      |
|    ep_rew_mean     | -8.46    |
|    success_rate    | 0.23     |
| time/              |          |
|    episodes        | 3704     |
|    fps             | 85       |
|    time_elapsed    | 4522     |
|    total_timesteps | 384800   |
| train/             |          |
|    actor_loss      | -3.81    |
|    critic_loss     | 4.74     |
|    ent_coef        | 0.001    |
|    learning_rate   | 1e-05    |
|    n_updates       | 95699    |
---------------------------------
---------------------------------
| rollout/           |          |
|    ep_len_mean     | 103      |
|    ep_rew_mean     | -8.48    |
|    success_rate    | 0.23     |
| time/              |          |
|    episodes        | 3708     |
|    fps             | 85       |
|    time_elapsed    | 4524     |
|    total_timesteps | 385220   |
| train/             |          |
|    actor_loss      | -3.14    |
|    critic_loss     | 4.93     |
|    ent_coef        | 0.001    |
|    learning_rate   | 1e-05    |
|    n_updates       | 95804    |
---------------------------------
---------------------------------
| rollout/           |          |
|    ep_len_mean     | 106      |
|    ep_rew_mean     | -8.69    |
|    success_rate    | 0.21     |
| time/              |          |
|    episodes        | 3712     |
|    fps             | 85       |
|    time_elapsed    | 4528     |
|    total_timesteps | 385804   |
| train/             |          |
|    actor_loss      | -4.03    |
|    critic_loss     | 3.75     |
|    ent_coef        | 0.001    |
|    learning_rate   | 1e-05    |
|    n_updates       | 95950    |
---------------------------------
---------------------------------
| rollout/           |          |
|    ep_len_mean     | 107      |
|    ep_rew_mean     | -8.67    |
|    success_rate    | 0.2      |
| time/              |          |
|    episodes        | 3716     |
|    fps             | 85       |
|    time_elapsed    | 4530     |
|    total_timesteps | 386088   |
| train/             |          |
|    actor_loss      | -3.74    |
|    critic_loss     | 5.74     |
|    ent_coef        | 0.001    |
|    learning_rate   | 1e-05    |
|    n_updates       | 96021    |
---------------------------------
---------------------------------
| rollout/           |          |
|    ep_len_mean     | 107      |
|    ep_rew_mean     | -8.88    |
|    success_rate    | 0.2      |
| time/              |          |
|    episodes        | 3720     |
|    fps             | 85       |
|    time_elapsed    | 4533     |
|    total_timesteps | 386620   |
| train/             |          |
|    actor_loss      | -3.36    |
|    critic_loss     | 4.69     |
|    ent_coef        | 0.001    |
|    learning_rate   | 1e-05    |
|    n_updates       | 96154    |
---------------------------------
---------------------------------
| rollout/           |          |
|    ep_len_mean     | 104      |
|    ep_rew_mean     | -8.78    |
|    success_rate    | 0.21     |
| time/              |          |
|    episodes        | 3724     |
|    fps             | 85       |
|    time_elapsed    | 4535     |
|    total_timesteps | 386916   |
| train/             |          |
|    actor_loss      | -4.36    |
|    critic_loss     | 3.65     |
|    ent_coef        | 0.001    |
|    learning_rate   | 1e-05    |
|    n_updates       | 96228    |
---------------------------------
---------------------------------
| rollout/           |          |
|    ep_len_mean     | 108      |
|    ep_rew_mean     | -9.15    |
|    success_rate    | 0.2      |
| time/              |          |
|    episodes        | 3728     |
|    fps             | 85       |
|    time_elapsed    | 4539     |
|    total_timesteps | 387616   |
| train/             |          |
|    actor_loss      | -4.2     |
|    critic_loss     | 3.63     |
|    ent_coef        | 0.001    |
|    learning_rate   | 1e-05    |
|    n_updates       | 96403    |
---------------------------------
---------------------------------
| rollout/           |          |
|    ep_len_mean     | 105      |
|    ep_rew_mean     | -8.69    |
|    success_rate    | 0.22     |
| time/              |          |
|    episodes        | 3732     |
|    fps             | 85       |
|    time_elapsed    | 4543     |
|    total_timesteps | 388188   |
| train/             |          |
|    actor_loss      | -3.7     |
|    critic_loss     | 4.11     |
|    ent_coef        | 0.001    |
|    learning_rate   | 1e-05    |
|    n_updates       | 96546    |
---------------------------------
---------------------------------
| rollout/           |          |
|    ep_len_mean     | 103      |
|    ep_rew_mean     | -8.8     |
|    success_rate    | 0.22     |
| time/              |          |
|    episodes        | 3736     |
|    fps             | 85       |
|    time_elapsed    | 4544     |
|    total_timesteps | 388296   |
| train/             |          |
|    actor_loss      | -3.52    |
|    critic_loss     | 4.14     |
|    ent_coef        | 0.001    |
|    learning_rate   | 1e-05    |
|    n_updates       | 96573    |
---------------------------------
---------------------------------
| rollout/           |          |
|    ep_len_mean     | 103      |
|    ep_rew_mean     | -9.49    |
|    success_rate    | 0.2      |
| time/              |          |
|    episodes        | 3740     |
|    fps             | 85       |
|    time_elapsed    | 4545     |
|    total_timesteps | 388420   |
| train/             |          |
|    actor_loss      | -2.94    |
|    critic_loss     | 3.56     |
|    ent_coef        | 0.001    |
|    learning_rate   | 1e-05    |
|    n_updates       | 96604    |
---------------------------------
---------------------------------
| rollout/           |          |
|    ep_len_mean     | 104      |
|    ep_rew_mean     | -9.51    |
|    success_rate    | 0.19     |
| time/              |          |
|    episodes        | 3744     |
|    fps             | 85       |
|    time_elapsed    | 4549     |
|    total_timesteps | 389120   |
| train/             |          |
|    actor_loss      | -3.2     |
|    critic_loss     | 3.71     |
|    ent_coef        | 0.001    |
|    learning_rate   | 1e-05    |
|    n_updates       | 96779    |
---------------------------------
---------------------------------
| rollout/           |          |
|    ep_len_mean     | 103      |
|    ep_rew_mean     | -9.3     |
|    success_rate    | 0.2      |
| time/              |          |
|    episodes        | 3748     |
|    fps             | 85       |
|    time_elapsed    | 4553     |
|    total_timesteps | 389712   |
| train/             |          |
|    actor_loss      | -3.3     |
|    critic_loss     | 4.34     |
|    ent_coef        | 0.001    |
|    learning_rate   | 1e-05    |
|    n_updates       | 96927    |
---------------------------------
---------------------------------
| rollout/           |          |
|    ep_len_mean     | 103      |
|    ep_rew_mean     | -9.28    |
|    success_rate    | 0.2      |
| time/              |          |
|    episodes        | 3752     |
|    fps             | 85       |
|    time_elapsed    | 4554     |
|    total_timesteps | 389820   |
| train/             |          |
|    actor_loss      | -2.78    |
|    critic_loss     | 4.31     |
|    ent_coef        | 0.001    |
|    learning_rate   | 1e-05    |
|    n_updates       | 96954    |
---------------------------------
Eval num_timesteps=390000, episode_reward=-4.93 +/- 12.73
Episode length: 146.62 +/- 60.62
Success rate: 18.00%
---------------------------------
| eval/              |          |
|    mean_ep_length  | 147      |
|    mean_reward     | -4.93    |
|    success_rate    | 0.18     |
| time/              |          |
|    total_timesteps | 390000   |
| train/             |          |
|    actor_loss      | -3.15    |
|    critic_loss     | 6.02     |
|    ent_coef        | 0.001    |
|    learning_rate   | 1e-05    |
|    n_updates       | 96999    |
---------------------------------
Eval num_timesteps=390000, episode_reward=-13.33 +/- 11.25
Episode length: 123.04 +/- 71.19
Success rate: 12.00%
---------------------------------
| eval/              |          |
|    mean_ep_length  | 123      |
|    mean_reward     | -13.3    |
|    success_rate    | 0.12     |
| time/              |          |
|    total_timesteps | 390000   |
---------------------------------
Eval num_timesteps=390000, episode_reward=-15.66 +/- 9.82
Episode length: 79.02 +/- 82.04
Success rate: 12.00%
---------------------------------
| eval/              |          |
|    mean_ep_length  | 79       |
|    mean_reward     | -15.7    |
|    success_rate    | 0.12     |
| time/              |          |
|    total_timesteps | 390000   |
---------------------------------
[DenseSuccessCallback - ascend] New best: 12.0% -> ./checkpoints/dense_refinement_20260424_125903/best_model_ascend.zip
---------------------------------
| rollout/           |          |
|    ep_len_mean     | 103      |
|    ep_rew_mean     | -9.12    |
|    success_rate    | 0.2      |
| time/              |          |
|    episodes        | 3756     |
|    fps             | 84       |
|    time_elapsed    | 4617     |
|    total_timesteps | 390116   |
| train/             |          |
|    actor_loss      | -3.86    |
|    critic_loss     | 3.8      |
|    ent_coef        | 0.001    |
|    learning_rate   | 1e-05    |
|    n_updates       | 97028    |
---------------------------------
---------------------------------
| rollout/           |          |
|    ep_len_mean     | 104      |
|    ep_rew_mean     | -9.57    |
|    success_rate    | 0.19     |
| time/              |          |
|    episodes        | 3760     |
|    fps             | 84       |
|    time_elapsed    | 4620     |
|    total_timesteps | 390528   |
| train/             |          |
|    actor_loss      | -3.69    |
|    critic_loss     | 3.85     |
|    ent_coef        | 0.001    |
|    learning_rate   | 1e-05    |
|    n_updates       | 97131    |
---------------------------------
---------------------------------
| rollout/           |          |
|    ep_len_mean     | 100      |
|    ep_rew_mean     | -9.82    |
|    success_rate    | 0.19     |
| time/              |          |
|    episodes        | 3764     |
|    fps             | 84       |
|    time_elapsed    | 4622     |
|    total_timesteps | 390816   |
| train/             |          |
|    actor_loss      | -3.79    |
|    critic_loss     | 4.33     |
|    ent_coef        | 0.001    |
|    learning_rate   | 1e-05    |
|    n_updates       | 97203    |
---------------------------------
---------------------------------
| rollout/           |          |
|    ep_len_mean     | 102      |
|    ep_rew_mean     | -10.1    |
|    success_rate    | 0.18     |
| time/              |          |
|    episodes        | 3768     |
|    fps             | 84       |
|    time_elapsed    | 4626     |
|    total_timesteps | 391516   |
| train/             |          |
|    actor_loss      | -3.45    |
|    critic_loss     | 3.69     |
|    ent_coef        | 0.001    |
|    learning_rate   | 1e-05    |
|    n_updates       | 97378    |
---------------------------------
---------------------------------
| rollout/           |          |
|    ep_len_mean     | 105      |
|    ep_rew_mean     | -10.4    |
|    success_rate    | 0.17     |
| time/              |          |
|    episodes        | 3772     |
|    fps             | 84       |
|    time_elapsed    | 4631     |
|    total_timesteps | 392216   |
| train/             |          |
|    actor_loss      | -3.43    |
|    critic_loss     | 4.84     |
|    ent_coef        | 0.001    |
|    learning_rate   | 1e-05    |
|    n_updates       | 97553    |
---------------------------------
---------------------------------
| rollout/           |          |
|    ep_len_mean     | 106      |
|    ep_rew_mean     | -10.8    |
|    success_rate    | 0.16     |
| time/              |          |
|    episodes        | 3776     |
|    fps             | 84       |
|    time_elapsed    | 4633     |
|    total_timesteps | 392636   |
| train/             |          |
|    actor_loss      | -2.97    |
|    critic_loss     | 7.01     |
|    ent_coef        | 0.001    |
|    learning_rate   | 1e-05    |
|    n_updates       | 97658    |
---------------------------------
---------------------------------
| rollout/           |          |
|    ep_len_mean     | 106      |
|    ep_rew_mean     | -10.3    |
|    success_rate    | 0.17     |
| time/              |          |
|    episodes        | 3780     |
|    fps             | 84       |
|    time_elapsed    | 4637     |
|    total_timesteps | 393160   |
| train/             |          |
|    actor_loss      | -3.78    |
|    critic_loss     | 4.53     |
|    ent_coef        | 0.001    |
|    learning_rate   | 1e-05    |
|    n_updates       | 97789    |
---------------------------------
---------------------------------
| rollout/           |          |
|    ep_len_mean     | 109      |
|    ep_rew_mean     | -10.2    |
|    success_rate    | 0.17     |
| time/              |          |
|    episodes        | 3784     |
|    fps             | 84       |
|    time_elapsed    | 4638     |
|    total_timesteps | 393384   |
| train/             |          |
|    actor_loss      | -3.7     |
|    critic_loss     | 4.52     |
|    ent_coef        | 0.001    |
|    learning_rate   | 1e-05    |
|    n_updates       | 97845    |
---------------------------------
---------------------------------
| rollout/           |          |
|    ep_len_mean     | 109      |
|    ep_rew_mean     | -10.2    |
|    success_rate    | 0.17     |
| time/              |          |
|    episodes        | 3788     |
|    fps             | 84       |
|    time_elapsed    | 4642     |
|    total_timesteps | 393924   |
| train/             |          |
|    actor_loss      | -3.07    |
|    critic_loss     | 3.73     |
|    ent_coef        | 0.001    |
|    learning_rate   | 1e-05    |
|    n_updates       | 97980    |
---------------------------------
---------------------------------
| rollout/           |          |
|    ep_len_mean     | 107      |
|    ep_rew_mean     | -10.4    |
|    success_rate    | 0.17     |
| time/              |          |
|    episodes        | 3792     |
|    fps             | 84       |
|    time_elapsed    | 4643     |
|    total_timesteps | 394084   |
| train/             |          |
|    actor_loss      | -3.6     |
|    critic_loss     | 3.77     |
|    ent_coef        | 0.001    |
|    learning_rate   | 1e-05    |
|    n_updates       | 98020    |
---------------------------------
---------------------------------
| rollout/           |          |
|    ep_len_mean     | 104      |
|    ep_rew_mean     | -10.1    |
|    success_rate    | 0.19     |
| time/              |          |
|    episodes        | 3796     |
|    fps             | 84       |
|    time_elapsed    | 4646     |
|    total_timesteps | 394632   |
| train/             |          |
|    actor_loss      | -3.22    |
|    critic_loss     | 4.5      |
|    ent_coef        | 0.001    |
|    learning_rate   | 1e-05    |
|    n_updates       | 98157    |
---------------------------------
---------------------------------
| rollout/           |          |
|    ep_len_mean     | 102      |
|    ep_rew_mean     | -10      |
|    success_rate    | 0.19     |
| time/              |          |
|    episodes        | 3800     |
|    fps             | 84       |
|    time_elapsed    | 4648     |
|    total_timesteps | 394800   |
| train/             |          |
|    actor_loss      | -3.04    |
|    critic_loss     | 3.81     |
|    ent_coef        | 0.001    |
|    learning_rate   | 1e-05    |
|    n_updates       | 98199    |
---------------------------------
---------------------------------
| rollout/           |          |
|    ep_len_mean     | 102      |
|    ep_rew_mean     | -9.93    |
|    success_rate    | 0.19     |
| time/              |          |
|    episodes        | 3804     |
|    fps             | 84       |
|    time_elapsed    | 4649     |
|    total_timesteps | 394904   |
| train/             |          |
|    actor_loss      | -3.75    |
|    critic_loss     | 3.36     |
|    ent_coef        | 0.001    |
|    learning_rate   | 1e-05    |
|    n_updates       | 98225    |
---------------------------------
---------------------------------
| rollout/           |          |
|    ep_len_mean     | 104      |
|    ep_rew_mean     | -10.2    |
|    success_rate    | 0.19     |
| time/              |          |
|    episodes        | 3808     |
|    fps             | 85       |
|    time_elapsed    | 4653     |
|    total_timesteps | 395604   |
| train/             |          |
|    actor_loss      | -3.36    |
|    critic_loss     | 3.39     |
|    ent_coef        | 0.001    |
|    learning_rate   | 1e-05    |
|    n_updates       | 98400    |
---------------------------------
---------------------------------
| rollout/           |          |
|    ep_len_mean     | 104      |
|    ep_rew_mean     | -10.4    |
|    success_rate    | 0.19     |
| time/              |          |
|    episodes        | 3812     |
|    fps             | 85       |
|    time_elapsed    | 4656     |
|    total_timesteps | 396164   |
| train/             |          |
|    actor_loss      | -2.56    |
|    critic_loss     | 3.73     |
|    ent_coef        | 0.001    |
|    learning_rate   | 1e-05    |
|    n_updates       | 98540    |
---------------------------------
---------------------------------
| rollout/           |          |
|    ep_len_mean     | 104      |
|    ep_rew_mean     | -10.1    |
|    success_rate    | 0.2      |
| time/              |          |
|    episodes        | 3816     |
|    fps             | 85       |
|    time_elapsed    | 4658     |
|    total_timesteps | 396372   |
| train/             |          |
|    actor_loss      | -2.61    |
|    critic_loss     | 4.7      |
|    ent_coef        | 0.001    |
|    learning_rate   | 1e-05    |
|    n_updates       | 98592    |
---------------------------------
---------------------------------
| rollout/           |          |
|    ep_len_mean     | 106      |
|    ep_rew_mean     | -10      |
|    success_rate    | 0.19     |
| time/              |          |
|    episodes        | 3820     |
|    fps             | 85       |
|    time_elapsed    | 4662     |
|    total_timesteps | 397072   |
| train/             |          |
|    actor_loss      | -2.45    |
|    critic_loss     | 5.59     |
|    ent_coef        | 0.001    |
|    learning_rate   | 1e-05    |
|    n_updates       | 98767    |
---------------------------------
---------------------------------
| rollout/           |          |
|    ep_len_mean     | 107      |
|    ep_rew_mean     | -9.85    |
|    success_rate    | 0.19     |
| time/              |          |
|    episodes        | 3824     |
|    fps             | 85       |
|    time_elapsed    | 4666     |
|    total_timesteps | 397772   |
| train/             |          |
|    actor_loss      | -2.88    |
|    critic_loss     | 3.99     |
|    ent_coef        | 0.001    |
|    learning_rate   | 1e-05    |
|    n_updates       | 98942    |
---------------------------------
---------------------------------
| rollout/           |          |
|    ep_len_mean     | 104      |
|    ep_rew_mean     | -9.96    |
|    success_rate    | 0.19     |
| time/              |          |
|    episodes        | 3828     |
|    fps             | 85       |
|    time_elapsed    | 4669     |
|    total_timesteps | 398168   |
| train/             |          |
|    actor_loss      | -3.04    |
|    critic_loss     | 4.01     |
|    ent_coef        | 0.001    |
|    learning_rate   | 1e-05    |
|    n_updates       | 99041    |
---------------------------------
---------------------------------
| rollout/           |          |
|    ep_len_mean     | 104      |
|    ep_rew_mean     | -10.1    |
|    success_rate    | 0.19     |
| time/              |          |
|    episodes        | 3832     |
|    fps             | 85       |
|    time_elapsed    | 4671     |
|    total_timesteps | 398472   |
| train/             |          |
|    actor_loss      | -3.48    |
|    critic_loss     | 4.28     |
|    ent_coef        | 0.001    |
|    learning_rate   | 1e-05    |
|    n_updates       | 99117    |
---------------------------------
---------------------------------
| rollout/           |          |
|    ep_len_mean     | 109      |
|    ep_rew_mean     | -10.4    |
|    success_rate    | 0.17     |
| time/              |          |
|    episodes        | 3836     |
|    fps             | 85       |
|    time_elapsed    | 4674     |
|    total_timesteps | 398964   |
| train/             |          |
|    actor_loss      | -2.43    |
|    critic_loss     | 3.94     |
|    ent_coef        | 0.001    |
|    learning_rate   | 1e-05    |
|    n_updates       | 99240    |
---------------------------------
---------------------------------
| rollout/           |          |
|    ep_len_mean     | 113      |
|    ep_rew_mean     | -10.1    |
|    success_rate    | 0.17     |
| time/              |          |
|    episodes        | 3840     |
|    fps             | 85       |
|    time_elapsed    | 4678     |
|    total_timesteps | 399664   |
| train/             |          |
|    actor_loss      | -3.13    |
|    critic_loss     | 5.11     |
|    ent_coef        | 0.001    |
|    learning_rate   | 1e-05    |
|    n_updates       | 99415    |
---------------------------------
---------------------------------
| rollout/           |          |
|    ep_len_mean     | 107      |
|    ep_rew_mean     | -10.5    |
|    success_rate    | 0.17     |
| time/              |          |
|    episodes        | 3844     |
|    fps             | 85       |
|    time_elapsed    | 4679     |
|    total_timesteps | 399772   |
| train/             |          |
|    actor_loss      | -3.16    |
|    critic_loss     | 5.95     |
|    ent_coef        | 0.001    |
|    learning_rate   | 1e-05    |
|    n_updates       | 99442    |
---------------------------------
Eval num_timesteps=400000, episode_reward=-3.18 +/- 7.97
Episode length: 146.74 +/- 60.37
Success rate: 18.00%
---------------------------------
| eval/              |          |
|    mean_ep_length  | 147      |
|    mean_reward     | -3.18    |
|    success_rate    | 0.18     |
| time/              |          |
|    total_timesteps | 400000   |
| train/             |          |
|    actor_loss      | -2.98    |
|    critic_loss     | 5.15     |
|    ent_coef        | 0.001    |
|    learning_rate   | 1e-05    |
|    n_updates       | 99499    |
---------------------------------
Eval num_timesteps=400000, episode_reward=-10.28 +/- 12.22
Episode length: 109.22 +/- 78.51
Success rate: 24.00%
---------------------------------
| eval/              |          |
|    mean_ep_length  | 109      |
|    mean_reward     | -10.3    |
|    success_rate    | 0.24     |
| time/              |          |
|    total_timesteps | 400000   |
---------------------------------
Eval num_timesteps=400000, episode_reward=-18.22 +/- 6.72
Episode length: 46.98 +/- 72.31
Success rate: 4.00%
---------------------------------
| eval/              |          |
|    mean_ep_length  | 47       |
|    mean_reward     | -18.2    |
|    success_rate    | 0.04     |
| time/              |          |
|    total_timesteps | 400000   |
---------------------------------
---------------------------------
| rollout/           |          |
|    ep_len_mean     | 108      |
|    ep_rew_mean     | -10.4    |
|    success_rate    | 0.16     |
| time/              |          |
|    episodes        | 3848     |
|    fps             | 84       |
|    time_elapsed    | 4737     |
|    total_timesteps | 400436   |
| train/             |          |
|    actor_loss      | -3.61    |
|    critic_loss     | 4.27     |
|    ent_coef        | 0.001    |
|    learning_rate   | 1e-05    |
|    n_updates       | 99608    |
---------------------------------
---------------------------------
| rollout/           |          |
|    ep_len_mean     | 108      |
|    ep_rew_mean     | -10.8    |
|    success_rate    | 0.15     |
| time/              |          |
|    episodes        | 3852     |
|    fps             | 84       |
|    time_elapsed    | 4738     |
|    total_timesteps | 400496   |
| train/             |          |
|    actor_loss      | -3.65    |
|    critic_loss     | 5.41     |
|    ent_coef        | 0.001    |
|    learning_rate   | 1e-05    |
|    n_updates       | 99623    |
---------------------------------
---------------------------------
| rollout/           |          |
|    ep_len_mean     | 109      |
|    ep_rew_mean     | -11.2    |
|    success_rate    | 0.14     |
| time/              |          |
|    episodes        | 3856     |
|    fps             | 84       |
|    time_elapsed    | 4742     |
|    total_timesteps | 401164   |
| train/             |          |
|    actor_loss      | -3.48    |
|    critic_loss     | 4.27     |
|    ent_coef        | 0.001    |
|    learning_rate   | 1e-05    |
|    n_updates       | 99790    |
---------------------------------
---------------------------------
| rollout/           |          |
|    ep_len_mean     | 106      |
|    ep_rew_mean     | -10.9    |
|    success_rate    | 0.15     |
| time/              |          |
|    episodes        | 3860     |
|    fps             | 84       |
|    time_elapsed    | 4742     |
|    total_timesteps | 401208   |
| train/             |          |
|    actor_loss      | -3.52    |
|    critic_loss     | 6.73     |
|    ent_coef        | 0.001    |
|    learning_rate   | 1e-05    |
|    n_updates       | 99801    |
---------------------------------
---------------------------------
| rollout/           |          |
|    ep_len_mean     | 110      |
|    ep_rew_mean     | -11.2    |
|    success_rate    | 0.14     |
| time/              |          |
|    episodes        | 3864     |
|    fps             | 84       |
|    time_elapsed    | 4746     |
|    total_timesteps | 401880   |
| train/             |          |
|    actor_loss      | -3.2     |
|    critic_loss     | 4.46     |
|    ent_coef        | 0.001    |
|    learning_rate   | 1e-05    |
|    n_updates       | 99969    |
---------------------------------
---------------------------------
| rollout/           |          |
|    ep_len_mean     | 107      |
|    ep_rew_mean     | -11.4    |
|    success_rate    | 0.14     |
| time/              |          |
|    episodes        | 3868     |
|    fps             | 84       |
|    time_elapsed    | 4748     |
|    total_timesteps | 402108   |
| train/             |          |
|    actor_loss      | -2.83    |
|    critic_loss     | 3.19     |
|    ent_coef        | 0.001    |
|    learning_rate   | 1e-05    |
|    n_updates       | 100026   |
---------------------------------
---------------------------------
| rollout/           |          |
|    ep_len_mean     | 105      |
|    ep_rew_mean     | -11.3    |
|    success_rate    | 0.14     |
| time/              |          |
|    episodes        | 3872     |
|    fps             | 84       |
|    time_elapsed    | 4751     |
|    total_timesteps | 402644   |
| train/             |          |
|    actor_loss      | -2.85    |
|    critic_loss     | 4.12     |
|    ent_coef        | 0.001    |
|    learning_rate   | 1e-05    |
|    n_updates       | 100160   |
---------------------------------
---------------------------------
| rollout/           |          |
|    ep_len_mean     | 104      |
|    ep_rew_mean     | -11.5    |
|    success_rate    | 0.14     |
| time/              |          |
|    episodes        | 3876     |
|    fps             | 84       |
|    time_elapsed    | 4755     |
|    total_timesteps | 403200   |
| train/             |          |
|    actor_loss      | -2.88    |
|    critic_loss     | 3.89     |
|    ent_coef        | 0.001    |
|    learning_rate   | 1e-05    |
|    n_updates       | 100299   |
---------------------------------
---------------------------------
| rollout/           |          |
|    ep_len_mean     | 104      |
|    ep_rew_mean     | -12      |
|    success_rate    | 0.13     |
| time/              |          |
|    episodes        | 3880     |
|    fps             | 84       |
|    time_elapsed    | 4756     |
|    total_timesteps | 403344   |
| train/             |          |
|    actor_loss      | -3.48    |
|    critic_loss     | 3.25     |
|    ent_coef        | 0.001    |
|    learning_rate   | 1e-05    |
|    n_updates       | 100335   |
---------------------------------
---------------------------------
| rollout/           |          |
|    ep_len_mean     | 104      |
|    ep_rew_mean     | -12      |
|    success_rate    | 0.13     |
| time/              |          |
|    episodes        | 3884     |
|    fps             | 84       |
|    time_elapsed    | 4760     |
|    total_timesteps | 404044   |
| train/             |          |
|    actor_loss      | -3.9     |
|    critic_loss     | 4.89     |
|    ent_coef        | 0.001    |
|    learning_rate   | 1e-05    |
|    n_updates       | 100510   |
---------------------------------
---------------------------------
| rollout/           |          |
|    ep_len_mean     | 107      |
|    ep_rew_mean     | -12.1    |
|    success_rate    | 0.12     |
| time/              |          |
|    episodes        | 3888     |
|    fps             | 84       |
|    time_elapsed    | 4764     |
|    total_timesteps | 404600   |
| train/             |          |
|    actor_loss      | -3.52    |
|    critic_loss     | 6.2      |
|    ent_coef        | 0.001    |
|    learning_rate   | 1e-05    |
|    n_updates       | 100649   |
---------------------------------
---------------------------------
| rollout/           |          |
|    ep_len_mean     | 106      |
|    ep_rew_mean     | -12.7    |
|    success_rate    | 0.12     |
| time/              |          |
|    episodes        | 3892     |
|    fps             | 84       |
|    time_elapsed    | 4766     |
|    total_timesteps | 404848   |
| train/             |          |
|    actor_loss      | -3.2     |
|    critic_loss     | 4.38     |
|    ent_coef        | 0.001    |
|    learning_rate   | 1e-05    |
|    n_updates       | 100711   |
---------------------------------
---------------------------------
| rollout/           |          |
|    ep_len_mean     | 107      |
|    ep_rew_mean     | -13.2    |
|    success_rate    | 0.1      |
| time/              |          |
|    episodes        | 3896     |
|    fps             | 84       |
|    time_elapsed    | 4769     |
|    total_timesteps | 405300   |
| train/             |          |
|    actor_loss      | -3.26    |
|    critic_loss     | 5.54     |
|    ent_coef        | 0.001    |
|    learning_rate   | 1e-05    |
|    n_updates       | 100824   |
---------------------------------
---------------------------------
| rollout/           |          |
|    ep_len_mean     | 109      |
|    ep_rew_mean     | -12.6    |
|    success_rate    | 0.1      |
| time/              |          |
|    episodes        | 3900     |
|    fps             | 85       |
|    time_elapsed    | 4771     |
|    total_timesteps | 405680   |
| train/             |          |
|    actor_loss      | -2.98    |
|    critic_loss     | 4.68     |
|    ent_coef        | 0.001    |
|    learning_rate   | 1e-05    |
|    n_updates       | 100919   |
---------------------------------
---------------------------------
| rollout/           |          |
|    ep_len_mean     | 109      |
|    ep_rew_mean     | -12.7    |
|    success_rate    | 0.1      |
| time/              |          |
|    episodes        | 3904     |
|    fps             | 85       |
|    time_elapsed    | 4774     |
|    total_timesteps | 406100   |
| train/             |          |
|    actor_loss      | -3.85    |
|    critic_loss     | 2.74     |
|    ent_coef        | 0.001    |
|    learning_rate   | 1e-05    |
|    n_updates       | 101024   |
---------------------------------
---------------------------------
| rollout/           |          |
|    ep_len_mean     | 109      |
|    ep_rew_mean     | -12.8    |
|    success_rate    | 0.09     |
| time/              |          |
|    episodes        | 3908     |
|    fps             | 85       |
|    time_elapsed    | 4777     |
|    total_timesteps | 406496   |
| train/             |          |
|    actor_loss      | -3.28    |
|    critic_loss     | 3.99     |
|    ent_coef        | 0.001    |
|    learning_rate   | 1e-05    |
|    n_updates       | 101123   |
---------------------------------
---------------------------------
| rollout/           |          |
|    ep_len_mean     | 111      |
|    ep_rew_mean     | -13.3    |
|    success_rate    | 0.08     |
| time/              |          |
|    episodes        | 3912     |
|    fps             | 85       |
|    time_elapsed    | 4781     |
|    total_timesteps | 407196   |
| train/             |          |
|    actor_loss      | -3.48    |
|    critic_loss     | 5.76     |
|    ent_coef        | 0.001    |
|    learning_rate   | 1e-05    |
|    n_updates       | 101298   |
---------------------------------
---------------------------------
| rollout/           |          |
|    ep_len_mean     | 113      |
|    ep_rew_mean     | -13.2    |
|    success_rate    | 0.08     |
| time/              |          |
|    episodes        | 3916     |
|    fps             | 85       |
|    time_elapsed    | 4784     |
|    total_timesteps | 407656   |
| train/             |          |
|    actor_loss      | -3.08    |
|    critic_loss     | 4.16     |
|    ent_coef        | 0.001    |
|    learning_rate   | 1e-05    |
|    n_updates       | 101413   |
---------------------------------
---------------------------------
| rollout/           |          |
|    ep_len_mean     | 111      |
|    ep_rew_mean     | -13.3    |
|    success_rate    | 0.08     |
| time/              |          |
|    episodes        | 3920     |
|    fps             | 85       |
|    time_elapsed    | 4787     |
|    total_timesteps | 408264   |
| train/             |          |
|    actor_loss      | -3.59    |
|    critic_loss     | 3.73     |
|    ent_coef        | 0.001    |
|    learning_rate   | 1e-05    |
|    n_updates       | 101565   |
---------------------------------
---------------------------------
| rollout/           |          |
|    ep_len_mean     | 108      |
|    ep_rew_mean     | -13      |
|    success_rate    | 0.1      |
| time/              |          |
|    episodes        | 3924     |
|    fps             | 85       |
|    time_elapsed    | 4788     |
|    total_timesteps | 408372   |
| train/             |          |
|    actor_loss      | -3.87    |
|    critic_loss     | 4.6      |
|    ent_coef        | 0.001    |
|    learning_rate   | 1e-05    |
|    n_updates       | 101592   |
---------------------------------
---------------------------------
| rollout/           |          |
|    ep_len_mean     | 111      |
|    ep_rew_mean     | -13.2    |
|    success_rate    | 0.09     |
| time/              |          |
|    episodes        | 3928     |
|    fps             | 85       |
|    time_elapsed    | 4793     |
|    total_timesteps | 409072   |
| train/             |          |
|    actor_loss      | -3.85    |
|    critic_loss     | 6.84     |
|    ent_coef        | 0.001    |
|    learning_rate   | 1e-05    |
|    n_updates       | 101767   |
---------------------------------
---------------------------------
| rollout/           |          |
|    ep_len_mean     | 113      |
|    ep_rew_mean     | -12.9    |
|    success_rate    | 0.08     |
| time/              |          |
|    episodes        | 3932     |
|    fps             | 85       |
|    time_elapsed    | 4797     |
|    total_timesteps | 409772   |
| train/             |          |
|    actor_loss      | -3.31    |
|    critic_loss     | 4.15     |
|    ent_coef        | 0.001    |
|    learning_rate   | 1e-05    |
|    n_updates       | 101942   |
---------------------------------
Eval num_timesteps=410000, episode_reward=-5.56 +/- 7.58
Episode length: 163.18 +/- 40.40
Success rate: 8.00%
---------------------------------
| eval/              |          |
|    mean_ep_length  | 163      |
|    mean_reward     | -5.56    |
|    success_rate    | 0.08     |
| time/              |          |
|    total_timesteps | 410000   |
| train/             |          |
|    actor_loss      | -3.21    |
|    critic_loss     | 3.54     |
|    ent_coef        | 0.001    |
|    learning_rate   | 1e-05    |
|    n_updates       | 101999   |
---------------------------------
Eval num_timesteps=410000, episode_reward=-9.06 +/- 12.06
Episode length: 119.36 +/- 77.70
Success rate: 26.00%
---------------------------------
| eval/              |          |
|    mean_ep_length  | 119      |
|    mean_reward     | -9.06    |
|    success_rate    | 0.26     |
| time/              |          |
|    total_timesteps | 410000   |
---------------------------------
Eval num_timesteps=410000, episode_reward=-17.49 +/- 8.62
Episode length: 61.84 +/- 78.09
Success rate: 8.00%
---------------------------------
| eval/              |          |
|    mean_ep_length  | 61.8     |
|    mean_reward     | -17.5    |
|    success_rate    | 0.08     |
| time/              |          |
|    total_timesteps | 410000   |
---------------------------------
---------------------------------
| rollout/           |          |
|    ep_len_mean     | 115      |
|    ep_rew_mean     | -13.2    |
|    success_rate    | 0.07     |
| time/              |          |
|    episodes        | 3936     |
|    fps             | 84       |
|    time_elapsed    | 4861     |
|    total_timesteps | 410472   |
| train/             |          |
|    actor_loss      | -3.12    |
|    critic_loss     | 3.86     |
|    ent_coef        | 0.001    |
|    learning_rate   | 1e-05    |
|    n_updates       | 102117   |
---------------------------------
---------------------------------
| rollout/           |          |
|    ep_len_mean     | 112      |
|    ep_rew_mean     | -13.2    |
|    success_rate    | 0.08     |
| time/              |          |
|    episodes        | 3940     |
|    fps             | 84       |
|    time_elapsed    | 4865     |
|    total_timesteps | 411064   |
| train/             |          |
|    actor_loss      | -3       |
|    critic_loss     | 4.1      |
|    ent_coef        | 0.001    |
|    learning_rate   | 1e-05    |
|    n_updates       | 102265   |
---------------------------------
---------------------------------
| rollout/           |          |
|    ep_len_mean     | 114      |
|    ep_rew_mean     | -13.2    |
|    success_rate    | 0.08     |
| time/              |          |
|    episodes        | 3944     |
|    fps             | 84       |
|    time_elapsed    | 4866     |
|    total_timesteps | 411204   |
| train/             |          |
|    actor_loss      | -2.96    |
|    critic_loss     | 3.94     |
|    ent_coef        | 0.001    |
|    learning_rate   | 1e-05    |
|    n_updates       | 102300   |
---------------------------------
---------------------------------
| rollout/           |          |
|    ep_len_mean     | 110      |
|    ep_rew_mean     | -13.7    |
|    success_rate    | 0.08     |
| time/              |          |
|    episodes        | 3948     |
|    fps             | 84       |
|    time_elapsed    | 4867     |
|    total_timesteps | 411252   |
| train/             |          |
|    actor_loss      | -4.14    |
|    critic_loss     | 4.28     |
|    ent_coef        | 0.001    |
|    learning_rate   | 1e-05    |
|    n_updates       | 102312   |
---------------------------------
---------------------------------
| rollout/           |          |
|    ep_len_mean     | 114      |
|    ep_rew_mean     | -13.6    |
|    success_rate    | 0.08     |
| time/              |          |
|    episodes        | 3952     |
|    fps             | 84       |
|    time_elapsed    | 4871     |
|    total_timesteps | 411940   |
| train/             |          |
|    actor_loss      | -3.56    |
|    critic_loss     | 4.22     |
|    ent_coef        | 0.001    |
|    learning_rate   | 1e-05    |
|    n_updates       | 102484   |
---------------------------------
---------------------------------
| rollout/           |          |
|    ep_len_mean     | 111      |
|    ep_rew_mean     | -13.7    |
|    success_rate    | 0.08     |
| time/              |          |
|    episodes        | 3956     |
|    fps             | 84       |
|    time_elapsed    | 4872     |
|    total_timesteps | 412032   |
| train/             |          |
|    actor_loss      | -3.63    |
|    critic_loss     | 3.35     |
|    ent_coef        | 0.001    |
|    learning_rate   | 1e-05    |
|    n_updates       | 102507   |
---------------------------------
---------------------------------
| rollout/           |          |
|    ep_len_mean     | 111      |
|    ep_rew_mean     | -13.9    |
|    success_rate    | 0.08     |
| time/              |          |
|    episodes        | 3960     |
|    fps             | 84       |
|    time_elapsed    | 4875     |
|    total_timesteps | 412552   |
| train/             |          |
|    actor_loss      | -3.62    |
|    critic_loss     | 4.96     |
|    ent_coef        | 0.001    |
|    learning_rate   | 1e-05    |
|    n_updates       | 102637   |
---------------------------------
---------------------------------
| rollout/           |          |
|    ep_len_mean     | 109      |
|    ep_rew_mean     | -13.7    |
|    success_rate    | 0.08     |
| time/              |          |
|    episodes        | 3964     |
|    fps             | 84       |
|    time_elapsed    | 4876     |
|    total_timesteps | 412648   |
| train/             |          |
|    actor_loss      | -3.86    |
|    critic_loss     | 3.56     |
|    ent_coef        | 0.001    |
|    learning_rate   | 1e-05    |
|    n_updates       | 102661   |
---------------------------------
---------------------------------
| rollout/           |          |
|    ep_len_mean     | 111      |
|    ep_rew_mean     | -13.4    |
|    success_rate    | 0.09     |
| time/              |          |
|    episodes        | 3968     |
|    fps             | 84       |
|    time_elapsed    | 4880     |
|    total_timesteps | 413348   |
| train/             |          |
|    actor_loss      | -3.78    |
|    critic_loss     | 5.14     |
|    ent_coef        | 0.001    |
|    learning_rate   | 1e-05    |
|    n_updates       | 102836   |
---------------------------------
---------------------------------
| rollout/           |          |
|    ep_len_mean     | 108      |
|    ep_rew_mean     | -13      |
|    success_rate    | 0.11     |
| time/              |          |
|    episodes        | 3972     |
|    fps             | 84       |
|    time_elapsed    | 4881     |
|    total_timesteps | 413472   |
| train/             |          |
|    actor_loss      | -3.63    |
|    critic_loss     | 4.97     |
|    ent_coef        | 0.001    |
|    learning_rate   | 1e-05    |
|    n_updates       | 102867   |
---------------------------------
---------------------------------
| rollout/           |          |
|    ep_len_mean     | 107      |
|    ep_rew_mean     | -12.9    |
|    success_rate    | 0.11     |
| time/              |          |
|    episodes        | 3976     |
|    fps             | 84       |
|    time_elapsed    | 4882     |
|    total_timesteps | 413592   |
| train/             |          |
|    actor_loss      | -3.13    |
|    critic_loss     | 3.56     |
|    ent_coef        | 0.001    |
|    learning_rate   | 1e-05    |
|    n_updates       | 102897   |
---------------------------------
---------------------------------
| rollout/           |          |
|    ep_len_mean     | 105      |
|    ep_rew_mean     | -12.6    |
|    success_rate    | 0.12     |
| time/              |          |
|    episodes        | 3980     |
|    fps             | 84       |
|    time_elapsed    | 4885     |
|    total_timesteps | 414024   |
| train/             |          |
|    actor_loss      | -3.85    |
|    critic_loss     | 4.25     |
|    ent_coef        | 0.001    |
|    learning_rate   | 1e-05    |
|    n_updates       | 103005   |
---------------------------------
---------------------------------
| rollout/           |          |
|    ep_len_mean     | 103      |
|    ep_rew_mean     | -11.9    |
|    success_rate    | 0.14     |
| time/              |          |
|    episodes        | 3984     |
|    fps             | 84       |
|    time_elapsed    | 4887     |
|    total_timesteps | 414352   |
| train/             |          |
|    actor_loss      | -4.3     |
|    critic_loss     | 3.29     |
|    ent_coef        | 0.001    |
|    learning_rate   | 1e-05    |
|    n_updates       | 103087   |
---------------------------------
---------------------------------
| rollout/           |          |
|    ep_len_mean     | 100      |
|    ep_rew_mean     | -11.8    |
|    success_rate    | 0.15     |
| time/              |          |
|    episodes        | 3988     |
|    fps             | 84       |
|    time_elapsed    | 4889     |
|    total_timesteps | 414616   |
| train/             |          |
|    actor_loss      | -3.35    |
|    critic_loss     | 4.67     |
|    ent_coef        | 0.001    |
|    learning_rate   | 1e-05    |
|    n_updates       | 103153   |
---------------------------------
---------------------------------
| rollout/           |          |
|    ep_len_mean     | 100      |
|    ep_rew_mean     | -11.1    |
|    success_rate    | 0.16     |
| time/              |          |
|    episodes        | 3992     |
|    fps             | 84       |
|    time_elapsed    | 4891     |
|    total_timesteps | 414876   |
| train/             |          |
|    actor_loss      | -3.72    |
|    critic_loss     | 4.25     |
|    ent_coef        | 0.001    |
|    learning_rate   | 1e-05    |
|    n_updates       | 103218   |
---------------------------------
---------------------------------
| rollout/           |          |
|    ep_len_mean     | 101      |
|    ep_rew_mean     | -10.2    |
|    success_rate    | 0.18     |
| time/              |          |
|    episodes        | 3996     |
|    fps             | 84       |
|    time_elapsed    | 4894     |
|    total_timesteps | 415316   |
| train/             |          |
|    actor_loss      | -3.17    |
|    critic_loss     | 4.65     |
|    ent_coef        | 0.001    |
|    learning_rate   | 1e-05    |
|    n_updates       | 103328   |
---------------------------------
---------------------------------
| rollout/           |          |
|    ep_len_mean     | 98.8     |
|    ep_rew_mean     | -10.5    |
|    success_rate    | 0.18     |
| time/              |          |
|    episodes        | 4000     |
|    fps             | 84       |
|    time_elapsed    | 4896     |
|    total_timesteps | 415576   |
| train/             |          |
|    actor_loss      | -4.4     |
|    critic_loss     | 4.34     |
|    ent_coef        | 0.001    |
|    learning_rate   | 1e-05    |
|    n_updates       | 103393   |
---------------------------------
---------------------------------
| rollout/           |          |
|    ep_len_mean     | 104      |
|    ep_rew_mean     | -10.6    |
|    success_rate    | 0.16     |
| time/              |          |
|    episodes        | 4004     |
|    fps             | 84       |
|    time_elapsed    | 4900     |
|    total_timesteps | 416276   |
| train/             |          |
|    actor_loss      | -3.33    |
|    critic_loss     | 3.94     |
|    ent_coef        | 0.001    |
|    learning_rate   | 1e-05    |
|    n_updates       | 103568   |
---------------------------------
---------------------------------
| rollout/           |          |
|    ep_len_mean     | 102      |
|    ep_rew_mean     | -10.2    |
|    success_rate    | 0.17     |
| time/              |          |
|    episodes        | 4008     |
|    fps             | 84       |
|    time_elapsed    | 4903     |
|    total_timesteps | 416716   |
| train/             |          |
|    actor_loss      | -4.05    |
|    critic_loss     | 3.64     |
|    ent_coef        | 0.001    |
|    learning_rate   | 1e-05    |
|    n_updates       | 103678   |
---------------------------------
---------------------------------
| rollout/           |          |
|    ep_len_mean     | 100      |
|    ep_rew_mean     | -10.1    |
|    success_rate    | 0.17     |
| time/              |          |
|    episodes        | 4012     |
|    fps             | 85       |
|    time_elapsed    | 4906     |
|    total_timesteps | 417216   |
| train/             |          |
|    actor_loss      | -3.21    |
|    critic_loss     | 4.81     |
|    ent_coef        | 0.001    |
|    learning_rate   | 1e-05    |
|    n_updates       | 103803   |
---------------------------------
---------------------------------
| rollout/           |          |
|    ep_len_mean     | 99.9     |
|    ep_rew_mean     | -10.3    |
|    success_rate    | 0.16     |
| time/              |          |
|    episodes        | 4016     |
|    fps             | 85       |
|    time_elapsed    | 4909     |
|    total_timesteps | 417700   |
| train/             |          |
|    actor_loss      | -3.42    |
|    critic_loss     | 3.82     |
|    ent_coef        | 0.001    |
|    learning_rate   | 1e-05    |
|    n_updates       | 103924   |
---------------------------------
---------------------------------
| rollout/           |          |
|    ep_len_mean     | 95.1     |
|    ep_rew_mean     | -10.4    |
|    success_rate    | 0.17     |
| time/              |          |
|    episodes        | 4020     |
|    fps             | 85       |
|    time_elapsed    | 4910     |
|    total_timesteps | 417832   |
| train/             |          |
|    actor_loss      | -3.27    |
|    critic_loss     | 4        |
|    ent_coef        | 0.001    |
|    learning_rate   | 1e-05    |
|    n_updates       | 103957   |
---------------------------------
---------------------------------
| rollout/           |          |
|    ep_len_mean     | 100      |
|    ep_rew_mean     | -10.9    |
|    success_rate    | 0.14     |
| time/              |          |
|    episodes        | 4024     |
|    fps             | 85       |
|    time_elapsed    | 4914     |
|    total_timesteps | 418532   |
| train/             |          |
|    actor_loss      | -4.1     |
|    critic_loss     | 4.86     |
|    ent_coef        | 0.001    |
|    learning_rate   | 1e-05    |
|    n_updates       | 104132   |
---------------------------------
---------------------------------
| rollout/           |          |
|    ep_len_mean     | 98.4     |
|    ep_rew_mean     | -11      |
|    success_rate    | 0.14     |
| time/              |          |
|    episodes        | 4028     |
|    fps             | 85       |
|    time_elapsed    | 4918     |
|    total_timesteps | 419108   |
| train/             |          |
|    actor_loss      | -4.67    |
|    critic_loss     | 4        |
|    ent_coef        | 0.001    |
|    learning_rate   | 1e-05    |
|    n_updates       | 104276   |
---------------------------------
---------------------------------
| rollout/           |          |
|    ep_len_mean     | 95.1     |
|    ep_rew_mean     | -11.4    |
|    success_rate    | 0.14     |
| time/              |          |
|    episodes        | 4032     |
|    fps             | 85       |
|    time_elapsed    | 4919     |
|    total_timesteps | 419316   |
| train/             |          |
|    actor_loss      | -3.69    |
|    critic_loss     | 4.09     |
|    ent_coef        | 0.001    |
|    learning_rate   | 1e-05    |
|    n_updates       | 104328   |
---------------------------------
---------------------------------
| rollout/           |          |
|    ep_len_mean     | 93       |
|    ep_rew_mean     | -11.4    |
|    success_rate    | 0.15     |
| time/              |          |
|    episodes        | 4036     |
|    fps             | 85       |
|    time_elapsed    | 4923     |
|    total_timesteps | 419944   |
| train/             |          |
|    actor_loss      | -3.08    |
|    critic_loss     | 4.61     |
|    ent_coef        | 0.001    |
|    learning_rate   | 1e-05    |
|    n_updates       | 104485   |
---------------------------------
Eval num_timesteps=420000, episode_reward=-5.75 +/- 6.10
Episode length: 171.64 +/- 23.52
Success rate: 2.00%
---------------------------------
| eval/              |          |
|    mean_ep_length  | 172      |
|    mean_reward     | -5.75    |
|    success_rate    | 0.02     |
| time/              |          |
|    total_timesteps | 420000   |
| train/             |          |
|    actor_loss      | -3.82    |
|    critic_loss     | 3.86     |
|    ent_coef        | 0.001    |
|    learning_rate   | 1e-05    |
|    n_updates       | 104499   |
---------------------------------
Eval num_timesteps=420000, episode_reward=-11.63 +/- 13.19
Episode length: 124.40 +/- 74.97
Success rate: 22.00%
---------------------------------
| eval/              |          |
|    mean_ep_length  | 124      |
|    mean_reward     | -11.6    |
|    success_rate    | 0.22     |
| time/              |          |
|    total_timesteps | 420000   |
---------------------------------
Eval num_timesteps=420000, episode_reward=-16.91 +/- 9.20
Episode length: 69.98 +/- 79.85
Success rate: 10.00%
---------------------------------
| eval/              |          |
|    mean_ep_length  | 70       |
|    mean_reward     | -16.9    |
|    success_rate    | 0.1      |
| time/              |          |
|    total_timesteps | 420000   |
---------------------------------
---------------------------------
| rollout/           |          |
|    ep_len_mean     | 94.4     |
|    ep_rew_mean     | -11.6    |
|    success_rate    | 0.14     |
| time/              |          |
|    episodes        | 4040     |
|    fps             | 84       |
|    time_elapsed    | 4989     |
|    total_timesteps | 420576   |
| train/             |          |
|    actor_loss      | -4.2     |
|    critic_loss     | 2.86     |
|    ent_coef        | 0.001    |
|    learning_rate   | 1e-05    |
|    n_updates       | 104643   |
---------------------------------
---------------------------------
| rollout/           |          |
|    ep_len_mean     | 96.9     |
|    ep_rew_mean     | -10.8    |
|    success_rate    | 0.15     |
| time/              |          |
|    episodes        | 4044     |
|    fps             | 84       |
|    time_elapsed    | 4991     |
|    total_timesteps | 420772   |
| train/             |          |
|    actor_loss      | -3.7     |
|    critic_loss     | 6.23     |
|    ent_coef        | 0.001    |
|    learning_rate   | 1e-05    |
|    n_updates       | 104692   |
---------------------------------
---------------------------------
| rollout/           |          |
|    ep_len_mean     | 98.8     |
|    ep_rew_mean     | -10.2    |
|    success_rate    | 0.16     |
| time/              |          |
|    episodes        | 4048     |
|    fps             | 84       |
|    time_elapsed    | 4994     |
|    total_timesteps | 421380   |
| train/             |          |
|    actor_loss      | -2.99    |
|    critic_loss     | 3.5      |
|    ent_coef        | 0.001    |
|    learning_rate   | 1e-05    |
|    n_updates       | 104844   |
---------------------------------
---------------------------------
| rollout/           |          |
|    ep_len_mean     | 98.7     |
|    ep_rew_mean     | -10      |
|    success_rate    | 0.16     |
| time/              |          |
|    episodes        | 4052     |
|    fps             | 84       |
|    time_elapsed    | 4998     |
|    total_timesteps | 421976   |
| train/             |          |
|    actor_loss      | -2.71    |
|    critic_loss     | 4.99     |
|    ent_coef        | 0.001    |
|    learning_rate   | 1e-05    |
|    n_updates       | 104993   |
---------------------------------
---------------------------------
| rollout/           |          |
|    ep_len_mean     | 102      |
|    ep_rew_mean     | -9.66    |
|    success_rate    | 0.16     |
| time/              |          |
|    episodes        | 4056     |
|    fps             | 84       |
|    time_elapsed    | 5000     |
|    total_timesteps | 422264   |
| train/             |          |
|    actor_loss      | -4.19    |
|    critic_loss     | 4.99     |
|    ent_coef        | 0.001    |
|    learning_rate   | 1e-05    |
|    n_updates       | 105065   |
---------------------------------
---------------------------------
| rollout/           |          |
|    ep_len_mean     | 107      |
|    ep_rew_mean     | -9.59    |
|    success_rate    | 0.15     |
| time/              |          |
|    episodes        | 4060     |
|    fps             | 84       |
|    time_elapsed    | 5004     |
|    total_timesteps | 422964   |
| train/             |          |
|    actor_loss      | -4.06    |
|    critic_loss     | 3.16     |
|    ent_coef        | 0.001    |
|    learning_rate   | 1e-05    |
|    n_updates       | 105240   |
---------------------------------
---------------------------------
| rollout/           |          |
|    ep_len_mean     | 108      |
|    ep_rew_mean     | -9.62    |
|    success_rate    | 0.16     |
| time/              |          |
|    episodes        | 4064     |
|    fps             | 84       |
|    time_elapsed    | 5007     |
|    total_timesteps | 423488   |
| train/             |          |
|    actor_loss      | -3.09    |
|    critic_loss     | 3.9      |
|    ent_coef        | 0.001    |
|    learning_rate   | 1e-05    |
|    n_updates       | 105371   |
---------------------------------
---------------------------------
| rollout/           |          |
|    ep_len_mean     | 104      |
|    ep_rew_mean     | -9.73    |
|    success_rate    | 0.16     |
| time/              |          |
|    episodes        | 4068     |
|    fps             | 84       |
|    time_elapsed    | 5008     |
|    total_timesteps | 423604   |
| train/             |          |
|    actor_loss      | -3.88    |
|    critic_loss     | 3.35     |
|    ent_coef        | 0.001    |
|    learning_rate   | 1e-05    |
|    n_updates       | 105400   |
---------------------------------
---------------------------------
| rollout/           |          |
|    ep_len_mean     | 108      |
|    ep_rew_mean     | -10.2    |
|    success_rate    | 0.14     |
| time/              |          |
|    episodes        | 4072     |
|    fps             | 84       |
|    time_elapsed    | 5013     |
|    total_timesteps | 424252   |
| train/             |          |
|    actor_loss      | -3.14    |
|    critic_loss     | 3.35     |
|    ent_coef        | 0.001    |
|    learning_rate   | 1e-05    |
|    n_updates       | 105562   |
---------------------------------
---------------------------------
| rollout/           |          |
|    ep_len_mean     | 109      |
|    ep_rew_mean     | -10.2    |
|    success_rate    | 0.15     |
| time/              |          |
|    episodes        | 4076     |
|    fps             | 84       |
|    time_elapsed    | 5015     |
|    total_timesteps | 424620   |
| train/             |          |
|    actor_loss      | -3.44    |
|    critic_loss     | 11.4     |
|    ent_coef        | 0.001    |
|    learning_rate   | 1e-05    |
|    n_updates       | 105654   |
---------------------------------
---------------------------------
| rollout/           |          |
|    ep_len_mean     | 109      |
|    ep_rew_mean     | -10.7    |
|    success_rate    | 0.14     |
| time/              |          |
|    episodes        | 4080     |
|    fps             | 84       |
|    time_elapsed    | 5017     |
|    total_timesteps | 424860   |
| train/             |          |
|    actor_loss      | -3.71    |
|    critic_loss     | 3.73     |
|    ent_coef        | 0.001    |
|    learning_rate   | 1e-05    |
|    n_updates       | 105714   |
---------------------------------
---------------------------------
| rollout/           |          |
|    ep_len_mean     | 112      |
|    ep_rew_mean     | -11.6    |
|    success_rate    | 0.12     |
| time/              |          |
|    episodes        | 4084     |
|    fps             | 84       |
|    time_elapsed    | 5021     |
|    total_timesteps | 425560   |
| train/             |          |
|    actor_loss      | -4.25    |
|    critic_loss     | 4.75     |
|    ent_coef        | 0.001    |
|    learning_rate   | 1e-05    |
|    n_updates       | 105889   |
---------------------------------
---------------------------------
| rollout/           |          |
|    ep_len_mean     | 115      |
|    ep_rew_mean     | -11.7    |
|    success_rate    | 0.11     |
| time/              |          |
|    episodes        | 4088     |
|    fps             | 84       |
|    time_elapsed    | 5024     |
|    total_timesteps | 426160   |
| train/             |          |
|    actor_loss      | -3.58    |
|    critic_loss     | 13.2     |
|    ent_coef        | 0.001    |
|    learning_rate   | 1e-05    |
|    n_updates       | 106039   |
---------------------------------
---------------------------------
| rollout/           |          |
|    ep_len_mean     | 116      |
|    ep_rew_mean     | -11.4    |
|    success_rate    | 0.12     |
| time/              |          |
|    episodes        | 4092     |
|    fps             | 84       |
|    time_elapsed    | 5027     |
|    total_timesteps | 426544   |
| train/             |          |
|    actor_loss      | -3.74    |
|    critic_loss     | 3.18     |
|    ent_coef        | 0.001    |
|    learning_rate   | 1e-05    |
|    n_updates       | 106135   |
---------------------------------
---------------------------------
| rollout/           |          |
|    ep_len_mean     | 117      |
|    ep_rew_mean     | -11.9    |
|    success_rate    | 0.1      |
| time/              |          |
|    episodes        | 4096     |
|    fps             | 84       |
|    time_elapsed    | 5030     |
|    total_timesteps | 426960   |
| train/             |          |
|    actor_loss      | -3.58    |
|    critic_loss     | 5.12     |
|    ent_coef        | 0.001    |
|    learning_rate   | 1e-05    |
|    n_updates       | 106239   |
---------------------------------
---------------------------------
| rollout/           |          |
|    ep_len_mean     | 119      |
|    ep_rew_mean     | -11.8    |
|    success_rate    | 0.1      |
| time/              |          |
|    episodes        | 4100     |
|    fps             | 84       |
|    time_elapsed    | 5033     |
|    total_timesteps | 427568   |
| train/             |          |
|    actor_loss      | -4.15    |
|    critic_loss     | 3.11     |
|    ent_coef        | 0.001    |
|    learning_rate   | 1e-05    |
|    n_updates       | 106391   |
---------------------------------
---------------------------------
| rollout/           |          |
|    ep_len_mean     | 117      |
|    ep_rew_mean     | -11.8    |
|    success_rate    | 0.1      |
| time/              |          |
|    episodes        | 4104     |
|    fps             | 84       |
|    time_elapsed    | 5036     |
|    total_timesteps | 428032   |
| train/             |          |
|    actor_loss      | -3.56    |
|    critic_loss     | 4.73     |
|    ent_coef        | 0.001    |
|    learning_rate   | 1e-05    |
|    n_updates       | 106507   |
---------------------------------
---------------------------------
| rollout/           |          |
|    ep_len_mean     | 121      |
|    ep_rew_mean     | -11.9    |
|    success_rate    | 0.09     |
| time/              |          |
|    episodes        | 4108     |
|    fps             | 85       |
|    time_elapsed    | 5041     |
|    total_timesteps | 428732   |
| train/             |          |
|    actor_loss      | -4.6     |
|    critic_loss     | 3.58     |
|    ent_coef        | 0.001    |
|    learning_rate   | 1e-05    |
|    n_updates       | 106682   |
---------------------------------
---------------------------------
| rollout/           |          |
|    ep_len_mean     | 119      |
|    ep_rew_mean     | -12      |
|    success_rate    | 0.09     |
| time/              |          |
|    episodes        | 4112     |
|    fps             | 85       |
|    time_elapsed    | 5043     |
|    total_timesteps | 429068   |
| train/             |          |
|    actor_loss      | -4.35    |
|    critic_loss     | 3.69     |
|    ent_coef        | 0.001    |
|    learning_rate   | 1e-05    |
|    n_updates       | 106766   |
---------------------------------
---------------------------------
| rollout/           |          |
|    ep_len_mean     | 119      |
|    ep_rew_mean     | -11.9    |
|    success_rate    | 0.1      |
| time/              |          |
|    episodes        | 4116     |
|    fps             | 85       |
|    time_elapsed    | 5046     |
|    total_timesteps | 429668   |
| train/             |          |
|    actor_loss      | -3.58    |
|    critic_loss     | 3.28     |
|    ent_coef        | 0.001    |
|    learning_rate   | 1e-05    |
|    n_updates       | 106916   |
---------------------------------
---------------------------------
| rollout/           |          |
|    ep_len_mean     | 121      |
|    ep_rew_mean     | -11.5    |
|    success_rate    | 0.11     |
| time/              |          |
|    episodes        | 4120     |
|    fps             | 85       |
|    time_elapsed    | 5048     |
|    total_timesteps | 429800   |
| train/             |          |
|    actor_loss      | -3.62    |
|    critic_loss     | 5.05     |
|    ent_coef        | 0.001    |
|    learning_rate   | 1e-05    |
|    n_updates       | 106949   |
---------------------------------
Eval num_timesteps=430000, episode_reward=-4.16 +/- 4.61
Episode length: 171.66 +/- 23.38
Success rate: 2.00%
---------------------------------
| eval/              |          |
|    mean_ep_length  | 172      |
|    mean_reward     | -4.16    |
|    success_rate    | 0.02     |
| time/              |          |
|    total_timesteps | 430000   |
| train/             |          |
|    actor_loss      | -2.58    |
|    critic_loss     | 5.99     |
|    ent_coef        | 0.001    |
|    learning_rate   | 1e-05    |
|    n_updates       | 106999   |
---------------------------------
Eval num_timesteps=430000, episode_reward=-13.37 +/- 11.79
Episode length: 132.34 +/- 69.59
Success rate: 14.00%
---------------------------------
| eval/              |          |
|    mean_ep_length  | 132      |
|    mean_reward     | -13.4    |
|    success_rate    | 0.14     |
| time/              |          |
|    total_timesteps | 430000   |
---------------------------------
Eval num_timesteps=430000, episode_reward=-19.12 +/- 6.06
Episode length: 41.64 +/- 68.89
Success rate: 4.00%
---------------------------------
| eval/              |          |
|    mean_ep_length  | 41.6     |
|    mean_reward     | -19.1    |
|    success_rate    | 0.04     |
| time/              |          |
|    total_timesteps | 430000   |
---------------------------------
---------------------------------
| rollout/           |          |
|    ep_len_mean     | 119      |
|    ep_rew_mean     | -11.8    |
|    success_rate    | 0.11     |
| time/              |          |
|    episodes        | 4124     |
|    fps             | 84       |
|    time_elapsed    | 5113     |
|    total_timesteps | 430492   |
| train/             |          |
|    actor_loss      | -4.23    |
|    critic_loss     | 6.08     |
|    ent_coef        | 0.001    |
|    learning_rate   | 1e-05    |
|    n_updates       | 107122   |
---------------------------------
---------------------------------
| rollout/           |          |
|    ep_len_mean     | 121      |
|    ep_rew_mean     | -11.9    |
|    success_rate    | 0.11     |
| time/              |          |
|    episodes        | 4128     |
|    fps             | 84       |
|    time_elapsed    | 5117     |
|    total_timesteps | 431192   |
| train/             |          |
|    actor_loss      | -3.57    |
|    critic_loss     | 7.49     |
|    ent_coef        | 0.001    |
|    learning_rate   | 1e-05    |
|    n_updates       | 107297   |
---------------------------------
---------------------------------
| rollout/           |          |
|    ep_len_mean     | 123      |
|    ep_rew_mean     | -11.6    |
|    success_rate    | 0.11     |
| time/              |          |
|    episodes        | 4132     |
|    fps             | 84       |
|    time_elapsed    | 5121     |
|    total_timesteps | 431812   |
| train/             |          |
|    actor_loss      | -2.32    |
|    critic_loss     | 5.1      |
|    ent_coef        | 0.001    |
|    learning_rate   | 1e-05    |
|    n_updates       | 107452   |
---------------------------------
---------------------------------
| rollout/           |          |
|    ep_len_mean     | 122      |
|    ep_rew_mean     | -11.7    |
|    success_rate    | 0.1      |
| time/              |          |
|    episodes        | 4136     |
|    fps             | 84       |
|    time_elapsed    | 5122     |
|    total_timesteps | 431932   |
| train/             |          |
|    actor_loss      | -3.27    |
|    critic_loss     | 6.61     |
|    ent_coef        | 0.001    |
|    learning_rate   | 1e-05    |
|    n_updates       | 107482   |
---------------------------------
---------------------------------
| rollout/           |          |
|    ep_len_mean     | 120      |
|    ep_rew_mean     | -11.7    |
|    success_rate    | 0.1      |
| time/              |          |
|    episodes        | 4140     |
|    fps             | 84       |
|    time_elapsed    | 5126     |
|    total_timesteps | 432512   |
| train/             |          |
|    actor_loss      | -3.51    |
|    critic_loss     | 3.25     |
|    ent_coef        | 0.001    |
|    learning_rate   | 1e-05    |
|    n_updates       | 107627   |
---------------------------------
---------------------------------
| rollout/           |          |
|    ep_len_mean     | 119      |
|    ep_rew_mean     | -12      |
|    success_rate    | 0.1      |
| time/              |          |
|    episodes        | 4144     |
|    fps             | 84       |
|    time_elapsed    | 5127     |
|    total_timesteps | 432728   |
| train/             |          |
|    actor_loss      | -4.1     |
|    critic_loss     | 3.61     |
|    ent_coef        | 0.001    |
|    learning_rate   | 1e-05    |
|    n_updates       | 107681   |
---------------------------------
---------------------------------
| rollout/           |          |
|    ep_len_mean     | 117      |
|    ep_rew_mean     | -11.9    |
|    success_rate    | 0.11     |
| time/              |          |
|    episodes        | 4148     |
|    fps             | 84       |
|    time_elapsed    | 5128     |
|    total_timesteps | 432908   |
| train/             |          |
|    actor_loss      | -3.14    |
|    critic_loss     | 4.62     |
|    ent_coef        | 0.001    |
|    learning_rate   | 1e-05    |
|    n_updates       | 107726   |
---------------------------------
---------------------------------
| rollout/           |          |
|    ep_len_mean     | 117      |
|    ep_rew_mean     | -12      |
|    success_rate    | 0.11     |
| time/              |          |
|    episodes        | 4152     |
|    fps             | 84       |
|    time_elapsed    | 5132     |
|    total_timesteps | 433428   |
| train/             |          |
|    actor_loss      | -4.07    |
|    critic_loss     | 7.46     |
|    ent_coef        | 0.001    |
|    learning_rate   | 1e-05    |
|    n_updates       | 107856   |
---------------------------------
---------------------------------
| rollout/           |          |
|    ep_len_mean     | 112      |
|    ep_rew_mean     | -12.5    |
|    success_rate    | 0.11     |
| time/              |          |
|    episodes        | 4156     |
|    fps             | 84       |
|    time_elapsed    | 5132     |
|    total_timesteps | 433508   |
| train/             |          |
|    actor_loss      | -2.81    |
|    critic_loss     | 3.73     |
|    ent_coef        | 0.001    |
|    learning_rate   | 1e-05    |
|    n_updates       | 107876   |
---------------------------------
---------------------------------
| rollout/           |          |
|    ep_len_mean     | 111      |
|    ep_rew_mean     | -12.6    |
|    success_rate    | 0.11     |
| time/              |          |
|    episodes        | 4160     |
|    fps             | 84       |
|    time_elapsed    | 5137     |
|    total_timesteps | 434208   |
| train/             |          |
|    actor_loss      | -2.91    |
|    critic_loss     | 4.51     |
|    ent_coef        | 0.001    |
|    learning_rate   | 1e-05    |
|    n_updates       | 108051   |
---------------------------------
---------------------------------
| rollout/           |          |
|    ep_len_mean     | 110      |
|    ep_rew_mean     | -12.4    |
|    success_rate    | 0.11     |
| time/              |          |
|    episodes        | 4164     |
|    fps             | 84       |
|    time_elapsed    | 5138     |
|    total_timesteps | 434408   |
| train/             |          |
|    actor_loss      | -3.88    |
|    critic_loss     | 5.04     |
|    ent_coef        | 0.001    |
|    learning_rate   | 1e-05    |
|    n_updates       | 108101   |
---------------------------------
---------------------------------
| rollout/           |          |
|    ep_len_mean     | 114      |
|    ep_rew_mean     | -12.1    |
|    success_rate    | 0.11     |
| time/              |          |
|    episodes        | 4168     |
|    fps             | 84       |
|    time_elapsed    | 5143     |
|    total_timesteps | 435108   |
| train/             |          |
|    actor_loss      | -3.37    |
|    critic_loss     | 3.58     |
|    ent_coef        | 0.001    |
|    learning_rate   | 1e-05    |
|    n_updates       | 108276   |
---------------------------------
---------------------------------
| rollout/           |          |
|    ep_len_mean     | 113      |
|    ep_rew_mean     | -11.9    |
|    success_rate    | 0.11     |
| time/              |          |
|    episodes        | 4172     |
|    fps             | 84       |
|    time_elapsed    | 5146     |
|    total_timesteps | 435616   |
| train/             |          |
|    actor_loss      | -2.25    |
|    critic_loss     | 3.38     |
|    ent_coef        | 0.001    |
|    learning_rate   | 1e-05    |
|    n_updates       | 108403   |
---------------------------------
---------------------------------
| rollout/           |          |
|    ep_len_mean     | 115      |
|    ep_rew_mean     | -12      |
|    success_rate    | 0.1      |
| time/              |          |
|    episodes        | 4176     |
|    fps             | 84       |
|    time_elapsed    | 5148     |
|    total_timesteps | 435996   |
| train/             |          |
|    actor_loss      | -2.94    |
|    critic_loss     | 3.58     |
|    ent_coef        | 0.001    |
|    learning_rate   | 1e-05    |
|    n_updates       | 108498   |
---------------------------------
---------------------------------
| rollout/           |          |
|    ep_len_mean     | 118      |
|    ep_rew_mean     | -11.5    |
|    success_rate    | 0.1      |
| time/              |          |
|    episodes        | 4180     |
|    fps             | 84       |
|    time_elapsed    | 5152     |
|    total_timesteps | 436560   |
| train/             |          |
|    actor_loss      | -3.07    |
|    critic_loss     | 6.1      |
|    ent_coef        | 0.001    |
|    learning_rate   | 1e-05    |
|    n_updates       | 108639   |
---------------------------------
---------------------------------
| rollout/           |          |
|    ep_len_mean     | 118      |
|    ep_rew_mean     | -11.2    |
|    success_rate    | 0.1      |
| time/              |          |
|    episodes        | 4184     |
|    fps             | 84       |
|    time_elapsed    | 5156     |
|    total_timesteps | 437260   |
| train/             |          |
|    actor_loss      | -3.06    |
|    critic_loss     | 3.85     |
|    ent_coef        | 0.001    |
|    learning_rate   | 1e-05    |
|    n_updates       | 108814   |
---------------------------------
---------------------------------
| rollout/           |          |
|    ep_len_mean     | 119      |
|    ep_rew_mean     | -10.9    |
|    success_rate    | 0.1      |
| time/              |          |
|    episodes        | 4188     |
|    fps             | 84       |
|    time_elapsed    | 5160     |
|    total_timesteps | 437960   |
| train/             |          |
|    actor_loss      | -3.82    |
|    critic_loss     | 2.82     |
|    ent_coef        | 0.001    |
|    learning_rate   | 1e-05    |
|    n_updates       | 108989   |
---------------------------------
---------------------------------
| rollout/           |          |
|    ep_len_mean     | 118      |
|    ep_rew_mean     | -11.6    |
|    success_rate    | 0.09     |
| time/              |          |
|    episodes        | 4192     |
|    fps             | 84       |
|    time_elapsed    | 5162     |
|    total_timesteps | 438100   |
| train/             |          |
|    actor_loss      | -3       |
|    critic_loss     | 5.21     |
|    ent_coef        | 0.001    |
|    learning_rate   | 1e-05    |
|    n_updates       | 109024   |
---------------------------------
---------------------------------
| rollout/           |          |
|    ep_len_mean     | 118      |
|    ep_rew_mean     | -11.7    |
|    success_rate    | 0.09     |
| time/              |          |
|    episodes        | 4196     |
|    fps             | 84       |
|    time_elapsed    | 5166     |
|    total_timesteps | 438800   |
| train/             |          |
|    actor_loss      | -4.57    |
|    critic_loss     | 2.94     |
|    ent_coef        | 0.001    |
|    learning_rate   | 1e-05    |
|    n_updates       | 109199   |
---------------------------------
---------------------------------
| rollout/           |          |
|    ep_len_mean     | 118      |
|    ep_rew_mean     | -11.3    |
|    success_rate    | 0.1      |
| time/              |          |
|    episodes        | 4200     |
|    fps             | 84       |
|    time_elapsed    | 5170     |
|    total_timesteps | 439476   |
| train/             |          |
|    actor_loss      | -3.42    |
|    critic_loss     | 4.2      |
|    ent_coef        | 0.001    |
|    learning_rate   | 1e-05    |
|    n_updates       | 109368   |
---------------------------------
Eval num_timesteps=440000, episode_reward=-5.62 +/- 6.61
Episode length: 162.72 +/- 41.71
Success rate: 8.00%
---------------------------------
| eval/              |          |
|    mean_ep_length  | 163      |
|    mean_reward     | -5.62    |
|    success_rate    | 0.08     |
| time/              |          |
|    total_timesteps | 440000   |
| train/             |          |
|    actor_loss      | -3.08    |
|    critic_loss     | 3.27     |
|    ent_coef        | 0.001    |
|    learning_rate   | 1e-05    |
|    n_updates       | 109499   |
---------------------------------
Eval num_timesteps=440000, episode_reward=-12.90 +/- 11.30
Episode length: 115.92 +/- 76.46
Success rate: 16.00%
---------------------------------
| eval/              |          |
|    mean_ep_length  | 116      |
|    mean_reward     | -12.9    |
|    success_rate    | 0.16     |
| time/              |          |
|    total_timesteps | 440000   |
---------------------------------
Eval num_timesteps=440000, episode_reward=-16.72 +/- 9.07
Episode length: 70.02 +/- 80.19
Success rate: 10.00%
---------------------------------
| eval/              |          |
|    mean_ep_length  | 70       |
|    mean_reward     | -16.7    |
|    success_rate    | 0.1      |
| time/              |          |
|    total_timesteps | 440000   |
---------------------------------
---------------------------------
| rollout/           |          |
|    ep_len_mean     | 119      |
|    ep_rew_mean     | -11.4    |
|    success_rate    | 0.1      |
| time/              |          |
|    episodes        | 4204     |
|    fps             | 84       |
|    time_elapsed    | 5236     |
|    total_timesteps | 440176   |
| train/             |          |
|    actor_loss      | -3.5     |
|    critic_loss     | 4.21     |
|    ent_coef        | 0.001    |
|    learning_rate   | 1e-05    |
|    n_updates       | 109543   |
---------------------------------
---------------------------------
| rollout/           |          |
|    ep_len_mean     | 116      |
|    ep_rew_mean     | -11.5    |
|    success_rate    | 0.11     |
| time/              |          |
|    episodes        | 4208     |
|    fps             | 84       |
|    time_elapsed    | 5236     |
|    total_timesteps | 440232   |
| train/             |          |
|    actor_loss      | -3.38    |
|    critic_loss     | 4.87     |
|    ent_coef        | 0.001    |
|    learning_rate   | 1e-05    |
|    n_updates       | 109557   |
---------------------------------
---------------------------------
| rollout/           |          |
|    ep_len_mean     | 116      |
|    ep_rew_mean     | -10.6    |
|    success_rate    | 0.13     |
| time/              |          |
|    episodes        | 4212     |
|    fps             | 84       |
|    time_elapsed    | 5240     |
|    total_timesteps | 440900   |
| train/             |          |
|    actor_loss      | -2.55    |
|    critic_loss     | 4.19     |
|    ent_coef        | 0.001    |
|    learning_rate   | 1e-05    |
|    n_updates       | 109724   |
---------------------------------
---------------------------------
| rollout/           |          |
|    ep_len_mean     | 115      |
|    ep_rew_mean     | -10.7    |
|    success_rate    | 0.13     |
| time/              |          |
|    episodes        | 4216     |
|    fps             | 84       |
|    time_elapsed    | 5242     |
|    total_timesteps | 441028   |
| train/             |          |
|    actor_loss      | -2.99    |
|    critic_loss     | 6.99     |
|    ent_coef        | 0.001    |
|    learning_rate   | 1e-05    |
|    n_updates       | 109756   |
---------------------------------
---------------------------------
| rollout/           |          |
|    ep_len_mean     | 115      |
|    ep_rew_mean     | -11.1    |
|    success_rate    | 0.11     |
| time/              |          |
|    episodes        | 4220     |
|    fps             | 84       |
|    time_elapsed    | 5245     |
|    total_timesteps | 441600   |
| train/             |          |
|    actor_loss      | -2.12    |
|    critic_loss     | 3.35     |
|    ent_coef        | 0.001    |
|    learning_rate   | 1e-05    |
|    n_updates       | 109899   |
---------------------------------
---------------------------------
| rollout/           |          |
|    ep_len_mean     | 116      |
|    ep_rew_mean     | -10.6    |
|    success_rate    | 0.12     |
| time/              |          |
|    episodes        | 4224     |
|    fps             | 84       |
|    time_elapsed    | 5247     |
|    total_timesteps | 441936   |
| train/             |          |
|    actor_loss      | -2.35    |
|    critic_loss     | 4.29     |
|    ent_coef        | 0.001    |
|    learning_rate   | 1e-05    |
|    n_updates       | 109983   |
---------------------------------
---------------------------------
| rollout/           |          |
|    ep_len_mean     | 116      |
|    ep_rew_mean     | -10.4    |
|    success_rate    | 0.12     |
| time/              |          |
|    episodes        | 4228     |
|    fps             | 84       |
|    time_elapsed    | 5252     |
|    total_timesteps | 442636   |
| train/             |          |
|    actor_loss      | -2.22    |
|    critic_loss     | 5.46     |
|    ent_coef        | 0.001    |
|    learning_rate   | 1e-05    |
|    n_updates       | 110158   |
---------------------------------
---------------------------------
| rollout/           |          |
|    ep_len_mean     | 114      |
|    ep_rew_mean     | -10.8    |
|    success_rate    | 0.12     |
| time/              |          |
|    episodes        | 4232     |
|    fps             | 84       |
|    time_elapsed    | 5255     |
|    total_timesteps | 443128   |
| train/             |          |
|    actor_loss      | -1.99    |
|    critic_loss     | 4.5      |
|    ent_coef        | 0.001    |
|    learning_rate   | 1e-05    |
|    n_updates       | 110281   |
---------------------------------
---------------------------------
| rollout/           |          |
|    ep_len_mean     | 114      |
|    ep_rew_mean     | -11      |
|    success_rate    | 0.12     |
| time/              |          |
|    episodes        | 4236     |
|    fps             | 84       |
|    time_elapsed    | 5256     |
|    total_timesteps | 443356   |
| train/             |          |
|    actor_loss      | -3.01    |
|    critic_loss     | 3.32     |
|    ent_coef        | 0.001    |
|    learning_rate   | 1e-05    |
|    n_updates       | 110338   |
---------------------------------
---------------------------------
| rollout/           |          |
|    ep_len_mean     | 116      |
|    ep_rew_mean     | -11.1    |
|    success_rate    | 0.12     |
| time/              |          |
|    episodes        | 4240     |
|    fps             | 84       |
|    time_elapsed    | 5260     |
|    total_timesteps | 443900   |
| train/             |          |
|    actor_loss      | -2.83    |
|    critic_loss     | 3.69     |
|    ent_coef        | 0.001    |
|    learning_rate   | 1e-05    |
|    n_updates       | 110474   |
---------------------------------
---------------------------------
| rollout/           |          |
|    ep_len_mean     | 114      |
|    ep_rew_mean     | -11.1    |
|    success_rate    | 0.13     |
| time/              |          |
|    episodes        | 4244     |
|    fps             | 84       |
|    time_elapsed    | 5261     |
|    total_timesteps | 444056   |
| train/             |          |
|    actor_loss      | -2.69    |
|    critic_loss     | 4.49     |
|    ent_coef        | 0.001    |
|    learning_rate   | 1e-05    |
|    n_updates       | 110513   |
---------------------------------
---------------------------------
| rollout/           |          |
|    ep_len_mean     | 118      |
|    ep_rew_mean     | -10.9    |
|    success_rate    | 0.12     |
| time/              |          |
|    episodes        | 4248     |
|    fps             | 84       |
|    time_elapsed    | 5265     |
|    total_timesteps | 444660   |
| train/             |          |
|    actor_loss      | -3.33    |
|    critic_loss     | 3.01     |
|    ent_coef        | 0.001    |
|    learning_rate   | 1e-05    |
|    n_updates       | 110664   |
---------------------------------
---------------------------------
| rollout/           |          |
|    ep_len_mean     | 118      |
|    ep_rew_mean     | -10.4    |
|    success_rate    | 0.13     |
| time/              |          |
|    episodes        | 4252     |
|    fps             | 84       |
|    time_elapsed    | 5269     |
|    total_timesteps | 445344   |
| train/             |          |
|    actor_loss      | -3.36    |
|    critic_loss     | 3.42     |
|    ent_coef        | 0.001    |
|    learning_rate   | 1e-05    |
|    n_updates       | 110835   |
---------------------------------
---------------------------------
| rollout/           |          |
|    ep_len_mean     | 121      |
|    ep_rew_mean     | -9.54    |
|    success_rate    | 0.15     |
| time/              |          |
|    episodes        | 4256     |
|    fps             | 84       |
|    time_elapsed    | 5271     |
|    total_timesteps | 445600   |
| train/             |          |
|    actor_loss      | -2.65    |
|    critic_loss     | 4.37     |
|    ent_coef        | 0.001    |
|    learning_rate   | 1e-05    |
|    n_updates       | 110899   |
---------------------------------
---------------------------------
| rollout/           |          |
|    ep_len_mean     | 119      |
|    ep_rew_mean     | -9.79    |
|    success_rate    | 0.15     |
| time/              |          |
|    episodes        | 4260     |
|    fps             | 84       |
|    time_elapsed    | 5274     |
|    total_timesteps | 446044   |
| train/             |          |
|    actor_loss      | -3.37    |
|    critic_loss     | 3.74     |
|    ent_coef        | 0.001    |
|    learning_rate   | 1e-05    |
|    n_updates       | 111010   |
---------------------------------
---------------------------------
| rollout/           |          |
|    ep_len_mean     | 119      |
|    ep_rew_mean     | -9.69    |
|    success_rate    | 0.15     |
| time/              |          |
|    episodes        | 4264     |
|    fps             | 84       |
|    time_elapsed    | 5276     |
|    total_timesteps | 446428   |
| train/             |          |
|    actor_loss      | -2.95    |
|    critic_loss     | 3.7      |
|    ent_coef        | 0.001    |
|    learning_rate   | 1e-05    |
|    n_updates       | 111106   |
---------------------------------
---------------------------------
| rollout/           |          |
|    ep_len_mean     | 120      |
|    ep_rew_mean     | -9.96    |
|    success_rate    | 0.14     |
| time/              |          |
|    episodes        | 4268     |
|    fps             | 84       |
|    time_elapsed    | 5281     |
|    total_timesteps | 447128   |
| train/             |          |
|    actor_loss      | -3.19    |
|    critic_loss     | 3.88     |
|    ent_coef        | 0.001    |
|    learning_rate   | 1e-05    |
|    n_updates       | 111281   |
---------------------------------
---------------------------------
| rollout/           |          |
|    ep_len_mean     | 115      |
|    ep_rew_mean     | -10.4    |
|    success_rate    | 0.14     |
| time/              |          |
|    episodes        | 4272     |
|    fps             | 84       |
|    time_elapsed    | 5281     |
|    total_timesteps | 447216   |
| train/             |          |
|    actor_loss      | -3.07    |
|    critic_loss     | 3.32     |
|    ent_coef        | 0.001    |
|    learning_rate   | 1e-05    |
|    n_updates       | 111303   |
---------------------------------
---------------------------------
| rollout/           |          |
|    ep_len_mean     | 116      |
|    ep_rew_mean     | -10.1    |
|    success_rate    | 0.14     |
| time/              |          |
|    episodes        | 4276     |
|    fps             | 84       |
|    time_elapsed    | 5283     |
|    total_timesteps | 447524   |
| train/             |          |
|    actor_loss      | -2.56    |
|    critic_loss     | 3.6      |
|    ent_coef        | 0.001    |
|    learning_rate   | 1e-05    |
|    n_updates       | 111380   |
---------------------------------
---------------------------------
| rollout/           |          |
|    ep_len_mean     | 114      |
|    ep_rew_mean     | -10.1    |
|    success_rate    | 0.15     |
| time/              |          |
|    episodes        | 4280     |
|    fps             | 84       |
|    time_elapsed    | 5288     |
|    total_timesteps | 448172   |
| train/             |          |
|    actor_loss      | -2.64    |
|    critic_loss     | 5.38     |
|    ent_coef        | 0.001    |
|    learning_rate   | 1e-05    |
|    n_updates       | 111542   |
---------------------------------
---------------------------------
| rollout/           |          |
|    ep_len_mean     | 111      |
|    ep_rew_mean     | -10.4    |
|    success_rate    | 0.15     |
| time/              |          |
|    episodes        | 4284     |
|    fps             | 84       |
|    time_elapsed    | 5288     |
|    total_timesteps | 448232   |
| train/             |          |
|    actor_loss      | -2.23    |
|    critic_loss     | 3.73     |
|    ent_coef        | 0.001    |
|    learning_rate   | 1e-05    |
|    n_updates       | 111557   |
---------------------------------
---------------------------------
| rollout/           |          |
|    ep_len_mean     | 109      |
|    ep_rew_mean     | -10.5    |
|    success_rate    | 0.16     |
| time/              |          |
|    episodes        | 4288     |
|    fps             | 84       |
|    time_elapsed    | 5293     |
|    total_timesteps | 448888   |
| train/             |          |
|    actor_loss      | -1.95    |
|    critic_loss     | 4.44     |
|    ent_coef        | 0.001    |
|    learning_rate   | 1e-05    |
|    n_updates       | 111721   |
---------------------------------
---------------------------------
| rollout/           |          |
|    ep_len_mean     | 111      |
|    ep_rew_mean     | -10.4    |
|    success_rate    | 0.16     |
| time/              |          |
|    episodes        | 4292     |
|    fps             | 84       |
|    time_elapsed    | 5296     |
|    total_timesteps | 449468   |
| train/             |          |
|    actor_loss      | -1.45    |
|    critic_loss     | 3.63     |
|    ent_coef        | 0.001    |
|    learning_rate   | 1e-05    |
|    n_updates       | 111866   |
---------------------------------
---------------------------------
| rollout/           |          |
|    ep_len_mean     | 109      |
|    ep_rew_mean     | -10.6    |
|    success_rate    | 0.16     |
| time/              |          |
|    episodes        | 4296     |
|    fps             | 84       |
|    time_elapsed    | 5298     |
|    total_timesteps | 449640   |
| train/             |          |
|    actor_loss      | -1.44    |
|    critic_loss     | 3.38     |
|    ent_coef        | 0.001    |
|    learning_rate   | 1e-05    |
|    n_updates       | 111909   |
---------------------------------
---------------------------------
| rollout/           |          |
|    ep_len_mean     | 106      |
|    ep_rew_mean     | -10.6    |
|    success_rate    | 0.17     |
| time/              |          |
|    episodes        | 4300     |
|    fps             | 84       |
|    time_elapsed    | 5299     |
|    total_timesteps | 449868   |
| train/             |          |
|    actor_loss      | -2.06    |
|    critic_loss     | 3.67     |
|    ent_coef        | 0.001    |
|    learning_rate   | 1e-05    |
|    n_updates       | 111966   |
---------------------------------
Eval num_timesteps=450000, episode_reward=-4.70 +/- 3.67
Episode length: 168.78 +/- 30.53
Success rate: 4.00%
---------------------------------
| eval/              |          |
|    mean_ep_length  | 169      |
|    mean_reward     | -4.7     |
|    success_rate    | 0.04     |
| time/              |          |
|    total_timesteps | 450000   |
| train/             |          |
|    actor_loss      | -2.86    |
|    critic_loss     | 3.16     |
|    ent_coef        | 0.001    |
|    learning_rate   | 1e-05    |
|    n_updates       | 111999   |
---------------------------------
Eval num_timesteps=450000, episode_reward=-13.13 +/- 11.17
Episode length: 127.28 +/- 71.81
Success rate: 14.00%
---------------------------------
| eval/              |          |
|    mean_ep_length  | 127      |
|    mean_reward     | -13.1    |
|    success_rate    | 0.14     |
| time/              |          |
|    total_timesteps | 450000   |
---------------------------------
Eval num_timesteps=450000, episode_reward=-17.57 +/- 7.37
Episode length: 57.44 +/- 77.25
Success rate: 6.00%
---------------------------------
| eval/              |          |
|    mean_ep_length  | 57.4     |
|    mean_reward     | -17.6    |
|    success_rate    | 0.06     |
| time/              |          |
|    total_timesteps | 450000   |
---------------------------------
---------------------------------
| rollout/           |          |
|    ep_len_mean     | 105      |
|    ep_rew_mean     | -10.9    |
|    success_rate    | 0.17     |
| time/              |          |
|    episodes        | 4304     |
|    fps             | 83       |
|    time_elapsed    | 5363     |
|    total_timesteps | 450384   |
| train/             |          |
|    actor_loss      | -2.7     |
|    critic_loss     | 3.34     |
|    ent_coef        | 0.001    |
|    learning_rate   | 1e-05    |
|    n_updates       | 112095   |
---------------------------------
---------------------------------
| rollout/           |          |
|    ep_len_mean     | 106      |
|    ep_rew_mean     | -11      |
|    success_rate    | 0.17     |
| time/              |          |
|    episodes        | 4308     |
|    fps             | 84       |
|    time_elapsed    | 5367     |
|    total_timesteps | 451040   |
| train/             |          |
|    actor_loss      | -2.78    |
|    critic_loss     | 4.52     |
|    ent_coef        | 0.001    |
|    learning_rate   | 1e-05    |
|    n_updates       | 112259   |
---------------------------------
---------------------------------
| rollout/           |          |
|    ep_len_mean     | 109      |
|    ep_rew_mean     | -11.7    |
|    success_rate    | 0.15     |
| time/              |          |
|    episodes        | 4312     |
|    fps             | 84       |
|    time_elapsed    | 5371     |
|    total_timesteps | 451740   |
| train/             |          |
|    actor_loss      | -1.81    |
|    critic_loss     | 3.89     |
|    ent_coef        | 0.001    |
|    learning_rate   | 1e-05    |
|    n_updates       | 112434   |
---------------------------------
---------------------------------
| rollout/           |          |
|    ep_len_mean     | 107      |
|    ep_rew_mean     | -11.7    |
|    success_rate    | 0.15     |
| time/              |          |
|    episodes        | 4316     |
|    fps             | 84       |
|    time_elapsed    | 5373     |
|    total_timesteps | 451892   |
| train/             |          |
|    actor_loss      | -2.39    |
|    critic_loss     | 3.19     |
|    ent_coef        | 0.001    |
|    learning_rate   | 1e-05    |
|    n_updates       | 112472   |
---------------------------------
---------------------------------
| rollout/           |          |
|    ep_len_mean     | 107      |
|    ep_rew_mean     | -11.3    |
|    success_rate    | 0.16     |
| time/              |          |
|    episodes        | 4320     |
|    fps             | 84       |
|    time_elapsed    | 5374     |
|    total_timesteps | 452036   |
| train/             |          |
|    actor_loss      | -2.93    |
|    critic_loss     | 3.47     |
|    ent_coef        | 0.001    |
|    learning_rate   | 1e-05    |
|    n_updates       | 112508   |
---------------------------------
---------------------------------
| rollout/           |          |
|    ep_len_mean     | 104      |
|    ep_rew_mean     | -12      |
|    success_rate    | 0.15     |
| time/              |          |
|    episodes        | 4324     |
|    fps             | 84       |
|    time_elapsed    | 5377     |
|    total_timesteps | 452460   |
| train/             |          |
|    actor_loss      | -2.45    |
|    critic_loss     | 3.77     |
|    ent_coef        | 0.001    |
|    learning_rate   | 1e-05    |
|    n_updates       | 112614   |
---------------------------------
---------------------------------
| rollout/           |          |
|    ep_len_mean     | 102      |
|    ep_rew_mean     | -12.1    |
|    success_rate    | 0.15     |
| time/              |          |
|    episodes        | 4328     |
|    fps             | 84       |
|    time_elapsed    | 5379     |
|    total_timesteps | 452772   |
| train/             |          |
|    actor_loss      | -3.14    |
|    critic_loss     | 3.63     |
|    ent_coef        | 0.001    |
|    learning_rate   | 1e-05    |
|    n_updates       | 112692   |
---------------------------------
---------------------------------
| rollout/           |          |
|    ep_len_mean     | 103      |
|    ep_rew_mean     | -11.7    |
|    success_rate    | 0.15     |
| time/              |          |
|    episodes        | 4332     |
|    fps             | 84       |
|    time_elapsed    | 5383     |
|    total_timesteps | 453392   |
| train/             |          |
|    actor_loss      | -2.64    |
|    critic_loss     | 3.48     |
|    ent_coef        | 0.001    |
|    learning_rate   | 1e-05    |
|    n_updates       | 112847   |
---------------------------------
---------------------------------
| rollout/           |          |
|    ep_len_mean     | 102      |
|    ep_rew_mean     | -11.6    |
|    success_rate    | 0.15     |
| time/              |          |
|    episodes        | 4336     |
|    fps             | 84       |
|    time_elapsed    | 5384     |
|    total_timesteps | 453472   |
| train/             |          |
|    actor_loss      | -2.72    |
|    critic_loss     | 4.18     |
|    ent_coef        | 0.001    |
|    learning_rate   | 1e-05    |
|    n_updates       | 112867   |
---------------------------------
---------------------------------
| rollout/           |          |
|    ep_len_mean     | 98.4     |
|    ep_rew_mean     | -11.5    |
|    success_rate    | 0.16     |
| time/              |          |
|    episodes        | 4340     |
|    fps             | 84       |
|    time_elapsed    | 5386     |
|    total_timesteps | 453924   |
| train/             |          |
|    actor_loss      | -2.68    |
|    critic_loss     | 3.21     |
|    ent_coef        | 0.001    |
|    learning_rate   | 1e-05    |
|    n_updates       | 112980   |
---------------------------------
---------------------------------
| rollout/           |          |
|    ep_len_mean     | 97.8     |
|    ep_rew_mean     | -12      |
|    success_rate    | 0.14     |
| time/              |          |
|    episodes        | 4344     |
|    fps             | 84       |
|    time_elapsed    | 5387     |
|    total_timesteps | 454004   |
| train/             |          |
|    actor_loss      | -3.66    |
|    critic_loss     | 3.49     |
|    ent_coef        | 0.001    |
|    learning_rate   | 1e-05    |
|    n_updates       | 113000   |
---------------------------------
---------------------------------
| rollout/           |          |
|    ep_len_mean     | 94.1     |
|    ep_rew_mean     | -12.7    |
|    success_rate    | 0.13     |
| time/              |          |
|    episodes        | 4348     |
|    fps             | 84       |
|    time_elapsed    | 5389     |
|    total_timesteps | 454200   |
| train/             |          |
|    actor_loss      | -2.72    |
|    critic_loss     | 2.87     |
|    ent_coef        | 0.001    |
|    learning_rate   | 1e-05    |
|    n_updates       | 113049   |
---------------------------------
---------------------------------
| rollout/           |          |
|    ep_len_mean     | 94.5     |
|    ep_rew_mean     | -13.1    |
|    success_rate    | 0.12     |
| time/              |          |
|    episodes        | 4352     |
|    fps             | 84       |
|    time_elapsed    | 5392     |
|    total_timesteps | 454708   |
| train/             |          |
|    actor_loss      | -2.11    |
|    critic_loss     | 3.99     |
|    ent_coef        | 0.001    |
|    learning_rate   | 1e-05    |
|    n_updates       | 113176   |
---------------------------------
---------------------------------
| rollout/           |          |
|    ep_len_mean     | 96.1     |
|    ep_rew_mean     | -13.7    |
|    success_rate    | 0.1      |
| time/              |          |
|    episodes        | 4356     |
|    fps             | 84       |
|    time_elapsed    | 5396     |
|    total_timesteps | 455404   |
| train/             |          |
|    actor_loss      | -1.72    |
|    critic_loss     | 3.86     |
|    ent_coef        | 0.001    |
|    learning_rate   | 1e-05    |
|    n_updates       | 113350   |
---------------------------------
---------------------------------
| rollout/           |          |
|    ep_len_mean     | 96.1     |
|    ep_rew_mean     | -13      |
|    success_rate    | 0.12     |
| time/              |          |
|    episodes        | 4360     |
|    fps             | 84       |
|    time_elapsed    | 5398     |
|    total_timesteps | 455608   |
| train/             |          |
|    actor_loss      | -2.78    |
|    critic_loss     | 3.25     |
|    ent_coef        | 0.001    |
|    learning_rate   | 1e-05    |
|    n_updates       | 113401   |
---------------------------------
---------------------------------
| rollout/           |          |
|    ep_len_mean     | 94.7     |
|    ep_rew_mean     | -13.1    |
|    success_rate    | 0.12     |
| time/              |          |
|    episodes        | 4364     |
|    fps             | 84       |
|    time_elapsed    | 5399     |
|    total_timesteps | 455812   |
| train/             |          |
|    actor_loss      | -1.96    |
|    critic_loss     | 4.36     |
|    ent_coef        | 0.001    |
|    learning_rate   | 1e-05    |
|    n_updates       | 113452   |
---------------------------------
---------------------------------
| rollout/           |          |
|    ep_len_mean     | 93       |
|    ep_rew_mean     | -13.2    |
|    success_rate    | 0.12     |
| time/              |          |
|    episodes        | 4368     |
|    fps             | 84       |
|    time_elapsed    | 5403     |
|    total_timesteps | 456368   |
| train/             |          |
|    actor_loss      | -2.84    |
|    critic_loss     | 3.2      |
|    ent_coef        | 0.001    |
|    learning_rate   | 1e-05    |
|    n_updates       | 113591   |
---------------------------------
---------------------------------
| rollout/           |          |
|    ep_len_mean     | 99.8     |
|    ep_rew_mean     | -12.6    |
|    success_rate    | 0.12     |
| time/              |          |
|    episodes        | 4372     |
|    fps             | 84       |
|    time_elapsed    | 5407     |
|    total_timesteps | 457068   |
| train/             |          |
|    actor_loss      | -3.18    |
|    critic_loss     | 3.24     |
|    ent_coef        | 0.001    |
|    learning_rate   | 1e-05    |
|    n_updates       | 113766   |
---------------------------------
---------------------------------
| rollout/           |          |
|    ep_len_mean     | 97.9     |
|    ep_rew_mean     | -12.9    |
|    success_rate    | 0.12     |
| time/              |          |
|    episodes        | 4376     |
|    fps             | 84       |
|    time_elapsed    | 5410     |
|    total_timesteps | 457512   |
| train/             |          |
|    actor_loss      | -1.64    |
|    critic_loss     | 5.11     |
|    ent_coef        | 0.001    |
|    learning_rate   | 1e-05    |
|    n_updates       | 113877   |
---------------------------------
---------------------------------
| rollout/           |          |
|    ep_len_mean     | 99.5     |
|    ep_rew_mean     | -12.8    |
|    success_rate    | 0.11     |
| time/              |          |
|    episodes        | 4380     |
|    fps             | 84       |
|    time_elapsed    | 5413     |
|    total_timesteps | 457920   |
| train/             |          |
|    actor_loss      | -2.28    |
|    critic_loss     | 3.2      |
|    ent_coef        | 0.001    |
|    learning_rate   | 1e-05    |
|    n_updates       | 113979   |
---------------------------------
---------------------------------
| rollout/           |          |
|    ep_len_mean     | 103      |
|    ep_rew_mean     | -12.5    |
|    success_rate    | 0.11     |
| time/              |          |
|    episodes        | 4384     |
|    fps             | 84       |
|    time_elapsed    | 5417     |
|    total_timesteps | 458620   |
| train/             |          |
|    actor_loss      | -1.94    |
|    critic_loss     | 6.25     |
|    ent_coef        | 0.001    |
|    learning_rate   | 1e-05    |
|    n_updates       | 114154   |
---------------------------------
---------------------------------
| rollout/           |          |
|    ep_len_mean     | 104      |
|    ep_rew_mean     | -12.5    |
|    success_rate    | 0.1      |
| time/              |          |
|    episodes        | 4388     |
|    fps             | 84       |
|    time_elapsed    | 5421     |
|    total_timesteps | 459320   |
| train/             |          |
|    actor_loss      | -2.53    |
|    critic_loss     | 4.5      |
|    ent_coef        | 0.001    |
|    learning_rate   | 1e-05    |
|    n_updates       | 114329   |
---------------------------------
---------------------------------
| rollout/           |          |
|    ep_len_mean     | 105      |
|    ep_rew_mean     | -12.7    |
|    success_rate    | 0.09     |
| time/              |          |
|    episodes        | 4392     |
|    fps             | 84       |
|    time_elapsed    | 5424     |
|    total_timesteps | 459684   |
| train/             |          |
|    actor_loss      | -1.9     |
|    critic_loss     | 4.68     |
|    ent_coef        | 0.001    |
|    learning_rate   | 1e-05    |
|    n_updates       | 114420   |
---------------------------------
Eval num_timesteps=460000, episode_reward=-5.01 +/- 3.93
Episode length: 168.36 +/- 32.54
Success rate: 4.00%
---------------------------------
| eval/              |          |
|    mean_ep_length  | 168      |
|    mean_reward     | -5.01    |
|    success_rate    | 0.04     |
| time/              |          |
|    total_timesteps | 460000   |
| train/             |          |
|    actor_loss      | -2.06    |
|    critic_loss     | 3.39     |
|    ent_coef        | 0.001    |
|    learning_rate   | 1e-05    |
|    n_updates       | 114499   |
---------------------------------
Eval num_timesteps=460000, episode_reward=-11.12 +/- 12.90
Episode length: 100.94 +/- 81.27
Success rate: 24.00%
---------------------------------
| eval/              |          |
|    mean_ep_length  | 101      |
|    mean_reward     | -11.1    |
|    success_rate    | 0.24     |
| time/              |          |
|    total_timesteps | 460000   |
---------------------------------
Eval num_timesteps=460000, episode_reward=-14.39 +/- 11.39
Episode length: 48.00 +/- 68.95
Success rate: 18.00%
---------------------------------
| eval/              |          |
|    mean_ep_length  | 48       |
|    mean_reward     | -14.4    |
|    success_rate    | 0.18     |
| time/              |          |
|    total_timesteps | 460000   |
---------------------------------
[DenseSuccessCallback - ascend] New best: 18.0% -> ./checkpoints/dense_refinement_20260424_125903/best_model_ascend.zip
---------------------------------
| rollout/           |          |
|    ep_len_mean     | 106      |
|    ep_rew_mean     | -12.4    |
|    success_rate    | 0.09     |
| time/              |          |
|    episodes        | 4396     |
|    fps             | 83       |
|    time_elapsed    | 5485     |
|    total_timesteps | 460384   |
| train/             |          |
|    actor_loss      | -3.6     |
|    critic_loss     | 2.32     |
|    ent_coef        | 0.001    |
|    learning_rate   | 1e-05    |
|    n_updates       | 114595   |
---------------------------------
---------------------------------
| rollout/           |          |
|    ep_len_mean     | 112      |
|    ep_rew_mean     | -12.5    |
|    success_rate    | 0.07     |
| time/              |          |
|    episodes        | 4400     |
|    fps             | 83       |
|    time_elapsed    | 5489     |
|    total_timesteps | 461084   |
| train/             |          |
|    actor_loss      | -3.06    |
|    critic_loss     | 3.6      |
|    ent_coef        | 0.001    |
|    learning_rate   | 1e-05    |
|    n_updates       | 114770   |
---------------------------------
---------------------------------
| rollout/           |          |
|    ep_len_mean     | 112      |
|    ep_rew_mean     | -12.1    |
|    success_rate    | 0.08     |
| time/              |          |
|    episodes        | 4404     |
|    fps             | 84       |
|    time_elapsed    | 5493     |
|    total_timesteps | 461712   |
| train/             |          |
|    actor_loss      | -2.52    |
|    critic_loss     | 3.74     |
|    ent_coef        | 0.001    |
|    learning_rate   | 1e-05    |
|    n_updates       | 114927   |
---------------------------------
---------------------------------
| rollout/           |          |
|    ep_len_mean     | 111      |
|    ep_rew_mean     | -11.8    |
|    success_rate    | 0.08     |
| time/              |          |
|    episodes        | 4408     |
|    fps             | 84       |
|    time_elapsed    | 5496     |
|    total_timesteps | 462068   |
| train/             |          |
|    actor_loss      | -1.88    |
|    critic_loss     | 3.62     |
|    ent_coef        | 0.001    |
|    learning_rate   | 1e-05    |
|    n_updates       | 115016   |
---------------------------------
---------------------------------
| rollout/           |          |
|    ep_len_mean     | 112      |
|    ep_rew_mean     | -11.8    |
|    success_rate    | 0.08     |
| time/              |          |
|    episodes        | 4412     |
|    fps             | 84       |
|    time_elapsed    | 5500     |
|    total_timesteps | 462768   |
| train/             |          |
|    actor_loss      | -1.72    |
|    critic_loss     | 4.23     |
|    ent_coef        | 0.001    |
|    learning_rate   | 1e-05    |
|    n_updates       | 115191   |
---------------------------------
---------------------------------
| rollout/           |          |
|    ep_len_mean     | 116      |
|    ep_rew_mean     | -12.2    |
|    success_rate    | 0.07     |
| time/              |          |
|    episodes        | 4416     |
|    fps             | 84       |
|    time_elapsed    | 5502     |
|    total_timesteps | 463188   |
| train/             |          |
|    actor_loss      | -1.89    |
|    critic_loss     | 3.77     |
|    ent_coef        | 0.001    |
|    learning_rate   | 1e-05    |
|    n_updates       | 115296   |
---------------------------------
---------------------------------
| rollout/           |          |
|    ep_len_mean     | 117      |
|    ep_rew_mean     | -12.4    |
|    success_rate    | 0.06     |
| time/              |          |
|    episodes        | 4420     |
|    fps             | 84       |
|    time_elapsed    | 5507     |
|    total_timesteps | 463884   |
| train/             |          |
|    actor_loss      | -2.6     |
|    critic_loss     | 3.2      |
|    ent_coef        | 0.001    |
|    learning_rate   | 1e-05    |
|    n_updates       | 115470   |
---------------------------------
---------------------------------
| rollout/           |          |
|    ep_len_mean     | 117      |
|    ep_rew_mean     | -12.2    |
|    success_rate    | 0.06     |
| time/              |          |
|    episodes        | 4424     |
|    fps             | 84       |
|    time_elapsed    | 5507     |
|    total_timesteps | 463908   |
| train/             |          |
|    actor_loss      | -1.8     |
|    critic_loss     | 5.49     |
|    ent_coef        | 0.001    |
|    learning_rate   | 1e-05    |
|    n_updates       | 115476   |
---------------------------------
---------------------------------
| rollout/           |          |
|    ep_len_mean     | 116      |
|    ep_rew_mean     | -11.8    |
|    success_rate    | 0.08     |
| time/              |          |
|    episodes        | 4428     |
|    fps             | 84       |
|    time_elapsed    | 5511     |
|    total_timesteps | 464456   |
| train/             |          |
|    actor_loss      | -3.94    |
|    critic_loss     | 3.01     |
|    ent_coef        | 0.001    |
|    learning_rate   | 1e-05    |
|    n_updates       | 115613   |
---------------------------------
---------------------------------
| rollout/           |          |
|    ep_len_mean     | 114      |
|    ep_rew_mean     | -11.6    |
|    success_rate    | 0.09     |
| time/              |          |
|    episodes        | 4432     |
|    fps             | 84       |
|    time_elapsed    | 5512     |
|    total_timesteps | 464644   |
| train/             |          |
|    actor_loss      | -2.66    |
|    critic_loss     | 5.21     |
|    ent_coef        | 0.001    |
|    learning_rate   | 1e-05    |
|    n_updates       | 115660   |
---------------------------------
---------------------------------
| rollout/           |          |
|    ep_len_mean     | 118      |
|    ep_rew_mean     | -11.6    |
|    success_rate    | 0.09     |
| time/              |          |
|    episodes        | 4436     |
|    fps             | 84       |
|    time_elapsed    | 5516     |
|    total_timesteps | 465304   |
| train/             |          |
|    actor_loss      | -1.88    |
|    critic_loss     | 3.19     |
|    ent_coef        | 0.001    |
|    learning_rate   | 1e-05    |
|    n_updates       | 115825   |
---------------------------------
---------------------------------
| rollout/           |          |
|    ep_len_mean     | 117      |
|    ep_rew_mean     | -11.4    |
|    success_rate    | 0.09     |
| time/              |          |
|    episodes        | 4440     |
|    fps             | 84       |
|    time_elapsed    | 5516     |
|    total_timesteps | 465356   |
| train/             |          |
|    actor_loss      | -2.11    |
|    critic_loss     | 3.62     |
|    ent_coef        | 0.001    |
|    learning_rate   | 1e-05    |
|    n_updates       | 115838   |
---------------------------------
---------------------------------
| rollout/           |          |
|    ep_len_mean     | 118      |
|    ep_rew_mean     | -10.7    |
|    success_rate    | 0.11     |
| time/              |          |
|    episodes        | 4444     |
|    fps             | 84       |
|    time_elapsed    | 5520     |
|    total_timesteps | 465972   |
| train/             |          |
|    actor_loss      | -1.8     |
|    critic_loss     | 3.32     |
|    ent_coef        | 0.001    |
|    learning_rate   | 1e-05    |
|    n_updates       | 115992   |
---------------------------------
---------------------------------
| rollout/           |          |
|    ep_len_mean     | 120      |
|    ep_rew_mean     | -10.2    |
|    success_rate    | 0.12     |
| time/              |          |
|    episodes        | 4448     |
|    fps             | 84       |
|    time_elapsed    | 5521     |
|    total_timesteps | 466076   |
| train/             |          |
|    actor_loss      | -2.17    |
|    critic_loss     | 3.86     |
|    ent_coef        | 0.001    |
|    learning_rate   | 1e-05    |
|    n_updates       | 116018   |
---------------------------------
---------------------------------
| rollout/           |          |
|    ep_len_mean     | 116      |
|    ep_rew_mean     | -9.83    |
|    success_rate    | 0.14     |
| time/              |          |
|    episodes        | 4452     |
|    fps             | 84       |
|    time_elapsed    | 5523     |
|    total_timesteps | 466308   |
| train/             |          |
|    actor_loss      | -1.66    |
|    critic_loss     | 3.32     |
|    ent_coef        | 0.001    |
|    learning_rate   | 1e-05    |
|    n_updates       | 116076   |
---------------------------------
---------------------------------
| rollout/           |          |
|    ep_len_mean     | 115      |
|    ep_rew_mean     | -9.47    |
|    success_rate    | 0.15     |
| time/              |          |
|    episodes        | 4456     |
|    fps             | 84       |
|    time_elapsed    | 5526     |
|    total_timesteps | 466776   |
| train/             |          |
|    actor_loss      | -1.87    |
|    critic_loss     | 2.99     |
|    ent_coef        | 0.001    |
|    learning_rate   | 1e-05    |
|    n_updates       | 116193   |
---------------------------------
---------------------------------
| rollout/           |          |
|    ep_len_mean     | 117      |
|    ep_rew_mean     | -9.47    |
|    success_rate    | 0.14     |
| time/              |          |
|    episodes        | 4460     |
|    fps             | 84       |
|    time_elapsed    | 5530     |
|    total_timesteps | 467384   |
| train/             |          |
|    actor_loss      | -1.99    |
|    critic_loss     | 9.68     |
|    ent_coef        | 0.001    |
|    learning_rate   | 1e-05    |
|    n_updates       | 116345   |
---------------------------------
---------------------------------
| rollout/           |          |
|    ep_len_mean     | 119      |
|    ep_rew_mean     | -9.65    |
|    success_rate    | 0.13     |
| time/              |          |
|    episodes        | 4464     |
|    fps             | 84       |
|    time_elapsed    | 5533     |
|    total_timesteps | 467844   |
| train/             |          |
|    actor_loss      | -3.04    |
|    critic_loss     | 3.63     |
|    ent_coef        | 0.001    |
|    learning_rate   | 1e-05    |
|    n_updates       | 116460   |
---------------------------------
---------------------------------
| rollout/           |          |
|    ep_len_mean     | 120      |
|    ep_rew_mean     | -9.86    |
|    success_rate    | 0.13     |
| time/              |          |
|    episodes        | 4468     |
|    fps             | 84       |
|    time_elapsed    | 5536     |
|    total_timesteps | 468320   |
| train/             |          |
|    actor_loss      | -2.56    |
|    critic_loss     | 3.31     |
|    ent_coef        | 0.001    |
|    learning_rate   | 1e-05    |
|    n_updates       | 116579   |
---------------------------------
---------------------------------
| rollout/           |          |
|    ep_len_mean     | 115      |
|    ep_rew_mean     | -10.2    |
|    success_rate    | 0.14     |
| time/              |          |
|    episodes        | 4472     |
|    fps             | 84       |
|    time_elapsed    | 5538     |
|    total_timesteps | 468544   |
| train/             |          |
|    actor_loss      | -2.63    |
|    critic_loss     | 8.65     |
|    ent_coef        | 0.001    |
|    learning_rate   | 1e-05    |
|    n_updates       | 116635   |
---------------------------------
---------------------------------
| rollout/           |          |
|    ep_len_mean     | 114      |
|    ep_rew_mean     | -9.88    |
|    success_rate    | 0.15     |
| time/              |          |
|    episodes        | 4476     |
|    fps             | 84       |
|    time_elapsed    | 5541     |
|    total_timesteps | 469032   |
| train/             |          |
|    actor_loss      | -2.27    |
|    critic_loss     | 3.57     |
|    ent_coef        | 0.001    |
|    learning_rate   | 1e-05    |
|    n_updates       | 116757   |
---------------------------------
---------------------------------
| rollout/           |          |
|    ep_len_mean     | 112      |
|    ep_rew_mean     | -10.2    |
|    success_rate    | 0.15     |
| time/              |          |
|    episodes        | 4480     |
|    fps             | 84       |
|    time_elapsed    | 5542     |
|    total_timesteps | 469120   |
| train/             |          |
|    actor_loss      | -2.83    |
|    critic_loss     | 5.69     |
|    ent_coef        | 0.001    |
|    learning_rate   | 1e-05    |
|    n_updates       | 116779   |
---------------------------------
---------------------------------
| rollout/           |          |
|    ep_len_mean     | 111      |
|    ep_rew_mean     | -10.3    |
|    success_rate    | 0.15     |
| time/              |          |
|    episodes        | 4484     |
|    fps             | 84       |
|    time_elapsed    | 5546     |
|    total_timesteps | 469752   |
| train/             |          |
|    actor_loss      | -1.8     |
|    critic_loss     | 3.46     |
|    ent_coef        | 0.001    |
|    learning_rate   | 1e-05    |
|    n_updates       | 116937   |
---------------------------------
---------------------------------
| rollout/           |          |
|    ep_len_mean     | 107      |
|    ep_rew_mean     | -10      |
|    success_rate    | 0.16     |
| time/              |          |
|    episodes        | 4488     |
|    fps             | 84       |
|    time_elapsed    | 5546     |
|    total_timesteps | 469820   |
| train/             |          |
|    actor_loss      | -2.28    |
|    critic_loss     | 6.38     |
|    ent_coef        | 0.001    |
|    learning_rate   | 1e-05    |
|    n_updates       | 116954   |
---------------------------------
---------------------------------
| rollout/           |          |
|    ep_len_mean     | 103      |
|    ep_rew_mean     | -9.65    |
|    success_rate    | 0.18     |
| time/              |          |
|    episodes        | 4492     |
|    fps             | 84       |
|    time_elapsed    | 5547     |
|    total_timesteps | 469936   |
| train/             |          |
|    actor_loss      | -2.24    |
|    critic_loss     | 3.17     |
|    ent_coef        | 0.001    |
|    learning_rate   | 1e-05    |
|    n_updates       | 116983   |
---------------------------------
Eval num_timesteps=470000, episode_reward=-5.00 +/- 3.06
Episode length: 171.80 +/- 22.40
Success rate: 2.00%
---------------------------------
| eval/              |          |
|    mean_ep_length  | 172      |
|    mean_reward     | -5       |
|    success_rate    | 0.02     |
| time/              |          |
|    total_timesteps | 470000   |
| train/             |          |
|    actor_loss      | -2.08    |
|    critic_loss     | 3.53     |
|    ent_coef        | 0.001    |
|    learning_rate   | 1e-05    |
|    n_updates       | 116999   |
---------------------------------
Eval num_timesteps=470000, episode_reward=-8.41 +/- 12.97
Episode length: 92.20 +/- 81.65
Success rate: 30.00%
---------------------------------
| eval/              |          |
|    mean_ep_length  | 92.2     |
|    mean_reward     | -8.41    |
|    success_rate    | 0.3      |
| time/              |          |
|    total_timesteps | 470000   |
---------------------------------
Eval num_timesteps=470000, episode_reward=-14.29 +/- 11.31
Episode length: 67.66 +/- 77.97
Success rate: 18.00%
---------------------------------
| eval/              |          |
|    mean_ep_length  | 67.7     |
|    mean_reward     | -14.3    |
|    success_rate    | 0.18     |
| time/              |          |
|    total_timesteps | 470000   |
---------------------------------
---------------------------------
| rollout/           |          |
|    ep_len_mean     | 98.6     |
|    ep_rew_mean     | -9.66    |
|    success_rate    | 0.2      |
| time/              |          |
|    episodes        | 4496     |
|    fps             | 83       |
|    time_elapsed    | 5609     |
|    total_timesteps | 470336   |
| train/             |          |
|    actor_loss      | -2.94    |
|    critic_loss     | 3.89     |
|    ent_coef        | 0.001    |
|    learning_rate   | 1e-05    |
|    n_updates       | 117083   |
---------------------------------
---------------------------------
| rollout/           |          |
|    ep_len_mean     | 95.4     |
|    ep_rew_mean     | -9.5     |
|    success_rate    | 0.21     |
| time/              |          |
|    episodes        | 4500     |
|    fps             | 83       |
|    time_elapsed    | 5611     |
|    total_timesteps | 470576   |
| train/             |          |
|    actor_loss      | -2.92    |
|    critic_loss     | 3.28     |
|    ent_coef        | 0.001    |
|    learning_rate   | 1e-05    |
|    n_updates       | 117143   |
---------------------------------
---------------------------------
| rollout/           |          |
|    ep_len_mean     | 95.2     |
|    ep_rew_mean     | -9.83    |
|    success_rate    | 0.2      |
| time/              |          |
|    episodes        | 4504     |
|    fps             | 83       |
|    time_elapsed    | 5616     |
|    total_timesteps | 471272   |
| train/             |          |
|    actor_loss      | -3.27    |
|    critic_loss     | 5.6      |
|    ent_coef        | 0.001    |
|    learning_rate   | 1e-05    |
|    n_updates       | 117317   |
---------------------------------
---------------------------------
| rollout/           |          |
|    ep_len_mean     | 93.6     |
|    ep_rew_mean     | -10.2    |
|    success_rate    | 0.2      |
| time/              |          |
|    episodes        | 4508     |
|    fps             | 83       |
|    time_elapsed    | 5617     |
|    total_timesteps | 471372   |
| train/             |          |
|    actor_loss      | -2.6     |
|    critic_loss     | 3.08     |
|    ent_coef        | 0.001    |
|    learning_rate   | 1e-05    |
|    n_updates       | 117342   |
---------------------------------
---------------------------------
| rollout/           |          |
|    ep_len_mean     | 90.2     |
|    ep_rew_mean     | -10.2    |
|    success_rate    | 0.2      |
| time/              |          |
|    episodes        | 4512     |
|    fps             | 83       |
|    time_elapsed    | 5619     |
|    total_timesteps | 471736   |
| train/             |          |
|    actor_loss      | -2.22    |
|    critic_loss     | 3.18     |
|    ent_coef        | 0.001    |
|    learning_rate   | 1e-05    |
|    n_updates       | 117433   |
---------------------------------
---------------------------------
| rollout/           |          |
|    ep_len_mean     | 89.8     |
|    ep_rew_mean     | -10.2    |
|    success_rate    | 0.2      |
| time/              |          |
|    episodes        | 4516     |
|    fps             | 84       |
|    time_elapsed    | 5624     |
|    total_timesteps | 472436   |
| train/             |          |
|    actor_loss      | -2.34    |
|    critic_loss     | 3.46     |
|    ent_coef        | 0.001    |
|    learning_rate   | 1e-05    |
|    n_updates       | 117608   |
---------------------------------
---------------------------------
| rollout/           |          |
|    ep_len_mean     | 88.2     |
|    ep_rew_mean     | -9.97    |
|    success_rate    | 0.21     |
| time/              |          |
|    episodes        | 4520     |
|    fps             | 84       |
|    time_elapsed    | 5626     |
|    total_timesteps | 472728   |
| train/             |          |
|    actor_loss      | -1.92    |
|    critic_loss     | 3.66     |
|    ent_coef        | 0.001    |
|    learning_rate   | 1e-05    |
|    n_updates       | 117681   |
---------------------------------
---------------------------------
| rollout/           |          |
|    ep_len_mean     | 89.9     |
|    ep_rew_mean     | -9.57    |
|    success_rate    | 0.22     |
| time/              |          |
|    episodes        | 4524     |
|    fps             | 84       |
|    time_elapsed    | 5629     |
|    total_timesteps | 473172   |
| train/             |          |
|    actor_loss      | -3.3     |
|    critic_loss     | 2.92     |
|    ent_coef        | 0.001    |
|    learning_rate   | 1e-05    |
|    n_updates       | 117792   |
---------------------------------
---------------------------------
| rollout/           |          |
|    ep_len_mean     | 90       |
|    ep_rew_mean     | -9.71    |
|    success_rate    | 0.21     |
| time/              |          |
|    episodes        | 4528     |
|    fps             | 84       |
|    time_elapsed    | 5631     |
|    total_timesteps | 473464   |
| train/             |          |
|    actor_loss      | -1.09    |
|    critic_loss     | 4.07     |
|    ent_coef        | 0.001    |
|    learning_rate   | 1e-05    |
|    n_updates       | 117865   |
---------------------------------
---------------------------------
| rollout/           |          |
|    ep_len_mean     | 88.3     |
|    ep_rew_mean     | -9.57    |
|    success_rate    | 0.22     |
| time/              |          |
|    episodes        | 4532     |
|    fps             | 84       |
|    time_elapsed    | 5632     |
|    total_timesteps | 473560   |
| train/             |          |
|    actor_loss      | -2.88    |
|    critic_loss     | 3.14     |
|    ent_coef        | 0.001    |
|    learning_rate   | 1e-05    |
|    n_updates       | 117889   |
---------------------------------
---------------------------------
| rollout/           |          |
|    ep_len_mean     | 83.2     |
|    ep_rew_mean     | -9.22    |
|    success_rate    | 0.24     |
| time/              |          |
|    episodes        | 4536     |
|    fps             | 84       |
|    time_elapsed    | 5633     |
|    total_timesteps | 473652   |
| train/             |          |
|    actor_loss      | -1.83    |
|    critic_loss     | 4.65     |
|    ent_coef        | 0.001    |
|    learning_rate   | 1e-05    |
|    n_updates       | 117912   |
---------------------------------
---------------------------------
| rollout/           |          |
|    ep_len_mean     | 85.5     |
|    ep_rew_mean     | -9.58    |
|    success_rate    | 0.23     |
| time/              |          |
|    episodes        | 4540     |
|    fps             | 84       |
|    time_elapsed    | 5635     |
|    total_timesteps | 473944   |
| train/             |          |
|    actor_loss      | -0.997   |
|    critic_loss     | 5.59     |
|    ent_coef        | 0.001    |
|    learning_rate   | 1e-05    |
|    n_updates       | 117985   |
---------------------------------
---------------------------------
| rollout/           |          |
|    ep_len_mean     | 86.7     |
|    ep_rew_mean     | -9.89    |
|    success_rate    | 0.22     |
| time/              |          |
|    episodes        | 4544     |
|    fps             | 84       |
|    time_elapsed    | 5639     |
|    total_timesteps | 474572   |
| train/             |          |
|    actor_loss      | -3.53    |
|    critic_loss     | 3.38     |
|    ent_coef        | 0.001    |
|    learning_rate   | 1e-05    |
|    n_updates       | 118142   |
---------------------------------
---------------------------------
| rollout/           |          |
|    ep_len_mean     | 87       |
|    ep_rew_mean     | -9.97    |
|    success_rate    | 0.22     |
| time/              |          |
|    episodes        | 4548     |
|    fps             | 84       |
|    time_elapsed    | 5641     |
|    total_timesteps | 474796   |
| train/             |          |
|    actor_loss      | -2.41    |
|    critic_loss     | 3.59     |
|    ent_coef        | 0.001    |
|    learning_rate   | 1e-05    |
|    n_updates       | 118198   |
---------------------------------
---------------------------------
| rollout/           |          |
|    ep_len_mean     | 90.5     |
|    ep_rew_mean     | -10.8    |
|    success_rate    | 0.2      |
| time/              |          |
|    episodes        | 4552     |
|    fps             | 84       |
|    time_elapsed    | 5644     |
|    total_timesteps | 475356   |
| train/             |          |
|    actor_loss      | -2.34    |
|    critic_loss     | 4.02     |
|    ent_coef        | 0.001    |
|    learning_rate   | 1e-05    |
|    n_updates       | 118338   |
---------------------------------
---------------------------------
| rollout/           |          |
|    ep_len_mean     | 91.9     |
|    ep_rew_mean     | -11.2    |
|    success_rate    | 0.19     |
| time/              |          |
|    episodes        | 4556     |
|    fps             | 84       |
|    time_elapsed    | 5649     |
|    total_timesteps | 476036   |
| train/             |          |
|    actor_loss      | -1.25    |
|    critic_loss     | 6.39     |
|    ent_coef        | 0.001    |
|    learning_rate   | 1e-05    |
|    n_updates       | 118508   |
---------------------------------
---------------------------------
| rollout/           |          |
|    ep_len_mean     | 91.7     |
|    ep_rew_mean     | -11.4    |
|    success_rate    | 0.19     |
| time/              |          |
|    episodes        | 4560     |
|    fps             | 84       |
|    time_elapsed    | 5652     |
|    total_timesteps | 476584   |
| train/             |          |
|    actor_loss      | -2.18    |
|    critic_loss     | 3.37     |
|    ent_coef        | 0.001    |
|    learning_rate   | 1e-05    |
|    n_updates       | 118645   |
---------------------------------
---------------------------------
| rollout/           |          |
|    ep_len_mean     | 90       |
|    ep_rew_mean     | -11.5    |
|    success_rate    | 0.19     |
| time/              |          |
|    episodes        | 4564     |
|    fps             | 84       |
|    time_elapsed    | 5654     |
|    total_timesteps | 476788   |
| train/             |          |
|    actor_loss      | -3.19    |
|    critic_loss     | 3.81     |
|    ent_coef        | 0.001    |
|    learning_rate   | 1e-05    |
|    n_updates       | 118696   |
---------------------------------
---------------------------------
| rollout/           |          |
|    ep_len_mean     | 86.3     |
|    ep_rew_mean     | -11.3    |
|    success_rate    | 0.2      |
| time/              |          |
|    episodes        | 4568     |
|    fps             | 84       |
|    time_elapsed    | 5655     |
|    total_timesteps | 476912   |
| train/             |          |
|    actor_loss      | -3.19    |
|    critic_loss     | 4.04     |
|    ent_coef        | 0.001    |
|    learning_rate   | 1e-05    |
|    n_updates       | 118727   |
---------------------------------
---------------------------------
| rollout/           |          |
|    ep_len_mean     | 89       |
|    ep_rew_mean     | -11.1    |
|    success_rate    | 0.19     |
| time/              |          |
|    episodes        | 4572     |
|    fps             | 84       |
|    time_elapsed    | 5658     |
|    total_timesteps | 477500   |
| train/             |          |
|    actor_loss      | -2.19    |
|    critic_loss     | 8.44     |
|    ent_coef        | 0.001    |
|    learning_rate   | 1e-05    |
|    n_updates       | 118874   |
---------------------------------
---------------------------------
| rollout/           |          |
|    ep_len_mean     | 92.5     |
|    ep_rew_mean     | -11.1    |
|    success_rate    | 0.18     |
| time/              |          |
|    episodes        | 4576     |
|    fps             | 84       |
|    time_elapsed    | 5663     |
|    total_timesteps | 478188   |
| train/             |          |
|    actor_loss      | -2.1     |
|    critic_loss     | 5.31     |
|    ent_coef        | 0.001    |
|    learning_rate   | 1e-05    |
|    n_updates       | 119046   |
---------------------------------
---------------------------------
| rollout/           |          |
|    ep_len_mean     | 92.9     |
|    ep_rew_mean     | -10.9    |
|    success_rate    | 0.19     |
| time/              |          |
|    episodes        | 4580     |
|    fps             | 84       |
|    time_elapsed    | 5664     |
|    total_timesteps | 478360   |
| train/             |          |
|    actor_loss      | -2.94    |
|    critic_loss     | 4.01     |
|    ent_coef        | 0.001    |
|    learning_rate   | 1e-05    |
|    n_updates       | 119089   |
---------------------------------
---------------------------------
| rollout/           |          |
|    ep_len_mean     | 92.2     |
|    ep_rew_mean     | -10.6    |
|    success_rate    | 0.2      |
| time/              |          |
|    episodes        | 4584     |
|    fps             | 84       |
|    time_elapsed    | 5668     |
|    total_timesteps | 478976   |
| train/             |          |
|    actor_loss      | -3.53    |
|    critic_loss     | 3.11     |
|    ent_coef        | 0.001    |
|    learning_rate   | 1e-05    |
|    n_updates       | 119243   |
---------------------------------
---------------------------------
| rollout/           |          |
|    ep_len_mean     | 92.4     |
|    ep_rew_mean     | -10.6    |
|    success_rate    | 0.2      |
| time/              |          |
|    episodes        | 4588     |
|    fps             | 84       |
|    time_elapsed    | 5669     |
|    total_timesteps | 479136   |
| train/             |          |
|    actor_loss      | -0.628   |
|    critic_loss     | 3.12     |
|    ent_coef        | 0.001    |
|    learning_rate   | 1e-05    |
|    n_updates       | 119283   |
---------------------------------
---------------------------------
| rollout/           |          |
|    ep_len_mean     | 98.9     |
|    ep_rew_mean     | -10.8    |
|    success_rate    | 0.18     |
| time/              |          |
|    episodes        | 4592     |
|    fps             | 84       |
|    time_elapsed    | 5673     |
|    total_timesteps | 479836   |
| train/             |          |
|    actor_loss      | -1.82    |
|    critic_loss     | 5.74     |
|    ent_coef        | 0.001    |
|    learning_rate   | 1e-05    |
|    n_updates       | 119458   |
---------------------------------
Eval num_timesteps=480000, episode_reward=-4.72 +/- 5.68
Episode length: 167.10 +/- 32.50
Success rate: 4.00%
---------------------------------
| eval/              |          |
|    mean_ep_length  | 167      |
|    mean_reward     | -4.72    |
|    success_rate    | 0.04     |
| time/              |          |
|    total_timesteps | 480000   |
| train/             |          |
|    actor_loss      | -1.21    |
|    critic_loss     | 3.58     |
|    ent_coef        | 0.001    |
|    learning_rate   | 1e-05    |
|    n_updates       | 119499   |
---------------------------------
Eval num_timesteps=480000, episode_reward=-8.28 +/- 13.95
Episode length: 88.90 +/- 78.75
Success rate: 34.00%
---------------------------------
| eval/              |          |
|    mean_ep_length  | 88.9     |
|    mean_reward     | -8.28    |
|    success_rate    | 0.34     |
| time/              |          |
|    total_timesteps | 480000   |
---------------------------------
Eval num_timesteps=480000, episode_reward=-17.65 +/- 7.84
Episode length: 77.30 +/- 83.34
Success rate: 6.00%
---------------------------------
| eval/              |          |
|    mean_ep_length  | 77.3     |
|    mean_reward     | -17.7    |
|    success_rate    | 0.06     |
| time/              |          |
|    total_timesteps | 480000   |
---------------------------------
---------------------------------
| rollout/           |          |
|    ep_len_mean     | 102      |
|    ep_rew_mean     | -10.8    |
|    success_rate    | 0.16     |
| time/              |          |
|    episodes        | 4596     |
|    fps             | 83       |
|    time_elapsed    | 5734     |
|    total_timesteps | 480380   |
| train/             |          |
|    actor_loss      | -2.98    |
|    critic_loss     | 6.66     |
|    ent_coef        | 0.001    |
|    learning_rate   | 1e-05    |
|    n_updates       | 119594   |
---------------------------------
---------------------------------
| rollout/           |          |
|    ep_len_mean     | 99.7     |
|    ep_rew_mean     | -10.9    |
|    success_rate    | 0.16     |
| time/              |          |
|    episodes        | 4600     |
|    fps             | 83       |
|    time_elapsed    | 5736     |
|    total_timesteps | 480568   |
| train/             |          |
|    actor_loss      | -3.25    |
|    critic_loss     | 2.92     |
|    ent_coef        | 0.001    |
|    learning_rate   | 1e-05    |
|    n_updates       | 119641   |
---------------------------------
---------------------------------
| rollout/           |          |
|    ep_len_mean     | 99.9     |
|    ep_rew_mean     | -10.6    |
|    success_rate    | 0.17     |
| time/              |          |
|    episodes        | 4604     |
|    fps             | 83       |
|    time_elapsed    | 5739     |
|    total_timesteps | 481108   |
| train/             |          |
|    actor_loss      | -2.85    |
|    critic_loss     | 3.42     |
|    ent_coef        | 0.001    |
|    learning_rate   | 1e-05    |
|    n_updates       | 119776   |
---------------------------------
---------------------------------
| rollout/           |          |
|    ep_len_mean     | 99.9     |
|    ep_rew_mean     | -10.7    |
|    success_rate    | 0.16     |
| time/              |          |
|    episodes        | 4608     |
|    fps             | 83       |
|    time_elapsed    | 5741     |
|    total_timesteps | 481268   |
| train/             |          |
|    actor_loss      | -3.22    |
|    critic_loss     | 2.82     |
|    ent_coef        | 0.001    |
|    learning_rate   | 1e-05    |
|    n_updates       | 119816   |
---------------------------------
---------------------------------
| rollout/           |          |
|    ep_len_mean     | 100      |
|    ep_rew_mean     | -10.6    |
|    success_rate    | 0.16     |
| time/              |          |
|    episodes        | 4612     |
|    fps             | 83       |
|    time_elapsed    | 5744     |
|    total_timesteps | 481788   |
| train/             |          |
|    actor_loss      | -2.39    |
|    critic_loss     | 4.36     |
|    ent_coef        | 0.001    |
|    learning_rate   | 1e-05    |
|    n_updates       | 119946   |
---------------------------------
---------------------------------
| rollout/           |          |
|    ep_len_mean     | 96.6     |
|    ep_rew_mean     | -10.3    |
|    success_rate    | 0.17     |
| time/              |          |
|    episodes        | 4616     |
|    fps             | 83       |
|    time_elapsed    | 5746     |
|    total_timesteps | 482028   |
| train/             |          |
|    actor_loss      | -2.13    |
|    critic_loss     | 3.65     |
|    ent_coef        | 0.001    |
|    learning_rate   | 1e-05    |
|    n_updates       | 120006   |
---------------------------------
---------------------------------
| rollout/           |          |
|    ep_len_mean     | 96.5     |
|    ep_rew_mean     | -10.2    |
|    success_rate    | 0.17     |
| time/              |          |
|    episodes        | 4620     |
|    fps             | 83       |
|    time_elapsed    | 5749     |
|    total_timesteps | 482468   |
| train/             |          |
|    actor_loss      | -2.49    |
|    critic_loss     | 4.91     |
|    ent_coef        | 0.001    |
|    learning_rate   | 1e-05    |
|    n_updates       | 120116   |
---------------------------------
---------------------------------
| rollout/           |          |
|    ep_len_mean     | 98.2     |
|    ep_rew_mean     | -10.5    |
|    success_rate    | 0.16     |
| time/              |          |
|    episodes        | 4624     |
|    fps             | 83       |
|    time_elapsed    | 5751     |
|    total_timesteps | 482776   |
| train/             |          |
|    actor_loss      | -1.54    |
|    critic_loss     | 5.89     |
|    ent_coef        | 0.001    |
|    learning_rate   | 1e-05    |
|    n_updates       | 120193   |
---------------------------------
---------------------------------
| rollout/           |          |
|    ep_len_mean     | 98.8     |
|    ep_rew_mean     | -10.3    |
|    success_rate    | 0.17     |
| time/              |          |
|    episodes        | 4628     |
|    fps             | 83       |
|    time_elapsed    | 5755     |
|    total_timesteps | 483452   |
| train/             |          |
|    actor_loss      | -2.19    |
|    critic_loss     | 5.87     |
|    ent_coef        | 0.001    |
|    learning_rate   | 1e-05    |
|    n_updates       | 120362   |
---------------------------------
---------------------------------
| rollout/           |          |
|    ep_len_mean     | 100      |
|    ep_rew_mean     | -10.9    |
|    success_rate    | 0.15     |
| time/              |          |
|    episodes        | 4632     |
|    fps             | 83       |
|    time_elapsed    | 5756     |
|    total_timesteps | 483496   |
| train/             |          |
|    actor_loss      | -1.89    |
|    critic_loss     | 3.27     |
|    ent_coef        | 0.001    |
|    learning_rate   | 1e-05    |
|    n_updates       | 120373   |
---------------------------------
---------------------------------
| rollout/           |          |
|    ep_len_mean     | 101      |
|    ep_rew_mean     | -11.2    |
|    success_rate    | 0.14     |
| time/              |          |
|    episodes        | 4636     |
|    fps             | 84       |
|    time_elapsed    | 5758     |
|    total_timesteps | 483872   |
| train/             |          |
|    actor_loss      | -2.11    |
|    critic_loss     | 3.51     |
|    ent_coef        | 0.001    |
|    learning_rate   | 1e-05    |
|    n_updates       | 120467   |
---------------------------------
---------------------------------
| rollout/           |          |
|    ep_len_mean     | 102      |
|    ep_rew_mean     | -10.9    |
|    success_rate    | 0.14     |
| time/              |          |
|    episodes        | 4640     |
|    fps             | 84       |
|    time_elapsed    | 5760     |
|    total_timesteps | 484180   |
| train/             |          |
|    actor_loss      | -2.19    |
|    critic_loss     | 3.05     |
|    ent_coef        | 0.001    |
|    learning_rate   | 1e-05    |
|    n_updates       | 120544   |
---------------------------------
---------------------------------
| rollout/           |          |
|    ep_len_mean     | 103      |
|    ep_rew_mean     | -10.8    |
|    success_rate    | 0.13     |
| time/              |          |
|    episodes        | 4644     |
|    fps             | 84       |
|    time_elapsed    | 5765     |
|    total_timesteps | 484860   |
| train/             |          |
|    actor_loss      | -2.54    |
|    critic_loss     | 5.2      |
|    ent_coef        | 0.001    |
|    learning_rate   | 1e-05    |
|    n_updates       | 120714   |
---------------------------------
---------------------------------
| rollout/           |          |
|    ep_len_mean     | 107      |
|    ep_rew_mean     | -10.9    |
|    success_rate    | 0.12     |
| time/              |          |
|    episodes        | 4648     |
|    fps             | 84       |
|    time_elapsed    | 5769     |
|    total_timesteps | 485560   |
| train/             |          |
|    actor_loss      | -2.39    |
|    critic_loss     | 5.91     |
|    ent_coef        | 0.001    |
|    learning_rate   | 1e-05    |
|    n_updates       | 120889   |
---------------------------------
---------------------------------
| rollout/           |          |
|    ep_len_mean     | 106      |
|    ep_rew_mean     | -10.5    |
|    success_rate    | 0.12     |
| time/              |          |
|    episodes        | 4652     |
|    fps             | 84       |
|    time_elapsed    | 5772     |
|    total_timesteps | 486016   |
| train/             |          |
|    actor_loss      | -2.44    |
|    critic_loss     | 4.13     |
|    ent_coef        | 0.001    |
|    learning_rate   | 1e-05    |
|    n_updates       | 121003   |
---------------------------------
---------------------------------
| rollout/           |          |
|    ep_len_mean     | 106      |
|    ep_rew_mean     | -10      |
|    success_rate    | 0.13     |
| time/              |          |
|    episodes        | 4656     |
|    fps             | 84       |
|    time_elapsed    | 5776     |
|    total_timesteps | 486712   |
| train/             |          |
|    actor_loss      | -2.77    |
|    critic_loss     | 3.58     |
|    ent_coef        | 0.001    |
|    learning_rate   | 1e-05    |
|    n_updates       | 121177   |
---------------------------------
---------------------------------
| rollout/           |          |
|    ep_len_mean     | 103      |
|    ep_rew_mean     | -10.1    |
|    success_rate    | 0.13     |
| time/              |          |
|    episodes        | 4660     |
|    fps             | 84       |
|    time_elapsed    | 5777     |
|    total_timesteps | 486740   |
| train/             |          |
|    actor_loss      | -1.91    |
|    critic_loss     | 3.53     |
|    ent_coef        | 0.001    |
|    learning_rate   | 1e-05    |
|    n_updates       | 121184   |
---------------------------------
---------------------------------
| rollout/           |          |
|    ep_len_mean     | 102      |
|    ep_rew_mean     | -9.78    |
|    success_rate    | 0.14     |
| time/              |          |
|    episodes        | 4664     |
|    fps             | 84       |
|    time_elapsed    | 5779     |
|    total_timesteps | 486996   |
| train/             |          |
|    actor_loss      | -2.09    |
|    critic_loss     | 2.68     |
|    ent_coef        | 0.001    |
|    learning_rate   | 1e-05    |
|    n_updates       | 121248   |
---------------------------------
---------------------------------
| rollout/           |          |
|    ep_len_mean     | 103      |
|    ep_rew_mean     | -9.69    |
|    success_rate    | 0.14     |
| time/              |          |
|    episodes        | 4668     |
|    fps             | 84       |
|    time_elapsed    | 5782     |
|    total_timesteps | 487504   |
| train/             |          |
|    actor_loss      | -2.66    |
|    critic_loss     | 8.04     |
|    ent_coef        | 0.001    |
|    learning_rate   | 1e-05    |
|    n_updates       | 121375   |
---------------------------------
---------------------------------
| rollout/           |          |
|    ep_len_mean     | 102      |
|    ep_rew_mean     | -9.27    |
|    success_rate    | 0.16     |
| time/              |          |
|    episodes        | 4672     |
|    fps             | 84       |
|    time_elapsed    | 5784     |
|    total_timesteps | 487740   |
| train/             |          |
|    actor_loss      | -1.89    |
|    critic_loss     | 3.44     |
|    ent_coef        | 0.001    |
|    learning_rate   | 1e-05    |
|    n_updates       | 121434   |
---------------------------------
---------------------------------
| rollout/           |          |
|    ep_len_mean     | 103      |
|    ep_rew_mean     | -9.23    |
|    success_rate    | 0.16     |
| time/              |          |
|    episodes        | 4676     |
|    fps             | 84       |
|    time_elapsed    | 5788     |
|    total_timesteps | 488440   |
| train/             |          |
|    actor_loss      | -2.33    |
|    critic_loss     | 5.03     |
|    ent_coef        | 0.001    |
|    learning_rate   | 1e-05    |
|    n_updates       | 121609   |
---------------------------------
---------------------------------
| rollout/           |          |
|    ep_len_mean     | 103      |
|    ep_rew_mean     | -9.5     |
|    success_rate    | 0.15     |
| time/              |          |
|    episodes        | 4680     |
|    fps             | 84       |
|    time_elapsed    | 5791     |
|    total_timesteps | 488908   |
| train/             |          |
|    actor_loss      | -1.62    |
|    critic_loss     | 4.34     |
|    ent_coef        | 0.001    |
|    learning_rate   | 1e-05    |
|    n_updates       | 121726   |
---------------------------------
---------------------------------
| rollout/           |          |
|    ep_len_mean     | 103      |
|    ep_rew_mean     | -9.5     |
|    success_rate    | 0.15     |
| time/              |          |
|    episodes        | 4684     |
|    fps             | 84       |
|    time_elapsed    | 5793     |
|    total_timesteps | 489188   |
| train/             |          |
|    actor_loss      | -2.55    |
|    critic_loss     | 5.25     |
|    ent_coef        | 0.001    |
|    learning_rate   | 1e-05    |
|    n_updates       | 121796   |
---------------------------------
---------------------------------
| rollout/           |          |
|    ep_len_mean     | 106      |
|    ep_rew_mean     | -9.6     |
|    success_rate    | 0.14     |
| time/              |          |
|    episodes        | 4688     |
|    fps             | 84       |
|    time_elapsed    | 5797     |
|    total_timesteps | 489840   |
| train/             |          |
|    actor_loss      | -3.04    |
|    critic_loss     | 4.17     |
|    ent_coef        | 0.001    |
|    learning_rate   | 1e-05    |
|    n_updates       | 121959   |
---------------------------------
Eval num_timesteps=490000, episode_reward=-5.12 +/- 5.34
Episode length: 165.34 +/- 38.31
Success rate: 6.00%
---------------------------------
| eval/              |          |
|    mean_ep_length  | 165      |
|    mean_reward     | -5.12    |
|    success_rate    | 0.06     |
| time/              |          |
|    total_timesteps | 490000   |
| train/             |          |
|    actor_loss      | -2.66    |
|    critic_loss     | 6.71     |
|    ent_coef        | 0.001    |
|    learning_rate   | 1e-05    |
|    n_updates       | 121999   |
---------------------------------
Eval num_timesteps=490000, episode_reward=-4.48 +/- 12.47
Episode length: 80.22 +/- 81.68
Success rate: 42.00%
---------------------------------
| eval/              |          |
|    mean_ep_length  | 80.2     |
|    mean_reward     | -4.48    |
|    success_rate    | 0.42     |
| time/              |          |
|    total_timesteps | 490000   |
---------------------------------
New best mean reward!
Eval num_timesteps=490000, episode_reward=-17.25 +/- 8.32
Episode length: 39.94 +/- 67.96
Success rate: 8.00%
---------------------------------
| eval/              |          |
|    mean_ep_length  | 39.9     |
|    mean_reward     | -17.2    |
|    success_rate    | 0.08     |
| time/              |          |
|    total_timesteps | 490000   |
---------------------------------
---------------------------------
| rollout/           |          |
|    ep_len_mean     | 103      |
|    ep_rew_mean     | -9.11    |
|    success_rate    | 0.16     |
| time/              |          |
|    episodes        | 4692     |
|    fps             | 83       |
|    time_elapsed    | 5853     |
|    total_timesteps | 490328   |
| train/             |          |
|    actor_loss      | -3.61    |
|    critic_loss     | 4.62     |
|    ent_coef        | 0.001    |
|    learning_rate   | 1e-05    |
|    n_updates       | 122081   |
---------------------------------
---------------------------------
| rollout/           |          |
|    ep_len_mean     | 103      |
|    ep_rew_mean     | -9.02    |
|    success_rate    | 0.17     |
| time/              |          |
|    episodes        | 4696     |
|    fps             | 83       |
|    time_elapsed    | 5855     |
|    total_timesteps | 490592   |
| train/             |          |
|    actor_loss      | -2.6     |
|    critic_loss     | 3.24     |
|    ent_coef        | 0.001    |
|    learning_rate   | 1e-05    |
|    n_updates       | 122147   |
---------------------------------
---------------------------------
| rollout/           |          |
|    ep_len_mean     | 103      |
|    ep_rew_mean     | -9.04    |
|    success_rate    | 0.17     |
| time/              |          |
|    episodes        | 4700     |
|    fps             | 83       |
|    time_elapsed    | 5858     |
|    total_timesteps | 491028   |
| train/             |          |
|    actor_loss      | -2.78    |
|    critic_loss     | 3.63     |
|    ent_coef        | 0.001    |
|    learning_rate   | 1e-05    |
|    n_updates       | 122256   |
---------------------------------
---------------------------------
| rollout/           |          |
|    ep_len_mean     | 105      |
|    ep_rew_mean     | -9.11    |
|    success_rate    | 0.16     |
| time/              |          |
|    episodes        | 4704     |
|    fps             | 83       |
|    time_elapsed    | 5862     |
|    total_timesteps | 491728   |
| train/             |          |
|    actor_loss      | -2.29    |
|    critic_loss     | 4.34     |
|    ent_coef        | 0.001    |
|    learning_rate   | 1e-05    |
|    n_updates       | 122431   |
---------------------------------
---------------------------------
| rollout/           |          |
|    ep_len_mean     | 106      |
|    ep_rew_mean     | -8.9     |
|    success_rate    | 0.16     |
| time/              |          |
|    episodes        | 4708     |
|    fps             | 83       |
|    time_elapsed    | 5864     |
|    total_timesteps | 491996   |
| train/             |          |
|    actor_loss      | -2.37    |
|    critic_loss     | 3.49     |
|    ent_coef        | 0.001    |
|    learning_rate   | 1e-05    |
|    n_updates       | 122498   |
---------------------------------
---------------------------------
| rollout/           |          |
|    ep_len_mean     | 104      |
|    ep_rew_mean     | -8.67    |
|    success_rate    | 0.17     |
| time/              |          |
|    episodes        | 4712     |
|    fps             | 83       |
|    time_elapsed    | 5866     |
|    total_timesteps | 492216   |
| train/             |          |
|    actor_loss      | -2.53    |
|    critic_loss     | 4.3      |
|    ent_coef        | 0.001    |
|    learning_rate   | 1e-05    |
|    n_updates       | 122553   |
---------------------------------
---------------------------------
| rollout/           |          |
|    ep_len_mean     | 106      |
|    ep_rew_mean     | -8.51    |
|    success_rate    | 0.17     |
| time/              |          |
|    episodes        | 4716     |
|    fps             | 83       |
|    time_elapsed    | 5869     |
|    total_timesteps | 492644   |
| train/             |          |
|    actor_loss      | -2.37    |
|    critic_loss     | 2.83     |
|    ent_coef        | 0.001    |
|    learning_rate   | 1e-05    |
|    n_updates       | 122660   |
---------------------------------
---------------------------------
| rollout/           |          |
|    ep_len_mean     | 105      |
|    ep_rew_mean     | -8.72    |
|    success_rate    | 0.17     |
| time/              |          |
|    episodes        | 4720     |
|    fps             | 83       |
|    time_elapsed    | 5871     |
|    total_timesteps | 492896   |
| train/             |          |
|    actor_loss      | -1.58    |
|    critic_loss     | 3.5      |
|    ent_coef        | 0.001    |
|    learning_rate   | 1e-05    |
|    n_updates       | 122723   |
---------------------------------
---------------------------------
| rollout/           |          |
|    ep_len_mean     | 102      |
|    ep_rew_mean     | -8.25    |
|    success_rate    | 0.19     |
| time/              |          |
|    episodes        | 4724     |
|    fps             | 83       |
|    time_elapsed    | 5871     |
|    total_timesteps | 493016   |
| train/             |          |
|    actor_loss      | -1.96    |
|    critic_loss     | 3.75     |
|    ent_coef        | 0.001    |
|    learning_rate   | 1e-05    |
|    n_updates       | 122753   |
---------------------------------
---------------------------------
| rollout/           |          |
|    ep_len_mean     | 101      |
|    ep_rew_mean     | -8.45    |
|    success_rate    | 0.18     |
| time/              |          |
|    episodes        | 4728     |
|    fps             | 83       |
|    time_elapsed    | 5876     |
|    total_timesteps | 493420   |
| train/             |          |
|    actor_loss      | -1.55    |
|    critic_loss     | 2.84     |
|    ent_coef        | 0.001    |
|    learning_rate   | 1e-05    |
|    n_updates       | 122854   |
---------------------------------
---------------------------------
| rollout/           |          |
|    ep_len_mean     | 101      |
|    ep_rew_mean     | -8.02    |
|    success_rate    | 0.19     |
| time/              |          |
|    episodes        | 4732     |
|    fps             | 83       |
|    time_elapsed    | 5891     |
|    total_timesteps | 493716   |
| train/             |          |
|    actor_loss      | -3.02    |
|    critic_loss     | 4        |
|    ent_coef        | 0.001    |
|    learning_rate   | 1e-05    |
|    n_updates       | 122928   |
---------------------------------
---------------------------------
| rollout/           |          |
|    ep_len_mean     | 104      |
|    ep_rew_mean     | -7.94    |
|    success_rate    | 0.18     |
| time/              |          |
|    episodes        | 4736     |
|    fps             | 83       |
|    time_elapsed    | 5896     |
|    total_timesteps | 494252   |
| train/             |          |
|    actor_loss      | -2.09    |
|    critic_loss     | 3.18     |
|    ent_coef        | 0.001    |
|    learning_rate   | 1e-05    |
|    n_updates       | 123062   |
---------------------------------
---------------------------------
| rollout/           |          |
|    ep_len_mean     | 100      |
|    ep_rew_mean     | -8.28    |
|    success_rate    | 0.18     |
| time/              |          |
|    episodes        | 4740     |
|    fps             | 83       |
|    time_elapsed    | 5897     |
|    total_timesteps | 494324   |
| train/             |          |
|    actor_loss      | -2.23    |
|    critic_loss     | 3.32     |
|    ent_coef        | 0.001    |
|    learning_rate   | 1e-05    |
|    n_updates       | 123080   |
---------------------------------
---------------------------------
| rollout/           |          |
|    ep_len_mean     | 98.8     |
|    ep_rew_mean     | -8.14    |
|    success_rate    | 0.19     |
| time/              |          |
|    episodes        | 4744     |
|    fps             | 83       |
|    time_elapsed    | 5901     |
|    total_timesteps | 494740   |
| train/             |          |
|    actor_loss      | -1.85    |
|    critic_loss     | 3.03     |
|    ent_coef        | 0.001    |
|    learning_rate   | 1e-05    |
|    n_updates       | 123184   |
---------------------------------
---------------------------------
| rollout/           |          |
|    ep_len_mean     | 95.5     |
|    ep_rew_mean     | -7.72    |
|    success_rate    | 0.21     |
| time/              |          |
|    episodes        | 4748     |
|    fps             | 83       |
|    time_elapsed    | 5903     |
|    total_timesteps | 495024   |
| train/             |          |
|    actor_loss      | -2.05    |
|    critic_loss     | 3.06     |
|    ent_coef        | 0.001    |
|    learning_rate   | 1e-05    |
|    n_updates       | 123255   |
---------------------------------
---------------------------------
| rollout/           |          |
|    ep_len_mean     | 92       |
|    ep_rew_mean     | -7.68    |
|    success_rate    | 0.22     |
| time/              |          |
|    episodes        | 4752     |
|    fps             | 83       |
|    time_elapsed    | 5905     |
|    total_timesteps | 495148   |
| train/             |          |
|    actor_loss      | -1.06    |
|    critic_loss     | 4.55     |
|    ent_coef        | 0.001    |
|    learning_rate   | 1e-05    |
|    n_updates       | 123286   |
---------------------------------
---------------------------------
| rollout/           |          |
|    ep_len_mean     | 91.8     |
|    ep_rew_mean     | -7.85    |
|    success_rate    | 0.21     |
| time/              |          |
|    episodes        | 4756     |
|    fps             | 83       |
|    time_elapsed    | 5910     |
|    total_timesteps | 495724   |
| train/             |          |
|    actor_loss      | -2.07    |
|    critic_loss     | 4.69     |
|    ent_coef        | 0.001    |
|    learning_rate   | 1e-05    |
|    n_updates       | 123430   |
---------------------------------
---------------------------------
| rollout/           |          |
|    ep_len_mean     | 93.6     |
|    ep_rew_mean     | -7.53    |
|    success_rate    | 0.22     |
| time/              |          |
|    episodes        | 4760     |
|    fps             | 83       |
|    time_elapsed    | 5914     |
|    total_timesteps | 496228   |
| train/             |          |
|    actor_loss      | -2.77    |
|    critic_loss     | 3.6      |
|    ent_coef        | 0.001    |
|    learning_rate   | 1e-05    |
|    n_updates       | 123556   |
---------------------------------
---------------------------------
| rollout/           |          |
|    ep_len_mean     | 96.9     |
|    ep_rew_mean     | -7.17    |
|    success_rate    | 0.22     |
| time/              |          |
|    episodes        | 4764     |
|    fps             | 83       |
|    time_elapsed    | 5917     |
|    total_timesteps | 496572   |
| train/             |          |
|    actor_loss      | -1.78    |
|    critic_loss     | 3.83     |
|    ent_coef        | 0.001    |
|    learning_rate   | 1e-05    |
|    n_updates       | 123642   |
---------------------------------
---------------------------------
| rollout/           |          |
|    ep_len_mean     | 98.4     |
|    ep_rew_mean     | -7.15    |
|    success_rate    | 0.21     |
| time/              |          |
|    episodes        | 4768     |
|    fps             | 83       |
|    time_elapsed    | 5923     |
|    total_timesteps | 497228   |
| train/             |          |
|    actor_loss      | -2.24    |
|    critic_loss     | 3.79     |
|    ent_coef        | 0.001    |
|    learning_rate   | 1e-05    |
|    n_updates       | 123806   |
---------------------------------
---------------------------------
| rollout/           |          |
|    ep_len_mean     | 100      |
|    ep_rew_mean     | -7.55    |
|    success_rate    | 0.19     |
| time/              |          |
|    episodes        | 4772     |
|    fps             | 83       |
|    time_elapsed    | 5927     |
|    total_timesteps | 497772   |
| train/             |          |
|    actor_loss      | -0.782   |
|    critic_loss     | 4.14     |
|    ent_coef        | 0.001    |
|    learning_rate   | 1e-05    |
|    n_updates       | 123942   |
---------------------------------
---------------------------------
| rollout/           |          |
|    ep_len_mean     | 96.7     |
|    ep_rew_mean     | -7.4     |
|    success_rate    | 0.2      |
| time/              |          |
|    episodes        | 4776     |
|    fps             | 83       |
|    time_elapsed    | 5929     |
|    total_timesteps | 497988   |
| train/             |          |
|    actor_loss      | -2.54    |
|    critic_loss     | 4.43     |
|    ent_coef        | 0.001    |
|    learning_rate   | 1e-05    |
|    n_updates       | 123996   |
---------------------------------
---------------------------------
| rollout/           |          |
|    ep_len_mean     | 100      |
|    ep_rew_mean     | -6.94    |
|    success_rate    | 0.2      |
| time/              |          |
|    episodes        | 4780     |
|    fps             | 84       |
|    time_elapsed    | 5934     |
|    total_timesteps | 498688   |
| train/             |          |
|    actor_loss      | -1.5     |
|    critic_loss     | 3.43     |
|    ent_coef        | 0.001    |
|    learning_rate   | 1e-05    |
|    n_updates       | 124171   |
---------------------------------
---------------------------------
| rollout/           |          |
|    ep_len_mean     | 98.4     |
|    ep_rew_mean     | -7.1     |
|    success_rate    | 0.2      |
| time/              |          |
|    episodes        | 4784     |
|    fps             | 84       |
|    time_elapsed    | 5938     |
|    total_timesteps | 499172   |
| train/             |          |
|    actor_loss      | -1.47    |
|    critic_loss     | 5.57     |
|    ent_coef        | 0.001    |
|    learning_rate   | 1e-05    |
|    n_updates       | 124292   |
---------------------------------
