2026-04-24 12:59:08,110 - [ENV] - --- EPISODE START | Scenario: DESCEND | Start: [0.60982412 0.37004615 0.55      ] | Goal: [0.60982412 0.37004615 0.415     ] | DriftLimit: 0.0800 | FloorLimit: 0.4500 ---
2026-04-24 12:59:08,291 - [ENV] - TERMINATED (Descend): Tube Drift = 0.1125m (Max 0.0800m) at step 5
2026-04-24 12:59:08,291 - [ENV] - Episode ended without success at step 5. Final dist: 0.1773m
2026-04-24 12:59:08,292 - [ENV] - --- EPISODE START | Scenario: TRANSIT | Start: [1.11059878 0.23124561 0.55      ] | Goal: [1.07314617 0.41676479 0.55      ] | DriftLimit: 0.0800 | FloorLimit: 0.4500 ---
2026-04-24 12:59:08,594 - [ENV] - TERMINATED (Transit): Floor collision. Z = 0.4379m (Min 0.450m) at step 28
2026-04-24 12:59:08,594 - [ENV] - Episode ended without success at step 28. Final dist: 0.1271m
2026-04-24 12:59:08,594 - [ENV] - --- EPISODE START | Scenario: DESCEND | Start: [0.64813268 0.01228619 0.55      ] | Goal: [0.64813268 0.01228619 0.415     ] | DriftLimit: 0.0800 | FloorLimit: 0.4500 ---
2026-04-24 12:59:08,668 - [ENV] - TERMINATED (Descend): Tube Drift = 0.0914m (Max 0.0799m) at step 4
2026-04-24 12:59:08,668 - [ENV] - Episode ended without success at step 4. Final dist: 0.1287m
2026-04-24 12:59:08,669 - [ENV] - --- EPISODE START | Scenario: DESCEND | Start: [0.91605322 0.16017491 0.55      ] | Goal: [0.91605322 0.16017491 0.41      ] | DriftLimit: 0.0799 | FloorLimit: 0.4500 ---
2026-04-24 12:59:09,411 - [ENV] - TERMINATED (Descend): Tube Drift = 0.0837m (Max 0.0799m) at step 46
2026-04-24 12:59:09,411 - [ENV] - Episode ended without success at step 46. Final dist: 0.1031m
2026-04-24 12:59:09,411 - [ENV] - --- EPISODE START | Scenario: ASCEND | Start: [0.70826783 0.04873699 0.415     ] | Goal: [0.70826783 0.04873699 0.55      ] | DriftLimit: 0.0799 | FloorLimit: 0.4501 ---
2026-04-24 12:59:09,504 - [ENV] - TERMINATED (Ascend): Tube Drift = 0.1026m (Max 0.0799m) at step 8
2026-04-24 12:59:09,504 - [ENV] - Episode ended without success at step 8. Final dist: 0.1510m
2026-04-24 12:59:09,504 - [ENV] - --- EPISODE START | Scenario: DESCEND | Start: [0.72551484 0.51356753 0.55      ] | Goal: [0.72551484 0.51356753 0.415     ] | DriftLimit: 0.0799 | FloorLimit: 0.4501 ---
2026-04-24 12:59:09,567 - [ENV] - TERMINATED (Descend): Tube Drift = 0.0988m (Max 0.0799m) at step 9
2026-04-24 12:59:09,567 - [ENV] - Episode ended without success at step 9. Final dist: 0.1205m
2026-04-24 12:59:09,568 - [ENV] - --- EPISODE START | Scenario: TRANSIT | Start: [1.04954453 0.142436   0.55      ] | Goal: [0.82737406 0.23209865 0.55      ] | DriftLimit: 0.0799 | FloorLimit: 0.4501 ---
2026-04-24 12:59:09,638 - [ENV] - TERMINATED (Transit): Floor collision. Z = 0.4452m (Min 0.450m) at step 10
2026-04-24 12:59:09,638 - [ENV] - Episode ended without success at step 10. Final dist: 0.2507m
2026-04-24 12:59:09,639 - [ENV] - --- EPISODE START | Scenario: ASCEND | Start: [1.13042524 0.10958142 0.415     ] | Goal: [1.13042524 0.10958142 0.55      ] | DriftLimit: 0.0798 | FloorLimit: 0.4501 ---
2026-04-24 12:59:09,710 - [ENV] - TERMINATED (Ascend): Tube Drift = 0.0832m (Max 0.0798m) at step 6
2026-04-24 12:59:09,710 - [ENV] - Episode ended without success at step 6. Final dist: 0.1417m
2026-04-24 12:59:09,711 - [ENV] - --- EPISODE START | Scenario: TRANSIT | Start: [0.72855175 0.33183401 0.55      ] | Goal: [0.75550205 0.11419904 0.55      ] | DriftLimit: 0.0798 | FloorLimit: 0.4501 ---
2026-04-24 12:59:09,762 - [ENV] - TERMINATED (Transit): Floor collision. Z = 0.4322m (Min 0.450m) at step 3
2026-04-24 12:59:09,762 - [ENV] - Episode ended without success at step 3. Final dist: 0.2229m
2026-04-24 12:59:09,763 - [ENV] - --- EPISODE START | Scenario: TRANSIT | Start: [1.124426   0.47475828 0.55      ] | Goal: [0.67479944 0.30827098 0.55      ] | DriftLimit: 0.0798 | FloorLimit: 0.4501 ---
2026-04-24 12:59:09,840 - [ENV] - TERMINATED (Transit): Floor collision. Z = 0.4433m (Min 0.450m) at step 12
2026-04-24 12:59:09,840 - [ENV] - Episode ended without success at step 12. Final dist: 0.3958m
2026-04-24 12:59:09,840 - [ENV] - --- EPISODE START | Scenario: TRANSIT | Start: [1.13213788 0.08268092 0.55      ] | Goal: [1.05344938 0.53023473 0.55      ] | DriftLimit: 0.0798 | FloorLimit: 0.4501 ---
2026-04-24 12:59:09,962 - [ENV] - TERMINATED (Transit): Floor collision. Z = 0.4270m (Min 0.450m) at step 5
2026-04-24 12:59:09,962 - [ENV] - Episode ended without success at step 5. Final dist: 0.4951m
2026-04-24 12:59:09,963 - [ENV] - --- EPISODE START | Scenario: TRANSIT | Start: [1.13542953 0.16879072 0.55      ] | Goal: [ 1.05806516 -0.00193548  0.55      ] | DriftLimit: 0.0798 | FloorLimit: 0.4501 ---
2026-04-24 12:59:10,212 - [ENV] - TERMINATED (Transit): Floor collision. Z = 0.4332m (Min 0.450m) at step 23
2026-04-24 12:59:10,212 - [ENV] - Episode ended without success at step 23. Final dist: 0.1315m
2026-04-24 12:59:10,212 - [ENV] - --- EPISODE START | Scenario: ASCEND | Start: [0.7922734  0.27218754 0.415     ] | Goal: [0.7922734  0.27218754 0.55      ] | DriftLimit: 0.0798 | FloorLimit: 0.4501 ---
2026-04-24 12:59:10,518 - [ENV] - TERMINATED (Ascend): Tube Drift = 0.0879m (Max 0.0797m) at step 28
2026-04-24 12:59:10,518 - [ENV] - Episode ended without success at step 28. Final dist: 0.1068m
2026-04-24 12:59:10,519 - [ENV] - --- EPISODE START | Scenario: TRANSIT | Start: [0.62093521 0.13730285 0.55      ] | Goal: [0.96953074 0.15953177 0.55      ] | DriftLimit: 0.0797 | FloorLimit: 0.4501 ---
2026-04-24 12:59:10,587 - [ENV] - TERMINATED (Transit): Floor collision. Z = 0.4472m (Min 0.450m) at step 10
2026-04-24 12:59:10,587 - [ENV] - Episode ended without success at step 10. Final dist: 0.3894m
2026-04-24 12:59:10,587 - [ENV] - --- EPISODE START | Scenario: ASCEND | Start: [0.93442353 0.44210786 0.415     ] | Goal: [0.93442353 0.44210786 0.55      ] | DriftLimit: 0.0797 | FloorLimit: 0.4501 ---
2026-04-24 12:59:10,745 - [ENV] - TERMINATED (Ascend): Tube Drift = 0.0822m (Max 0.0797m) at step 7
2026-04-24 12:59:10,745 - [ENV] - Episode ended without success at step 7. Final dist: 0.1566m
2026-04-24 12:59:10,745 - [ENV] - --- EPISODE START | Scenario: TRANSIT | Start: [0.8586057  0.16323032 0.55      ] | Goal: [1.09668662 0.26080597 0.55      ] | DriftLimit: 0.0797 | FloorLimit: 0.4501 ---
2026-04-24 12:59:10,838 - [ENV] - TERMINATED (Transit): Floor collision. Z = 0.4303m (Min 0.450m) at step 9
2026-04-24 12:59:10,838 - [ENV] - Episode ended without success at step 9. Final dist: 0.2307m
2026-04-24 12:59:10,838 - [ENV] - --- EPISODE START | Scenario: ASCEND | Start: [0.85080379 0.50500732 0.415     ] | Goal: [0.85080379 0.50500732 0.55      ] | DriftLimit: 0.0797 | FloorLimit: 0.4501 ---
2026-04-24 12:59:11,134 - [ENV] - TERMINATED (Ascend): Tube Drift = 0.0850m (Max 0.0797m) at step 28
2026-04-24 12:59:11,134 - [ENV] - Episode ended without success at step 28. Final dist: 0.1427m
2026-04-24 12:59:11,135 - [ENV] - --- EPISODE START | Scenario: ASCEND | Start: [1.12280918 0.12292118 0.415     ] | Goal: [1.12280918 0.12292118 0.55      ] | DriftLimit: 0.0797 | FloorLimit: 0.4502 ---
2026-04-24 12:59:12,004 - [ENV] - TERMINATED (Ascend): Tube Drift = 0.0929m (Max 0.0796m) at step 32
2026-04-24 12:59:12,004 - [ENV] - Episode ended without success at step 32. Final dist: 0.1129m
2026-04-24 12:59:12,005 - [ENV] - --- EPISODE START | Scenario: TRANSIT | Start: [1.13841165 0.44200054 0.55      ] | Goal: [0.95718646 0.02683453 0.55      ] | DriftLimit: 0.0796 | FloorLimit: 0.4502 ---
2026-04-24 12:59:12,176 - [ENV] - TERMINATED (Transit): Floor collision. Z = 0.4457m (Min 0.450m) at step 10
2026-04-24 12:59:12,176 - [ENV] - Episode ended without success at step 10. Final dist: 0.4759m
2026-04-24 12:59:12,177 - [ENV] - --- EPISODE START | Scenario: TRANSIT | Start: [0.72693094 0.13930576 0.55      ] | Goal: [0.91280963 0.2129346  0.55      ] | DriftLimit: 0.0796 | FloorLimit: 0.4502 ---
2026-04-24 12:59:12,248 - [ENV] - TERMINATED (Transit): Floor collision. Z = 0.4188m (Min 0.450m) at step 4
2026-04-24 12:59:12,248 - [ENV] - Episode ended without success at step 4. Final dist: 0.2014m
2026-04-24 12:59:12,248 - [ENV] - --- EPISODE START | Scenario: ASCEND | Start: [0.85851579 0.2472876  0.415     ] | Goal: [0.85851579 0.2472876  0.55      ] | DriftLimit: 0.0796 | FloorLimit: 0.4502 ---
2026-04-24 12:59:12,599 - [ENV] - TERMINATED (Ascend): Tube Drift = 0.0922m (Max 0.0795m) at step 26
2026-04-24 12:59:12,599 - [ENV] - Episode ended without success at step 26. Final dist: 0.0954m
2026-04-24 12:59:12,600 - [ENV] - --- EPISODE START | Scenario: TRANSIT | Start: [0.99041159 0.51781255 0.55      ] | Goal: [1.14347714 0.11268566 0.55      ] | DriftLimit: 0.0795 | FloorLimit: 0.4502 ---
2026-04-24 12:59:12,661 - [ENV] - TERMINATED (Transit): Floor collision. Z = 0.4430m (Min 0.450m) at step 8
2026-04-24 12:59:12,661 - [ENV] - Episode ended without success at step 8. Final dist: 0.4267m
2026-04-24 12:59:12,662 - [ENV] - --- EPISODE START | Scenario: ASCEND | Start: [0.75957847 0.0954064  0.415     ] | Goal: [0.75957847 0.0954064  0.55      ] | DriftLimit: 0.0795 | FloorLimit: 0.4502 ---
2026-04-24 12:59:12,742 - [ENV] - TERMINATED (Ascend): Tube Drift = 0.0914m (Max 0.0795m) at step 6
2026-04-24 12:59:12,742 - [ENV] - Episode ended without success at step 6. Final dist: 0.1578m
2026-04-24 12:59:12,742 - [ENV] - --- EPISODE START | Scenario: TRANSIT | Start: [0.76271571 0.00394883 0.55      ] | Goal: [0.64326125 0.48618797 0.55      ] | DriftLimit: 0.0795 | FloorLimit: 0.4502 ---
2026-04-24 12:59:15,151 - [ENV] - --- EPISODE START | Scenario: ASCEND | Start: [0.66858545 0.35743508 0.415     ] | Goal: [0.66858545 0.35743508 0.55      ] | DriftLimit: 0.0793 | FloorLimit: 0.4503 ---
2026-04-24 12:59:15,687 - [ENV] - TERMINATED (Ascend): Tube Drift = 0.0985m (Max 0.0793m) at step 9
2026-04-24 12:59:15,687 - [ENV] - Episode ended without success at step 9. Final dist: 0.1542m
2026-04-24 12:59:15,689 - [ENV] - --- EPISODE START | Scenario: ASCEND | Start: [1.03704325 0.26921009 0.415     ] | Goal: [1.03704325 0.26921009 0.55      ] | DriftLimit: 0.0793 | FloorLimit: 0.4503 ---
2026-04-24 12:59:16,442 - [ENV] - TERMINATED (Ascend): Tube Drift = 0.0798m (Max 0.0792m) at step 20
2026-04-24 12:59:16,442 - [ENV] - Episode ended without success at step 20. Final dist: 0.1017m
2026-04-24 12:59:16,443 - [ENV] - --- EPISODE START | Scenario: ASCEND | Start: [0.91578166 0.31665036 0.415     ] | Goal: [0.91578166 0.31665036 0.55      ] | DriftLimit: 0.0792 | FloorLimit: 0.4503 ---
2026-04-24 12:59:20,665 - [ENV] - --- EPISODE START | Scenario: ASCEND | Start: [0.71874049 0.07809215 0.415     ] | Goal: [0.71874049 0.07809215 0.55      ] | DriftLimit: 0.0790 | FloorLimit: 0.4505 ---
2026-04-24 12:59:25,087 - [ENV] - --- EPISODE START | Scenario: TRANSIT | Start: [0.77923555 0.27100733 0.55      ] | Goal: [0.79897151 0.40211401 0.55      ] | DriftLimit: 0.0787 | FloorLimit: 0.4506 ---
2026-04-24 12:59:29,333 - [ENV] - --- EPISODE START | Scenario: ASCEND | Start: [0.75624337 0.35114204 0.415     ] | Goal: [0.75624337 0.35114204 0.55      ] | DriftLimit: 0.0785 | FloorLimit: 0.4507 ---
2026-04-24 12:59:30,023 - [ENV] - TERMINATED (Ascend): Tube Drift = 0.0805m (Max 0.0784m) at step 21
2026-04-24 12:59:30,024 - [ENV] - Episode ended without success at step 21. Final dist: 0.1549m
2026-04-24 12:59:30,024 - [ENV] - --- EPISODE START | Scenario: TRANSIT | Start: [0.91427485 0.03379341 0.55      ] | Goal: [0.75877139 0.04002199 0.55      ] | DriftLimit: 0.0784 | FloorLimit: 0.4507 ---
2026-04-24 12:59:30,333 - [ENV] - SUCCESS: Goal reached in 9 steps. Dist = 0.0196m
2026-04-24 12:59:30,334 - [ENV] - --- EPISODE START | Scenario: TRANSIT | Start: [0.83431619 0.19996109 0.55      ] | Goal: [0.9431552  0.01614543 0.55      ] | DriftLimit: 0.0784 | FloorLimit: 0.4507 ---
2026-04-24 12:59:34,833 - [ENV] - --- EPISODE START | Scenario: TRANSIT | Start: [1.00720119 0.32211205 0.55      ] | Goal: [0.86856367 0.25052759 0.55      ] | DriftLimit: 0.0782 | FloorLimit: 0.4508 ---
2026-04-24 12:59:39,360 - [ENV] - --- EPISODE START | Scenario: ASCEND | Start: [0.69264952 0.27061808 0.415     ] | Goal: [0.69264952 0.27061808 0.55      ] | DriftLimit: 0.0779 | FloorLimit: 0.4509 ---
2026-04-24 12:59:41,749 - [ENV] - TERMINATED (Ascend): Tube Drift = 0.0786m (Max 0.0778m) at step 81
2026-04-24 12:59:41,750 - [ENV] - Episode ended without success at step 81. Final dist: 0.1519m
2026-04-24 12:59:41,750 - [ENV] - --- EPISODE START | Scenario: DESCEND | Start: [1.10535399 0.22596161 0.55      ] | Goal: [1.10535399 0.22596161 0.41      ] | DriftLimit: 0.0778 | FloorLimit: 0.4510 ---
2026-04-24 12:59:46,044 - [ENV] - --- EPISODE START | Scenario: TRANSIT | Start: [0.61080005 0.21988079 0.55      ] | Goal: [0.66778172 0.08887866 0.55      ] | DriftLimit: 0.0776 | FloorLimit: 0.4511 ---
2026-04-24 12:59:50,184 - [ENV] - --- EPISODE START | Scenario: ASCEND | Start: [0.77723386 0.42939299 0.415     ] | Goal: [0.77723386 0.42939299 0.55      ] | DriftLimit: 0.0773 | FloorLimit: 0.4512 ---
2026-04-24 12:59:50,520 - [ENV] - TERMINATED (Ascend): Tube Drift = 0.0803m (Max 0.0773m) at step 10
2026-04-24 12:59:50,520 - [ENV] - Episode ended without success at step 10. Final dist: 0.1539m
2026-04-24 12:59:50,520 - [ENV] - --- EPISODE START | Scenario: TRANSIT | Start: [0.66466712 0.49521084 0.55      ] | Goal: [1.06121056 0.26165177 0.55      ] | DriftLimit: 0.0773 | FloorLimit: 0.4512 ---
2026-04-24 12:59:54,888 - [ENV] - --- EPISODE START | Scenario: TRANSIT | Start: [0.63754705 0.41996978 0.55      ] | Goal: [0.87289119 0.45216778 0.55      ] | DriftLimit: 0.0770 | FloorLimit: 0.4513 ---
2026-04-24 12:59:59,206 - [ENV] - --- EPISODE START | Scenario: ASCEND | Start: [0.70411106 0.33862722 0.415     ] | Goal: [0.70411106 0.33862722 0.55      ] | DriftLimit: 0.0768 | FloorLimit: 0.4514 ---
2026-04-24 13:00:00,528 - [ENV] - TERMINATED (Ascend): Tube Drift = 0.0768m (Max 0.0767m) at step 53
2026-04-24 13:00:00,528 - [ENV] - Episode ended without success at step 53. Final dist: 0.1525m
2026-04-24 13:00:00,528 - [ENV] - --- EPISODE START | Scenario: ASCEND | Start: [0.79450605 0.35163924 0.415     ] | Goal: [0.79450605 0.35163924 0.55      ] | DriftLimit: 0.0767 | FloorLimit: 0.4515 ---
2026-04-24 13:00:01,014 - [ENV] - TERMINATED (Ascend): Tube Drift = 0.0795m (Max 0.0767m) at step 13
2026-04-24 13:00:01,014 - [ENV] - Episode ended without success at step 13. Final dist: 0.1543m
2026-04-24 13:00:01,015 - [ENV] - --- EPISODE START | Scenario: TRANSIT | Start: [0.71920973 0.10513956 0.55      ] | Goal: [0.99084181 0.23356563 0.55      ] | DriftLimit: 0.0767 | FloorLimit: 0.4515 ---
2026-04-24 13:00:05,319 - [ENV] - --- EPISODE START | Scenario: ASCEND | Start: [0.80264041 0.23400089 0.415     ] | Goal: [0.80264041 0.23400089 0.55      ] | DriftLimit: 0.0764 | FloorLimit: 0.4516 ---
2026-04-24 13:00:47,976 - [ENV] - TERMINATED (Ascend): Tube Drift = 0.0768m (Max 0.0764m) at step 39
2026-04-24 13:00:47,977 - [ENV] - Episode ended without success at step 39. Final dist: 0.1525m
2026-04-24 13:00:47,977 - [ENV] - --- EPISODE START | Scenario: TRANSIT | Start: [0.71721112 0.15718709 0.55      ] | Goal: [0.87063074 0.31263233 0.55      ] | DriftLimit: 0.0764 | FloorLimit: 0.4516 ---
2026-04-24 13:00:53,414 - [ENV] - --- EPISODE START | Scenario: ASCEND | Start: [1.00933439 0.45122135 0.415     ] | Goal: [1.00933439 0.45122135 0.55      ] | DriftLimit: 0.0761 | FloorLimit: 0.4517 ---
2026-04-24 13:00:53,804 - [ENV] - TERMINATED (Ascend): Tube Drift = 0.0810m (Max 0.0761m) at step 8
2026-04-24 13:00:53,804 - [ENV] - Episode ended without success at step 8. Final dist: 0.1451m
2026-04-24 13:00:53,805 - [ENV] - --- EPISODE START | Scenario: ASCEND | Start: [ 0.81144852 -0.0084938   0.415     ] | Goal: [ 0.81144852 -0.0084938   0.55      ] | DriftLimit: 0.0761 | FloorLimit: 0.4517 ---
2026-04-24 13:00:54,161 - [ENV] - TERMINATED (Ascend): Tube Drift = 0.0779m (Max 0.0761m) at step 8
2026-04-24 13:00:54,161 - [ENV] - Episode ended without success at step 8. Final dist: 0.1236m
2026-04-24 13:00:54,163 - [ENV] - --- EPISODE START | Scenario: ASCEND | Start: [0.7685209  0.45075135 0.415     ] | Goal: [0.7685209  0.45075135 0.55      ] | DriftLimit: 0.0761 | FloorLimit: 0.4517 ---
2026-04-24 13:00:54,575 - [ENV] - TERMINATED (Ascend): Tube Drift = 0.0762m (Max 0.0761m) at step 11
2026-04-24 13:00:54,576 - [ENV] - Episode ended without success at step 11. Final dist: 0.1524m
2026-04-24 13:00:54,576 - [ENV] - --- EPISODE START | Scenario: ASCEND | Start: [1.13811016 0.30059636 0.415     ] | Goal: [1.13811016 0.30059636 0.55      ] | DriftLimit: 0.0761 | FloorLimit: 0.4517 ---
2026-04-24 13:00:56,781 - [ENV] - TERMINATED (Ascend): Tube Drift = 0.0766m (Max 0.0760m) at step 82
2026-04-24 13:00:56,781 - [ENV] - Episode ended without success at step 82. Final dist: 0.1056m
2026-04-24 13:00:56,781 - [ENV] - --- EPISODE START | Scenario: TRANSIT | Start: [0.8990981  0.24698139 0.55      ] | Goal: [1.03690283 0.00744138 0.55      ] | DriftLimit: 0.0760 | FloorLimit: 0.4518 ---
2026-04-24 13:01:01,254 - [ENV] - --- EPISODE START | Scenario: ASCEND | Start: [1.11764165 0.14909308 0.415     ] | Goal: [1.11764165 0.14909308 0.55      ] | DriftLimit: 0.0757 | FloorLimit: 0.4519 ---
2026-04-24 13:01:01,501 - [ENV] - TERMINATED (Ascend): Tube Drift = 0.0768m (Max 0.0757m) at step 7
2026-04-24 13:01:01,501 - [ENV] - Episode ended without success at step 7. Final dist: 0.1297m
2026-04-24 13:01:01,501 - [ENV] - --- EPISODE START | Scenario: TRANSIT | Start: [0.8007323  0.26977409 0.55      ] | Goal: [0.63226174 0.20826033 0.55      ] | DriftLimit: 0.0757 | FloorLimit: 0.4519 ---
2026-04-24 13:01:06,247 - [ENV] - --- EPISODE START | Scenario: TRANSIT | Start: [0.92142388 0.35533743 0.55      ] | Goal: [0.91917322 0.50746084 0.55      ] | DriftLimit: 0.0755 | FloorLimit: 0.4520 ---
2026-04-24 13:01:10,368 - [ENV] - --- EPISODE START | Scenario: DESCEND | Start: [1.13746211 0.42672816 0.55      ] | Goal: [1.13746211 0.42672816 0.415     ] | DriftLimit: 0.0752 | FloorLimit: 0.4521 ---
2026-04-24 13:01:11,143 - [ENV] - TERMINATED (Descend): Tube Drift = 0.0753m (Max 0.0752m) at step 30
2026-04-24 13:01:11,144 - [ENV] - Episode ended without success at step 30. Final dist: 0.0754m
2026-04-24 13:01:11,144 - [ENV] - --- EPISODE START | Scenario: TRANSIT | Start: [1.10142268 0.29843634 0.55      ] | Goal: [0.93340231 0.20335524 0.55      ] | DriftLimit: 0.0752 | FloorLimit: 0.4521 ---
2026-04-24 13:01:11,370 - [ENV] - SUCCESS: Goal reached in 6 steps. Dist = 0.0151m
2026-04-24 13:01:11,371 - [ENV] - --- EPISODE START | Scenario: DESCEND | Start: [0.72224664 0.35889727 0.55      ] | Goal: [0.72224664 0.35889727 0.41      ] | DriftLimit: 0.0752 | FloorLimit: 0.4521 ---
2026-04-24 13:01:15,968 - [ENV] - --- EPISODE START | Scenario: ASCEND | Start: [1.06226326 0.09652789 0.415     ] | Goal: [1.06226326 0.09652789 0.55      ] | DriftLimit: 0.0749 | FloorLimit: 0.4523 ---
2026-04-24 13:01:16,464 - [ENV] - TERMINATED (Ascend): Tube Drift = 0.0755m (Max 0.0749m) at step 18
2026-04-24 13:01:16,465 - [ENV] - Episode ended without success at step 18. Final dist: 0.1517m
2026-04-24 13:01:16,465 - [ENV] - --- EPISODE START | Scenario: DESCEND | Start: [ 1.1506043  -0.00316314  0.55      ] | Goal: [ 1.1506043  -0.00316314  0.415     ] | DriftLimit: 0.0749 | FloorLimit: 0.4523 ---
2026-04-24 13:01:16,576 - [ENV] - SUCCESS: Goal reached in 4 steps. Dist = 0.0056m
2026-04-24 13:01:16,577 - [ENV] - --- EPISODE START | Scenario: TRANSIT | Start: [1.01079569 0.16187552 0.55      ] | Goal: [0.71280932 0.2452787  0.55      ] | DriftLimit: 0.0749 | FloorLimit: 0.4523 ---
2026-04-24 13:01:20,807 - [ENV] - --- EPISODE START | Scenario: DESCEND | Start: [1.09024461 0.5056606  0.55      ] | Goal: [1.09024461 0.5056606  0.415     ] | DriftLimit: 0.0746 | FloorLimit: 0.4524 ---
2026-04-24 13:01:22,451 - [ENV] - TERMINATED (Descend): Tube Drift = 0.0783m (Max 0.0745m) at step 65
2026-04-24 13:01:22,451 - [ENV] - Episode ended without success at step 65. Final dist: 0.0785m
2026-04-24 13:01:22,452 - [ENV] - --- EPISODE START | Scenario: ASCEND | Start: [1.05556971 0.24687007 0.415     ] | Goal: [1.05556971 0.24687007 0.55      ] | DriftLimit: 0.0745 | FloorLimit: 0.4524 ---
2026-04-24 13:01:22,735 - [ENV] - TERMINATED (Ascend): Tube Drift = 0.0777m (Max 0.0745m) at step 8
2026-04-24 13:01:22,735 - [ENV] - Episode ended without success at step 8. Final dist: 0.1107m
2026-04-24 13:01:22,736 - [ENV] - --- EPISODE START | Scenario: ASCEND | Start: [0.84286352 0.44800577 0.415     ] | Goal: [0.84286352 0.44800577 0.55      ] | DriftLimit: 0.0745 | FloorLimit: 0.4524 ---
2026-04-24 13:01:23,275 - [ENV] - TERMINATED (Ascend): Tube Drift = 0.0754m (Max 0.0745m) at step 18
2026-04-24 13:01:23,275 - [ENV] - Episode ended without success at step 18. Final dist: 0.1510m
2026-04-24 13:01:23,275 - [ENV] - --- EPISODE START | Scenario: DESCEND | Start: [1.01143455 0.18421316 0.55      ] | Goal: [1.01143455 0.18421316 0.41      ] | DriftLimit: 0.0745 | FloorLimit: 0.4524 ---
2026-04-24 13:01:24,800 - [ENV] - TERMINATED (Descend): Tube Drift = 0.0761m (Max 0.0744m) at step 52
2026-04-24 13:01:24,800 - [ENV] - Episode ended without success at step 52. Final dist: 0.0764m
2026-04-24 13:01:24,801 - [ENV] - --- EPISODE START | Scenario: DESCEND | Start: [1.07351534 0.22132438 0.55      ] | Goal: [1.07351534 0.22132438 0.41      ] | DriftLimit: 0.0744 | FloorLimit: 0.4525 ---
2026-04-24 13:01:26,242 - [ENV] - TERMINATED (Descend): Tube Drift = 0.0770m (Max 0.0743m) at step 51
2026-04-24 13:01:26,242 - [ENV] - Episode ended without success at step 51. Final dist: 0.0773m
2026-04-24 13:01:26,243 - [ENV] - --- EPISODE START | Scenario: DESCEND | Start: [0.68519625 0.4723999  0.55      ] | Goal: [0.68519625 0.4723999  0.415     ] | DriftLimit: 0.0743 | FloorLimit: 0.4525 ---
2026-04-24 13:01:30,581 - [ENV] - --- EPISODE START | Scenario: ASCEND | Start: [0.67304342 0.16853677 0.415     ] | Goal: [0.67304342 0.16853677 0.55      ] | DriftLimit: 0.0741 | FloorLimit: 0.4526 ---
2026-04-24 13:01:31,109 - [ENV] - TERMINATED (Ascend): Tube Drift = 0.0765m (Max 0.0741m) at step 8
2026-04-24 13:01:31,109 - [ENV] - Episode ended without success at step 8. Final dist: 0.1508m
2026-04-24 13:01:31,110 - [ENV] - --- EPISODE START | Scenario: DESCEND | Start: [0.71486204 0.26711516 0.55      ] | Goal: [0.71486204 0.26711516 0.41      ] | DriftLimit: 0.0741 | FloorLimit: 0.4526 ---
2026-04-24 13:01:32,491 - [ENV] - TERMINATED (Descend): Tube Drift = 0.0742m (Max 0.0740m) at step 53
2026-04-24 13:01:32,491 - [ENV] - Episode ended without success at step 53. Final dist: 0.0748m
2026-04-24 13:01:32,491 - [ENV] - --- EPISODE START | Scenario: ASCEND | Start: [0.85186192 0.49215076 0.415     ] | Goal: [0.85186192 0.49215076 0.55      ] | DriftLimit: 0.0740 | FloorLimit: 0.4527 ---
2026-04-24 13:01:32,821 - [ENV] - TERMINATED (Ascend): Tube Drift = 0.0848m (Max 0.0740m) at step 10
2026-04-24 13:01:32,821 - [ENV] - Episode ended without success at step 10. Final dist: 0.1420m
2026-04-24 13:01:32,822 - [ENV] - --- EPISODE START | Scenario: TRANSIT | Start: [0.80983985 0.12862051 0.55      ] | Goal: [0.94057285 0.26950327 0.55      ] | DriftLimit: 0.0740 | FloorLimit: 0.4527 ---
2026-04-24 13:01:37,823 - [ENV] - --- EPISODE START | Scenario: DESCEND | Start: [1.13246727 0.23535318 0.55      ] | Goal: [1.13246727 0.23535318 0.415     ] | DriftLimit: 0.0737 | FloorLimit: 0.4528 ---
2026-04-24 13:01:38,080 - [ENV] - SUCCESS: Goal reached in 8 steps. Dist = 0.0095m
2026-04-24 13:01:38,081 - [ENV] - --- EPISODE START | Scenario: TRANSIT | Start: [0.89998134 0.25521228 0.55      ] | Goal: [0.64431264 0.16668003 0.55      ] | DriftLimit: 0.0737 | FloorLimit: 0.4528 ---
2026-04-24 13:01:42,353 - [ENV] - --- EPISODE START | Scenario: DESCEND | Start: [1.03295126 0.33309188 0.55      ] | Goal: [1.03295126 0.33309188 0.415     ] | DriftLimit: 0.0735 | FloorLimit: 0.4529 ---
2026-04-24 13:01:43,513 - [ENV] - TERMINATED (Descend): Tube Drift = 0.0751m (Max 0.0734m) at step 38
2026-04-24 13:01:43,514 - [ENV] - Episode ended without success at step 38. Final dist: 0.0751m
2026-04-24 13:01:43,514 - [ENV] - --- EPISODE START | Scenario: ASCEND | Start: [1.0644578  0.39615816 0.415     ] | Goal: [1.0644578  0.39615816 0.55      ] | DriftLimit: 0.0734 | FloorLimit: 0.4529 ---
2026-04-24 13:01:44,098 - [ENV] - TERMINATED (Ascend): Tube Drift = 0.0747m (Max 0.0734m) at step 20
2026-04-24 13:01:44,099 - [ENV] - Episode ended without success at step 20. Final dist: 0.1517m
2026-04-24 13:01:44,100 - [ENV] - --- EPISODE START | Scenario: TRANSIT | Start: [0.66509624 0.45911387 0.55      ] | Goal: [0.98752022 0.44928235 0.55      ] | DriftLimit: 0.0734 | FloorLimit: 0.4529 ---
2026-04-24 13:01:48,641 - [ENV] - --- EPISODE START | Scenario: DESCEND | Start: [0.7348199  0.06015967 0.55      ] | Goal: [0.7348199  0.06015967 0.41      ] | DriftLimit: 0.0731 | FloorLimit: 0.4530 ---
2026-04-24 13:01:53,248 - [ENV] - --- EPISODE START | Scenario: ASCEND | Start: [0.73538885 0.36477142 0.415     ] | Goal: [0.73538885 0.36477142 0.55      ] | DriftLimit: 0.0729 | FloorLimit: 0.4532 ---
2026-04-24 13:01:54,915 - [ENV] - TERMINATED (Ascend): Tube Drift = 0.0764m (Max 0.0728m) at step 61
2026-04-24 13:01:54,915 - [ENV] - Episode ended without success at step 61. Final dist: 0.1438m
2026-04-24 13:01:54,916 - [ENV] - --- EPISODE START | Scenario: TRANSIT | Start: [0.62682479 0.11883678 0.55      ] | Goal: [1.02883645 0.1102765  0.55      ] | DriftLimit: 0.0728 | FloorLimit: 0.4532 ---
2026-04-24 13:02:41,159 - [ENV] - --- EPISODE START | Scenario: ASCEND | Start: [0.83839116 0.49719125 0.415     ] | Goal: [0.83839116 0.49719125 0.55      ] | DriftLimit: 0.0726 | FloorLimit: 0.4533 ---
2026-04-24 13:02:41,521 - [ENV] - TERMINATED (Ascend): Tube Drift = 0.0750m (Max 0.0725m) at step 13
2026-04-24 13:02:41,521 - [ENV] - Episode ended without success at step 13. Final dist: 0.1497m
2026-04-24 13:02:41,521 - [ENV] - --- EPISODE START | Scenario: TRANSIT | Start: [0.91949568 0.34242295 0.55      ] | Goal: [0.94746028 0.47876873 0.55      ] | DriftLimit: 0.0725 | FloorLimit: 0.4533 ---
2026-04-24 13:02:46,217 - [ENV] - --- EPISODE START | Scenario: ASCEND | Start: [0.9045796  0.28926622 0.415     ] | Goal: [0.9045796  0.28926622 0.55      ] | DriftLimit: 0.0723 | FloorLimit: 0.4534 ---
2026-04-24 13:02:48,188 - [ENV] - TERMINATED (Ascend): Tube Drift = 0.0727m (Max 0.0722m) at step 74
2026-04-24 13:02:48,188 - [ENV] - Episode ended without success at step 74. Final dist: 0.1066m
2026-04-24 13:02:48,211 - [ENV] - --- EPISODE START | Scenario: ASCEND | Start: [1.15755135 0.16529945 0.415     ] | Goal: [1.15755135 0.16529945 0.55      ] | DriftLimit: 0.0722 | FloorLimit: 0.4535 ---
2026-04-24 13:02:48,923 - [ENV] - TERMINATED (Ascend): Tube Drift = 0.0734m (Max 0.0721m) at step 19
2026-04-24 13:02:48,923 - [ENV] - Episode ended without success at step 19. Final dist: 0.1508m
2026-04-24 13:02:48,924 - [ENV] - --- EPISODE START | Scenario: DESCEND | Start: [0.91955051 0.07773157 0.55      ] | Goal: [0.91955051 0.07773157 0.41      ] | DriftLimit: 0.0721 | FloorLimit: 0.4535 ---
2026-04-24 13:02:53,056 - [ENV] - --- EPISODE START | Scenario: DESCEND | Start: [1.08847006 0.43887293 0.55      ] | Goal: [1.08847006 0.43887293 0.415     ] | DriftLimit: 0.0719 | FloorLimit: 0.4536 ---
2026-04-24 13:02:53,912 - [ENV] - TERMINATED (Descend): Tube Drift = 0.0764m (Max 0.0718m) at step 36
2026-04-24 13:02:53,912 - [ENV] - Episode ended without success at step 36. Final dist: 0.0767m
2026-04-24 13:02:53,913 - [ENV] - --- EPISODE START | Scenario: TRANSIT | Start: [1.02795234 0.38993297 0.55      ] | Goal: [0.67058338 0.35210348 0.55      ] | DriftLimit: 0.0718 | FloorLimit: 0.4536 ---
2026-04-24 13:02:54,225 - [ENV] - SUCCESS: Goal reached in 12 steps. Dist = 0.0080m
2026-04-24 13:02:54,226 - [ENV] - --- EPISODE START | Scenario: ASCEND | Start: [0.63319076 0.07582576 0.415     ] | Goal: [0.63319076 0.07582576 0.55      ] | DriftLimit: 0.0718 | FloorLimit: 0.4536 ---
2026-04-24 13:02:54,584 - [ENV] - TERMINATED (Ascend): Tube Drift = 0.0838m (Max 0.0718m) at step 7
2026-04-24 13:02:54,584 - [ENV] - Episode ended without success at step 7. Final dist: 0.1538m
2026-04-24 13:02:54,585 - [ENV] - --- EPISODE START | Scenario: TRANSIT | Start: [ 0.65823063 -0.01284127  0.55      ] | Goal: [0.7240465  0.19330034 0.55      ] | DriftLimit: 0.0718 | FloorLimit: 0.4536 ---
2026-04-24 13:02:59,245 - [ENV] - --- EPISODE START | Scenario: DESCEND | Start: [0.84569813 0.30964908 0.55      ] | Goal: [0.84569813 0.30964908 0.415     ] | DriftLimit: 0.0716 | FloorLimit: 0.4537 ---
2026-04-24 13:03:00,680 - [ENV] - TERMINATED (Descend): Tube Drift = 0.0768m (Max 0.0715m) at step 55
2026-04-24 13:03:00,681 - [ENV] - Episode ended without success at step 55. Final dist: 0.0774m
2026-04-24 13:03:00,681 - [ENV] - --- EPISODE START | Scenario: DESCEND | Start: [0.81410728 0.41784801 0.55      ] | Goal: [0.81410728 0.41784801 0.41      ] | DriftLimit: 0.0715 | FloorLimit: 0.4538 ---
2026-04-24 13:03:01,884 - [ENV] - TERMINATED (Descend): Tube Drift = 0.0762m (Max 0.0714m) at step 36
2026-04-24 13:03:01,884 - [ENV] - Episode ended without success at step 36. Final dist: 0.0770m
2026-04-24 13:03:01,884 - [ENV] - --- EPISODE START | Scenario: ASCEND | Start: [ 1.07959498e+00 -8.65008858e-04  4.15000000e-01] | Goal: [ 1.07959498e+00 -8.65008858e-04  5.50000000e-01] | DriftLimit: 0.0714 | FloorLimit: 0.4538 ---
2026-04-24 13:03:02,149 - [ENV] - TERMINATED (Ascend): Tube Drift = 0.0821m (Max 0.0714m) at step 5
2026-04-24 13:03:02,149 - [ENV] - Episode ended without success at step 5. Final dist: 0.0924m
2026-04-24 13:03:02,150 - [ENV] - --- EPISODE START | Scenario: TRANSIT | Start: [0.72247081 0.05170485 0.55      ] | Goal: [0.73023773 0.4447188  0.55      ] | DriftLimit: 0.0714 | FloorLimit: 0.4538 ---
2026-04-24 13:03:06,264 - [ENV] - --- EPISODE START | Scenario: ASCEND | Start: [ 0.81699212 -0.01480649  0.415     ] | Goal: [ 0.81699212 -0.01480649  0.55      ] | DriftLimit: 0.0712 | FloorLimit: 0.4539 ---
2026-04-24 13:03:10,656 - [ENV] - --- EPISODE START | Scenario: ASCEND | Start: [0.9232425  0.18334182 0.415     ] | Goal: [0.9232425  0.18334182 0.55      ] | DriftLimit: 0.0709 | FloorLimit: 0.4540 ---
2026-04-24 13:03:12,326 - [ENV] - TERMINATED (Ascend): Tube Drift = 0.0710m (Max 0.0708m) at step 56
2026-04-24 13:03:12,327 - [ENV] - Episode ended without success at step 56. Final dist: 0.1498m
2026-04-24 13:03:12,327 - [ENV] - --- EPISODE START | Scenario: TRANSIT | Start: [0.60150214 0.36119178 0.55      ] | Goal: [ 1.04050703 -0.00371062  0.55      ] | DriftLimit: 0.0708 | FloorLimit: 0.4541 ---
2026-04-24 13:03:16,766 - [ENV] - --- EPISODE START | Scenario: ASCEND | Start: [0.83122126 0.06886928 0.415     ] | Goal: [0.83122126 0.06886928 0.55      ] | DriftLimit: 0.0706 | FloorLimit: 0.4542 ---
2026-04-24 13:03:18,536 - [ENV] - TERMINATED (Ascend): Tube Drift = 0.0721m (Max 0.0705m) at step 62
2026-04-24 13:03:18,537 - [ENV] - Episode ended without success at step 62. Final dist: 0.1285m
2026-04-24 13:03:18,537 - [ENV] - --- EPISODE START | Scenario: TRANSIT | Start: [0.7573851 0.2567616 0.55     ] | Goal: [1.00924351 0.1300963  0.55      ] | DriftLimit: 0.0705 | FloorLimit: 0.4542 ---
2026-04-24 13:03:23,283 - [ENV] - --- EPISODE START | Scenario: ASCEND | Start: [1.06795693 0.08207985 0.415     ] | Goal: [1.06795693 0.08207985 0.55      ] | DriftLimit: 0.0702 | FloorLimit: 0.4543 ---
2026-04-24 13:03:27,702 - [ENV] - --- EPISODE START | Scenario: DESCEND | Start: [1.02310951 0.44825873 0.55      ] | Goal: [1.02310951 0.44825873 0.41      ] | DriftLimit: 0.0700 | FloorLimit: 0.4544 ---
2026-04-24 13:03:28,902 - [ENV] - TERMINATED (Descend): Tube Drift = 0.0761m (Max 0.0699m) at step 51
2026-04-24 13:03:28,902 - [ENV] - Episode ended without success at step 51. Final dist: 0.0768m
2026-04-24 13:03:28,903 - [ENV] - --- EPISODE START | Scenario: DESCEND | Start: [1.11804825 0.39508662 0.55      ] | Goal: [1.11804825 0.39508662 0.41      ] | DriftLimit: 0.0699 | FloorLimit: 0.4545 ---
2026-04-24 13:03:30,323 - [ENV] - TERMINATED (Descend): Tube Drift = 0.0742m (Max 0.0698m) at step 54
2026-04-24 13:03:30,323 - [ENV] - Episode ended without success at step 54. Final dist: 0.0749m
2026-04-24 13:03:30,324 - [ENV] - --- EPISODE START | Scenario: DESCEND | Start: [0.84610131 0.50214578 0.55      ] | Goal: [0.84610131 0.50214578 0.41      ] | DriftLimit: 0.0698 | FloorLimit: 0.4545 ---
2026-04-24 13:03:30,929 - [ENV] - TERMINATED (Descend): Tube Drift = 0.0715m (Max 0.0698m) at step 22
2026-04-24 13:03:30,929 - [ENV] - Episode ended without success at step 22. Final dist: 0.0715m
2026-04-24 13:03:30,929 - [ENV] - --- EPISODE START | Scenario: DESCEND | Start: [0.89749976 0.04302774 0.55      ] | Goal: [0.89749976 0.04302774 0.415     ] | DriftLimit: 0.0698 | FloorLimit: 0.4545 ---
2026-04-24 13:03:34,998 - [ENV] - --- EPISODE START | Scenario: TRANSIT | Start: [1.08505441 0.3844035  0.55      ] | Goal: [0.63849582 0.31273891 0.55      ] | DriftLimit: 0.0696 | FloorLimit: 0.4546 ---
2026-04-24 13:03:35,510 - [ENV] - SUCCESS: Goal reached in 16 steps. Dist = 0.0073m
2026-04-24 13:03:35,511 - [ENV] - --- EPISODE START | Scenario: DESCEND | Start: [0.71728672 0.25957229 0.55      ] | Goal: [0.71728672 0.25957229 0.41      ] | DriftLimit: 0.0695 | FloorLimit: 0.4547 ---
2026-04-24 13:03:39,678 - [ENV] - --- EPISODE START | Scenario: ASCEND | Start: [0.63969519 0.36064603 0.415     ] | Goal: [0.63969519 0.36064603 0.55      ] | DriftLimit: 0.0693 | FloorLimit: 0.4548 ---
2026-04-24 13:03:40,174 - [ENV] - TERMINATED (Ascend): Tube Drift = 0.0732m (Max 0.0693m) at step 10
2026-04-24 13:03:40,174 - [ENV] - Episode ended without success at step 10. Final dist: 0.1300m
2026-04-24 13:03:40,175 - [ENV] - --- EPISODE START | Scenario: ASCEND | Start: [1.09329062 0.12157181 0.415     ] | Goal: [1.09329062 0.12157181 0.55      ] | DriftLimit: 0.0693 | FloorLimit: 0.4548 ---
2026-04-24 13:04:32,725 - [ENV] - --- EPISODE START | Scenario: TRANSIT | Start: [0.62763581 0.51997317 0.55      ] | Goal: [1.10873024 0.02324009 0.55      ] | DriftLimit: 0.0690 | FloorLimit: 0.4549 ---
2026-04-24 13:04:36,918 - [ENV] - --- EPISODE START | Scenario: TRANSIT | Start: [1.03821176 0.01689723 0.55      ] | Goal: [0.77742041 0.38051254 0.55      ] | DriftLimit: 0.0688 | FloorLimit: 0.4550 ---
2026-04-24 13:04:41,147 - [ENV] - --- EPISODE START | Scenario: TRANSIT | Start: [1.1373396  0.54121942 0.55      ] | Goal: [0.98344786 0.16450833 0.55      ] | DriftLimit: 0.0685 | FloorLimit: 0.4551 ---
2026-04-24 13:04:45,247 - [ENV] - --- EPISODE START | Scenario: DESCEND | Start: [1.13812076 0.48016554 0.55      ] | Goal: [1.13812076 0.48016554 0.41      ] | DriftLimit: 0.0683 | FloorLimit: 0.4552 ---
2026-04-24 13:04:45,782 - [ENV] - TERMINATED (Descend): Tube Drift = 0.0689m (Max 0.0682m) at step 22
2026-04-24 13:04:45,782 - [ENV] - Episode ended without success at step 22. Final dist: 0.0707m
2026-04-24 13:04:45,783 - [ENV] - --- EPISODE START | Scenario: TRANSIT | Start: [0.68017723 0.13360306 0.55      ] | Goal: [0.9584687  0.26931711 0.55      ] | DriftLimit: 0.0682 | FloorLimit: 0.4552 ---
2026-04-24 13:04:49,977 - [ENV] - --- EPISODE START | Scenario: DESCEND | Start: [0.89857373 0.11546845 0.55      ] | Goal: [0.89857373 0.11546845 0.41      ] | DriftLimit: 0.0680 | FloorLimit: 0.4553 ---
2026-04-24 13:04:54,382 - [ENV] - --- EPISODE START | Scenario: ASCEND | Start: [0.70424407 0.41711383 0.415     ] | Goal: [0.70424407 0.41711383 0.55      ] | DriftLimit: 0.0677 | FloorLimit: 0.4555 ---
2026-04-24 13:04:54,782 - [ENV] - TERMINATED (Ascend): Tube Drift = 0.0713m (Max 0.0677m) at step 12
2026-04-24 13:04:54,782 - [ENV] - Episode ended without success at step 12. Final dist: 0.1507m
2026-04-24 13:04:54,783 - [ENV] - --- EPISODE START | Scenario: DESCEND | Start: [1.10855679 0.22823341 0.55      ] | Goal: [1.10855679 0.22823341 0.415     ] | DriftLimit: 0.0677 | FloorLimit: 0.4555 ---
2026-04-24 13:04:59,358 - [ENV] - --- EPISODE START | Scenario: ASCEND | Start: [0.82656165 0.0539949  0.415     ] | Goal: [0.82656165 0.0539949  0.55      ] | DriftLimit: 0.0675 | FloorLimit: 0.4556 ---
2026-04-24 13:04:59,885 - [ENV] - TERMINATED (Ascend): Tube Drift = 0.0681m (Max 0.0674m) at step 19
2026-04-24 13:04:59,885 - [ENV] - Episode ended without success at step 19. Final dist: 0.1343m
2026-04-24 13:04:59,886 - [ENV] - --- EPISODE START | Scenario: DESCEND | Start: [1.14244041 0.42958325 0.55      ] | Goal: [1.14244041 0.42958325 0.41      ] | DriftLimit: 0.0674 | FloorLimit: 0.4556 ---
2026-04-24 13:05:00,700 - [ENV] - TERMINATED (Descend): Tube Drift = 0.0683m (Max 0.0674m) at step 33
2026-04-24 13:05:00,700 - [ENV] - Episode ended without success at step 33. Final dist: 0.0740m
2026-04-24 13:05:00,701 - [ENV] - --- EPISODE START | Scenario: DESCEND | Start: [0.82279123 0.52689149 0.55      ] | Goal: [0.82279123 0.52689149 0.415     ] | DriftLimit: 0.0674 | FloorLimit: 0.4556 ---
2026-04-24 13:05:01,250 - [ENV] - TERMINATED (Descend): Tube Drift = 0.0710m (Max 0.0674m) at step 20
2026-04-24 13:05:01,251 - [ENV] - Episode ended without success at step 20. Final dist: 0.0710m
2026-04-24 13:05:01,251 - [ENV] - --- EPISODE START | Scenario: DESCEND | Start: [0.88972845 0.34973404 0.55      ] | Goal: [0.88972845 0.34973404 0.41      ] | DriftLimit: 0.0674 | FloorLimit: 0.4556 ---
2026-04-24 13:05:05,339 - [ENV] - --- EPISODE START | Scenario: ASCEND | Start: [0.80610351 0.14060032 0.415     ] | Goal: [0.80610351 0.14060032 0.55      ] | DriftLimit: 0.0671 | FloorLimit: 0.4557 ---
2026-04-24 13:05:09,538 - [ENV] - --- EPISODE START | Scenario: TRANSIT | Start: [1.0448425  0.05408578 0.55      ] | Goal: [0.87528767 0.20947109 0.55      ] | DriftLimit: 0.0668 | FloorLimit: 0.4558 ---
2026-04-24 13:05:13,634 - [ENV] - --- EPISODE START | Scenario: DESCEND | Start: [0.63940316 0.03534172 0.55      ] | Goal: [0.63940316 0.03534172 0.415     ] | DriftLimit: 0.0666 | FloorLimit: 0.4560 ---
2026-04-24 13:05:18,006 - [ENV] - --- EPISODE START | Scenario: DESCEND | Start: [1.13425161 0.09112452 0.55      ] | Goal: [1.13425161 0.09112452 0.415     ] | DriftLimit: 0.0663 | FloorLimit: 0.4561 ---
2026-04-24 13:05:22,141 - [ENV] - --- EPISODE START | Scenario: ASCEND | Start: [0.86602909 0.09472216 0.415     ] | Goal: [0.86602909 0.09472216 0.55      ] | DriftLimit: 0.0661 | FloorLimit: 0.4562 ---
2026-04-24 13:05:22,742 - [ENV] - TERMINATED (Ascend): Tube Drift = 0.0707m (Max 0.0661m) at step 17
2026-04-24 13:05:22,742 - [ENV] - Episode ended without success at step 17. Final dist: 0.1430m
2026-04-24 13:05:22,743 - [ENV] - --- EPISODE START | Scenario: TRANSIT | Start: [0.88315743 0.08752542 0.55      ] | Goal: [0.69257434 0.4626022  0.55      ] | DriftLimit: 0.0661 | FloorLimit: 0.4562 ---
2026-04-24 13:05:27,081 - [ENV] - --- EPISODE START | Scenario: DESCEND | Start: [1.10330516 0.21776335 0.55      ] | Goal: [1.10330516 0.21776335 0.41      ] | DriftLimit: 0.0658 | FloorLimit: 0.4563 ---
2026-04-24 13:06:18,801 - [ENV] - --- EPISODE START | Scenario: DESCEND | Start: [1.11654007 0.03310277 0.55      ] | Goal: [1.11654007 0.03310277 0.415     ] | DriftLimit: 0.0656 | FloorLimit: 0.4564 ---
2026-04-24 13:06:23,246 - [ENV] - --- EPISODE START | Scenario: ASCEND | Start: [1.08396406 0.5326785  0.415     ] | Goal: [1.08396406 0.5326785  0.55      ] | DriftLimit: 0.0653 | FloorLimit: 0.4565 ---
2026-04-24 13:06:23,690 - [ENV] - TERMINATED (Ascend): Tube Drift = 0.0675m (Max 0.0653m) at step 16
2026-04-24 13:06:23,690 - [ENV] - Episode ended without success at step 16. Final dist: 0.1596m
2026-04-24 13:06:23,691 - [ENV] - --- EPISODE START | Scenario: ASCEND | Start: [0.80918962 0.05162085 0.415     ] | Goal: [0.80918962 0.05162085 0.55      ] | DriftLimit: 0.0653 | FloorLimit: 0.4565 ---
2026-04-24 13:06:27,909 - [ENV] - --- EPISODE START | Scenario: ASCEND | Start: [1.07611138 0.07063343 0.415     ] | Goal: [1.07611138 0.07063343 0.55      ] | DriftLimit: 0.0650 | FloorLimit: 0.4566 ---
2026-04-24 13:06:28,102 - [ENV] - TERMINATED (Ascend): Tube Drift = 0.0682m (Max 0.0650m) at step 5
2026-04-24 13:06:28,102 - [ENV] - Episode ended without success at step 5. Final dist: 0.1216m
2026-04-24 13:06:28,102 - [ENV] - --- EPISODE START | Scenario: ASCEND | Start: [0.79153183 0.36737407 0.415     ] | Goal: [0.79153183 0.36737407 0.55      ] | DriftLimit: 0.0650 | FloorLimit: 0.4567 ---
2026-04-24 13:06:28,540 - [ENV] - TERMINATED (Ascend): Tube Drift = 0.0681m (Max 0.0650m) at step 15
2026-04-24 13:06:28,540 - [ENV] - Episode ended without success at step 15. Final dist: 0.1482m
2026-04-24 13:06:28,541 - [ENV] - --- EPISODE START | Scenario: TRANSIT | Start: [0.64258453 0.17268775 0.55      ] | Goal: [1.0558056  0.03747497 0.55      ] | DriftLimit: 0.0650 | FloorLimit: 0.4567 ---
2026-04-24 13:06:32,618 - [ENV] - --- EPISODE START | Scenario: TRANSIT | Start: [0.92886275 0.51526802 0.55      ] | Goal: [0.75818017 0.40047638 0.55      ] | DriftLimit: 0.0648 | FloorLimit: 0.4568 ---
2026-04-24 13:06:36,873 - [ENV] - --- EPISODE START | Scenario: ASCEND | Start: [0.81398427 0.19438407 0.415     ] | Goal: [0.81398427 0.19438407 0.55      ] | DriftLimit: 0.0645 | FloorLimit: 0.4569 ---
2026-04-24 13:06:37,075 - [ENV] - TERMINATED (Ascend): Tube Drift = 0.0712m (Max 0.0645m) at step 5
2026-04-24 13:06:37,075 - [ENV] - Episode ended without success at step 5. Final dist: 0.1482m
2026-04-24 13:06:37,076 - [ENV] - --- EPISODE START | Scenario: ASCEND | Start: [0.77700441 0.49561501 0.415     ] | Goal: [0.77700441 0.49561501 0.55      ] | DriftLimit: 0.0645 | FloorLimit: 0.4569 ---
2026-04-24 13:06:37,306 - [ENV] - TERMINATED (Ascend): Tube Drift = 0.0710m (Max 0.0645m) at step 6
2026-04-24 13:06:37,306 - [ENV] - Episode ended without success at step 6. Final dist: 0.1467m
2026-04-24 13:06:37,307 - [ENV] - --- EPISODE START | Scenario: ASCEND | Start: [0.63066294 0.49193927 0.415     ] | Goal: [0.63066294 0.49193927 0.55      ] | DriftLimit: 0.0645 | FloorLimit: 0.4569 ---
2026-04-24 13:06:37,632 - [ENV] - TERMINATED (Ascend): Tube Drift = 0.0655m (Max 0.0645m) at step 9
2026-04-24 13:06:37,632 - [ENV] - Episode ended without success at step 9. Final dist: 0.1477m
2026-04-24 13:06:37,633 - [ENV] - --- EPISODE START | Scenario: DESCEND | Start: [0.96572832 0.14519066 0.55      ] | Goal: [0.96572832 0.14519066 0.415     ] | DriftLimit: 0.0645 | FloorLimit: 0.4569 ---
2026-04-24 13:06:41,896 - [ENV] - --- EPISODE START | Scenario: DESCEND | Start: [0.92573913 0.01004688 0.55      ] | Goal: [0.92573913 0.01004688 0.415     ] | DriftLimit: 0.0642 | FloorLimit: 0.4570 ---
2026-04-24 13:06:45,961 - [ENV] - --- EPISODE START | Scenario: TRANSIT | Start: [1.10189572 0.35745571 0.55      ] | Goal: [0.8183934  0.53020252 0.55      ] | DriftLimit: 0.0640 | FloorLimit: 0.4571 ---
2026-04-24 13:06:50,063 - [ENV] - --- EPISODE START | Scenario: TRANSIT | Start: [0.81741624 0.21989578 0.55      ] | Goal: [1.04549707 0.10084621 0.55      ] | DriftLimit: 0.0637 | FloorLimit: 0.4572 ---
2026-04-24 13:06:54,435 - [ENV] - --- EPISODE START | Scenario: ASCEND | Start: [0.76734039 0.30099428 0.415     ] | Goal: [0.76734039 0.30099428 0.55      ] | DriftLimit: 0.0635 | FloorLimit: 0.4573 ---
2026-04-24 13:06:56,053 - [ENV] - TERMINATED (Ascend): Tube Drift = 0.0635m (Max 0.0634m) at step 60
2026-04-24 13:06:56,053 - [ENV] - Episode ended without success at step 60. Final dist: 0.1451m
2026-04-24 13:06:56,053 - [ENV] - --- EPISODE START | Scenario: TRANSIT | Start: [1.05075457 0.44513487 0.55      ] | Goal: [0.86906181 0.47798476 0.55      ] | DriftLimit: 0.0634 | FloorLimit: 0.4574 ---
2026-04-24 13:06:56,243 - [ENV] - SUCCESS: Goal reached in 6 steps. Dist = 0.0121m
2026-04-24 13:06:56,244 - [ENV] - --- EPISODE START | Scenario: ASCEND | Start: [1.03801065 0.3511639  0.415     ] | Goal: [1.03801065 0.3511639  0.55      ] | DriftLimit: 0.0634 | FloorLimit: 0.4574 ---
2026-04-24 13:06:57,037 - [ENV] - TERMINATED (Ascend): Tube Drift = 0.0639m (Max 0.0633m) at step 25
2026-04-24 13:06:57,037 - [ENV] - Episode ended without success at step 25. Final dist: 0.1466m
2026-04-24 13:06:57,038 - [ENV] - --- EPISODE START | Scenario: ASCEND | Start: [0.95092044 0.26443392 0.415     ] | Goal: [0.95092044 0.26443392 0.55      ] | DriftLimit: 0.0633 | FloorLimit: 0.4574 ---
2026-04-24 13:06:57,302 - [ENV] - TERMINATED (Ascend): Tube Drift = 0.0693m (Max 0.0633m) at step 7
2026-04-24 13:06:57,303 - [ENV] - Episode ended without success at step 7. Final dist: 0.1480m
2026-04-24 13:06:57,303 - [ENV] - --- EPISODE START | Scenario: ASCEND | Start: [1.09891526 0.05962101 0.415     ] | Goal: [1.09891526 0.05962101 0.55      ] | DriftLimit: 0.0633 | FloorLimit: 0.4574 ---
2026-04-24 13:07:01,541 - [ENV] - --- EPISODE START | Scenario: DESCEND | Start: [0.89659653 0.33162152 0.55      ] | Goal: [0.89659653 0.33162152 0.415     ] | DriftLimit: 0.0631 | FloorLimit: 0.4575 ---
2026-04-24 13:07:06,031 - [ENV] - --- EPISODE START | Scenario: DESCEND | Start: [0.86888438 0.39518896 0.55      ] | Goal: [0.86888438 0.39518896 0.41      ] | DriftLimit: 0.0628 | FloorLimit: 0.4576 ---
2026-04-24 13:07:10,127 - [ENV] - --- EPISODE START | Scenario: TRANSIT | Start: [1.05122203 0.07049469 0.55      ] | Goal: [0.69728437 0.09215956 0.55      ] | DriftLimit: 0.0626 | FloorLimit: 0.4577 ---
2026-04-24 13:07:14,354 - [ENV] - --- EPISODE START | Scenario: TRANSIT | Start: [1.04358381 0.28003136 0.55      ] | Goal: [0.91700338 0.46351883 0.55      ] | DriftLimit: 0.0623 | FloorLimit: 0.4579 ---
2026-04-24 13:07:18,793 - [ENV] - --- EPISODE START | Scenario: DESCEND | Start: [0.68180468 0.15893761 0.55      ] | Goal: [0.68180468 0.15893761 0.41      ] | DriftLimit: 0.0621 | FloorLimit: 0.4580 ---
2026-04-24 13:08:18,806 - [ENV] - --- EPISODE START | Scenario: DESCEND | Start: [0.77382606 0.11893664 0.55      ] | Goal: [0.77382606 0.11893664 0.415     ] | DriftLimit: 0.0618 | FloorLimit: 0.4581 ---
2026-04-24 13:08:23,088 - [ENV] - --- EPISODE START | Scenario: TRANSIT | Start: [1.12203342 0.02339552 0.55      ] | Goal: [1.12506825 0.41786353 0.55      ] | DriftLimit: 0.0616 | FloorLimit: 0.4582 ---
2026-04-24 13:08:27,382 - [ENV] - --- EPISODE START | Scenario: DESCEND | Start: [0.75271048 0.02254362 0.55      ] | Goal: [0.75271048 0.02254362 0.415     ] | DriftLimit: 0.0613 | FloorLimit: 0.4583 ---
2026-04-24 13:08:27,512 - [ENV] - SUCCESS: Goal reached in 5 steps. Dist = 0.0087m
2026-04-24 13:08:27,513 - [ENV] - --- EPISODE START | Scenario: TRANSIT | Start: [0.68696411 0.26683802 0.55      ] | Goal: [1.12069378 0.37362088 0.55      ] | DriftLimit: 0.0613 | FloorLimit: 0.4583 ---
2026-04-24 13:08:31,970 - [ENV] - --- EPISODE START | Scenario: ASCEND | Start: [0.99980388 0.34608291 0.415     ] | Goal: [0.99980388 0.34608291 0.55      ] | DriftLimit: 0.0611 | FloorLimit: 0.4584 ---
2026-04-24 13:08:32,317 - [ENV] - TERMINATED (Ascend): Tube Drift = 0.0620m (Max 0.0610m) at step 12
2026-04-24 13:08:32,317 - [ENV] - Episode ended without success at step 12. Final dist: 0.1457m
2026-04-24 13:08:32,318 - [ENV] - --- EPISODE START | Scenario: TRANSIT | Start: [0.87562512 0.37904495 0.55      ] | Goal: [0.9879274  0.07258559 0.55      ] | DriftLimit: 0.0610 | FloorLimit: 0.4584 ---
2026-04-24 13:08:36,604 - [ENV] - --- EPISODE START | Scenario: TRANSIT | Start: [1.04662744 0.47513764 0.55      ] | Goal: [0.63765815 0.22560848 0.55      ] | DriftLimit: 0.0608 | FloorLimit: 0.4585 ---
2026-04-24 13:08:40,908 - [ENV] - --- EPISODE START | Scenario: ASCEND | Start: [0.61629133 0.37130347 0.415     ] | Goal: [0.61629133 0.37130347 0.55      ] | DriftLimit: 0.0605 | FloorLimit: 0.4587 ---
2026-04-24 13:08:41,281 - [ENV] - TERMINATED (Ascend): Tube Drift = 0.0689m (Max 0.0605m) at step 7
2026-04-24 13:08:41,282 - [ENV] - Episode ended without success at step 7. Final dist: 0.1406m
2026-04-24 13:08:41,282 - [ENV] - --- EPISODE START | Scenario: TRANSIT | Start: [1.0349727  0.47780428 0.55      ] | Goal: [0.63797341 0.4457386  0.55      ] | DriftLimit: 0.0605 | FloorLimit: 0.4587 ---
2026-04-24 13:08:45,542 - [ENV] - --- EPISODE START | Scenario: ASCEND | Start: [0.9181524  0.02302212 0.415     ] | Goal: [0.9181524  0.02302212 0.55      ] | DriftLimit: 0.0603 | FloorLimit: 0.4588 ---
2026-04-24 13:08:45,694 - [ENV] - TERMINATED (Ascend): Tube Drift = 0.0620m (Max 0.0603m) at step 4
2026-04-24 13:08:45,694 - [ENV] - Episode ended without success at step 4. Final dist: 0.1328m
2026-04-24 13:08:45,695 - [ENV] - --- EPISODE START | Scenario: DESCEND | Start: [0.85418976 0.19569205 0.55      ] | Goal: [0.85418976 0.19569205 0.41      ] | DriftLimit: 0.0603 | FloorLimit: 0.4588 ---
2026-04-24 13:08:49,814 - [ENV] - --- EPISODE START | Scenario: DESCEND | Start: [ 1.13227497 -0.0094534   0.55      ] | Goal: [ 1.13227497 -0.0094534   0.41      ] | DriftLimit: 0.0600 | FloorLimit: 0.4589 ---
2026-04-24 13:08:54,166 - [ENV] - --- EPISODE START | Scenario: DESCEND | Start: [0.72631697 0.01379385 0.55      ] | Goal: [0.72631697 0.01379385 0.41      ] | DriftLimit: 0.0598 | FloorLimit: 0.4590 ---
2026-04-24 13:08:58,509 - [ENV] - --- EPISODE START | Scenario: TRANSIT | Start: [0.88898049 0.23988038 0.55      ] | Goal: [1.06975269 0.42720081 0.55      ] | DriftLimit: 0.0595 | FloorLimit: 0.4591 ---
2026-04-24 13:09:02,921 - [ENV] - --- EPISODE START | Scenario: TRANSIT | Start: [1.0435916  0.32187056 0.55      ] | Goal: [0.80828199 0.10266441 0.55      ] | DriftLimit: 0.0593 | FloorLimit: 0.4592 ---
2026-04-24 13:09:07,049 - [ENV] - --- EPISODE START | Scenario: ASCEND | Start: [0.71781351 0.42615762 0.415     ] | Goal: [0.71781351 0.42615762 0.55      ] | DriftLimit: 0.0590 | FloorLimit: 0.4593 ---
2026-04-24 13:09:07,270 - [ENV] - TERMINATED (Ascend): Tube Drift = 0.0612m (Max 0.0590m) at step 6
2026-04-24 13:09:07,270 - [ENV] - Episode ended without success at step 6. Final dist: 0.1448m
2026-04-24 13:09:07,271 - [ENV] - --- EPISODE START | Scenario: ASCEND | Start: [1.11392643 0.08235224 0.415     ] | Goal: [1.11392643 0.08235224 0.55      ] | DriftLimit: 0.0590 | FloorLimit: 0.4593 ---
2026-04-24 13:09:11,526 - [ENV] - --- EPISODE START | Scenario: ASCEND | Start: [1.02476933 0.06716791 0.415     ] | Goal: [1.02476933 0.06716791 0.55      ] | DriftLimit: 0.0587 | FloorLimit: 0.4594 ---
2026-04-24 13:09:15,896 - [ENV] - --- EPISODE START | Scenario: DESCEND | Start: [0.81901796 0.4807903  0.55      ] | Goal: [0.81901796 0.4807903  0.415     ] | DriftLimit: 0.0585 | FloorLimit: 0.4596 ---
2026-04-24 13:10:12,292 - [ENV] - --- EPISODE START | Scenario: TRANSIT | Start: [1.10745976 0.31939884 0.55      ] | Goal: [0.67119251 0.21613408 0.55      ] | DriftLimit: 0.0582 | FloorLimit: 0.4597 ---
2026-04-24 13:10:16,699 - [ENV] - --- EPISODE START | Scenario: DESCEND | Start: [1.11591984 0.18596542 0.55      ] | Goal: [1.11591984 0.18596542 0.415     ] | DriftLimit: 0.0580 | FloorLimit: 0.4598 ---
2026-04-24 13:10:21,115 - [ENV] - --- EPISODE START | Scenario: DESCEND | Start: [0.71146975 0.23987932 0.55      ] | Goal: [0.71146975 0.23987932 0.41      ] | DriftLimit: 0.0577 | FloorLimit: 0.4599 ---
2026-04-24 13:10:25,867 - [ENV] - --- EPISODE START | Scenario: ASCEND | Start: [1.02914319 0.20786893 0.415     ] | Goal: [1.02914319 0.20786893 0.55      ] | DriftLimit: 0.0575 | FloorLimit: 0.4600 ---
2026-04-24 13:10:26,106 - [ENV] - TERMINATED (Ascend): Tube Drift = 0.0683m (Max 0.0575m) at step 5
2026-04-24 13:10:26,106 - [ENV] - Episode ended without success at step 5. Final dist: 0.1449m
2026-04-24 13:10:26,106 - [ENV] - --- EPISODE START | Scenario: TRANSIT | Start: [1.12693232 0.07626026 0.55      ] | Goal: [0.62475533 0.19499313 0.55      ] | DriftLimit: 0.0575 | FloorLimit: 0.4600 ---
2026-04-24 13:10:30,426 - [ENV] - --- EPISODE START | Scenario: ASCEND | Start: [0.71257839 0.45060854 0.415     ] | Goal: [0.71257839 0.45060854 0.55      ] | DriftLimit: 0.0572 | FloorLimit: 0.4601 ---
2026-04-24 13:10:30,734 - [ENV] - TERMINATED (Ascend): Tube Drift = 0.0637m (Max 0.0572m) at step 8
2026-04-24 13:10:30,734 - [ENV] - Episode ended without success at step 8. Final dist: 0.1446m
2026-04-24 13:10:30,735 - [ENV] - --- EPISODE START | Scenario: DESCEND | Start: [0.74856605 0.14091232 0.55      ] | Goal: [0.74856605 0.14091232 0.415     ] | DriftLimit: 0.0572 | FloorLimit: 0.4601 ---
2026-04-24 13:10:35,431 - [ENV] - --- EPISODE START | Scenario: ASCEND | Start: [0.97782652 0.39204828 0.415     ] | Goal: [0.97782652 0.39204828 0.55      ] | DriftLimit: 0.0570 | FloorLimit: 0.4602 ---
2026-04-24 13:10:35,640 - [ENV] - TERMINATED (Ascend): Tube Drift = 0.0666m (Max 0.0570m) at step 4
2026-04-24 13:10:35,640 - [ENV] - Episode ended without success at step 4. Final dist: 0.1436m
2026-04-24 13:10:35,641 - [ENV] - --- EPISODE START | Scenario: DESCEND | Start: [0.75447609 0.47376892 0.55      ] | Goal: [0.75447609 0.47376892 0.415     ] | DriftLimit: 0.0570 | FloorLimit: 0.4602 ---
2026-04-24 13:10:39,896 - [ENV] - --- EPISODE START | Scenario: TRANSIT | Start: [0.89025668 0.17263405 0.55      ] | Goal: [0.61733357 0.26363294 0.55      ] | DriftLimit: 0.0567 | FloorLimit: 0.4604 ---
2026-04-24 13:10:44,091 - [ENV] - --- EPISODE START | Scenario: DESCEND | Start: [0.98626615 0.49002022 0.55      ] | Goal: [0.98626615 0.49002022 0.41      ] | DriftLimit: 0.0565 | FloorLimit: 0.4605 ---
2026-04-24 13:10:48,756 - [ENV] - --- EPISODE START | Scenario: TRANSIT | Start: [1.0503935  0.51575761 0.55      ] | Goal: [0.76533167 0.1897262  0.55      ] | DriftLimit: 0.0562 | FloorLimit: 0.4606 ---
2026-04-24 13:10:53,023 - [ENV] - --- EPISODE START | Scenario: TRANSIT | Start: [1.15211501 0.04933936 0.55      ] | Goal: [0.97134635 0.28357895 0.55      ] | DriftLimit: 0.0559 | FloorLimit: 0.4607 ---
2026-04-24 13:10:57,348 - [ENV] - --- EPISODE START | Scenario: TRANSIT | Start: [0.85027798 0.49407348 0.55      ] | Goal: [0.79980183 0.27106356 0.55      ] | DriftLimit: 0.0557 | FloorLimit: 0.4608 ---
2026-04-24 13:11:01,491 - [ENV] - --- EPISODE START | Scenario: ASCEND | Start: [0.66754658 0.37501919 0.415     ] | Goal: [0.66754658 0.37501919 0.55      ] | DriftLimit: 0.0554 | FloorLimit: 0.4609 ---
2026-04-24 13:11:01,746 - [ENV] - TERMINATED (Ascend): Tube Drift = 0.0617m (Max 0.0554m) at step 6
2026-04-24 13:11:01,747 - [ENV] - Episode ended without success at step 6. Final dist: 0.1450m
2026-04-24 13:11:01,747 - [ENV] - --- EPISODE START | Scenario: TRANSIT | Start: [0.85563778 0.36668218 0.55      ] | Goal: [0.73530309 0.36775913 0.55      ] | DriftLimit: 0.0554 | FloorLimit: 0.4609 ---
2026-04-24 13:11:06,045 - [ENV] - --- EPISODE START | Scenario: ASCEND | Start: [0.95036855 0.43406264 0.415     ] | Goal: [0.95036855 0.43406264 0.55      ] | DriftLimit: 0.0552 | FloorLimit: 0.4610 ---
2026-04-24 13:11:06,232 - [ENV] - TERMINATED (Ascend): Tube Drift = 0.0595m (Max 0.0552m) at step 4
2026-04-24 13:11:06,233 - [ENV] - Episode ended without success at step 4. Final dist: 0.1401m
2026-04-24 13:11:06,233 - [ENV] - --- EPISODE START | Scenario: DESCEND | Start: [1.15098241 0.25126296 0.55      ] | Goal: [1.15098241 0.25126296 0.41      ] | DriftLimit: 0.0552 | FloorLimit: 0.4610 ---
2026-04-24 13:11:10,371 - [ENV] - --- EPISODE START | Scenario: DESCEND | Start: [0.79249832 0.31717985 0.55      ] | Goal: [0.79249832 0.31717985 0.41      ] | DriftLimit: 0.0549 | FloorLimit: 0.4611 ---
2026-04-24 13:12:04,414 - [ENV] - --- EPISODE START | Scenario: TRANSIT | Start: [ 0.91345251 -0.01448082  0.55      ] | Goal: [0.80513373 0.31920904 0.55      ] | DriftLimit: 0.0547 | FloorLimit: 0.4613 ---
2026-04-24 13:12:09,430 - [ENV] - --- EPISODE START | Scenario: DESCEND | Start: [0.82781816 0.0230089  0.55      ] | Goal: [0.82781816 0.0230089  0.415     ] | DriftLimit: 0.0544 | FloorLimit: 0.4614 ---
2026-04-24 13:12:09,595 - [ENV] - SUCCESS: Goal reached in 4 steps. Dist = 0.0072m
2026-04-24 13:12:09,596 - [ENV] - --- EPISODE START | Scenario: TRANSIT | Start: [1.0434067  0.28853649 0.55      ] | Goal: [0.70748269 0.51030812 0.55      ] | DriftLimit: 0.0544 | FloorLimit: 0.4614 ---
2026-04-24 13:12:14,788 - [ENV] - --- EPISODE START | Scenario: DESCEND | Start: [1.15326433 0.42087373 0.55      ] | Goal: [1.15326433 0.42087373 0.415     ] | DriftLimit: 0.0542 | FloorLimit: 0.4615 ---
2026-04-24 13:12:15,010 - [ENV] - SUCCESS: Goal reached in 7 steps. Dist = 0.0095m
2026-04-24 13:12:15,010 - [ENV] - --- EPISODE START | Scenario: ASCEND | Start: [0.74273586 0.18226255 0.415     ] | Goal: [0.74273586 0.18226255 0.55      ] | DriftLimit: 0.0542 | FloorLimit: 0.4615 ---
2026-04-24 13:12:19,387 - [ENV] - --- EPISODE START | Scenario: DESCEND | Start: [1.00085633 0.23649574 0.55      ] | Goal: [1.00085633 0.23649574 0.415     ] | DriftLimit: 0.0539 | FloorLimit: 0.4616 ---
2026-04-24 13:12:23,584 - [ENV] - --- EPISODE START | Scenario: ASCEND | Start: [0.72724011 0.32486795 0.415     ] | Goal: [0.72724011 0.32486795 0.55      ] | DriftLimit: 0.0536 | FloorLimit: 0.4617 ---
2026-04-24 13:12:23,863 - [ENV] - TERMINATED (Ascend): Tube Drift = 0.0575m (Max 0.0536m) at step 6
2026-04-24 13:12:23,863 - [ENV] - Episode ended without success at step 6. Final dist: 0.1451m
2026-04-24 13:12:23,864 - [ENV] - --- EPISODE START | Scenario: TRANSIT | Start: [0.78837674 0.31906724 0.55      ] | Goal: [1.04074767 0.28165655 0.55      ] | DriftLimit: 0.0536 | FloorLimit: 0.4617 ---
2026-04-24 13:12:28,472 - [ENV] - --- EPISODE START | Scenario: ASCEND | Start: [0.96824402 0.48197659 0.415     ] | Goal: [0.96824402 0.48197659 0.55      ] | DriftLimit: 0.0534 | FloorLimit: 0.4618 ---
2026-04-24 13:12:28,677 - [ENV] - TERMINATED (Ascend): Tube Drift = 0.0648m (Max 0.0534m) at step 4
2026-04-24 13:12:28,677 - [ENV] - Episode ended without success at step 4. Final dist: 0.1321m
2026-04-24 13:12:28,678 - [ENV] - --- EPISODE START | Scenario: DESCEND | Start: [1.14337108 0.2452122  0.55      ] | Goal: [1.14337108 0.2452122  0.415     ] | DriftLimit: 0.0534 | FloorLimit: 0.4618 ---
2026-04-24 13:12:33,331 - [ENV] - --- EPISODE START | Scenario: ASCEND | Start: [0.92523484 0.04909164 0.415     ] | Goal: [0.92523484 0.04909164 0.55      ] | DriftLimit: 0.0531 | FloorLimit: 0.4619 ---
2026-04-24 13:12:33,836 - [ENV] - TERMINATED (Ascend): Tube Drift = 0.0609m (Max 0.0531m) at step 18
2026-04-24 13:12:33,836 - [ENV] - Episode ended without success at step 18. Final dist: 0.1903m
2026-04-24 13:12:33,837 - [ENV] - --- EPISODE START | Scenario: DESCEND | Start: [0.88197535 0.42841987 0.55      ] | Goal: [0.88197535 0.42841987 0.415     ] | DriftLimit: 0.0531 | FloorLimit: 0.4620 ---
2026-04-24 13:12:38,269 - [ENV] - --- EPISODE START | Scenario: ASCEND | Start: [0.89409859 0.31795725 0.415     ] | Goal: [0.89409859 0.31795725 0.55      ] | DriftLimit: 0.0529 | FloorLimit: 0.4621 ---
2026-04-24 13:12:38,475 - [ENV] - TERMINATED (Ascend): Tube Drift = 0.0601m (Max 0.0528m) at step 3
2026-04-24 13:12:38,475 - [ENV] - Episode ended without success at step 3. Final dist: 0.1281m
2026-04-24 13:12:38,475 - [ENV] - --- EPISODE START | Scenario: ASCEND | Start: [1.04338312 0.4731548  0.415     ] | Goal: [1.04338312 0.4731548  0.55      ] | DriftLimit: 0.0528 | FloorLimit: 0.4621 ---
2026-04-24 13:12:38,702 - [ENV] - TERMINATED (Ascend): Tube Drift = 0.0687m (Max 0.0528m) at step 4
2026-04-24 13:12:38,703 - [ENV] - Episode ended without success at step 4. Final dist: 0.1397m
2026-04-24 13:12:38,703 - [ENV] - --- EPISODE START | Scenario: ASCEND | Start: [0.76533675 0.03785799 0.415     ] | Goal: [0.76533675 0.03785799 0.55      ] | DriftLimit: 0.0528 | FloorLimit: 0.4621 ---
2026-04-24 13:12:38,872 - [ENV] - TERMINATED (Ascend): Tube Drift = 0.0729m (Max 0.0528m) at step 4
2026-04-24 13:12:38,872 - [ENV] - Episode ended without success at step 4. Final dist: 0.1255m
2026-04-24 13:12:38,873 - [ENV] - --- EPISODE START | Scenario: DESCEND | Start: [1.1069234  0.42937717 0.55      ] | Goal: [1.1069234  0.42937717 0.415     ] | DriftLimit: 0.0528 | FloorLimit: 0.4621 ---
2026-04-24 13:12:39,378 - [ENV] - SUCCESS: Goal reached in 17 steps. Dist = 0.0099m
2026-04-24 13:12:39,378 - [ENV] - --- EPISODE START | Scenario: ASCEND | Start: [0.98942244 0.00148584 0.415     ] | Goal: [0.98942244 0.00148584 0.55      ] | DriftLimit: 0.0528 | FloorLimit: 0.4621 ---
2026-04-24 13:12:39,915 - [ENV] - TERMINATED (Ascend): Tube Drift = 0.0575m (Max 0.0528m) at step 17
2026-04-24 13:12:39,915 - [ENV] - Episode ended without success at step 17. Final dist: 0.1575m
2026-04-24 13:12:39,916 - [ENV] - --- EPISODE START | Scenario: ASCEND | Start: [0.82183013 0.21935082 0.415     ] | Goal: [0.82183013 0.21935082 0.55      ] | DriftLimit: 0.0528 | FloorLimit: 0.4621 ---
2026-04-24 13:12:40,639 - [ENV] - TERMINATED (Ascend): Tube Drift = 0.0528m (Max 0.0528m) at step 18
2026-04-24 13:12:40,639 - [ENV] - Episode ended without success at step 18. Final dist: 0.1478m
2026-04-24 13:12:40,640 - [ENV] - --- EPISODE START | Scenario: DESCEND | Start: [0.85633991 0.40399629 0.55      ] | Goal: [0.85633991 0.40399629 0.415     ] | DriftLimit: 0.0528 | FloorLimit: 0.4621 ---
2026-04-24 13:12:45,196 - [ENV] - --- EPISODE START | Scenario: TRANSIT | Start: [0.77994923 0.1567068  0.55      ] | Goal: [0.68224345 0.02855669 0.55      ] | DriftLimit: 0.0525 | FloorLimit: 0.4622 ---
2026-04-24 13:12:49,291 - [ENV] - --- EPISODE START | Scenario: DESCEND | Start: [0.65323405 0.30751848 0.55      ] | Goal: [0.65323405 0.30751848 0.41      ] | DriftLimit: 0.0523 | FloorLimit: 0.4623 ---
2026-04-24 13:12:54,115 - [ENV] - --- EPISODE START | Scenario: TRANSIT | Start: [0.78516258 0.15507377 0.55      ] | Goal: [0.82375859 0.30486292 0.55      ] | DriftLimit: 0.0520 | FloorLimit: 0.4624 ---
2026-04-24 13:12:58,486 - [ENV] - --- EPISODE START | Scenario: ASCEND | Start: [0.93792131 0.16229888 0.415     ] | Goal: [0.93792131 0.16229888 0.55      ] | DriftLimit: 0.0518 | FloorLimit: 0.4626 ---
2026-04-24 13:12:58,680 - [ENV] - TERMINATED (Ascend): Tube Drift = 0.0590m (Max 0.0517m) at step 4
2026-04-24 13:12:58,680 - [ENV] - Episode ended without success at step 4. Final dist: 0.1300m
2026-04-24 13:12:58,681 - [ENV] - --- EPISODE START | Scenario: DESCEND | Start: [1.14606428 0.38328714 0.55      ] | Goal: [1.14606428 0.38328714 0.41      ] | DriftLimit: 0.0517 | FloorLimit: 0.4626 ---
2026-04-24 13:12:59,539 - [ENV] - SUCCESS: Goal reached in 24 steps. Dist = 0.0099m
2026-04-24 13:12:59,540 - [ENV] - --- EPISODE START | Scenario: DESCEND | Start: [1.09256288 0.37473006 0.55      ] | Goal: [1.09256288 0.37473006 0.41      ] | DriftLimit: 0.0517 | FloorLimit: 0.4626 ---
2026-04-24 13:13:03,998 - [ENV] - --- EPISODE START | Scenario: DESCEND | Start: [0.85036664 0.25708713 0.55      ] | Goal: [0.85036664 0.25708713 0.41      ] | DriftLimit: 0.0515 | FloorLimit: 0.4627 ---
2026-04-24 13:13:08,341 - [ENV] - --- EPISODE START | Scenario: DESCEND | Start: [0.94300618 0.23725245 0.55      ] | Goal: [0.94300618 0.23725245 0.41      ] | DriftLimit: 0.0512 | FloorLimit: 0.4628 ---
2026-04-24 13:14:01,569 - [ENV] - --- EPISODE START | Scenario: TRANSIT | Start: [ 1.1532965  -0.01345496  0.55      ] | Goal: [0.63793175 0.04922182 0.55      ] | DriftLimit: 0.0510 | FloorLimit: 0.4629 ---
2026-04-24 13:14:06,177 - [ENV] - --- EPISODE START | Scenario: TRANSIT | Start: [0.74926001 0.05516588 0.55      ] | Goal: [0.93478986 0.45003135 0.55      ] | DriftLimit: 0.0507 | FloorLimit: 0.4630 ---
2026-04-24 13:14:10,275 - [ENV] - --- EPISODE START | Scenario: TRANSIT | Start: [ 0.71230811 -0.00675956  0.55      ] | Goal: [1.14183993 0.3942608  0.55      ] | DriftLimit: 0.0505 | FloorLimit: 0.4631 ---
2026-04-24 13:14:14,586 - [ENV] - --- EPISODE START | Scenario: DESCEND | Start: [0.77451144 0.03250714 0.55      ] | Goal: [0.77451144 0.03250714 0.415     ] | DriftLimit: 0.0502 | FloorLimit: 0.4632 ---
2026-04-24 13:14:14,777 - [ENV] - SUCCESS: Goal reached in 4 steps. Dist = 0.0059m
2026-04-24 13:14:14,779 - [ENV] - --- EPISODE START | Scenario: TRANSIT | Start: [0.63495082 0.16322664 0.55      ] | Goal: [0.84170746 0.34681835 0.55      ] | DriftLimit: 0.0502 | FloorLimit: 0.4632 ---
2026-04-24 13:14:18,971 - [ENV] - --- EPISODE START | Scenario: TRANSIT | Start: [0.81935861 0.15804762 0.55      ] | Goal: [0.69868236 0.34229991 0.55      ] | DriftLimit: 0.0499 | FloorLimit: 0.4634 ---
2026-04-24 13:14:23,493 - [ENV] - --- EPISODE START | Scenario: TRANSIT | Start: [0.73522207 0.2709142  0.55      ] | Goal: [0.92298896 0.27334651 0.55      ] | DriftLimit: 0.0497 | FloorLimit: 0.4635 ---
2026-04-24 13:14:27,941 - [ENV] - --- EPISODE START | Scenario: ASCEND | Start: [1.12584537 0.52765552 0.415     ] | Goal: [1.12584537 0.52765552 0.55      ] | DriftLimit: 0.0494 | FloorLimit: 0.4636 ---
2026-04-24 13:14:28,124 - [ENV] - TERMINATED (Ascend): Tube Drift = 0.0508m (Max 0.0494m) at step 4
2026-04-24 13:14:28,125 - [ENV] - Episode ended without success at step 4. Final dist: 0.1128m
2026-04-24 13:14:28,125 - [ENV] - --- EPISODE START | Scenario: ASCEND | Start: [1.05588235 0.21079963 0.415     ] | Goal: [1.05588235 0.21079963 0.55      ] | DriftLimit: 0.0494 | FloorLimit: 0.4636 ---
2026-04-24 13:14:28,915 - [ENV] - TERMINATED (Ascend): Tube Drift = 0.0552m (Max 0.0494m) at step 17
2026-04-24 13:14:28,915 - [ENV] - Episode ended without success at step 17. Final dist: 0.1451m
2026-04-24 13:14:28,916 - [ENV] - --- EPISODE START | Scenario: TRANSIT | Start: [0.7333687  0.28925207 0.55      ] | Goal: [0.85056504 0.02557326 0.55      ] | DriftLimit: 0.0494 | FloorLimit: 0.4636 ---
2026-04-24 13:14:33,622 - [ENV] - --- EPISODE START | Scenario: ASCEND | Start: [0.77529005 0.10347546 0.415     ] | Goal: [0.77529005 0.10347546 0.55      ] | DriftLimit: 0.0492 | FloorLimit: 0.4637 ---
2026-04-24 13:14:33,807 - [ENV] - TERMINATED (Ascend): Tube Drift = 0.0658m (Max 0.0491m) at step 5
2026-04-24 13:14:33,807 - [ENV] - Episode ended without success at step 5. Final dist: 0.1176m
2026-04-24 13:14:33,808 - [ENV] - --- EPISODE START | Scenario: TRANSIT | Start: [0.75327949 0.12761532 0.55      ] | Goal: [ 0.77264967 -0.01242157  0.55      ] | DriftLimit: 0.0491 | FloorLimit: 0.4637 ---
2026-04-24 13:14:38,298 - [ENV] - --- EPISODE START | Scenario: TRANSIT | Start: [0.67249895 0.32590342 0.55      ] | Goal: [0.94137379 0.41905925 0.55      ] | DriftLimit: 0.0489 | FloorLimit: 0.4638 ---
2026-04-24 13:14:42,607 - [ENV] - --- EPISODE START | Scenario: ASCEND | Start: [0.62116879 0.39615602 0.415     ] | Goal: [0.62116879 0.39615602 0.55      ] | DriftLimit: 0.0486 | FloorLimit: 0.4639 ---
2026-04-24 13:14:42,787 - [ENV] - TERMINATED (Ascend): Tube Drift = 0.0612m (Max 0.0486m) at step 3
2026-04-24 13:14:42,787 - [ENV] - Episode ended without success at step 3. Final dist: 0.1386m
2026-04-24 13:14:42,788 - [ENV] - --- EPISODE START | Scenario: ASCEND | Start: [0.876254   0.13181604 0.415     ] | Goal: [0.876254   0.13181604 0.55      ] | DriftLimit: 0.0486 | FloorLimit: 0.4639 ---
2026-04-24 13:14:43,472 - [ENV] - TERMINATED (Ascend): Tube Drift = 0.0513m (Max 0.0486m) at step 20
2026-04-24 13:14:43,472 - [ENV] - Episode ended without success at step 20. Final dist: 0.1388m
2026-04-24 13:14:43,473 - [ENV] - --- EPISODE START | Scenario: ASCEND | Start: [0.94587448 0.48369845 0.415     ] | Goal: [0.94587448 0.48369845 0.55      ] | DriftLimit: 0.0486 | FloorLimit: 0.4640 ---
2026-04-24 13:14:47,805 - [ENV] - --- EPISODE START | Scenario: DESCEND | Start: [0.83158057 0.17235114 0.55      ] | Goal: [0.83158057 0.17235114 0.415     ] | DriftLimit: 0.0484 | FloorLimit: 0.4641 ---
2026-04-24 13:14:52,391 - [ENV] - --- EPISODE START | Scenario: DESCEND | Start: [ 0.92324118 -0.01166009  0.55      ] | Goal: [ 0.92324118 -0.01166009  0.415     ] | DriftLimit: 0.0481 | FloorLimit: 0.4642 ---
2026-04-24 13:14:52,587 - [ENV] - SUCCESS: Goal reached in 4 steps. Dist = 0.0082m
2026-04-24 13:14:52,588 - [ENV] - --- EPISODE START | Scenario: TRANSIT | Start: [0.90985268 0.29634608 0.55      ] | Goal: [0.83099004 0.46772797 0.55      ] | DriftLimit: 0.0481 | FloorLimit: 0.4642 ---
2026-04-24 13:14:56,907 - [ENV] - --- EPISODE START | Scenario: DESCEND | Start: [0.7703188  0.05936753 0.55      ] | Goal: [0.7703188  0.05936753 0.41      ] | DriftLimit: 0.0479 | FloorLimit: 0.4643 ---
2026-04-24 13:15:53,014 - [ENV] - --- EPISODE START | Scenario: DESCEND | Start: [1.11951596 0.21951043 0.55      ] | Goal: [1.11951596 0.21951043 0.415     ] | DriftLimit: 0.0476 | FloorLimit: 0.4644 ---
2026-04-24 13:15:57,324 - [ENV] - --- EPISODE START | Scenario: DESCEND | Start: [0.91581748 0.17870171 0.55      ] | Goal: [0.91581748 0.17870171 0.415     ] | DriftLimit: 0.0473 | FloorLimit: 0.4645 ---
2026-04-24 13:16:02,060 - [ENV] - --- EPISODE START | Scenario: DESCEND | Start: [0.70119004 0.01327626 0.55      ] | Goal: [0.70119004 0.01327626 0.415     ] | DriftLimit: 0.0471 | FloorLimit: 0.4646 ---
2026-04-24 13:16:07,000 - [ENV] - --- EPISODE START | Scenario: TRANSIT | Start: [0.95187209 0.35493579 0.55      ] | Goal: [0.89833232 0.51852855 0.55      ] | DriftLimit: 0.0468 | FloorLimit: 0.4647 ---
2026-04-24 13:16:11,536 - [ENV] - --- EPISODE START | Scenario: DESCEND | Start: [1.10803982 0.0064148  0.55      ] | Goal: [1.10803982 0.0064148  0.415     ] | DriftLimit: 0.0466 | FloorLimit: 0.4648 ---
2026-04-24 13:16:11,647 - [ENV] - SUCCESS: Goal reached in 4 steps. Dist = 0.0100m
2026-04-24 13:16:11,648 - [ENV] - --- EPISODE START | Scenario: TRANSIT | Start: [0.71638776 0.28809731 0.55      ] | Goal: [1.10921136 0.47798366 0.55      ] | DriftLimit: 0.0466 | FloorLimit: 0.4649 ---
2026-04-24 13:16:15,888 - [ENV] - --- EPISODE START | Scenario: DESCEND | Start: [0.97062748 0.16856158 0.55      ] | Goal: [0.97062748 0.16856158 0.415     ] | DriftLimit: 0.0463 | FloorLimit: 0.4650 ---
2026-04-24 13:16:20,531 - [ENV] - --- EPISODE START | Scenario: ASCEND | Start: [0.62006224 0.25158666 0.415     ] | Goal: [0.62006224 0.25158666 0.55      ] | DriftLimit: 0.0461 | FloorLimit: 0.4651 ---
2026-04-24 13:16:25,438 - [ENV] - --- EPISODE START | Scenario: TRANSIT | Start: [0.81855227 0.50171196 0.55      ] | Goal: [0.93402827 0.11623697 0.55      ] | DriftLimit: 0.0458 | FloorLimit: 0.4652 ---
2026-04-24 13:16:29,943 - [ENV] - --- EPISODE START | Scenario: ASCEND | Start: [0.78699251 0.12545806 0.415     ] | Goal: [0.78699251 0.12545806 0.55      ] | DriftLimit: 0.0456 | FloorLimit: 0.4653 ---
2026-04-24 13:16:30,731 - [ENV] - TERMINATED (Ascend): Tube Drift = 0.0472m (Max 0.0455m) at step 29
2026-04-24 13:16:30,731 - [ENV] - Episode ended without success at step 29. Final dist: 0.1320m
2026-04-24 13:16:30,732 - [ENV] - --- EPISODE START | Scenario: TRANSIT | Start: [0.64741411 0.52780301 0.55      ] | Goal: [0.70055981 0.21593924 0.55      ] | DriftLimit: 0.0455 | FloorLimit: 0.4653 ---
2026-04-24 13:16:35,013 - [ENV] - --- EPISODE START | Scenario: ASCEND | Start: [0.74719415 0.11763095 0.415     ] | Goal: [0.74719415 0.11763095 0.55      ] | DriftLimit: 0.0453 | FloorLimit: 0.4654 ---
2026-04-24 13:16:39,622 - [ENV] - --- EPISODE START | Scenario: TRANSIT | Start: [1.02000132 0.20887046 0.55      ] | Goal: [0.89081872 0.06145364 0.55      ] | DriftLimit: 0.0450 | FloorLimit: 0.4655 ---
2026-04-24 13:16:44,043 - [ENV] - --- EPISODE START | Scenario: DESCEND | Start: [1.11035152 0.18420039 0.55      ] | Goal: [1.11035152 0.18420039 0.415     ] | DriftLimit: 0.0448 | FloorLimit: 0.4657 ---
2026-04-24 13:16:48,424 - [ENV] - --- EPISODE START | Scenario: TRANSIT | Start: [0.75129613 0.33373307 0.55      ] | Goal: [1.11295386 0.21493537 0.55      ] | DriftLimit: 0.0445 | FloorLimit: 0.4658 ---
2026-04-24 13:16:52,682 - [ENV] - --- EPISODE START | Scenario: ASCEND | Start: [0.91466284 0.19823414 0.415     ] | Goal: [0.91466284 0.19823414 0.55      ] | DriftLimit: 0.0443 | FloorLimit: 0.4659 ---
2026-04-24 13:16:53,521 - [ENV] - TERMINATED (Ascend): Tube Drift = 0.0478m (Max 0.0442m) at step 23
2026-04-24 13:16:53,522 - [ENV] - Episode ended without success at step 23. Final dist: 0.1273m
2026-04-24 13:16:53,523 - [ENV] - --- EPISODE START | Scenario: DESCEND | Start: [1.0656422  0.44103711 0.55      ] | Goal: [1.0656422  0.44103711 0.415     ] | DriftLimit: 0.0442 | FloorLimit: 0.4659 ---
2026-04-24 13:16:54,231 - [ENV] - SUCCESS: Goal reached in 18 steps. Dist = 0.0100m
2026-04-24 13:16:54,233 - [ENV] - --- EPISODE START | Scenario: DESCEND | Start: [0.91034638 0.27675151 0.55      ] | Goal: [0.91034638 0.27675151 0.41      ] | DriftLimit: 0.0442 | FloorLimit: 0.4659 ---
2026-04-24 13:17:49,390 - [ENV] - --- EPISODE START | Scenario: ASCEND | Start: [1.04517249 0.24192896 0.415     ] | Goal: [1.04517249 0.24192896 0.55      ] | DriftLimit: 0.0440 | FloorLimit: 0.4660 ---
2026-04-24 13:17:49,573 - [ENV] - TERMINATED (Ascend): Tube Drift = 0.0482m (Max 0.0440m) at step 3
2026-04-24 13:17:49,573 - [ENV] - Episode ended without success at step 3. Final dist: 0.1078m
2026-04-24 13:17:49,574 - [ENV] - --- EPISODE START | Scenario: ASCEND | Start: [0.67541012 0.29628764 0.415     ] | Goal: [0.67541012 0.29628764 0.55      ] | DriftLimit: 0.0440 | FloorLimit: 0.4660 ---
2026-04-24 13:17:50,016 - [ENV] - TERMINATED (Ascend): Tube Drift = 0.0482m (Max 0.0440m) at step 6
2026-04-24 13:17:50,016 - [ENV] - Episode ended without success at step 6. Final dist: 0.1415m
2026-04-24 13:17:50,017 - [ENV] - --- EPISODE START | Scenario: TRANSIT | Start: [0.95430228 0.09381332 0.55      ] | Goal: [0.84674166 0.50226877 0.55      ] | DriftLimit: 0.0440 | FloorLimit: 0.4660 ---
2026-04-24 13:17:54,194 - [ENV] - --- EPISODE START | Scenario: ASCEND | Start: [1.05641845 0.17331996 0.415     ] | Goal: [1.05641845 0.17331996 0.55      ] | DriftLimit: 0.0437 | FloorLimit: 0.4661 ---
2026-04-24 13:17:54,373 - [ENV] - TERMINATED (Ascend): Tube Drift = 0.0518m (Max 0.0437m) at step 3
2026-04-24 13:17:54,374 - [ENV] - Episode ended without success at step 3. Final dist: 0.1106m
2026-04-24 13:17:54,374 - [ENV] - --- EPISODE START | Scenario: ASCEND | Start: [1.12697993 0.51125066 0.415     ] | Goal: [1.12697993 0.51125066 0.55      ] | DriftLimit: 0.0437 | FloorLimit: 0.4661 ---
2026-04-24 13:17:54,566 - [ENV] - TERMINATED (Ascend): Tube Drift = 0.0503m (Max 0.0437m) at step 3
2026-04-24 13:17:54,567 - [ENV] - Episode ended without success at step 3. Final dist: 0.1052m
2026-04-24 13:17:54,568 - [ENV] - --- EPISODE START | Scenario: DESCEND | Start: [1.13690842 0.29619597 0.55      ] | Goal: [1.13690842 0.29619597 0.41      ] | DriftLimit: 0.0437 | FloorLimit: 0.4661 ---
2026-04-24 13:17:58,687 - [ENV] - --- EPISODE START | Scenario: DESCEND | Start: [ 0.72432369 -0.00634968  0.55      ] | Goal: [ 0.72432369 -0.00634968  0.41      ] | DriftLimit: 0.0434 | FloorLimit: 0.4662 ---
2026-04-24 13:18:02,874 - [ENV] - --- EPISODE START | Scenario: TRANSIT | Start: [0.87502661 0.16219261 0.55      ] | Goal: [1.05169166 0.45570808 0.55      ] | DriftLimit: 0.0432 | FloorLimit: 0.4664 ---
2026-04-24 13:18:06,971 - [ENV] - --- EPISODE START | Scenario: DESCEND | Start: [0.85990844 0.47864298 0.55      ] | Goal: [0.85990844 0.47864298 0.415     ] | DriftLimit: 0.0429 | FloorLimit: 0.4665 ---
2026-04-24 13:18:11,657 - [ENV] - --- EPISODE START | Scenario: ASCEND | Start: [ 0.61112641 -0.00966838  0.415     ] | Goal: [ 0.61112641 -0.00966838  0.55      ] | DriftLimit: 0.0427 | FloorLimit: 0.4666 ---
2026-04-24 13:18:11,829 - [ENV] - TERMINATED (Ascend): Tube Drift = 0.0487m (Max 0.0427m) at step 3
2026-04-24 13:18:11,829 - [ENV] - Episode ended without success at step 3. Final dist: 0.1306m
2026-04-24 13:18:11,830 - [ENV] - --- EPISODE START | Scenario: ASCEND | Start: [1.08066663 0.4220873  0.415     ] | Goal: [1.08066663 0.4220873  0.55      ] | DriftLimit: 0.0427 | FloorLimit: 0.4666 ---
2026-04-24 13:18:11,996 - [ENV] - TERMINATED (Ascend): Tube Drift = 0.0542m (Max 0.0427m) at step 3
2026-04-24 13:18:11,996 - [ENV] - Episode ended without success at step 3. Final dist: 0.0993m
2026-04-24 13:18:11,997 - [ENV] - --- EPISODE START | Scenario: TRANSIT | Start: [ 1.15781439 -0.00880913  0.55      ] | Goal: [0.98061556 0.31419086 0.55      ] | DriftLimit: 0.0427 | FloorLimit: 0.4666 ---
2026-04-24 13:18:16,177 - [ENV] - --- EPISODE START | Scenario: TRANSIT | Start: [1.08001131 0.2707931  0.55      ] | Goal: [0.73938393 0.04355182 0.55      ] | DriftLimit: 0.0424 | FloorLimit: 0.4667 ---
2026-04-24 13:18:20,265 - [ENV] - --- EPISODE START | Scenario: DESCEND | Start: [0.93258484 0.49868065 0.55      ] | Goal: [0.93258484 0.49868065 0.415     ] | DriftLimit: 0.0422 | FloorLimit: 0.4668 ---
2026-04-24 13:18:24,472 - [ENV] - --- EPISODE START | Scenario: DESCEND | Start: [0.83417636 0.34736513 0.55      ] | Goal: [0.83417636 0.34736513 0.41      ] | DriftLimit: 0.0419 | FloorLimit: 0.4669 ---
2026-04-24 13:18:28,721 - [ENV] - --- EPISODE START | Scenario: DESCEND | Start: [0.99872845 0.14534218 0.55      ] | Goal: [0.99872845 0.14534218 0.415     ] | DriftLimit: 0.0417 | FloorLimit: 0.4670 ---
2026-04-24 13:18:32,839 - [ENV] - --- EPISODE START | Scenario: DESCEND | Start: [0.86792652 0.22518141 0.55      ] | Goal: [0.86792652 0.22518141 0.41      ] | DriftLimit: 0.0414 | FloorLimit: 0.4671 ---
2026-04-24 13:18:37,352 - [ENV] - --- EPISODE START | Scenario: ASCEND | Start: [ 0.76932213 -0.00731514  0.415     ] | Goal: [ 0.76932213 -0.00731514  0.55      ] | DriftLimit: 0.0412 | FloorLimit: 0.4673 ---
2026-04-24 13:18:37,504 - [ENV] - TERMINATED (Ascend): Tube Drift = 0.0508m (Max 0.0412m) at step 3
2026-04-24 13:18:37,504 - [ENV] - Episode ended without success at step 3. Final dist: 0.1182m
2026-04-24 13:18:37,505 - [ENV] - --- EPISODE START | Scenario: TRANSIT | Start: [0.82020584 0.45504351 0.55      ] | Goal: [1.12541938 0.00272134 0.55      ] | DriftLimit: 0.0412 | FloorLimit: 0.4673 ---
2026-04-24 13:18:41,642 - [ENV] - --- EPISODE START | Scenario: DESCEND | Start: [0.63302422 0.12375787 0.55      ] | Goal: [0.63302422 0.12375787 0.41      ] | DriftLimit: 0.0409 | FloorLimit: 0.4674 ---
2026-04-24 13:18:46,093 - [ENV] - --- EPISODE START | Scenario: DESCEND | Start: [0.74345831 0.10030558 0.55      ] | Goal: [0.74345831 0.10030558 0.41      ] | DriftLimit: 0.0407 | FloorLimit: 0.4675 ---
2026-04-24 13:18:50,606 - [ENV] - --- EPISODE START | Scenario: DESCEND | Start: [0.79008073 0.14778678 0.55      ] | Goal: [0.79008073 0.14778678 0.415     ] | DriftLimit: 0.0404 | FloorLimit: 0.4676 ---
2026-04-24 13:19:41,863 - [ENV] - SUCCESS: Goal reached in 104 steps. Dist = 0.0100m
2026-04-24 13:19:41,864 - [ENV] - --- EPISODE START | Scenario: DESCEND | Start: [0.72756902 0.17835185 0.55      ] | Goal: [0.72756902 0.17835185 0.415     ] | DriftLimit: 0.0403 | FloorLimit: 0.4677 ---
2026-04-24 13:19:46,072 - [ENV] - --- EPISODE START | Scenario: DESCEND | Start: [1.07951459 0.43070268 0.55      ] | Goal: [1.07951459 0.43070268 0.41      ] | DriftLimit: 0.0400 | FloorLimit: 0.4678 ---
2026-04-24 13:19:46,188 - [ENV] - TERMINATED (Descend): Tube Drift = 0.0429m (Max 0.0400m) at step 2
2026-04-24 13:19:46,188 - [ENV] - Episode ended without success at step 2. Final dist: 0.0676m
2026-04-24 13:19:46,189 - [ENV] - --- EPISODE START | Scenario: ASCEND | Start: [0.65020853 0.02209215 0.415     ] | Goal: [0.65020853 0.02209215 0.55      ] | DriftLimit: 0.0400 | FloorLimit: 0.4678 ---
2026-04-24 13:19:46,365 - [ENV] - TERMINATED (Ascend): Tube Drift = 0.0488m (Max 0.0400m) at step 4
2026-04-24 13:19:46,365 - [ENV] - Episode ended without success at step 4. Final dist: 0.1268m
2026-04-24 13:19:46,366 - [ENV] - --- EPISODE START | Scenario: DESCEND | Start: [0.91432    0.36551709 0.55      ] | Goal: [0.91432    0.36551709 0.415     ] | DriftLimit: 0.0400 | FloorLimit: 0.4678 ---
2026-04-24 13:19:47,115 - [ENV] - SUCCESS: Goal reached in 30 steps. Dist = 0.0095m
2026-04-24 13:19:47,116 - [ENV] - --- EPISODE START | Scenario: TRANSIT | Start: [0.96100504 0.31197678 0.55      ] | Goal: [1.1117087  0.26020931 0.55      ] | DriftLimit: 0.0399 | FloorLimit: 0.4678 ---
2026-04-24 13:19:51,341 - [ENV] - --- EPISODE START | Scenario: DESCEND | Start: [0.86076393 0.04818262 0.55      ] | Goal: [0.86076393 0.04818262 0.41      ] | DriftLimit: 0.0397 | FloorLimit: 0.4679 ---
2026-04-24 13:19:53,479 - [ENV] - SUCCESS: Goal reached in 62 steps. Dist = 0.0099m
2026-04-24 13:19:53,480 - [ENV] - --- EPISODE START | Scenario: DESCEND | Start: [0.96862445 0.4395478  0.55      ] | Goal: [0.96862445 0.4395478  0.415     ] | DriftLimit: 0.0396 | FloorLimit: 0.4680 ---
2026-04-24 13:19:57,981 - [ENV] - --- EPISODE START | Scenario: ASCEND | Start: [ 1.02535821 -0.00820367  0.415     ] | Goal: [ 1.02535821 -0.00820367  0.55      ] | DriftLimit: 0.0394 | FloorLimit: 0.4681 ---
2026-04-24 13:19:58,521 - [ENV] - TERMINATED (Ascend): Tube Drift = 0.0430m (Max 0.0393m) at step 10
2026-04-24 13:19:58,522 - [ENV] - Episode ended without success at step 10. Final dist: 0.0879m
2026-04-24 13:19:58,523 - [ENV] - --- EPISODE START | Scenario: DESCEND | Start: [0.81820182 0.46470478 0.55      ] | Goal: [0.81820182 0.46470478 0.415     ] | DriftLimit: 0.0393 | FloorLimit: 0.4681 ---
2026-04-24 13:20:02,800 - [ENV] - --- EPISODE START | Scenario: DESCEND | Start: [0.78248428 0.24853281 0.55      ] | Goal: [0.78248428 0.24853281 0.415     ] | DriftLimit: 0.0391 | FloorLimit: 0.4682 ---
2026-04-24 13:20:07,088 - [ENV] - --- EPISODE START | Scenario: ASCEND | Start: [0.96454986 0.08124636 0.415     ] | Goal: [0.96454986 0.08124636 0.55      ] | DriftLimit: 0.0388 | FloorLimit: 0.4683 ---
2026-04-24 13:20:07,318 - [ENV] - TERMINATED (Ascend): Tube Drift = 0.0558m (Max 0.0388m) at step 3
2026-04-24 13:20:07,318 - [ENV] - Episode ended without success at step 3. Final dist: 0.1200m
2026-04-24 13:20:07,319 - [ENV] - --- EPISODE START | Scenario: TRANSIT | Start: [0.8898944  0.10111232 0.55      ] | Goal: [0.77308227 0.48816309 0.55      ] | DriftLimit: 0.0388 | FloorLimit: 0.4683 ---
2026-04-24 13:20:11,888 - [ENV] - --- EPISODE START | Scenario: TRANSIT | Start: [0.73458676 0.01671603 0.55      ] | Goal: [0.88281074 0.2762113  0.55      ] | DriftLimit: 0.0386 | FloorLimit: 0.4684 ---
2026-04-24 13:20:16,732 - [ENV] - --- EPISODE START | Scenario: ASCEND | Start: [0.95180704 0.18335464 0.415     ] | Goal: [0.95180704 0.18335464 0.55      ] | DriftLimit: 0.0383 | FloorLimit: 0.4685 ---
2026-04-24 13:20:16,929 - [ENV] - TERMINATED (Ascend): Tube Drift = 0.0412m (Max 0.0383m) at step 2
2026-04-24 13:20:16,929 - [ENV] - Episode ended without success at step 2. Final dist: 0.1208m
2026-04-24 13:20:16,930 - [ENV] - --- EPISODE START | Scenario: TRANSIT | Start: [0.64484323 0.18301912 0.55      ] | Goal: [0.98797057 0.26327831 0.55      ] | DriftLimit: 0.0383 | FloorLimit: 0.4685 ---
2026-04-24 13:20:22,138 - [ENV] - --- EPISODE START | Scenario: DESCEND | Start: [0.99949719 0.25514842 0.55      ] | Goal: [0.99949719 0.25514842 0.41      ] | DriftLimit: 0.0381 | FloorLimit: 0.4686 ---
2026-04-24 13:20:22,288 - [ENV] - TERMINATED (Descend): Tube Drift = 0.0462m (Max 0.0381m) at step 2
2026-04-24 13:20:22,288 - [ENV] - Episode ended without success at step 2. Final dist: 0.0705m
2026-04-24 13:20:22,290 - [ENV] - --- EPISODE START | Scenario: DESCEND | Start: [0.71124476 0.41739181 0.55      ] | Goal: [0.71124476 0.41739181 0.415     ] | DriftLimit: 0.0381 | FloorLimit: 0.4686 ---
2026-04-24 13:20:22,458 - [ENV] - TERMINATED (Descend): Tube Drift = 0.0395m (Max 0.0381m) at step 2
2026-04-24 13:20:22,458 - [ENV] - Episode ended without success at step 2. Final dist: 0.0477m
2026-04-24 13:20:22,459 - [ENV] - --- EPISODE START | Scenario: ASCEND | Start: [1.09245243 0.52368966 0.415     ] | Goal: [1.09245243 0.52368966 0.55      ] | DriftLimit: 0.0381 | FloorLimit: 0.4686 ---
2026-04-24 13:20:26,976 - [ENV] - --- EPISODE START | Scenario: TRANSIT | Start: [0.68168794 0.44523784 0.55      ] | Goal: [0.93246354 0.52601331 0.55      ] | DriftLimit: 0.0378 | FloorLimit: 0.4687 ---
2026-04-24 13:20:31,824 - [ENV] - --- EPISODE START | Scenario: ASCEND | Start: [1.06342435 0.23248122 0.415     ] | Goal: [1.06342435 0.23248122 0.55      ] | DriftLimit: 0.0376 | FloorLimit: 0.4689 ---
2026-04-24 13:20:36,607 - [ENV] - --- EPISODE START | Scenario: ASCEND | Start: [1.01804271 0.24729976 0.415     ] | Goal: [1.01804271 0.24729976 0.55      ] | DriftLimit: 0.0373 | FloorLimit: 0.4690 ---
2026-04-24 13:20:41,284 - [ENV] - --- EPISODE START | Scenario: DESCEND | Start: [0.72482499 0.3723397  0.55      ] | Goal: [0.72482499 0.3723397  0.415     ] | DriftLimit: 0.0371 | FloorLimit: 0.4691 ---
2026-04-24 13:20:41,400 - [ENV] - TERMINATED (Descend): Tube Drift = 0.0437m (Max 0.0371m) at step 2
2026-04-24 13:20:41,401 - [ENV] - Episode ended without success at step 2. Final dist: 0.0485m
2026-04-24 13:20:41,402 - [ENV] - --- EPISODE START | Scenario: DESCEND | Start: [0.99858785 0.29655007 0.55      ] | Goal: [0.99858785 0.29655007 0.41      ] | DriftLimit: 0.0371 | FloorLimit: 0.4691 ---
2026-04-24 13:20:41,570 - [ENV] - TERMINATED (Descend): Tube Drift = 0.0496m (Max 0.0371m) at step 2
2026-04-24 13:20:41,570 - [ENV] - Episode ended without success at step 2. Final dist: 0.0735m
2026-04-24 13:20:41,572 - [ENV] - --- EPISODE START | Scenario: TRANSIT | Start: [0.98380999 0.45955265 0.55      ] | Goal: [0.81229559 0.12710745 0.55      ] | DriftLimit: 0.0371 | FloorLimit: 0.4691 ---
2026-04-24 13:20:46,506 - [ENV] - --- EPISODE START | Scenario: TRANSIT | Start: [0.67758748 0.00724247 0.55      ] | Goal: [0.82270808 0.22716842 0.55      ] | DriftLimit: 0.0368 | FloorLimit: 0.4692 ---
2026-04-24 13:21:45,302 - [ENV] - --- EPISODE START | Scenario: TRANSIT | Start: [1.08812276 0.44189914 0.55      ] | Goal: [1.11778704 0.21874349 0.55      ] | DriftLimit: 0.0365 | FloorLimit: 0.4693 ---
2026-04-24 13:21:45,769 - [ENV] - SUCCESS: Goal reached in 16 steps. Dist = 0.0177m
2026-04-24 13:21:45,770 - [ENV] - --- EPISODE START | Scenario: DESCEND | Start: [1.0777338 0.0374451 0.55     ] | Goal: [1.0777338 0.0374451 0.41     ] | DriftLimit: 0.0365 | FloorLimit: 0.4693 ---
2026-04-24 13:21:45,845 - [ENV] - TERMINATED (Descend): Tube Drift = 0.0392m (Max 0.0365m) at step 2
2026-04-24 13:21:45,846 - [ENV] - Episode ended without success at step 2. Final dist: 0.0673m
2026-04-24 13:21:45,846 - [ENV] - --- EPISODE START | Scenario: ASCEND | Start: [1.03181987 0.43121707 0.415     ] | Goal: [1.03181987 0.43121707 0.55      ] | DriftLimit: 0.0365 | FloorLimit: 0.4693 ---
2026-04-24 13:21:50,600 - [ENV] - --- EPISODE START | Scenario: ASCEND | Start: [1.12309069 0.43046107 0.415     ] | Goal: [1.12309069 0.43046107 0.55      ] | DriftLimit: 0.0363 | FloorLimit: 0.4694 ---
2026-04-24 13:21:55,073 - [ENV] - --- EPISODE START | Scenario: ASCEND | Start: [1.13655544 0.03100339 0.415     ] | Goal: [1.13655544 0.03100339 0.55      ] | DriftLimit: 0.0360 | FloorLimit: 0.4695 ---
2026-04-24 13:21:55,215 - [ENV] - TERMINATED (Ascend): Tube Drift = 0.0625m (Max 0.0360m) at step 3
2026-04-24 13:21:55,216 - [ENV] - Episode ended without success at step 3. Final dist: 0.1139m
2026-04-24 13:21:55,216 - [ENV] - --- EPISODE START | Scenario: TRANSIT | Start: [ 0.86198748 -0.00251087  0.55      ] | Goal: [1.15212349 0.14707702 0.55      ] | DriftLimit: 0.0360 | FloorLimit: 0.4695 ---
2026-04-24 13:22:00,599 - [ENV] - --- EPISODE START | Scenario: TRANSIT | Start: [0.93731824 0.23253567 0.55      ] | Goal: [1.14955462 0.19734725 0.55      ] | DriftLimit: 0.0358 | FloorLimit: 0.4697 ---
2026-04-24 13:22:04,863 - [ENV] - --- EPISODE START | Scenario: ASCEND | Start: [1.14124034 0.11903715 0.415     ] | Goal: [1.14124034 0.11903715 0.55      ] | DriftLimit: 0.0355 | FloorLimit: 0.4698 ---
2026-04-24 13:22:08,977 - [ENV] - --- EPISODE START | Scenario: TRANSIT | Start: [0.70364096 0.15128571 0.55      ] | Goal: [1.0313963 0.0339193 0.55     ] | DriftLimit: 0.0353 | FloorLimit: 0.4699 ---
2026-04-24 13:22:13,343 - [ENV] - --- EPISODE START | Scenario: TRANSIT | Start: [0.63206202 0.43565207 0.55      ] | Goal: [0.9782245  0.13780062 0.55      ] | DriftLimit: 0.0350 | FloorLimit: 0.4700 ---
2026-04-24 13:22:18,103 - [ENV] - --- EPISODE START | Scenario: ASCEND | Start: [1.04104232 0.11700871 0.415     ] | Goal: [1.04104232 0.11700871 0.55      ] | DriftLimit: 0.0350 | FloorLimit: 0.4700 ---
2026-04-24 13:22:22,477 - [ENV] - --- EPISODE START | Scenario: DESCEND | Start: [0.66075734 0.09703709 0.55      ] | Goal: [0.66075734 0.09703709 0.41      ] | DriftLimit: 0.0350 | FloorLimit: 0.4700 ---
2026-04-24 13:22:22,594 - [ENV] - TERMINATED (Descend): Tube Drift = 0.0370m (Max 0.0350m) at step 2
2026-04-24 13:22:22,594 - [ENV] - Episode ended without success at step 2. Final dist: 0.0450m
2026-04-24 13:22:22,595 - [ENV] - --- EPISODE START | Scenario: ASCEND | Start: [0.72766317 0.08983397 0.415     ] | Goal: [0.72766317 0.08983397 0.55      ] | DriftLimit: 0.0350 | FloorLimit: 0.4700 ---
2026-04-24 13:22:26,978 - [ENV] - --- EPISODE START | Scenario: ASCEND | Start: [1.00239245 0.21773452 0.415     ] | Goal: [1.00239245 0.21773452 0.55      ] | DriftLimit: 0.0350 | FloorLimit: 0.4700 ---
2026-04-24 13:22:31,721 - [ENV] - --- EPISODE START | Scenario: TRANSIT | Start: [0.95907644 0.20824303 0.55      ] | Goal: [0.72359586 0.44018655 0.55      ] | DriftLimit: 0.0350 | FloorLimit: 0.4700 ---
2026-04-24 13:22:36,168 - [ENV] - --- EPISODE START | Scenario: ASCEND | Start: [0.94590881 0.11004918 0.415     ] | Goal: [0.94590881 0.11004918 0.55      ] | DriftLimit: 0.0350 | FloorLimit: 0.4700 ---
2026-04-24 13:22:36,294 - [ENV] - TERMINATED (Ascend): Tube Drift = 0.0384m (Max 0.0350m) at step 2
2026-04-24 13:22:36,294 - [ENV] - Episode ended without success at step 2. Final dist: 0.1159m
2026-04-24 13:22:36,296 - [ENV] - --- EPISODE START | Scenario: TRANSIT | Start: [ 0.76673926 -0.00854122  0.55      ] | Goal: [1.14904665 0.50872457 0.55      ] | DriftLimit: 0.0350 | FloorLimit: 0.4700 ---
2026-04-24 13:22:41,247 - [ENV] - --- EPISODE START | Scenario: ASCEND | Start: [0.60362398 0.1296793  0.415     ] | Goal: [0.60362398 0.1296793  0.55      ] | DriftLimit: 0.0350 | FloorLimit: 0.4700 ---
2026-04-24 13:22:45,783 - [ENV] - --- EPISODE START | Scenario: DESCEND | Start: [0.62459919 0.20314971 0.55      ] | Goal: [0.62459919 0.20314971 0.415     ] | DriftLimit: 0.0350 | FloorLimit: 0.4700 ---
2026-04-24 13:22:45,851 - [ENV] - TERMINATED (Descend): Tube Drift = 0.0357m (Max 0.0350m) at step 1
2026-04-24 13:22:45,851 - [ENV] - Episode ended without success at step 1. Final dist: 0.0850m
2026-04-24 13:22:45,853 - [ENV] - --- EPISODE START | Scenario: TRANSIT | Start: [ 0.65774448 -0.01044952  0.55      ] | Goal: [1.07785076 0.02448591 0.55      ] | DriftLimit: 0.0350 | FloorLimit: 0.4700 ---
2026-04-24 13:23:31,731 - [ENV] - --- EPISODE START | Scenario: TRANSIT | Start: [0.98742632 0.03824903 0.55      ] | Goal: [0.78480998 0.03627946 0.55      ] | DriftLimit: 0.0350 | FloorLimit: 0.4700 ---
2026-04-24 13:23:36,181 - [ENV] - --- EPISODE START | Scenario: TRANSIT | Start: [1.12292711 0.20369121 0.55      ] | Goal: [0.8676775  0.39854136 0.55      ] | DriftLimit: 0.0350 | FloorLimit: 0.4700 ---
2026-04-24 13:23:40,870 - [ENV] - --- EPISODE START | Scenario: DESCEND | Start: [0.87353285 0.37404244 0.55      ] | Goal: [0.87353285 0.37404244 0.41      ] | DriftLimit: 0.0350 | FloorLimit: 0.4700 ---
2026-04-24 13:23:41,002 - [ENV] - TERMINATED (Descend): Tube Drift = 0.0520m (Max 0.0350m) at step 2
2026-04-24 13:23:41,002 - [ENV] - Episode ended without success at step 2. Final dist: 0.0713m
2026-04-24 13:23:41,004 - [ENV] - --- EPISODE START | Scenario: DESCEND | Start: [1.01901831 0.50542404 0.55      ] | Goal: [1.01901831 0.50542404 0.415     ] | DriftLimit: 0.0350 | FloorLimit: 0.4700 ---
2026-04-24 13:23:41,133 - [ENV] - TERMINATED (Descend): Tube Drift = 0.0510m (Max 0.0350m) at step 2
2026-04-24 13:23:41,133 - [ENV] - Episode ended without success at step 2. Final dist: 0.0703m
2026-04-24 13:23:41,135 - [ENV] - --- EPISODE START | Scenario: TRANSIT | Start: [0.89183039 0.15917574 0.55      ] | Goal: [0.94922819 0.30949859 0.55      ] | DriftLimit: 0.0350 | FloorLimit: 0.4700 ---
2026-04-24 13:23:45,994 - [ENV] - --- EPISODE START | Scenario: ASCEND | Start: [0.90759246 0.01718703 0.415     ] | Goal: [0.90759246 0.01718703 0.55      ] | DriftLimit: 0.0350 | FloorLimit: 0.4700 ---
2026-04-24 13:23:50,694 - [ENV] - --- EPISODE START | Scenario: TRANSIT | Start: [0.75719319 0.25121366 0.55      ] | Goal: [1.04144811 0.21553268 0.55      ] | DriftLimit: 0.0350 | FloorLimit: 0.4700 ---
2026-04-24 13:23:51,105 - [ENV] - SUCCESS: Goal reached in 15 steps. Dist = 0.0191m
2026-04-24 13:23:51,106 - [ENV] - --- EPISODE START | Scenario: DESCEND | Start: [1.13029998 0.09096887 0.55      ] | Goal: [1.13029998 0.09096887 0.415     ] | DriftLimit: 0.0350 | FloorLimit: 0.4700 ---
2026-04-24 13:23:51,228 - [ENV] - TERMINATED (Descend): Tube Drift = 0.0456m (Max 0.0350m) at step 2
2026-04-24 13:23:51,228 - [ENV] - Episode ended without success at step 2. Final dist: 0.0675m
2026-04-24 13:23:51,229 - [ENV] - --- EPISODE START | Scenario: DESCEND | Start: [1.12300795 0.11494685 0.55      ] | Goal: [1.12300795 0.11494685 0.415     ] | DriftLimit: 0.0350 | FloorLimit: 0.4700 ---
2026-04-24 13:23:51,342 - [ENV] - TERMINATED (Descend): Tube Drift = 0.0515m (Max 0.0350m) at step 2
2026-04-24 13:23:51,342 - [ENV] - Episode ended without success at step 2. Final dist: 0.0730m
2026-04-24 13:23:51,343 - [ENV] - --- EPISODE START | Scenario: DESCEND | Start: [0.67809568 0.04789311 0.55      ] | Goal: [0.67809568 0.04789311 0.415     ] | DriftLimit: 0.0350 | FloorLimit: 0.4700 ---
2026-04-24 13:23:55,607 - [ENV] - --- EPISODE START | Scenario: ASCEND | Start: [0.81322935 0.50806288 0.415     ] | Goal: [0.81322935 0.50806288 0.55      ] | DriftLimit: 0.0350 | FloorLimit: 0.4700 ---
2026-04-24 13:23:55,743 - [ENV] - TERMINATED (Ascend): Tube Drift = 0.0368m (Max 0.0350m) at step 2
2026-04-24 13:23:55,743 - [ENV] - Episode ended without success at step 2. Final dist: 0.1183m
2026-04-24 13:23:55,744 - [ENV] - --- EPISODE START | Scenario: TRANSIT | Start: [ 0.68016141 -0.01148174  0.55      ] | Goal: [0.86573764 0.0658592  0.55      ] | DriftLimit: 0.0350 | FloorLimit: 0.4700 ---
2026-04-24 13:24:00,307 - [ENV] - --- EPISODE START | Scenario: TRANSIT | Start: [1.13801142 0.42224608 0.55      ] | Goal: [0.62359148 0.07299775 0.55      ] | DriftLimit: 0.0350 | FloorLimit: 0.4700 ---
2026-04-24 13:24:04,746 - [ENV] - --- EPISODE START | Scenario: ASCEND | Start: [1.13860304 0.12854411 0.415     ] | Goal: [1.13860304 0.12854411 0.55      ] | DriftLimit: 0.0350 | FloorLimit: 0.4700 ---
2026-04-24 13:24:04,895 - [ENV] - TERMINATED (Ascend): Tube Drift = 0.0403m (Max 0.0350m) at step 2
2026-04-24 13:24:04,895 - [ENV] - Episode ended without success at step 2. Final dist: 0.1316m
2026-04-24 13:24:04,896 - [ENV] - --- EPISODE START | Scenario: DESCEND | Start: [0.89223268 0.29140625 0.55      ] | Goal: [0.89223268 0.29140625 0.41      ] | DriftLimit: 0.0350 | FloorLimit: 0.4700 ---
2026-04-24 13:24:04,998 - [ENV] - TERMINATED (Descend): Tube Drift = 0.0357m (Max 0.0350m) at step 1
2026-04-24 13:24:04,998 - [ENV] - Episode ended without success at step 1. Final dist: 0.0999m
2026-04-24 13:24:04,999 - [ENV] - --- EPISODE START | Scenario: ASCEND | Start: [1.12431737 0.40489629 0.415     ] | Goal: [1.12431737 0.40489629 0.55      ] | DriftLimit: 0.0350 | FloorLimit: 0.4700 ---
2026-04-24 13:24:05,210 - [ENV] - TERMINATED (Ascend): Tube Drift = 0.0572m (Max 0.0350m) at step 3
2026-04-24 13:24:05,210 - [ENV] - Episode ended without success at step 3. Final dist: 0.0971m
2026-04-24 13:24:05,211 - [ENV] - --- EPISODE START | Scenario: TRANSIT | Start: [1.15841247 0.39969438 0.55      ] | Goal: [1.05565851 0.48885229 0.55      ] | DriftLimit: 0.0350 | FloorLimit: 0.4700 ---
2026-04-24 13:24:09,607 - [ENV] - --- EPISODE START | Scenario: TRANSIT | Start: [0.90460504 0.26435741 0.55      ] | Goal: [ 0.91464299 -0.00722628  0.55      ] | DriftLimit: 0.0350 | FloorLimit: 0.4700 ---
2026-04-24 13:24:14,042 - [ENV] - --- EPISODE START | Scenario: ASCEND | Start: [1.03278802 0.28256699 0.415     ] | Goal: [1.03278802 0.28256699 0.55      ] | DriftLimit: 0.0350 | FloorLimit: 0.4700 ---
2026-04-24 13:24:18,597 - [ENV] - --- EPISODE START | Scenario: TRANSIT | Start: [0.91499903 0.08924886 0.55      ] | Goal: [0.67887856 0.13031079 0.55      ] | DriftLimit: 0.0350 | FloorLimit: 0.4700 ---
2026-04-24 13:24:23,370 - [ENV] - --- EPISODE START | Scenario: ASCEND | Start: [1.05221623 0.36401421 0.415     ] | Goal: [1.05221623 0.36401421 0.55      ] | DriftLimit: 0.0350 | FloorLimit: 0.4700 ---
2026-04-24 13:24:23,565 - [ENV] - TERMINATED (Ascend): Tube Drift = 0.0568m (Max 0.0350m) at step 3
2026-04-24 13:24:23,565 - [ENV] - Episode ended without success at step 3. Final dist: 0.0978m
2026-04-24 13:24:23,566 - [ENV] - --- EPISODE START | Scenario: TRANSIT | Start: [0.90923895 0.10685895 0.55      ] | Goal: [1.06456504 0.38633752 0.55      ] | DriftLimit: 0.0350 | FloorLimit: 0.4700 ---
2026-04-24 13:24:27,791 - [ENV] - --- EPISODE START | Scenario: ASCEND | Start: [0.89430038 0.13876718 0.415     ] | Goal: [0.89430038 0.13876718 0.55      ] | DriftLimit: 0.0350 | FloorLimit: 0.4700 ---
2026-04-24 13:24:27,915 - [ENV] - TERMINATED (Ascend): Tube Drift = 0.0351m (Max 0.0350m) at step 2
2026-04-24 13:24:27,915 - [ENV] - Episode ended without success at step 2. Final dist: 0.1211m
2026-04-24 13:24:27,916 - [ENV] - --- EPISODE START | Scenario: TRANSIT | Start: [1.1149879  0.53008901 0.55      ] | Goal: [0.61668823 0.09404991 0.55      ] | DriftLimit: 0.0350 | FloorLimit: 0.4700 ---
2026-04-24 13:24:32,012 - [ENV] - --- EPISODE START | Scenario: TRANSIT | Start: [0.82757179 0.32752708 0.55      ] | Goal: [0.77631111 0.02160915 0.55      ] | DriftLimit: 0.0350 | FloorLimit: 0.4700 ---
2026-04-24 13:25:24,754 - [ENV] - --- EPISODE START | Scenario: TRANSIT | Start: [1.01957013 0.0503572  0.55      ] | Goal: [0.87214352 0.13264805 0.55      ] | DriftLimit: 0.0350 | FloorLimit: 0.4700 ---
2026-04-24 13:25:28,958 - [ENV] - --- EPISODE START | Scenario: ASCEND | Start: [0.93775192 0.41320598 0.415     ] | Goal: [0.93775192 0.41320598 0.55      ] | DriftLimit: 0.0350 | FloorLimit: 0.4700 ---
2026-04-24 13:25:29,163 - [ENV] - TERMINATED (Ascend): Tube Drift = 0.0495m (Max 0.0350m) at step 3
2026-04-24 13:25:29,163 - [ENV] - Episode ended without success at step 3. Final dist: 0.0970m
2026-04-24 13:25:29,164 - [ENV] - --- EPISODE START | Scenario: ASCEND | Start: [0.71926072 0.27773866 0.415     ] | Goal: [0.71926072 0.27773866 0.55      ] | DriftLimit: 0.0350 | FloorLimit: 0.4700 ---
2026-04-24 13:25:29,468 - [ENV] - TERMINATED (Ascend): Tube Drift = 0.0373m (Max 0.0350m) at step 5
2026-04-24 13:25:29,468 - [ENV] - Episode ended without success at step 5. Final dist: 0.1318m
2026-04-24 13:25:29,469 - [ENV] - --- EPISODE START | Scenario: ASCEND | Start: [0.61580318 0.39092982 0.415     ] | Goal: [0.61580318 0.39092982 0.55      ] | DriftLimit: 0.0350 | FloorLimit: 0.4700 ---
2026-04-24 13:25:29,709 - [ENV] - TERMINATED (Ascend): Tube Drift = 0.0587m (Max 0.0350m) at step 3
2026-04-24 13:25:29,710 - [ENV] - Episode ended without success at step 3. Final dist: 0.1210m
2026-04-24 13:25:29,710 - [ENV] - --- EPISODE START | Scenario: ASCEND | Start: [0.60146005 0.54002223 0.415     ] | Goal: [0.60146005 0.54002223 0.55      ] | DriftLimit: 0.0350 | FloorLimit: 0.4700 ---
2026-04-24 13:25:29,882 - [ENV] - TERMINATED (Ascend): Tube Drift = 0.0408m (Max 0.0350m) at step 3
2026-04-24 13:25:29,883 - [ENV] - Episode ended without success at step 3. Final dist: 0.1324m
2026-04-24 13:25:29,883 - [ENV] - --- EPISODE START | Scenario: TRANSIT | Start: [0.75544774 0.03841764 0.55      ] | Goal: [1.13645555 0.4716972  0.55      ] | DriftLimit: 0.0350 | FloorLimit: 0.4700 ---
2026-04-24 13:25:34,261 - [ENV] - --- EPISODE START | Scenario: TRANSIT | Start: [1.12255458 0.38728612 0.55      ] | Goal: [1.04426207 0.2037355  0.55      ] | DriftLimit: 0.0350 | FloorLimit: 0.4700 ---
2026-04-24 13:25:38,634 - [ENV] - --- EPISODE START | Scenario: TRANSIT | Start: [0.75477116 0.09994605 0.55      ] | Goal: [0.7410121 0.5196227 0.55     ] | DriftLimit: 0.0350 | FloorLimit: 0.4700 ---
2026-04-24 13:25:43,611 - [ENV] - --- EPISODE START | Scenario: DESCEND | Start: [0.90085816 0.15042902 0.55      ] | Goal: [0.90085816 0.15042902 0.415     ] | DriftLimit: 0.0350 | FloorLimit: 0.4700 ---
2026-04-24 13:25:43,884 - [ENV] - SUCCESS: Goal reached in 8 steps. Dist = 0.0077m
2026-04-24 13:25:43,885 - [ENV] - --- EPISODE START | Scenario: ASCEND | Start: [1.07212072 0.39266041 0.415     ] | Goal: [1.07212072 0.39266041 0.55      ] | DriftLimit: 0.0350 | FloorLimit: 0.4700 ---
2026-04-24 13:25:48,246 - [ENV] - --- EPISODE START | Scenario: TRANSIT | Start: [0.96914386 0.2450486  0.55      ] | Goal: [0.8431846  0.31875574 0.55      ] | DriftLimit: 0.0350 | FloorLimit: 0.4700 ---
2026-04-24 13:25:53,232 - [ENV] - --- EPISODE START | Scenario: TRANSIT | Start: [1.00960776 0.17137732 0.55      ] | Goal: [0.68086404 0.33618979 0.55      ] | DriftLimit: 0.0350 | FloorLimit: 0.4700 ---
2026-04-24 13:25:53,574 - [ENV] - SUCCESS: Goal reached in 10 steps. Dist = 0.0119m
2026-04-24 13:25:53,575 - [ENV] - --- EPISODE START | Scenario: DESCEND | Start: [0.7634901  0.22308323 0.55      ] | Goal: [0.7634901  0.22308323 0.41      ] | DriftLimit: 0.0350 | FloorLimit: 0.4700 ---
2026-04-24 13:25:53,701 - [ENV] - TERMINATED (Descend): Tube Drift = 0.0403m (Max 0.0350m) at step 2
2026-04-24 13:25:53,701 - [ENV] - Episode ended without success at step 2. Final dist: 0.0536m
2026-04-24 13:25:53,702 - [ENV] - --- EPISODE START | Scenario: TRANSIT | Start: [0.9017798  0.28181977 0.55      ] | Goal: [0.74260051 0.08064481 0.55      ] | DriftLimit: 0.0350 | FloorLimit: 0.4700 ---
2026-04-24 13:25:53,977 - [ENV] - SUCCESS: Goal reached in 7 steps. Dist = 0.0073m
2026-04-24 13:25:53,995 - [ENV] - --- EPISODE START | Scenario: TRANSIT | Start: [0.88780562 0.21104208 0.55      ] | Goal: [1.07157066 0.04099298 0.55      ] | DriftLimit: 0.0350 | FloorLimit: 0.4700 ---
2026-04-24 13:25:58,762 - [ENV] - --- EPISODE START | Scenario: ASCEND | Start: [1.14329933 0.07280266 0.415     ] | Goal: [1.14329933 0.07280266 0.55      ] | DriftLimit: 0.0350 | FloorLimit: 0.4700 ---
2026-04-24 13:25:58,885 - [ENV] - TERMINATED (Ascend): Tube Drift = 0.0364m (Max 0.0350m) at step 2
2026-04-24 13:25:58,885 - [ENV] - Episode ended without success at step 2. Final dist: 0.1214m
2026-04-24 13:25:58,886 - [ENV] - --- EPISODE START | Scenario: TRANSIT | Start: [0.99826704 0.28695634 0.55      ] | Goal: [1.13568661 0.34133793 0.55      ] | DriftLimit: 0.0350 | FloorLimit: 0.4700 ---
2026-04-24 13:26:03,249 - [ENV] - --- EPISODE START | Scenario: DESCEND | Start: [1.09137994 0.19545631 0.55      ] | Goal: [1.09137994 0.19545631 0.415     ] | DriftLimit: 0.0350 | FloorLimit: 0.4700 ---
2026-04-24 13:26:03,365 - [ENV] - TERMINATED (Descend): Tube Drift = 0.0415m (Max 0.0350m) at step 2
2026-04-24 13:26:03,366 - [ENV] - Episode ended without success at step 2. Final dist: 0.0649m
2026-04-24 13:26:03,366 - [ENV] - --- EPISODE START | Scenario: TRANSIT | Start: [1.14268597 0.04553852 0.55      ] | Goal: [0.97473161 0.44306738 0.55      ] | DriftLimit: 0.0350 | FloorLimit: 0.4700 ---
2026-04-24 13:26:08,148 - [ENV] - --- EPISODE START | Scenario: DESCEND | Start: [0.76973569 0.50957375 0.55      ] | Goal: [0.76973569 0.50957375 0.41      ] | DriftLimit: 0.0350 | FloorLimit: 0.4700 ---
2026-04-24 13:26:08,987 - [ENV] - SUCCESS: Goal reached in 32 steps. Dist = 0.0097m
2026-04-24 13:26:09,007 - [ENV] - --- EPISODE START | Scenario: TRANSIT | Start: [0.82582919 0.31761887 0.55      ] | Goal: [1.00308943 0.09420393 0.55      ] | DriftLimit: 0.0350 | FloorLimit: 0.4700 ---
2026-04-24 13:26:13,603 - [ENV] - --- EPISODE START | Scenario: TRANSIT | Start: [0.99261059 0.15708632 0.55      ] | Goal: [1.06029572 0.36140859 0.55      ] | DriftLimit: 0.0350 | FloorLimit: 0.4700 ---
2026-04-24 13:26:17,834 - [ENV] - --- EPISODE START | Scenario: ASCEND | Start: [1.0025097 0.5012811 0.415    ] | Goal: [1.0025097 0.5012811 0.55     ] | DriftLimit: 0.0350 | FloorLimit: 0.4700 ---
2026-04-24 13:26:22,313 - [ENV] - --- EPISODE START | Scenario: ASCEND | Start: [0.9276373  0.14039866 0.415     ] | Goal: [0.9276373  0.14039866 0.55      ] | DriftLimit: 0.0350 | FloorLimit: 0.4700 ---
2026-04-24 13:26:27,169 - [ENV] - --- EPISODE START | Scenario: ASCEND | Start: [0.64360039 0.12890243 0.415     ] | Goal: [0.64360039 0.12890243 0.55      ] | DriftLimit: 0.0350 | FloorLimit: 0.4700 ---
2026-04-24 13:27:28,523 - [ENV] - --- EPISODE START | Scenario: TRANSIT | Start: [0.70910804 0.50948469 0.55      ] | Goal: [1.13483566 0.03071662 0.55      ] | DriftLimit: 0.0350 | FloorLimit: 0.4700 ---
2026-04-24 13:27:33,102 - [ENV] - --- EPISODE START | Scenario: ASCEND | Start: [1.0384922  0.51311938 0.415     ] | Goal: [1.0384922  0.51311938 0.55      ] | DriftLimit: 0.0350 | FloorLimit: 0.4700 ---
2026-04-24 13:27:33,248 - [ENV] - TERMINATED (Ascend): Tube Drift = 0.0449m (Max 0.0350m) at step 3
2026-04-24 13:27:33,249 - [ENV] - Episode ended without success at step 3. Final dist: 0.0964m
2026-04-24 13:27:33,249 - [ENV] - --- EPISODE START | Scenario: DESCEND | Start: [0.60738609 0.43102738 0.55      ] | Goal: [0.60738609 0.43102738 0.415     ] | DriftLimit: 0.0350 | FloorLimit: 0.4700 ---
2026-04-24 13:27:33,429 - [ENV] - TERMINATED (Descend): Tube Drift = 0.0396m (Max 0.0350m) at step 4
2026-04-24 13:27:33,429 - [ENV] - Episode ended without success at step 4. Final dist: 0.0409m
2026-04-24 13:27:33,430 - [ENV] - --- EPISODE START | Scenario: ASCEND | Start: [0.92815499 0.32970111 0.415     ] | Goal: [0.92815499 0.32970111 0.55      ] | DriftLimit: 0.0350 | FloorLimit: 0.4700 ---
2026-04-24 13:27:33,590 - [ENV] - TERMINATED (Ascend): Tube Drift = 0.0472m (Max 0.0350m) at step 3
2026-04-24 13:27:33,590 - [ENV] - Episode ended without success at step 3. Final dist: 0.1047m
2026-04-24 13:27:33,591 - [ENV] - --- EPISODE START | Scenario: ASCEND | Start: [1.05574489 0.39333084 0.415     ] | Goal: [1.05574489 0.39333084 0.55      ] | DriftLimit: 0.0350 | FloorLimit: 0.4700 ---
2026-04-24 13:27:38,044 - [ENV] - --- EPISODE START | Scenario: ASCEND | Start: [0.73948952 0.0965318  0.415     ] | Goal: [0.73948952 0.0965318  0.55      ] | DriftLimit: 0.0350 | FloorLimit: 0.4700 ---
2026-04-24 13:27:43,070 - [ENV] - --- EPISODE START | Scenario: DESCEND | Start: [1.10948003 0.45560835 0.55      ] | Goal: [1.10948003 0.45560835 0.415     ] | DriftLimit: 0.0350 | FloorLimit: 0.4700 ---
2026-04-24 13:27:43,190 - [ENV] - TERMINATED (Descend): Tube Drift = 0.0473m (Max 0.0350m) at step 2
2026-04-24 13:27:43,190 - [ENV] - Episode ended without success at step 2. Final dist: 0.0672m
2026-04-24 13:27:43,191 - [ENV] - --- EPISODE START | Scenario: TRANSIT | Start: [ 0.64911725 -0.00560437  0.55      ] | Goal: [1.07250246 0.53737675 0.55      ] | DriftLimit: 0.0350 | FloorLimit: 0.4700 ---
2026-04-24 13:27:47,680 - [ENV] - --- EPISODE START | Scenario: ASCEND | Start: [0.70673489 0.21027233 0.415     ] | Goal: [0.70673489 0.21027233 0.55      ] | DriftLimit: 0.0350 | FloorLimit: 0.4700 ---
2026-04-24 13:27:47,959 - [ENV] - TERMINATED (Ascend): Tube Drift = 0.0368m (Max 0.0350m) at step 7
2026-04-24 13:27:47,959 - [ENV] - Episode ended without success at step 7. Final dist: 0.1338m
2026-04-24 13:27:47,960 - [ENV] - --- EPISODE START | Scenario: ASCEND | Start: [1.11453536 0.19236863 0.415     ] | Goal: [1.11453536 0.19236863 0.55      ] | DriftLimit: 0.0350 | FloorLimit: 0.4700 ---
2026-04-24 13:27:52,202 - [ENV] - --- EPISODE START | Scenario: TRANSIT | Start: [1.0148443  0.27688112 0.55      ] | Goal: [1.11784018 0.00634856 0.55      ] | DriftLimit: 0.0350 | FloorLimit: 0.4700 ---
2026-04-24 13:27:56,393 - [ENV] - --- EPISODE START | Scenario: TRANSIT | Start: [0.99039589 0.31559094 0.55      ] | Goal: [0.88384998 0.11575565 0.55      ] | DriftLimit: 0.0350 | FloorLimit: 0.4700 ---
2026-04-24 13:28:00,715 - [ENV] - --- EPISODE START | Scenario: TRANSIT | Start: [1.03911429 0.32430177 0.55      ] | Goal: [0.93262241 0.38848288 0.55      ] | DriftLimit: 0.0350 | FloorLimit: 0.4700 ---
2026-04-24 13:28:05,641 - [ENV] - --- EPISODE START | Scenario: TRANSIT | Start: [0.88100279 0.27756759 0.55      ] | Goal: [1.05672812 0.46007873 0.55      ] | DriftLimit: 0.0350 | FloorLimit: 0.4700 ---
2026-04-24 13:28:09,999 - [ENV] - --- EPISODE START | Scenario: TRANSIT | Start: [0.7202791  0.46115444 0.55      ] | Goal: [1.11709463 0.20976303 0.55      ] | DriftLimit: 0.0350 | FloorLimit: 0.4700 ---
2026-04-24 13:28:14,669 - [ENV] - --- EPISODE START | Scenario: TRANSIT | Start: [0.71529839 0.52746652 0.55      ] | Goal: [1.12470718 0.15000047 0.55      ] | DriftLimit: 0.0350 | FloorLimit: 0.4700 ---
2026-04-24 13:28:18,775 - [ENV] - --- EPISODE START | Scenario: DESCEND | Start: [1.12764187 0.4464873  0.55      ] | Goal: [1.12764187 0.4464873  0.41      ] | DriftLimit: 0.0350 | FloorLimit: 0.4700 ---
2026-04-24 13:28:18,885 - [ENV] - TERMINATED (Descend): Tube Drift = 0.0468m (Max 0.0350m) at step 2
2026-04-24 13:28:18,886 - [ENV] - Episode ended without success at step 2. Final dist: 0.0706m
2026-04-24 13:28:18,886 - [ENV] - --- EPISODE START | Scenario: ASCEND | Start: [0.7793924 0.1215961 0.415    ] | Goal: [0.7793924 0.1215961 0.55     ] | DriftLimit: 0.0350 | FloorLimit: 0.4700 ---
2026-04-24 13:28:19,119 - [ENV] - TERMINATED (Ascend): Tube Drift = 0.0443m (Max 0.0350m) at step 3
2026-04-24 13:28:19,119 - [ENV] - Episode ended without success at step 3. Final dist: 0.1239m
2026-04-24 13:28:19,120 - [ENV] - --- EPISODE START | Scenario: ASCEND | Start: [0.83884911 0.24301328 0.415     ] | Goal: [0.83884911 0.24301328 0.55      ] | DriftLimit: 0.0350 | FloorLimit: 0.4700 ---
2026-04-24 13:28:23,370 - [ENV] - --- EPISODE START | Scenario: ASCEND | Start: [0.70415557 0.04132708 0.415     ] | Goal: [0.70415557 0.04132708 0.55      ] | DriftLimit: 0.0350 | FloorLimit: 0.4700 ---
2026-04-24 13:28:28,161 - [ENV] - --- EPISODE START | Scenario: DESCEND | Start: [0.60680907 0.45832897 0.55      ] | Goal: [0.60680907 0.45832897 0.415     ] | DriftLimit: 0.0350 | FloorLimit: 0.4700 ---
2026-04-24 13:29:22,100 - [ENV] - SUCCESS: Goal reached in 45 steps. Dist = 0.0098m
2026-04-24 13:29:22,101 - [ENV] - --- EPISODE START | Scenario: DESCEND | Start: [1.06453598 0.15861775 0.55      ] | Goal: [1.06453598 0.15861775 0.415     ] | DriftLimit: 0.0350 | FloorLimit: 0.4700 ---
2026-04-24 13:29:22,800 - [ENV] - SUCCESS: Goal reached in 27 steps. Dist = 0.0100m
2026-04-24 13:29:22,801 - [ENV] - --- EPISODE START | Scenario: ASCEND | Start: [0.90947336 0.34393723 0.415     ] | Goal: [0.90947336 0.34393723 0.55      ] | DriftLimit: 0.0350 | FloorLimit: 0.4700 ---
2026-04-24 13:29:27,299 - [ENV] - --- EPISODE START | Scenario: TRANSIT | Start: [0.81557117 0.53310546 0.55      ] | Goal: [0.92914501 0.12273463 0.55      ] | DriftLimit: 0.0350 | FloorLimit: 0.4700 ---
2026-04-24 13:29:31,484 - [ENV] - --- EPISODE START | Scenario: DESCEND | Start: [0.61199283 0.10128565 0.55      ] | Goal: [0.61199283 0.10128565 0.41      ] | DriftLimit: 0.0350 | FloorLimit: 0.4700 ---
2026-04-24 13:29:31,772 - [ENV] - TERMINATED (Descend): Tube Drift = 0.0371m (Max 0.0350m) at step 9
2026-04-24 13:29:31,772 - [ENV] - Episode ended without success at step 9. Final dist: 0.0397m
2026-04-24 13:29:31,772 - [ENV] - --- EPISODE START | Scenario: DESCEND | Start: [1.09717306 0.06982939 0.55      ] | Goal: [1.09717306 0.06982939 0.415     ] | DriftLimit: 0.0350 | FloorLimit: 0.4700 ---
2026-04-24 13:29:31,980 - [ENV] - SUCCESS: Goal reached in 6 steps. Dist = 0.0097m
2026-04-24 13:29:31,981 - [ENV] - --- EPISODE START | Scenario: DESCEND | Start: [0.86597498 0.15097158 0.55      ] | Goal: [0.86597498 0.15097158 0.415     ] | DriftLimit: 0.0350 | FloorLimit: 0.4700 ---
2026-04-24 13:29:32,199 - [ENV] - SUCCESS: Goal reached in 5 steps. Dist = 0.0088m
2026-04-24 13:29:32,200 - [ENV] - --- EPISODE START | Scenario: TRANSIT | Start: [0.82146282 0.27610394 0.55      ] | Goal: [0.90734924 0.20620422 0.55      ] | DriftLimit: 0.0350 | FloorLimit: 0.4700 ---
2026-04-24 13:29:36,740 - [ENV] - --- EPISODE START | Scenario: TRANSIT | Start: [0.82067463 0.52575842 0.55      ] | Goal: [0.6304104  0.25880252 0.55      ] | DriftLimit: 0.0350 | FloorLimit: 0.4700 ---
2026-04-24 13:29:37,023 - [ENV] - SUCCESS: Goal reached in 9 steps. Dist = 0.0116m
2026-04-24 13:29:37,024 - [ENV] - --- EPISODE START | Scenario: TRANSIT | Start: [0.66478166 0.11772982 0.55      ] | Goal: [1.02775349 0.16495897 0.55      ] | DriftLimit: 0.0350 | FloorLimit: 0.4700 ---
2026-04-24 13:29:41,504 - [ENV] - --- EPISODE START | Scenario: DESCEND | Start: [0.64576819 0.54093206 0.55      ] | Goal: [0.64576819 0.54093206 0.41      ] | DriftLimit: 0.0350 | FloorLimit: 0.4700 ---
2026-04-24 13:29:41,708 - [ENV] - SUCCESS: Goal reached in 6 steps. Dist = 0.0094m
2026-04-24 13:29:41,709 - [ENV] - --- EPISODE START | Scenario: ASCEND | Start: [0.97176863 0.20855505 0.415     ] | Goal: [0.97176863 0.20855505 0.55      ] | DriftLimit: 0.0350 | FloorLimit: 0.4700 ---
2026-04-24 13:29:41,932 - [ENV] - TERMINATED (Ascend): Tube Drift = 0.0471m (Max 0.0350m) at step 4
2026-04-24 13:29:41,932 - [ENV] - Episode ended without success at step 4. Final dist: 0.0955m
2026-04-24 13:29:41,933 - [ENV] - --- EPISODE START | Scenario: TRANSIT | Start: [1.09288736 0.2097162  0.55      ] | Goal: [0.78697727 0.18847548 0.55      ] | DriftLimit: 0.0350 | FloorLimit: 0.4700 ---
2026-04-24 13:29:46,161 - [ENV] - --- EPISODE START | Scenario: DESCEND | Start: [ 1.07003608 -0.00800784  0.55      ] | Goal: [ 1.07003608 -0.00800784  0.415     ] | DriftLimit: 0.0350 | FloorLimit: 0.4700 ---
2026-04-24 13:29:46,269 - [ENV] - SUCCESS: Goal reached in 4 steps. Dist = 0.0088m
2026-04-24 13:29:46,270 - [ENV] - --- EPISODE START | Scenario: DESCEND | Start: [0.67398061 0.28730983 0.55      ] | Goal: [0.67398061 0.28730983 0.415     ] | DriftLimit: 0.0350 | FloorLimit: 0.4700 ---
2026-04-24 13:29:46,425 - [ENV] - TERMINATED (Descend): Tube Drift = 0.0371m (Max 0.0350m) at step 2
2026-04-24 13:29:46,425 - [ENV] - Episode ended without success at step 2. Final dist: 0.0779m
2026-04-24 13:29:46,427 - [ENV] - --- EPISODE START | Scenario: TRANSIT | Start: [0.67511139 0.14594803 0.55      ] | Goal: [0.82928291 0.09012681 0.55      ] | DriftLimit: 0.0350 | FloorLimit: 0.4700 ---
2026-04-24 13:29:51,322 - [ENV] - --- EPISODE START | Scenario: ASCEND | Start: [1.04382537 0.07406889 0.415     ] | Goal: [1.04382537 0.07406889 0.55      ] | DriftLimit: 0.0350 | FloorLimit: 0.4700 ---
2026-04-24 13:29:55,689 - [ENV] - --- EPISODE START | Scenario: DESCEND | Start: [1.15844982 0.36177807 0.55      ] | Goal: [1.15844982 0.36177807 0.41      ] | DriftLimit: 0.0350 | FloorLimit: 0.4700 ---
2026-04-24 13:29:55,806 - [ENV] - TERMINATED (Descend): Tube Drift = 0.0474m (Max 0.0350m) at step 2
2026-04-24 13:29:55,806 - [ENV] - Episode ended without success at step 2. Final dist: 0.0695m
2026-04-24 13:29:55,807 - [ENV] - --- EPISODE START | Scenario: ASCEND | Start: [0.68112039 0.06694357 0.415     ] | Goal: [0.68112039 0.06694357 0.55      ] | DriftLimit: 0.0350 | FloorLimit: 0.4700 ---
2026-04-24 13:29:56,206 - [ENV] - TERMINATED (Ascend): Tube Drift = 0.0392m (Max 0.0350m) at step 7
2026-04-24 13:29:56,207 - [ENV] - Episode ended without success at step 7. Final dist: 0.1221m
2026-04-24 13:29:56,207 - [ENV] - --- EPISODE START | Scenario: DESCEND | Start: [0.82454027 0.11498732 0.55      ] | Goal: [0.82454027 0.11498732 0.415     ] | DriftLimit: 0.0350 | FloorLimit: 0.4700 ---
2026-04-24 13:29:56,412 - [ENV] - SUCCESS: Goal reached in 6 steps. Dist = 0.0089m
2026-04-24 13:29:56,413 - [ENV] - --- EPISODE START | Scenario: TRANSIT | Start: [0.94482847 0.39758755 0.55      ] | Goal: [0.83992023 0.47453534 0.55      ] | DriftLimit: 0.0350 | FloorLimit: 0.4700 ---
2026-04-24 13:30:00,628 - [ENV] - --- EPISODE START | Scenario: ASCEND | Start: [1.14253976 0.31503042 0.415     ] | Goal: [1.14253976 0.31503042 0.55      ] | DriftLimit: 0.0350 | FloorLimit: 0.4700 ---
2026-04-24 13:30:00,823 - [ENV] - TERMINATED (Ascend): Tube Drift = 0.0461m (Max 0.0350m) at step 3
2026-04-24 13:30:00,823 - [ENV] - Episode ended without success at step 3. Final dist: 0.1044m
2026-04-24 13:30:00,825 - [ENV] - --- EPISODE START | Scenario: ASCEND | Start: [1.01395309 0.08248672 0.415     ] | Goal: [1.01395309 0.08248672 0.55      ] | DriftLimit: 0.0350 | FloorLimit: 0.4700 ---
2026-04-24 13:30:01,037 - [ENV] - TERMINATED (Ascend): Tube Drift = 0.0357m (Max 0.0350m) at step 3
2026-04-24 13:30:01,037 - [ENV] - Episode ended without success at step 3. Final dist: 0.1030m
2026-04-24 13:30:01,038 - [ENV] - --- EPISODE START | Scenario: DESCEND | Start: [1.12597287 0.33917679 0.55      ] | Goal: [1.12597287 0.33917679 0.41      ] | DriftLimit: 0.0350 | FloorLimit: 0.4700 ---
2026-04-24 13:30:01,139 - [ENV] - TERMINATED (Descend): Tube Drift = 0.0459m (Max 0.0350m) at step 2
2026-04-24 13:30:01,139 - [ENV] - Episode ended without success at step 2. Final dist: 0.0685m
2026-04-24 13:30:01,140 - [ENV] - --- EPISODE START | Scenario: TRANSIT | Start: [1.08311216 0.34645311 0.55      ] | Goal: [1.04774585 0.0921593  0.55      ] | DriftLimit: 0.0350 | FloorLimit: 0.4700 ---
2026-04-24 13:30:05,456 - [ENV] - --- EPISODE START | Scenario: ASCEND | Start: [0.95020208 0.17402132 0.415     ] | Goal: [0.95020208 0.17402132 0.55      ] | DriftLimit: 0.0350 | FloorLimit: 0.4700 ---
2026-04-24 13:30:09,929 - [ENV] - --- EPISODE START | Scenario: DESCEND | Start: [0.76316791 0.53324693 0.55      ] | Goal: [0.76316791 0.53324693 0.415     ] | DriftLimit: 0.0350 | FloorLimit: 0.4700 ---
2026-04-24 13:30:10,153 - [ENV] - SUCCESS: Goal reached in 5 steps. Dist = 0.0080m
2026-04-24 13:30:10,153 - [ENV] - --- EPISODE START | Scenario: DESCEND | Start: [1.00370753 0.10774818 0.55      ] | Goal: [1.00370753 0.10774818 0.41      ] | DriftLimit: 0.0350 | FloorLimit: 0.4700 ---
2026-04-24 13:30:14,450 - [ENV] - --- EPISODE START | Scenario: TRANSIT | Start: [1.0912019 0.4701067 0.55     ] | Goal: [0.90599961 0.08600146 0.55      ] | DriftLimit: 0.0350 | FloorLimit: 0.4700 ---
2026-04-24 13:30:19,026 - [ENV] - --- EPISODE START | Scenario: ASCEND | Start: [0.64533238 0.08014721 0.415     ] | Goal: [0.64533238 0.08014721 0.55      ] | DriftLimit: 0.0350 | FloorLimit: 0.4700 ---
2026-04-24 13:30:23,675 - [ENV] - --- EPISODE START | Scenario: DESCEND | Start: [0.8926838  0.28211283 0.55      ] | Goal: [0.8926838  0.28211283 0.415     ] | DriftLimit: 0.0350 | FloorLimit: 0.4700 ---
2026-04-24 13:30:24,270 - [ENV] - SUCCESS: Goal reached in 23 steps. Dist = 0.0096m
2026-04-24 13:30:24,271 - [ENV] - --- EPISODE START | Scenario: TRANSIT | Start: [0.75982836 0.0651558  0.55      ] | Goal: [1.00215985 0.20983408 0.55      ] | DriftLimit: 0.0350 | FloorLimit: 0.4700 ---
2026-04-24 13:31:24,908 - [ENV] - --- EPISODE START | Scenario: DESCEND | Start: [0.88935703 0.06653437 0.55      ] | Goal: [0.88935703 0.06653437 0.415     ] | DriftLimit: 0.0350 | FloorLimit: 0.4700 ---
2026-04-24 13:31:25,089 - [ENV] - SUCCESS: Goal reached in 4 steps. Dist = 0.0075m
2026-04-24 13:31:25,090 - [ENV] - --- EPISODE START | Scenario: DESCEND | Start: [0.82586565 0.1397589  0.55      ] | Goal: [0.82586565 0.1397589  0.415     ] | DriftLimit: 0.0350 | FloorLimit: 0.4700 ---
2026-04-24 13:31:25,322 - [ENV] - SUCCESS: Goal reached in 8 steps. Dist = 0.0090m
2026-04-24 13:31:25,322 - [ENV] - --- EPISODE START | Scenario: ASCEND | Start: [0.97053557 0.52976163 0.415     ] | Goal: [0.97053557 0.52976163 0.55      ] | DriftLimit: 0.0350 | FloorLimit: 0.4700 ---
2026-04-24 13:31:25,467 - [ENV] - TERMINATED (Ascend): Tube Drift = 0.0434m (Max 0.0350m) at step 3
2026-04-24 13:31:25,468 - [ENV] - Episode ended without success at step 3. Final dist: 0.1003m
2026-04-24 13:31:25,468 - [ENV] - --- EPISODE START | Scenario: TRANSIT | Start: [0.70739389 0.16583769 0.55      ] | Goal: [0.65767409 0.46726697 0.55      ] | DriftLimit: 0.0350 | FloorLimit: 0.4700 ---
2026-04-24 13:31:26,595 - [ENV] - SUCCESS: Goal reached in 45 steps. Dist = 0.0167m
2026-04-24 13:31:26,596 - [ENV] - --- EPISODE START | Scenario: TRANSIT | Start: [0.63100136 0.44282528 0.55      ] | Goal: [0.96128133 0.4803343  0.55      ] | DriftLimit: 0.0350 | FloorLimit: 0.4700 ---
2026-04-24 13:31:30,812 - [ENV] - --- EPISODE START | Scenario: TRANSIT | Start: [0.90595697 0.34355451 0.55      ] | Goal: [0.70107341 0.45411748 0.55      ] | DriftLimit: 0.0350 | FloorLimit: 0.4700 ---
2026-04-24 13:31:31,893 - [ENV] - SUCCESS: Goal reached in 45 steps. Dist = 0.0172m
2026-04-24 13:31:31,894 - [ENV] - --- EPISODE START | Scenario: TRANSIT | Start: [0.69987061 0.05561591 0.55      ] | Goal: [1.15037138 0.05437907 0.55      ] | DriftLimit: 0.0350 | FloorLimit: 0.4700 ---
2026-04-24 13:31:36,423 - [ENV] - --- EPISODE START | Scenario: DESCEND | Start: [1.04368276 0.18833961 0.55      ] | Goal: [1.04368276 0.18833961 0.41      ] | DriftLimit: 0.0350 | FloorLimit: 0.4700 ---
2026-04-24 13:31:37,228 - [ENV] - SUCCESS: Goal reached in 34 steps. Dist = 0.0099m
2026-04-24 13:31:37,229 - [ENV] - --- EPISODE START | Scenario: TRANSIT | Start: [1.10223579 0.0939351  0.55      ] | Goal: [0.73235186 0.16185463 0.55      ] | DriftLimit: 0.0350 | FloorLimit: 0.4700 ---
2026-04-24 13:31:37,826 - [ENV] - SUCCESS: Goal reached in 13 steps. Dist = 0.0089m
2026-04-24 13:31:37,827 - [ENV] - --- EPISODE START | Scenario: DESCEND | Start: [1.02332117 0.28767474 0.55      ] | Goal: [1.02332117 0.28767474 0.41      ] | DriftLimit: 0.0350 | FloorLimit: 0.4700 ---
2026-04-24 13:31:37,951 - [ENV] - TERMINATED (Descend): Tube Drift = 0.0358m (Max 0.0350m) at step 2
2026-04-24 13:31:37,951 - [ENV] - Episode ended without success at step 2. Final dist: 0.0641m
2026-04-24 13:31:37,952 - [ENV] - --- EPISODE START | Scenario: DESCEND | Start: [0.77385944 0.02414415 0.55      ] | Goal: [0.77385944 0.02414415 0.41      ] | DriftLimit: 0.0350 | FloorLimit: 0.4700 ---
2026-04-24 13:31:42,165 - [ENV] - --- EPISODE START | Scenario: TRANSIT | Start: [1.12382139 0.3709885  0.55      ] | Goal: [0.8959798  0.54370955 0.55      ] | DriftLimit: 0.0350 | FloorLimit: 0.4700 ---
2026-04-24 13:31:46,539 - [ENV] - --- EPISODE START | Scenario: TRANSIT | Start: [0.96983197 0.37967112 0.55      ] | Goal: [0.64988575 0.51785473 0.55      ] | DriftLimit: 0.0350 | FloorLimit: 0.4700 ---
2026-04-24 13:31:51,040 - [ENV] - --- EPISODE START | Scenario: DESCEND | Start: [1.08795764 0.08799544 0.55      ] | Goal: [1.08795764 0.08799544 0.41      ] | DriftLimit: 0.0350 | FloorLimit: 0.4700 ---
2026-04-24 13:31:55,456 - [ENV] - --- EPISODE START | Scenario: ASCEND | Start: [1.14660703 0.05757051 0.415     ] | Goal: [1.14660703 0.05757051 0.55      ] | DriftLimit: 0.0350 | FloorLimit: 0.4700 ---
2026-04-24 13:31:56,019 - [ENV] - TERMINATED (Ascend): Tube Drift = 0.0352m (Max 0.0350m) at step 16
2026-04-24 13:31:56,019 - [ENV] - Episode ended without success at step 16. Final dist: 0.0908m
2026-04-24 13:31:56,020 - [ENV] - --- EPISODE START | Scenario: ASCEND | Start: [0.83423816 0.36617051 0.415     ] | Goal: [0.83423816 0.36617051 0.55      ] | DriftLimit: 0.0350 | FloorLimit: 0.4700 ---
2026-04-24 13:32:00,277 - [ENV] - --- EPISODE START | Scenario: ASCEND | Start: [0.8626942  0.52239237 0.415     ] | Goal: [0.8626942  0.52239237 0.55      ] | DriftLimit: 0.0350 | FloorLimit: 0.4700 ---
2026-04-24 13:32:00,398 - [ENV] - TERMINATED (Ascend): Tube Drift = 0.0361m (Max 0.0350m) at step 2
2026-04-24 13:32:00,399 - [ENV] - Episode ended without success at step 2. Final dist: 0.1170m
2026-04-24 13:32:00,400 - [ENV] - --- EPISODE START | Scenario: TRANSIT | Start: [1.13098933 0.24225999 0.55      ] | Goal: [1.0185216  0.54170169 0.55      ] | DriftLimit: 0.0350 | FloorLimit: 0.4700 ---
2026-04-24 13:32:05,332 - [ENV] - --- EPISODE START | Scenario: DESCEND | Start: [0.64947529 0.04347148 0.55      ] | Goal: [0.64947529 0.04347148 0.41      ] | DriftLimit: 0.0350 | FloorLimit: 0.4700 ---
2026-04-24 13:32:09,827 - [ENV] - --- EPISODE START | Scenario: DESCEND | Start: [0.68991984 0.21137652 0.55      ] | Goal: [0.68991984 0.21137652 0.415     ] | DriftLimit: 0.0350 | FloorLimit: 0.4700 ---
2026-04-24 13:32:10,045 - [ENV] - TERMINATED (Descend): Tube Drift = 0.0356m (Max 0.0350m) at step 6
2026-04-24 13:32:10,045 - [ENV] - Episode ended without success at step 6. Final dist: 0.0357m
2026-04-24 13:32:10,045 - [ENV] - --- EPISODE START | Scenario: TRANSIT | Start: [0.7486152  0.38236525 0.55      ] | Goal: [0.93893178 0.50603412 0.55      ] | DriftLimit: 0.0350 | FloorLimit: 0.4700 ---
2026-04-24 13:32:14,765 - [ENV] - --- EPISODE START | Scenario: ASCEND | Start: [0.98333522 0.33038649 0.415     ] | Goal: [0.98333522 0.33038649 0.55      ] | DriftLimit: 0.0350 | FloorLimit: 0.4700 ---
2026-04-24 13:32:19,064 - [ENV] - --- EPISODE START | Scenario: TRANSIT | Start: [0.76637885 0.27171839 0.55      ] | Goal: [0.69158445 0.45896651 0.55      ] | DriftLimit: 0.0350 | FloorLimit: 0.4700 ---
2026-04-24 13:32:23,955 - [ENV] - --- EPISODE START | Scenario: DESCEND | Start: [1.13127822 0.45566069 0.55      ] | Goal: [1.13127822 0.45566069 0.41      ] | DriftLimit: 0.0350 | FloorLimit: 0.4700 ---
2026-04-24 13:32:24,084 - [ENV] - TERMINATED (Descend): Tube Drift = 0.0385m (Max 0.0350m) at step 2
2026-04-24 13:32:24,085 - [ENV] - Episode ended without success at step 2. Final dist: 0.0654m
2026-04-24 13:32:24,086 - [ENV] - --- EPISODE START | Scenario: ASCEND | Start: [0.76692009 0.2445251  0.415     ] | Goal: [0.76692009 0.2445251  0.55      ] | DriftLimit: 0.0350 | FloorLimit: 0.4700 ---
2026-04-24 13:33:15,422 - [ENV] - --- EPISODE START | Scenario: ASCEND | Start: [0.91482408 0.43557842 0.415     ] | Goal: [0.91482408 0.43557842 0.55      ] | DriftLimit: 0.0350 | FloorLimit: 0.4700 ---
2026-04-24 13:33:15,568 - [ENV] - TERMINATED (Ascend): Tube Drift = 0.0479m (Max 0.0350m) at step 3
2026-04-24 13:33:15,568 - [ENV] - Episode ended without success at step 3. Final dist: 0.1068m
2026-04-24 13:33:15,569 - [ENV] - --- EPISODE START | Scenario: TRANSIT | Start: [0.75920223 0.31632442 0.55      ] | Goal: [0.60635157 0.04374171 0.55      ] | DriftLimit: 0.0350 | FloorLimit: 0.4700 ---
2026-04-24 13:33:19,984 - [ENV] - --- EPISODE START | Scenario: DESCEND | Start: [0.79509252 0.53389205 0.55      ] | Goal: [0.79509252 0.53389205 0.41      ] | DriftLimit: 0.0350 | FloorLimit: 0.4700 ---
2026-04-24 13:33:20,165 - [ENV] - SUCCESS: Goal reached in 4 steps. Dist = 0.0099m
2026-04-24 13:33:20,166 - [ENV] - --- EPISODE START | Scenario: TRANSIT | Start: [1.12334481 0.34652379 0.55      ] | Goal: [0.70614014 0.02850656 0.55      ] | DriftLimit: 0.0350 | FloorLimit: 0.4700 ---
2026-04-24 13:33:20,534 - [ENV] - SUCCESS: Goal reached in 13 steps. Dist = 0.0198m
2026-04-24 13:33:20,535 - [ENV] - --- EPISODE START | Scenario: TRANSIT | Start: [0.77660781 0.40785609 0.55      ] | Goal: [ 0.72809667 -0.0121639   0.55      ] | DriftLimit: 0.0350 | FloorLimit: 0.4700 ---
2026-04-24 13:33:24,918 - [ENV] - --- EPISODE START | Scenario: ASCEND | Start: [0.92284331 0.21575981 0.415     ] | Goal: [0.92284331 0.21575981 0.55      ] | DriftLimit: 0.0350 | FloorLimit: 0.4700 ---
2026-04-24 13:33:29,989 - [ENV] - --- EPISODE START | Scenario: DESCEND | Start: [0.64784149 0.39244016 0.55      ] | Goal: [0.64784149 0.39244016 0.41      ] | DriftLimit: 0.0350 | FloorLimit: 0.4700 ---
2026-04-24 13:33:30,187 - [ENV] - TERMINATED (Descend): Tube Drift = 0.0362m (Max 0.0350m) at step 5
2026-04-24 13:33:30,187 - [ENV] - Episode ended without success at step 5. Final dist: 0.0389m
2026-04-24 13:33:30,187 - [ENV] - --- EPISODE START | Scenario: TRANSIT | Start: [1.11729516 0.2235988  0.55      ] | Goal: [0.81602569 0.43601181 0.55      ] | DriftLimit: 0.0350 | FloorLimit: 0.4700 ---
2026-04-24 13:33:34,914 - [ENV] - --- EPISODE START | Scenario: ASCEND | Start: [1.13902484 0.52843894 0.415     ] | Goal: [1.13902484 0.52843894 0.55      ] | DriftLimit: 0.0350 | FloorLimit: 0.4700 ---
2026-04-24 13:33:39,765 - [ENV] - --- EPISODE START | Scenario: TRANSIT | Start: [ 1.11198723 -0.01357214  0.55      ] | Goal: [0.84258157 0.38852545 0.55      ] | DriftLimit: 0.0350 | FloorLimit: 0.4700 ---
2026-04-24 13:33:44,834 - [ENV] - --- EPISODE START | Scenario: DESCEND | Start: [0.84601303 0.28242052 0.55      ] | Goal: [0.84601303 0.28242052 0.415     ] | DriftLimit: 0.0350 | FloorLimit: 0.4700 ---
2026-04-24 13:33:45,368 - [ENV] - SUCCESS: Goal reached in 20 steps. Dist = 0.0095m
2026-04-24 13:33:45,369 - [ENV] - --- EPISODE START | Scenario: TRANSIT | Start: [0.91499618 0.02566264 0.55      ] | Goal: [1.1272058  0.18707329 0.55      ] | DriftLimit: 0.0350 | FloorLimit: 0.4700 ---
2026-04-24 13:33:49,790 - [ENV] - --- EPISODE START | Scenario: ASCEND | Start: [1.11195954 0.39913525 0.415     ] | Goal: [1.11195954 0.39913525 0.55      ] | DriftLimit: 0.0350 | FloorLimit: 0.4700 ---
2026-04-24 13:33:54,143 - [ENV] - --- EPISODE START | Scenario: DESCEND | Start: [1.13827406 0.23460164 0.55      ] | Goal: [1.13827406 0.23460164 0.41      ] | DriftLimit: 0.0350 | FloorLimit: 0.4700 ---
2026-04-24 13:33:54,619 - [ENV] - SUCCESS: Goal reached in 12 steps. Dist = 0.0099m
2026-04-24 13:33:54,620 - [ENV] - --- EPISODE START | Scenario: ASCEND | Start: [1.14251167 0.03383931 0.415     ] | Goal: [1.14251167 0.03383931 0.55      ] | DriftLimit: 0.0350 | FloorLimit: 0.4700 ---
2026-04-24 13:33:54,875 - [ENV] - TERMINATED (Ascend): Tube Drift = 0.0356m (Max 0.0350m) at step 7
2026-04-24 13:33:54,875 - [ENV] - Episode ended without success at step 7. Final dist: 0.1258m
2026-04-24 13:33:54,876 - [ENV] - --- EPISODE START | Scenario: ASCEND | Start: [0.77194659 0.23782899 0.415     ] | Goal: [0.77194659 0.23782899 0.55      ] | DriftLimit: 0.0350 | FloorLimit: 0.4700 ---
2026-04-24 13:33:59,289 - [ENV] - --- EPISODE START | Scenario: TRANSIT | Start: [0.74855704 0.29129466 0.55      ] | Goal: [0.70770627 0.50754647 0.55      ] | DriftLimit: 0.0350 | FloorLimit: 0.4700 ---
2026-04-24 13:33:59,856 - [ENV] - SUCCESS: Goal reached in 21 steps. Dist = 0.0176m
2026-04-24 13:33:59,857 - [ENV] - --- EPISODE START | Scenario: ASCEND | Start: [0.8613912  0.29084479 0.415     ] | Goal: [0.8613912  0.29084479 0.55      ] | DriftLimit: 0.0350 | FloorLimit: 0.4700 ---
2026-04-24 13:34:04,552 - [ENV] - --- EPISODE START | Scenario: TRANSIT | Start: [0.61981732 0.24818433 0.55      ] | Goal: [0.76590472 0.04967842 0.55      ] | DriftLimit: 0.0350 | FloorLimit: 0.4700 ---
2026-04-24 13:34:09,209 - [ENV] - --- EPISODE START | Scenario: ASCEND | Start: [0.9793887  0.05773933 0.415     ] | Goal: [0.9793887  0.05773933 0.55      ] | DriftLimit: 0.0350 | FloorLimit: 0.4700 ---
2026-04-24 13:34:09,368 - [ENV] - TERMINATED (Ascend): Tube Drift = 0.0461m (Max 0.0350m) at step 3
2026-04-24 13:34:09,368 - [ENV] - Episode ended without success at step 3. Final dist: 0.1240m
2026-04-24 13:34:09,368 - [ENV] - --- EPISODE START | Scenario: TRANSIT | Start: [0.75344502 0.54166279 0.55      ] | Goal: [1.10634854 0.00633503 0.55      ] | DriftLimit: 0.0350 | FloorLimit: 0.4700 ---
2026-04-24 13:34:13,444 - [ENV] - --- EPISODE START | Scenario: TRANSIT | Start: [0.90246363 0.41609082 0.55      ] | Goal: [0.97529877 0.16257033 0.55      ] | DriftLimit: 0.0350 | FloorLimit: 0.4700 ---
2026-04-24 13:34:17,926 - [ENV] - --- EPISODE START | Scenario: DESCEND | Start: [0.98794259 0.02346786 0.55      ] | Goal: [0.98794259 0.02346786 0.415     ] | DriftLimit: 0.0350 | FloorLimit: 0.4700 ---
2026-04-24 13:34:18,084 - [ENV] - SUCCESS: Goal reached in 4 steps. Dist = 0.0088m
2026-04-24 13:34:18,085 - [ENV] - --- EPISODE START | Scenario: ASCEND | Start: [0.89741101 0.41551744 0.415     ] | Goal: [0.89741101 0.41551744 0.55      ] | DriftLimit: 0.0350 | FloorLimit: 0.4700 ---
2026-04-24 13:35:21,387 - [ENV] - --- EPISODE START | Scenario: ASCEND | Start: [0.62227676 0.02244586 0.415     ] | Goal: [0.62227676 0.02244586 0.55      ] | DriftLimit: 0.0350 | FloorLimit: 0.4700 ---
2026-04-24 13:35:21,557 - [ENV] - TERMINATED (Ascend): Tube Drift = 0.0414m (Max 0.0350m) at step 3
2026-04-24 13:35:21,557 - [ENV] - Episode ended without success at step 3. Final dist: 0.1292m
2026-04-24 13:35:21,558 - [ENV] - --- EPISODE START | Scenario: TRANSIT | Start: [0.83934486 0.29783603 0.55      ] | Goal: [1.03539735 0.39397858 0.55      ] | DriftLimit: 0.0350 | FloorLimit: 0.4700 ---
2026-04-24 13:35:25,897 - [ENV] - --- EPISODE START | Scenario: ASCEND | Start: [0.98748045 0.01846788 0.415     ] | Goal: [0.98748045 0.01846788 0.55      ] | DriftLimit: 0.0350 | FloorLimit: 0.4700 ---
2026-04-24 13:35:30,308 - [ENV] - --- EPISODE START | Scenario: TRANSIT | Start: [0.93322769 0.06382009 0.55      ] | Goal: [0.75471989 0.36875079 0.55      ] | DriftLimit: 0.0350 | FloorLimit: 0.4700 ---
2026-04-24 13:35:30,703 - [ENV] - SUCCESS: Goal reached in 11 steps. Dist = 0.0106m
2026-04-24 13:35:30,704 - [ENV] - --- EPISODE START | Scenario: DESCEND | Start: [0.83869567 0.02663805 0.55      ] | Goal: [0.83869567 0.02663805 0.415     ] | DriftLimit: 0.0350 | FloorLimit: 0.4700 ---
2026-04-24 13:35:35,051 - [ENV] - --- EPISODE START | Scenario: ASCEND | Start: [1.00425501 0.05248732 0.415     ] | Goal: [1.00425501 0.05248732 0.55      ] | DriftLimit: 0.0350 | FloorLimit: 0.4700 ---
2026-04-24 13:35:39,303 - [ENV] - --- EPISODE START | Scenario: DESCEND | Start: [1.03644124 0.31823883 0.55      ] | Goal: [1.03644124 0.31823883 0.415     ] | DriftLimit: 0.0350 | FloorLimit: 0.4700 ---
2026-04-24 13:35:40,031 - [ENV] - SUCCESS: Goal reached in 15 steps. Dist = 0.0100m
2026-04-24 13:35:40,032 - [ENV] - --- EPISODE START | Scenario: TRANSIT | Start: [1.13077784 0.22452755 0.55      ] | Goal: [0.86686654 0.52122155 0.55      ] | DriftLimit: 0.0350 | FloorLimit: 0.4700 ---
2026-04-24 13:35:44,528 - [ENV] - --- EPISODE START | Scenario: ASCEND | Start: [1.13442578 0.34379859 0.415     ] | Goal: [1.13442578 0.34379859 0.55      ] | DriftLimit: 0.0350 | FloorLimit: 0.4700 ---
2026-04-24 13:35:44,749 - [ENV] - TERMINATED (Ascend): Tube Drift = 0.0506m (Max 0.0350m) at step 3
2026-04-24 13:35:44,750 - [ENV] - Episode ended without success at step 3. Final dist: 0.1175m
2026-04-24 13:35:44,750 - [ENV] - --- EPISODE START | Scenario: ASCEND | Start: [0.96176608 0.51544052 0.415     ] | Goal: [0.96176608 0.51544052 0.55      ] | DriftLimit: 0.0350 | FloorLimit: 0.4700 ---
2026-04-24 13:35:44,902 - [ENV] - TERMINATED (Ascend): Tube Drift = 0.0362m (Max 0.0350m) at step 2
2026-04-24 13:35:44,903 - [ENV] - Episode ended without success at step 2. Final dist: 0.1102m
2026-04-24 13:35:44,904 - [ENV] - --- EPISODE START | Scenario: TRANSIT | Start: [0.62085541 0.01989453 0.55      ] | Goal: [1.13837464 0.44377158 0.55      ] | DriftLimit: 0.0350 | FloorLimit: 0.4700 ---
2026-04-24 13:35:49,586 - [ENV] - --- EPISODE START | Scenario: DESCEND | Start: [0.7614675  0.17830571 0.55      ] | Goal: [0.7614675  0.17830571 0.41      ] | DriftLimit: 0.0350 | FloorLimit: 0.4700 ---
2026-04-24 13:35:50,534 - [ENV] - TERMINATED (Descend): Tube Drift = 0.0350m (Max 0.0350m) at step 30
2026-04-24 13:35:50,534 - [ENV] - Episode ended without success at step 30. Final dist: 0.0358m
2026-04-24 13:35:50,535 - [ENV] - --- EPISODE START | Scenario: ASCEND | Start: [0.97661334 0.1523195  0.415     ] | Goal: [0.97661334 0.1523195  0.55      ] | DriftLimit: 0.0350 | FloorLimit: 0.4700 ---
2026-04-24 13:35:54,913 - [ENV] - --- EPISODE START | Scenario: ASCEND | Start: [0.66852959 0.42226025 0.415     ] | Goal: [0.66852959 0.42226025 0.55      ] | DriftLimit: 0.0350 | FloorLimit: 0.4700 ---
2026-04-24 13:35:59,635 - [ENV] - --- EPISODE START | Scenario: ASCEND | Start: [1.08225924 0.12532595 0.415     ] | Goal: [1.08225924 0.12532595 0.55      ] | DriftLimit: 0.0350 | FloorLimit: 0.4700 ---
2026-04-24 13:36:04,109 - [ENV] - --- EPISODE START | Scenario: TRANSIT | Start: [1.08343261 0.34055796 0.55      ] | Goal: [0.90212646 0.54015577 0.55      ] | DriftLimit: 0.0350 | FloorLimit: 0.4700 ---
2026-04-24 13:36:08,230 - [ENV] - --- EPISODE START | Scenario: DESCEND | Start: [0.67545045 0.02764606 0.55      ] | Goal: [0.67545045 0.02764606 0.41      ] | DriftLimit: 0.0350 | FloorLimit: 0.4700 ---
2026-04-24 13:36:12,877 - [ENV] - --- EPISODE START | Scenario: TRANSIT | Start: [0.68240749 0.00204337 0.55      ] | Goal: [0.94075815 0.24730661 0.55      ] | DriftLimit: 0.0350 | FloorLimit: 0.4700 ---
2026-04-24 13:36:17,201 - [ENV] - --- EPISODE START | Scenario: ASCEND | Start: [0.68302627 0.15090154 0.415     ] | Goal: [0.68302627 0.15090154 0.55      ] | DriftLimit: 0.0350 | FloorLimit: 0.4700 ---
2026-04-24 13:36:21,998 - [ENV] - --- EPISODE START | Scenario: TRANSIT | Start: [0.61444054 0.50798274 0.55      ] | Goal: [0.77363823 0.03216788 0.55      ] | DriftLimit: 0.0350 | FloorLimit: 0.4700 ---
2026-04-24 13:37:27,661 - [ENV] - --- EPISODE START | Scenario: TRANSIT | Start: [1.08661204 0.29443583 0.55      ] | Goal: [0.66998548 0.40628972 0.55      ] | DriftLimit: 0.0350 | FloorLimit: 0.4700 ---
2026-04-24 13:37:32,428 - [ENV] - --- EPISODE START | Scenario: DESCEND | Start: [1.08791423 0.27007265 0.55      ] | Goal: [1.08791423 0.27007265 0.415     ] | DriftLimit: 0.0350 | FloorLimit: 0.4700 ---
2026-04-24 13:37:32,812 - [ENV] - SUCCESS: Goal reached in 13 steps. Dist = 0.0096m
2026-04-24 13:37:32,813 - [ENV] - --- EPISODE START | Scenario: ASCEND | Start: [0.82143746 0.18920693 0.415     ] | Goal: [0.82143746 0.18920693 0.55      ] | DriftLimit: 0.0350 | FloorLimit: 0.4700 ---
2026-04-24 13:37:32,961 - [ENV] - TERMINATED (Ascend): Tube Drift = 0.0391m (Max 0.0350m) at step 2
2026-04-24 13:37:32,961 - [ENV] - Episode ended without success at step 2. Final dist: 0.1292m
2026-04-24 13:37:32,962 - [ENV] - --- EPISODE START | Scenario: DESCEND | Start: [0.76033799 0.01840274 0.55      ] | Goal: [0.76033799 0.01840274 0.41      ] | DriftLimit: 0.0350 | FloorLimit: 0.4700 ---
2026-04-24 13:37:37,280 - [ENV] - --- EPISODE START | Scenario: ASCEND | Start: [0.70357029 0.29689447 0.415     ] | Goal: [0.70357029 0.29689447 0.55      ] | DriftLimit: 0.0350 | FloorLimit: 0.4700 ---
2026-04-24 13:37:41,739 - [ENV] - --- EPISODE START | Scenario: ASCEND | Start: [0.94518949 0.27911771 0.415     ] | Goal: [0.94518949 0.27911771 0.55      ] | DriftLimit: 0.0350 | FloorLimit: 0.4700 ---
2026-04-24 13:37:41,921 - [ENV] - TERMINATED (Ascend): Tube Drift = 0.0540m (Max 0.0350m) at step 3
2026-04-24 13:37:41,922 - [ENV] - Episode ended without success at step 3. Final dist: 0.1088m
2026-04-24 13:37:41,923 - [ENV] - --- EPISODE START | Scenario: DESCEND | Start: [0.96071993 0.38886601 0.55      ] | Goal: [0.96071993 0.38886601 0.41      ] | DriftLimit: 0.0350 | FloorLimit: 0.4700 ---
2026-04-24 13:37:42,053 - [ENV] - TERMINATED (Descend): Tube Drift = 0.0625m (Max 0.0350m) at step 2
2026-04-24 13:37:42,053 - [ENV] - Episode ended without success at step 2. Final dist: 0.1320m
2026-04-24 13:37:42,054 - [ENV] - --- EPISODE START | Scenario: DESCEND | Start: [0.89982283 0.19299853 0.55      ] | Goal: [0.89982283 0.19299853 0.41      ] | DriftLimit: 0.0350 | FloorLimit: 0.4700 ---
2026-04-24 13:37:46,136 - [ENV] - --- EPISODE START | Scenario: DESCEND | Start: [1.00909966 0.41164661 0.55      ] | Goal: [1.00909966 0.41164661 0.415     ] | DriftLimit: 0.0350 | FloorLimit: 0.4700 ---
2026-04-24 13:37:47,060 - [ENV] - TERMINATED (Descend): Tube Drift = 0.0352m (Max 0.0350m) at step 35
2026-04-24 13:37:47,060 - [ENV] - Episode ended without success at step 35. Final dist: 0.0363m
2026-04-24 13:37:47,061 - [ENV] - --- EPISODE START | Scenario: ASCEND | Start: [0.83737808 0.01048305 0.415     ] | Goal: [0.83737808 0.01048305 0.55      ] | DriftLimit: 0.0350 | FloorLimit: 0.4700 ---
2026-04-24 13:37:51,324 - [ENV] - --- EPISODE START | Scenario: ASCEND | Start: [1.13613815 0.47206489 0.415     ] | Goal: [1.13613815 0.47206489 0.55      ] | DriftLimit: 0.0350 | FloorLimit: 0.4700 ---
2026-04-24 13:37:51,447 - [ENV] - TERMINATED (Ascend): Tube Drift = 0.0514m (Max 0.0350m) at step 2
2026-04-24 13:37:51,448 - [ENV] - Episode ended without success at step 2. Final dist: 0.1112m
2026-04-24 13:37:51,449 - [ENV] - --- EPISODE START | Scenario: DESCEND | Start: [0.75088275 0.03504195 0.55      ] | Goal: [0.75088275 0.03504195 0.415     ] | DriftLimit: 0.0350 | FloorLimit: 0.4700 ---
2026-04-24 13:37:55,997 - [ENV] - --- EPISODE START | Scenario: ASCEND | Start: [0.99780994 0.4051859  0.415     ] | Goal: [0.99780994 0.4051859  0.55      ] | DriftLimit: 0.0350 | FloorLimit: 0.4700 ---
2026-04-24 13:37:56,153 - [ENV] - TERMINATED (Ascend): Tube Drift = 0.0455m (Max 0.0350m) at step 2
2026-04-24 13:37:56,153 - [ENV] - Episode ended without success at step 2. Final dist: 0.1111m
2026-04-24 13:37:56,154 - [ENV] - --- EPISODE START | Scenario: DESCEND | Start: [0.77222014 0.17505082 0.55      ] | Goal: [0.77222014 0.17505082 0.415     ] | DriftLimit: 0.0350 | FloorLimit: 0.4700 ---
2026-04-24 13:37:57,284 - [ENV] - TERMINATED (Descend): Tube Drift = 0.0350m (Max 0.0350m) at step 40
2026-04-24 13:37:57,295 - [ENV] - Episode ended without success at step 40. Final dist: 0.0351m
2026-04-24 13:37:57,296 - [ENV] - --- EPISODE START | Scenario: ASCEND | Start: [0.73477458 0.36507419 0.415     ] | Goal: [0.73477458 0.36507419 0.55      ] | DriftLimit: 0.0350 | FloorLimit: 0.4700 ---
2026-04-24 13:37:57,456 - [ENV] - TERMINATED (Ascend): Tube Drift = 0.0442m (Max 0.0350m) at step 2
2026-04-24 13:37:57,457 - [ENV] - Episode ended without success at step 2. Final dist: 0.1350m
2026-04-24 13:37:57,458 - [ENV] - --- EPISODE START | Scenario: TRANSIT | Start: [0.76760947 0.03113146 0.55      ] | Goal: [0.73436061 0.41128887 0.55      ] | DriftLimit: 0.0350 | FloorLimit: 0.4700 ---
2026-04-24 13:38:01,678 - [ENV] - --- EPISODE START | Scenario: DESCEND | Start: [0.86104886 0.17258517 0.55      ] | Goal: [0.86104886 0.17258517 0.415     ] | DriftLimit: 0.0350 | FloorLimit: 0.4700 ---
2026-04-24 13:38:02,990 - [ENV] - TERMINATED (Descend): Tube Drift = 0.0350m (Max 0.0350m) at step 50
2026-04-24 13:38:02,991 - [ENV] - Episode ended without success at step 50. Final dist: 0.0351m
2026-04-24 13:38:02,991 - [ENV] - --- EPISODE START | Scenario: ASCEND | Start: [0.79177096 0.42466102 0.415     ] | Goal: [0.79177096 0.42466102 0.55      ] | DriftLimit: 0.0350 | FloorLimit: 0.4700 ---
2026-04-24 13:38:07,598 - [ENV] - --- EPISODE START | Scenario: TRANSIT | Start: [1.06667486 0.04321209 0.55      ] | Goal: [0.95623401 0.07101024 0.55      ] | DriftLimit: 0.0350 | FloorLimit: 0.4700 ---
2026-04-24 13:38:11,902 - [ENV] - --- EPISODE START | Scenario: TRANSIT | Start: [0.92628408 0.0249167  0.55      ] | Goal: [1.09754651 0.52646753 0.55      ] | DriftLimit: 0.0350 | FloorLimit: 0.4700 ---
2026-04-24 13:38:16,041 - [ENV] - --- EPISODE START | Scenario: ASCEND | Start: [0.7043315  0.36408441 0.415     ] | Goal: [0.7043315  0.36408441 0.55      ] | DriftLimit: 0.0350 | FloorLimit: 0.4700 ---
2026-04-24 13:38:16,249 - [ENV] - TERMINATED (Ascend): Tube Drift = 0.0544m (Max 0.0350m) at step 2
2026-04-24 13:38:16,249 - [ENV] - Episode ended without success at step 2. Final dist: 0.1268m
2026-04-24 13:38:16,250 - [ENV] - --- EPISODE START | Scenario: DESCEND | Start: [0.79038987 0.54267121 0.55      ] | Goal: [0.79038987 0.54267121 0.41      ] | DriftLimit: 0.0350 | FloorLimit: 0.4700 ---
2026-04-24 13:38:16,810 - [ENV] - TERMINATED (Descend): Tube Drift = 0.0352m (Max 0.0350m) at step 16
2026-04-24 13:38:16,810 - [ENV] - Episode ended without success at step 16. Final dist: 0.0383m
2026-04-24 13:38:16,811 - [ENV] - --- EPISODE START | Scenario: ASCEND | Start: [0.88144791 0.23048968 0.415     ] | Goal: [0.88144791 0.23048968 0.55      ] | DriftLimit: 0.0350 | FloorLimit: 0.4700 ---
2026-04-24 13:38:21,005 - [ENV] - --- EPISODE START | Scenario: ASCEND | Start: [1.07044117 0.17072393 0.415     ] | Goal: [1.07044117 0.17072393 0.55      ] | DriftLimit: 0.0350 | FloorLimit: 0.4700 ---
2026-04-24 13:38:21,131 - [ENV] - TERMINATED (Ascend): Tube Drift = 0.0413m (Max 0.0350m) at step 2
2026-04-24 13:38:21,131 - [ENV] - Episode ended without success at step 2. Final dist: 0.1136m
2026-04-24 13:38:21,132 - [ENV] - --- EPISODE START | Scenario: ASCEND | Start: [0.77411905 0.02909428 0.415     ] | Goal: [0.77411905 0.02909428 0.55      ] | DriftLimit: 0.0350 | FloorLimit: 0.4700 ---
2026-04-24 13:38:21,274 - [ENV] - TERMINATED (Ascend): Tube Drift = 0.0357m (Max 0.0350m) at step 2
2026-04-24 13:38:21,275 - [ENV] - Episode ended without success at step 2. Final dist: 0.1225m
2026-04-24 13:38:21,276 - [ENV] - --- EPISODE START | Scenario: ASCEND | Start: [0.61671168 0.36918468 0.415     ] | Goal: [0.61671168 0.36918468 0.55      ] | DriftLimit: 0.0350 | FloorLimit: 0.4700 ---
2026-04-24 13:38:25,740 - [ENV] - --- EPISODE START | Scenario: DESCEND | Start: [1.15627883 0.43921269 0.55      ] | Goal: [1.15627883 0.43921269 0.415     ] | DriftLimit: 0.0350 | FloorLimit: 0.4700 ---
2026-04-24 13:38:25,869 - [ENV] - TERMINATED (Descend): Tube Drift = 0.0499m (Max 0.0350m) at step 2
2026-04-24 13:38:25,869 - [ENV] - Episode ended without success at step 2. Final dist: 0.1223m
2026-04-24 13:38:25,871 - [ENV] - --- EPISODE START | Scenario: TRANSIT | Start: [0.86233722 0.52528784 0.55      ] | Goal: [0.76219364 0.18408575 0.55      ] | DriftLimit: 0.0350 | FloorLimit: 0.4700 ---
2026-04-24 13:39:35,205 - [ENV] - --- EPISODE START | Scenario: TRANSIT | Start: [1.0992935 0.1063674 0.55     ] | Goal: [0.71944903 0.4562198  0.55      ] | DriftLimit: 0.0350 | FloorLimit: 0.4700 ---
2026-04-24 13:39:39,571 - [ENV] - --- EPISODE START | Scenario: TRANSIT | Start: [0.83365025 0.47513657 0.55      ] | Goal: [0.78619754 0.28783266 0.55      ] | DriftLimit: 0.0350 | FloorLimit: 0.4700 ---
2026-04-24 13:39:43,693 - [ENV] - --- EPISODE START | Scenario: DESCEND | Start: [0.7259668  0.09822062 0.55      ] | Goal: [0.7259668  0.09822062 0.41      ] | DriftLimit: 0.0350 | FloorLimit: 0.4700 ---
2026-04-24 13:39:48,259 - [ENV] - --- EPISODE START | Scenario: TRANSIT | Start: [1.0497124  0.49288457 0.55      ] | Goal: [0.70644431 0.3088067  0.55      ] | DriftLimit: 0.0350 | FloorLimit: 0.4700 ---
2026-04-24 13:39:52,681 - [ENV] - --- EPISODE START | Scenario: DESCEND | Start: [ 1.01925607 -0.00763257  0.55      ] | Goal: [ 1.01925607 -0.00763257  0.415     ] | DriftLimit: 0.0350 | FloorLimit: 0.4700 ---
2026-04-24 13:39:57,205 - [ENV] - --- EPISODE START | Scenario: TRANSIT | Start: [0.60928007 0.11757844 0.55      ] | Goal: [1.06277397 0.3483157  0.55      ] | DriftLimit: 0.0350 | FloorLimit: 0.4700 ---
2026-04-24 13:40:01,620 - [ENV] - --- EPISODE START | Scenario: DESCEND | Start: [0.8332855  0.04434477 0.55      ] | Goal: [0.8332855  0.04434477 0.41      ] | DriftLimit: 0.0350 | FloorLimit: 0.4700 ---
2026-04-24 13:40:05,848 - [ENV] - --- EPISODE START | Scenario: TRANSIT | Start: [1.02916971 0.47439037 0.55      ] | Goal: [0.73136849 0.30228213 0.55      ] | DriftLimit: 0.0350 | FloorLimit: 0.4700 ---
2026-04-24 13:40:06,149 - [ENV] - SUCCESS: Goal reached in 10 steps. Dist = 0.0122m
2026-04-24 13:40:06,150 - [ENV] - --- EPISODE START | Scenario: TRANSIT | Start: [1.05184864 0.5178721  0.55      ] | Goal: [1.15355885 0.20829447 0.55      ] | DriftLimit: 0.0350 | FloorLimit: 0.4700 ---
2026-04-24 13:40:10,637 - [ENV] - --- EPISODE START | Scenario: DESCEND | Start: [0.87912218 0.46381891 0.55      ] | Goal: [0.87912218 0.46381891 0.415     ] | DriftLimit: 0.0350 | FloorLimit: 0.4700 ---
2026-04-24 13:40:11,497 - [ENV] - TERMINATED (Descend): Tube Drift = 0.0354m (Max 0.0350m) at step 31
2026-04-24 13:40:11,497 - [ENV] - Episode ended without success at step 31. Final dist: 0.0355m
2026-04-24 13:40:11,497 - [ENV] - --- EPISODE START | Scenario: TRANSIT | Start: [1.01288382 0.4655909  0.55      ] | Goal: [1.0561561  0.35909443 0.55      ] | DriftLimit: 0.0350 | FloorLimit: 0.4700 ---
2026-04-24 13:40:15,829 - [ENV] - --- EPISODE START | Scenario: TRANSIT | Start: [1.12394683 0.04003505 0.55      ] | Goal: [0.99792463 0.41795162 0.55      ] | DriftLimit: 0.0350 | FloorLimit: 0.4700 ---
2026-04-24 13:40:20,402 - [ENV] - --- EPISODE START | Scenario: DESCEND | Start: [0.61611602 0.45186278 0.55      ] | Goal: [0.61611602 0.45186278 0.415     ] | DriftLimit: 0.0350 | FloorLimit: 0.4700 ---
2026-04-24 13:40:21,595 - [ENV] - TERMINATED (Descend): Tube Drift = 0.0350m (Max 0.0350m) at step 46
2026-04-24 13:40:21,595 - [ENV] - Episode ended without success at step 46. Final dist: 0.0351m
2026-04-24 13:40:21,596 - [ENV] - --- EPISODE START | Scenario: DESCEND | Start: [1.07689667 0.21116515 0.55      ] | Goal: [1.07689667 0.21116515 0.415     ] | DriftLimit: 0.0350 | FloorLimit: 0.4700 ---
2026-04-24 13:40:21,751 - [ENV] - SUCCESS: Goal reached in 4 steps. Dist = 0.0073m
2026-04-24 13:40:21,752 - [ENV] - --- EPISODE START | Scenario: ASCEND | Start: [0.92119727 0.2530548  0.415     ] | Goal: [0.92119727 0.2530548  0.55      ] | DriftLimit: 0.0350 | FloorLimit: 0.4700 ---
2026-04-24 13:40:21,893 - [ENV] - TERMINATED (Ascend): Tube Drift = 0.0406m (Max 0.0350m) at step 2
2026-04-24 13:40:21,893 - [ENV] - Episode ended without success at step 2. Final dist: 0.1126m
2026-04-24 13:40:21,894 - [ENV] - --- EPISODE START | Scenario: ASCEND | Start: [0.98832971 0.4103444  0.415     ] | Goal: [0.98832971 0.4103444  0.55      ] | DriftLimit: 0.0350 | FloorLimit: 0.4700 ---
2026-04-24 13:40:22,040 - [ENV] - TERMINATED (Ascend): Tube Drift = 0.0433m (Max 0.0350m) at step 2
2026-04-24 13:40:22,041 - [ENV] - Episode ended without success at step 2. Final dist: 0.1096m
2026-04-24 13:40:22,041 - [ENV] - --- EPISODE START | Scenario: ASCEND | Start: [0.68115316 0.42395153 0.415     ] | Goal: [0.68115316 0.42395153 0.55      ] | DriftLimit: 0.0350 | FloorLimit: 0.4700 ---
2026-04-24 13:40:22,224 - [ENV] - TERMINATED (Ascend): Tube Drift = 0.0562m (Max 0.0350m) at step 3
2026-04-24 13:40:22,224 - [ENV] - Episode ended without success at step 3. Final dist: 0.1227m
2026-04-24 13:40:22,226 - [ENV] - --- EPISODE START | Scenario: TRANSIT | Start: [0.81835637 0.07593897 0.55      ] | Goal: [1.05711786 0.48110048 0.55      ] | DriftLimit: 0.0350 | FloorLimit: 0.4700 ---
2026-04-24 13:40:26,792 - [ENV] - --- EPISODE START | Scenario: ASCEND | Start: [1.03613627 0.06963687 0.415     ] | Goal: [1.03613627 0.06963687 0.55      ] | DriftLimit: 0.0350 | FloorLimit: 0.4700 ---
2026-04-24 13:40:26,894 - [ENV] - TERMINATED (Ascend): Tube Drift = 0.0402m (Max 0.0350m) at step 2
2026-04-24 13:40:26,894 - [ENV] - Episode ended without success at step 2. Final dist: 0.1134m
2026-04-24 13:40:26,895 - [ENV] - --- EPISODE START | Scenario: DESCEND | Start: [1.02685968 0.01711142 0.55      ] | Goal: [1.02685968 0.01711142 0.41      ] | DriftLimit: 0.0350 | FloorLimit: 0.4700 ---
2026-04-24 13:40:27,766 - [ENV] - SUCCESS: Goal reached in 29 steps. Dist = 0.0100m
2026-04-24 13:40:27,767 - [ENV] - --- EPISODE START | Scenario: DESCEND | Start: [0.71665997 0.40659887 0.55      ] | Goal: [0.71665997 0.40659887 0.415     ] | DriftLimit: 0.0350 | FloorLimit: 0.4700 ---
2026-04-24 13:40:32,672 - [ENV] - --- EPISODE START | Scenario: DESCEND | Start: [1.11439725 0.47655738 0.55      ] | Goal: [1.11439725 0.47655738 0.41      ] | DriftLimit: 0.0350 | FloorLimit: 0.4700 ---
2026-04-24 13:40:33,139 - [ENV] - TERMINATED (Descend): Tube Drift = 0.0354m (Max 0.0350m) at step 18
2026-04-24 13:40:33,139 - [ENV] - Episode ended without success at step 18. Final dist: 0.0361m
2026-04-24 13:40:33,140 - [ENV] - --- EPISODE START | Scenario: ASCEND | Start: [0.7975952  0.23957208 0.415     ] | Goal: [0.7975952  0.23957208 0.55      ] | DriftLimit: 0.0350 | FloorLimit: 0.4700 ---
2026-04-24 13:40:33,377 - [ENV] - TERMINATED (Ascend): Tube Drift = 0.0395m (Max 0.0350m) at step 2
2026-04-24 13:40:33,378 - [ENV] - Episode ended without success at step 2. Final dist: 0.1316m
2026-04-24 13:40:33,378 - [ENV] - --- EPISODE START | Scenario: TRANSIT | Start: [ 1.01146166 -0.00997942  0.55      ] | Goal: [0.95600198 0.4583161  0.55      ] | DriftLimit: 0.0350 | FloorLimit: 0.4700 ---
2026-04-24 13:40:37,616 - [ENV] - --- EPISODE START | Scenario: ASCEND | Start: [0.88690033 0.20103899 0.415     ] | Goal: [0.88690033 0.20103899 0.55      ] | DriftLimit: 0.0350 | FloorLimit: 0.4700 ---
2026-04-24 13:41:46,068 - [ENV] - --- EPISODE START | Scenario: TRANSIT | Start: [1.09028499 0.2939604  0.55      ] | Goal: [0.79731329 0.41861057 0.55      ] | DriftLimit: 0.0350 | FloorLimit: 0.4700 ---
2026-04-24 13:41:50,570 - [ENV] - --- EPISODE START | Scenario: ASCEND | Start: [1.08471541 0.12021067 0.415     ] | Goal: [1.08471541 0.12021067 0.55      ] | DriftLimit: 0.0350 | FloorLimit: 0.4700 ---
2026-04-24 13:41:50,703 - [ENV] - TERMINATED (Ascend): Tube Drift = 0.0407m (Max 0.0350m) at step 2
2026-04-24 13:41:50,704 - [ENV] - Episode ended without success at step 2. Final dist: 0.1147m
2026-04-24 13:41:50,705 - [ENV] - --- EPISODE START | Scenario: TRANSIT | Start: [1.04764145 0.16916012 0.55      ] | Goal: [1.00947771 0.51462687 0.55      ] | DriftLimit: 0.0350 | FloorLimit: 0.4700 ---
2026-04-24 13:41:55,301 - [ENV] - --- EPISODE START | Scenario: TRANSIT | Start: [0.62495    0.46985029 0.55      ] | Goal: [0.62675134 0.09828326 0.55      ] | DriftLimit: 0.0350 | FloorLimit: 0.4700 ---
2026-04-24 13:42:00,321 - [ENV] - --- EPISODE START | Scenario: TRANSIT | Start: [0.78209138 0.12684802 0.55      ] | Goal: [0.99622589 0.0659357  0.55      ] | DriftLimit: 0.0350 | FloorLimit: 0.4700 ---
2026-04-24 13:42:05,079 - [ENV] - --- EPISODE START | Scenario: DESCEND | Start: [0.62243923 0.159003   0.55      ] | Goal: [0.62243923 0.159003   0.415     ] | DriftLimit: 0.0350 | FloorLimit: 0.4700 ---
2026-04-24 13:42:09,452 - [ENV] - --- EPISODE START | Scenario: TRANSIT | Start: [0.97980825 0.29661423 0.55      ] | Goal: [0.68120371 0.2436347  0.55      ] | DriftLimit: 0.0350 | FloorLimit: 0.4700 ---
2026-04-24 13:42:14,043 - [ENV] - --- EPISODE START | Scenario: TRANSIT | Start: [0.62776579 0.3838866  0.55      ] | Goal: [0.71166511 0.11415382 0.55      ] | DriftLimit: 0.0350 | FloorLimit: 0.4700 ---
2026-04-24 13:42:18,601 - [ENV] - --- EPISODE START | Scenario: ASCEND | Start: [0.65555284 0.39058861 0.415     ] | Goal: [0.65555284 0.39058861 0.55      ] | DriftLimit: 0.0350 | FloorLimit: 0.4700 ---
2026-04-24 13:42:18,762 - [ENV] - TERMINATED (Ascend): Tube Drift = 0.0505m (Max 0.0350m) at step 2
2026-04-24 13:42:18,762 - [ENV] - Episode ended without success at step 2. Final dist: 0.1311m
2026-04-24 13:42:18,764 - [ENV] - --- EPISODE START | Scenario: TRANSIT | Start: [0.89964088 0.03968877 0.55      ] | Goal: [0.72309438 0.45616507 0.55      ] | DriftLimit: 0.0350 | FloorLimit: 0.4700 ---
2026-04-24 13:42:23,278 - [ENV] - --- EPISODE START | Scenario: ASCEND | Start: [1.14638679 0.49614101 0.415     ] | Goal: [1.14638679 0.49614101 0.55      ] | DriftLimit: 0.0350 | FloorLimit: 0.4700 ---
2026-04-24 13:42:23,415 - [ENV] - TERMINATED (Ascend): Tube Drift = 0.0507m (Max 0.0350m) at step 2
2026-04-24 13:42:23,416 - [ENV] - Episode ended without success at step 2. Final dist: 0.1089m
2026-04-24 13:42:23,417 - [ENV] - --- EPISODE START | Scenario: DESCEND | Start: [0.80824606 0.23752919 0.55      ] | Goal: [0.80824606 0.23752919 0.41      ] | DriftLimit: 0.0350 | FloorLimit: 0.4700 ---
2026-04-24 13:42:24,314 - [ENV] - TERMINATED (Descend): Tube Drift = 0.0353m (Max 0.0350m) at step 30
2026-04-24 13:42:24,315 - [ENV] - Episode ended without success at step 30. Final dist: 0.0364m
2026-04-24 13:42:24,315 - [ENV] - --- EPISODE START | Scenario: DESCEND | Start: [0.94834721 0.11029214 0.55      ] | Goal: [0.94834721 0.11029214 0.415     ] | DriftLimit: 0.0350 | FloorLimit: 0.4700 ---
2026-04-24 13:42:24,504 - [ENV] - SUCCESS: Goal reached in 5 steps. Dist = 0.0097m
2026-04-24 13:42:24,505 - [ENV] - --- EPISODE START | Scenario: TRANSIT | Start: [1.13357054 0.38098149 0.55      ] | Goal: [0.95676123 0.18066891 0.55      ] | DriftLimit: 0.0350 | FloorLimit: 0.4700 ---
2026-04-24 13:42:29,045 - [ENV] - --- EPISODE START | Scenario: DESCEND | Start: [1.05100773 0.04312742 0.55      ] | Goal: [1.05100773 0.04312742 0.415     ] | DriftLimit: 0.0350 | FloorLimit: 0.4700 ---
2026-04-24 13:42:29,214 - [ENV] - SUCCESS: Goal reached in 5 steps. Dist = 0.0089m
2026-04-24 13:42:29,215 - [ENV] - --- EPISODE START | Scenario: TRANSIT | Start: [0.60482382 0.05569464 0.55      ] | Goal: [1.01159896 0.27471771 0.55      ] | DriftLimit: 0.0350 | FloorLimit: 0.4700 ---
2026-04-24 13:42:33,496 - [ENV] - --- EPISODE START | Scenario: TRANSIT | Start: [0.62915288 0.3117135  0.55      ] | Goal: [0.98014527 0.47300673 0.55      ] | DriftLimit: 0.0350 | FloorLimit: 0.4700 ---
2026-04-24 13:42:38,008 - [ENV] - --- EPISODE START | Scenario: ASCEND | Start: [1.15729515 0.27427651 0.415     ] | Goal: [1.15729515 0.27427651 0.55      ] | DriftLimit: 0.0350 | FloorLimit: 0.4700 ---
2026-04-24 13:42:42,610 - [ENV] - --- EPISODE START | Scenario: TRANSIT | Start: [0.65002764 0.2977097  0.55      ] | Goal: [0.96468353 0.49125739 0.55      ] | DriftLimit: 0.0350 | FloorLimit: 0.4700 ---
2026-04-24 13:42:46,917 - [ENV] - --- EPISODE START | Scenario: ASCEND | Start: [0.97276046 0.03940272 0.415     ] | Goal: [0.97276046 0.03940272 0.55      ] | DriftLimit: 0.0350 | FloorLimit: 0.4700 ---
2026-04-24 13:43:50,685 - [ENV] - --- EPISODE START | Scenario: DESCEND | Start: [1.08411529 0.16633096 0.55      ] | Goal: [1.08411529 0.16633096 0.415     ] | DriftLimit: 0.0350 | FloorLimit: 0.4700 ---
2026-04-24 13:43:50,921 - [ENV] - SUCCESS: Goal reached in 4 steps. Dist = 0.0076m
2026-04-24 13:43:50,922 - [ENV] - --- EPISODE START | Scenario: DESCEND | Start: [0.7042143  0.29292832 0.55      ] | Goal: [0.7042143  0.29292832 0.41      ] | DriftLimit: 0.0350 | FloorLimit: 0.4700 ---
2026-04-24 13:43:55,411 - [ENV] - --- EPISODE START | Scenario: DESCEND | Start: [1.01233682 0.30988941 0.55      ] | Goal: [1.01233682 0.30988941 0.415     ] | DriftLimit: 0.0350 | FloorLimit: 0.4700 ---
2026-04-24 13:44:00,396 - [ENV] - --- EPISODE START | Scenario: DESCEND | Start: [0.71515823 0.16510234 0.55      ] | Goal: [0.71515823 0.16510234 0.41      ] | DriftLimit: 0.0350 | FloorLimit: 0.4700 ---
2026-04-24 13:44:00,613 - [ENV] - TERMINATED (Descend): Tube Drift = 0.0380m (Max 0.0350m) at step 5
2026-04-24 13:44:00,613 - [ENV] - Episode ended without success at step 5. Final dist: 0.0397m
2026-04-24 13:44:00,614 - [ENV] - --- EPISODE START | Scenario: TRANSIT | Start: [0.64867088 0.37678637 0.55      ] | Goal: [0.66762696 0.01052695 0.55      ] | DriftLimit: 0.0350 | FloorLimit: 0.4700 ---
2026-04-24 13:44:05,228 - [ENV] - --- EPISODE START | Scenario: DESCEND | Start: [0.6686768  0.21956504 0.55      ] | Goal: [0.6686768  0.21956504 0.415     ] | DriftLimit: 0.0350 | FloorLimit: 0.4700 ---
2026-04-24 13:44:05,501 - [ENV] - TERMINATED (Descend): Tube Drift = 0.0388m (Max 0.0350m) at step 6
2026-04-24 13:44:05,501 - [ENV] - Episode ended without success at step 6. Final dist: 0.0389m
2026-04-24 13:44:05,502 - [ENV] - --- EPISODE START | Scenario: ASCEND | Start: [1.05211181 0.07176488 0.415     ] | Goal: [1.05211181 0.07176488 0.55      ] | DriftLimit: 0.0350 | FloorLimit: 0.4700 ---
2026-04-24 13:44:05,598 - [ENV] - TERMINATED (Ascend): Tube Drift = 0.0377m (Max 0.0350m) at step 2
2026-04-24 13:44:05,599 - [ENV] - Episode ended without success at step 2. Final dist: 0.1126m
2026-04-24 13:44:05,599 - [ENV] - --- EPISODE START | Scenario: TRANSIT | Start: [0.99189893 0.53175514 0.55      ] | Goal: [1.12680611 0.46934943 0.55      ] | DriftLimit: 0.0350 | FloorLimit: 0.4700 ---
2026-04-24 13:44:10,611 - [ENV] - --- EPISODE START | Scenario: DESCEND | Start: [0.74216596 0.04097999 0.55      ] | Goal: [0.74216596 0.04097999 0.415     ] | DriftLimit: 0.0350 | FloorLimit: 0.4700 ---
2026-04-24 13:44:12,426 - [ENV] - SUCCESS: Goal reached in 62 steps. Dist = 0.0100m
2026-04-24 13:44:12,427 - [ENV] - --- EPISODE START | Scenario: TRANSIT | Start: [ 0.92643182 -0.00115366  0.55      ] | Goal: [0.72325988 0.17983308 0.55      ] | DriftLimit: 0.0350 | FloorLimit: 0.4700 ---
2026-04-24 13:44:16,847 - [ENV] - --- EPISODE START | Scenario: DESCEND | Start: [1.09818652 0.04077893 0.55      ] | Goal: [1.09818652 0.04077893 0.415     ] | DriftLimit: 0.0350 | FloorLimit: 0.4700 ---
2026-04-24 13:44:17,050 - [ENV] - SUCCESS: Goal reached in 5 steps. Dist = 0.0097m
2026-04-24 13:44:17,050 - [ENV] - --- EPISODE START | Scenario: DESCEND | Start: [0.91270598 0.53938735 0.55      ] | Goal: [0.91270598 0.53938735 0.415     ] | DriftLimit: 0.0350 | FloorLimit: 0.4700 ---
2026-04-24 13:44:18,228 - [ENV] - TERMINATED (Descend): Tube Drift = 0.0363m (Max 0.0350m) at step 41
2026-04-24 13:44:18,228 - [ENV] - Episode ended without success at step 41. Final dist: 0.0420m
2026-04-24 13:44:18,229 - [ENV] - --- EPISODE START | Scenario: TRANSIT | Start: [0.72024708 0.48550644 0.55      ] | Goal: [0.78262394 0.38743271 0.55      ] | DriftLimit: 0.0350 | FloorLimit: 0.4700 ---
2026-04-24 13:44:18,479 - [ENV] - SUCCESS: Goal reached in 5 steps. Dist = 0.0185m
2026-04-24 13:44:18,480 - [ENV] - --- EPISODE START | Scenario: ASCEND | Start: [0.8447368  0.02275628 0.415     ] | Goal: [0.8447368  0.02275628 0.55      ] | DriftLimit: 0.0350 | FloorLimit: 0.4700 ---
2026-04-24 13:44:23,201 - [ENV] - --- EPISODE START | Scenario: ASCEND | Start: [0.60887999 0.40657795 0.415     ] | Goal: [0.60887999 0.40657795 0.55      ] | DriftLimit: 0.0350 | FloorLimit: 0.4700 ---
2026-04-24 13:44:28,135 - [ENV] - --- EPISODE START | Scenario: TRANSIT | Start: [0.63115709 0.31581808 0.55      ] | Goal: [0.97595541 0.52694715 0.55      ] | DriftLimit: 0.0350 | FloorLimit: 0.4700 ---
2026-04-24 13:44:32,828 - [ENV] - --- EPISODE START | Scenario: DESCEND | Start: [1.07708109 0.09203124 0.55      ] | Goal: [1.07708109 0.09203124 0.415     ] | DriftLimit: 0.0350 | FloorLimit: 0.4700 ---
2026-04-24 13:44:33,037 - [ENV] - SUCCESS: Goal reached in 4 steps. Dist = 0.0088m
2026-04-24 13:44:33,039 - [ENV] - --- EPISODE START | Scenario: TRANSIT | Start: [0.67710711 0.09308575 0.55      ] | Goal: [0.81717887 0.2028048  0.55      ] | DriftLimit: 0.0350 | FloorLimit: 0.4700 ---
2026-04-24 13:44:33,535 - [ENV] - SUCCESS: Goal reached in 6 steps. Dist = 0.0149m
2026-04-24 13:44:33,536 - [ENV] - --- EPISODE START | Scenario: DESCEND | Start: [0.8266737  0.32805576 0.55      ] | Goal: [0.8266737  0.32805576 0.415     ] | DriftLimit: 0.0350 | FloorLimit: 0.4700 ---
2026-04-24 13:44:33,713 - [ENV] - SUCCESS: Goal reached in 3 steps. Dist = 0.0092m
2026-04-24 13:44:33,713 - [ENV] - --- EPISODE START | Scenario: TRANSIT | Start: [0.79185542 0.23186248 0.55      ] | Goal: [0.87313364 0.44851869 0.55      ] | DriftLimit: 0.0350 | FloorLimit: 0.4700 ---
2026-04-24 13:44:38,253 - [ENV] - --- EPISODE START | Scenario: ASCEND | Start: [1.08508624 0.1481454  0.415     ] | Goal: [1.08508624 0.1481454  0.55      ] | DriftLimit: 0.0350 | FloorLimit: 0.4700 ---
2026-04-24 13:44:38,400 - [ENV] - TERMINATED (Ascend): Tube Drift = 0.0388m (Max 0.0350m) at step 2
2026-04-24 13:44:38,400 - [ENV] - Episode ended without success at step 2. Final dist: 0.1198m
2026-04-24 13:44:38,402 - [ENV] - --- EPISODE START | Scenario: DESCEND | Start: [0.64234154 0.49904555 0.55      ] | Goal: [0.64234154 0.49904555 0.41      ] | DriftLimit: 0.0350 | FloorLimit: 0.4700 ---
2026-04-24 13:44:38,707 - [ENV] - TERMINATED (Descend): Tube Drift = 0.0357m (Max 0.0350m) at step 9
2026-04-24 13:44:38,708 - [ENV] - Episode ended without success at step 9. Final dist: 0.0364m
2026-04-24 13:44:38,708 - [ENV] - --- EPISODE START | Scenario: ASCEND | Start: [0.64723877 0.26446296 0.415     ] | Goal: [0.64723877 0.26446296 0.55      ] | DriftLimit: 0.0350 | FloorLimit: 0.4700 ---
2026-04-24 13:44:39,066 - [ENV] - TERMINATED (Ascend): Tube Drift = 0.0565m (Max 0.0350m) at step 3
2026-04-24 13:44:39,066 - [ENV] - Episode ended without success at step 3. Final dist: 0.1298m
2026-04-24 13:44:39,067 - [ENV] - --- EPISODE START | Scenario: ASCEND | Start: [1.05805643 0.52480867 0.415     ] | Goal: [1.05805643 0.52480867 0.55      ] | DriftLimit: 0.0350 | FloorLimit: 0.4700 ---
2026-04-24 13:44:39,467 - [ENV] - TERMINATED (Ascend): Tube Drift = 0.0368m (Max 0.0350m) at step 13
2026-04-24 13:44:39,468 - [ENV] - Episode ended without success at step 13. Final dist: 0.0368m
2026-04-24 13:44:39,468 - [ENV] - --- EPISODE START | Scenario: TRANSIT | Start: [1.06633027 0.34926917 0.55      ] | Goal: [0.78184016 0.34695884 0.55      ] | DriftLimit: 0.0350 | FloorLimit: 0.4700 ---
2026-04-24 13:44:44,049 - [ENV] - --- EPISODE START | Scenario: DESCEND | Start: [ 0.77596741 -0.00382697  0.55      ] | Goal: [ 0.77596741 -0.00382697  0.41      ] | DriftLimit: 0.0350 | FloorLimit: 0.4700 ---
2026-04-24 13:44:48,465 - [ENV] - --- EPISODE START | Scenario: ASCEND | Start: [1.12456009 0.49538782 0.415     ] | Goal: [1.12456009 0.49538782 0.55      ] | DriftLimit: 0.0350 | FloorLimit: 0.4700 ---
2026-04-24 13:44:48,793 - [ENV] - TERMINATED (Ascend): Tube Drift = 0.0354m (Max 0.0350m) at step 10
2026-04-24 13:44:48,794 - [ENV] - Episode ended without success at step 10. Final dist: 0.0355m
2026-04-24 13:44:48,794 - [ENV] - --- EPISODE START | Scenario: TRANSIT | Start: [0.72572986 0.16714706 0.55      ] | Goal: [0.90775929 0.12532466 0.55      ] | DriftLimit: 0.0350 | FloorLimit: 0.4700 ---
2026-04-24 13:44:53,312 - [ENV] - --- EPISODE START | Scenario: TRANSIT | Start: [0.80655289 0.20417011 0.55      ] | Goal: [0.90419101 0.36672203 0.55      ] | DriftLimit: 0.0350 | FloorLimit: 0.4700 ---
2026-04-24 13:45:51,361 - [ENV] - --- EPISODE START | Scenario: ASCEND | Start: [0.68488362 0.09282234 0.415     ] | Goal: [0.68488362 0.09282234 0.55      ] | DriftLimit: 0.0350 | FloorLimit: 0.4700 ---
2026-04-24 13:45:56,594 - [ENV] - --- EPISODE START | Scenario: TRANSIT | Start: [0.71569081 0.50322958 0.55      ] | Goal: [0.93303478 0.09990742 0.55      ] | DriftLimit: 0.0350 | FloorLimit: 0.4700 ---
2026-04-24 13:46:00,963 - [ENV] - --- EPISODE START | Scenario: TRANSIT | Start: [0.92383194 0.50515054 0.55      ] | Goal: [0.81162182 0.06345071 0.55      ] | DriftLimit: 0.0350 | FloorLimit: 0.4700 ---
2026-04-24 13:46:05,360 - [ENV] - --- EPISODE START | Scenario: ASCEND | Start: [0.6527517 0.5052242 0.415    ] | Goal: [0.6527517 0.5052242 0.55     ] | DriftLimit: 0.0350 | FloorLimit: 0.4700 ---
2026-04-24 13:46:09,700 - [ENV] - --- EPISODE START | Scenario: ASCEND | Start: [0.86828009 0.15735882 0.415     ] | Goal: [0.86828009 0.15735882 0.55      ] | DriftLimit: 0.0350 | FloorLimit: 0.4700 ---
2026-04-24 13:46:14,719 - [ENV] - --- EPISODE START | Scenario: TRANSIT | Start: [0.74434678 0.22048762 0.55      ] | Goal: [0.94539672 0.45388785 0.55      ] | DriftLimit: 0.0350 | FloorLimit: 0.4700 ---
2026-04-24 13:46:19,001 - [ENV] - --- EPISODE START | Scenario: DESCEND | Start: [1.0402994  0.40115458 0.55      ] | Goal: [1.0402994  0.40115458 0.415     ] | DriftLimit: 0.0350 | FloorLimit: 0.4700 ---
2026-04-24 13:46:23,310 - [ENV] - --- EPISODE START | Scenario: TRANSIT | Start: [0.70891932 0.4290038  0.55      ] | Goal: [1.03004119 0.37618715 0.55      ] | DriftLimit: 0.0350 | FloorLimit: 0.4700 ---
2026-04-24 13:46:27,755 - [ENV] - --- EPISODE START | Scenario: ASCEND | Start: [1.00819167 0.26657369 0.415     ] | Goal: [1.00819167 0.26657369 0.55      ] | DriftLimit: 0.0350 | FloorLimit: 0.4700 ---
2026-04-24 13:46:27,927 - [ENV] - TERMINATED (Ascend): Tube Drift = 0.0376m (Max 0.0350m) at step 2
2026-04-24 13:46:27,927 - [ENV] - Episode ended without success at step 2. Final dist: 0.1132m
2026-04-24 13:46:27,928 - [ENV] - --- EPISODE START | Scenario: TRANSIT | Start: [0.91455337 0.33948727 0.55      ] | Goal: [1.14844989 0.38456879 0.55      ] | DriftLimit: 0.0350 | FloorLimit: 0.4700 ---
2026-04-24 13:46:32,571 - [ENV] - --- EPISODE START | Scenario: DESCEND | Start: [1.02334202 0.13794523 0.55      ] | Goal: [1.02334202 0.13794523 0.415     ] | DriftLimit: 0.0350 | FloorLimit: 0.4700 ---
2026-04-24 13:46:32,736 - [ENV] - SUCCESS: Goal reached in 4 steps. Dist = 0.0088m
2026-04-24 13:46:32,737 - [ENV] - --- EPISODE START | Scenario: ASCEND | Start: [0.86408437 0.09810905 0.415     ] | Goal: [0.86408437 0.09810905 0.55      ] | DriftLimit: 0.0350 | FloorLimit: 0.4700 ---
2026-04-24 13:46:32,911 - [ENV] - TERMINATED (Ascend): Tube Drift = 0.0524m (Max 0.0350m) at step 3
2026-04-24 13:46:32,911 - [ENV] - Episode ended without success at step 3. Final dist: 0.1031m
2026-04-24 13:46:32,912 - [ENV] - --- EPISODE START | Scenario: ASCEND | Start: [0.90653742 0.43294687 0.415     ] | Goal: [0.90653742 0.43294687 0.55      ] | DriftLimit: 0.0350 | FloorLimit: 0.4700 ---
2026-04-24 13:46:33,672 - [ENV] - TERMINATED (Ascend): Tube Drift = 0.0356m (Max 0.0350m) at step 25
2026-04-24 13:46:33,672 - [ENV] - Episode ended without success at step 25. Final dist: 0.0401m
2026-04-24 13:46:33,673 - [ENV] - --- EPISODE START | Scenario: ASCEND | Start: [0.77780488 0.49162387 0.415     ] | Goal: [0.77780488 0.49162387 0.55      ] | DriftLimit: 0.0350 | FloorLimit: 0.4700 ---
2026-04-24 13:46:33,826 - [ENV] - TERMINATED (Ascend): Tube Drift = 0.0555m (Max 0.0350m) at step 3
2026-04-24 13:46:33,827 - [ENV] - Episode ended without success at step 3. Final dist: 0.0988m
2026-04-24 13:46:33,827 - [ENV] - --- EPISODE START | Scenario: ASCEND | Start: [0.86088126 0.1900636  0.415     ] | Goal: [0.86088126 0.1900636  0.55      ] | DriftLimit: 0.0350 | FloorLimit: 0.4700 ---
2026-04-24 13:46:38,092 - [ENV] - --- EPISODE START | Scenario: ASCEND | Start: [0.88019784 0.25364363 0.415     ] | Goal: [0.88019784 0.25364363 0.55      ] | DriftLimit: 0.0350 | FloorLimit: 0.4700 ---
2026-04-24 13:46:38,230 - [ENV] - TERMINATED (Ascend): Tube Drift = 0.0370m (Max 0.0350m) at step 2
2026-04-24 13:46:38,230 - [ENV] - Episode ended without success at step 2. Final dist: 0.1118m
2026-04-24 13:46:38,231 - [ENV] - --- EPISODE START | Scenario: TRANSIT | Start: [0.97130643 0.4546843  0.55      ] | Goal: [0.76315359 0.52661668 0.55      ] | DriftLimit: 0.0350 | FloorLimit: 0.4700 ---
2026-04-24 13:46:42,739 - [ENV] - --- EPISODE START | Scenario: TRANSIT | Start: [1.15685865 0.21424625 0.55      ] | Goal: [1.01801376 0.05450324 0.55      ] | DriftLimit: 0.0350 | FloorLimit: 0.4700 ---
2026-04-24 13:46:47,325 - [ENV] - --- EPISODE START | Scenario: ASCEND | Start: [1.14165315 0.19224076 0.415     ] | Goal: [1.14165315 0.19224076 0.55      ] | DriftLimit: 0.0350 | FloorLimit: 0.4700 ---
2026-04-24 13:46:47,473 - [ENV] - TERMINATED (Ascend): Tube Drift = 0.0392m (Max 0.0350m) at step 2
2026-04-24 13:46:47,473 - [ENV] - Episode ended without success at step 2. Final dist: 0.1206m
2026-04-24 13:46:47,474 - [ENV] - --- EPISODE START | Scenario: TRANSIT | Start: [0.92181793 0.52953174 0.55      ] | Goal: [0.69508113 0.453837   0.55      ] | DriftLimit: 0.0350 | FloorLimit: 0.4700 ---
2026-04-24 13:46:52,327 - [ENV] - --- EPISODE START | Scenario: TRANSIT | Start: [0.84822847 0.01313162 0.55      ] | Goal: [1.07863432 0.38398593 0.55      ] | DriftLimit: 0.0350 | FloorLimit: 0.4700 ---
2026-04-24 13:47:44,701 - [ENV] - --- EPISODE START | Scenario: ASCEND | Start: [0.69730899 0.52526915 0.415     ] | Goal: [0.69730899 0.52526915 0.55      ] | DriftLimit: 0.0350 | FloorLimit: 0.4700 ---
2026-04-24 13:47:44,888 - [ENV] - TERMINATED (Ascend): Tube Drift = 0.0449m (Max 0.0350m) at step 3
2026-04-24 13:47:44,888 - [ENV] - Episode ended without success at step 3. Final dist: 0.1119m
2026-04-24 13:47:44,889 - [ENV] - --- EPISODE START | Scenario: ASCEND | Start: [1.02869167 0.01251728 0.415     ] | Goal: [1.02869167 0.01251728 0.55      ] | DriftLimit: 0.0350 | FloorLimit: 0.4700 ---
2026-04-24 13:47:45,029 - [ENV] - TERMINATED (Ascend): Tube Drift = 0.0398m (Max 0.0350m) at step 2
2026-04-24 13:47:45,029 - [ENV] - Episode ended without success at step 2. Final dist: 0.1143m
2026-04-24 13:47:45,030 - [ENV] - --- EPISODE START | Scenario: DESCEND | Start: [1.14366433 0.50254743 0.55      ] | Goal: [1.14366433 0.50254743 0.415     ] | DriftLimit: 0.0350 | FloorLimit: 0.4700 ---
2026-04-24 13:47:45,386 - [ENV] - SUCCESS: Goal reached in 11 steps. Dist = 0.0100m
2026-04-24 13:47:45,387 - [ENV] - --- EPISODE START | Scenario: DESCEND | Start: [1.09974363 0.3238035  0.55      ] | Goal: [1.09974363 0.3238035  0.415     ] | DriftLimit: 0.0350 | FloorLimit: 0.4700 ---
2026-04-24 13:47:45,812 - [ENV] - SUCCESS: Goal reached in 15 steps. Dist = 0.0096m
2026-04-24 13:47:45,812 - [ENV] - --- EPISODE START | Scenario: TRANSIT | Start: [0.66491403 0.44572614 0.55      ] | Goal: [1.14219697 0.41522845 0.55      ] | DriftLimit: 0.0350 | FloorLimit: 0.4700 ---
2026-04-24 13:47:50,731 - [ENV] - --- EPISODE START | Scenario: TRANSIT | Start: [0.6496907  0.05006961 0.55      ] | Goal: [1.11798153 0.18179505 0.55      ] | DriftLimit: 0.0350 | FloorLimit: 0.4700 ---
2026-04-24 13:47:55,270 - [ENV] - --- EPISODE START | Scenario: ASCEND | Start: [1.00569387 0.16508155 0.415     ] | Goal: [1.00569387 0.16508155 0.55      ] | DriftLimit: 0.0350 | FloorLimit: 0.4700 ---
2026-04-24 13:48:00,048 - [ENV] - --- EPISODE START | Scenario: DESCEND | Start: [0.95538522 0.07477046 0.55      ] | Goal: [0.95538522 0.07477046 0.41      ] | DriftLimit: 0.0350 | FloorLimit: 0.4700 ---
2026-04-24 13:48:00,338 - [ENV] - SUCCESS: Goal reached in 10 steps. Dist = 0.0094m
2026-04-24 13:48:00,338 - [ENV] - --- EPISODE START | Scenario: ASCEND | Start: [1.0376356  0.19601343 0.415     ] | Goal: [1.0376356  0.19601343 0.55      ] | DriftLimit: 0.0350 | FloorLimit: 0.4700 ---
2026-04-24 13:48:00,496 - [ENV] - TERMINATED (Ascend): Tube Drift = 0.0398m (Max 0.0350m) at step 2
2026-04-24 13:48:00,496 - [ENV] - Episode ended without success at step 2. Final dist: 0.1173m
2026-04-24 13:48:00,497 - [ENV] - --- EPISODE START | Scenario: ASCEND | Start: [0.91822294 0.20965739 0.415     ] | Goal: [0.91822294 0.20965739 0.55      ] | DriftLimit: 0.0350 | FloorLimit: 0.4700 ---
2026-04-24 13:48:05,356 - [ENV] - --- EPISODE START | Scenario: ASCEND | Start: [1.15204198 0.26822632 0.415     ] | Goal: [1.15204198 0.26822632 0.55      ] | DriftLimit: 0.0350 | FloorLimit: 0.4700 ---
2026-04-24 13:48:09,768 - [ENV] - --- EPISODE START | Scenario: ASCEND | Start: [0.69677124 0.35094998 0.415     ] | Goal: [0.69677124 0.35094998 0.55      ] | DriftLimit: 0.0350 | FloorLimit: 0.4700 ---
2026-04-24 13:48:14,334 - [ENV] - --- EPISODE START | Scenario: ASCEND | Start: [1.13984584 0.1995803  0.415     ] | Goal: [1.13984584 0.1995803  0.55      ] | DriftLimit: 0.0350 | FloorLimit: 0.4700 ---
2026-04-24 13:48:14,469 - [ENV] - TERMINATED (Ascend): Tube Drift = 0.0453m (Max 0.0350m) at step 2
2026-04-24 13:48:14,469 - [ENV] - Episode ended without success at step 2. Final dist: 0.1261m
2026-04-24 13:48:14,470 - [ENV] - --- EPISODE START | Scenario: TRANSIT | Start: [0.97479289 0.23365596 0.55      ] | Goal: [ 0.87328307 -0.01313758  0.55      ] | DriftLimit: 0.0350 | FloorLimit: 0.4700 ---
2026-04-24 13:48:19,018 - [ENV] - --- EPISODE START | Scenario: DESCEND | Start: [0.85956687 0.51108264 0.55      ] | Goal: [0.85956687 0.51108264 0.415     ] | DriftLimit: 0.0350 | FloorLimit: 0.4700 ---
2026-04-24 13:48:23,856 - [ENV] - --- EPISODE START | Scenario: TRANSIT | Start: [0.85623837 0.04411006 0.55      ] | Goal: [1.10340844 0.11931614 0.55      ] | DriftLimit: 0.0350 | FloorLimit: 0.4700 ---
2026-04-24 13:48:28,309 - [ENV] - --- EPISODE START | Scenario: TRANSIT | Start: [0.83508106 0.0505245  0.55      ] | Goal: [0.95006829 0.38604876 0.55      ] | DriftLimit: 0.0350 | FloorLimit: 0.4700 ---
2026-04-24 13:48:33,103 - [ENV] - --- EPISODE START | Scenario: TRANSIT | Start: [0.69572708 0.29214812 0.55      ] | Goal: [0.74126749 0.16111837 0.55      ] | DriftLimit: 0.0350 | FloorLimit: 0.4700 ---
2026-04-24 13:48:37,607 - [ENV] - --- EPISODE START | Scenario: TRANSIT | Start: [1.05457309 0.52176297 0.55      ] | Goal: [ 0.82439828 -0.00138962  0.55      ] | DriftLimit: 0.0350 | FloorLimit: 0.4700 ---
2026-04-24 13:48:41,944 - [ENV] - --- EPISODE START | Scenario: ASCEND | Start: [1.06011003 0.14356887 0.415     ] | Goal: [1.06011003 0.14356887 0.55      ] | DriftLimit: 0.0350 | FloorLimit: 0.4700 ---
2026-04-24 13:48:46,285 - [ENV] - --- EPISODE START | Scenario: TRANSIT | Start: [0.78849157 0.20301622 0.55      ] | Goal: [1.14061426 0.01414409 0.55      ] | DriftLimit: 0.0350 | FloorLimit: 0.4700 ---
2026-04-24 13:49:45,962 - [ENV] - --- EPISODE START | Scenario: ASCEND | Start: [1.04205964 0.02163452 0.415     ] | Goal: [1.04205964 0.02163452 0.55      ] | DriftLimit: 0.0350 | FloorLimit: 0.4700 ---
2026-04-24 13:49:46,084 - [ENV] - TERMINATED (Ascend): Tube Drift = 0.0374m (Max 0.0350m) at step 2
2026-04-24 13:49:46,084 - [ENV] - Episode ended without success at step 2. Final dist: 0.1129m
2026-04-24 13:49:46,085 - [ENV] - --- EPISODE START | Scenario: TRANSIT | Start: [0.70227748 0.32530112 0.55      ] | Goal: [0.87470724 0.44691744 0.55      ] | DriftLimit: 0.0350 | FloorLimit: 0.4700 ---
2026-04-24 13:49:50,290 - [ENV] - --- EPISODE START | Scenario: TRANSIT | Start: [1.06896865 0.16594914 0.55      ] | Goal: [0.88675701 0.041569   0.55      ] | DriftLimit: 0.0350 | FloorLimit: 0.4700 ---
2026-04-24 13:49:54,627 - [ENV] - --- EPISODE START | Scenario: ASCEND | Start: [0.70214657 0.08027854 0.415     ] | Goal: [0.70214657 0.08027854 0.55      ] | DriftLimit: 0.0350 | FloorLimit: 0.4700 ---
2026-04-24 13:49:54,769 - [ENV] - TERMINATED (Ascend): Tube Drift = 0.0449m (Max 0.0350m) at step 3
2026-04-24 13:49:54,769 - [ENV] - Episode ended without success at step 3. Final dist: 0.1342m
2026-04-24 13:49:54,769 - [ENV] - --- EPISODE START | Scenario: DESCEND | Start: [1.01409233 0.28138857 0.55      ] | Goal: [1.01409233 0.28138857 0.41      ] | DriftLimit: 0.0350 | FloorLimit: 0.4700 ---
2026-04-24 13:49:59,209 - [ENV] - --- EPISODE START | Scenario: DESCEND | Start: [0.76963265 0.40018201 0.55      ] | Goal: [0.76963265 0.40018201 0.41      ] | DriftLimit: 0.0350 | FloorLimit: 0.4700 ---
2026-04-24 13:49:59,476 - [ENV] - TERMINATED (Descend): Tube Drift = 0.0362m (Max 0.0350m) at step 7
2026-04-24 13:49:59,476 - [ENV] - Episode ended without success at step 7. Final dist: 0.0381m
2026-04-24 13:49:59,476 - [ENV] - --- EPISODE START | Scenario: TRANSIT | Start: [0.72444169 0.17090564 0.55      ] | Goal: [0.61179531 0.06579108 0.55      ] | DriftLimit: 0.0350 | FloorLimit: 0.4700 ---
2026-04-24 13:50:03,577 - [ENV] - --- EPISODE START | Scenario: TRANSIT | Start: [0.64728776 0.41544961 0.55      ] | Goal: [0.63343154 0.18774214 0.55      ] | DriftLimit: 0.0350 | FloorLimit: 0.4700 ---
2026-04-24 13:50:08,130 - [ENV] - --- EPISODE START | Scenario: DESCEND | Start: [0.76284277 0.41945471 0.55      ] | Goal: [0.76284277 0.41945471 0.41      ] | DriftLimit: 0.0350 | FloorLimit: 0.4700 ---
2026-04-24 13:50:08,592 - [ENV] - TERMINATED (Descend): Tube Drift = 0.0351m (Max 0.0350m) at step 17
2026-04-24 13:50:08,593 - [ENV] - Episode ended without success at step 17. Final dist: 0.0361m
2026-04-24 13:50:08,593 - [ENV] - --- EPISODE START | Scenario: ASCEND | Start: [1.11102493 0.16710589 0.415     ] | Goal: [1.11102493 0.16710589 0.55      ] | DriftLimit: 0.0350 | FloorLimit: 0.4700 ---
2026-04-24 13:50:08,734 - [ENV] - TERMINATED (Ascend): Tube Drift = 0.0400m (Max 0.0350m) at step 2
2026-04-24 13:50:08,734 - [ENV] - Episode ended without success at step 2. Final dist: 0.1159m
2026-04-24 13:50:08,735 - [ENV] - --- EPISODE START | Scenario: ASCEND | Start: [1.10873895 0.34500429 0.415     ] | Goal: [1.10873895 0.34500429 0.55      ] | DriftLimit: 0.0350 | FloorLimit: 0.4700 ---
2026-04-24 13:50:13,997 - [ENV] - --- EPISODE START | Scenario: ASCEND | Start: [0.85155773 0.40579631 0.415     ] | Goal: [0.85155773 0.40579631 0.55      ] | DriftLimit: 0.0350 | FloorLimit: 0.4700 ---
2026-04-24 13:50:18,240 - [ENV] - --- EPISODE START | Scenario: DESCEND | Start: [0.88369322 0.48364463 0.55      ] | Goal: [0.88369322 0.48364463 0.415     ] | DriftLimit: 0.0350 | FloorLimit: 0.4700 ---
2026-04-24 13:50:18,889 - [ENV] - TERMINATED (Descend): Tube Drift = 0.0351m (Max 0.0350m) at step 23
2026-04-24 13:50:18,889 - [ENV] - Episode ended without success at step 23. Final dist: 0.0352m
2026-04-24 13:50:18,890 - [ENV] - --- EPISODE START | Scenario: TRANSIT | Start: [0.70286337 0.19455494 0.55      ] | Goal: [1.14785702 0.22614464 0.55      ] | DriftLimit: 0.0350 | FloorLimit: 0.4700 ---
2026-04-24 13:50:23,279 - [ENV] - --- EPISODE START | Scenario: ASCEND | Start: [0.82358831 0.49110915 0.415     ] | Goal: [0.82358831 0.49110915 0.55      ] | DriftLimit: 0.0350 | FloorLimit: 0.4700 ---
2026-04-24 13:50:23,444 - [ENV] - TERMINATED (Ascend): Tube Drift = 0.0595m (Max 0.0350m) at step 3
2026-04-24 13:50:23,444 - [ENV] - Episode ended without success at step 3. Final dist: 0.0957m
2026-04-24 13:50:23,445 - [ENV] - --- EPISODE START | Scenario: ASCEND | Start: [1.10959082 0.53165037 0.415     ] | Goal: [1.10959082 0.53165037 0.55      ] | DriftLimit: 0.0350 | FloorLimit: 0.4700 ---
2026-04-24 13:50:23,609 - [ENV] - TERMINATED (Ascend): Tube Drift = 0.0590m (Max 0.0350m) at step 3
2026-04-24 13:50:23,609 - [ENV] - Episode ended without success at step 3. Final dist: 0.0876m
2026-04-24 13:50:23,609 - [ENV] - --- EPISODE START | Scenario: DESCEND | Start: [0.83580203 0.53869122 0.55      ] | Goal: [0.83580203 0.53869122 0.415     ] | DriftLimit: 0.0350 | FloorLimit: 0.4700 ---
2026-04-24 13:50:24,813 - [ENV] - TERMINATED (Descend): Tube Drift = 0.0371m (Max 0.0350m) at step 31
2026-04-24 13:50:24,813 - [ENV] - Episode ended without success at step 31. Final dist: 0.0406m
2026-04-24 13:50:24,814 - [ENV] - --- EPISODE START | Scenario: ASCEND | Start: [0.90620507 0.15210018 0.415     ] | Goal: [0.90620507 0.15210018 0.55      ] | DriftLimit: 0.0350 | FloorLimit: 0.4700 ---
2026-04-24 13:50:29,074 - [ENV] - --- EPISODE START | Scenario: TRANSIT | Start: [1.05424305 0.35614683 0.55      ] | Goal: [0.85383531 0.20426067 0.55      ] | DriftLimit: 0.0350 | FloorLimit: 0.4700 ---
2026-04-24 13:50:33,848 - [ENV] - --- EPISODE START | Scenario: DESCEND | Start: [0.76422188 0.13670305 0.55      ] | Goal: [0.76422188 0.13670305 0.41      ] | DriftLimit: 0.0350 | FloorLimit: 0.4700 ---
2026-04-24 13:50:38,069 - [ENV] - --- EPISODE START | Scenario: ASCEND | Start: [0.61901059 0.13799847 0.415     ] | Goal: [0.61901059 0.13799847 0.55      ] | DriftLimit: 0.0350 | FloorLimit: 0.4700 ---
2026-04-24 13:50:38,284 - [ENV] - TERMINATED (Ascend): Tube Drift = 0.0515m (Max 0.0350m) at step 4
2026-04-24 13:50:38,285 - [ENV] - Episode ended without success at step 4. Final dist: 0.1270m
2026-04-24 13:50:38,285 - [ENV] - --- EPISODE START | Scenario: TRANSIT | Start: [0.73620212 0.46529474 0.55      ] | Goal: [0.91733002 0.07842477 0.55      ] | DriftLimit: 0.0350 | FloorLimit: 0.4700 ---
2026-04-24 13:50:42,611 - [ENV] - --- EPISODE START | Scenario: ASCEND | Start: [0.69482062 0.23860525 0.415     ] | Goal: [0.69482062 0.23860525 0.55      ] | DriftLimit: 0.0350 | FloorLimit: 0.4700 ---
2026-04-24 13:50:47,137 - [ENV] - --- EPISODE START | Scenario: ASCEND | Start: [1.03424051 0.41837954 0.415     ] | Goal: [1.03424051 0.41837954 0.55      ] | DriftLimit: 0.0350 | FloorLimit: 0.4700 ---
2026-04-24 13:51:47,106 - [ENV] - --- EPISODE START | Scenario: ASCEND | Start: [1.06681871 0.33392461 0.415     ] | Goal: [1.06681871 0.33392461 0.55      ] | DriftLimit: 0.0350 | FloorLimit: 0.4700 ---
2026-04-24 13:51:51,621 - [ENV] - --- EPISODE START | Scenario: DESCEND | Start: [0.68168283 0.49625379 0.55      ] | Goal: [0.68168283 0.49625379 0.41      ] | DriftLimit: 0.0350 | FloorLimit: 0.4700 ---
2026-04-24 13:51:52,623 - [ENV] - TERMINATED (Descend): Tube Drift = 0.0352m (Max 0.0350m) at step 40
2026-04-24 13:51:52,623 - [ENV] - Episode ended without success at step 40. Final dist: 0.0360m
2026-04-24 13:51:52,624 - [ENV] - --- EPISODE START | Scenario: TRANSIT | Start: [ 0.9451368 -0.0022568  0.55     ] | Goal: [0.90849846 0.50226454 0.55      ] | DriftLimit: 0.0350 | FloorLimit: 0.4700 ---
2026-04-24 13:51:56,903 - [ENV] - --- EPISODE START | Scenario: DESCEND | Start: [0.85170762 0.54113696 0.55      ] | Goal: [0.85170762 0.54113696 0.41      ] | DriftLimit: 0.0350 | FloorLimit: 0.4700 ---
2026-04-24 13:51:58,233 - [ENV] - TERMINATED (Descend): Tube Drift = 0.0361m (Max 0.0350m) at step 40
2026-04-24 13:51:58,233 - [ENV] - Episode ended without success at step 40. Final dist: 0.0379m
2026-04-24 13:51:58,234 - [ENV] - --- EPISODE START | Scenario: ASCEND | Start: [0.72399094 0.4273872  0.415     ] | Goal: [0.72399094 0.4273872  0.55      ] | DriftLimit: 0.0350 | FloorLimit: 0.4700 ---
2026-04-24 13:51:58,497 - [ENV] - TERMINATED (Ascend): Tube Drift = 0.0700m (Max 0.0350m) at step 3
2026-04-24 13:51:58,497 - [ENV] - Episode ended without success at step 3. Final dist: 0.1271m
2026-04-24 13:51:58,499 - [ENV] - --- EPISODE START | Scenario: TRANSIT | Start: [1.01145516 0.22404616 0.55      ] | Goal: [0.90931262 0.31889106 0.55      ] | DriftLimit: 0.0350 | FloorLimit: 0.4700 ---
2026-04-24 13:52:02,873 - [ENV] - --- EPISODE START | Scenario: ASCEND | Start: [0.93440771 0.34650614 0.415     ] | Goal: [0.93440771 0.34650614 0.55      ] | DriftLimit: 0.0350 | FloorLimit: 0.4700 ---
2026-04-24 13:52:03,085 - [ENV] - TERMINATED (Ascend): Tube Drift = 0.0532m (Max 0.0350m) at step 3
2026-04-24 13:52:03,086 - [ENV] - Episode ended without success at step 3. Final dist: 0.0972m
2026-04-24 13:52:03,086 - [ENV] - --- EPISODE START | Scenario: DESCEND | Start: [0.61454084 0.10632427 0.55      ] | Goal: [0.61454084 0.10632427 0.41      ] | DriftLimit: 0.0350 | FloorLimit: 0.4700 ---
2026-04-24 13:52:07,945 - [ENV] - --- EPISODE START | Scenario: ASCEND | Start: [0.74160421 0.35852084 0.415     ] | Goal: [0.74160421 0.35852084 0.55      ] | DriftLimit: 0.0350 | FloorLimit: 0.4700 ---
2026-04-24 13:52:08,122 - [ENV] - TERMINATED (Ascend): Tube Drift = 0.0601m (Max 0.0350m) at step 3
2026-04-24 13:52:08,123 - [ENV] - Episode ended without success at step 3. Final dist: 0.1347m
2026-04-24 13:52:08,123 - [ENV] - --- EPISODE START | Scenario: DESCEND | Start: [0.9643039 0.2368342 0.55     ] | Goal: [0.9643039 0.2368342 0.41     ] | DriftLimit: 0.0350 | FloorLimit: 0.4700 ---
2026-04-24 13:52:12,612 - [ENV] - --- EPISODE START | Scenario: DESCEND | Start: [0.76097537 0.30912038 0.55      ] | Goal: [0.76097537 0.30912038 0.415     ] | DriftLimit: 0.0350 | FloorLimit: 0.4700 ---
2026-04-24 13:52:12,767 - [ENV] - SUCCESS: Goal reached in 3 steps. Dist = 0.0097m
2026-04-24 13:52:12,768 - [ENV] - --- EPISODE START | Scenario: TRANSIT | Start: [0.72274275 0.23037644 0.55      ] | Goal: [0.79001074 0.05373109 0.55      ] | DriftLimit: 0.0350 | FloorLimit: 0.4700 ---
2026-04-24 13:52:17,297 - [ENV] - --- EPISODE START | Scenario: ASCEND | Start: [0.83187866 0.34902886 0.415     ] | Goal: [0.83187866 0.34902886 0.55      ] | DriftLimit: 0.0350 | FloorLimit: 0.4700 ---
2026-04-24 13:52:17,545 - [ENV] - TERMINATED (Ascend): Tube Drift = 0.0409m (Max 0.0350m) at step 2
2026-04-24 13:52:17,546 - [ENV] - Episode ended without success at step 2. Final dist: 0.1221m
2026-04-24 13:52:17,547 - [ENV] - --- EPISODE START | Scenario: ASCEND | Start: [0.78928268 0.26879134 0.415     ] | Goal: [0.78928268 0.26879134 0.55      ] | DriftLimit: 0.0350 | FloorLimit: 0.4700 ---
2026-04-24 13:52:17,909 - [ENV] - TERMINATED (Ascend): Tube Drift = 0.0457m (Max 0.0350m) at step 3
2026-04-24 13:52:17,910 - [ENV] - Episode ended without success at step 3. Final dist: 0.1115m
2026-04-24 13:52:17,911 - [ENV] - --- EPISODE START | Scenario: TRANSIT | Start: [1.02535166 0.38611956 0.55      ] | Goal: [0.77376036 0.46317412 0.55      ] | DriftLimit: 0.0350 | FloorLimit: 0.4700 ---
2026-04-24 13:52:22,366 - [ENV] - --- EPISODE START | Scenario: ASCEND | Start: [0.92470559 0.07511183 0.415     ] | Goal: [0.92470559 0.07511183 0.55      ] | DriftLimit: 0.0350 | FloorLimit: 0.4700 ---
2026-04-24 13:52:27,007 - [ENV] - --- EPISODE START | Scenario: ASCEND | Start: [0.74817178 0.12054764 0.415     ] | Goal: [0.74817178 0.12054764 0.55      ] | DriftLimit: 0.0350 | FloorLimit: 0.4700 ---
2026-04-24 13:52:27,235 - [ENV] - TERMINATED (Ascend): Tube Drift = 0.0559m (Max 0.0350m) at step 3
2026-04-24 13:52:27,235 - [ENV] - Episode ended without success at step 3. Final dist: 0.1250m
2026-04-24 13:52:27,236 - [ENV] - --- EPISODE START | Scenario: TRANSIT | Start: [0.96962686 0.45475055 0.55      ] | Goal: [0.78819451 0.26423392 0.55      ] | DriftLimit: 0.0350 | FloorLimit: 0.4700 ---
2026-04-24 13:52:32,476 - [ENV] - --- EPISODE START | Scenario: ASCEND | Start: [0.72789864 0.13566912 0.415     ] | Goal: [0.72789864 0.13566912 0.55      ] | DriftLimit: 0.0350 | FloorLimit: 0.4700 ---
2026-04-24 13:52:32,623 - [ENV] - TERMINATED (Ascend): Tube Drift = 0.0365m (Max 0.0350m) at step 2
2026-04-24 13:52:32,623 - [ENV] - Episode ended without success at step 2. Final dist: 0.1310m
2026-04-24 13:52:32,646 - [ENV] - --- EPISODE START | Scenario: ASCEND | Start: [ 0.67242186 -0.01587729  0.415     ] | Goal: [ 0.67242186 -0.01587729  0.55      ] | DriftLimit: 0.0350 | FloorLimit: 0.4700 ---
2026-04-24 13:52:37,322 - [ENV] - --- EPISODE START | Scenario: ASCEND | Start: [1.0873679  0.23327441 0.415     ] | Goal: [1.0873679  0.23327441 0.55      ] | DriftLimit: 0.0350 | FloorLimit: 0.4700 ---
2026-04-24 13:52:37,476 - [ENV] - TERMINATED (Ascend): Tube Drift = 0.0415m (Max 0.0350m) at step 2
2026-04-24 13:52:37,476 - [ENV] - Episode ended without success at step 2. Final dist: 0.1104m
2026-04-24 13:52:37,477 - [ENV] - --- EPISODE START | Scenario: TRANSIT | Start: [0.983196   0.15278593 0.55      ] | Goal: [0.86333698 0.34265521 0.55      ] | DriftLimit: 0.0350 | FloorLimit: 0.4700 ---
2026-04-24 13:52:42,061 - [ENV] - --- EPISODE START | Scenario: ASCEND | Start: [0.90851417 0.23283651 0.415     ] | Goal: [0.90851417 0.23283651 0.55      ] | DriftLimit: 0.0350 | FloorLimit: 0.4700 ---
2026-04-24 13:52:46,413 - [ENV] - --- EPISODE START | Scenario: ASCEND | Start: [1.06228611 0.27228928 0.415     ] | Goal: [1.06228611 0.27228928 0.55      ] | DriftLimit: 0.0350 | FloorLimit: 0.4700 ---
2026-04-24 13:53:47,342 - [ENV] - --- EPISODE START | Scenario: DESCEND | Start: [0.66744191 0.4024787  0.55      ] | Goal: [0.66744191 0.4024787  0.415     ] | DriftLimit: 0.0350 | FloorLimit: 0.4700 ---
2026-04-24 13:53:48,000 - [ENV] - TERMINATED (Descend): Tube Drift = 0.0353m (Max 0.0350m) at step 23
2026-04-24 13:53:48,000 - [ENV] - Episode ended without success at step 23. Final dist: 0.0354m
2026-04-24 13:53:48,001 - [ENV] - --- EPISODE START | Scenario: ASCEND | Start: [0.89754628 0.1542044  0.415     ] | Goal: [0.89754628 0.1542044  0.55      ] | DriftLimit: 0.0350 | FloorLimit: 0.4700 ---
2026-04-24 13:53:48,180 - [ENV] - TERMINATED (Ascend): Tube Drift = 0.0578m (Max 0.0350m) at step 3
2026-04-24 13:53:48,180 - [ENV] - Episode ended without success at step 3. Final dist: 0.0998m
2026-04-24 13:53:48,181 - [ENV] - --- EPISODE START | Scenario: DESCEND | Start: [0.81519366 0.02832006 0.55      ] | Goal: [0.81519366 0.02832006 0.415     ] | DriftLimit: 0.0350 | FloorLimit: 0.4700 ---
2026-04-24 13:53:52,746 - [ENV] - --- EPISODE START | Scenario: TRANSIT | Start: [0.75954578 0.24478794 0.55      ] | Goal: [0.85504951 0.46666174 0.55      ] | DriftLimit: 0.0350 | FloorLimit: 0.4700 ---
2026-04-24 13:53:57,291 - [ENV] - --- EPISODE START | Scenario: TRANSIT | Start: [0.97317591 0.29222168 0.55      ] | Goal: [0.86449046 0.08467579 0.55      ] | DriftLimit: 0.0350 | FloorLimit: 0.4700 ---
2026-04-24 13:54:01,689 - [ENV] - --- EPISODE START | Scenario: TRANSIT | Start: [0.63629358 0.34821528 0.55      ] | Goal: [0.99097077 0.09029631 0.55      ] | DriftLimit: 0.0350 | FloorLimit: 0.4700 ---
2026-04-24 13:54:06,117 - [ENV] - --- EPISODE START | Scenario: ASCEND | Start: [0.60755248 0.00181608 0.415     ] | Goal: [0.60755248 0.00181608 0.55      ] | DriftLimit: 0.0350 | FloorLimit: 0.4700 ---
2026-04-24 13:54:10,650 - [ENV] - --- EPISODE START | Scenario: ASCEND | Start: [0.8516116  0.41432052 0.415     ] | Goal: [0.8516116  0.41432052 0.55      ] | DriftLimit: 0.0350 | FloorLimit: 0.4700 ---
2026-04-24 13:54:11,114 - [ENV] - TERMINATED (Ascend): Tube Drift = 0.0350m (Max 0.0350m) at step 16
2026-04-24 13:54:11,115 - [ENV] - Episode ended without success at step 16. Final dist: 0.0375m
2026-04-24 13:54:11,115 - [ENV] - --- EPISODE START | Scenario: TRANSIT | Start: [0.98358095 0.22516735 0.55      ] | Goal: [0.81104587 0.21710024 0.55      ] | DriftLimit: 0.0350 | FloorLimit: 0.4700 ---
2026-04-24 13:54:15,777 - [ENV] - --- EPISODE START | Scenario: ASCEND | Start: [0.65104615 0.46331148 0.415     ] | Goal: [0.65104615 0.46331148 0.55      ] | DriftLimit: 0.0350 | FloorLimit: 0.4700 ---
2026-04-24 13:54:15,971 - [ENV] - TERMINATED (Ascend): Tube Drift = 0.0554m (Max 0.0350m) at step 3
2026-04-24 13:54:15,971 - [ENV] - Episode ended without success at step 3. Final dist: 0.1212m
2026-04-24 13:54:15,972 - [ENV] - --- EPISODE START | Scenario: DESCEND | Start: [0.95975617 0.24745706 0.55      ] | Goal: [0.95975617 0.24745706 0.415     ] | DriftLimit: 0.0350 | FloorLimit: 0.4700 ---
2026-04-24 13:54:20,582 - [ENV] - --- EPISODE START | Scenario: TRANSIT | Start: [0.86616739 0.40083378 0.55      ] | Goal: [0.97330379 0.47625126 0.55      ] | DriftLimit: 0.0350 | FloorLimit: 0.4700 ---
2026-04-24 13:54:24,802 - [ENV] - --- EPISODE START | Scenario: DESCEND | Start: [0.75326977 0.51502728 0.55      ] | Goal: [0.75326977 0.51502728 0.41      ] | DriftLimit: 0.0350 | FloorLimit: 0.4700 ---
2026-04-24 13:54:24,931 - [ENV] - TERMINATED (Descend): Tube Drift = 0.0442m (Max 0.0350m) at step 2
2026-04-24 13:54:24,932 - [ENV] - Episode ended without success at step 2. Final dist: 0.1142m
2026-04-24 13:54:24,933 - [ENV] - --- EPISODE START | Scenario: ASCEND | Start: [0.88262242 0.39713876 0.415     ] | Goal: [0.88262242 0.39713876 0.55      ] | DriftLimit: 0.0350 | FloorLimit: 0.4700 ---
2026-04-24 13:54:25,208 - [ENV] - TERMINATED (Ascend): Tube Drift = 0.0378m (Max 0.0350m) at step 2
2026-04-24 13:54:25,208 - [ENV] - Episode ended without success at step 2. Final dist: 0.1058m
2026-04-24 13:54:25,231 - [ENV] - --- EPISODE START | Scenario: TRANSIT | Start: [0.82408449 0.30478992 0.55      ] | Goal: [0.62220526 0.32266794 0.55      ] | DriftLimit: 0.0350 | FloorLimit: 0.4700 ---
2026-04-24 13:54:29,550 - [ENV] - --- EPISODE START | Scenario: TRANSIT | Start: [0.78481917 0.13244376 0.55      ] | Goal: [0.66635268 0.14105185 0.55      ] | DriftLimit: 0.0350 | FloorLimit: 0.4700 ---
2026-04-24 13:54:33,953 - [ENV] - --- EPISODE START | Scenario: TRANSIT | Start: [1.13209132 0.02720996 0.55      ] | Goal: [0.97309962 0.17614788 0.55      ] | DriftLimit: 0.0350 | FloorLimit: 0.4700 ---
2026-04-24 13:54:38,262 - [ENV] - --- EPISODE START | Scenario: ASCEND | Start: [0.67041171 0.05325666 0.415     ] | Goal: [0.67041171 0.05325666 0.55      ] | DriftLimit: 0.0350 | FloorLimit: 0.4700 ---
2026-04-24 13:54:43,139 - [ENV] - --- EPISODE START | Scenario: ASCEND | Start: [1.01024606 0.36408524 0.415     ] | Goal: [1.01024606 0.36408524 0.55      ] | DriftLimit: 0.0350 | FloorLimit: 0.4700 ---
2026-04-24 13:54:47,572 - [ENV] - --- EPISODE START | Scenario: ASCEND | Start: [0.91074059 0.47715684 0.415     ] | Goal: [0.91074059 0.47715684 0.55      ] | DriftLimit: 0.0350 | FloorLimit: 0.4700 ---
2026-04-24 13:54:48,072 - [ENV] - TERMINATED (Ascend): Tube Drift = 0.0358m (Max 0.0350m) at step 11
2026-04-24 13:54:48,072 - [ENV] - Episode ended without success at step 11. Final dist: 0.0369m
2026-04-24 13:54:48,073 - [ENV] - --- EPISODE START | Scenario: ASCEND | Start: [0.96486885 0.1848606  0.415     ] | Goal: [0.96486885 0.1848606  0.55      ] | DriftLimit: 0.0350 | FloorLimit: 0.4700 ---
2026-04-24 13:54:48,246 - [ENV] - TERMINATED (Ascend): Tube Drift = 0.0397m (Max 0.0350m) at step 2
2026-04-24 13:54:48,246 - [ENV] - Episode ended without success at step 2. Final dist: 0.1160m
2026-04-24 13:54:48,247 - [ENV] - --- EPISODE START | Scenario: ASCEND | Start: [1.06450429 0.00675563 0.415     ] | Goal: [1.06450429 0.00675563 0.55      ] | DriftLimit: 0.0350 | FloorLimit: 0.4700 ---
2026-04-24 13:54:48,347 - [ENV] - TERMINATED (Ascend): Tube Drift = 0.0429m (Max 0.0350m) at step 2
2026-04-24 13:54:48,348 - [ENV] - Episode ended without success at step 2. Final dist: 0.1165m
2026-04-24 13:54:48,349 - [ENV] - --- EPISODE START | Scenario: TRANSIT | Start: [0.97742073 0.34998317 0.55      ] | Goal: [0.71578281 0.06281974 0.55      ] | DriftLimit: 0.0350 | FloorLimit: 0.4700 ---
2026-04-24 13:55:52,434 - [ENV] - --- EPISODE START | Scenario: DESCEND | Start: [1.02622211 0.1932616  0.55      ] | Goal: [1.02622211 0.1932616  0.41      ] | DriftLimit: 0.0350 | FloorLimit: 0.4700 ---
2026-04-24 13:55:52,934 - [ENV] - SUCCESS: Goal reached in 12 steps. Dist = 0.0092m
2026-04-24 13:55:52,935 - [ENV] - --- EPISODE START | Scenario: TRANSIT | Start: [ 9.06581465e-01 -3.00074068e-04  5.50000000e-01] | Goal: [0.70146814 0.15361401 0.55      ] | DriftLimit: 0.0350 | FloorLimit: 0.4700 ---
2026-04-24 13:55:57,476 - [ENV] - --- EPISODE START | Scenario: TRANSIT | Start: [0.92277547 0.00376718 0.55      ] | Goal: [0.839354  0.1187827 0.55     ] | DriftLimit: 0.0350 | FloorLimit: 0.4700 ---
2026-04-24 13:56:01,662 - [ENV] - --- EPISODE START | Scenario: ASCEND | Start: [1.07153614 0.35428448 0.415     ] | Goal: [1.07153614 0.35428448 0.55      ] | DriftLimit: 0.0350 | FloorLimit: 0.4700 ---
2026-04-24 13:56:05,969 - [ENV] - --- EPISODE START | Scenario: DESCEND | Start: [0.73152175 0.36242685 0.55      ] | Goal: [0.73152175 0.36242685 0.415     ] | DriftLimit: 0.0350 | FloorLimit: 0.4700 ---
2026-04-24 13:56:06,463 - [ENV] - TERMINATED (Descend): Tube Drift = 0.0380m (Max 0.0350m) at step 8
2026-04-24 13:56:06,464 - [ENV] - Episode ended without success at step 8. Final dist: 0.0381m
2026-04-24 13:56:06,465 - [ENV] - --- EPISODE START | Scenario: ASCEND | Start: [ 0.85838769 -0.00954606  0.415     ] | Goal: [ 0.85838769 -0.00954606  0.55      ] | DriftLimit: 0.0350 | FloorLimit: 0.4700 ---
2026-04-24 13:56:11,150 - [ENV] - --- EPISODE START | Scenario: DESCEND | Start: [0.64130889 0.29556697 0.55      ] | Goal: [0.64130889 0.29556697 0.415     ] | DriftLimit: 0.0350 | FloorLimit: 0.4700 ---
2026-04-24 13:56:15,566 - [ENV] - --- EPISODE START | Scenario: TRANSIT | Start: [0.89617769 0.06606628 0.55      ] | Goal: [0.88381629 0.48314763 0.55      ] | DriftLimit: 0.0350 | FloorLimit: 0.4700 ---
2026-04-24 13:56:20,269 - [ENV] - --- EPISODE START | Scenario: TRANSIT | Start: [0.82773129 0.07933686 0.55      ] | Goal: [0.77800975 0.29990618 0.55      ] | DriftLimit: 0.0350 | FloorLimit: 0.4700 ---
2026-04-24 13:56:24,424 - [ENV] - --- EPISODE START | Scenario: TRANSIT | Start: [0.85458753 0.41847785 0.55      ] | Goal: [1.0115373  0.35258261 0.55      ] | DriftLimit: 0.0350 | FloorLimit: 0.4700 ---
2026-04-24 13:56:28,742 - [ENV] - --- EPISODE START | Scenario: ASCEND | Start: [0.91444459 0.23390626 0.415     ] | Goal: [0.91444459 0.23390626 0.55      ] | DriftLimit: 0.0350 | FloorLimit: 0.4700 ---
2026-04-24 13:56:28,962 - [ENV] - TERMINATED (Ascend): Tube Drift = 0.0465m (Max 0.0350m) at step 3
2026-04-24 13:56:28,962 - [ENV] - Episode ended without success at step 3. Final dist: 0.0965m
2026-04-24 13:56:28,963 - [ENV] - --- EPISODE START | Scenario: DESCEND | Start: [0.82898686 0.33091382 0.55      ] | Goal: [0.82898686 0.33091382 0.41      ] | DriftLimit: 0.0350 | FloorLimit: 0.4700 ---
2026-04-24 13:56:33,590 - [ENV] - --- EPISODE START | Scenario: TRANSIT | Start: [0.65976505 0.54041875 0.55      ] | Goal: [0.87899696 0.16023384 0.55      ] | DriftLimit: 0.0350 | FloorLimit: 0.4700 ---
2026-04-24 13:56:37,975 - [ENV] - --- EPISODE START | Scenario: DESCEND | Start: [1.13712295 0.5246015  0.55      ] | Goal: [1.13712295 0.5246015  0.41      ] | DriftLimit: 0.0350 | FloorLimit: 0.4700 ---
2026-04-24 13:56:42,434 - [ENV] - --- EPISODE START | Scenario: ASCEND | Start: [0.9666872  0.46693466 0.415     ] | Goal: [0.9666872  0.46693466 0.55      ] | DriftLimit: 0.0350 | FloorLimit: 0.4700 ---
2026-04-24 13:56:42,581 - [ENV] - TERMINATED (Ascend): Tube Drift = 0.0361m (Max 0.0350m) at step 2
2026-04-24 13:56:42,582 - [ENV] - Episode ended without success at step 2. Final dist: 0.1033m
2026-04-24 13:56:42,583 - [ENV] - --- EPISODE START | Scenario: ASCEND | Start: [1.00196595 0.01287801 0.415     ] | Goal: [1.00196595 0.01287801 0.55      ] | DriftLimit: 0.0350 | FloorLimit: 0.4700 ---
2026-04-24 13:56:47,556 - [ENV] - --- EPISODE START | Scenario: TRANSIT | Start: [1.14060261 0.16392178 0.55      ] | Goal: [1.06996382 0.35031322 0.55      ] | DriftLimit: 0.0350 | FloorLimit: 0.4700 ---
2026-04-24 13:56:47,883 - [ENV] - SUCCESS: Goal reached in 11 steps. Dist = 0.0219m
2026-04-24 13:56:47,883 - [ENV] - --- EPISODE START | Scenario: DESCEND | Start: [0.91498956 0.35656697 0.55      ] | Goal: [0.91498956 0.35656697 0.41      ] | DriftLimit: 0.0350 | FloorLimit: 0.4700 ---
2026-04-24 13:56:52,219 - [ENV] - --- EPISODE START | Scenario: TRANSIT | Start: [0.84474084 0.26713092 0.55      ] | Goal: [0.73513277 0.27556741 0.55      ] | DriftLimit: 0.0350 | FloorLimit: 0.4700 ---
2026-04-24 13:57:52,068 - [ENV] - --- EPISODE START | Scenario: ASCEND | Start: [0.82419086 0.44703898 0.415     ] | Goal: [0.82419086 0.44703898 0.55      ] | DriftLimit: 0.0350 | FloorLimit: 0.4700 ---
2026-04-24 13:57:52,336 - [ENV] - TERMINATED (Ascend): Tube Drift = 0.0604m (Max 0.0350m) at step 3
2026-04-24 13:57:52,336 - [ENV] - Episode ended without success at step 3. Final dist: 0.1005m
2026-04-24 13:57:52,338 - [ENV] - --- EPISODE START | Scenario: DESCEND | Start: [0.98504998 0.01391749 0.55      ] | Goal: [0.98504998 0.01391749 0.41      ] | DriftLimit: 0.0350 | FloorLimit: 0.4700 ---
2026-04-24 13:57:53,702 - [ENV] - SUCCESS: Goal reached in 57 steps. Dist = 0.0100m
2026-04-24 13:57:53,703 - [ENV] - --- EPISODE START | Scenario: ASCEND | Start: [0.79576318 0.26749058 0.415     ] | Goal: [0.79576318 0.26749058 0.55      ] | DriftLimit: 0.0350 | FloorLimit: 0.4700 ---
2026-04-24 13:57:58,414 - [ENV] - --- EPISODE START | Scenario: ASCEND | Start: [0.69974895 0.1672483  0.415     ] | Goal: [0.69974895 0.1672483  0.55      ] | DriftLimit: 0.0350 | FloorLimit: 0.4700 ---
2026-04-24 13:58:02,778 - [ENV] - --- EPISODE START | Scenario: DESCEND | Start: [1.14110777 0.32543175 0.55      ] | Goal: [1.14110777 0.32543175 0.41      ] | DriftLimit: 0.0350 | FloorLimit: 0.4700 ---
2026-04-24 13:58:03,356 - [ENV] - SUCCESS: Goal reached in 23 steps. Dist = 0.0100m
2026-04-24 13:58:03,357 - [ENV] - --- EPISODE START | Scenario: ASCEND | Start: [0.61967857 0.04281    0.415     ] | Goal: [0.61967857 0.04281    0.55      ] | DriftLimit: 0.0350 | FloorLimit: 0.4700 ---
2026-04-24 13:58:07,731 - [ENV] - --- EPISODE START | Scenario: TRANSIT | Start: [0.89921217 0.09829686 0.55      ] | Goal: [1.02103059 0.45762518 0.55      ] | DriftLimit: 0.0350 | FloorLimit: 0.4700 ---
2026-04-24 13:58:12,447 - [ENV] - --- EPISODE START | Scenario: TRANSIT | Start: [0.66379482 0.27736471 0.55      ] | Goal: [0.72523424 0.40986511 0.55      ] | DriftLimit: 0.0350 | FloorLimit: 0.4700 ---
2026-04-24 13:58:17,096 - [ENV] - --- EPISODE START | Scenario: ASCEND | Start: [0.91366388 0.15295925 0.415     ] | Goal: [0.91366388 0.15295925 0.55      ] | DriftLimit: 0.0350 | FloorLimit: 0.4700 ---
2026-04-24 13:58:17,310 - [ENV] - TERMINATED (Ascend): Tube Drift = 0.0355m (Max 0.0350m) at step 3
2026-04-24 13:58:17,310 - [ENV] - Episode ended without success at step 3. Final dist: 0.0970m
2026-04-24 13:58:17,312 - [ENV] - --- EPISODE START | Scenario: ASCEND | Start: [0.78267404 0.21293005 0.415     ] | Goal: [0.78267404 0.21293005 0.55      ] | DriftLimit: 0.0350 | FloorLimit: 0.4700 ---
2026-04-24 13:58:22,061 - [ENV] - --- EPISODE START | Scenario: ASCEND | Start: [0.64217762 0.19230797 0.415     ] | Goal: [0.64217762 0.19230797 0.55      ] | DriftLimit: 0.0350 | FloorLimit: 0.4700 ---
2026-04-24 13:58:26,906 - [ENV] - --- EPISODE START | Scenario: DESCEND | Start: [0.99780069 0.48216919 0.55      ] | Goal: [0.99780069 0.48216919 0.41      ] | DriftLimit: 0.0350 | FloorLimit: 0.4700 ---
2026-04-24 13:58:27,332 - [ENV] - TERMINATED (Descend): Tube Drift = 0.0352m (Max 0.0350m) at step 15
2026-04-24 13:58:27,332 - [ENV] - Episode ended without success at step 15. Final dist: 0.0360m
2026-04-24 13:58:27,333 - [ENV] - --- EPISODE START | Scenario: ASCEND | Start: [0.95792965 0.03107366 0.415     ] | Goal: [0.95792965 0.03107366 0.55      ] | DriftLimit: 0.0350 | FloorLimit: 0.4700 ---
2026-04-24 13:58:27,436 - [ENV] - TERMINATED (Ascend): Tube Drift = 0.0361m (Max 0.0350m) at step 2
2026-04-24 13:58:27,437 - [ENV] - Episode ended without success at step 2. Final dist: 0.1299m
2026-04-24 13:58:27,437 - [ENV] - --- EPISODE START | Scenario: ASCEND | Start: [1.06294657 0.06001439 0.415     ] | Goal: [1.06294657 0.06001439 0.55      ] | DriftLimit: 0.0350 | FloorLimit: 0.4700 ---
2026-04-24 13:58:27,562 - [ENV] - TERMINATED (Ascend): Tube Drift = 0.0375m (Max 0.0350m) at step 2
2026-04-24 13:58:27,563 - [ENV] - Episode ended without success at step 2. Final dist: 0.1123m
2026-04-24 13:58:27,565 - [ENV] - --- EPISODE START | Scenario: TRANSIT | Start: [1.13223203 0.31446499 0.55      ] | Goal: [1.02261226 0.48506839 0.55      ] | DriftLimit: 0.0350 | FloorLimit: 0.4700 ---
2026-04-24 13:58:32,041 - [ENV] - --- EPISODE START | Scenario: TRANSIT | Start: [1.13474181 0.54100007 0.55      ] | Goal: [0.81977587 0.53436638 0.55      ] | DriftLimit: 0.0350 | FloorLimit: 0.4700 ---
2026-04-24 13:58:36,538 - [ENV] - --- EPISODE START | Scenario: DESCEND | Start: [1.03513561 0.26721092 0.55      ] | Goal: [1.03513561 0.26721092 0.415     ] | DriftLimit: 0.0350 | FloorLimit: 0.4700 ---
2026-04-24 13:58:40,794 - [ENV] - --- EPISODE START | Scenario: TRANSIT | Start: [1.04438896 0.15587907 0.55      ] | Goal: [0.73877935 0.44192449 0.55      ] | DriftLimit: 0.0350 | FloorLimit: 0.4700 ---
2026-04-24 13:58:45,299 - [ENV] - --- EPISODE START | Scenario: TRANSIT | Start: [1.04233111 0.09401681 0.55      ] | Goal: [0.71414879 0.420616   0.55      ] | DriftLimit: 0.0350 | FloorLimit: 0.4700 ---
2026-04-24 13:58:49,486 - [ENV] - --- EPISODE START | Scenario: DESCEND | Start: [0.6541403  0.27669381 0.55      ] | Goal: [0.6541403  0.27669381 0.41      ] | DriftLimit: 0.0350 | FloorLimit: 0.4700 ---
2026-04-24 13:58:54,052 - [ENV] - --- EPISODE START | Scenario: TRANSIT | Start: [0.67459111 0.19266306 0.55      ] | Goal: [1.07246118 0.52662618 0.55      ] | DriftLimit: 0.0350 | FloorLimit: 0.4700 ---
2026-04-24 13:59:54,687 - [ENV] - --- EPISODE START | Scenario: ASCEND | Start: [0.82435872 0.39095093 0.415     ] | Goal: [0.82435872 0.39095093 0.55      ] | DriftLimit: 0.0350 | FloorLimit: 0.4700 ---
2026-04-24 13:59:55,121 - [ENV] - TERMINATED (Ascend): Tube Drift = 0.0366m (Max 0.0350m) at step 14
2026-04-24 13:59:55,121 - [ENV] - Episode ended without success at step 14. Final dist: 0.0444m
2026-04-24 13:59:55,122 - [ENV] - --- EPISODE START | Scenario: TRANSIT | Start: [0.76024038 0.22227153 0.55      ] | Goal: [0.75873592 0.07223855 0.55      ] | DriftLimit: 0.0350 | FloorLimit: 0.4700 ---
2026-04-24 13:59:59,640 - [ENV] - --- EPISODE START | Scenario: TRANSIT | Start: [0.69538973 0.05337328 0.55      ] | Goal: [0.97991064 0.0465186  0.55      ] | DriftLimit: 0.0350 | FloorLimit: 0.4700 ---
2026-04-24 14:00:04,187 - [ENV] - --- EPISODE START | Scenario: DESCEND | Start: [0.7231054  0.51663689 0.55      ] | Goal: [0.7231054  0.51663689 0.415     ] | DriftLimit: 0.0350 | FloorLimit: 0.4700 ---
2026-04-24 14:00:04,408 - [ENV] - SUCCESS: Goal reached in 5 steps. Dist = 0.0081m
2026-04-24 14:00:04,409 - [ENV] - --- EPISODE START | Scenario: ASCEND | Start: [0.66095107 0.18253587 0.415     ] | Goal: [0.66095107 0.18253587 0.55      ] | DriftLimit: 0.0350 | FloorLimit: 0.4700 ---
2026-04-24 14:00:08,683 - [ENV] - --- EPISODE START | Scenario: ASCEND | Start: [0.72267132 0.10324212 0.415     ] | Goal: [0.72267132 0.10324212 0.55      ] | DriftLimit: 0.0350 | FloorLimit: 0.4700 ---
2026-04-24 14:00:08,858 - [ENV] - TERMINATED (Ascend): Tube Drift = 0.0524m (Max 0.0350m) at step 3
2026-04-24 14:00:08,858 - [ENV] - Episode ended without success at step 3. Final dist: 0.1314m
2026-04-24 14:00:08,859 - [ENV] - --- EPISODE START | Scenario: ASCEND | Start: [0.89346373 0.25986966 0.415     ] | Goal: [0.89346373 0.25986966 0.55      ] | DriftLimit: 0.0350 | FloorLimit: 0.4700 ---
2026-04-24 14:00:13,144 - [ENV] - --- EPISODE START | Scenario: DESCEND | Start: [1.07443189 0.0240249  0.55      ] | Goal: [1.07443189 0.0240249  0.415     ] | DriftLimit: 0.0350 | FloorLimit: 0.4700 ---
2026-04-24 14:00:17,373 - [ENV] - --- EPISODE START | Scenario: DESCEND | Start: [0.71987406 0.06168769 0.55      ] | Goal: [0.71987406 0.06168769 0.415     ] | DriftLimit: 0.0350 | FloorLimit: 0.4700 ---
2026-04-24 14:00:21,828 - [ENV] - --- EPISODE START | Scenario: DESCEND | Start: [1.06012658 0.30718211 0.55      ] | Goal: [1.06012658 0.30718211 0.41      ] | DriftLimit: 0.0350 | FloorLimit: 0.4700 ---
2026-04-24 14:00:26,744 - [ENV] - --- EPISODE START | Scenario: ASCEND | Start: [1.1462013  0.29592721 0.415     ] | Goal: [1.1462013  0.29592721 0.55      ] | DriftLimit: 0.0350 | FloorLimit: 0.4700 ---
2026-04-24 14:00:31,164 - [ENV] - --- EPISODE START | Scenario: ASCEND | Start: [1.01670114 0.3055719  0.415     ] | Goal: [1.01670114 0.3055719  0.55      ] | DriftLimit: 0.0350 | FloorLimit: 0.4700 ---
2026-04-24 14:00:35,506 - [ENV] - --- EPISODE START | Scenario: ASCEND | Start: [ 1.01883103 -0.01563511  0.415     ] | Goal: [ 1.01883103 -0.01563511  0.55      ] | DriftLimit: 0.0350 | FloorLimit: 0.4700 ---
2026-04-24 14:00:39,848 - [ENV] - --- EPISODE START | Scenario: ASCEND | Start: [0.86753279 0.25438969 0.415     ] | Goal: [0.86753279 0.25438969 0.55      ] | DriftLimit: 0.0350 | FloorLimit: 0.4700 ---
2026-04-24 14:00:40,006 - [ENV] - TERMINATED (Ascend): Tube Drift = 0.0364m (Max 0.0350m) at step 2
2026-04-24 14:00:40,006 - [ENV] - Episode ended without success at step 2. Final dist: 0.1144m
2026-04-24 14:00:40,007 - [ENV] - --- EPISODE START | Scenario: DESCEND | Start: [1.14711739 0.51398541 0.55      ] | Goal: [1.14711739 0.51398541 0.41      ] | DriftLimit: 0.0350 | FloorLimit: 0.4700 ---
2026-04-24 14:00:44,534 - [ENV] - --- EPISODE START | Scenario: TRANSIT | Start: [0.8335777  0.11979467 0.55      ] | Goal: [0.87337589 0.30633443 0.55      ] | DriftLimit: 0.0350 | FloorLimit: 0.4700 ---
2026-04-24 14:00:48,934 - [ENV] - --- EPISODE START | Scenario: TRANSIT | Start: [0.91583203 0.34888888 0.55      ] | Goal: [0.67203728 0.07515765 0.55      ] | DriftLimit: 0.0350 | FloorLimit: 0.4700 ---
2026-04-24 14:00:54,049 - [ENV] - --- EPISODE START | Scenario: DESCEND | Start: [0.65627473 0.11870607 0.55      ] | Goal: [0.65627473 0.11870607 0.415     ] | DriftLimit: 0.0350 | FloorLimit: 0.4700 ---
2026-04-24 14:00:54,344 - [ENV] - SUCCESS: Goal reached in 9 steps. Dist = 0.0078m
2026-04-24 14:00:54,345 - [ENV] - --- EPISODE START | Scenario: ASCEND | Start: [1.05078025 0.0085149  0.415     ] | Goal: [1.05078025 0.0085149  0.55      ] | DriftLimit: 0.0350 | FloorLimit: 0.4700 ---
2026-04-24 14:01:57,074 - [ENV] - --- EPISODE START | Scenario: ASCEND | Start: [0.83899008 0.03508761 0.415     ] | Goal: [0.83899008 0.03508761 0.55      ] | DriftLimit: 0.0350 | FloorLimit: 0.4700 ---
2026-04-24 14:01:57,285 - [ENV] - TERMINATED (Ascend): Tube Drift = 0.0524m (Max 0.0350m) at step 3
2026-04-24 14:01:57,285 - [ENV] - Episode ended without success at step 3. Final dist: 0.1098m
2026-04-24 14:01:57,286 - [ENV] - --- EPISODE START | Scenario: ASCEND | Start: [0.74084785 0.48520475 0.415     ] | Goal: [0.74084785 0.48520475 0.55      ] | DriftLimit: 0.0350 | FloorLimit: 0.4700 ---
2026-04-24 14:01:57,451 - [ENV] - TERMINATED (Ascend): Tube Drift = 0.0591m (Max 0.0350m) at step 3
2026-04-24 14:01:57,452 - [ENV] - Episode ended without success at step 3. Final dist: 0.1059m
2026-04-24 14:01:57,452 - [ENV] - --- EPISODE START | Scenario: ASCEND | Start: [0.96978012 0.19028978 0.415     ] | Goal: [0.96978012 0.19028978 0.55      ] | DriftLimit: 0.0350 | FloorLimit: 0.4700 ---
2026-04-24 14:01:57,652 - [ENV] - TERMINATED (Ascend): Tube Drift = 0.0491m (Max 0.0350m) at step 3
2026-04-24 14:01:57,652 - [ENV] - Episode ended without success at step 3. Final dist: 0.1043m
2026-04-24 14:01:57,653 - [ENV] - --- EPISODE START | Scenario: DESCEND | Start: [0.8439653  0.12803292 0.55      ] | Goal: [0.8439653  0.12803292 0.415     ] | DriftLimit: 0.0350 | FloorLimit: 0.4700 ---
2026-04-24 14:01:57,900 - [ENV] - SUCCESS: Goal reached in 7 steps. Dist = 0.0098m
2026-04-24 14:01:57,901 - [ENV] - --- EPISODE START | Scenario: DESCEND | Start: [0.65459236 0.21288884 0.55      ] | Goal: [0.65459236 0.21288884 0.415     ] | DriftLimit: 0.0350 | FloorLimit: 0.4700 ---
2026-04-24 14:01:58,486 - [ENV] - TERMINATED (Descend): Tube Drift = 0.0375m (Max 0.0350m) at step 22
2026-04-24 14:01:58,487 - [ENV] - Episode ended without success at step 22. Final dist: 0.0390m
2026-04-24 14:01:58,487 - [ENV] - --- EPISODE START | Scenario: ASCEND | Start: [0.73042994 0.07638149 0.415     ] | Goal: [0.73042994 0.07638149 0.55      ] | DriftLimit: 0.0350 | FloorLimit: 0.4700 ---
2026-04-24 14:01:58,647 - [ENV] - TERMINATED (Ascend): Tube Drift = 0.0387m (Max 0.0350m) at step 3
2026-04-24 14:01:58,647 - [ENV] - Episode ended without success at step 3. Final dist: 0.1257m
2026-04-24 14:01:58,648 - [ENV] - --- EPISODE START | Scenario: TRANSIT | Start: [1.02906801 0.30224517 0.55      ] | Goal: [0.70266854 0.00670654 0.55      ] | DriftLimit: 0.0350 | FloorLimit: 0.4700 ---
2026-04-24 14:02:02,962 - [ENV] - --- EPISODE START | Scenario: ASCEND | Start: [1.00235878 0.24480794 0.415     ] | Goal: [1.00235878 0.24480794 0.55      ] | DriftLimit: 0.0350 | FloorLimit: 0.4700 ---
2026-04-24 14:02:03,115 - [ENV] - TERMINATED (Ascend): Tube Drift = 0.0352m (Max 0.0350m) at step 2
2026-04-24 14:02:03,116 - [ENV] - Episode ended without success at step 2. Final dist: 0.1082m
2026-04-24 14:02:03,117 - [ENV] - --- EPISODE START | Scenario: ASCEND | Start: [ 7.97771008e-01 -1.82463298e-04  4.15000000e-01] | Goal: [ 7.97771008e-01 -1.82463298e-04  5.50000000e-01] | DriftLimit: 0.0350 | FloorLimit: 0.4700 ---
2026-04-24 14:02:07,413 - [ENV] - --- EPISODE START | Scenario: DESCEND | Start: [1.10317133 0.06994249 0.55      ] | Goal: [1.10317133 0.06994249 0.41      ] | DriftLimit: 0.0350 | FloorLimit: 0.4700 ---
2026-04-24 14:02:11,706 - [ENV] - --- EPISODE START | Scenario: ASCEND | Start: [0.6638494  0.45720948 0.415     ] | Goal: [0.6638494  0.45720948 0.55      ] | DriftLimit: 0.0350 | FloorLimit: 0.4700 ---
2026-04-24 14:02:12,287 - [ENV] - TERMINATED (Ascend): Tube Drift = 0.0355m (Max 0.0350m) at step 20
2026-04-24 14:02:12,287 - [ENV] - Episode ended without success at step 20. Final dist: 0.0654m
2026-04-24 14:02:12,288 - [ENV] - --- EPISODE START | Scenario: ASCEND | Start: [1.06334522 0.3331417  0.415     ] | Goal: [1.06334522 0.3331417  0.55      ] | DriftLimit: 0.0350 | FloorLimit: 0.4700 ---
2026-04-24 14:02:12,452 - [ENV] - TERMINATED (Ascend): Tube Drift = 0.0528m (Max 0.0350m) at step 3
2026-04-24 14:02:12,452 - [ENV] - Episode ended without success at step 3. Final dist: 0.0938m
2026-04-24 14:02:12,453 - [ENV] - --- EPISODE START | Scenario: ASCEND | Start: [0.9330352  0.11210839 0.415     ] | Goal: [0.9330352  0.11210839 0.55      ] | DriftLimit: 0.0350 | FloorLimit: 0.4700 ---
2026-04-24 14:02:12,608 - [ENV] - TERMINATED (Ascend): Tube Drift = 0.0508m (Max 0.0350m) at step 3
2026-04-24 14:02:12,608 - [ENV] - Episode ended without success at step 3. Final dist: 0.1040m
2026-04-24 14:02:12,608 - [ENV] - --- EPISODE START | Scenario: TRANSIT | Start: [0.94362421 0.46928821 0.55      ] | Goal: [1.03833571 0.1182616  0.55      ] | DriftLimit: 0.0350 | FloorLimit: 0.4700 ---
2026-04-24 14:02:16,951 - [ENV] - --- EPISODE START | Scenario: TRANSIT | Start: [0.68497135 0.3286108  0.55      ] | Goal: [0.88400834 0.27434122 0.55      ] | DriftLimit: 0.0350 | FloorLimit: 0.4700 ---
2026-04-24 14:02:21,273 - [ENV] - --- EPISODE START | Scenario: ASCEND | Start: [0.69631059 0.42071169 0.415     ] | Goal: [0.69631059 0.42071169 0.55      ] | DriftLimit: 0.0350 | FloorLimit: 0.4700 ---
2026-04-24 14:02:21,463 - [ENV] - TERMINATED (Ascend): Tube Drift = 0.0638m (Max 0.0350m) at step 3
2026-04-24 14:02:21,463 - [ENV] - Episode ended without success at step 3. Final dist: 0.1252m
2026-04-24 14:02:21,464 - [ENV] - --- EPISODE START | Scenario: TRANSIT | Start: [1.07880841 0.33608975 0.55      ] | Goal: [0.97613538 0.22524356 0.55      ] | DriftLimit: 0.0350 | FloorLimit: 0.4700 ---
2026-04-24 14:02:25,794 - [ENV] - --- EPISODE START | Scenario: TRANSIT | Start: [1.04467581 0.21703025 0.55      ] | Goal: [0.93546369 0.0326671  0.55      ] | DriftLimit: 0.0350 | FloorLimit: 0.4700 ---
2026-04-24 14:02:30,574 - [ENV] - --- EPISODE START | Scenario: TRANSIT | Start: [ 0.87550999 -0.01422451  0.55      ] | Goal: [0.94608763 0.23738087 0.55      ] | DriftLimit: 0.0350 | FloorLimit: 0.4700 ---
2026-04-24 14:02:34,835 - [ENV] - --- EPISODE START | Scenario: TRANSIT | Start: [1.14993008 0.08313047 0.55      ] | Goal: [0.90907515 0.43432538 0.55      ] | DriftLimit: 0.0350 | FloorLimit: 0.4700 ---
2026-04-24 14:02:39,832 - [ENV] - --- EPISODE START | Scenario: DESCEND | Start: [0.80010582 0.48891411 0.55      ] | Goal: [0.80010582 0.48891411 0.41      ] | DriftLimit: 0.0350 | FloorLimit: 0.4700 ---
2026-04-24 14:02:40,350 - [ENV] - TERMINATED (Descend): Tube Drift = 0.0354m (Max 0.0350m) at step 20
2026-04-24 14:02:40,350 - [ENV] - Episode ended without success at step 20. Final dist: 0.0366m
2026-04-24 14:02:40,351 - [ENV] - --- EPISODE START | Scenario: ASCEND | Start: [0.80308368 0.13903758 0.415     ] | Goal: [0.80308368 0.13903758 0.55      ] | DriftLimit: 0.0350 | FloorLimit: 0.4700 ---
2026-04-24 14:02:44,751 - [ENV] - --- EPISODE START | Scenario: DESCEND | Start: [0.94412956 0.20792027 0.55      ] | Goal: [0.94412956 0.20792027 0.41      ] | DriftLimit: 0.0350 | FloorLimit: 0.4700 ---
2026-04-24 14:02:49,425 - [ENV] - --- EPISODE START | Scenario: DESCEND | Start: [0.66913862 0.38580484 0.55      ] | Goal: [0.66913862 0.38580484 0.415     ] | DriftLimit: 0.0350 | FloorLimit: 0.4700 ---
2026-04-24 14:02:49,690 - [ENV] - TERMINATED (Descend): Tube Drift = 0.0376m (Max 0.0350m) at step 6
2026-04-24 14:02:49,691 - [ENV] - Episode ended without success at step 6. Final dist: 0.0387m
2026-04-24 14:02:49,691 - [ENV] - --- EPISODE START | Scenario: ASCEND | Start: [1.10289137 0.27350931 0.415     ] | Goal: [1.10289137 0.27350931 0.55      ] | DriftLimit: 0.0350 | FloorLimit: 0.4700 ---
2026-04-24 14:02:54,025 - [ENV] - --- EPISODE START | Scenario: DESCEND | Start: [0.83294543 0.51129442 0.55      ] | Goal: [0.83294543 0.51129442 0.41      ] | DriftLimit: 0.0350 | FloorLimit: 0.4700 ---
2026-04-24 14:02:54,554 - [ENV] - TERMINATED (Descend): Tube Drift = 0.0355m (Max 0.0350m) at step 20
2026-04-24 14:02:54,555 - [ENV] - Episode ended without success at step 20. Final dist: 0.0367m
2026-04-24 14:02:54,605 - [ENV] - --- EPISODE START | Scenario: TRANSIT | Start: [1.10344603 0.38461872 0.55      ] | Goal: [0.96733453 0.41135007 0.55      ] | DriftLimit: 0.0350 | FloorLimit: 0.4700 ---
2026-04-24 14:02:58,949 - [ENV] - --- EPISODE START | Scenario: ASCEND | Start: [0.6477986  0.53277268 0.415     ] | Goal: [0.6477986  0.53277268 0.55      ] | DriftLimit: 0.0350 | FloorLimit: 0.4700 ---
2026-04-24 14:02:59,231 - [ENV] - TERMINATED (Ascend): Tube Drift = 0.0357m (Max 0.0350m) at step 9
2026-04-24 14:02:59,231 - [ENV] - Episode ended without success at step 9. Final dist: 0.0961m
2026-04-24 14:02:59,232 - [ENV] - --- EPISODE START | Scenario: DESCEND | Start: [0.63527283 0.44367927 0.55      ] | Goal: [0.63527283 0.44367927 0.415     ] | DriftLimit: 0.0350 | FloorLimit: 0.4700 ---
2026-04-24 14:03:00,052 - [ENV] - TERMINATED (Descend): Tube Drift = 0.0352m (Max 0.0350m) at step 33
2026-04-24 14:03:00,052 - [ENV] - Episode ended without success at step 33. Final dist: 0.0354m
2026-04-24 14:03:00,053 - [ENV] - --- EPISODE START | Scenario: TRANSIT | Start: [0.60224103 0.02466532 0.55      ] | Goal: [ 1.06889938 -0.0053473   0.55      ] | DriftLimit: 0.0350 | FloorLimit: 0.4700 ---
2026-04-24 14:04:02,087 - [ENV] - --- EPISODE START | Scenario: TRANSIT | Start: [0.87630456 0.26902186 0.55      ] | Goal: [1.15770779 0.20607798 0.55      ] | DriftLimit: 0.0350 | FloorLimit: 0.4700 ---
2026-04-24 14:04:07,535 - [ENV] - --- EPISODE START | Scenario: DESCEND | Start: [0.67330884 0.17685389 0.55      ] | Goal: [0.67330884 0.17685389 0.415     ] | DriftLimit: 0.0350 | FloorLimit: 0.4700 ---
2026-04-24 14:04:12,054 - [ENV] - --- EPISODE START | Scenario: ASCEND | Start: [1.01693196 0.39884532 0.415     ] | Goal: [1.01693196 0.39884532 0.55      ] | DriftLimit: 0.0350 | FloorLimit: 0.4700 ---
2026-04-24 14:04:12,191 - [ENV] - TERMINATED (Ascend): Tube Drift = 0.0381m (Max 0.0350m) at step 2
2026-04-24 14:04:12,191 - [ENV] - Episode ended without success at step 2. Final dist: 0.1058m
2026-04-24 14:04:12,193 - [ENV] - --- EPISODE START | Scenario: TRANSIT | Start: [0.77502117 0.18147131 0.55      ] | Goal: [ 0.6946695  -0.01154662  0.55      ] | DriftLimit: 0.0350 | FloorLimit: 0.4700 ---
2026-04-24 14:04:16,578 - [ENV] - --- EPISODE START | Scenario: DESCEND | Start: [0.81760009 0.01457384 0.55      ] | Goal: [0.81760009 0.01457384 0.415     ] | DriftLimit: 0.0350 | FloorLimit: 0.4700 ---
2026-04-24 14:04:21,098 - [ENV] - --- EPISODE START | Scenario: TRANSIT | Start: [0.65265395 0.34687586 0.55      ] | Goal: [0.91848434 0.49925625 0.55      ] | DriftLimit: 0.0350 | FloorLimit: 0.4700 ---
2026-04-24 14:04:25,293 - [ENV] - --- EPISODE START | Scenario: TRANSIT | Start: [1.00116602 0.51594125 0.55      ] | Goal: [0.65844391 0.35351326 0.55      ] | DriftLimit: 0.0350 | FloorLimit: 0.4700 ---
2026-04-24 14:04:29,525 - [ENV] - --- EPISODE START | Scenario: DESCEND | Start: [0.65260664 0.0819813  0.55      ] | Goal: [0.65260664 0.0819813  0.415     ] | DriftLimit: 0.0350 | FloorLimit: 0.4700 ---
2026-04-24 14:04:31,651 - [ENV] - SUCCESS: Goal reached in 83 steps. Dist = 0.0100m
2026-04-24 14:04:31,652 - [ENV] - --- EPISODE START | Scenario: DESCEND | Start: [0.67188471 0.43430763 0.55      ] | Goal: [0.67188471 0.43430763 0.41      ] | DriftLimit: 0.0350 | FloorLimit: 0.4700 ---
2026-04-24 14:04:32,386 - [ENV] - TERMINATED (Descend): Tube Drift = 0.0356m (Max 0.0350m) at step 14
2026-04-24 14:04:32,386 - [ENV] - Episode ended without success at step 14. Final dist: 0.0365m
2026-04-24 14:04:32,387 - [ENV] - --- EPISODE START | Scenario: ASCEND | Start: [1.03909006 0.3273902  0.415     ] | Goal: [1.03909006 0.3273902  0.55      ] | DriftLimit: 0.0350 | FloorLimit: 0.4700 ---
2026-04-24 14:04:36,721 - [ENV] - --- EPISODE START | Scenario: DESCEND | Start: [0.75559376 0.45371942 0.55      ] | Goal: [0.75559376 0.45371942 0.41      ] | DriftLimit: 0.0350 | FloorLimit: 0.4700 ---
2026-04-24 14:04:37,142 - [ENV] - TERMINATED (Descend): Tube Drift = 0.0351m (Max 0.0350m) at step 13
2026-04-24 14:04:37,142 - [ENV] - Episode ended without success at step 13. Final dist: 0.0362m
2026-04-24 14:04:37,143 - [ENV] - --- EPISODE START | Scenario: DESCEND | Start: [0.75531253 0.45109269 0.55      ] | Goal: [0.75531253 0.45109269 0.415     ] | DriftLimit: 0.0350 | FloorLimit: 0.4700 ---
2026-04-24 14:04:37,570 - [ENV] - TERMINATED (Descend): Tube Drift = 0.0353m (Max 0.0350m) at step 16
2026-04-24 14:04:37,570 - [ENV] - Episode ended without success at step 16. Final dist: 0.0355m
2026-04-24 14:04:37,571 - [ENV] - --- EPISODE START | Scenario: TRANSIT | Start: [0.79166313 0.01363034 0.55      ] | Goal: [0.8496865  0.28021629 0.55      ] | DriftLimit: 0.0350 | FloorLimit: 0.4700 ---
2026-04-24 14:04:41,990 - [ENV] - --- EPISODE START | Scenario: DESCEND | Start: [1.08344325 0.39626597 0.55      ] | Goal: [1.08344325 0.39626597 0.415     ] | DriftLimit: 0.0350 | FloorLimit: 0.4700 ---
2026-04-24 14:04:46,325 - [ENV] - --- EPISODE START | Scenario: DESCEND | Start: [0.87668977 0.21300426 0.55      ] | Goal: [0.87668977 0.21300426 0.41      ] | DriftLimit: 0.0350 | FloorLimit: 0.4700 ---
2026-04-24 14:04:50,858 - [ENV] - --- EPISODE START | Scenario: TRANSIT | Start: [0.8157941  0.10687718 0.55      ] | Goal: [1.03157299 0.43801607 0.55      ] | DriftLimit: 0.0350 | FloorLimit: 0.4700 ---
2026-04-24 14:04:55,220 - [ENV] - --- EPISODE START | Scenario: ASCEND | Start: [0.94742277 0.53846561 0.415     ] | Goal: [0.94742277 0.53846561 0.55      ] | DriftLimit: 0.0350 | FloorLimit: 0.4700 ---
2026-04-24 14:04:55,597 - [ENV] - TERMINATED (Ascend): Tube Drift = 0.0365m (Max 0.0350m) at step 11
2026-04-24 14:04:55,597 - [ENV] - Episode ended without success at step 11. Final dist: 0.0621m
2026-04-24 14:04:55,598 - [ENV] - --- EPISODE START | Scenario: DESCEND | Start: [0.69970733 0.00572956 0.55      ] | Goal: [0.69970733 0.00572956 0.415     ] | DriftLimit: 0.0350 | FloorLimit: 0.4700 ---
2026-04-24 14:05:00,092 - [ENV] - --- EPISODE START | Scenario: TRANSIT | Start: [1.02012002 0.37065184 0.55      ] | Goal: [0.86633196 0.25141273 0.55      ] | DriftLimit: 0.0350 | FloorLimit: 0.4700 ---
2026-04-24 14:06:04,605 - [ENV] - --- EPISODE START | Scenario: TRANSIT | Start: [0.88865066 0.25484203 0.55      ] | Goal: [1.00783714 0.47905521 0.55      ] | DriftLimit: 0.0350 | FloorLimit: 0.4700 ---
2026-04-24 14:06:09,445 - [ENV] - --- EPISODE START | Scenario: ASCEND | Start: [0.85194181 0.25767951 0.415     ] | Goal: [0.85194181 0.25767951 0.55      ] | DriftLimit: 0.0350 | FloorLimit: 0.4700 ---
2026-04-24 14:06:09,691 - [ENV] - TERMINATED (Ascend): Tube Drift = 0.0478m (Max 0.0350m) at step 3
2026-04-24 14:06:09,691 - [ENV] - Episode ended without success at step 3. Final dist: 0.1110m
2026-04-24 14:06:09,692 - [ENV] - --- EPISODE START | Scenario: ASCEND | Start: [0.84664536 0.30508513 0.415     ] | Goal: [0.84664536 0.30508513 0.55      ] | DriftLimit: 0.0350 | FloorLimit: 0.4700 ---
2026-04-24 14:06:09,905 - [ENV] - TERMINATED (Ascend): Tube Drift = 0.0365m (Max 0.0350m) at step 2
2026-04-24 14:06:09,905 - [ENV] - Episode ended without success at step 2. Final dist: 0.1246m
2026-04-24 14:06:09,906 - [ENV] - --- EPISODE START | Scenario: DESCEND | Start: [0.82971419 0.38823371 0.55      ] | Goal: [0.82971419 0.38823371 0.415     ] | DriftLimit: 0.0350 | FloorLimit: 0.4700 ---
2026-04-24 14:06:14,235 - [ENV] - --- EPISODE START | Scenario: ASCEND | Start: [0.60604942 0.48658324 0.415     ] | Goal: [0.60604942 0.48658324 0.55      ] | DriftLimit: 0.0350 | FloorLimit: 0.4700 ---
2026-04-24 14:06:18,821 - [ENV] - --- EPISODE START | Scenario: DESCEND | Start: [0.6079334  0.18516196 0.55      ] | Goal: [0.6079334  0.18516196 0.415     ] | DriftLimit: 0.0350 | FloorLimit: 0.4700 ---
2026-04-24 14:06:23,638 - [ENV] - --- EPISODE START | Scenario: ASCEND | Start: [1.05484554 0.03387314 0.415     ] | Goal: [1.05484554 0.03387314 0.55      ] | DriftLimit: 0.0350 | FloorLimit: 0.4700 ---
2026-04-24 14:06:23,751 - [ENV] - TERMINATED (Ascend): Tube Drift = 0.0548m (Max 0.0350m) at step 2
2026-04-24 14:06:23,751 - [ENV] - Episode ended without success at step 2. Final dist: 0.1217m
2026-04-24 14:06:23,752 - [ENV] - --- EPISODE START | Scenario: TRANSIT | Start: [0.84874264 0.46137815 0.55      ] | Goal: [0.93594237 0.07979872 0.55      ] | DriftLimit: 0.0350 | FloorLimit: 0.4700 ---
2026-04-24 14:06:27,862 - [ENV] - --- EPISODE START | Scenario: DESCEND | Start: [0.80415503 0.47141477 0.55      ] | Goal: [0.80415503 0.47141477 0.41      ] | DriftLimit: 0.0350 | FloorLimit: 0.4700 ---
2026-04-24 14:06:28,904 - [ENV] - TERMINATED (Descend): Tube Drift = 0.0351m (Max 0.0350m) at step 25
2026-04-24 14:06:28,904 - [ENV] - Episode ended without success at step 25. Final dist: 0.0362m
2026-04-24 14:06:28,905 - [ENV] - --- EPISODE START | Scenario: DESCEND | Start: [0.89575357 0.3555142  0.55      ] | Goal: [0.89575357 0.3555142  0.415     ] | DriftLimit: 0.0350 | FloorLimit: 0.4700 ---
2026-04-24 14:06:33,180 - [ENV] - --- EPISODE START | Scenario: DESCEND | Start: [0.6642782  0.10108905 0.55      ] | Goal: [0.6642782  0.10108905 0.41      ] | DriftLimit: 0.0350 | FloorLimit: 0.4700 ---
2026-04-24 14:06:37,475 - [ENV] - --- EPISODE START | Scenario: DESCEND | Start: [0.94624671 0.06842045 0.55      ] | Goal: [0.94624671 0.06842045 0.415     ] | DriftLimit: 0.0350 | FloorLimit: 0.4700 ---
2026-04-24 14:06:37,831 - [ENV] - SUCCESS: Goal reached in 13 steps. Dist = 0.0098m
2026-04-24 14:06:37,832 - [ENV] - --- EPISODE START | Scenario: TRANSIT | Start: [0.72083214 0.03831649 0.55      ] | Goal: [0.9544504  0.19979351 0.55      ] | DriftLimit: 0.0350 | FloorLimit: 0.4700 ---
2026-04-24 14:06:42,295 - [ENV] - --- EPISODE START | Scenario: TRANSIT | Start: [ 7.91697667e-01 -7.46667737e-05  5.50000000e-01] | Goal: [1.01000526 0.52341252 0.55      ] | DriftLimit: 0.0350 | FloorLimit: 0.4700 ---
2026-04-24 14:06:46,609 - [ENV] - --- EPISODE START | Scenario: TRANSIT | Start: [0.98375129 0.40496843 0.55      ] | Goal: [0.84634431 0.44246627 0.55      ] | DriftLimit: 0.0350 | FloorLimit: 0.4700 ---
2026-04-24 14:06:50,891 - [ENV] - --- EPISODE START | Scenario: TRANSIT | Start: [0.78715588 0.28629414 0.55      ] | Goal: [0.76978376 0.49379943 0.55      ] | DriftLimit: 0.0350 | FloorLimit: 0.4700 ---
2026-04-24 14:06:55,532 - [ENV] - --- EPISODE START | Scenario: TRANSIT | Start: [0.8873772  0.28542591 0.55      ] | Goal: [0.81518075 0.37609602 0.55      ] | DriftLimit: 0.0350 | FloorLimit: 0.4700 ---
2026-04-24 14:07:00,036 - [ENV] - --- EPISODE START | Scenario: ASCEND | Start: [0.79762877 0.12845505 0.415     ] | Goal: [0.79762877 0.12845505 0.55      ] | DriftLimit: 0.0350 | FloorLimit: 0.4700 ---
2026-04-24 14:07:00,213 - [ENV] - TERMINATED (Ascend): Tube Drift = 0.0613m (Max 0.0350m) at step 3
2026-04-24 14:07:00,214 - [ENV] - Episode ended without success at step 3. Final dist: 0.1239m
2026-04-24 14:07:00,214 - [ENV] - --- EPISODE START | Scenario: DESCEND | Start: [0.70851062 0.2184463  0.55      ] | Goal: [0.70851062 0.2184463  0.415     ] | DriftLimit: 0.0350 | FloorLimit: 0.4700 ---
2026-04-24 14:07:00,493 - [ENV] - TERMINATED (Descend): Tube Drift = 0.0363m (Max 0.0350m) at step 9
2026-04-24 14:07:00,494 - [ENV] - Episode ended without success at step 9. Final dist: 0.0365m
2026-04-24 14:07:00,494 - [ENV] - --- EPISODE START | Scenario: ASCEND | Start: [0.70725115 0.41236611 0.415     ] | Goal: [0.70725115 0.41236611 0.55      ] | DriftLimit: 0.0350 | FloorLimit: 0.4700 ---
2026-04-24 14:07:02,077 - [ENV] - SUCCESS: Goal reached in 54 steps. Dist = 0.0077m
2026-04-24 14:07:02,078 - [ENV] - --- EPISODE START | Scenario: TRANSIT | Start: [0.65131298 0.24013064 0.55      ] | Goal: [1.07648563 0.15944748 0.55      ] | DriftLimit: 0.0350 | FloorLimit: 0.4700 ---
2026-04-24 14:07:06,284 - [ENV] - --- EPISODE START | Scenario: TRANSIT | Start: [0.87042669 0.4492733  0.55      ] | Goal: [1.12259555 0.25883711 0.55      ] | DriftLimit: 0.0350 | FloorLimit: 0.4700 ---
2026-04-24 14:08:08,985 - [ENV] - --- EPISODE START | Scenario: DESCEND | Start: [0.86848755 0.05571535 0.55      ] | Goal: [0.86848755 0.05571535 0.41      ] | DriftLimit: 0.0350 | FloorLimit: 0.4700 ---
2026-04-24 14:08:11,171 - [ENV] - SUCCESS: Goal reached in 88 steps. Dist = 0.0100m
2026-04-24 14:08:11,172 - [ENV] - --- EPISODE START | Scenario: ASCEND | Start: [1.02696073 0.19140465 0.415     ] | Goal: [1.02696073 0.19140465 0.55      ] | DriftLimit: 0.0350 | FloorLimit: 0.4700 ---
2026-04-24 14:08:15,393 - [ENV] - --- EPISODE START | Scenario: TRANSIT | Start: [0.73241624 0.14295449 0.55      ] | Goal: [0.94968425 0.40785907 0.55      ] | DriftLimit: 0.0350 | FloorLimit: 0.4700 ---
2026-04-24 14:08:19,902 - [ENV] - --- EPISODE START | Scenario: TRANSIT | Start: [0.9224494  0.17072483 0.55      ] | Goal: [0.61093325 0.0218459  0.55      ] | DriftLimit: 0.0350 | FloorLimit: 0.4700 ---
2026-04-24 14:08:24,285 - [ENV] - --- EPISODE START | Scenario: DESCEND | Start: [0.71060518 0.26642477 0.55      ] | Goal: [0.71060518 0.26642477 0.41      ] | DriftLimit: 0.0350 | FloorLimit: 0.4700 ---
2026-04-24 14:08:26,294 - [ENV] - TERMINATED (Descend): Tube Drift = 0.0351m (Max 0.0350m) at step 82
2026-04-24 14:08:26,294 - [ENV] - Episode ended without success at step 82. Final dist: 0.0362m
2026-04-24 14:08:26,294 - [ENV] - --- EPISODE START | Scenario: TRANSIT | Start: [0.738847   0.29157926 0.55      ] | Goal: [0.86636336 0.44335427 0.55      ] | DriftLimit: 0.0350 | FloorLimit: 0.4700 ---
2026-04-24 14:08:31,242 - [ENV] - --- EPISODE START | Scenario: DESCEND | Start: [1.08110866 0.26652917 0.55      ] | Goal: [1.08110866 0.26652917 0.41      ] | DriftLimit: 0.0350 | FloorLimit: 0.4700 ---
2026-04-24 14:08:35,555 - [ENV] - --- EPISODE START | Scenario: ASCEND | Start: [0.75834413 0.38236955 0.415     ] | Goal: [0.75834413 0.38236955 0.55      ] | DriftLimit: 0.0350 | FloorLimit: 0.4700 ---
2026-04-24 14:08:35,989 - [ENV] - TERMINATED (Ascend): Tube Drift = 0.0362m (Max 0.0350m) at step 14
2026-04-24 14:08:35,990 - [ENV] - Episode ended without success at step 14. Final dist: 0.0488m
2026-04-24 14:08:35,990 - [ENV] - --- EPISODE START | Scenario: ASCEND | Start: [1.04980317 0.19932059 0.415     ] | Goal: [1.04980317 0.19932059 0.55      ] | DriftLimit: 0.0350 | FloorLimit: 0.4700 ---
2026-04-24 14:08:40,690 - [ENV] - --- EPISODE START | Scenario: ASCEND | Start: [ 0.60764249 -0.00301352  0.415     ] | Goal: [ 0.60764249 -0.00301352  0.55      ] | DriftLimit: 0.0350 | FloorLimit: 0.4700 ---
2026-04-24 14:08:40,856 - [ENV] - TERMINATED (Ascend): Tube Drift = 0.0488m (Max 0.0350m) at step 3
2026-04-24 14:08:40,856 - [ENV] - Episode ended without success at step 3. Final dist: 0.1310m
2026-04-24 14:08:40,857 - [ENV] - --- EPISODE START | Scenario: DESCEND | Start: [1.04680967 0.02875353 0.55      ] | Goal: [1.04680967 0.02875353 0.415     ] | DriftLimit: 0.0350 | FloorLimit: 0.4700 ---
2026-04-24 14:08:41,401 - [ENV] - SUCCESS: Goal reached in 11 steps. Dist = 0.0098m
2026-04-24 14:08:41,402 - [ENV] - --- EPISODE START | Scenario: TRANSIT | Start: [1.0595038  0.36891038 0.55      ] | Goal: [1.01922607 0.47680064 0.55      ] | DriftLimit: 0.0350 | FloorLimit: 0.4700 ---
2026-04-24 14:08:45,694 - [ENV] - --- EPISODE START | Scenario: ASCEND | Start: [1.09639297 0.17836271 0.415     ] | Goal: [1.09639297 0.17836271 0.55      ] | DriftLimit: 0.0350 | FloorLimit: 0.4700 ---
2026-04-24 14:08:49,908 - [ENV] - --- EPISODE START | Scenario: TRANSIT | Start: [1.00667816 0.21308555 0.55      ] | Goal: [0.60992224 0.22703853 0.55      ] | DriftLimit: 0.0350 | FloorLimit: 0.4700 ---
2026-04-24 14:08:54,226 - [ENV] - --- EPISODE START | Scenario: ASCEND | Start: [1.13109793 0.20822694 0.415     ] | Goal: [1.13109793 0.20822694 0.55      ] | DriftLimit: 0.0350 | FloorLimit: 0.4700 ---
2026-04-24 14:08:54,420 - [ENV] - TERMINATED (Ascend): Tube Drift = 0.0622m (Max 0.0350m) at step 3
2026-04-24 14:08:54,421 - [ENV] - Episode ended without success at step 3. Final dist: 0.1015m
2026-04-24 14:08:54,422 - [ENV] - --- EPISODE START | Scenario: TRANSIT | Start: [0.81413094 0.14109406 0.55      ] | Goal: [1.08630156 0.05679691 0.55      ] | DriftLimit: 0.0350 | FloorLimit: 0.4700 ---
2026-04-24 14:08:59,032 - [ENV] - --- EPISODE START | Scenario: DESCEND | Start: [0.68305861 0.07622361 0.55      ] | Goal: [0.68305861 0.07622361 0.415     ] | DriftLimit: 0.0350 | FloorLimit: 0.4700 ---
2026-04-24 14:09:01,471 - [ENV] - SUCCESS: Goal reached in 103 steps. Dist = 0.0100m
2026-04-24 14:09:01,471 - [ENV] - --- EPISODE START | Scenario: ASCEND | Start: [0.77057403 0.38996345 0.415     ] | Goal: [0.77057403 0.38996345 0.55      ] | DriftLimit: 0.0350 | FloorLimit: 0.4700 ---
2026-04-24 14:09:01,634 - [ENV] - TERMINATED (Ascend): Tube Drift = 0.0408m (Max 0.0350m) at step 2
2026-04-24 14:09:01,634 - [ENV] - Episode ended without success at step 2. Final dist: 0.1296m
2026-04-24 14:09:01,635 - [ENV] - --- EPISODE START | Scenario: DESCEND | Start: [0.71965468 0.01886216 0.55      ] | Goal: [0.71965468 0.01886216 0.415     ] | DriftLimit: 0.0350 | FloorLimit: 0.4700 ---
2026-04-24 14:09:06,283 - [ENV] - --- EPISODE START | Scenario: DESCEND | Start: [0.94263789 0.45170628 0.55      ] | Goal: [0.94263789 0.45170628 0.41      ] | DriftLimit: 0.0350 | FloorLimit: 0.4700 ---
2026-04-24 14:10:05,698 - [ENV] - --- EPISODE START | Scenario: ASCEND | Start: [0.9466638  0.21793468 0.415     ] | Goal: [0.9466638  0.21793468 0.55      ] | DriftLimit: 0.0350 | FloorLimit: 0.4700 ---
2026-04-24 14:10:10,508 - [ENV] - --- EPISODE START | Scenario: ASCEND | Start: [ 0.71229729 -0.01304057  0.415     ] | Goal: [ 0.71229729 -0.01304057  0.55      ] | DriftLimit: 0.0350 | FloorLimit: 0.4700 ---
2026-04-24 14:10:10,630 - [ENV] - TERMINATED (Ascend): Tube Drift = 0.0350m (Max 0.0350m) at step 2
2026-04-24 14:10:10,631 - [ENV] - Episode ended without success at step 2. Final dist: 0.1233m
2026-04-24 14:10:10,632 - [ENV] - --- EPISODE START | Scenario: ASCEND | Start: [0.7225033 0.3694619 0.415    ] | Goal: [0.7225033 0.3694619 0.55     ] | DriftLimit: 0.0350 | FloorLimit: 0.4700 ---
2026-04-24 14:10:10,815 - [ENV] - TERMINATED (Ascend): Tube Drift = 0.0444m (Max 0.0350m) at step 2
2026-04-24 14:10:10,815 - [ENV] - Episode ended without success at step 2. Final dist: 0.1247m
2026-04-24 14:10:10,816 - [ENV] - --- EPISODE START | Scenario: ASCEND | Start: [0.75895165 0.0825299  0.415     ] | Goal: [0.75895165 0.0825299  0.55      ] | DriftLimit: 0.0350 | FloorLimit: 0.4700 ---
2026-04-24 14:10:15,351 - [ENV] - --- EPISODE START | Scenario: ASCEND | Start: [0.66261526 0.28025392 0.415     ] | Goal: [0.66261526 0.28025392 0.55      ] | DriftLimit: 0.0350 | FloorLimit: 0.4700 ---
2026-04-24 14:10:15,642 - [ENV] - TERMINATED (Ascend): Tube Drift = 0.0450m (Max 0.0350m) at step 2
2026-04-24 14:10:15,642 - [ENV] - Episode ended without success at step 2. Final dist: 0.1300m
2026-04-24 14:10:15,643 - [ENV] - --- EPISODE START | Scenario: DESCEND | Start: [0.73050015 0.40177021 0.55      ] | Goal: [0.73050015 0.40177021 0.415     ] | DriftLimit: 0.0350 | FloorLimit: 0.4700 ---
2026-04-24 14:10:15,908 - [ENV] - TERMINATED (Descend): Tube Drift = 0.0354m (Max 0.0350m) at step 7
2026-04-24 14:10:15,908 - [ENV] - Episode ended without success at step 7. Final dist: 0.0359m
2026-04-24 14:10:15,909 - [ENV] - --- EPISODE START | Scenario: ASCEND | Start: [0.94691252 0.24708434 0.415     ] | Goal: [0.94691252 0.24708434 0.55      ] | DriftLimit: 0.0350 | FloorLimit: 0.4700 ---
2026-04-24 14:10:16,072 - [ENV] - TERMINATED (Ascend): Tube Drift = 0.0373m (Max 0.0350m) at step 2
2026-04-24 14:10:16,073 - [ENV] - Episode ended without success at step 2. Final dist: 0.1135m
2026-04-24 14:10:16,073 - [ENV] - --- EPISODE START | Scenario: TRANSIT | Start: [0.79593984 0.17229732 0.55      ] | Goal: [0.86599601 0.32901402 0.55      ] | DriftLimit: 0.0350 | FloorLimit: 0.4700 ---
2026-04-24 14:10:20,388 - [ENV] - --- EPISODE START | Scenario: TRANSIT | Start: [0.88833119 0.49769877 0.55      ] | Goal: [0.78474334 0.28486207 0.55      ] | DriftLimit: 0.0350 | FloorLimit: 0.4700 ---
2026-04-24 14:10:24,943 - [ENV] - --- EPISODE START | Scenario: TRANSIT | Start: [0.66389487 0.03180561 0.55      ] | Goal: [0.72734604 0.30971229 0.55      ] | DriftLimit: 0.0350 | FloorLimit: 0.4700 ---
2026-04-24 14:10:29,204 - [ENV] - --- EPISODE START | Scenario: ASCEND | Start: [1.14036992 0.15306523 0.415     ] | Goal: [1.14036992 0.15306523 0.55      ] | DriftLimit: 0.0350 | FloorLimit: 0.4700 ---
2026-04-24 14:10:33,803 - [ENV] - --- EPISODE START | Scenario: TRANSIT | Start: [ 0.72177892 -0.01334958  0.55      ] | Goal: [0.81756625 0.50399446 0.55      ] | DriftLimit: 0.0350 | FloorLimit: 0.4700 ---
2026-04-24 14:10:38,135 - [ENV] - --- EPISODE START | Scenario: DESCEND | Start: [0.81446202 0.53301769 0.55      ] | Goal: [0.81446202 0.53301769 0.415     ] | DriftLimit: 0.0350 | FloorLimit: 0.4700 ---
2026-04-24 14:10:38,307 - [ENV] - SUCCESS: Goal reached in 5 steps. Dist = 0.0090m
2026-04-24 14:10:38,308 - [ENV] - --- EPISODE START | Scenario: DESCEND | Start: [0.63604106 0.29404054 0.55      ] | Goal: [0.63604106 0.29404054 0.41      ] | DriftLimit: 0.0350 | FloorLimit: 0.4700 ---
2026-04-24 14:10:42,658 - [ENV] - --- EPISODE START | Scenario: DESCEND | Start: [1.12637913 0.29770832 0.55      ] | Goal: [1.12637913 0.29770832 0.415     ] | DriftLimit: 0.0350 | FloorLimit: 0.4700 ---
2026-04-24 14:10:42,842 - [ENV] - SUCCESS: Goal reached in 5 steps. Dist = 0.0079m
2026-04-24 14:10:42,842 - [ENV] - --- EPISODE START | Scenario: TRANSIT | Start: [0.89574356 0.45310006 0.55      ] | Goal: [1.04217424 0.22113174 0.55      ] | DriftLimit: 0.0350 | FloorLimit: 0.4700 ---
2026-04-24 14:10:47,384 - [ENV] - --- EPISODE START | Scenario: DESCEND | Start: [0.64154557 0.21144203 0.55      ] | Goal: [0.64154557 0.21144203 0.41      ] | DriftLimit: 0.0350 | FloorLimit: 0.4700 ---
2026-04-24 14:10:51,626 - [ENV] - --- EPISODE START | Scenario: TRANSIT | Start: [0.9450211  0.54356282 0.55      ] | Goal: [0.73844015 0.38382891 0.55      ] | DriftLimit: 0.0350 | FloorLimit: 0.4700 ---
2026-04-24 14:10:56,309 - [ENV] - --- EPISODE START | Scenario: DESCEND | Start: [0.7741682  0.42700533 0.55      ] | Goal: [0.7741682  0.42700533 0.415     ] | DriftLimit: 0.0350 | FloorLimit: 0.4700 ---
2026-04-24 14:11:01,200 - [ENV] - --- EPISODE START | Scenario: DESCEND | Start: [0.63537373 0.38961248 0.55      ] | Goal: [0.63537373 0.38961248 0.415     ] | DriftLimit: 0.0350 | FloorLimit: 0.4700 ---
2026-04-24 14:11:01,379 - [ENV] - TERMINATED (Descend): Tube Drift = 0.0412m (Max 0.0350m) at step 5
2026-04-24 14:11:01,379 - [ENV] - Episode ended without success at step 5. Final dist: 0.0421m
2026-04-24 14:11:01,380 - [ENV] - --- EPISODE START | Scenario: ASCEND | Start: [1.00897604 0.28561653 0.415     ] | Goal: [1.00897604 0.28561653 0.55      ] | DriftLimit: 0.0350 | FloorLimit: 0.4700 ---
2026-04-24 14:11:01,574 - [ENV] - TERMINATED (Ascend): Tube Drift = 0.0517m (Max 0.0350m) at step 3
2026-04-24 14:11:01,574 - [ENV] - Episode ended without success at step 3. Final dist: 0.1028m
2026-04-24 14:11:01,575 - [ENV] - --- EPISODE START | Scenario: DESCEND | Start: [0.86501714 0.03285183 0.55      ] | Goal: [0.86501714 0.03285183 0.41      ] | DriftLimit: 0.0350 | FloorLimit: 0.4700 ---
2026-04-24 14:11:02,448 - [ENV] - SUCCESS: Goal reached in 35 steps. Dist = 0.0100m
2026-04-24 14:11:02,449 - [ENV] - --- EPISODE START | Scenario: DESCEND | Start: [0.64652584 0.49170217 0.55      ] | Goal: [0.64652584 0.49170217 0.415     ] | DriftLimit: 0.0350 | FloorLimit: 0.4700 ---
2026-04-24 14:11:06,846 - [ENV] - --- EPISODE START | Scenario: DESCEND | Start: [0.66356099 0.16956613 0.55      ] | Goal: [0.66356099 0.16956613 0.415     ] | DriftLimit: 0.0350 | FloorLimit: 0.4700 ---
2026-04-24 14:12:00,368 - [ENV] - --- EPISODE START | Scenario: DESCEND | Start: [1.0984075  0.10206398 0.55      ] | Goal: [1.0984075  0.10206398 0.415     ] | DriftLimit: 0.0350 | FloorLimit: 0.4700 ---
2026-04-24 14:12:00,683 - [ENV] - SUCCESS: Goal reached in 10 steps. Dist = 0.0098m
2026-04-24 14:12:00,684 - [ENV] - --- EPISODE START | Scenario: DESCEND | Start: [0.83775323 0.26301474 0.55      ] | Goal: [0.83775323 0.26301474 0.415     ] | DriftLimit: 0.0350 | FloorLimit: 0.4700 ---
2026-04-24 14:12:05,064 - [ENV] - --- EPISODE START | Scenario: DESCEND | Start: [0.65334838 0.23517789 0.55      ] | Goal: [0.65334838 0.23517789 0.41      ] | DriftLimit: 0.0350 | FloorLimit: 0.4700 ---
2026-04-24 14:12:05,426 - [ENV] - TERMINATED (Descend): Tube Drift = 0.0360m (Max 0.0350m) at step 12
2026-04-24 14:12:05,427 - [ENV] - Episode ended without success at step 12. Final dist: 0.0367m
2026-04-24 14:12:05,427 - [ENV] - --- EPISODE START | Scenario: ASCEND | Start: [1.10355521 0.14573946 0.415     ] | Goal: [1.10355521 0.14573946 0.55      ] | DriftLimit: 0.0350 | FloorLimit: 0.4700 ---
2026-04-24 14:12:09,732 - [ENV] - --- EPISODE START | Scenario: TRANSIT | Start: [0.82210288 0.31901871 0.55      ] | Goal: [0.62014101 0.13807899 0.55      ] | DriftLimit: 0.0350 | FloorLimit: 0.4700 ---
2026-04-24 14:12:14,157 - [ENV] - --- EPISODE START | Scenario: ASCEND | Start: [1.05502425 0.30696508 0.415     ] | Goal: [1.05502425 0.30696508 0.55      ] | DriftLimit: 0.0350 | FloorLimit: 0.4700 ---
2026-04-24 14:12:14,286 - [ENV] - TERMINATED (Ascend): Tube Drift = 0.0409m (Max 0.0350m) at step 2
2026-04-24 14:12:14,286 - [ENV] - Episode ended without success at step 2. Final dist: 0.1086m
2026-04-24 14:12:14,287 - [ENV] - --- EPISODE START | Scenario: DESCEND | Start: [1.02197557 0.11851473 0.55      ] | Goal: [1.02197557 0.11851473 0.41      ] | DriftLimit: 0.0350 | FloorLimit: 0.4700 ---
2026-04-24 14:12:14,691 - [ENV] - SUCCESS: Goal reached in 13 steps. Dist = 0.0099m
2026-04-24 14:12:14,691 - [ENV] - --- EPISODE START | Scenario: ASCEND | Start: [1.04917936 0.44692519 0.415     ] | Goal: [1.04917936 0.44692519 0.55      ] | DriftLimit: 0.0350 | FloorLimit: 0.4700 ---
2026-04-24 14:12:15,068 - [ENV] - SUCCESS: Goal reached in 12 steps. Dist = 0.0082m
2026-04-24 14:12:15,069 - [ENV] - --- EPISODE START | Scenario: DESCEND | Start: [0.69534623 0.41830137 0.55      ] | Goal: [0.69534623 0.41830137 0.415     ] | DriftLimit: 0.0350 | FloorLimit: 0.4700 ---
2026-04-24 14:12:17,012 - [ENV] - TERMINATED (Descend): Tube Drift = 0.0351m (Max 0.0350m) at step 60
2026-04-24 14:12:17,012 - [ENV] - Episode ended without success at step 60. Final dist: 0.0352m
2026-04-24 14:12:17,013 - [ENV] - --- EPISODE START | Scenario: TRANSIT | Start: [0.88938033 0.47455625 0.55      ] | Goal: [0.70101495 0.17699744 0.55      ] | DriftLimit: 0.0350 | FloorLimit: 0.4700 ---
2026-04-24 14:12:21,399 - [ENV] - --- EPISODE START | Scenario: TRANSIT | Start: [0.91977754 0.44806575 0.55      ] | Goal: [0.6655805  0.25017691 0.55      ] | DriftLimit: 0.0350 | FloorLimit: 0.4700 ---
2026-04-24 14:12:25,599 - [ENV] - --- EPISODE START | Scenario: DESCEND | Start: [1.13062047 0.13300536 0.55      ] | Goal: [1.13062047 0.13300536 0.41      ] | DriftLimit: 0.0350 | FloorLimit: 0.4700 ---
2026-04-24 14:12:25,769 - [ENV] - SUCCESS: Goal reached in 4 steps. Dist = 0.0095m
2026-04-24 14:12:25,769 - [ENV] - --- EPISODE START | Scenario: TRANSIT | Start: [0.69165436 0.53068553 0.55      ] | Goal: [0.84632138 0.14320436 0.55      ] | DriftLimit: 0.0350 | FloorLimit: 0.4700 ---
2026-04-24 14:12:30,214 - [ENV] - --- EPISODE START | Scenario: ASCEND | Start: [0.62764068 0.11736676 0.415     ] | Goal: [0.62764068 0.11736676 0.55      ] | DriftLimit: 0.0350 | FloorLimit: 0.4700 ---
2026-04-24 14:12:34,799 - [ENV] - --- EPISODE START | Scenario: DESCEND | Start: [0.94518423 0.34635676 0.55      ] | Goal: [0.94518423 0.34635676 0.415     ] | DriftLimit: 0.0350 | FloorLimit: 0.4700 ---
2026-04-24 14:12:39,129 - [ENV] - --- EPISODE START | Scenario: DESCEND | Start: [0.84437807 0.00569092 0.55      ] | Goal: [0.84437807 0.00569092 0.41      ] | DriftLimit: 0.0350 | FloorLimit: 0.4700 ---
2026-04-24 14:12:43,357 - [ENV] - --- EPISODE START | Scenario: ASCEND | Start: [1.10764259 0.33012642 0.415     ] | Goal: [1.10764259 0.33012642 0.55      ] | DriftLimit: 0.0350 | FloorLimit: 0.4700 ---
2026-04-24 14:12:43,486 - [ENV] - TERMINATED (Ascend): Tube Drift = 0.0392m (Max 0.0350m) at step 2
2026-04-24 14:12:43,487 - [ENV] - Episode ended without success at step 2. Final dist: 0.1056m
2026-04-24 14:12:43,488 - [ENV] - --- EPISODE START | Scenario: DESCEND | Start: [0.7651054  0.09553428 0.55      ] | Goal: [0.7651054  0.09553428 0.41      ] | DriftLimit: 0.0350 | FloorLimit: 0.4700 ---
2026-04-24 14:12:47,695 - [ENV] - --- EPISODE START | Scenario: DESCEND | Start: [1.12847433 0.10479866 0.55      ] | Goal: [1.12847433 0.10479866 0.415     ] | DriftLimit: 0.0350 | FloorLimit: 0.4700 ---
2026-04-24 14:12:47,868 - [ENV] - SUCCESS: Goal reached in 4 steps. Dist = 0.0089m
2026-04-24 14:12:47,868 - [ENV] - --- EPISODE START | Scenario: DESCEND | Start: [1.15794008 0.47042288 0.55      ] | Goal: [1.15794008 0.47042288 0.415     ] | DriftLimit: 0.0350 | FloorLimit: 0.4700 ---
2026-04-24 14:12:48,049 - [ENV] - SUCCESS: Goal reached in 4 steps. Dist = 0.0082m
2026-04-24 14:12:48,049 - [ENV] - --- EPISODE START | Scenario: ASCEND | Start: [1.13663728 0.13180838 0.415     ] | Goal: [1.13663728 0.13180838 0.55      ] | DriftLimit: 0.0350 | FloorLimit: 0.4700 ---
2026-04-24 14:12:52,536 - [ENV] - --- EPISODE START | Scenario: TRANSIT | Start: [0.6231579  0.28368648 0.55      ] | Goal: [1.01058021 0.36265408 0.55      ] | DriftLimit: 0.0350 | FloorLimit: 0.4700 ---
2026-04-24 14:12:56,867 - [ENV] - --- EPISODE START | Scenario: ASCEND | Start: [0.98399318 0.43261104 0.415     ] | Goal: [0.98399318 0.43261104 0.55      ] | DriftLimit: 0.0350 | FloorLimit: 0.4700 ---
2026-04-24 14:12:57,023 - [ENV] - TERMINATED (Ascend): Tube Drift = 0.0398m (Max 0.0350m) at step 2
2026-04-24 14:12:57,024 - [ENV] - Episode ended without success at step 2. Final dist: 0.1070m
2026-04-24 14:12:57,025 - [ENV] - --- EPISODE START | Scenario: TRANSIT | Start: [0.74207734 0.4344837  0.55      ] | Goal: [0.66039321 0.27247921 0.55      ] | DriftLimit: 0.0350 | FloorLimit: 0.4700 ---
2026-04-24 14:13:01,721 - [ENV] - --- EPISODE START | Scenario: TRANSIT | Start: [1.12868664 0.54244114 0.55      ] | Goal: [0.67129273 0.22869946 0.55      ] | DriftLimit: 0.0350 | FloorLimit: 0.4700 ---
2026-04-24 14:14:02,986 - [ENV] - --- EPISODE START | Scenario: DESCEND | Start: [1.13941079 0.00684661 0.55      ] | Goal: [1.13941079 0.00684661 0.41      ] | DriftLimit: 0.0350 | FloorLimit: 0.4700 ---
2026-04-24 14:14:07,099 - [ENV] - --- EPISODE START | Scenario: TRANSIT | Start: [0.72656922 0.4287687  0.55      ] | Goal: [0.90698299 0.45524533 0.55      ] | DriftLimit: 0.0350 | FloorLimit: 0.4700 ---
2026-04-24 14:14:11,449 - [ENV] - --- EPISODE START | Scenario: TRANSIT | Start: [0.7974974  0.53087412 0.55      ] | Goal: [0.66780642 0.2203981  0.55      ] | DriftLimit: 0.0350 | FloorLimit: 0.4700 ---
2026-04-24 14:14:15,957 - [ENV] - --- EPISODE START | Scenario: ASCEND | Start: [0.86524788 0.14934241 0.415     ] | Goal: [0.86524788 0.14934241 0.55      ] | DriftLimit: 0.0350 | FloorLimit: 0.4700 ---
2026-04-24 14:14:16,112 - [ENV] - TERMINATED (Ascend): Tube Drift = 0.0354m (Max 0.0350m) at step 2
2026-04-24 14:14:16,113 - [ENV] - Episode ended without success at step 2. Final dist: 0.1195m
2026-04-24 14:14:16,113 - [ENV] - --- EPISODE START | Scenario: ASCEND | Start: [0.67339025 0.48255048 0.415     ] | Goal: [0.67339025 0.48255048 0.55      ] | DriftLimit: 0.0350 | FloorLimit: 0.4700 ---
2026-04-24 14:14:16,250 - [ENV] - TERMINATED (Ascend): Tube Drift = 0.0472m (Max 0.0350m) at step 2
2026-04-24 14:14:16,250 - [ENV] - Episode ended without success at step 2. Final dist: 0.1221m
2026-04-24 14:14:16,251 - [ENV] - --- EPISODE START | Scenario: ASCEND | Start: [1.02161232 0.34851997 0.415     ] | Goal: [1.02161232 0.34851997 0.55      ] | DriftLimit: 0.0350 | FloorLimit: 0.4700 ---
2026-04-24 14:14:16,397 - [ENV] - TERMINATED (Ascend): Tube Drift = 0.0381m (Max 0.0350m) at step 2
2026-04-24 14:14:16,398 - [ENV] - Episode ended without success at step 2. Final dist: 0.1069m
2026-04-24 14:14:16,399 - [ENV] - --- EPISODE START | Scenario: ASCEND | Start: [1.13702092 0.0587824  0.415     ] | Goal: [1.13702092 0.0587824  0.55      ] | DriftLimit: 0.0350 | FloorLimit: 0.4700 ---
2026-04-24 14:14:16,987 - [ENV] - TERMINATED (Ascend): Tube Drift = 0.0356m (Max 0.0350m) at step 21
2026-04-24 14:14:16,988 - [ENV] - Episode ended without success at step 21. Final dist: 0.0524m
2026-04-24 14:14:16,989 - [ENV] - --- EPISODE START | Scenario: TRANSIT | Start: [0.75570988 0.01773621 0.55      ] | Goal: [1.10340319 0.2906763  0.55      ] | DriftLimit: 0.0350 | FloorLimit: 0.4700 ---
2026-04-24 14:14:21,562 - [ENV] - --- EPISODE START | Scenario: TRANSIT | Start: [0.99202018 0.1536852  0.55      ] | Goal: [0.99947933 0.46396596 0.55      ] | DriftLimit: 0.0350 | FloorLimit: 0.4700 ---
2026-04-24 14:14:25,867 - [ENV] - --- EPISODE START | Scenario: DESCEND | Start: [0.83913441 0.52813081 0.55      ] | Goal: [0.83913441 0.52813081 0.415     ] | DriftLimit: 0.0350 | FloorLimit: 0.4700 ---
2026-04-24 14:14:30,359 - [ENV] - --- EPISODE START | Scenario: ASCEND | Start: [0.96890655 0.52551803 0.415     ] | Goal: [0.96890655 0.52551803 0.55      ] | DriftLimit: 0.0350 | FloorLimit: 0.4700 ---
2026-04-24 14:14:30,479 - [ENV] - TERMINATED (Ascend): Tube Drift = 0.0394m (Max 0.0350m) at step 2
2026-04-24 14:14:30,480 - [ENV] - Episode ended without success at step 2. Final dist: 0.1053m
2026-04-24 14:14:30,481 - [ENV] - --- EPISODE START | Scenario: TRANSIT | Start: [0.82639032 0.0932452  0.55      ] | Goal: [ 0.81505637 -0.01493832  0.55      ] | DriftLimit: 0.0350 | FloorLimit: 0.4700 ---
2026-04-24 14:14:34,817 - [ENV] - --- EPISODE START | Scenario: TRANSIT | Start: [0.97307358 0.53039337 0.55      ] | Goal: [0.75440332 0.07598635 0.55      ] | DriftLimit: 0.0350 | FloorLimit: 0.4700 ---
2026-04-24 14:14:39,314 - [ENV] - --- EPISODE START | Scenario: TRANSIT | Start: [1.10431548 0.39863781 0.55      ] | Goal: [0.64772693 0.33348685 0.55      ] | DriftLimit: 0.0350 | FloorLimit: 0.4700 ---
2026-04-24 14:14:43,676 - [ENV] - --- EPISODE START | Scenario: ASCEND | Start: [0.99608943 0.51571305 0.415     ] | Goal: [0.99608943 0.51571305 0.55      ] | DriftLimit: 0.0350 | FloorLimit: 0.4700 ---
2026-04-24 14:14:43,804 - [ENV] - TERMINATED (Ascend): Tube Drift = 0.0385m (Max 0.0350m) at step 2
2026-04-24 14:14:43,805 - [ENV] - Episode ended without success at step 2. Final dist: 0.1049m
2026-04-24 14:14:43,806 - [ENV] - --- EPISODE START | Scenario: ASCEND | Start: [0.87355702 0.30830593 0.415     ] | Goal: [0.87355702 0.30830593 0.55      ] | DriftLimit: 0.0350 | FloorLimit: 0.4700 ---
2026-04-24 14:14:48,035 - [ENV] - --- EPISODE START | Scenario: TRANSIT | Start: [0.88822912 0.09280054 0.55      ] | Goal: [0.68011561 0.13319278 0.55      ] | DriftLimit: 0.0350 | FloorLimit: 0.4700 ---
2026-04-24 14:14:48,738 - [ENV] - SUCCESS: Goal reached in 24 steps. Dist = 0.0202m
2026-04-24 14:14:48,738 - [ENV] - --- EPISODE START | Scenario: ASCEND | Start: [0.71568742 0.13992182 0.415     ] | Goal: [0.71568742 0.13992182 0.55      ] | DriftLimit: 0.0350 | FloorLimit: 0.4700 ---
2026-04-24 14:14:53,383 - [ENV] - --- EPISODE START | Scenario: ASCEND | Start: [0.6291187  0.35431046 0.415     ] | Goal: [0.6291187  0.35431046 0.55      ] | DriftLimit: 0.0350 | FloorLimit: 0.4700 ---
2026-04-24 14:14:53,652 - [ENV] - TERMINATED (Ascend): Tube Drift = 0.0509m (Max 0.0350m) at step 2
2026-04-24 14:14:53,652 - [ENV] - Episode ended without success at step 2. Final dist: 0.1293m
2026-04-24 14:14:53,653 - [ENV] - --- EPISODE START | Scenario: TRANSIT | Start: [1.04456182 0.05596814 0.55      ] | Goal: [0.6303806  0.49241407 0.55      ] | DriftLimit: 0.0350 | FloorLimit: 0.4700 ---
2026-04-24 14:14:57,965 - [ENV] - --- EPISODE START | Scenario: TRANSIT | Start: [1.12563415 0.02093378 0.55      ] | Goal: [1.0722679  0.39097955 0.55      ] | DriftLimit: 0.0350 | FloorLimit: 0.4700 ---
2026-04-24 14:15:02,531 - [ENV] - --- EPISODE START | Scenario: TRANSIT | Start: [0.88219795 0.11936216 0.55      ] | Goal: [0.66757574 0.43083762 0.55      ] | DriftLimit: 0.0350 | FloorLimit: 0.4700 ---
2026-04-24 14:16:08,521 - [ENV] - --- EPISODE START | Scenario: ASCEND | Start: [1.08921185 0.09893808 0.415     ] | Goal: [1.08921185 0.09893808 0.55      ] | DriftLimit: 0.0350 | FloorLimit: 0.4700 ---
2026-04-24 14:16:08,657 - [ENV] - TERMINATED (Ascend): Tube Drift = 0.0560m (Max 0.0350m) at step 2
2026-04-24 14:16:08,657 - [ENV] - Episode ended without success at step 2. Final dist: 0.1281m
2026-04-24 14:16:08,659 - [ENV] - --- EPISODE START | Scenario: TRANSIT | Start: [0.90632929 0.32712668 0.55      ] | Goal: [1.14165601 0.53741396 0.55      ] | DriftLimit: 0.0350 | FloorLimit: 0.4700 ---
2026-04-24 14:16:13,197 - [ENV] - --- EPISODE START | Scenario: ASCEND | Start: [1.02750718 0.36366745 0.415     ] | Goal: [1.02750718 0.36366745 0.55      ] | DriftLimit: 0.0350 | FloorLimit: 0.4700 ---
2026-04-24 14:16:17,486 - [ENV] - --- EPISODE START | Scenario: TRANSIT | Start: [0.92337391 0.32333467 0.55      ] | Goal: [0.61449368 0.28908415 0.55      ] | DriftLimit: 0.0350 | FloorLimit: 0.4700 ---
2026-04-24 14:16:21,861 - [ENV] - --- EPISODE START | Scenario: ASCEND | Start: [1.11717128 0.00574264 0.415     ] | Goal: [1.11717128 0.00574264 0.55      ] | DriftLimit: 0.0350 | FloorLimit: 0.4700 ---
2026-04-24 14:16:21,971 - [ENV] - TERMINATED (Ascend): Tube Drift = 0.0555m (Max 0.0350m) at step 2
2026-04-24 14:16:21,971 - [ENV] - Episode ended without success at step 2. Final dist: 0.1376m
2026-04-24 14:16:21,972 - [ENV] - --- EPISODE START | Scenario: DESCEND | Start: [1.05162664 0.11296646 0.55      ] | Goal: [1.05162664 0.11296646 0.41      ] | DriftLimit: 0.0350 | FloorLimit: 0.4700 ---
2026-04-24 14:16:22,358 - [ENV] - SUCCESS: Goal reached in 9 steps. Dist = 0.0098m
2026-04-24 14:16:22,359 - [ENV] - --- EPISODE START | Scenario: ASCEND | Start: [1.05783962 0.45452529 0.415     ] | Goal: [1.05783962 0.45452529 0.55      ] | DriftLimit: 0.0350 | FloorLimit: 0.4700 ---
2026-04-24 14:16:22,587 - [ENV] - TERMINATED (Ascend): Tube Drift = 0.0564m (Max 0.0350m) at step 3
2026-04-24 14:16:22,587 - [ENV] - Episode ended without success at step 3. Final dist: 0.0963m
2026-04-24 14:16:22,588 - [ENV] - --- EPISODE START | Scenario: TRANSIT | Start: [0.91211727 0.42155161 0.55      ] | Goal: [1.07975019 0.46637304 0.55      ] | DriftLimit: 0.0350 | FloorLimit: 0.4700 ---
2026-04-24 14:16:26,985 - [ENV] - --- EPISODE START | Scenario: TRANSIT | Start: [1.05594914 0.39820213 0.55      ] | Goal: [0.88075758 0.51738718 0.55      ] | DriftLimit: 0.0350 | FloorLimit: 0.4700 ---
2026-04-24 14:16:31,609 - [ENV] - --- EPISODE START | Scenario: TRANSIT | Start: [1.02457962 0.45803147 0.55      ] | Goal: [1.13935669 0.2399921  0.55      ] | DriftLimit: 0.0350 | FloorLimit: 0.4700 ---
2026-04-24 14:16:36,203 - [ENV] - --- EPISODE START | Scenario: ASCEND | Start: [0.91222793 0.10908473 0.415     ] | Goal: [0.91222793 0.10908473 0.55      ] | DriftLimit: 0.0350 | FloorLimit: 0.4700 ---
2026-04-24 14:16:36,336 - [ENV] - TERMINATED (Ascend): Tube Drift = 0.0574m (Max 0.0350m) at step 2
2026-04-24 14:16:36,337 - [ENV] - Episode ended without success at step 2. Final dist: 0.1349m
2026-04-24 14:16:36,338 - [ENV] - --- EPISODE START | Scenario: ASCEND | Start: [0.88408401 0.37476751 0.415     ] | Goal: [0.88408401 0.37476751 0.55      ] | DriftLimit: 0.0350 | FloorLimit: 0.4700 ---
2026-04-24 14:16:36,506 - [ENV] - TERMINATED (Ascend): Tube Drift = 0.0398m (Max 0.0350m) at step 2
2026-04-24 14:16:36,506 - [ENV] - Episode ended without success at step 2. Final dist: 0.1106m
2026-04-24 14:16:36,507 - [ENV] - --- EPISODE START | Scenario: DESCEND | Start: [0.8386248  0.03327573 0.55      ] | Goal: [0.8386248  0.03327573 0.41      ] | DriftLimit: 0.0350 | FloorLimit: 0.4700 ---
2026-04-24 14:16:36,934 - [ENV] - SUCCESS: Goal reached in 18 steps. Dist = 0.0099m
2026-04-24 14:16:36,935 - [ENV] - --- EPISODE START | Scenario: ASCEND | Start: [0.75118373 0.03457112 0.415     ] | Goal: [0.75118373 0.03457112 0.55      ] | DriftLimit: 0.0350 | FloorLimit: 0.4700 ---
2026-04-24 14:16:37,072 - [ENV] - TERMINATED (Ascend): Tube Drift = 0.0434m (Max 0.0350m) at step 3
2026-04-24 14:16:37,072 - [ENV] - Episode ended without success at step 3. Final dist: 0.1272m
2026-04-24 14:16:37,073 - [ENV] - --- EPISODE START | Scenario: DESCEND | Start: [1.14400857 0.16166864 0.55      ] | Goal: [1.14400857 0.16166864 0.41      ] | DriftLimit: 0.0350 | FloorLimit: 0.4700 ---
2026-04-24 14:16:37,233 - [ENV] - SUCCESS: Goal reached in 5 steps. Dist = 0.0093m
2026-04-24 14:16:37,234 - [ENV] - --- EPISODE START | Scenario: DESCEND | Start: [0.61821726 0.1649226  0.55      ] | Goal: [0.61821726 0.1649226  0.41      ] | DriftLimit: 0.0350 | FloorLimit: 0.4700 ---
2026-04-24 14:16:41,564 - [ENV] - --- EPISODE START | Scenario: TRANSIT | Start: [0.88788055 0.01521247 0.55      ] | Goal: [0.72349877 0.28494909 0.55      ] | DriftLimit: 0.0350 | FloorLimit: 0.4700 ---
2026-04-24 14:16:45,774 - [ENV] - --- EPISODE START | Scenario: ASCEND | Start: [0.98306982 0.0274685  0.415     ] | Goal: [0.98306982 0.0274685  0.55      ] | DriftLimit: 0.0350 | FloorLimit: 0.4700 ---
2026-04-24 14:16:45,882 - [ENV] - TERMINATED (Ascend): Tube Drift = 0.0588m (Max 0.0350m) at step 2
2026-04-24 14:16:45,883 - [ENV] - Episode ended without success at step 2. Final dist: 0.1394m
2026-04-24 14:16:45,883 - [ENV] - --- EPISODE START | Scenario: TRANSIT | Start: [0.76724835 0.03456984 0.55      ] | Goal: [0.72975387 0.52667298 0.55      ] | DriftLimit: 0.0350 | FloorLimit: 0.4700 ---
2026-04-24 14:16:50,213 - [ENV] - --- EPISODE START | Scenario: TRANSIT | Start: [0.77437241 0.5160437  0.55      ] | Goal: [0.81808349 0.1222951  0.55      ] | DriftLimit: 0.0350 | FloorLimit: 0.4700 ---
2026-04-24 14:16:50,944 - [ENV] - SUCCESS: Goal reached in 24 steps. Dist = 0.0077m
2026-04-24 14:16:50,945 - [ENV] - --- EPISODE START | Scenario: ASCEND | Start: [0.79583738 0.12458778 0.415     ] | Goal: [0.79583738 0.12458778 0.55      ] | DriftLimit: 0.0350 | FloorLimit: 0.4700 ---
2026-04-24 14:16:55,215 - [ENV] - --- EPISODE START | Scenario: DESCEND | Start: [1.1490018 0.3772572 0.55     ] | Goal: [1.1490018 0.3772572 0.41     ] | DriftLimit: 0.0350 | FloorLimit: 0.4700 ---
2026-04-24 14:16:57,550 - [ENV] - TERMINATED (Descend): Tube Drift = 0.0351m (Max 0.0350m) at step 90
2026-04-24 14:16:57,550 - [ENV] - Episode ended without success at step 90. Final dist: 0.0360m
2026-04-24 14:16:57,551 - [ENV] - --- EPISODE START | Scenario: TRANSIT | Start: [0.73162944 0.38967035 0.55      ] | Goal: [0.85743111 0.43689247 0.55      ] | DriftLimit: 0.0350 | FloorLimit: 0.4700 ---
2026-04-24 14:17:01,784 - [ENV] - --- EPISODE START | Scenario: ASCEND | Start: [0.88457561 0.30795454 0.415     ] | Goal: [0.88457561 0.30795454 0.55      ] | DriftLimit: 0.0350 | FloorLimit: 0.4700 ---
2026-04-24 14:17:05,967 - [ENV] - --- EPISODE START | Scenario: DESCEND | Start: [1.15619012 0.39772279 0.55      ] | Goal: [1.15619012 0.39772279 0.41      ] | DriftLimit: 0.0350 | FloorLimit: 0.4700 ---
2026-04-24 14:17:07,877 - [ENV] - TERMINATED (Descend): Tube Drift = 0.0351m (Max 0.0350m) at step 51
2026-04-24 14:17:07,877 - [ENV] - Episode ended without success at step 51. Final dist: 0.0360m
2026-04-24 14:17:07,878 - [ENV] - --- EPISODE START | Scenario: DESCEND | Start: [0.84412387 0.504107   0.55      ] | Goal: [0.84412387 0.504107   0.41      ] | DriftLimit: 0.0350 | FloorLimit: 0.4700 ---
2026-04-24 14:18:05,826 - [ENV] - --- EPISODE START | Scenario: ASCEND | Start: [1.07624087 0.42518383 0.415     ] | Goal: [1.07624087 0.42518383 0.55      ] | DriftLimit: 0.0350 | FloorLimit: 0.4700 ---
2026-04-24 14:18:06,023 - [ENV] - TERMINATED (Ascend): Tube Drift = 0.0436m (Max 0.0350m) at step 3
2026-04-24 14:18:06,023 - [ENV] - Episode ended without success at step 3. Final dist: 0.0911m
2026-04-24 14:18:06,024 - [ENV] - --- EPISODE START | Scenario: ASCEND | Start: [1.01299784 0.24995419 0.415     ] | Goal: [1.01299784 0.24995419 0.55      ] | DriftLimit: 0.0350 | FloorLimit: 0.4700 ---
2026-04-24 14:18:06,213 - [ENV] - TERMINATED (Ascend): Tube Drift = 0.0499m (Max 0.0350m) at step 3
2026-04-24 14:18:06,214 - [ENV] - Episode ended without success at step 3. Final dist: 0.0997m
2026-04-24 14:18:06,214 - [ENV] - --- EPISODE START | Scenario: TRANSIT | Start: [0.65467872 0.52162682 0.55      ] | Goal: [0.78471655 0.17808915 0.55      ] | DriftLimit: 0.0350 | FloorLimit: 0.4700 ---
2026-04-24 14:18:10,750 - [ENV] - --- EPISODE START | Scenario: DESCEND | Start: [0.91164874 0.19461011 0.55      ] | Goal: [0.91164874 0.19461011 0.415     ] | DriftLimit: 0.0350 | FloorLimit: 0.4700 ---
2026-04-24 14:18:10,911 - [ENV] - SUCCESS: Goal reached in 3 steps. Dist = 0.0081m
2026-04-24 14:18:10,912 - [ENV] - --- EPISODE START | Scenario: DESCEND | Start: [0.60927886 0.46630255 0.55      ] | Goal: [0.60927886 0.46630255 0.41      ] | DriftLimit: 0.0350 | FloorLimit: 0.4700 ---
2026-04-24 14:18:15,282 - [ENV] - --- EPISODE START | Scenario: DESCEND | Start: [0.66212434 0.38272899 0.55      ] | Goal: [0.66212434 0.38272899 0.41      ] | DriftLimit: 0.0350 | FloorLimit: 0.4700 ---
2026-04-24 14:18:15,582 - [ENV] - TERMINATED (Descend): Tube Drift = 0.0389m (Max 0.0350m) at step 6
2026-04-24 14:18:15,582 - [ENV] - Episode ended without success at step 6. Final dist: 0.0412m
2026-04-24 14:18:15,583 - [ENV] - --- EPISODE START | Scenario: TRANSIT | Start: [1.00003501 0.03916667 0.55      ] | Goal: [0.80240697 0.49160025 0.55      ] | DriftLimit: 0.0350 | FloorLimit: 0.4700 ---
2026-04-24 14:18:19,777 - [ENV] - --- EPISODE START | Scenario: ASCEND | Start: [0.86906213 0.46258574 0.415     ] | Goal: [0.86906213 0.46258574 0.55      ] | DriftLimit: 0.0350 | FloorLimit: 0.4700 ---
2026-04-24 14:18:19,936 - [ENV] - TERMINATED (Ascend): Tube Drift = 0.0451m (Max 0.0350m) at step 3
2026-04-24 14:18:19,937 - [ENV] - Episode ended without success at step 3. Final dist: 0.0967m
2026-04-24 14:18:19,937 - [ENV] - --- EPISODE START | Scenario: ASCEND | Start: [0.61987446 0.4919935  0.415     ] | Goal: [0.61987446 0.4919935  0.55      ] | DriftLimit: 0.0350 | FloorLimit: 0.4700 ---
2026-04-24 14:18:24,711 - [ENV] - --- EPISODE START | Scenario: DESCEND | Start: [0.78839026 0.50431859 0.55      ] | Goal: [0.78839026 0.50431859 0.41      ] | DriftLimit: 0.0350 | FloorLimit: 0.4700 ---
2026-04-24 14:18:28,934 - [ENV] - --- EPISODE START | Scenario: DESCEND | Start: [1.08151908 0.04757097 0.55      ] | Goal: [1.08151908 0.04757097 0.415     ] | DriftLimit: 0.0350 | FloorLimit: 0.4700 ---
2026-04-24 14:18:33,370 - [ENV] - --- EPISODE START | Scenario: DESCEND | Start: [1.0112373 0.1834677 0.55     ] | Goal: [1.0112373 0.1834677 0.41     ] | DriftLimit: 0.0350 | FloorLimit: 0.4700 ---
2026-04-24 14:18:38,164 - [ENV] - --- EPISODE START | Scenario: TRANSIT | Start: [1.06460645 0.22642168 0.55      ] | Goal: [0.83836448 0.41682763 0.55      ] | DriftLimit: 0.0350 | FloorLimit: 0.4700 ---
2026-04-24 14:18:42,931 - [ENV] - --- EPISODE START | Scenario: ASCEND | Start: [0.97902922 0.36689923 0.415     ] | Goal: [0.97902922 0.36689923 0.55      ] | DriftLimit: 0.0350 | FloorLimit: 0.4700 ---
2026-04-24 14:18:47,247 - [ENV] - --- EPISODE START | Scenario: TRANSIT | Start: [0.96745046 0.09575829 0.55      ] | Goal: [1.04685213 0.33503474 0.55      ] | DriftLimit: 0.0350 | FloorLimit: 0.4700 ---
2026-04-24 14:18:51,520 - [ENV] - --- EPISODE START | Scenario: TRANSIT | Start: [0.72264225 0.17151329 0.55      ] | Goal: [1.11381831 0.53226298 0.55      ] | DriftLimit: 0.0350 | FloorLimit: 0.4700 ---
2026-04-24 14:18:55,737 - [ENV] - --- EPISODE START | Scenario: ASCEND | Start: [1.06969213 0.45810829 0.415     ] | Goal: [1.06969213 0.45810829 0.55      ] | DriftLimit: 0.0350 | FloorLimit: 0.4700 ---
2026-04-24 14:18:55,894 - [ENV] - TERMINATED (Ascend): Tube Drift = 0.0419m (Max 0.0350m) at step 3
2026-04-24 14:18:55,895 - [ENV] - Episode ended without success at step 3. Final dist: 0.0908m
2026-04-24 14:18:55,895 - [ENV] - --- EPISODE START | Scenario: ASCEND | Start: [0.89788594 0.49355431 0.415     ] | Goal: [0.89788594 0.49355431 0.55      ] | DriftLimit: 0.0350 | FloorLimit: 0.4700 ---
2026-04-24 14:18:56,285 - [ENV] - SUCCESS: Goal reached in 9 steps. Dist = 0.0095m
2026-04-24 14:18:56,286 - [ENV] - --- EPISODE START | Scenario: DESCEND | Start: [1.13478498 0.12033895 0.55      ] | Goal: [1.13478498 0.12033895 0.415     ] | DriftLimit: 0.0350 | FloorLimit: 0.4700 ---
2026-04-24 14:18:56,467 - [ENV] - SUCCESS: Goal reached in 4 steps. Dist = 0.0093m
2026-04-24 14:18:56,468 - [ENV] - --- EPISODE START | Scenario: ASCEND | Start: [1.12605335 0.43143672 0.415     ] | Goal: [1.12605335 0.43143672 0.55      ] | DriftLimit: 0.0350 | FloorLimit: 0.4700 ---
2026-04-24 14:19:00,713 - [ENV] - --- EPISODE START | Scenario: TRANSIT | Start: [1.14506184 0.46671444 0.55      ] | Goal: [0.90876807 0.15534887 0.55      ] | DriftLimit: 0.0350 | FloorLimit: 0.4700 ---
2026-04-24 14:19:04,945 - [ENV] - --- EPISODE START | Scenario: DESCEND | Start: [0.8924091  0.39683219 0.55      ] | Goal: [0.8924091  0.39683219 0.41      ] | DriftLimit: 0.0350 | FloorLimit: 0.4700 ---
2026-04-24 14:20:09,443 - [ENV] - --- EPISODE START | Scenario: DESCEND | Start: [0.99830084 0.03417995 0.55      ] | Goal: [0.99830084 0.03417995 0.41      ] | DriftLimit: 0.0350 | FloorLimit: 0.4700 ---
2026-04-24 14:20:10,005 - [ENV] - SUCCESS: Goal reached in 19 steps. Dist = 0.0099m
2026-04-24 14:20:10,005 - [ENV] - --- EPISODE START | Scenario: TRANSIT | Start: [0.87075398 0.37206491 0.55      ] | Goal: [1.15597004 0.27653587 0.55      ] | DriftLimit: 0.0350 | FloorLimit: 0.4700 ---
2026-04-24 14:20:14,377 - [ENV] - --- EPISODE START | Scenario: DESCEND | Start: [1.07061334 0.3048587  0.55      ] | Goal: [1.07061334 0.3048587  0.41      ] | DriftLimit: 0.0350 | FloorLimit: 0.4700 ---
2026-04-24 14:20:19,106 - [ENV] - --- EPISODE START | Scenario: ASCEND | Start: [0.97345142 0.02540587 0.415     ] | Goal: [0.97345142 0.02540587 0.55      ] | DriftLimit: 0.0350 | FloorLimit: 0.4700 ---
2026-04-24 14:20:19,659 - [ENV] - TERMINATED (Ascend): Tube Drift = 0.0362m (Max 0.0350m) at step 14
2026-04-24 14:20:19,659 - [ENV] - Episode ended without success at step 14. Final dist: 0.0522m
2026-04-24 14:20:19,660 - [ENV] - --- EPISODE START | Scenario: TRANSIT | Start: [1.13869943 0.52496695 0.55      ] | Goal: [0.77924469 0.17833007 0.55      ] | DriftLimit: 0.0350 | FloorLimit: 0.4700 ---
2026-04-24 14:20:24,556 - [ENV] - --- EPISODE START | Scenario: ASCEND | Start: [0.99900873 0.23807423 0.415     ] | Goal: [0.99900873 0.23807423 0.55      ] | DriftLimit: 0.0350 | FloorLimit: 0.4700 ---
2026-04-24 14:20:24,697 - [ENV] - TERMINATED (Ascend): Tube Drift = 0.0371m (Max 0.0350m) at step 2
2026-04-24 14:20:24,697 - [ENV] - Episode ended without success at step 2. Final dist: 0.1145m
2026-04-24 14:20:24,697 - [ENV] - --- EPISODE START | Scenario: DESCEND | Start: [ 0.97111672 -0.0094246   0.55      ] | Goal: [ 0.97111672 -0.0094246   0.415     ] | DriftLimit: 0.0350 | FloorLimit: 0.4700 ---
2026-04-24 14:20:28,769 - [ENV] - --- EPISODE START | Scenario: TRANSIT | Start: [1.02167086 0.53921975 0.55      ] | Goal: [0.62409725 0.02718048 0.55      ] | DriftLimit: 0.0350 | FloorLimit: 0.4700 ---
2026-04-24 14:20:29,320 - [ENV] - SUCCESS: Goal reached in 21 steps. Dist = 0.0139m
2026-04-24 14:20:29,321 - [ENV] - --- EPISODE START | Scenario: ASCEND | Start: [0.90155946 0.28542168 0.415     ] | Goal: [0.90155946 0.28542168 0.55      ] | DriftLimit: 0.0350 | FloorLimit: 0.4700 ---
2026-04-24 14:20:29,480 - [ENV] - TERMINATED (Ascend): Tube Drift = 0.0394m (Max 0.0350m) at step 2
2026-04-24 14:20:29,481 - [ENV] - Episode ended without success at step 2. Final dist: 0.1152m
2026-04-24 14:20:29,482 - [ENV] - --- EPISODE START | Scenario: DESCEND | Start: [1.02478946 0.16690302 0.55      ] | Goal: [1.02478946 0.16690302 0.41      ] | DriftLimit: 0.0350 | FloorLimit: 0.4700 ---
2026-04-24 14:20:29,741 - [ENV] - SUCCESS: Goal reached in 8 steps. Dist = 0.0095m
2026-04-24 14:20:29,742 - [ENV] - --- EPISODE START | Scenario: ASCEND | Start: [1.14501062 0.48848044 0.415     ] | Goal: [1.14501062 0.48848044 0.55      ] | DriftLimit: 0.0350 | FloorLimit: 0.4700 ---
2026-04-24 14:20:30,370 - [ENV] - TERMINATED (Ascend): Tube Drift = 0.0373m (Max 0.0350m) at step 22
2026-04-24 14:20:30,370 - [ENV] - Episode ended without success at step 22. Final dist: 0.0572m
2026-04-24 14:20:30,370 - [ENV] - --- EPISODE START | Scenario: DESCEND | Start: [0.85936325 0.04812673 0.55      ] | Goal: [0.85936325 0.04812673 0.415     ] | DriftLimit: 0.0350 | FloorLimit: 0.4700 ---
2026-04-24 14:20:31,364 - [ENV] - SUCCESS: Goal reached in 23 steps. Dist = 0.0098m
2026-04-24 14:20:31,364 - [ENV] - --- EPISODE START | Scenario: ASCEND | Start: [1.01957907 0.01863276 0.415     ] | Goal: [1.01957907 0.01863276 0.55      ] | DriftLimit: 0.0350 | FloorLimit: 0.4700 ---
2026-04-24 14:20:31,489 - [ENV] - TERMINATED (Ascend): Tube Drift = 0.0709m (Max 0.0350m) at step 2
2026-04-24 14:20:31,490 - [ENV] - Episode ended without success at step 2. Final dist: 0.1393m
2026-04-24 14:20:31,491 - [ENV] - --- EPISODE START | Scenario: DESCEND | Start: [0.61983215 0.14166434 0.55      ] | Goal: [0.61983215 0.14166434 0.415     ] | DriftLimit: 0.0350 | FloorLimit: 0.4700 ---
2026-04-24 14:20:36,033 - [ENV] - --- EPISODE START | Scenario: TRANSIT | Start: [0.93942378 0.10532798 0.55      ] | Goal: [0.79510589 0.13695369 0.55      ] | DriftLimit: 0.0350 | FloorLimit: 0.4700 ---
2026-04-24 14:20:40,907 - [ENV] - --- EPISODE START | Scenario: DESCEND | Start: [1.11000868 0.53446897 0.55      ] | Goal: [1.11000868 0.53446897 0.415     ] | DriftLimit: 0.0350 | FloorLimit: 0.4700 ---
2026-04-24 14:20:41,066 - [ENV] - SUCCESS: Goal reached in 4 steps. Dist = 0.0093m
2026-04-24 14:20:41,067 - [ENV] - --- EPISODE START | Scenario: DESCEND | Start: [ 0.89891185 -0.00923764  0.55      ] | Goal: [ 0.89891185 -0.00923764  0.41      ] | DriftLimit: 0.0350 | FloorLimit: 0.4700 ---
2026-04-24 14:20:41,304 - [ENV] - SUCCESS: Goal reached in 10 steps. Dist = 0.0095m
2026-04-24 14:20:41,305 - [ENV] - --- EPISODE START | Scenario: TRANSIT | Start: [0.73689642 0.33876093 0.55      ] | Goal: [1.14188705 0.26784631 0.55      ] | DriftLimit: 0.0350 | FloorLimit: 0.4700 ---
2026-04-24 14:20:45,740 - [ENV] - --- EPISODE START | Scenario: TRANSIT | Start: [1.040653   0.09646366 0.55      ] | Goal: [ 1.12642967 -0.01308595  0.55      ] | DriftLimit: 0.0350 | FloorLimit: 0.4700 ---
2026-04-24 14:20:50,063 - [ENV] - --- EPISODE START | Scenario: ASCEND | Start: [1.11917165 0.01441606 0.415     ] | Goal: [1.11917165 0.01441606 0.55      ] | DriftLimit: 0.0350 | FloorLimit: 0.4700 ---
2026-04-24 14:20:54,347 - [ENV] - --- EPISODE START | Scenario: DESCEND | Start: [0.97047916 0.32361916 0.55      ] | Goal: [0.97047916 0.32361916 0.415     ] | DriftLimit: 0.0350 | FloorLimit: 0.4700 ---
2026-04-24 14:20:59,019 - [ENV] - --- EPISODE START | Scenario: ASCEND | Start: [0.71585129 0.00862999 0.415     ] | Goal: [0.71585129 0.00862999 0.55      ] | DriftLimit: 0.0350 | FloorLimit: 0.4700 ---
2026-04-24 14:21:03,207 - [ENV] - --- EPISODE START | Scenario: TRANSIT | Start: [0.96995209 0.52989455 0.55      ] | Goal: [0.78254747 0.15122688 0.55      ] | DriftLimit: 0.0350 | FloorLimit: 0.4700 ---
2026-04-24 14:21:08,049 - [ENV] - --- EPISODE START | Scenario: TRANSIT | Start: [1.04209619 0.10730163 0.55      ] | Goal: [0.72191836 0.50847235 0.55      ] | DriftLimit: 0.0350 | FloorLimit: 0.4700 ---
2026-04-24 14:22:14,421 - [ENV] - --- EPISODE START | Scenario: ASCEND | Start: [0.80424107 0.51834306 0.415     ] | Goal: [0.80424107 0.51834306 0.55      ] | DriftLimit: 0.0350 | FloorLimit: 0.4700 ---
2026-04-24 14:22:14,579 - [ENV] - TERMINATED (Ascend): Tube Drift = 0.0506m (Max 0.0350m) at step 3
2026-04-24 14:22:14,579 - [ENV] - Episode ended without success at step 3. Final dist: 0.1000m
2026-04-24 14:22:14,580 - [ENV] - --- EPISODE START | Scenario: TRANSIT | Start: [1.0173072  0.00852904 0.55      ] | Goal: [0.86236196 0.26108971 0.55      ] | DriftLimit: 0.0350 | FloorLimit: 0.4700 ---
2026-04-24 14:22:18,826 - [ENV] - --- EPISODE START | Scenario: DESCEND | Start: [0.72056558 0.0144757  0.55      ] | Goal: [0.72056558 0.0144757  0.41      ] | DriftLimit: 0.0350 | FloorLimit: 0.4700 ---
2026-04-24 14:22:23,349 - [ENV] - --- EPISODE START | Scenario: DESCEND | Start: [0.82879707 0.07905398 0.55      ] | Goal: [0.82879707 0.07905398 0.41      ] | DriftLimit: 0.0350 | FloorLimit: 0.4700 ---
2026-04-24 14:22:27,565 - [ENV] - --- EPISODE START | Scenario: DESCEND | Start: [0.64387309 0.36591669 0.55      ] | Goal: [0.64387309 0.36591669 0.415     ] | DriftLimit: 0.0350 | FloorLimit: 0.4700 ---
2026-04-24 14:22:27,787 - [ENV] - TERMINATED (Descend): Tube Drift = 0.0420m (Max 0.0350m) at step 6
2026-04-24 14:22:27,788 - [ENV] - Episode ended without success at step 6. Final dist: 0.0429m
2026-04-24 14:22:27,788 - [ENV] - --- EPISODE START | Scenario: ASCEND | Start: [0.74669886 0.20087152 0.415     ] | Goal: [0.74669886 0.20087152 0.55      ] | DriftLimit: 0.0350 | FloorLimit: 0.4700 ---
2026-04-24 14:22:32,108 - [ENV] - --- EPISODE START | Scenario: DESCEND | Start: [ 0.95331067 -0.0100748   0.55      ] | Goal: [ 0.95331067 -0.0100748   0.41      ] | DriftLimit: 0.0350 | FloorLimit: 0.4700 ---
2026-04-24 14:22:36,637 - [ENV] - --- EPISODE START | Scenario: TRANSIT | Start: [1.00683718 0.23990796 0.55      ] | Goal: [0.89319606 0.29029728 0.55      ] | DriftLimit: 0.0350 | FloorLimit: 0.4700 ---
2026-04-24 14:22:41,020 - [ENV] - --- EPISODE START | Scenario: ASCEND | Start: [0.69747665 0.35890043 0.415     ] | Goal: [0.69747665 0.35890043 0.55      ] | DriftLimit: 0.0350 | FloorLimit: 0.4700 ---
2026-04-24 14:22:43,634 - [ENV] - TERMINATED (Ascend): Tube Drift = 0.0351m (Max 0.0350m) at step 92
2026-04-24 14:22:43,634 - [ENV] - Episode ended without success at step 92. Final dist: 0.1199m
2026-04-24 14:22:43,635 - [ENV] - --- EPISODE START | Scenario: DESCEND | Start: [0.70489651 0.08230775 0.55      ] | Goal: [0.70489651 0.08230775 0.41      ] | DriftLimit: 0.0350 | FloorLimit: 0.4700 ---
2026-04-24 14:22:48,089 - [ENV] - --- EPISODE START | Scenario: TRANSIT | Start: [0.73702811 0.21433181 0.55      ] | Goal: [0.74285133 0.35468093 0.55      ] | DriftLimit: 0.0350 | FloorLimit: 0.4700 ---
2026-04-24 14:22:52,210 - [ENV] - --- EPISODE START | Scenario: ASCEND | Start: [1.15410621 0.44449828 0.415     ] | Goal: [1.15410621 0.44449828 0.55      ] | DriftLimit: 0.0350 | FloorLimit: 0.4700 ---
2026-04-24 14:22:53,067 - [ENV] - TERMINATED (Ascend): Tube Drift = 0.0363m (Max 0.0350m) at step 35
2026-04-24 14:22:53,067 - [ENV] - Episode ended without success at step 35. Final dist: 0.0520m
2026-04-24 14:22:53,068 - [ENV] - --- EPISODE START | Scenario: TRANSIT | Start: [0.77547021 0.28628195 0.55      ] | Goal: [0.72929475 0.45049576 0.55      ] | DriftLimit: 0.0350 | FloorLimit: 0.4700 ---
2026-04-24 14:22:57,629 - [ENV] - --- EPISODE START | Scenario: ASCEND | Start: [1.15595374 0.3605422  0.415     ] | Goal: [1.15595374 0.3605422  0.55      ] | DriftLimit: 0.0350 | FloorLimit: 0.4700 ---
2026-04-24 14:23:01,868 - [ENV] - --- EPISODE START | Scenario: ASCEND | Start: [0.74389142 0.43187551 0.415     ] | Goal: [0.74389142 0.43187551 0.55      ] | DriftLimit: 0.0350 | FloorLimit: 0.4700 ---
2026-04-24 14:23:02,014 - [ENV] - TERMINATED (Ascend): Tube Drift = 0.0392m (Max 0.0350m) at step 2
2026-04-24 14:23:02,014 - [ENV] - Episode ended without success at step 2. Final dist: 0.1228m
2026-04-24 14:23:02,015 - [ENV] - --- EPISODE START | Scenario: DESCEND | Start: [0.92740613 0.26177396 0.55      ] | Goal: [0.92740613 0.26177396 0.41      ] | DriftLimit: 0.0350 | FloorLimit: 0.4700 ---
2026-04-24 14:23:06,298 - [ENV] - --- EPISODE START | Scenario: TRANSIT | Start: [0.75599293 0.46196845 0.55      ] | Goal: [0.86301505 0.37187372 0.55      ] | DriftLimit: 0.0350 | FloorLimit: 0.4700 ---
2026-04-24 14:23:10,631 - [ENV] - --- EPISODE START | Scenario: TRANSIT | Start: [0.97354893 0.32097489 0.55      ] | Goal: [0.71432744 0.47178711 0.55      ] | DriftLimit: 0.0350 | FloorLimit: 0.4700 ---
2026-04-24 14:23:15,031 - [ENV] - --- EPISODE START | Scenario: ASCEND | Start: [0.68934478 0.3737537  0.415     ] | Goal: [0.68934478 0.3737537  0.55      ] | DriftLimit: 0.0350 | FloorLimit: 0.4700 ---
2026-04-24 14:23:15,187 - [ENV] - TERMINATED (Ascend): Tube Drift = 0.0383m (Max 0.0350m) at step 2
2026-04-24 14:23:15,188 - [ENV] - Episode ended without success at step 2. Final dist: 0.1311m
2026-04-24 14:23:15,190 - [ENV] - --- EPISODE START | Scenario: TRANSIT | Start: [0.61942611 0.20464237 0.55      ] | Goal: [0.74821193 0.40931421 0.55      ] | DriftLimit: 0.0350 | FloorLimit: 0.4700 ---
2026-04-24 14:23:15,489 - [ENV] - SUCCESS: Goal reached in 9 steps. Dist = 0.0071m
2026-04-24 14:23:15,490 - [ENV] - --- EPISODE START | Scenario: DESCEND | Start: [1.01651479 0.01052753 0.55      ] | Goal: [1.01651479 0.01052753 0.415     ] | DriftLimit: 0.0350 | FloorLimit: 0.4700 ---
2026-04-24 14:24:20,464 - [ENV] - --- EPISODE START | Scenario: DESCEND | Start: [0.83716949 0.50484549 0.55      ] | Goal: [0.83716949 0.50484549 0.41      ] | DriftLimit: 0.0350 | FloorLimit: 0.4700 ---
2026-04-24 14:24:24,810 - [ENV] - --- EPISODE START | Scenario: TRANSIT | Start: [0.97451643 0.17386915 0.55      ] | Goal: [0.63270512 0.53723137 0.55      ] | DriftLimit: 0.0350 | FloorLimit: 0.4700 ---
2026-04-24 14:24:29,217 - [ENV] - --- EPISODE START | Scenario: DESCEND | Start: [0.65834855 0.08956136 0.55      ] | Goal: [0.65834855 0.08956136 0.415     ] | DriftLimit: 0.0350 | FloorLimit: 0.4700 ---
2026-04-24 14:24:34,148 - [ENV] - --- EPISODE START | Scenario: DESCEND | Start: [0.82001448 0.41054332 0.55      ] | Goal: [0.82001448 0.41054332 0.415     ] | DriftLimit: 0.0350 | FloorLimit: 0.4700 ---
2026-04-24 14:24:35,610 - [ENV] - TERMINATED (Descend): Tube Drift = 0.0350m (Max 0.0350m) at step 54
2026-04-24 14:24:35,610 - [ENV] - Episode ended without success at step 54. Final dist: 0.0352m
2026-04-24 14:24:35,611 - [ENV] - --- EPISODE START | Scenario: DESCEND | Start: [0.69457225 0.48467827 0.55      ] | Goal: [0.69457225 0.48467827 0.41      ] | DriftLimit: 0.0350 | FloorLimit: 0.4700 ---
2026-04-24 14:24:40,272 - [ENV] - --- EPISODE START | Scenario: DESCEND | Start: [0.7956965  0.40058557 0.55      ] | Goal: [0.7956965  0.40058557 0.415     ] | DriftLimit: 0.0350 | FloorLimit: 0.4700 ---
2026-04-24 14:24:42,355 - [ENV] - TERMINATED (Descend): Tube Drift = 0.0350m (Max 0.0350m) at step 70
2026-04-24 14:24:42,355 - [ENV] - Episode ended without success at step 70. Final dist: 0.0352m
2026-04-24 14:24:42,356 - [ENV] - --- EPISODE START | Scenario: ASCEND | Start: [0.65168051 0.05596386 0.415     ] | Goal: [0.65168051 0.05596386 0.55      ] | DriftLimit: 0.0350 | FloorLimit: 0.4700 ---
2026-04-24 14:24:47,043 - [ENV] - --- EPISODE START | Scenario: TRANSIT | Start: [1.15266403 0.05292694 0.55      ] | Goal: [1.07454511 0.48445321 0.55      ] | DriftLimit: 0.0350 | FloorLimit: 0.4700 ---
2026-04-24 14:24:51,217 - [ENV] - --- EPISODE START | Scenario: DESCEND | Start: [0.68176949 0.40725812 0.55      ] | Goal: [0.68176949 0.40725812 0.415     ] | DriftLimit: 0.0350 | FloorLimit: 0.4700 ---
2026-04-24 14:24:55,764 - [ENV] - --- EPISODE START | Scenario: DESCEND | Start: [0.65195648 0.47462951 0.55      ] | Goal: [0.65195648 0.47462951 0.41      ] | DriftLimit: 0.0350 | FloorLimit: 0.4700 ---
2026-04-24 14:25:00,067 - [ENV] - --- EPISODE START | Scenario: DESCEND | Start: [0.78393999 0.31254877 0.55      ] | Goal: [0.78393999 0.31254877 0.41      ] | DriftLimit: 0.0350 | FloorLimit: 0.4700 ---
2026-04-24 14:25:04,383 - [ENV] - --- EPISODE START | Scenario: DESCEND | Start: [0.66386871 0.09362116 0.55      ] | Goal: [0.66386871 0.09362116 0.41      ] | DriftLimit: 0.0350 | FloorLimit: 0.4700 ---
2026-04-24 14:25:08,579 - [ENV] - --- EPISODE START | Scenario: DESCEND | Start: [1.00236181 0.45212716 0.55      ] | Goal: [1.00236181 0.45212716 0.415     ] | DriftLimit: 0.0350 | FloorLimit: 0.4700 ---
2026-04-24 14:25:09,919 - [ENV] - TERMINATED (Descend): Tube Drift = 0.0353m (Max 0.0350m) at step 41
2026-04-24 14:25:09,919 - [ENV] - Episode ended without success at step 41. Final dist: 0.0355m
2026-04-24 14:25:09,920 - [ENV] - --- EPISODE START | Scenario: ASCEND | Start: [1.11782822 0.10694866 0.415     ] | Goal: [1.11782822 0.10694866 0.55      ] | DriftLimit: 0.0350 | FloorLimit: 0.4700 ---
2026-04-24 14:25:14,203 - [ENV] - --- EPISODE START | Scenario: DESCEND | Start: [0.69401993 0.20232728 0.55      ] | Goal: [0.69401993 0.20232728 0.415     ] | DriftLimit: 0.0350 | FloorLimit: 0.4700 ---
2026-04-24 14:25:14,450 - [ENV] - TERMINATED (Descend): Tube Drift = 0.0352m (Max 0.0350m) at step 7
2026-04-24 14:25:14,450 - [ENV] - Episode ended without success at step 7. Final dist: 0.0353m
2026-04-24 14:25:14,451 - [ENV] - --- EPISODE START | Scenario: TRANSIT | Start: [0.76176424 0.37485355 0.55      ] | Goal: [1.1205898  0.51212125 0.55      ] | DriftLimit: 0.0350 | FloorLimit: 0.4700 ---
2026-04-24 14:25:18,670 - [ENV] - --- EPISODE START | Scenario: DESCEND | Start: [0.98088372 0.536961   0.55      ] | Goal: [0.98088372 0.536961   0.41      ] | DriftLimit: 0.0350 | FloorLimit: 0.4700 ---
2026-04-24 14:26:24,362 - [ENV] - --- EPISODE START | Scenario: ASCEND | Start: [0.72629223 0.11675315 0.415     ] | Goal: [0.72629223 0.11675315 0.55      ] | DriftLimit: 0.0350 | FloorLimit: 0.4700 ---
2026-04-24 14:26:24,485 - [ENV] - TERMINATED (Ascend): Tube Drift = 0.0371m (Max 0.0350m) at step 2
2026-04-24 14:26:24,485 - [ENV] - Episode ended without success at step 2. Final dist: 0.1345m
2026-04-24 14:26:24,486 - [ENV] - --- EPISODE START | Scenario: DESCEND | Start: [0.99603276 0.07801684 0.55      ] | Goal: [0.99603276 0.07801684 0.41      ] | DriftLimit: 0.0350 | FloorLimit: 0.4700 ---
2026-04-24 14:26:25,068 - [ENV] - SUCCESS: Goal reached in 16 steps. Dist = 0.0099m
2026-04-24 14:26:25,069 - [ENV] - --- EPISODE START | Scenario: ASCEND | Start: [0.73328641 0.26124164 0.415     ] | Goal: [0.73328641 0.26124164 0.55      ] | DriftLimit: 0.0350 | FloorLimit: 0.4700 ---
2026-04-24 14:26:29,437 - [ENV] - --- EPISODE START | Scenario: DESCEND | Start: [1.02614783 0.09776864 0.55      ] | Goal: [1.02614783 0.09776864 0.415     ] | DriftLimit: 0.0350 | FloorLimit: 0.4700 ---
2026-04-24 14:26:29,770 - [ENV] - SUCCESS: Goal reached in 10 steps. Dist = 0.0097m
2026-04-24 14:26:29,771 - [ENV] - --- EPISODE START | Scenario: ASCEND | Start: [0.68460303 0.24903522 0.415     ] | Goal: [0.68460303 0.24903522 0.55      ] | DriftLimit: 0.0350 | FloorLimit: 0.4700 ---
2026-04-24 14:26:30,140 - [ENV] - TERMINATED (Ascend): Tube Drift = 0.0432m (Max 0.0350m) at step 4
2026-04-24 14:26:30,140 - [ENV] - Episode ended without success at step 4. Final dist: 0.1380m
2026-04-24 14:26:30,141 - [ENV] - --- EPISODE START | Scenario: DESCEND | Start: [0.78036366 0.47970877 0.55      ] | Goal: [0.78036366 0.47970877 0.41      ] | DriftLimit: 0.0350 | FloorLimit: 0.4700 ---
2026-04-24 14:26:30,216 - [ENV] - TERMINATED (Descend): Tube Drift = 0.0357m (Max 0.0350m) at step 1
2026-04-24 14:26:30,217 - [ENV] - Episode ended without success at step 1. Final dist: 0.0962m
2026-04-24 14:26:30,218 - [ENV] - --- EPISODE START | Scenario: DESCEND | Start: [1.04171578 0.51906011 0.55      ] | Goal: [1.04171578 0.51906011 0.41      ] | DriftLimit: 0.0350 | FloorLimit: 0.4700 ---
2026-04-24 14:26:34,603 - [ENV] - --- EPISODE START | Scenario: DESCEND | Start: [1.07561448 0.108117   0.55      ] | Goal: [1.07561448 0.108117   0.41      ] | DriftLimit: 0.0350 | FloorLimit: 0.4700 ---
2026-04-24 14:26:35,047 - [ENV] - SUCCESS: Goal reached in 17 steps. Dist = 0.0099m
2026-04-24 14:26:35,048 - [ENV] - --- EPISODE START | Scenario: TRANSIT | Start: [0.88353697 0.48096397 0.55      ] | Goal: [1.05620913 0.29032931 0.55      ] | DriftLimit: 0.0350 | FloorLimit: 0.4700 ---
2026-04-24 14:26:39,304 - [ENV] - --- EPISODE START | Scenario: ASCEND | Start: [0.89022472 0.26298957 0.415     ] | Goal: [0.89022472 0.26298957 0.55      ] | DriftLimit: 0.0350 | FloorLimit: 0.4700 ---
2026-04-24 14:26:43,879 - [ENV] - --- EPISODE START | Scenario: TRANSIT | Start: [0.9178808  0.05015751 0.55      ] | Goal: [0.74258509 0.28729794 0.55      ] | DriftLimit: 0.0350 | FloorLimit: 0.4700 ---
2026-04-24 14:26:48,430 - [ENV] - --- EPISODE START | Scenario: ASCEND | Start: [0.70205384 0.4968489  0.415     ] | Goal: [0.70205384 0.4968489  0.55      ] | DriftLimit: 0.0350 | FloorLimit: 0.4700 ---
2026-04-24 14:26:48,973 - [ENV] - TERMINATED (Ascend): Tube Drift = 0.0377m (Max 0.0350m) at step 15
2026-04-24 14:26:48,973 - [ENV] - Episode ended without success at step 15. Final dist: 0.0741m
2026-04-24 14:26:48,974 - [ENV] - --- EPISODE START | Scenario: TRANSIT | Start: [0.88544407 0.41339505 0.55      ] | Goal: [1.11237555 0.25868959 0.55      ] | DriftLimit: 0.0350 | FloorLimit: 0.4700 ---
2026-04-24 14:26:53,202 - [ENV] - --- EPISODE START | Scenario: DESCEND | Start: [1.0002392  0.32420968 0.55      ] | Goal: [1.0002392  0.32420968 0.415     ] | DriftLimit: 0.0350 | FloorLimit: 0.4700 ---
2026-04-24 14:26:57,605 - [ENV] - --- EPISODE START | Scenario: ASCEND | Start: [0.88235445 0.36843594 0.415     ] | Goal: [0.88235445 0.36843594 0.55      ] | DriftLimit: 0.0350 | FloorLimit: 0.4700 ---
2026-04-24 14:26:58,090 - [ENV] - SUCCESS: Goal reached in 16 steps. Dist = 0.0029m
2026-04-24 14:26:58,091 - [ENV] - --- EPISODE START | Scenario: DESCEND | Start: [0.96129666 0.16755954 0.55      ] | Goal: [0.96129666 0.16755954 0.415     ] | DriftLimit: 0.0350 | FloorLimit: 0.4700 ---
2026-04-24 14:26:58,244 - [ENV] - SUCCESS: Goal reached in 4 steps. Dist = 0.0088m
2026-04-24 14:26:58,245 - [ENV] - --- EPISODE START | Scenario: DESCEND | Start: [1.01585277 0.14301519 0.55      ] | Goal: [1.01585277 0.14301519 0.41      ] | DriftLimit: 0.0350 | FloorLimit: 0.4700 ---
2026-04-24 14:27:02,458 - [ENV] - SUCCESS: Goal reached in 159 steps. Dist = 0.0100m
2026-04-24 14:27:02,459 - [ENV] - --- EPISODE START | Scenario: TRANSIT | Start: [0.66300638 0.25390843 0.55      ] | Goal: [1.10068142 0.33799885 0.55      ] | DriftLimit: 0.0350 | FloorLimit: 0.4700 ---
2026-04-24 14:27:06,837 - [ENV] - --- EPISODE START | Scenario: ASCEND | Start: [0.61761362 0.47201555 0.415     ] | Goal: [0.61761362 0.47201555 0.55      ] | DriftLimit: 0.0350 | FloorLimit: 0.4700 ---
2026-04-24 14:27:11,703 - [ENV] - --- EPISODE START | Scenario: DESCEND | Start: [0.89043301 0.29655871 0.55      ] | Goal: [0.89043301 0.29655871 0.41      ] | DriftLimit: 0.0350 | FloorLimit: 0.4700 ---
2026-04-24 14:27:16,401 - [ENV] - --- EPISODE START | Scenario: ASCEND | Start: [0.747944   0.34809425 0.415     ] | Goal: [0.747944   0.34809425 0.55      ] | DriftLimit: 0.0350 | FloorLimit: 0.4700 ---
2026-04-24 14:27:16,574 - [ENV] - TERMINATED (Ascend): Tube Drift = 0.0395m (Max 0.0350m) at step 2
2026-04-24 14:27:16,574 - [ENV] - Episode ended without success at step 2. Final dist: 0.1205m
2026-04-24 14:27:16,575 - [ENV] - --- EPISODE START | Scenario: DESCEND | Start: [0.98086252 0.34836159 0.55      ] | Goal: [0.98086252 0.34836159 0.41      ] | DriftLimit: 0.0350 | FloorLimit: 0.4700 ---
2026-04-24 14:27:20,985 - [ENV] - --- EPISODE START | Scenario: DESCEND | Start: [0.60964308 0.2316779  0.55      ] | Goal: [0.60964308 0.2316779  0.41      ] | DriftLimit: 0.0350 | FloorLimit: 0.4700 ---
2026-04-24 14:27:21,068 - [ENV] - TERMINATED (Descend): Tube Drift = 0.0362m (Max 0.0350m) at step 1
2026-04-24 14:27:21,069 - [ENV] - Episode ended without success at step 1. Final dist: 0.0886m
2026-04-24 14:27:21,070 - [ENV] - --- EPISODE START | Scenario: TRANSIT | Start: [0.83232546 0.23756657 0.55      ] | Goal: [0.72451426 0.06339012 0.55      ] | DriftLimit: 0.0350 | FloorLimit: 0.4700 ---
2026-04-24 14:27:25,740 - [ENV] - --- EPISODE START | Scenario: DESCEND | Start: [0.69019252 0.08191088 0.55      ] | Goal: [0.69019252 0.08191088 0.415     ] | DriftLimit: 0.0350 | FloorLimit: 0.4700 ---
2026-04-24 14:28:30,978 - [ENV] - --- EPISODE START | Scenario: ASCEND | Start: [ 0.84267747 -0.0102907   0.415     ] | Goal: [ 0.84267747 -0.0102907   0.55      ] | DriftLimit: 0.0350 | FloorLimit: 0.4700 ---
2026-04-24 14:28:31,108 - [ENV] - TERMINATED (Ascend): Tube Drift = 0.0593m (Max 0.0350m) at step 2
2026-04-24 14:28:31,108 - [ENV] - Episode ended without success at step 2. Final dist: 0.1387m
2026-04-24 14:28:31,109 - [ENV] - --- EPISODE START | Scenario: DESCEND | Start: [0.91971256 0.33921388 0.55      ] | Goal: [0.91971256 0.33921388 0.415     ] | DriftLimit: 0.0350 | FloorLimit: 0.4700 ---
2026-04-24 14:28:35,458 - [ENV] - --- EPISODE START | Scenario: DESCEND | Start: [1.03789642 0.49889456 0.55      ] | Goal: [1.03789642 0.49889456 0.415     ] | DriftLimit: 0.0350 | FloorLimit: 0.4700 ---
2026-04-24 14:28:37,223 - [ENV] - TERMINATED (Descend): Tube Drift = 0.0351m (Max 0.0350m) at step 68
2026-04-24 14:28:37,224 - [ENV] - Episode ended without success at step 68. Final dist: 0.0352m
2026-04-24 14:28:37,224 - [ENV] - --- EPISODE START | Scenario: TRANSIT | Start: [0.79557228 0.5379764  0.55      ] | Goal: [0.75785899 0.1887164  0.55      ] | DriftLimit: 0.0350 | FloorLimit: 0.4700 ---
2026-04-24 14:28:41,780 - [ENV] - --- EPISODE START | Scenario: ASCEND | Start: [0.86605081 0.50890806 0.415     ] | Goal: [0.86605081 0.50890806 0.55      ] | DriftLimit: 0.0350 | FloorLimit: 0.4700 ---
2026-04-24 14:28:42,327 - [ENV] - TERMINATED (Ascend): Tube Drift = 0.0387m (Max 0.0350m) at step 17
2026-04-24 14:28:42,327 - [ENV] - Episode ended without success at step 17. Final dist: 0.0769m
2026-04-24 14:28:42,328 - [ENV] - --- EPISODE START | Scenario: ASCEND | Start: [0.68338964 0.20409871 0.415     ] | Goal: [0.68338964 0.20409871 0.55      ] | DriftLimit: 0.0350 | FloorLimit: 0.4700 ---
2026-04-24 14:28:42,647 - [ENV] - TERMINATED (Ascend): Tube Drift = 0.0398m (Max 0.0350m) at step 9
2026-04-24 14:28:42,647 - [ENV] - Episode ended without success at step 9. Final dist: 0.1046m
2026-04-24 14:28:42,648 - [ENV] - --- EPISODE START | Scenario: ASCEND | Start: [0.65755458 0.02198651 0.415     ] | Goal: [0.65755458 0.02198651 0.55      ] | DriftLimit: 0.0350 | FloorLimit: 0.4700 ---
2026-04-24 14:28:47,202 - [ENV] - --- EPISODE START | Scenario: TRANSIT | Start: [0.86806109 0.50482714 0.55      ] | Goal: [0.65761697 0.25140921 0.55      ] | DriftLimit: 0.0350 | FloorLimit: 0.4700 ---
2026-04-24 14:28:52,053 - [ENV] - --- EPISODE START | Scenario: ASCEND | Start: [1.01314637 0.1914875  0.415     ] | Goal: [1.01314637 0.1914875  0.55      ] | DriftLimit: 0.0350 | FloorLimit: 0.4700 ---
2026-04-24 14:28:52,202 - [ENV] - TERMINATED (Ascend): Tube Drift = 0.0525m (Max 0.0350m) at step 2
2026-04-24 14:28:52,203 - [ENV] - Episode ended without success at step 2. Final dist: 0.1363m
2026-04-24 14:28:52,203 - [ENV] - --- EPISODE START | Scenario: DESCEND | Start: [1.03038286 0.46179091 0.55      ] | Goal: [1.03038286 0.46179091 0.41      ] | DriftLimit: 0.0350 | FloorLimit: 0.4700 ---
2026-04-24 14:28:57,065 - [ENV] - --- EPISODE START | Scenario: ASCEND | Start: [0.86481894 0.46886778 0.415     ] | Goal: [0.86481894 0.46886778 0.55      ] | DriftLimit: 0.0350 | FloorLimit: 0.4700 ---
2026-04-24 14:28:57,244 - [ENV] - TERMINATED (Ascend): Tube Drift = 0.0432m (Max 0.0350m) at step 3
2026-04-24 14:28:57,244 - [ENV] - Episode ended without success at step 3. Final dist: 0.0998m
2026-04-24 14:28:57,245 - [ENV] - --- EPISODE START | Scenario: ASCEND | Start: [0.80615868 0.19660038 0.415     ] | Goal: [0.80615868 0.19660038 0.55      ] | DriftLimit: 0.0350 | FloorLimit: 0.4700 ---
2026-04-24 14:28:57,389 - [ENV] - TERMINATED (Ascend): Tube Drift = 0.0423m (Max 0.0350m) at step 2
2026-04-24 14:28:57,405 - [ENV] - Episode ended without success at step 2. Final dist: 0.1360m
2026-04-24 14:28:57,407 - [ENV] - --- EPISODE START | Scenario: TRANSIT | Start: [0.68888573 0.04728442 0.55      ] | Goal: [0.92517592 0.40480915 0.55      ] | DriftLimit: 0.0350 | FloorLimit: 0.4700 ---
2026-04-24 14:29:01,780 - [ENV] - --- EPISODE START | Scenario: ASCEND | Start: [0.70929183 0.39019378 0.415     ] | Goal: [0.70929183 0.39019378 0.55      ] | DriftLimit: 0.0350 | FloorLimit: 0.4700 ---
2026-04-24 14:29:01,920 - [ENV] - TERMINATED (Ascend): Tube Drift = 0.0357m (Max 0.0350m) at step 2
2026-04-24 14:29:01,920 - [ENV] - Episode ended without success at step 2. Final dist: 0.1304m
2026-04-24 14:29:01,922 - [ENV] - --- EPISODE START | Scenario: DESCEND | Start: [0.80622649 0.39894539 0.55      ] | Goal: [0.80622649 0.39894539 0.415     ] | DriftLimit: 0.0350 | FloorLimit: 0.4700 ---
2026-04-24 14:29:06,474 - [ENV] - --- EPISODE START | Scenario: DESCEND | Start: [1.13897858 0.41144046 0.55      ] | Goal: [1.13897858 0.41144046 0.415     ] | DriftLimit: 0.0350 | FloorLimit: 0.4700 ---
2026-04-24 14:29:06,758 - [ENV] - SUCCESS: Goal reached in 9 steps. Dist = 0.0087m
2026-04-24 14:29:06,758 - [ENV] - --- EPISODE START | Scenario: DESCEND | Start: [0.64557592 0.27914806 0.55      ] | Goal: [0.64557592 0.27914806 0.41      ] | DriftLimit: 0.0350 | FloorLimit: 0.4700 ---
2026-04-24 14:29:06,842 - [ENV] - TERMINATED (Descend): Tube Drift = 0.0364m (Max 0.0350m) at step 1
2026-04-24 14:29:06,843 - [ENV] - Episode ended without success at step 1. Final dist: 0.0908m
2026-04-24 14:29:06,844 - [ENV] - --- EPISODE START | Scenario: TRANSIT | Start: [0.66145202 0.18247995 0.55      ] | Goal: [0.88237745 0.35248845 0.55      ] | DriftLimit: 0.0350 | FloorLimit: 0.4700 ---
2026-04-24 14:29:11,228 - [ENV] - --- EPISODE START | Scenario: TRANSIT | Start: [0.62098969 0.33962907 0.55      ] | Goal: [0.86321001 0.45066803 0.55      ] | DriftLimit: 0.0350 | FloorLimit: 0.4700 ---
2026-04-24 14:29:15,394 - [ENV] - --- EPISODE START | Scenario: TRANSIT | Start: [0.60608695 0.3598133  0.55      ] | Goal: [0.65161032 0.12614869 0.55      ] | DriftLimit: 0.0350 | FloorLimit: 0.4700 ---
2026-04-24 14:29:19,952 - [ENV] - --- EPISODE START | Scenario: ASCEND | Start: [0.69442991 0.13629485 0.415     ] | Goal: [0.69442991 0.13629485 0.55      ] | DriftLimit: 0.0350 | FloorLimit: 0.4700 ---
2026-04-24 14:29:24,607 - [ENV] - --- EPISODE START | Scenario: DESCEND | Start: [1.09235203 0.43707159 0.55      ] | Goal: [1.09235203 0.43707159 0.41      ] | DriftLimit: 0.0350 | FloorLimit: 0.4700 ---
2026-04-24 14:29:27,921 - [ENV] - TERMINATED (Descend): Tube Drift = 0.0351m (Max 0.0350m) at step 134
2026-04-24 14:29:27,922 - [ENV] - Episode ended without success at step 134. Final dist: 0.0360m
2026-04-24 14:29:27,922 - [ENV] - --- EPISODE START | Scenario: TRANSIT | Start: [0.88904306 0.35297005 0.55      ] | Goal: [1.03893959 0.43849322 0.55      ] | DriftLimit: 0.0350 | FloorLimit: 0.4700 ---
2026-04-24 14:29:32,325 - [ENV] - --- EPISODE START | Scenario: DESCEND | Start: [0.84415793 0.46764364 0.55      ] | Goal: [0.84415793 0.46764364 0.41      ] | DriftLimit: 0.0350 | FloorLimit: 0.4700 ---
2026-04-24 14:30:33,354 - [ENV] - --- EPISODE START | Scenario: DESCEND | Start: [ 0.60692583 -0.00869092  0.55      ] | Goal: [ 0.60692583 -0.00869092  0.41      ] | DriftLimit: 0.0350 | FloorLimit: 0.4700 ---
2026-04-24 14:30:37,603 - [ENV] - --- EPISODE START | Scenario: DESCEND | Start: [1.04258629 0.43930889 0.55      ] | Goal: [1.04258629 0.43930889 0.41      ] | DriftLimit: 0.0350 | FloorLimit: 0.4700 ---
2026-04-24 14:30:42,344 - [ENV] - --- EPISODE START | Scenario: ASCEND | Start: [0.66810813 0.11604247 0.415     ] | Goal: [0.66810813 0.11604247 0.55      ] | DriftLimit: 0.0350 | FloorLimit: 0.4700 ---
2026-04-24 14:30:46,512 - [ENV] - --- EPISODE START | Scenario: ASCEND | Start: [0.90889471 0.27965444 0.415     ] | Goal: [0.90889471 0.27965444 0.55      ] | DriftLimit: 0.0350 | FloorLimit: 0.4700 ---
2026-04-24 14:30:50,863 - [ENV] - --- EPISODE START | Scenario: TRANSIT | Start: [0.9596363  0.07283023 0.55      ] | Goal: [1.06637509 0.36255306 0.55      ] | DriftLimit: 0.0350 | FloorLimit: 0.4700 ---
2026-04-24 14:30:55,289 - [ENV] - --- EPISODE START | Scenario: ASCEND | Start: [1.13041676 0.5234292  0.415     ] | Goal: [1.13041676 0.5234292  0.55      ] | DriftLimit: 0.0350 | FloorLimit: 0.4700 ---
2026-04-24 14:30:55,557 - [ENV] - TERMINATED (Ascend): Tube Drift = 0.0460m (Max 0.0350m) at step 4
2026-04-24 14:30:55,558 - [ENV] - Episode ended without success at step 4. Final dist: 0.0751m
2026-04-24 14:30:55,559 - [ENV] - --- EPISODE START | Scenario: TRANSIT | Start: [1.10775134 0.13271596 0.55      ] | Goal: [0.87642672 0.03462324 0.55      ] | DriftLimit: 0.0350 | FloorLimit: 0.4700 ---
2026-04-24 14:31:00,099 - [ENV] - --- EPISODE START | Scenario: DESCEND | Start: [0.69615249 0.38501781 0.55      ] | Goal: [0.69615249 0.38501781 0.41      ] | DriftLimit: 0.0350 | FloorLimit: 0.4700 ---
2026-04-24 14:31:00,175 - [ENV] - TERMINATED (Descend): Tube Drift = 0.0370m (Max 0.0350m) at step 1
2026-04-24 14:31:00,176 - [ENV] - Episode ended without success at step 1. Final dist: 0.0904m
2026-04-24 14:31:00,177 - [ENV] - --- EPISODE START | Scenario: TRANSIT | Start: [0.81589115 0.07767408 0.55      ] | Goal: [1.00393817 0.16053406 0.55      ] | DriftLimit: 0.0350 | FloorLimit: 0.4700 ---
2026-04-24 14:31:04,334 - [ENV] - --- EPISODE START | Scenario: ASCEND | Start: [0.70707918 0.3224329  0.415     ] | Goal: [0.70707918 0.3224329  0.55      ] | DriftLimit: 0.0350 | FloorLimit: 0.4700 ---
2026-04-24 14:31:04,574 - [ENV] - TERMINATED (Ascend): Tube Drift = 0.0454m (Max 0.0350m) at step 3
2026-04-24 14:31:04,574 - [ENV] - Episode ended without success at step 3. Final dist: 0.1392m
2026-04-24 14:31:04,576 - [ENV] - --- EPISODE START | Scenario: DESCEND | Start: [0.91794798 0.22328022 0.55      ] | Goal: [0.91794798 0.22328022 0.415     ] | DriftLimit: 0.0350 | FloorLimit: 0.4700 ---
2026-04-24 14:31:04,761 - [ENV] - SUCCESS: Goal reached in 4 steps. Dist = 0.0085m
2026-04-24 14:31:04,762 - [ENV] - --- EPISODE START | Scenario: DESCEND | Start: [1.07546662 0.03695217 0.55      ] | Goal: [1.07546662 0.03695217 0.41      ] | DriftLimit: 0.0350 | FloorLimit: 0.4700 ---
2026-04-24 14:31:09,471 - [ENV] - --- EPISODE START | Scenario: DESCEND | Start: [ 0.89012527 -0.00291147  0.55      ] | Goal: [ 0.89012527 -0.00291147  0.415     ] | DriftLimit: 0.0350 | FloorLimit: 0.4700 ---
2026-04-24 14:31:09,686 - [ENV] - SUCCESS: Goal reached in 9 steps. Dist = 0.0100m
2026-04-24 14:31:09,686 - [ENV] - --- EPISODE START | Scenario: ASCEND | Start: [0.76648432 0.34369563 0.415     ] | Goal: [0.76648432 0.34369563 0.55      ] | DriftLimit: 0.0350 | FloorLimit: 0.4700 ---
2026-04-24 14:31:09,861 - [ENV] - TERMINATED (Ascend): Tube Drift = 0.0398m (Max 0.0350m) at step 2
2026-04-24 14:31:09,861 - [ENV] - Episode ended without success at step 2. Final dist: 0.1233m
2026-04-24 14:31:09,862 - [ENV] - --- EPISODE START | Scenario: TRANSIT | Start: [0.86696346 0.54198968 0.55      ] | Goal: [0.64323313 0.47044972 0.55      ] | DriftLimit: 0.0350 | FloorLimit: 0.4700 ---
2026-04-24 14:31:14,492 - [ENV] - --- EPISODE START | Scenario: ASCEND | Start: [0.84506775 0.22114646 0.415     ] | Goal: [0.84506775 0.22114646 0.55      ] | DriftLimit: 0.0350 | FloorLimit: 0.4700 ---
2026-04-24 14:31:19,225 - [ENV] - --- EPISODE START | Scenario: ASCEND | Start: [0.68826806 0.2272179  0.415     ] | Goal: [0.68826806 0.2272179  0.55      ] | DriftLimit: 0.0350 | FloorLimit: 0.4700 ---
2026-04-24 14:31:23,679 - [ENV] - --- EPISODE START | Scenario: DESCEND | Start: [0.95971532 0.44445965 0.55      ] | Goal: [0.95971532 0.44445965 0.415     ] | DriftLimit: 0.0350 | FloorLimit: 0.4700 ---
2026-04-24 14:31:24,613 - [ENV] - TERMINATED (Descend): Tube Drift = 0.0350m (Max 0.0350m) at step 36
2026-04-24 14:31:24,613 - [ENV] - Episode ended without success at step 36. Final dist: 0.0352m
2026-04-24 14:31:24,613 - [ENV] - --- EPISODE START | Scenario: ASCEND | Start: [0.86703685 0.53181548 0.415     ] | Goal: [0.86703685 0.53181548 0.55      ] | DriftLimit: 0.0350 | FloorLimit: 0.4700 ---
2026-04-24 14:31:25,239 - [ENV] - TERMINATED (Ascend): Tube Drift = 0.0358m (Max 0.0350m) at step 16
2026-04-24 14:31:25,239 - [ENV] - Episode ended without success at step 16. Final dist: 0.0877m
2026-04-24 14:31:25,240 - [ENV] - --- EPISODE START | Scenario: TRANSIT | Start: [1.00082154 0.42984899 0.55      ] | Goal: [0.68058468 0.34434708 0.55      ] | DriftLimit: 0.0350 | FloorLimit: 0.4700 ---
2026-04-24 14:31:29,899 - [ENV] - --- EPISODE START | Scenario: ASCEND | Start: [0.62381153 0.24595024 0.415     ] | Goal: [0.62381153 0.24595024 0.55      ] | DriftLimit: 0.0350 | FloorLimit: 0.4700 ---
2026-04-24 14:31:30,303 - [ENV] - TERMINATED (Ascend): Tube Drift = 0.0504m (Max 0.0350m) at step 9
2026-04-24 14:31:30,303 - [ENV] - Episode ended without success at step 9. Final dist: 0.0814m
2026-04-24 14:31:30,304 - [ENV] - --- EPISODE START | Scenario: TRANSIT | Start: [0.8316881  0.12568831 0.55      ] | Goal: [0.94443362 0.27917842 0.55      ] | DriftLimit: 0.0350 | FloorLimit: 0.4700 ---
2026-04-24 14:31:35,004 - [ENV] - --- EPISODE START | Scenario: DESCEND | Start: [ 0.62218418 -0.00565305  0.55      ] | Goal: [ 0.62218418 -0.00565305  0.41      ] | DriftLimit: 0.0350 | FloorLimit: 0.4700 ---
2026-04-24 14:31:35,156 - [ENV] - TERMINATED (Descend): Tube Drift = 0.0360m (Max 0.0350m) at step 2
2026-04-24 14:31:35,157 - [ENV] - Episode ended without success at step 2. Final dist: 0.0930m
2026-04-24 14:31:35,158 - [ENV] - --- EPISODE START | Scenario: DESCEND | Start: [0.77878453 0.17751596 0.55      ] | Goal: [0.77878453 0.17751596 0.41      ] | DriftLimit: 0.0350 | FloorLimit: 0.4700 ---
2026-04-24 14:32:38,660 - [ENV] - --- EPISODE START | Scenario: ASCEND | Start: [0.64613691 0.33235289 0.415     ] | Goal: [0.64613691 0.33235289 0.55      ] | DriftLimit: 0.0350 | FloorLimit: 0.4700 ---
2026-04-24 14:32:39,374 - [ENV] - TERMINATED (Ascend): Tube Drift = 0.0356m (Max 0.0350m) at step 12
2026-04-24 14:32:39,375 - [ENV] - Episode ended without success at step 12. Final dist: 0.1380m
2026-04-24 14:32:39,376 - [ENV] - --- EPISODE START | Scenario: ASCEND | Start: [1.13836949 0.28207658 0.415     ] | Goal: [1.13836949 0.28207658 0.55      ] | DriftLimit: 0.0350 | FloorLimit: 0.4700 ---
2026-04-24 14:32:44,154 - [ENV] - --- EPISODE START | Scenario: DESCEND | Start: [1.02336714 0.06824988 0.55      ] | Goal: [1.02336714 0.06824988 0.41      ] | DriftLimit: 0.0350 | FloorLimit: 0.4700 ---
2026-04-24 14:32:44,549 - [ENV] - SUCCESS: Goal reached in 11 steps. Dist = 0.0098m
2026-04-24 14:32:44,549 - [ENV] - --- EPISODE START | Scenario: TRANSIT | Start: [1.08624707 0.11926449 0.55      ] | Goal: [0.69227956 0.30471254 0.55      ] | DriftLimit: 0.0350 | FloorLimit: 0.4700 ---
2026-04-24 14:32:49,752 - [ENV] - --- EPISODE START | Scenario: DESCEND | Start: [1.08934727 0.36198584 0.55      ] | Goal: [1.08934727 0.36198584 0.415     ] | DriftLimit: 0.0350 | FloorLimit: 0.4700 ---
2026-04-24 14:32:54,031 - [ENV] - --- EPISODE START | Scenario: ASCEND | Start: [0.80599313 0.19919555 0.415     ] | Goal: [0.80599313 0.19919555 0.55      ] | DriftLimit: 0.0350 | FloorLimit: 0.4700 ---
2026-04-24 14:32:54,174 - [ENV] - TERMINATED (Ascend): Tube Drift = 0.0462m (Max 0.0350m) at step 2
2026-04-24 14:32:54,175 - [ENV] - Episode ended without success at step 2. Final dist: 0.1353m
2026-04-24 14:32:54,176 - [ENV] - --- EPISODE START | Scenario: ASCEND | Start: [1.02431076 0.20802683 0.415     ] | Goal: [1.02431076 0.20802683 0.55      ] | DriftLimit: 0.0350 | FloorLimit: 0.4700 ---
2026-04-24 14:32:54,338 - [ENV] - TERMINATED (Ascend): Tube Drift = 0.0383m (Max 0.0350m) at step 2
2026-04-24 14:32:54,338 - [ENV] - Episode ended without success at step 2. Final dist: 0.1317m
2026-04-24 14:32:54,339 - [ENV] - --- EPISODE START | Scenario: ASCEND | Start: [0.74075028 0.22282219 0.415     ] | Goal: [0.74075028 0.22282219 0.55      ] | DriftLimit: 0.0350 | FloorLimit: 0.4700 ---
2026-04-24 14:32:59,255 - [ENV] - --- EPISODE START | Scenario: TRANSIT | Start: [0.72448006 0.29940864 0.55      ] | Goal: [0.66289155 0.08896032 0.55      ] | DriftLimit: 0.0350 | FloorLimit: 0.4700 ---
2026-04-24 14:32:59,503 - [ENV] - SUCCESS: Goal reached in 7 steps. Dist = 0.0084m
2026-04-24 14:32:59,503 - [ENV] - --- EPISODE START | Scenario: DESCEND | Start: [1.05260401 0.06097966 0.55      ] | Goal: [1.05260401 0.06097966 0.41      ] | DriftLimit: 0.0350 | FloorLimit: 0.4700 ---
2026-04-24 14:32:59,870 - [ENV] - SUCCESS: Goal reached in 13 steps. Dist = 0.0099m
2026-04-24 14:32:59,871 - [ENV] - --- EPISODE START | Scenario: ASCEND | Start: [0.72797042 0.45012839 0.415     ] | Goal: [0.72797042 0.45012839 0.55      ] | DriftLimit: 0.0350 | FloorLimit: 0.4700 ---
2026-04-24 14:33:00,696 - [ENV] - TERMINATED (Ascend): Tube Drift = 0.0374m (Max 0.0350m) at step 18
2026-04-24 14:33:00,696 - [ENV] - Episode ended without success at step 18. Final dist: 0.0780m
2026-04-24 14:33:00,697 - [ENV] - --- EPISODE START | Scenario: DESCEND | Start: [1.11959972 0.25681527 0.55      ] | Goal: [1.11959972 0.25681527 0.41      ] | DriftLimit: 0.0350 | FloorLimit: 0.4700 ---
2026-04-24 14:33:01,401 - [ENV] - SUCCESS: Goal reached in 16 steps. Dist = 0.0100m
2026-04-24 14:33:01,402 - [ENV] - --- EPISODE START | Scenario: ASCEND | Start: [0.9126512  0.10078025 0.415     ] | Goal: [0.9126512  0.10078025 0.55      ] | DriftLimit: 0.0350 | FloorLimit: 0.4700 ---
2026-04-24 14:33:01,529 - [ENV] - TERMINATED (Ascend): Tube Drift = 0.0510m (Max 0.0350m) at step 2
2026-04-24 14:33:01,529 - [ENV] - Episode ended without success at step 2. Final dist: 0.1361m
2026-04-24 14:33:01,531 - [ENV] - --- EPISODE START | Scenario: DESCEND | Start: [0.89022264 0.47452196 0.55      ] | Goal: [0.89022264 0.47452196 0.41      ] | DriftLimit: 0.0350 | FloorLimit: 0.4700 ---
2026-04-24 14:33:02,979 - [ENV] - TERMINATED (Descend): Tube Drift = 0.0351m (Max 0.0350m) at step 57
2026-04-24 14:33:02,979 - [ENV] - Episode ended without success at step 57. Final dist: 0.0363m
2026-04-24 14:33:02,980 - [ENV] - --- EPISODE START | Scenario: TRANSIT | Start: [1.09860798 0.22589306 0.55      ] | Goal: [0.85797562 0.18417189 0.55      ] | DriftLimit: 0.0350 | FloorLimit: 0.4700 ---
2026-04-24 14:33:07,812 - [ENV] - --- EPISODE START | Scenario: ASCEND | Start: [0.92765915 0.50908352 0.415     ] | Goal: [0.92765915 0.50908352 0.55      ] | DriftLimit: 0.0350 | FloorLimit: 0.4700 ---
2026-04-24 14:33:08,363 - [ENV] - TERMINATED (Ascend): Tube Drift = 0.0382m (Max 0.0350m) at step 17
2026-04-24 14:33:08,363 - [ENV] - Episode ended without success at step 17. Final dist: 0.0843m
2026-04-24 14:33:08,364 - [ENV] - --- EPISODE START | Scenario: ASCEND | Start: [1.13264993 0.28284965 0.415     ] | Goal: [1.13264993 0.28284965 0.55      ] | DriftLimit: 0.0350 | FloorLimit: 0.4700 ---
2026-04-24 14:33:12,858 - [ENV] - --- EPISODE START | Scenario: DESCEND | Start: [0.7250004  0.13362328 0.55      ] | Goal: [0.7250004  0.13362328 0.415     ] | DriftLimit: 0.0350 | FloorLimit: 0.4700 ---
2026-04-24 14:33:17,310 - [ENV] - --- EPISODE START | Scenario: DESCEND | Start: [0.99149188 0.51692718 0.55      ] | Goal: [0.99149188 0.51692718 0.41      ] | DriftLimit: 0.0350 | FloorLimit: 0.4700 ---
2026-04-24 14:33:21,735 - [ENV] - --- EPISODE START | Scenario: ASCEND | Start: [0.98178556 0.54104698 0.415     ] | Goal: [0.98178556 0.54104698 0.55      ] | DriftLimit: 0.0350 | FloorLimit: 0.4700 ---
2026-04-24 14:33:22,058 - [ENV] - TERMINATED (Ascend): Tube Drift = 0.0371m (Max 0.0350m) at step 5
2026-04-24 14:33:22,058 - [ENV] - Episode ended without success at step 5. Final dist: 0.0541m
2026-04-24 14:33:22,058 - [ENV] - --- EPISODE START | Scenario: ASCEND | Start: [0.87421968 0.42240723 0.415     ] | Goal: [0.87421968 0.42240723 0.55      ] | DriftLimit: 0.0350 | FloorLimit: 0.4700 ---
2026-04-24 14:33:22,261 - [ENV] - TERMINATED (Ascend): Tube Drift = 0.0487m (Max 0.0350m) at step 3
2026-04-24 14:33:22,261 - [ENV] - Episode ended without success at step 3. Final dist: 0.1036m
2026-04-24 14:33:22,262 - [ENV] - --- EPISODE START | Scenario: TRANSIT | Start: [0.77184917 0.43807666 0.55      ] | Goal: [1.06216649 0.14393546 0.55      ] | DriftLimit: 0.0350 | FloorLimit: 0.4700 ---
2026-04-24 14:33:26,802 - [ENV] - --- EPISODE START | Scenario: TRANSIT | Start: [1.01234949 0.15404959 0.55      ] | Goal: [0.62550342 0.46373723 0.55      ] | DriftLimit: 0.0350 | FloorLimit: 0.4700 ---
2026-04-24 14:33:31,186 - [ENV] - --- EPISODE START | Scenario: DESCEND | Start: [0.63968863 0.34549003 0.55      ] | Goal: [0.63968863 0.34549003 0.41      ] | DriftLimit: 0.0350 | FloorLimit: 0.4700 ---
2026-04-24 14:33:35,611 - [ENV] - --- EPISODE START | Scenario: DESCEND | Start: [0.64595045 0.16073941 0.55      ] | Goal: [0.64595045 0.16073941 0.41      ] | DriftLimit: 0.0350 | FloorLimit: 0.4700 ---
2026-04-24 14:33:40,298 - [ENV] - --- EPISODE START | Scenario: TRANSIT | Start: [0.62860642 0.3814004  0.55      ] | Goal: [1.11975059 0.53153571 0.55      ] | DriftLimit: 0.0350 | FloorLimit: 0.4700 ---
2026-04-24 14:34:42,239 - [ENV] - --- EPISODE START | Scenario: ASCEND | Start: [0.63003592 0.14777842 0.415     ] | Goal: [0.63003592 0.14777842 0.55      ] | DriftLimit: 0.0350 | FloorLimit: 0.4700 ---
2026-04-24 14:34:47,027 - [ENV] - --- EPISODE START | Scenario: TRANSIT | Start: [1.12349378 0.38793429 0.55      ] | Goal: [0.66115041 0.02371783 0.55      ] | DriftLimit: 0.0350 | FloorLimit: 0.4700 ---
2026-04-24 14:34:47,555 - [ENV] - SUCCESS: Goal reached in 20 steps. Dist = 0.0175m
2026-04-24 14:34:47,556 - [ENV] - --- EPISODE START | Scenario: TRANSIT | Start: [0.83462254 0.06274713 0.55      ] | Goal: [0.63983215 0.24959176 0.55      ] | DriftLimit: 0.0350 | FloorLimit: 0.4700 ---
2026-04-24 14:34:52,536 - [ENV] - --- EPISODE START | Scenario: DESCEND | Start: [1.09043524 0.04675721 0.55      ] | Goal: [1.09043524 0.04675721 0.415     ] | DriftLimit: 0.0350 | FloorLimit: 0.4700 ---
2026-04-24 14:34:57,191 - [ENV] - --- EPISODE START | Scenario: DESCEND | Start: [1.09846595 0.08944029 0.55      ] | Goal: [1.09846595 0.08944029 0.415     ] | DriftLimit: 0.0350 | FloorLimit: 0.4700 ---
2026-04-24 14:35:01,636 - [ENV] - --- EPISODE START | Scenario: ASCEND | Start: [1.01191185 0.49001011 0.415     ] | Goal: [1.01191185 0.49001011 0.55      ] | DriftLimit: 0.0350 | FloorLimit: 0.4700 ---
2026-04-24 14:35:02,094 - [ENV] - SUCCESS: Goal reached in 12 steps. Dist = 0.0048m
2026-04-24 14:35:02,096 - [ENV] - --- EPISODE START | Scenario: TRANSIT | Start: [0.83099403 0.10634866 0.55      ] | Goal: [0.7537593  0.18334129 0.55      ] | DriftLimit: 0.0350 | FloorLimit: 0.4700 ---
2026-04-24 14:35:07,185 - [ENV] - --- EPISODE START | Scenario: TRANSIT | Start: [0.96761975 0.32045831 0.55      ] | Goal: [0.73603559 0.26590971 0.55      ] | DriftLimit: 0.0350 | FloorLimit: 0.4700 ---
2026-04-24 14:35:11,615 - [ENV] - --- EPISODE START | Scenario: TRANSIT | Start: [0.9792161  0.14492489 0.55      ] | Goal: [0.88631302 0.20776753 0.55      ] | DriftLimit: 0.0350 | FloorLimit: 0.4700 ---
2026-04-24 14:35:15,938 - [ENV] - --- EPISODE START | Scenario: DESCEND | Start: [1.1249071  0.07582153 0.55      ] | Goal: [1.1249071  0.07582153 0.41      ] | DriftLimit: 0.0350 | FloorLimit: 0.4700 ---
2026-04-24 14:35:20,349 - [ENV] - --- EPISODE START | Scenario: TRANSIT | Start: [0.65807767 0.50706088 0.55      ] | Goal: [1.04286071 0.16320674 0.55      ] | DriftLimit: 0.0350 | FloorLimit: 0.4700 ---
2026-04-24 14:35:24,701 - [ENV] - --- EPISODE START | Scenario: ASCEND | Start: [1.0828438  0.39967321 0.415     ] | Goal: [1.0828438  0.39967321 0.55      ] | DriftLimit: 0.0350 | FloorLimit: 0.4700 ---
2026-04-24 14:35:24,893 - [ENV] - TERMINATED (Ascend): Tube Drift = 0.0439m (Max 0.0350m) at step 2
2026-04-24 14:35:24,893 - [ENV] - Episode ended without success at step 2. Final dist: 0.1172m
2026-04-24 14:35:24,895 - [ENV] - --- EPISODE START | Scenario: ASCEND | Start: [1.10851807 0.18038733 0.415     ] | Goal: [1.10851807 0.18038733 0.55      ] | DriftLimit: 0.0350 | FloorLimit: 0.4700 ---
2026-04-24 14:35:25,071 - [ENV] - TERMINATED (Ascend): Tube Drift = 0.0562m (Max 0.0350m) at step 2
2026-04-24 14:35:25,072 - [ENV] - Episode ended without success at step 2. Final dist: 0.1383m
2026-04-24 14:35:25,074 - [ENV] - --- EPISODE START | Scenario: TRANSIT | Start: [0.79239013 0.42146181 0.55      ] | Goal: [0.97258837 0.52305308 0.55      ] | DriftLimit: 0.0350 | FloorLimit: 0.4700 ---
2026-04-24 14:35:30,132 - [ENV] - --- EPISODE START | Scenario: ASCEND | Start: [0.73988395 0.53580825 0.415     ] | Goal: [0.73988395 0.53580825 0.55      ] | DriftLimit: 0.0350 | FloorLimit: 0.4700 ---
2026-04-24 14:35:30,633 - [ENV] - TERMINATED (Ascend): Tube Drift = 0.0418m (Max 0.0350m) at step 18
2026-04-24 14:35:30,634 - [ENV] - Episode ended without success at step 18. Final dist: 0.1045m
2026-04-24 14:35:30,634 - [ENV] - --- EPISODE START | Scenario: TRANSIT | Start: [0.81912837 0.53439865 0.55      ] | Goal: [1.01651485 0.06471051 0.55      ] | DriftLimit: 0.0350 | FloorLimit: 0.4700 ---
2026-04-24 14:35:35,084 - [ENV] - --- EPISODE START | Scenario: DESCEND | Start: [0.88732887 0.14615527 0.55      ] | Goal: [0.88732887 0.14615527 0.41      ] | DriftLimit: 0.0350 | FloorLimit: 0.4700 ---
2026-04-24 14:35:39,430 - [ENV] - --- EPISODE START | Scenario: DESCEND | Start: [0.77065179 0.35890229 0.55      ] | Goal: [0.77065179 0.35890229 0.41      ] | DriftLimit: 0.0350 | FloorLimit: 0.4700 ---
2026-04-24 14:35:39,504 - [ENV] - TERMINATED (Descend): Tube Drift = 0.0368m (Max 0.0350m) at step 1
2026-04-24 14:35:39,504 - [ENV] - Episode ended without success at step 1. Final dist: 0.0907m
2026-04-24 14:35:39,505 - [ENV] - --- EPISODE START | Scenario: DESCEND | Start: [0.90853676 0.29809095 0.55      ] | Goal: [0.90853676 0.29809095 0.415     ] | DriftLimit: 0.0350 | FloorLimit: 0.4700 ---
2026-04-24 14:35:39,753 - [ENV] - SUCCESS: Goal reached in 5 steps. Dist = 0.0090m
2026-04-24 14:35:39,754 - [ENV] - --- EPISODE START | Scenario: TRANSIT | Start: [0.73899001 0.44718183 0.55      ] | Goal: [0.7055937  0.18868769 0.55      ] | DriftLimit: 0.0350 | FloorLimit: 0.4700 ---
2026-04-24 14:35:44,153 - [ENV] - --- EPISODE START | Scenario: TRANSIT | Start: [0.85962554 0.2379112  0.55      ] | Goal: [1.00064224 0.4957042  0.55      ] | DriftLimit: 0.0350 | FloorLimit: 0.4700 ---
2026-04-24 14:36:41,547 - [ENV] - --- EPISODE START | Scenario: TRANSIT | Start: [0.96507863 0.526035   0.55      ] | Goal: [1.07781812 0.27585522 0.55      ] | DriftLimit: 0.0350 | FloorLimit: 0.4700 ---
2026-04-24 14:36:46,332 - [ENV] - --- EPISODE START | Scenario: TRANSIT | Start: [0.61150759 0.27630634 0.55      ] | Goal: [1.02625046 0.2431026  0.55      ] | DriftLimit: 0.0350 | FloorLimit: 0.4700 ---
2026-04-24 14:36:50,667 - [ENV] - --- EPISODE START | Scenario: TRANSIT | Start: [1.05535095 0.29862503 0.55      ] | Goal: [0.87463443 0.06259719 0.55      ] | DriftLimit: 0.0350 | FloorLimit: 0.4700 ---
2026-04-24 14:36:55,459 - [ENV] - --- EPISODE START | Scenario: ASCEND | Start: [0.88529599 0.40350973 0.415     ] | Goal: [0.88529599 0.40350973 0.55      ] | DriftLimit: 0.0350 | FloorLimit: 0.4700 ---
2026-04-24 14:36:55,849 - [ENV] - SUCCESS: Goal reached in 12 steps. Dist = 0.0043m
2026-04-24 14:36:55,850 - [ENV] - --- EPISODE START | Scenario: TRANSIT | Start: [1.07974789 0.52220955 0.55      ] | Goal: [0.80456413 0.07834252 0.55      ] | DriftLimit: 0.0350 | FloorLimit: 0.4700 ---
2026-04-24 14:37:01,064 - [ENV] - --- EPISODE START | Scenario: ASCEND | Start: [0.78713141 0.11146393 0.415     ] | Goal: [0.78713141 0.11146393 0.55      ] | DriftLimit: 0.0350 | FloorLimit: 0.4700 ---
2026-04-24 14:37:01,207 - [ENV] - TERMINATED (Ascend): Tube Drift = 0.0461m (Max 0.0350m) at step 2
2026-04-24 14:37:01,207 - [ENV] - Episode ended without success at step 2. Final dist: 0.1360m
2026-04-24 14:37:01,207 - [ENV] - --- EPISODE START | Scenario: ASCEND | Start: [1.05942472 0.51961409 0.415     ] | Goal: [1.05942472 0.51961409 0.55      ] | DriftLimit: 0.0350 | FloorLimit: 0.4700 ---
2026-04-24 14:37:01,530 - [ENV] - SUCCESS: Goal reached in 9 steps. Dist = 0.0073m
2026-04-24 14:37:01,531 - [ENV] - --- EPISODE START | Scenario: TRANSIT | Start: [1.10075259 0.17117343 0.55      ] | Goal: [0.91633865 0.18113975 0.55      ] | DriftLimit: 0.0350 | FloorLimit: 0.4700 ---
2026-04-24 14:37:21,473 - [ENV] - --- EPISODE START | Scenario: ASCEND | Start: [0.85224944 0.00725342 0.415     ] | Goal: [0.85224944 0.00725342 0.55      ] | DriftLimit: 0.0350 | FloorLimit: 0.4700 ---
2026-04-24 14:37:21,632 - [ENV] - TERMINATED (Ascend): Tube Drift = 0.0529m (Max 0.0350m) at step 2
2026-04-24 14:37:21,632 - [ENV] - Episode ended without success at step 2. Final dist: 0.1372m
2026-04-24 14:37:21,633 - [ENV] - --- EPISODE START | Scenario: TRANSIT | Start: [1.05339496 0.08427153 0.55      ] | Goal: [ 0.60673401 -0.01574736  0.55      ] | DriftLimit: 0.0350 | FloorLimit: 0.4700 ---
2026-04-24 14:37:28,088 - [ENV] - --- EPISODE START | Scenario: ASCEND | Start: [0.73798983 0.417737   0.415     ] | Goal: [0.73798983 0.417737   0.55      ] | DriftLimit: 0.0350 | FloorLimit: 0.4700 ---
2026-04-24 14:37:28,703 - [ENV] - TERMINATED (Ascend): Tube Drift = 0.0378m (Max 0.0350m) at step 15
2026-04-24 14:37:28,703 - [ENV] - Episode ended without success at step 15. Final dist: 0.0648m
2026-04-24 14:37:28,704 - [ENV] - --- EPISODE START | Scenario: DESCEND | Start: [0.76192945 0.17595911 0.55      ] | Goal: [0.76192945 0.17595911 0.41      ] | DriftLimit: 0.0350 | FloorLimit: 0.4700 ---
2026-04-24 14:37:29,149 - [ENV] - SUCCESS: Goal reached in 13 steps. Dist = 0.0100m
2026-04-24 14:37:29,150 - [ENV] - --- EPISODE START | Scenario: DESCEND | Start: [1.00021523 0.25294425 0.55      ] | Goal: [1.00021523 0.25294425 0.41      ] | DriftLimit: 0.0350 | FloorLimit: 0.4700 ---
2026-04-24 14:37:29,507 - [ENV] - SUCCESS: Goal reached in 7 steps. Dist = 0.0093m
2026-04-24 14:37:29,508 - [ENV] - --- EPISODE START | Scenario: ASCEND | Start: [1.09628215 0.49192497 0.415     ] | Goal: [1.09628215 0.49192497 0.55      ] | DriftLimit: 0.0350 | FloorLimit: 0.4700 ---
2026-04-24 14:37:30,002 - [ENV] - SUCCESS: Goal reached in 13 steps. Dist = 0.0097m
2026-04-24 14:37:30,003 - [ENV] - --- EPISODE START | Scenario: TRANSIT | Start: [0.98559392 0.05824774 0.55      ] | Goal: [0.91807592 0.13849913 0.55      ] | DriftLimit: 0.0350 | FloorLimit: 0.4700 ---
2026-04-24 14:37:36,589 - [ENV] - --- EPISODE START | Scenario: ASCEND | Start: [0.86147952 0.29319858 0.415     ] | Goal: [0.86147952 0.29319858 0.55      ] | DriftLimit: 0.0350 | FloorLimit: 0.4700 ---
2026-04-24 14:37:36,863 - [ENV] - TERMINATED (Ascend): Tube Drift = 0.0387m (Max 0.0350m) at step 2
2026-04-24 14:37:36,864 - [ENV] - Episode ended without success at step 2. Final dist: 0.1325m
2026-04-24 14:37:36,864 - [ENV] - --- EPISODE START | Scenario: ASCEND | Start: [0.94592007 0.11255569 0.415     ] | Goal: [0.94592007 0.11255569 0.55      ] | DriftLimit: 0.0350 | FloorLimit: 0.4700 ---
2026-04-24 14:37:42,599 - [ENV] - --- EPISODE START | Scenario: ASCEND | Start: [0.92941105 0.29393733 0.415     ] | Goal: [0.92941105 0.29393733 0.55      ] | DriftLimit: 0.0350 | FloorLimit: 0.4700 ---
2026-04-24 14:37:48,575 - [ENV] - --- EPISODE START | Scenario: TRANSIT | Start: [1.1383889  0.02182704 0.55      ] | Goal: [1.09635488 0.16614749 0.55      ] | DriftLimit: 0.0350 | FloorLimit: 0.4700 ---
2026-04-24 14:37:54,816 - [ENV] - --- EPISODE START | Scenario: TRANSIT | Start: [0.77612659 0.27828733 0.55      ] | Goal: [1.05470249 0.0565753  0.55      ] | DriftLimit: 0.0350 | FloorLimit: 0.4700 ---
2026-04-24 14:38:00,200 - [ENV] - --- EPISODE START | Scenario: TRANSIT | Start: [0.90478917 0.32362861 0.55      ] | Goal: [0.63540309 0.46986782 0.55      ] | DriftLimit: 0.0350 | FloorLimit: 0.4700 ---
2026-04-24 14:38:05,522 - [ENV] - --- EPISODE START | Scenario: ASCEND | Start: [0.87482995 0.28018689 0.415     ] | Goal: [0.87482995 0.28018689 0.55      ] | DriftLimit: 0.0350 | FloorLimit: 0.4700 ---
2026-04-24 14:38:05,807 - [ENV] - TERMINATED (Ascend): Tube Drift = 0.0428m (Max 0.0350m) at step 2
2026-04-24 14:38:05,808 - [ENV] - Episode ended without success at step 2. Final dist: 0.1331m
2026-04-24 14:38:05,809 - [ENV] - --- EPISODE START | Scenario: DESCEND | Start: [0.99563256 0.06869878 0.55      ] | Goal: [0.99563256 0.06869878 0.415     ] | DriftLimit: 0.0350 | FloorLimit: 0.4700 ---
2026-04-24 14:38:05,990 - [ENV] - SUCCESS: Goal reached in 4 steps. Dist = 0.0098m
2026-04-24 14:38:05,990 - [ENV] - --- EPISODE START | Scenario: TRANSIT | Start: [0.94868572 0.01363595 0.55      ] | Goal: [0.69147046 0.31652874 0.55      ] | DriftLimit: 0.0350 | FloorLimit: 0.4700 ---
