2026-04-24 08:53:51,703 - [ENV] - --- EPISODE START | Scenario: ASCEND | Start: [0.99230873 0.33074595 0.415     ] | Goal: [0.99230873 0.33074595 0.55      ] | DriftLimit: 0.0800 | FloorLimit: 0.4500 ---
2026-04-24 08:53:51,961 - [ENV] - TERMINATED (Ascend): Tube Drift = 0.0807m (Max 0.0800m) at step 6
2026-04-24 08:53:51,961 - [ENV] - Episode ended without success at step 6. Final dist: 0.1564m
2026-04-24 08:53:51,961 - [ENV] - --- EPISODE START | Scenario: DESCEND | Start: [1.11425048 0.23025403 0.55      ] | Goal: [1.11425048 0.23025403 0.415     ] | DriftLimit: 0.0800 | FloorLimit: 0.4500 ---
2026-04-24 08:53:52,116 - [ENV] - TERMINATED (Descend): Tube Drift = 0.1018m (Max 0.0800m) at step 19
2026-04-24 08:53:52,117 - [ENV] - Episode ended without success at step 19. Final dist: 0.1198m
2026-04-24 08:53:52,117 - [ENV] - --- EPISODE START | Scenario: ASCEND | Start: [0.916141   0.44630267 0.415     ] | Goal: [0.916141   0.44630267 0.55      ] | DriftLimit: 0.0800 | FloorLimit: 0.4500 ---
2026-04-24 08:53:52,345 - [ENV] - TERMINATED (Ascend): Tube Drift = 0.0868m (Max 0.0800m) at step 9
2026-04-24 08:53:52,345 - [ENV] - Episode ended without success at step 9. Final dist: 0.1195m
2026-04-24 08:53:52,346 - [ENV] - --- EPISODE START | Scenario: ASCEND | Start: [0.85743088 0.33481497 0.415     ] | Goal: [0.85743088 0.33481497 0.55      ] | DriftLimit: 0.0800 | FloorLimit: 0.4500 ---
2026-04-24 08:53:52,686 - [ENV] - TERMINATED (Ascend): Tube Drift = 0.0856m (Max 0.0800m) at step 16
2026-04-24 08:53:52,686 - [ENV] - Episode ended without success at step 16. Final dist: 0.1249m
2026-04-24 08:53:52,687 - [ENV] - --- EPISODE START | Scenario: ASCEND | Start: [0.86447487 0.40226628 0.415     ] | Goal: [0.86447487 0.40226628 0.55      ] | DriftLimit: 0.0800 | FloorLimit: 0.4500 ---
2026-04-24 08:53:52,818 - [ENV] - TERMINATED (Ascend): Tube Drift = 0.0829m (Max 0.0800m) at step 7
2026-04-24 08:53:52,818 - [ENV] - Episode ended without success at step 7. Final dist: 0.1098m
2026-04-24 08:53:52,818 - [ENV] - --- EPISODE START | Scenario: ASCEND | Start: [0.67879177 0.12902838 0.415     ] | Goal: [0.67879177 0.12902838 0.55      ] | DriftLimit: 0.0800 | FloorLimit: 0.4500 ---
2026-04-24 08:53:52,984 - [ENV] - TERMINATED (Ascend): Tube Drift = 0.0837m (Max 0.0799m) at step 13
2026-04-24 08:53:52,985 - [ENV] - Episode ended without success at step 13. Final dist: 0.1587m
2026-04-24 08:53:52,985 - [ENV] - --- EPISODE START | Scenario: TRANSIT | Start: [0.67886335 0.31063015 0.55      ] | Goal: [ 0.71028798 -0.01538527  0.55      ] | DriftLimit: 0.0799 | FloorLimit: 0.4500 ---
2026-04-24 08:53:54,798 - [ENV] - --- EPISODE START | Scenario: DESCEND | Start: [1.07817736 0.05951153 0.55      ] | Goal: [1.07817736 0.05951153 0.415     ] | DriftLimit: 0.0798 | FloorLimit: 0.4501 ---
2026-04-24 08:53:55,105 - [ENV] - TERMINATED (Descend): Tube Drift = 0.0810m (Max 0.0798m) at step 16
2026-04-24 08:53:55,105 - [ENV] - Episode ended without success at step 16. Final dist: 0.0852m
2026-04-24 08:53:55,106 - [ENV] - --- EPISODE START | Scenario: TRANSIT | Start: [0.73161062 0.09814118 0.55      ] | Goal: [1.07860974 0.43236402 0.55      ] | DriftLimit: 0.0798 | FloorLimit: 0.4501 ---
2026-04-24 08:53:55,155 - [ENV] - TERMINATED (Transit): Floor collision. Z = 0.4469m (Min 0.450m) at step 7
2026-04-24 08:53:55,156 - [ENV] - Episode ended without success at step 7. Final dist: 0.4573m
2026-04-24 08:53:55,156 - [ENV] - --- EPISODE START | Scenario: TRANSIT | Start: [1.00648742 0.29439891 0.55      ] | Goal: [0.86030799 0.10081215 0.55      ] | DriftLimit: 0.0798 | FloorLimit: 0.4501 ---
2026-04-24 08:53:55,525 - [ENV] - TERMINATED (Transit): Floor collision. Z = 0.4435m (Min 0.450m) at step 6
2026-04-24 08:53:55,525 - [ENV] - Episode ended without success at step 6. Final dist: 0.2840m
2026-04-24 08:53:55,525 - [ENV] - --- EPISODE START | Scenario: ASCEND | Start: [1.08168305 0.1685258  0.415     ] | Goal: [1.08168305 0.1685258  0.55      ] | DriftLimit: 0.0798 | FloorLimit: 0.4501 ---
2026-04-24 08:53:55,772 - [ENV] - TERMINATED (Ascend): Tube Drift = 0.0876m (Max 0.0798m) at step 24
2026-04-24 08:53:55,772 - [ENV] - Episode ended without success at step 24. Final dist: 0.1566m
2026-04-24 08:53:55,773 - [ENV] - --- EPISODE START | Scenario: TRANSIT | Start: [0.88908234 0.28578359 0.55      ] | Goal: [1.03007319 0.37592294 0.55      ] | DriftLimit: 0.0798 | FloorLimit: 0.4501 ---
2026-04-24 08:53:56,027 - [ENV] - TERMINATED (Transit): Floor collision. Z = 0.4418m (Min 0.450m) at step 5
2026-04-24 08:53:56,027 - [ENV] - Episode ended without success at step 5. Final dist: 0.1958m
2026-04-24 08:53:56,027 - [ENV] - --- EPISODE START | Scenario: ASCEND | Start: [1.0722201 0.2425833 0.415    ] | Goal: [1.0722201 0.2425833 0.55     ] | DriftLimit: 0.0798 | FloorLimit: 0.4501 ---
2026-04-24 08:53:56,254 - [ENV] - TERMINATED (Ascend): Tube Drift = 0.0891m (Max 0.0798m) at step 23
2026-04-24 08:53:56,254 - [ENV] - Episode ended without success at step 23. Final dist: 0.1202m
2026-04-24 08:53:56,255 - [ENV] - --- EPISODE START | Scenario: TRANSIT | Start: [0.75889552 0.42499492 0.55      ] | Goal: [0.66771677 0.06388308 0.55      ] | DriftLimit: 0.0798 | FloorLimit: 0.4501 ---
2026-04-24 08:53:56,629 - [ENV] - TERMINATED (Transit): Floor collision. Z = 0.4478m (Min 0.450m) at step 46
2026-04-24 08:53:56,629 - [ENV] - Episode ended without success at step 46. Final dist: 0.3418m
2026-04-24 08:53:56,630 - [ENV] - --- EPISODE START | Scenario: TRANSIT | Start: [1.04146141 0.30006935 0.55      ] | Goal: [0.8373998  0.10259015 0.55      ] | DriftLimit: 0.0797 | FloorLimit: 0.4501 ---
2026-04-24 08:53:56,976 - [ENV] - TERMINATED (Transit): Floor collision. Z = 0.4390m (Min 0.450m) at step 71
2026-04-24 08:53:56,976 - [ENV] - Episode ended without success at step 71. Final dist: 0.3361m
2026-04-24 08:53:56,977 - [ENV] - --- EPISODE START | Scenario: DESCEND | Start: [0.78483695 0.47641042 0.55      ] | Goal: [0.78483695 0.47641042 0.415     ] | DriftLimit: 0.0797 | FloorLimit: 0.4502 ---
2026-04-24 08:53:57,253 - [ENV] - TERMINATED (Descend): Tube Drift = 0.0805m (Max 0.0797m) at step 29
2026-04-24 08:53:57,253 - [ENV] - Episode ended without success at step 29. Final dist: 0.2366m
2026-04-24 08:53:57,254 - [ENV] - --- EPISODE START | Scenario: ASCEND | Start: [1.07963014 0.12007144 0.415     ] | Goal: [1.07963014 0.12007144 0.55      ] | DriftLimit: 0.0797 | FloorLimit: 0.4502 ---
2026-04-24 08:53:57,789 - [ENV] - TERMINATED (Ascend): Tube Drift = 0.0932m (Max 0.0796m) at step 16
2026-04-24 08:53:57,790 - [ENV] - Episode ended without success at step 16. Final dist: 0.1389m
2026-04-24 08:53:57,790 - [ENV] - --- EPISODE START | Scenario: TRANSIT | Start: [0.95314103 0.03813536 0.55      ] | Goal: [1.10735751 0.14310872 0.55      ] | DriftLimit: 0.0796 | FloorLimit: 0.4502 ---
2026-04-24 08:53:57,839 - [ENV] - TERMINATED (Transit): Floor collision. Z = 0.4466m (Min 0.450m) at step 6
2026-04-24 08:53:57,839 - [ENV] - Episode ended without success at step 6. Final dist: 0.2638m
2026-04-24 08:53:57,839 - [ENV] - --- EPISODE START | Scenario: ASCEND | Start: [0.83164766 0.033196   0.415     ] | Goal: [0.83164766 0.033196   0.55      ] | DriftLimit: 0.0796 | FloorLimit: 0.4502 ---
2026-04-24 08:54:02,234 - [ENV] - --- EPISODE START | Scenario: DESCEND | Start: [0.8715066  0.11724146 0.55      ] | Goal: [0.8715066  0.11724146 0.41      ] | DriftLimit: 0.0795 | FloorLimit: 0.4503 ---
2026-04-24 08:54:06,727 - [ENV] - --- EPISODE START | Scenario: TRANSIT | Start: [0.97797981 0.26246964 0.55      ] | Goal: [1.10828057 0.12719883 0.55      ] | DriftLimit: 0.0794 | FloorLimit: 0.4503 ---
2026-04-24 08:54:11,102 - [ENV] - --- EPISODE START | Scenario: DESCEND | Start: [0.75197379 0.30666084 0.55      ] | Goal: [0.75197379 0.30666084 0.41      ] | DriftLimit: 0.0793 | FloorLimit: 0.4504 ---
2026-04-24 08:54:15,746 - [ENV] - --- EPISODE START | Scenario: TRANSIT | Start: [0.88662413 0.33948584 0.55      ] | Goal: [1.06208622 0.50529757 0.55      ] | DriftLimit: 0.0791 | FloorLimit: 0.4505 ---
2026-04-24 08:54:16,128 - [ENV] - SUCCESS: Goal reached in 6 steps. Dist = 0.0097m
2026-04-24 08:54:16,129 - [ENV] - --- EPISODE START | Scenario: ASCEND | Start: [0.69521949 0.05593229 0.415     ] | Goal: [0.69521949 0.05593229 0.55      ] | DriftLimit: 0.0791 | FloorLimit: 0.4505 ---
2026-04-24 08:54:20,531 - [ENV] - --- EPISODE START | Scenario: ASCEND | Start: [0.7723888  0.32201989 0.415     ] | Goal: [0.7723888  0.32201989 0.55      ] | DriftLimit: 0.0790 | FloorLimit: 0.4506 ---
2026-04-24 08:54:22,052 - [ENV] - TERMINATED (Ascend): Tube Drift = 0.0799m (Max 0.0790m) at step 35
2026-04-24 08:54:22,052 - [ENV] - Episode ended without success at step 35. Final dist: 0.1521m
2026-04-24 08:54:22,053 - [ENV] - --- EPISODE START | Scenario: TRANSIT | Start: [0.65324405 0.27021165 0.55      ] | Goal: [0.63492064 0.16716297 0.55      ] | DriftLimit: 0.0790 | FloorLimit: 0.4506 ---
2026-04-24 08:54:22,503 - [ENV] - SUCCESS: Goal reached in 15 steps. Dist = 0.0169m
2026-04-24 08:54:22,503 - [ENV] - --- EPISODE START | Scenario: ASCEND | Start: [0.80182666 0.50268169 0.415     ] | Goal: [0.80182666 0.50268169 0.55      ] | DriftLimit: 0.0790 | FloorLimit: 0.4506 ---
2026-04-24 08:54:23,267 - [ENV] - TERMINATED (Ascend): Tube Drift = 0.0833m (Max 0.0789m) at step 24
2026-04-24 08:54:23,268 - [ENV] - Episode ended without success at step 24. Final dist: 0.1601m
2026-04-24 08:54:23,268 - [ENV] - --- EPISODE START | Scenario: ASCEND | Start: [1.00769799 0.17899338 0.415     ] | Goal: [1.00769799 0.17899338 0.55      ] | DriftLimit: 0.0789 | FloorLimit: 0.4506 ---
2026-04-24 08:54:23,594 - [ENV] - TERMINATED (Ascend): Tube Drift = 0.0800m (Max 0.0789m) at step 9
2026-04-24 08:54:23,594 - [ENV] - Episode ended without success at step 9. Final dist: 0.1411m
2026-04-24 08:54:23,595 - [ENV] - --- EPISODE START | Scenario: TRANSIT | Start: [0.86179911 0.28524313 0.55      ] | Goal: [0.7536694  0.36721326 0.55      ] | DriftLimit: 0.0789 | FloorLimit: 0.4506 ---
2026-04-24 08:54:24,579 - [ENV] - SUCCESS: Goal reached in 43 steps. Dist = 0.0127m
2026-04-24 08:54:24,580 - [ENV] - --- EPISODE START | Scenario: TRANSIT | Start: [0.89291326 0.26634981 0.55      ] | Goal: [1.00174161 0.3896895  0.55      ] | DriftLimit: 0.0789 | FloorLimit: 0.4506 ---
2026-04-24 08:54:24,735 - [ENV] - SUCCESS: Goal reached in 4 steps. Dist = 0.0049m
2026-04-24 08:54:24,735 - [ENV] - --- EPISODE START | Scenario: ASCEND | Start: [0.62965221 0.51058666 0.415     ] | Goal: [0.62965221 0.51058666 0.55      ] | DriftLimit: 0.0789 | FloorLimit: 0.4506 ---
2026-04-24 08:54:25,202 - [ENV] - TERMINATED (Ascend): Tube Drift = 0.0801m (Max 0.0789m) at step 16
2026-04-24 08:54:25,203 - [ENV] - Episode ended without success at step 16. Final dist: 0.1513m
2026-04-24 08:54:25,203 - [ENV] - --- EPISODE START | Scenario: TRANSIT | Start: [1.06455381 0.51782725 0.55      ] | Goal: [0.74241896 0.04572313 0.55      ] | DriftLimit: 0.0789 | FloorLimit: 0.4506 ---
2026-04-24 08:54:25,614 - [ENV] - SUCCESS: Goal reached in 16 steps. Dist = 0.0191m
2026-04-24 08:54:25,614 - [ENV] - --- EPISODE START | Scenario: DESCEND | Start: [0.71638323 0.48808957 0.55      ] | Goal: [0.71638323 0.48808957 0.41      ] | DriftLimit: 0.0789 | FloorLimit: 0.4506 ---
2026-04-24 08:54:25,820 - [ENV] - SUCCESS: Goal reached in 7 steps. Dist = 0.0097m
2026-04-24 08:54:25,820 - [ENV] - --- EPISODE START | Scenario: DESCEND | Start: [0.75235719 0.4616222  0.55      ] | Goal: [0.75235719 0.4616222  0.415     ] | DriftLimit: 0.0789 | FloorLimit: 0.4506 ---
2026-04-24 08:54:26,061 - [ENV] - SUCCESS: Goal reached in 7 steps. Dist = 0.0099m
2026-04-24 08:54:26,061 - [ENV] - --- EPISODE START | Scenario: ASCEND | Start: [0.64841207 0.10193809 0.415     ] | Goal: [0.64841207 0.10193809 0.55      ] | DriftLimit: 0.0789 | FloorLimit: 0.4506 ---
2026-04-24 08:54:30,693 - [ENV] - --- EPISODE START | Scenario: ASCEND | Start: [1.13931998 0.37303846 0.415     ] | Goal: [1.13931998 0.37303846 0.55      ] | DriftLimit: 0.0787 | FloorLimit: 0.4507 ---
2026-04-24 08:54:35,610 - [ENV] - --- EPISODE START | Scenario: DESCEND | Start: [1.11550165 0.29798154 0.55      ] | Goal: [1.11550165 0.29798154 0.415     ] | DriftLimit: 0.0786 | FloorLimit: 0.4508 ---
2026-04-24 08:54:36,559 - [ENV] - SUCCESS: Goal reached in 41 steps. Dist = 0.0092m
2026-04-24 08:54:36,560 - [ENV] - --- EPISODE START | Scenario: TRANSIT | Start: [1.01856964 0.10353947 0.55      ] | Goal: [ 0.92249452 -0.00964808  0.55      ] | DriftLimit: 0.0786 | FloorLimit: 0.4508 ---
2026-04-24 08:54:40,585 - [ENV] - --- EPISODE START | Scenario: DESCEND | Start: [1.04674349 0.49388281 0.55      ] | Goal: [1.04674349 0.49388281 0.415     ] | DriftLimit: 0.0784 | FloorLimit: 0.4508 ---
2026-04-24 08:54:40,763 - [ENV] - SUCCESS: Goal reached in 4 steps. Dist = 0.0074m
2026-04-24 08:54:40,763 - [ENV] - --- EPISODE START | Scenario: ASCEND | Start: [0.65505479 0.2529463  0.415     ] | Goal: [0.65505479 0.2529463  0.55      ] | DriftLimit: 0.0784 | FloorLimit: 0.4508 ---
2026-04-24 08:54:42,701 - [ENV] - TERMINATED (Ascend): Tube Drift = 0.0807m (Max 0.0784m) at step 59
2026-04-24 08:54:42,702 - [ENV] - Episode ended without success at step 59. Final dist: 0.1574m
2026-04-24 08:54:42,702 - [ENV] - --- EPISODE START | Scenario: DESCEND | Start: [0.79451726 0.06690168 0.55      ] | Goal: [0.79451726 0.06690168 0.415     ] | DriftLimit: 0.0784 | FloorLimit: 0.4509 ---
2026-04-24 08:54:47,168 - [ENV] - --- EPISODE START | Scenario: DESCEND | Start: [0.74080952 0.33076918 0.55      ] | Goal: [0.74080952 0.33076918 0.415     ] | DriftLimit: 0.0783 | FloorLimit: 0.4509 ---
2026-04-24 08:54:47,829 - [ENV] - SUCCESS: Goal reached in 26 steps. Dist = 0.0098m
2026-04-24 08:54:47,830 - [ENV] - --- EPISODE START | Scenario: ASCEND | Start: [0.96028566 0.3779764  0.415     ] | Goal: [0.96028566 0.3779764  0.55      ] | DriftLimit: 0.0783 | FloorLimit: 0.4510 ---
2026-04-24 08:54:48,246 - [ENV] - TERMINATED (Ascend): Tube Drift = 0.0848m (Max 0.0782m) at step 13
2026-04-24 08:54:48,246 - [ENV] - Episode ended without success at step 13. Final dist: 0.1465m
2026-04-24 08:54:48,246 - [ENV] - --- EPISODE START | Scenario: TRANSIT | Start: [1.06634058 0.10992788 0.55      ] | Goal: [0.60200779 0.45693801 0.55      ] | DriftLimit: 0.0782 | FloorLimit: 0.4510 ---
2026-04-24 08:55:24,925 - [ENV] - --- EPISODE START | Scenario: TRANSIT | Start: [0.96415555 0.20588806 0.55      ] | Goal: [1.10708591 0.07989984 0.55      ] | DriftLimit: 0.0781 | FloorLimit: 0.4510 ---
2026-04-24 08:55:28,825 - [ENV] - --- EPISODE START | Scenario: DESCEND | Start: [0.72944512 0.37681074 0.55      ] | Goal: [0.72944512 0.37681074 0.415     ] | DriftLimit: 0.0780 | FloorLimit: 0.4511 ---
2026-04-24 08:55:32,841 - [ENV] - --- EPISODE START | Scenario: DESCEND | Start: [0.73116058 0.12989988 0.55      ] | Goal: [0.73116058 0.12989988 0.415     ] | DriftLimit: 0.0779 | FloorLimit: 0.4512 ---
2026-04-24 08:55:36,914 - [ENV] - --- EPISODE START | Scenario: DESCEND | Start: [0.60057559 0.09407051 0.55      ] | Goal: [0.60057559 0.09407051 0.415     ] | DriftLimit: 0.0777 | FloorLimit: 0.4512 ---
2026-04-24 08:55:40,885 - [ENV] - --- EPISODE START | Scenario: DESCEND | Start: [0.7532849 0.274894  0.55     ] | Goal: [0.7532849 0.274894  0.41     ] | DriftLimit: 0.0776 | FloorLimit: 0.4513 ---
2026-04-24 08:55:44,920 - [ENV] - --- EPISODE START | Scenario: ASCEND | Start: [0.61492387 0.09670552 0.415     ] | Goal: [0.61492387 0.09670552 0.55      ] | DriftLimit: 0.0775 | FloorLimit: 0.4514 ---
2026-04-24 08:55:45,257 - [ENV] - TERMINATED (Ascend): Tube Drift = 0.0801m (Max 0.0775m) at step 8
2026-04-24 08:55:45,258 - [ENV] - Episode ended without success at step 8. Final dist: 0.1349m
2026-04-24 08:55:45,258 - [ENV] - --- EPISODE START | Scenario: ASCEND | Start: [0.99229083 0.18410272 0.415     ] | Goal: [0.99229083 0.18410272 0.55      ] | DriftLimit: 0.0775 | FloorLimit: 0.4514 ---
2026-04-24 08:55:45,538 - [ENV] - TERMINATED (Ascend): Tube Drift = 0.0782m (Max 0.0775m) at step 10
2026-04-24 08:55:45,538 - [ENV] - Episode ended without success at step 10. Final dist: 0.1521m
2026-04-24 08:55:45,538 - [ENV] - --- EPISODE START | Scenario: ASCEND | Start: [0.71431333 0.3514414  0.415     ] | Goal: [0.71431333 0.3514414  0.55      ] | DriftLimit: 0.0775 | FloorLimit: 0.4514 ---
2026-04-24 08:55:46,040 - [ENV] - TERMINATED (Ascend): Tube Drift = 0.0801m (Max 0.0774m) at step 20
2026-04-24 08:55:46,040 - [ENV] - Episode ended without success at step 20. Final dist: 0.1518m
2026-04-24 08:55:46,041 - [ENV] - --- EPISODE START | Scenario: ASCEND | Start: [0.6796353  0.49209617 0.415     ] | Goal: [0.6796353  0.49209617 0.55      ] | DriftLimit: 0.0774 | FloorLimit: 0.4514 ---
2026-04-24 08:55:46,470 - [ENV] - TERMINATED (Ascend): Tube Drift = 0.0805m (Max 0.0774m) at step 16
2026-04-24 08:55:46,470 - [ENV] - Episode ended without success at step 16. Final dist: 0.1592m
2026-04-24 08:55:46,470 - [ENV] - --- EPISODE START | Scenario: DESCEND | Start: [0.79787125 0.47582296 0.55      ] | Goal: [0.79787125 0.47582296 0.415     ] | DriftLimit: 0.0774 | FloorLimit: 0.4514 ---
2026-04-24 08:55:46,630 - [ENV] - SUCCESS: Goal reached in 3 steps. Dist = 0.0076m
2026-04-24 08:55:46,631 - [ENV] - --- EPISODE START | Scenario: TRANSIT | Start: [1.13808788 0.14559111 0.55      ] | Goal: [0.91851881 0.38187479 0.55      ] | DriftLimit: 0.0774 | FloorLimit: 0.4514 ---
2026-04-24 08:55:50,797 - [ENV] - --- EPISODE START | Scenario: TRANSIT | Start: [1.00744202 0.04982837 0.55      ] | Goal: [1.15090852 0.46282651 0.55      ] | DriftLimit: 0.0773 | FloorLimit: 0.4515 ---
2026-04-24 08:55:54,770 - [ENV] - --- EPISODE START | Scenario: ASCEND | Start: [0.93613511 0.41151839 0.415     ] | Goal: [0.93613511 0.41151839 0.55      ] | DriftLimit: 0.0772 | FloorLimit: 0.4515 ---
2026-04-24 08:55:55,080 - [ENV] - TERMINATED (Ascend): Tube Drift = 0.0817m (Max 0.0772m) at step 11
2026-04-24 08:55:55,080 - [ENV] - Episode ended without success at step 11. Final dist: 0.1458m
2026-04-24 08:55:55,081 - [ENV] - --- EPISODE START | Scenario: TRANSIT | Start: [0.84651167 0.36414882 0.55      ] | Goal: [0.98057337 0.10328725 0.55      ] | DriftLimit: 0.0772 | FloorLimit: 0.4515 ---
2026-04-24 08:55:58,969 - [ENV] - --- EPISODE START | Scenario: DESCEND | Start: [0.77268241 0.08569821 0.55      ] | Goal: [0.77268241 0.08569821 0.415     ] | DriftLimit: 0.0770 | FloorLimit: 0.4516 ---
2026-04-24 08:56:02,699 - [ENV] - --- EPISODE START | Scenario: ASCEND | Start: [0.71925516 0.28484237 0.415     ] | Goal: [0.71925516 0.28484237 0.55      ] | DriftLimit: 0.0769 | FloorLimit: 0.4517 ---
2026-04-24 08:56:04,494 - [ENV] - TERMINATED (Ascend): Tube Drift = 0.0769m (Max 0.0769m) at step 76
2026-04-24 08:56:04,494 - [ENV] - Episode ended without success at step 76. Final dist: 0.1505m
2026-04-24 08:56:04,495 - [ENV] - --- EPISODE START | Scenario: DESCEND | Start: [1.04969544 0.25276631 0.55      ] | Goal: [1.04969544 0.25276631 0.415     ] | DriftLimit: 0.0769 | FloorLimit: 0.4517 ---
2026-04-24 08:56:06,024 - [ENV] - TERMINATED (Descend): Tube Drift = 0.0791m (Max 0.0768m) at step 71
2026-04-24 08:56:06,024 - [ENV] - Episode ended without success at step 71. Final dist: 0.0793m
2026-04-24 08:56:06,025 - [ENV] - --- EPISODE START | Scenario: TRANSIT | Start: [0.64816071 0.16186029 0.55      ] | Goal: [1.06012583 0.49520702 0.55      ] | DriftLimit: 0.0768 | FloorLimit: 0.4517 ---
2026-04-24 08:56:10,048 - [ENV] - --- EPISODE START | Scenario: DESCEND | Start: [0.62870907 0.25208604 0.55      ] | Goal: [0.62870907 0.25208604 0.41      ] | DriftLimit: 0.0767 | FloorLimit: 0.4518 ---
2026-04-24 08:56:13,766 - [ENV] - --- EPISODE START | Scenario: DESCEND | Start: [1.14680916 0.12096139 0.55      ] | Goal: [1.14680916 0.12096139 0.415     ] | DriftLimit: 0.0765 | FloorLimit: 0.4519 ---
2026-04-24 08:56:14,220 - [ENV] - SUCCESS: Goal reached in 11 steps. Dist = 0.0089m
2026-04-24 08:56:14,222 - [ENV] - --- EPISODE START | Scenario: ASCEND | Start: [0.66855667 0.24484998 0.415     ] | Goal: [0.66855667 0.24484998 0.55      ] | DriftLimit: 0.0765 | FloorLimit: 0.4519 ---
2026-04-24 08:56:14,771 - [ENV] - TERMINATED (Ascend): Tube Drift = 0.0773m (Max 0.0765m) at step 13
2026-04-24 08:56:14,771 - [ENV] - Episode ended without success at step 13. Final dist: 0.1512m
2026-04-24 08:56:14,772 - [ENV] - --- EPISODE START | Scenario: TRANSIT | Start: [1.02223892 0.44024445 0.55      ] | Goal: [0.62202079 0.22452684 0.55      ] | DriftLimit: 0.0765 | FloorLimit: 0.4519 ---
2026-04-24 08:56:19,613 - [ENV] - --- EPISODE START | Scenario: ASCEND | Start: [ 1.07718771e+00 -1.01706289e-03  4.15000000e-01] | Goal: [ 1.07718771e+00 -1.01706289e-03  5.50000000e-01] | DriftLimit: 0.0764 | FloorLimit: 0.4520 ---
2026-04-24 08:56:20,136 - [ENV] - TERMINATED (Ascend): Tube Drift = 0.0794m (Max 0.0764m) at step 15
2026-04-24 08:56:20,136 - [ENV] - Episode ended without success at step 15. Final dist: 0.1309m
2026-04-24 08:56:20,137 - [ENV] - --- EPISODE START | Scenario: TRANSIT | Start: [0.79896057 0.44191295 0.55      ] | Goal: [1.04207199 0.52100882 0.55      ] | DriftLimit: 0.0764 | FloorLimit: 0.4520 ---
2026-04-24 08:56:52,878 - [ENV] - --- EPISODE START | Scenario: ASCEND | Start: [1.08719496 0.01092978 0.415     ] | Goal: [1.08719496 0.01092978 0.55      ] | DriftLimit: 0.0763 | FloorLimit: 0.4520 ---
2026-04-24 08:56:53,324 - [ENV] - TERMINATED (Ascend): Tube Drift = 0.0773m (Max 0.0762m) at step 16
2026-04-24 08:56:53,324 - [ENV] - Episode ended without success at step 16. Final dist: 0.1264m
2026-04-24 08:56:53,324 - [ENV] - --- EPISODE START | Scenario: ASCEND | Start: [0.64827418 0.0855127  0.415     ] | Goal: [0.64827418 0.0855127  0.55      ] | DriftLimit: 0.0762 | FloorLimit: 0.4520 ---
2026-04-24 08:56:57,483 - [ENV] - --- EPISODE START | Scenario: TRANSIT | Start: [0.92762741 0.09715753 0.55      ] | Goal: [0.67961335 0.43991147 0.55      ] | DriftLimit: 0.0761 | FloorLimit: 0.4521 ---
2026-04-24 08:57:01,644 - [ENV] - --- EPISODE START | Scenario: DESCEND | Start: [1.08237099 0.44644303 0.55      ] | Goal: [1.08237099 0.44644303 0.415     ] | DriftLimit: 0.0760 | FloorLimit: 0.4522 ---
2026-04-24 08:57:03,337 - [ENV] - TERMINATED (Descend): Tube Drift = 0.0760m (Max 0.0759m) at step 60
2026-04-24 08:57:03,338 - [ENV] - Episode ended without success at step 60. Final dist: 0.0768m
2026-04-24 08:57:03,338 - [ENV] - --- EPISODE START | Scenario: TRANSIT | Start: [0.60986911 0.40779524 0.55      ] | Goal: [0.87861024 0.31925272 0.55      ] | DriftLimit: 0.0759 | FloorLimit: 0.4522 ---
2026-04-24 08:57:07,856 - [ENV] - --- EPISODE START | Scenario: TRANSIT | Start: [0.87934534 0.11164657 0.55      ] | Goal: [0.75112749 0.14929213 0.55      ] | DriftLimit: 0.0758 | FloorLimit: 0.4523 ---
2026-04-24 08:57:12,193 - [ENV] - --- EPISODE START | Scenario: ASCEND | Start: [1.08140079 0.40660666 0.415     ] | Goal: [1.08140079 0.40660666 0.55      ] | DriftLimit: 0.0757 | FloorLimit: 0.4523 ---
2026-04-24 08:57:12,555 - [ENV] - TERMINATED (Ascend): Tube Drift = 0.0804m (Max 0.0757m) at step 12
2026-04-24 08:57:12,556 - [ENV] - Episode ended without success at step 12. Final dist: 0.1305m
2026-04-24 08:57:12,556 - [ENV] - --- EPISODE START | Scenario: ASCEND | Start: [1.0596924  0.06446051 0.415     ] | Goal: [1.0596924  0.06446051 0.55      ] | DriftLimit: 0.0757 | FloorLimit: 0.4524 ---
2026-04-24 08:57:16,980 - [ENV] - --- EPISODE START | Scenario: DESCEND | Start: [0.74190701 0.24541561 0.55      ] | Goal: [0.74190701 0.24541561 0.415     ] | DriftLimit: 0.0756 | FloorLimit: 0.4524 ---
2026-04-24 08:57:21,689 - [ENV] - --- EPISODE START | Scenario: DESCEND | Start: [ 0.75355272 -0.00969585  0.55      ] | Goal: [ 0.75355272 -0.00969585  0.415     ] | DriftLimit: 0.0754 | FloorLimit: 0.4525 ---
2026-04-24 08:57:21,821 - [ENV] - SUCCESS: Goal reached in 5 steps. Dist = 0.0079m
2026-04-24 08:57:21,822 - [ENV] - --- EPISODE START | Scenario: ASCEND | Start: [1.0627597  0.16231298 0.415     ] | Goal: [1.0627597  0.16231298 0.55      ] | DriftLimit: 0.0754 | FloorLimit: 0.4525 ---
2026-04-24 08:57:26,150 - [ENV] - --- EPISODE START | Scenario: DESCEND | Start: [1.15471737 0.43554225 0.55      ] | Goal: [1.15471737 0.43554225 0.415     ] | DriftLimit: 0.0753 | FloorLimit: 0.4526 ---
2026-04-24 08:57:26,485 - [ENV] - SUCCESS: Goal reached in 8 steps. Dist = 0.0097m
2026-04-24 08:57:26,486 - [ENV] - --- EPISODE START | Scenario: DESCEND | Start: [1.0758078  0.36491335 0.55      ] | Goal: [1.0758078  0.36491335 0.415     ] | DriftLimit: 0.0753 | FloorLimit: 0.4526 ---
2026-04-24 08:57:28,351 - [ENV] - TERMINATED (Descend): Tube Drift = 0.0767m (Max 0.0752m) at step 80
2026-04-24 08:57:28,351 - [ENV] - Episode ended without success at step 80. Final dist: 0.0770m
2026-04-24 08:57:28,352 - [ENV] - --- EPISODE START | Scenario: DESCEND | Start: [1.0761894  0.19669141 0.55      ] | Goal: [1.0761894  0.19669141 0.41      ] | DriftLimit: 0.0752 | FloorLimit: 0.4526 ---
2026-04-24 08:57:29,541 - [ENV] - SUCCESS: Goal reached in 45 steps. Dist = 0.0099m
2026-04-24 08:57:29,541 - [ENV] - --- EPISODE START | Scenario: TRANSIT | Start: [0.93972404 0.04991681 0.55      ] | Goal: [0.61253239 0.16578825 0.55      ] | DriftLimit: 0.0752 | FloorLimit: 0.4526 ---
2026-04-24 08:57:33,969 - [ENV] - --- EPISODE START | Scenario: DESCEND | Start: [1.00340348 0.21412131 0.55      ] | Goal: [1.00340348 0.21412131 0.415     ] | DriftLimit: 0.0751 | FloorLimit: 0.4527 ---
2026-04-24 08:57:34,948 - [ENV] - SUCCESS: Goal reached in 38 steps. Dist = 0.0095m
2026-04-24 08:57:34,948 - [ENV] - --- EPISODE START | Scenario: DESCEND | Start: [0.99800182 0.19422998 0.55      ] | Goal: [0.99800182 0.19422998 0.41      ] | DriftLimit: 0.0750 | FloorLimit: 0.4527 ---
2026-04-24 08:57:36,220 - [ENV] - SUCCESS: Goal reached in 50 steps. Dist = 0.0099m
2026-04-24 08:57:36,222 - [ENV] - --- EPISODE START | Scenario: DESCEND | Start: [0.90699852 0.10105505 0.55      ] | Goal: [0.90699852 0.10105505 0.415     ] | DriftLimit: 0.0750 | FloorLimit: 0.4527 ---
2026-04-24 08:57:40,530 - [ENV] - --- EPISODE START | Scenario: ASCEND | Start: [0.93107143 0.18466701 0.415     ] | Goal: [0.93107143 0.18466701 0.55      ] | DriftLimit: 0.0749 | FloorLimit: 0.4528 ---
2026-04-24 08:57:44,881 - [ENV] - --- EPISODE START | Scenario: ASCEND | Start: [0.76755144 0.12269594 0.415     ] | Goal: [0.76755144 0.12269594 0.55      ] | DriftLimit: 0.0747 | FloorLimit: 0.4529 ---
2026-04-24 08:57:49,394 - [ENV] - --- EPISODE START | Scenario: ASCEND | Start: [1.01468164 0.2926759  0.415     ] | Goal: [1.01468164 0.2926759  0.55      ] | DriftLimit: 0.0746 | FloorLimit: 0.4529 ---
2026-04-24 08:58:19,464 - [ENV] - --- EPISODE START | Scenario: TRANSIT | Start: [0.79637114 0.30488153 0.55      ] | Goal: [0.67245332 0.03817779 0.55      ] | DriftLimit: 0.0745 | FloorLimit: 0.4530 ---
2026-04-24 08:58:19,940 - [ENV] - TERMINATED (Transit): Floor collision. Z = 0.4518m (Min 0.453m) at step 17
2026-04-24 08:58:19,940 - [ENV] - Episode ended without success at step 17. Final dist: 0.1018m
2026-04-24 08:58:19,941 - [ENV] - --- EPISODE START | Scenario: ASCEND | Start: [0.75222149 0.0711455  0.415     ] | Goal: [0.75222149 0.0711455  0.55      ] | DriftLimit: 0.0745 | FloorLimit: 0.4530 ---
2026-04-24 08:58:23,760 - [ENV] - --- EPISODE START | Scenario: DESCEND | Start: [0.65546116 0.25855915 0.55      ] | Goal: [0.65546116 0.25855915 0.415     ] | DriftLimit: 0.0744 | FloorLimit: 0.4531 ---
2026-04-24 08:58:27,561 - [ENV] - --- EPISODE START | Scenario: ASCEND | Start: [0.62875833 0.5049257  0.415     ] | Goal: [0.62875833 0.5049257  0.55      ] | DriftLimit: 0.0742 | FloorLimit: 0.4532 ---
2026-04-24 08:58:28,113 - [ENV] - TERMINATED (Ascend): Tube Drift = 0.0756m (Max 0.0742m) at step 17
2026-04-24 08:58:28,113 - [ENV] - Episode ended without success at step 17. Final dist: 0.1549m
2026-04-24 08:58:28,114 - [ENV] - --- EPISODE START | Scenario: DESCEND | Start: [0.64706708 0.13543584 0.55      ] | Goal: [0.64706708 0.13543584 0.41      ] | DriftLimit: 0.0742 | FloorLimit: 0.4532 ---
2026-04-24 08:58:32,581 - [ENV] - --- EPISODE START | Scenario: TRANSIT | Start: [1.15510038 0.3474802  0.55      ] | Goal: [0.78413775 0.31856835 0.55      ] | DriftLimit: 0.0741 | FloorLimit: 0.4532 ---
2026-04-24 08:58:37,387 - [ENV] - --- EPISODE START | Scenario: DESCEND | Start: [0.86711965 0.33732399 0.55      ] | Goal: [0.86711965 0.33732399 0.415     ] | DriftLimit: 0.0740 | FloorLimit: 0.4533 ---
2026-04-24 08:58:41,856 - [ENV] - --- EPISODE START | Scenario: ASCEND | Start: [0.63219429 0.52995179 0.415     ] | Goal: [0.63219429 0.52995179 0.55      ] | DriftLimit: 0.0738 | FloorLimit: 0.4534 ---
2026-04-24 08:58:42,414 - [ENV] - TERMINATED (Ascend): Tube Drift = 0.0738m (Max 0.0738m) at step 21
2026-04-24 08:58:42,414 - [ENV] - Episode ended without success at step 21. Final dist: 0.1542m
2026-04-24 08:58:42,415 - [ENV] - --- EPISODE START | Scenario: DESCEND | Start: [0.82499269 0.01774664 0.55      ] | Goal: [0.82499269 0.01774664 0.41      ] | DriftLimit: 0.0738 | FloorLimit: 0.4534 ---
2026-04-24 08:58:46,767 - [ENV] - --- EPISODE START | Scenario: DESCEND | Start: [0.92186897 0.46332459 0.55      ] | Goal: [0.92186897 0.46332459 0.415     ] | DriftLimit: 0.0737 | FloorLimit: 0.4534 ---
2026-04-24 08:58:51,076 - [ENV] - --- EPISODE START | Scenario: ASCEND | Start: [0.9163575  0.05997896 0.415     ] | Goal: [0.9163575  0.05997896 0.55      ] | DriftLimit: 0.0736 | FloorLimit: 0.4535 ---
2026-04-24 08:58:55,485 - [ENV] - --- EPISODE START | Scenario: ASCEND | Start: [0.70212531 0.34717661 0.415     ] | Goal: [0.70212531 0.34717661 0.55      ] | DriftLimit: 0.0734 | FloorLimit: 0.4536 ---
2026-04-24 08:58:55,906 - [ENV] - TERMINATED (Ascend): Tube Drift = 0.0749m (Max 0.0734m) at step 12
2026-04-24 08:58:55,906 - [ENV] - Episode ended without success at step 12. Final dist: 0.1495m
2026-04-24 08:58:55,906 - [ENV] - --- EPISODE START | Scenario: TRANSIT | Start: [0.90991069 0.46714139 0.55      ] | Goal: [0.87561063 0.09526394 0.55      ] | DriftLimit: 0.0734 | FloorLimit: 0.4536 ---
2026-04-24 08:59:00,202 - [ENV] - --- EPISODE START | Scenario: TRANSIT | Start: [0.83421958 0.34450098 0.55      ] | Goal: [0.88869817 0.16036997 0.55      ] | DriftLimit: 0.0733 | FloorLimit: 0.4537 ---
2026-04-24 08:59:00,581 - [ENV] - SUCCESS: Goal reached in 8 steps. Dist = 0.0090m
2026-04-24 08:59:00,581 - [ENV] - --- EPISODE START | Scenario: DESCEND | Start: [ 1.11938761 -0.00489883  0.55      ] | Goal: [ 1.11938761 -0.00489883  0.415     ] | DriftLimit: 0.0733 | FloorLimit: 0.4537 ---
2026-04-24 08:59:04,794 - [ENV] - --- EPISODE START | Scenario: ASCEND | Start: [0.81884366 0.32299836 0.415     ] | Goal: [0.81884366 0.32299836 0.55      ] | DriftLimit: 0.0732 | FloorLimit: 0.4537 ---
2026-04-24 08:59:09,152 - [ENV] - --- EPISODE START | Scenario: TRANSIT | Start: [0.93277075 0.31359276 0.55      ] | Goal: [1.01332854 0.16350273 0.55      ] | DriftLimit: 0.0730 | FloorLimit: 0.4538 ---
2026-04-24 08:59:13,447 - [ENV] - --- EPISODE START | Scenario: TRANSIT | Start: [0.71528145 0.45019727 0.55      ] | Goal: [0.65936775 0.36532804 0.55      ] | DriftLimit: 0.0729 | FloorLimit: 0.4539 ---
2026-04-24 08:59:17,730 - [ENV] - --- EPISODE START | Scenario: TRANSIT | Start: [1.06849592 0.00933621 0.55      ] | Goal: [0.71315904 0.49242867 0.55      ] | DriftLimit: 0.0728 | FloorLimit: 0.4539 ---
2026-04-24 08:59:49,483 - [ENV] - --- EPISODE START | Scenario: TRANSIT | Start: [1.09540247 0.11243037 0.55      ] | Goal: [0.98804313 0.18502912 0.55      ] | DriftLimit: 0.0726 | FloorLimit: 0.4540 ---
2026-04-24 08:59:53,319 - [ENV] - --- EPISODE START | Scenario: DESCEND | Start: [0.96212339 0.12791963 0.55      ] | Goal: [0.96212339 0.12791963 0.41      ] | DriftLimit: 0.0725 | FloorLimit: 0.4541 ---
2026-04-24 08:59:57,217 - [ENV] - --- EPISODE START | Scenario: TRANSIT | Start: [ 0.81412059 -0.00144424  0.55      ] | Goal: [0.69036659 0.10737846 0.55      ] | DriftLimit: 0.0724 | FloorLimit: 0.4542 ---
2026-04-24 09:00:01,235 - [ENV] - --- EPISODE START | Scenario: DESCEND | Start: [0.95065655 0.24306041 0.55      ] | Goal: [0.95065655 0.24306041 0.415     ] | DriftLimit: 0.0723 | FloorLimit: 0.4542 ---
2026-04-24 09:00:05,743 - [ENV] - --- EPISODE START | Scenario: ASCEND | Start: [1.09623214 0.04323247 0.415     ] | Goal: [1.09623214 0.04323247 0.55      ] | DriftLimit: 0.0721 | FloorLimit: 0.4543 ---
2026-04-24 09:00:10,160 - [ENV] - --- EPISODE START | Scenario: TRANSIT | Start: [0.84026273 0.21448185 0.55      ] | Goal: [0.96515168 0.11408426 0.55      ] | DriftLimit: 0.0720 | FloorLimit: 0.4544 ---
2026-04-24 09:00:14,653 - [ENV] - --- EPISODE START | Scenario: DESCEND | Start: [0.64453329 0.0330651  0.55      ] | Goal: [0.64453329 0.0330651  0.415     ] | DriftLimit: 0.0719 | FloorLimit: 0.4544 ---
2026-04-24 09:00:19,042 - [ENV] - --- EPISODE START | Scenario: DESCEND | Start: [0.64127674 0.25518271 0.55      ] | Goal: [0.64127674 0.25518271 0.415     ] | DriftLimit: 0.0717 | FloorLimit: 0.4545 ---
2026-04-24 09:00:23,462 - [ENV] - --- EPISODE START | Scenario: DESCEND | Start: [0.73608157 0.53055999 0.55      ] | Goal: [0.73608157 0.53055999 0.41      ] | DriftLimit: 0.0716 | FloorLimit: 0.4546 ---
2026-04-24 09:00:27,759 - [ENV] - --- EPISODE START | Scenario: ASCEND | Start: [1.12505746 0.52848472 0.415     ] | Goal: [1.12505746 0.52848472 0.55      ] | DriftLimit: 0.0715 | FloorLimit: 0.4546 ---
2026-04-24 09:00:28,230 - [ENV] - TERMINATED (Ascend): Tube Drift = 0.0784m (Max 0.0715m) at step 15
2026-04-24 09:00:28,230 - [ENV] - Episode ended without success at step 15. Final dist: 0.1532m
2026-04-24 09:00:28,231 - [ENV] - --- EPISODE START | Scenario: ASCEND | Start: [1.1210591  0.24109347 0.415     ] | Goal: [1.1210591  0.24109347 0.55      ] | DriftLimit: 0.0715 | FloorLimit: 0.4547 ---
2026-04-24 09:00:32,439 - [ENV] - --- EPISODE START | Scenario: ASCEND | Start: [0.80458335 0.18664722 0.415     ] | Goal: [0.80458335 0.18664722 0.55      ] | DriftLimit: 0.0713 | FloorLimit: 0.4547 ---
2026-04-24 09:00:36,866 - [ENV] - --- EPISODE START | Scenario: ASCEND | Start: [1.14425281 0.33778196 0.415     ] | Goal: [1.14425281 0.33778196 0.55      ] | DriftLimit: 0.0712 | FloorLimit: 0.4548 ---
2026-04-24 09:00:41,192 - [ENV] - --- EPISODE START | Scenario: ASCEND | Start: [0.63805467 0.28386035 0.415     ] | Goal: [0.63805467 0.28386035 0.55      ] | DriftLimit: 0.0711 | FloorLimit: 0.4549 ---
2026-04-24 09:00:43,835 - [ENV] - TERMINATED (Ascend): Tube Drift = 0.0714m (Max 0.0710m) at step 99
2026-04-24 09:00:43,835 - [ENV] - Episode ended without success at step 99. Final dist: 0.1483m
2026-04-24 09:00:43,836 - [ENV] - --- EPISODE START | Scenario: TRANSIT | Start: [1.12648353 0.37393407 0.55      ] | Goal: [0.98013894 0.33962276 0.55      ] | DriftLimit: 0.0710 | FloorLimit: 0.4549 ---
2026-04-24 09:00:48,136 - [ENV] - --- EPISODE START | Scenario: TRANSIT | Start: [1.01161259 0.4553196  0.55      ] | Goal: [0.68854757 0.40520956 0.55      ] | DriftLimit: 0.0709 | FloorLimit: 0.4550 ---
2026-04-24 09:01:23,703 - [ENV] - --- EPISODE START | Scenario: DESCEND | Start: [0.91034481 0.44885859 0.55      ] | Goal: [0.91034481 0.44885859 0.41      ] | DriftLimit: 0.0708 | FloorLimit: 0.4550 ---
2026-04-24 09:01:27,695 - [ENV] - --- EPISODE START | Scenario: ASCEND | Start: [0.9671797  0.47387011 0.415     ] | Goal: [0.9671797  0.47387011 0.55      ] | DriftLimit: 0.0706 | FloorLimit: 0.4551 ---
2026-04-24 09:01:28,888 - [ENV] - TERMINATED (Ascend): Tube Drift = 0.0713m (Max 0.0706m) at step 39
2026-04-24 09:01:28,889 - [ENV] - Episode ended without success at step 39. Final dist: 0.0745m
2026-04-24 09:01:28,889 - [ENV] - --- EPISODE START | Scenario: DESCEND | Start: [0.69668345 0.30561997 0.55      ] | Goal: [0.69668345 0.30561997 0.415     ] | DriftLimit: 0.0706 | FloorLimit: 0.4551 ---
2026-04-24 09:01:33,548 - [ENV] - --- EPISODE START | Scenario: DESCEND | Start: [1.02315355 0.07556969 0.55      ] | Goal: [1.02315355 0.07556969 0.415     ] | DriftLimit: 0.0705 | FloorLimit: 0.4552 ---
2026-04-24 09:01:38,315 - [ENV] - --- EPISODE START | Scenario: DESCEND | Start: [0.74545794 0.13451634 0.55      ] | Goal: [0.74545794 0.13451634 0.41      ] | DriftLimit: 0.0703 | FloorLimit: 0.4553 ---
2026-04-24 09:01:42,880 - [ENV] - --- EPISODE START | Scenario: ASCEND | Start: [0.72072687 0.30717839 0.415     ] | Goal: [0.72072687 0.30717839 0.55      ] | DriftLimit: 0.0702 | FloorLimit: 0.4553 ---
2026-04-24 09:01:47,309 - [ENV] - --- EPISODE START | Scenario: DESCEND | Start: [0.76848766 0.28827742 0.55      ] | Goal: [0.76848766 0.28827742 0.41      ] | DriftLimit: 0.0701 | FloorLimit: 0.4554 ---
2026-04-24 09:01:51,689 - [ENV] - --- EPISODE START | Scenario: TRANSIT | Start: [1.13873184 0.21791167 0.55      ] | Goal: [1.04327194 0.05477425 0.55      ] | DriftLimit: 0.0700 | FloorLimit: 0.4555 ---
2026-04-24 09:01:56,134 - [ENV] - --- EPISODE START | Scenario: TRANSIT | Start: [1.10969629 0.51555992 0.55      ] | Goal: [ 1.01855643 -0.00525204  0.55      ] | DriftLimit: 0.0698 | FloorLimit: 0.4555 ---
2026-04-24 09:02:00,418 - [ENV] - --- EPISODE START | Scenario: ASCEND | Start: [1.06026153 0.08986024 0.415     ] | Goal: [1.06026153 0.08986024 0.55      ] | DriftLimit: 0.0697 | FloorLimit: 0.4556 ---
2026-04-24 09:02:04,867 - [ENV] - --- EPISODE START | Scenario: TRANSIT | Start: [1.0052503  0.14046694 0.55      ] | Goal: [0.66852356 0.02549481 0.55      ] | DriftLimit: 0.0696 | FloorLimit: 0.4557 ---
2026-04-24 09:02:09,571 - [ENV] - --- EPISODE START | Scenario: ASCEND | Start: [1.016731   0.19607154 0.415     ] | Goal: [1.016731   0.19607154 0.55      ] | DriftLimit: 0.0694 | FloorLimit: 0.4558 ---
2026-04-24 09:02:10,154 - [ENV] - TERMINATED (Ascend): Tube Drift = 0.0729m (Max 0.0694m) at step 19
2026-04-24 09:02:10,154 - [ENV] - Episode ended without success at step 19. Final dist: 0.1509m
2026-04-24 09:02:10,155 - [ENV] - --- EPISODE START | Scenario: ASCEND | Start: [0.98204602 0.53638894 0.415     ] | Goal: [0.98204602 0.53638894 0.55      ] | DriftLimit: 0.0694 | FloorLimit: 0.4558 ---
2026-04-24 09:02:11,317 - [ENV] - TERMINATED (Ascend): Tube Drift = 0.0697m (Max 0.0694m) at step 49
2026-04-24 09:02:11,317 - [ENV] - Episode ended without success at step 49. Final dist: 0.0700m
2026-04-24 09:02:11,318 - [ENV] - --- EPISODE START | Scenario: ASCEND | Start: [0.99713139 0.18154175 0.415     ] | Goal: [0.99713139 0.18154175 0.55      ] | DriftLimit: 0.0694 | FloorLimit: 0.4558 ---
2026-04-24 09:02:12,007 - [ENV] - TERMINATED (Ascend): Tube Drift = 0.0737m (Max 0.0694m) at step 21
2026-04-24 09:02:12,007 - [ENV] - Episode ended without success at step 21. Final dist: 0.1569m
2026-04-24 09:02:12,008 - [ENV] - --- EPISODE START | Scenario: TRANSIT | Start: [0.94123149 0.46520231 0.55      ] | Goal: [0.95714336 0.11551888 0.55      ] | DriftLimit: 0.0694 | FloorLimit: 0.4558 ---
2026-04-24 09:02:16,229 - [ENV] - --- EPISODE START | Scenario: ASCEND | Start: [0.66089558 0.24512632 0.415     ] | Goal: [0.66089558 0.24512632 0.55      ] | DriftLimit: 0.0693 | FloorLimit: 0.4559 ---
2026-04-24 09:02:17,132 - [ENV] - TERMINATED (Ascend): Tube Drift = 0.0694m (Max 0.0692m) at step 27
2026-04-24 09:02:17,132 - [ENV] - Episode ended without success at step 27. Final dist: 0.1453m
2026-04-24 09:02:17,133 - [ENV] - --- EPISODE START | Scenario: DESCEND | Start: [1.01217256 0.24024119 0.55      ] | Goal: [1.01217256 0.24024119 0.415     ] | DriftLimit: 0.0692 | FloorLimit: 0.4559 ---
2026-04-24 09:02:21,501 - [ENV] - --- EPISODE START | Scenario: ASCEND | Start: [0.80736876 0.09961314 0.415     ] | Goal: [0.80736876 0.09961314 0.55      ] | DriftLimit: 0.0691 | FloorLimit: 0.4559 ---
2026-04-24 09:03:00,277 - [ENV] - --- EPISODE START | Scenario: TRANSIT | Start: [0.63253011 0.42569755 0.55      ] | Goal: [1.04626581 0.43242083 0.55      ] | DriftLimit: 0.0690 | FloorLimit: 0.4560 ---
2026-04-24 09:03:04,147 - [ENV] - --- EPISODE START | Scenario: TRANSIT | Start: [0.77787179 0.11847266 0.55      ] | Goal: [1.11678752 0.38535732 0.55      ] | DriftLimit: 0.0688 | FloorLimit: 0.4561 ---
2026-04-24 09:03:08,060 - [ENV] - --- EPISODE START | Scenario: DESCEND | Start: [1.06105927 0.04079319 0.55      ] | Goal: [1.06105927 0.04079319 0.415     ] | DriftLimit: 0.0687 | FloorLimit: 0.4562 ---
2026-04-24 09:03:08,178 - [ENV] - SUCCESS: Goal reached in 5 steps. Dist = 0.0097m
2026-04-24 09:03:08,178 - [ENV] - --- EPISODE START | Scenario: ASCEND | Start: [0.70410775 0.11539313 0.415     ] | Goal: [0.70410775 0.11539313 0.55      ] | DriftLimit: 0.0687 | FloorLimit: 0.4562 ---
2026-04-24 09:03:10,148 - [ENV] - TERMINATED (Ascend): Tube Drift = 0.0690m (Max 0.0687m) at step 81
2026-04-24 09:03:10,148 - [ENV] - Episode ended without success at step 81. Final dist: 0.1489m
2026-04-24 09:03:10,149 - [ENV] - --- EPISODE START | Scenario: DESCEND | Start: [ 8.36307864e-01 -7.84355187e-04  5.50000000e-01] | Goal: [ 8.36307864e-01 -7.84355187e-04  4.10000000e-01] | DriftLimit: 0.0687 | FloorLimit: 0.4562 ---
2026-04-24 09:03:10,454 - [ENV] - SUCCESS: Goal reached in 7 steps. Dist = 0.0095m
2026-04-24 09:03:10,455 - [ENV] - --- EPISODE START | Scenario: TRANSIT | Start: [0.89371482 0.28009467 0.55      ] | Goal: [0.74663345 0.43034071 0.55      ] | DriftLimit: 0.0687 | FloorLimit: 0.4562 ---
2026-04-24 09:03:14,934 - [ENV] - --- EPISODE START | Scenario: DESCEND | Start: [0.76336095 0.28613853 0.55      ] | Goal: [0.76336095 0.28613853 0.41      ] | DriftLimit: 0.0685 | FloorLimit: 0.4563 ---
2026-04-24 09:03:19,261 - [ENV] - --- EPISODE START | Scenario: DESCEND | Start: [0.94110608 0.48011966 0.55      ] | Goal: [0.94110608 0.48011966 0.415     ] | DriftLimit: 0.0684 | FloorLimit: 0.4563 ---
2026-04-24 09:03:20,030 - [ENV] - SUCCESS: Goal reached in 29 steps. Dist = 0.0100m
2026-04-24 09:03:20,030 - [ENV] - --- EPISODE START | Scenario: TRANSIT | Start: [0.77268445 0.47544425 0.55      ] | Goal: [0.61590614 0.31967188 0.55      ] | DriftLimit: 0.0684 | FloorLimit: 0.4563 ---
2026-04-24 09:03:24,468 - [ENV] - --- EPISODE START | Scenario: DESCEND | Start: [1.04954894 0.25706115 0.55      ] | Goal: [1.04954894 0.25706115 0.415     ] | DriftLimit: 0.0682 | FloorLimit: 0.4564 ---
2026-04-24 09:03:28,819 - [ENV] - --- EPISODE START | Scenario: ASCEND | Start: [0.7037046  0.20225264 0.415     ] | Goal: [0.7037046  0.20225264 0.55      ] | DriftLimit: 0.0681 | FloorLimit: 0.4565 ---
2026-04-24 09:03:29,766 - [ENV] - TERMINATED (Ascend): Tube Drift = 0.0683m (Max 0.0681m) at step 31
2026-04-24 09:03:29,767 - [ENV] - Episode ended without success at step 31. Final dist: 0.1469m
2026-04-24 09:03:29,767 - [ENV] - --- EPISODE START | Scenario: ASCEND | Start: [1.06318556 0.5394576  0.415     ] | Goal: [1.06318556 0.5394576  0.55      ] | DriftLimit: 0.0681 | FloorLimit: 0.4565 ---
2026-04-24 09:03:34,384 - [ENV] - --- EPISODE START | Scenario: TRANSIT | Start: [0.75437914 0.4894945  0.55      ] | Goal: [0.75814423 0.2075772  0.55      ] | DriftLimit: 0.0680 | FloorLimit: 0.4566 ---
2026-04-24 09:03:38,868 - [ENV] - --- EPISODE START | Scenario: DESCEND | Start: [0.63020997 0.25776837 0.55      ] | Goal: [0.63020997 0.25776837 0.41      ] | DriftLimit: 0.0678 | FloorLimit: 0.4566 ---
2026-04-24 09:03:43,373 - [ENV] - --- EPISODE START | Scenario: ASCEND | Start: [0.79183878 0.18020527 0.415     ] | Goal: [0.79183878 0.18020527 0.55      ] | DriftLimit: 0.0677 | FloorLimit: 0.4567 ---
2026-04-24 09:03:44,654 - [ENV] - TERMINATED (Ascend): Tube Drift = 0.0726m (Max 0.0677m) at step 47
2026-04-24 09:03:44,654 - [ENV] - Episode ended without success at step 47. Final dist: 0.1813m
2026-04-24 09:03:44,654 - [ENV] - --- EPISODE START | Scenario: DESCEND | Start: [1.13882882 0.43642406 0.55      ] | Goal: [1.13882882 0.43642406 0.415     ] | DriftLimit: 0.0677 | FloorLimit: 0.4567 ---
2026-04-24 09:03:44,979 - [ENV] - SUCCESS: Goal reached in 11 steps. Dist = 0.0092m
2026-04-24 09:03:44,980 - [ENV] - --- EPISODE START | Scenario: ASCEND | Start: [0.95272091 0.17012543 0.415     ] | Goal: [0.95272091 0.17012543 0.55      ] | DriftLimit: 0.0677 | FloorLimit: 0.4567 ---
2026-04-24 09:03:46,175 - [ENV] - TERMINATED (Ascend): Tube Drift = 0.0709m (Max 0.0676m) at step 44
2026-04-24 09:03:46,175 - [ENV] - Episode ended without success at step 44. Final dist: 0.1500m
2026-04-24 09:03:46,175 - [ENV] - --- EPISODE START | Scenario: TRANSIT | Start: [0.84998474 0.21534391 0.55      ] | Goal: [ 0.6683102  -0.01030092  0.55      ] | DriftLimit: 0.0676 | FloorLimit: 0.4567 ---
2026-04-24 09:03:50,553 - [ENV] - --- EPISODE START | Scenario: TRANSIT | Start: [1.00688863 0.48441707 0.55      ] | Goal: [0.81554805 0.39413581 0.55      ] | DriftLimit: 0.0675 | FloorLimit: 0.4568 ---
2026-04-24 09:03:54,916 - [ENV] - --- EPISODE START | Scenario: DESCEND | Start: [1.06487042 0.47253453 0.55      ] | Goal: [1.06487042 0.47253453 0.41      ] | DriftLimit: 0.0674 | FloorLimit: 0.4569 ---
2026-04-24 09:03:59,274 - [ENV] - --- EPISODE START | Scenario: TRANSIT | Start: [0.70778135 0.34565994 0.55      ] | Goal: [1.09474869 0.28118429 0.55      ] | DriftLimit: 0.0673 | FloorLimit: 0.4570 ---
2026-04-24 09:04:39,063 - [ENV] - --- EPISODE START | Scenario: DESCEND | Start: [0.66978085 0.24641056 0.55      ] | Goal: [0.66978085 0.24641056 0.41      ] | DriftLimit: 0.0671 | FloorLimit: 0.4570 ---
2026-04-24 09:04:42,896 - [ENV] - --- EPISODE START | Scenario: DESCEND | Start: [1.12622905 0.08781284 0.55      ] | Goal: [1.12622905 0.08781284 0.41      ] | DriftLimit: 0.0670 | FloorLimit: 0.4571 ---
2026-04-24 09:04:47,382 - [ENV] - --- EPISODE START | Scenario: DESCEND | Start: [0.77564868 0.05132735 0.55      ] | Goal: [0.77564868 0.05132735 0.415     ] | DriftLimit: 0.0669 | FloorLimit: 0.4572 ---
2026-04-24 09:04:51,796 - [ENV] - --- EPISODE START | Scenario: ASCEND | Start: [1.07318812 0.01202676 0.415     ] | Goal: [1.07318812 0.01202676 0.55      ] | DriftLimit: 0.0667 | FloorLimit: 0.4572 ---
2026-04-24 09:04:52,030 - [ENV] - TERMINATED (Ascend): Tube Drift = 0.0713m (Max 0.0667m) at step 7
2026-04-24 09:04:52,030 - [ENV] - Episode ended without success at step 7. Final dist: 0.1431m
2026-04-24 09:04:52,031 - [ENV] - --- EPISODE START | Scenario: DESCEND | Start: [0.60783287 0.38014372 0.55      ] | Goal: [0.60783287 0.38014372 0.41      ] | DriftLimit: 0.0667 | FloorLimit: 0.4572 ---
2026-04-24 09:04:56,522 - [ENV] - --- EPISODE START | Scenario: ASCEND | Start: [1.12775411 0.19149133 0.415     ] | Goal: [1.12775411 0.19149133 0.55      ] | DriftLimit: 0.0666 | FloorLimit: 0.4573 ---
2026-04-24 09:04:57,244 - [ENV] - TERMINATED (Ascend): Tube Drift = 0.0700m (Max 0.0666m) at step 25
2026-04-24 09:04:57,244 - [ENV] - Episode ended without success at step 25. Final dist: 0.1472m
2026-04-24 09:04:57,245 - [ENV] - --- EPISODE START | Scenario: ASCEND | Start: [0.62561153 0.17640194 0.415     ] | Goal: [0.62561153 0.17640194 0.55      ] | DriftLimit: 0.0666 | FloorLimit: 0.4573 ---
2026-04-24 09:04:57,583 - [ENV] - TERMINATED (Ascend): Tube Drift = 0.0703m (Max 0.0666m) at step 8
2026-04-24 09:04:57,583 - [ENV] - Episode ended without success at step 8. Final dist: 0.1486m
2026-04-24 09:04:57,584 - [ENV] - --- EPISODE START | Scenario: TRANSIT | Start: [0.61148378 0.25525316 0.55      ] | Goal: [ 1.05010201 -0.01364966  0.55      ] | DriftLimit: 0.0666 | FloorLimit: 0.4573 ---
2026-04-24 09:05:02,225 - [ENV] - --- EPISODE START | Scenario: TRANSIT | Start: [0.66514008 0.07916343 0.55      ] | Goal: [1.0410247  0.33439867 0.55      ] | DriftLimit: 0.0665 | FloorLimit: 0.4574 ---
2026-04-24 09:05:06,899 - [ENV] - --- EPISODE START | Scenario: DESCEND | Start: [1.13055889 0.29004904 0.55      ] | Goal: [1.13055889 0.29004904 0.41      ] | DriftLimit: 0.0663 | FloorLimit: 0.4575 ---
2026-04-24 09:05:11,428 - [ENV] - --- EPISODE START | Scenario: TRANSIT | Start: [0.79732236 0.31084127 0.55      ] | Goal: [0.94279933 0.10752541 0.55      ] | DriftLimit: 0.0662 | FloorLimit: 0.4575 ---
2026-04-24 09:05:15,919 - [ENV] - --- EPISODE START | Scenario: DESCEND | Start: [0.79860511 0.00893845 0.55      ] | Goal: [0.79860511 0.00893845 0.41      ] | DriftLimit: 0.0661 | FloorLimit: 0.4576 ---
2026-04-24 09:05:20,290 - [ENV] - --- EPISODE START | Scenario: ASCEND | Start: [0.93808212 0.41616735 0.415     ] | Goal: [0.93808212 0.41616735 0.55      ] | DriftLimit: 0.0659 | FloorLimit: 0.4577 ---
2026-04-24 09:05:24,795 - [ENV] - --- EPISODE START | Scenario: TRANSIT | Start: [0.84582134 0.10116158 0.55      ] | Goal: [0.89178284 0.20012425 0.55      ] | DriftLimit: 0.0658 | FloorLimit: 0.4577 ---
2026-04-24 09:05:29,282 - [ENV] - --- EPISODE START | Scenario: ASCEND | Start: [1.11286542 0.29196462 0.415     ] | Goal: [1.11286542 0.29196462 0.55      ] | DriftLimit: 0.0657 | FloorLimit: 0.4578 ---
2026-04-24 09:05:29,669 - [ENV] - TERMINATED (Ascend): Tube Drift = 0.0684m (Max 0.0657m) at step 13
2026-04-24 09:05:29,669 - [ENV] - Episode ended without success at step 13. Final dist: 0.1015m
2026-04-24 09:05:29,670 - [ENV] - --- EPISODE START | Scenario: TRANSIT | Start: [0.60514066 0.05466876 0.55      ] | Goal: [0.88724469 0.04561352 0.55      ] | DriftLimit: 0.0657 | FloorLimit: 0.4578 ---
2026-04-24 09:05:34,034 - [ENV] - --- EPISODE START | Scenario: TRANSIT | Start: [0.62154715 0.36205221 0.55      ] | Goal: [1.14298378 0.50981826 0.55      ] | DriftLimit: 0.0655 | FloorLimit: 0.4579 ---
2026-04-24 09:05:38,381 - [ENV] - --- EPISODE START | Scenario: DESCEND | Start: [1.00865389 0.24738153 0.55      ] | Goal: [1.00865389 0.24738153 0.41      ] | DriftLimit: 0.0654 | FloorLimit: 0.4580 ---
2026-04-24 09:06:17,703 - [ENV] - --- EPISODE START | Scenario: TRANSIT | Start: [0.77068196 0.288763   0.55      ] | Goal: [ 0.85107535 -0.0073104   0.55      ] | DriftLimit: 0.0653 | FloorLimit: 0.4580 ---
2026-04-24 09:06:21,825 - [ENV] - --- EPISODE START | Scenario: DESCEND | Start: [1.03952629 0.29307245 0.55      ] | Goal: [1.03952629 0.29307245 0.41      ] | DriftLimit: 0.0652 | FloorLimit: 0.4581 ---
2026-04-24 09:06:22,015 - [ENV] - SUCCESS: Goal reached in 5 steps. Dist = 0.0099m
2026-04-24 09:06:22,015 - [ENV] - --- EPISODE START | Scenario: DESCEND | Start: [1.00680599 0.12666027 0.55      ] | Goal: [1.00680599 0.12666027 0.415     ] | DriftLimit: 0.0652 | FloorLimit: 0.4581 ---
2026-04-24 09:06:22,195 - [ENV] - SUCCESS: Goal reached in 4 steps. Dist = 0.0072m
2026-04-24 09:06:22,196 - [ENV] - --- EPISODE START | Scenario: TRANSIT | Start: [0.83590691 0.01014318 0.55      ] | Goal: [0.98979318 0.37533647 0.55      ] | DriftLimit: 0.0652 | FloorLimit: 0.4581 ---
2026-04-24 09:06:26,183 - [ENV] - --- EPISODE START | Scenario: DESCEND | Start: [0.70680087 0.27032032 0.55      ] | Goal: [0.70680087 0.27032032 0.41      ] | DriftLimit: 0.0650 | FloorLimit: 0.4582 ---
2026-04-24 09:06:30,874 - [ENV] - --- EPISODE START | Scenario: DESCEND | Start: [0.96832003 0.50690557 0.55      ] | Goal: [0.96832003 0.50690557 0.415     ] | DriftLimit: 0.0649 | FloorLimit: 0.4582 ---
2026-04-24 09:06:31,059 - [ENV] - SUCCESS: Goal reached in 4 steps. Dist = 0.0090m
2026-04-24 09:06:31,059 - [ENV] - --- EPISODE START | Scenario: TRANSIT | Start: [0.9622062  0.09544607 0.55      ] | Goal: [0.71057307 0.3685665  0.55      ] | DriftLimit: 0.0649 | FloorLimit: 0.4582 ---
2026-04-24 09:06:35,520 - [ENV] - --- EPISODE START | Scenario: ASCEND | Start: [0.95257737 0.27890656 0.415     ] | Goal: [0.95257737 0.27890656 0.55      ] | DriftLimit: 0.0648 | FloorLimit: 0.4583 ---
2026-04-24 09:06:35,854 - [ENV] - TERMINATED (Ascend): Tube Drift = 0.0675m (Max 0.0648m) at step 8
2026-04-24 09:06:35,854 - [ENV] - Episode ended without success at step 8. Final dist: 0.1026m
2026-04-24 09:06:35,855 - [ENV] - --- EPISODE START | Scenario: DESCEND | Start: [0.73251836 0.29621974 0.55      ] | Goal: [0.73251836 0.29621974 0.41      ] | DriftLimit: 0.0648 | FloorLimit: 0.4583 ---
2026-04-24 09:06:40,270 - [ENV] - --- EPISODE START | Scenario: TRANSIT | Start: [1.09419403 0.39063576 0.55      ] | Goal: [0.98296933 0.11858019 0.55      ] | DriftLimit: 0.0646 | FloorLimit: 0.4584 ---
2026-04-24 09:06:44,700 - [ENV] - --- EPISODE START | Scenario: DESCEND | Start: [0.73515613 0.06019913 0.55      ] | Goal: [0.73515613 0.06019913 0.415     ] | DriftLimit: 0.0645 | FloorLimit: 0.4585 ---
2026-04-24 09:06:48,981 - [ENV] - --- EPISODE START | Scenario: TRANSIT | Start: [ 7.23943355e-01 -3.79928301e-04  5.50000000e-01] | Goal: [0.82633411 0.47879034 0.55      ] | DriftLimit: 0.0644 | FloorLimit: 0.4585 ---
2026-04-24 09:06:53,300 - [ENV] - --- EPISODE START | Scenario: ASCEND | Start: [0.89342847 0.07894387 0.415     ] | Goal: [0.89342847 0.07894387 0.55      ] | DriftLimit: 0.0642 | FloorLimit: 0.4586 ---
2026-04-24 09:06:54,222 - [ENV] - TERMINATED (Ascend): Tube Drift = 0.0662m (Max 0.0642m) at step 29
2026-04-24 09:06:54,222 - [ENV] - Episode ended without success at step 29. Final dist: 0.2285m
2026-04-24 09:06:54,227 - [ENV] - --- EPISODE START | Scenario: DESCEND | Start: [0.86971862 0.29224473 0.55      ] | Goal: [0.86971862 0.29224473 0.415     ] | DriftLimit: 0.0642 | FloorLimit: 0.4586 ---
2026-04-24 09:06:58,480 - [ENV] - --- EPISODE START | Scenario: ASCEND | Start: [1.15841307 0.51524994 0.415     ] | Goal: [1.15841307 0.51524994 0.55      ] | DriftLimit: 0.0641 | FloorLimit: 0.4587 ---
2026-04-24 09:06:58,834 - [ENV] - TERMINATED (Ascend): Tube Drift = 0.0644m (Max 0.0641m) at step 11
2026-04-24 09:06:58,834 - [ENV] - Episode ended without success at step 11. Final dist: 0.0849m
2026-04-24 09:06:58,835 - [ENV] - --- EPISODE START | Scenario: DESCEND | Start: [1.06626653 0.27843668 0.55      ] | Goal: [1.06626653 0.27843668 0.41      ] | DriftLimit: 0.0641 | FloorLimit: 0.4587 ---
2026-04-24 09:07:03,143 - [ENV] - --- EPISODE START | Scenario: ASCEND | Start: [1.11916336 0.45375371 0.415     ] | Goal: [1.11916336 0.45375371 0.55      ] | DriftLimit: 0.0640 | FloorLimit: 0.4587 ---
2026-04-24 09:07:07,681 - [ENV] - --- EPISODE START | Scenario: DESCEND | Start: [0.67290093 0.34551167 0.55      ] | Goal: [0.67290093 0.34551167 0.41      ] | DriftLimit: 0.0638 | FloorLimit: 0.4588 ---
2026-04-24 09:07:12,046 - [ENV] - --- EPISODE START | Scenario: ASCEND | Start: [0.6991663  0.18715533 0.415     ] | Goal: [0.6991663  0.18715533 0.55      ] | DriftLimit: 0.0637 | FloorLimit: 0.4589 ---
2026-04-24 09:07:13,041 - [ENV] - TERMINATED (Ascend): Tube Drift = 0.0639m (Max 0.0637m) at step 33
2026-04-24 09:07:13,041 - [ENV] - Episode ended without success at step 33. Final dist: 0.1452m
2026-04-24 09:07:13,042 - [ENV] - --- EPISODE START | Scenario: DESCEND | Start: [1.04220566 0.24876493 0.55      ] | Goal: [1.04220566 0.24876493 0.41      ] | DriftLimit: 0.0637 | FloorLimit: 0.4589 ---
2026-04-24 09:07:17,469 - [ENV] - --- EPISODE START | Scenario: DESCEND | Start: [0.98697524 0.14364264 0.55      ] | Goal: [0.98697524 0.14364264 0.41      ] | DriftLimit: 0.0635 | FloorLimit: 0.4590 ---
2026-04-24 09:07:56,716 - [ENV] - --- EPISODE START | Scenario: ASCEND | Start: [1.06075885 0.33644162 0.415     ] | Goal: [1.06075885 0.33644162 0.55      ] | DriftLimit: 0.0634 | FloorLimit: 0.4590 ---
2026-04-24 09:08:00,438 - [ENV] - --- EPISODE START | Scenario: DESCEND | Start: [0.68971428 0.21162652 0.55      ] | Goal: [0.68971428 0.21162652 0.41      ] | DriftLimit: 0.0633 | FloorLimit: 0.4591 ---
2026-04-24 09:08:05,054 - [ENV] - --- EPISODE START | Scenario: ASCEND | Start: [0.93076991 0.33403936 0.415     ] | Goal: [0.93076991 0.33403936 0.55      ] | DriftLimit: 0.0632 | FloorLimit: 0.4592 ---
2026-04-24 09:08:05,619 - [ENV] - TERMINATED (Ascend): Tube Drift = 0.0632m (Max 0.0632m) at step 17
2026-04-24 09:08:05,619 - [ENV] - Episode ended without success at step 17. Final dist: 0.0956m
2026-04-24 09:08:05,620 - [ENV] - --- EPISODE START | Scenario: DESCEND | Start: [0.94553526 0.46830949 0.55      ] | Goal: [0.94553526 0.46830949 0.415     ] | DriftLimit: 0.0632 | FloorLimit: 0.4592 ---
2026-04-24 09:08:05,786 - [ENV] - SUCCESS: Goal reached in 4 steps. Dist = 0.0079m
2026-04-24 09:08:05,786 - [ENV] - --- EPISODE START | Scenario: ASCEND | Start: [0.83130684 0.14303851 0.415     ] | Goal: [0.83130684 0.14303851 0.55      ] | DriftLimit: 0.0631 | FloorLimit: 0.4592 ---
2026-04-24 09:08:07,148 - [ENV] - TERMINATED (Ascend): Tube Drift = 0.0699m (Max 0.0631m) at step 58
2026-04-24 09:08:07,148 - [ENV] - Episode ended without success at step 58. Final dist: 0.2470m
2026-04-24 09:08:07,149 - [ENV] - --- EPISODE START | Scenario: TRANSIT | Start: [0.8858417  0.34573135 0.55      ] | Goal: [1.14783491 0.04452587 0.55      ] | DriftLimit: 0.0631 | FloorLimit: 0.4592 ---
2026-04-24 09:08:11,654 - [ENV] - --- EPISODE START | Scenario: ASCEND | Start: [1.07222593 0.51602953 0.415     ] | Goal: [1.07222593 0.51602953 0.55      ] | DriftLimit: 0.0630 | FloorLimit: 0.4593 ---
2026-04-24 09:08:14,020 - [ENV] - SUCCESS: Goal reached in 90 steps. Dist = 0.0098m
2026-04-24 09:08:14,021 - [ENV] - --- EPISODE START | Scenario: DESCEND | Start: [1.02407076 0.51156945 0.55      ] | Goal: [1.02407076 0.51156945 0.41      ] | DriftLimit: 0.0629 | FloorLimit: 0.4593 ---
2026-04-24 09:08:18,412 - [ENV] - --- EPISODE START | Scenario: ASCEND | Start: [0.85857177 0.32523592 0.415     ] | Goal: [0.85857177 0.32523592 0.55      ] | DriftLimit: 0.0628 | FloorLimit: 0.4594 ---
2026-04-24 09:08:18,950 - [ENV] - TERMINATED (Ascend): Tube Drift = 0.0645m (Max 0.0628m) at step 10
2026-04-24 09:08:18,951 - [ENV] - Episode ended without success at step 10. Final dist: 0.1064m
2026-04-24 09:08:18,951 - [ENV] - --- EPISODE START | Scenario: ASCEND | Start: [0.82796807 0.18494328 0.415     ] | Goal: [0.82796807 0.18494328 0.55      ] | DriftLimit: 0.0628 | FloorLimit: 0.4594 ---
2026-04-24 09:08:19,329 - [ENV] - TERMINATED (Ascend): Tube Drift = 0.0681m (Max 0.0628m) at step 15
2026-04-24 09:08:19,329 - [ENV] - Episode ended without success at step 15. Final dist: 0.1348m
2026-04-24 09:08:19,330 - [ENV] - --- EPISODE START | Scenario: TRANSIT | Start: [1.12720031 0.34516339 0.55      ] | Goal: [1.14132504 0.03516801 0.55      ] | DriftLimit: 0.0628 | FloorLimit: 0.4594 ---
2026-04-24 09:08:23,619 - [ENV] - --- EPISODE START | Scenario: DESCEND | Start: [0.62101189 0.31759543 0.55      ] | Goal: [0.62101189 0.31759543 0.415     ] | DriftLimit: 0.0626 | FloorLimit: 0.4595 ---
2026-04-24 09:08:27,920 - [ENV] - --- EPISODE START | Scenario: ASCEND | Start: [0.84702731 0.12518318 0.415     ] | Goal: [0.84702731 0.12518318 0.55      ] | DriftLimit: 0.0625 | FloorLimit: 0.4595 ---
2026-04-24 09:08:28,441 - [ENV] - TERMINATED (Ascend): Tube Drift = 0.0650m (Max 0.0625m) at step 19
2026-04-24 09:08:28,441 - [ENV] - Episode ended without success at step 19. Final dist: 0.1458m
2026-04-24 09:08:28,442 - [ENV] - --- EPISODE START | Scenario: DESCEND | Start: [1.1494031  0.09701426 0.55      ] | Goal: [1.1494031  0.09701426 0.415     ] | DriftLimit: 0.0625 | FloorLimit: 0.4595 ---
2026-04-24 09:08:33,318 - [ENV] - --- EPISODE START | Scenario: DESCEND | Start: [0.97209786 0.43916569 0.55      ] | Goal: [0.97209786 0.43916569 0.415     ] | DriftLimit: 0.0624 | FloorLimit: 0.4596 ---
2026-04-24 09:08:33,533 - [ENV] - SUCCESS: Goal reached in 4 steps. Dist = 0.0075m
2026-04-24 09:08:33,534 - [ENV] - --- EPISODE START | Scenario: ASCEND | Start: [0.98443183 0.51176649 0.415     ] | Goal: [0.98443183 0.51176649 0.55      ] | DriftLimit: 0.0624 | FloorLimit: 0.4596 ---
2026-04-24 09:08:38,041 - [ENV] - --- EPISODE START | Scenario: ASCEND | Start: [0.76628367 0.18949704 0.415     ] | Goal: [0.76628367 0.18949704 0.55      ] | DriftLimit: 0.0622 | FloorLimit: 0.4597 ---
2026-04-24 09:08:42,408 - [ENV] - --- EPISODE START | Scenario: DESCEND | Start: [0.98398697 0.4452811  0.55      ] | Goal: [0.98398697 0.4452811  0.41      ] | DriftLimit: 0.0621 | FloorLimit: 0.4598 ---
2026-04-24 09:08:42,858 - [ENV] - SUCCESS: Goal reached in 11 steps. Dist = 0.0099m
2026-04-24 09:08:42,859 - [ENV] - --- EPISODE START | Scenario: DESCEND | Start: [0.8432961  0.52619869 0.55      ] | Goal: [0.8432961  0.52619869 0.41      ] | DriftLimit: 0.0621 | FloorLimit: 0.4598 ---
2026-04-24 09:08:47,209 - [ENV] - --- EPISODE START | Scenario: ASCEND | Start: [1.0854518  0.28233121 0.415     ] | Goal: [1.0854518  0.28233121 0.55      ] | DriftLimit: 0.0620 | FloorLimit: 0.4598 ---
2026-04-24 09:08:47,639 - [ENV] - TERMINATED (Ascend): Tube Drift = 0.0649m (Max 0.0620m) at step 12
2026-04-24 09:08:47,640 - [ENV] - Episode ended without success at step 12. Final dist: 0.0990m
2026-04-24 09:08:47,640 - [ENV] - --- EPISODE START | Scenario: DESCEND | Start: [0.67753806 0.33471241 0.55      ] | Goal: [0.67753806 0.33471241 0.415     ] | DriftLimit: 0.0620 | FloorLimit: 0.4598 ---
2026-04-24 09:08:51,958 - [ENV] - --- EPISODE START | Scenario: ASCEND | Start: [0.72252165 0.23434701 0.415     ] | Goal: [0.72252165 0.23434701 0.55      ] | DriftLimit: 0.0618 | FloorLimit: 0.4599 ---
2026-04-24 09:08:52,745 - [ENV] - TERMINATED (Ascend): Tube Drift = 0.0621m (Max 0.0618m) at step 19
2026-04-24 09:08:52,745 - [ENV] - Episode ended without success at step 19. Final dist: 0.1445m
2026-04-24 09:08:52,745 - [ENV] - --- EPISODE START | Scenario: DESCEND | Start: [0.63232482 0.02184237 0.55      ] | Goal: [0.63232482 0.02184237 0.41      ] | DriftLimit: 0.0618 | FloorLimit: 0.4599 ---
2026-04-24 09:08:57,252 - [ENV] - --- EPISODE START | Scenario: TRANSIT | Start: [0.72900179 0.3999747  0.55      ] | Goal: [0.65849075 0.0211409  0.55      ] | DriftLimit: 0.0617 | FloorLimit: 0.4600 ---
2026-04-24 09:09:35,874 - [ENV] - --- EPISODE START | Scenario: ASCEND | Start: [1.02086418 0.30062972 0.415     ] | Goal: [1.02086418 0.30062972 0.55      ] | DriftLimit: 0.0616 | FloorLimit: 0.4601 ---
2026-04-24 09:09:36,311 - [ENV] - TERMINATED (Ascend): Tube Drift = 0.0623m (Max 0.0616m) at step 16
2026-04-24 09:09:36,311 - [ENV] - Episode ended without success at step 16. Final dist: 0.0949m
2026-04-24 09:09:36,311 - [ENV] - --- EPISODE START | Scenario: ASCEND | Start: [1.00757929 0.24941202 0.415     ] | Goal: [1.00757929 0.24941202 0.55      ] | DriftLimit: 0.0616 | FloorLimit: 0.4601 ---
2026-04-24 09:09:36,819 - [ENV] - TERMINATED (Ascend): Tube Drift = 0.0630m (Max 0.0615m) at step 19
2026-04-24 09:09:36,819 - [ENV] - Episode ended without success at step 19. Final dist: 0.0896m
2026-04-24 09:09:36,820 - [ENV] - --- EPISODE START | Scenario: DESCEND | Start: [0.6596115  0.40376571 0.55      ] | Goal: [0.6596115  0.40376571 0.415     ] | DriftLimit: 0.0615 | FloorLimit: 0.4601 ---
2026-04-24 09:09:40,931 - [ENV] - --- EPISODE START | Scenario: TRANSIT | Start: [0.87781057 0.44928278 0.55      ] | Goal: [0.70876555 0.488007   0.55      ] | DriftLimit: 0.0614 | FloorLimit: 0.4601 ---
2026-04-24 09:09:45,291 - [ENV] - --- EPISODE START | Scenario: DESCEND | Start: [1.13111985 0.33195263 0.55      ] | Goal: [1.13111985 0.33195263 0.415     ] | DriftLimit: 0.0613 | FloorLimit: 0.4602 ---
2026-04-24 09:09:45,454 - [ENV] - SUCCESS: Goal reached in 3 steps. Dist = 0.0100m
2026-04-24 09:09:45,455 - [ENV] - --- EPISODE START | Scenario: TRANSIT | Start: [0.98145937 0.10419272 0.55      ] | Goal: [1.06363165 0.22001579 0.55      ] | DriftLimit: 0.0613 | FloorLimit: 0.4602 ---
2026-04-24 09:09:50,041 - [ENV] - --- EPISODE START | Scenario: ASCEND | Start: [1.1180494  0.31326449 0.415     ] | Goal: [1.1180494  0.31326449 0.55      ] | DriftLimit: 0.0611 | FloorLimit: 0.4603 ---
2026-04-24 09:09:50,488 - [ENV] - TERMINATED (Ascend): Tube Drift = 0.0615m (Max 0.0611m) at step 15
2026-04-24 09:09:50,488 - [ENV] - Episode ended without success at step 15. Final dist: 0.0663m
2026-04-24 09:09:50,488 - [ENV] - --- EPISODE START | Scenario: ASCEND | Start: [0.83612905 0.35149224 0.415     ] | Goal: [0.83612905 0.35149224 0.55      ] | DriftLimit: 0.0611 | FloorLimit: 0.4603 ---
2026-04-24 09:09:55,100 - [ENV] - --- EPISODE START | Scenario: ASCEND | Start: [0.72412713 0.19164269 0.415     ] | Goal: [0.72412713 0.19164269 0.55      ] | DriftLimit: 0.0610 | FloorLimit: 0.4604 ---
2026-04-24 09:09:59,613 - [ENV] - --- EPISODE START | Scenario: ASCEND | Start: [1.13909481 0.53722242 0.415     ] | Goal: [1.13909481 0.53722242 0.55      ] | DriftLimit: 0.0609 | FloorLimit: 0.4604 ---
2026-04-24 09:10:04,154 - [ENV] - --- EPISODE START | Scenario: TRANSIT | Start: [0.74165678 0.20874544 0.55      ] | Goal: [0.86689803 0.50141381 0.55      ] | DriftLimit: 0.0608 | FloorLimit: 0.4605 ---
2026-04-24 09:10:08,603 - [ENV] - --- EPISODE START | Scenario: TRANSIT | Start: [0.63515698 0.22376669 0.55      ] | Goal: [1.10904965 0.36787155 0.55      ] | DriftLimit: 0.0606 | FloorLimit: 0.4606 ---
2026-04-24 09:10:13,123 - [ENV] - --- EPISODE START | Scenario: DESCEND | Start: [0.81200674 0.22693844 0.55      ] | Goal: [0.81200674 0.22693844 0.415     ] | DriftLimit: 0.0605 | FloorLimit: 0.4606 ---
2026-04-24 09:10:17,418 - [ENV] - --- EPISODE START | Scenario: ASCEND | Start: [0.79418926 0.28308735 0.415     ] | Goal: [0.79418926 0.28308735 0.55      ] | DriftLimit: 0.0604 | FloorLimit: 0.4607 ---
2026-04-24 09:10:17,848 - [ENV] - TERMINATED (Ascend): Tube Drift = 0.0631m (Max 0.0604m) at step 9
2026-04-24 09:10:17,849 - [ENV] - Episode ended without success at step 9. Final dist: 0.1046m
2026-04-24 09:10:17,849 - [ENV] - --- EPISODE START | Scenario: ASCEND | Start: [1.07792384 0.00926755 0.415     ] | Goal: [1.07792384 0.00926755 0.55      ] | DriftLimit: 0.0604 | FloorLimit: 0.4607 ---
2026-04-24 09:10:18,730 - [ENV] - TERMINATED (Ascend): Tube Drift = 0.0662m (Max 0.0603m) at step 37
2026-04-24 09:10:18,731 - [ENV] - Episode ended without success at step 37. Final dist: 0.1466m
2026-04-24 09:10:18,731 - [ENV] - --- EPISODE START | Scenario: DESCEND | Start: [1.04722232 0.3244143  0.55      ] | Goal: [1.04722232 0.3244143  0.41      ] | DriftLimit: 0.0603 | FloorLimit: 0.4607 ---
2026-04-24 09:10:23,126 - [ENV] - --- EPISODE START | Scenario: DESCEND | Start: [0.82618262 0.30965752 0.55      ] | Goal: [0.82618262 0.30965752 0.415     ] | DriftLimit: 0.0602 | FloorLimit: 0.4608 ---
2026-04-24 09:10:27,561 - [ENV] - --- EPISODE START | Scenario: DESCEND | Start: [1.11193049 0.47963363 0.55      ] | Goal: [1.11193049 0.47963363 0.415     ] | DriftLimit: 0.0601 | FloorLimit: 0.4609 ---
2026-04-24 09:10:27,768 - [ENV] - SUCCESS: Goal reached in 4 steps. Dist = 0.0089m
2026-04-24 09:10:27,769 - [ENV] - --- EPISODE START | Scenario: DESCEND | Start: [1.13027714 0.21209845 0.55      ] | Goal: [1.13027714 0.21209845 0.415     ] | DriftLimit: 0.0601 | FloorLimit: 0.4609 ---
2026-04-24 09:10:27,960 - [ENV] - SUCCESS: Goal reached in 4 steps. Dist = 0.0081m
2026-04-24 09:10:27,960 - [ENV] - --- EPISODE START | Scenario: TRANSIT | Start: [0.88080619 0.2976548  0.55      ] | Goal: [1.15047175 0.12682637 0.55      ] | DriftLimit: 0.0601 | FloorLimit: 0.4609 ---
2026-04-24 09:10:32,662 - [ENV] - --- EPISODE START | Scenario: ASCEND | Start: [0.8605319  0.48879502 0.415     ] | Goal: [0.8605319  0.48879502 0.55      ] | DriftLimit: 0.0599 | FloorLimit: 0.4609 ---
2026-04-24 09:10:34,804 - [ENV] - TERMINATED (Ascend): Tube Drift = 0.0600m (Max 0.0599m) at step 73
2026-04-24 09:10:34,804 - [ENV] - Episode ended without success at step 73. Final dist: 0.0831m
2026-04-24 09:10:34,805 - [ENV] - --- EPISODE START | Scenario: TRANSIT | Start: [1.05151454 0.16415629 0.55      ] | Goal: [0.92795441 0.0434046  0.55      ] | DriftLimit: 0.0599 | FloorLimit: 0.4610 ---
2026-04-24 09:11:13,278 - [ENV] - --- EPISODE START | Scenario: TRANSIT | Start: [1.00275894 0.24764282 0.55      ] | Goal: [0.63637727 0.40109809 0.55      ] | DriftLimit: 0.0598 | FloorLimit: 0.4610 ---
2026-04-24 09:11:17,306 - [ENV] - --- EPISODE START | Scenario: ASCEND | Start: [0.90837791 0.1071161  0.415     ] | Goal: [0.90837791 0.1071161  0.55      ] | DriftLimit: 0.0596 | FloorLimit: 0.4611 ---
2026-04-24 09:11:21,884 - [ENV] - --- EPISODE START | Scenario: TRANSIT | Start: [0.77649007 0.16007981 0.55      ] | Goal: [0.6860719  0.46605124 0.55      ] | DriftLimit: 0.0595 | FloorLimit: 0.4612 ---
2026-04-24 09:11:26,484 - [ENV] - --- EPISODE START | Scenario: DESCEND | Start: [1.089332   0.00202682 0.55      ] | Goal: [1.089332   0.00202682 0.415     ] | DriftLimit: 0.0594 | FloorLimit: 0.4612 ---
2026-04-24 09:11:30,873 - [ENV] - --- EPISODE START | Scenario: DESCEND | Start: [1.03159909 0.02148714 0.55      ] | Goal: [1.03159909 0.02148714 0.415     ] | DriftLimit: 0.0592 | FloorLimit: 0.4613 ---
2026-04-24 09:11:31,070 - [ENV] - SUCCESS: Goal reached in 5 steps. Dist = 0.0087m
2026-04-24 09:11:31,071 - [ENV] - --- EPISODE START | Scenario: TRANSIT | Start: [0.60524426 0.13791734 0.55      ] | Goal: [0.9558996  0.43163374 0.55      ] | DriftLimit: 0.0592 | FloorLimit: 0.4613 ---
2026-04-24 09:11:35,526 - [ENV] - --- EPISODE START | Scenario: TRANSIT | Start: [0.89046269 0.30635307 0.55      ] | Goal: [1.00006754 0.06127522 0.55      ] | DriftLimit: 0.0591 | FloorLimit: 0.4614 ---
2026-04-24 09:11:39,953 - [ENV] - --- EPISODE START | Scenario: ASCEND | Start: [1.05002603 0.20866847 0.415     ] | Goal: [1.05002603 0.20866847 0.55      ] | DriftLimit: 0.0590 | FloorLimit: 0.4615 ---
2026-04-24 09:11:44,507 - [ENV] - --- EPISODE START | Scenario: ASCEND | Start: [1.15918915 0.4712495  0.415     ] | Goal: [1.15918915 0.4712495  0.55      ] | DriftLimit: 0.0589 | FloorLimit: 0.4615 ---
2026-04-24 09:11:44,915 - [ENV] - TERMINATED (Ascend): Tube Drift = 0.0625m (Max 0.0589m) at step 8
2026-04-24 09:11:44,915 - [ENV] - Episode ended without success at step 8. Final dist: 0.0635m
2026-04-24 09:11:44,915 - [ENV] - --- EPISODE START | Scenario: DESCEND | Start: [0.8754017  0.05003198 0.55      ] | Goal: [0.8754017  0.05003198 0.415     ] | DriftLimit: 0.0589 | FloorLimit: 0.4615 ---
2026-04-24 09:11:49,263 - [ENV] - --- EPISODE START | Scenario: TRANSIT | Start: [0.7016818  0.42409687 0.55      ] | Goal: [0.86517304 0.32348145 0.55      ] | DriftLimit: 0.0587 | FloorLimit: 0.4616 ---
2026-04-24 09:11:53,568 - [ENV] - --- EPISODE START | Scenario: DESCEND | Start: [0.67495522 0.27732539 0.55      ] | Goal: [0.67495522 0.27732539 0.41      ] | DriftLimit: 0.0586 | FloorLimit: 0.4617 ---
2026-04-24 09:11:57,890 - [ENV] - --- EPISODE START | Scenario: ASCEND | Start: [0.97304913 0.26558811 0.415     ] | Goal: [0.97304913 0.26558811 0.55      ] | DriftLimit: 0.0585 | FloorLimit: 0.4617 ---
2026-04-24 09:12:02,460 - [ENV] - --- EPISODE START | Scenario: TRANSIT | Start: [1.08637888 0.14182093 0.55      ] | Goal: [0.9034427  0.04684296 0.55      ] | DriftLimit: 0.0583 | FloorLimit: 0.4618 ---
2026-04-24 09:12:06,817 - [ENV] - --- EPISODE START | Scenario: DESCEND | Start: [1.14034922 0.1599375  0.55      ] | Goal: [1.14034922 0.1599375  0.415     ] | DriftLimit: 0.0582 | FloorLimit: 0.4619 ---
2026-04-24 09:12:06,952 - [ENV] - SUCCESS: Goal reached in 4 steps. Dist = 0.0084m
2026-04-24 09:12:06,954 - [ENV] - --- EPISODE START | Scenario: DESCEND | Start: [0.77178974 0.31426725 0.55      ] | Goal: [0.77178974 0.31426725 0.415     ] | DriftLimit: 0.0582 | FloorLimit: 0.4619 ---
2026-04-24 09:12:11,473 - [ENV] - --- EPISODE START | Scenario: ASCEND | Start: [0.95894484 0.10013204 0.415     ] | Goal: [0.95894484 0.10013204 0.55      ] | DriftLimit: 0.0581 | FloorLimit: 0.4620 ---
2026-04-24 09:12:53,161 - [ENV] - --- EPISODE START | Scenario: DESCEND | Start: [0.96818597 0.10062272 0.55      ] | Goal: [0.96818597 0.10062272 0.415     ] | DriftLimit: 0.0580 | FloorLimit: 0.4620 ---
2026-04-24 09:12:56,955 - [ENV] - --- EPISODE START | Scenario: ASCEND | Start: [1.02144518 0.19003495 0.415     ] | Goal: [1.02144518 0.19003495 0.55      ] | DriftLimit: 0.0578 | FloorLimit: 0.4621 ---
2026-04-24 09:12:57,170 - [ENV] - TERMINATED (Ascend): Tube Drift = 0.0667m (Max 0.0578m) at step 5
2026-04-24 09:12:57,170 - [ENV] - Episode ended without success at step 5. Final dist: 0.1028m
2026-04-24 09:12:57,171 - [ENV] - --- EPISODE START | Scenario: ASCEND | Start: [0.68158949 0.17331982 0.415     ] | Goal: [0.68158949 0.17331982 0.55      ] | DriftLimit: 0.0578 | FloorLimit: 0.4621 ---
2026-04-24 09:12:58,069 - [ENV] - TERMINATED (Ascend): Tube Drift = 0.0612m (Max 0.0578m) at step 35
2026-04-24 09:12:58,069 - [ENV] - Episode ended without success at step 35. Final dist: 0.1420m
2026-04-24 09:12:58,069 - [ENV] - --- EPISODE START | Scenario: TRANSIT | Start: [1.12123961 0.25396052 0.55      ] | Goal: [0.984664   0.10448498 0.55      ] | DriftLimit: 0.0578 | FloorLimit: 0.4621 ---
2026-04-24 09:13:02,465 - [ENV] - --- EPISODE START | Scenario: ASCEND | Start: [0.88383579 0.14651317 0.415     ] | Goal: [0.88383579 0.14651317 0.55      ] | DriftLimit: 0.0577 | FloorLimit: 0.4622 ---
2026-04-24 09:13:06,927 - [ENV] - --- EPISODE START | Scenario: DESCEND | Start: [1.02886878 0.29569144 0.55      ] | Goal: [1.02886878 0.29569144 0.41      ] | DriftLimit: 0.0575 | FloorLimit: 0.4623 ---
2026-04-24 09:13:11,432 - [ENV] - --- EPISODE START | Scenario: ASCEND | Start: [1.02177761 0.21391182 0.415     ] | Goal: [1.02177761 0.21391182 0.55      ] | DriftLimit: 0.0574 | FloorLimit: 0.4623 ---
2026-04-24 09:13:15,824 - [ENV] - --- EPISODE START | Scenario: ASCEND | Start: [0.76573413 0.21094934 0.415     ] | Goal: [0.76573413 0.21094934 0.55      ] | DriftLimit: 0.0573 | FloorLimit: 0.4624 ---
2026-04-24 09:13:16,538 - [ENV] - TERMINATED (Ascend): Tube Drift = 0.0646m (Max 0.0573m) at step 18
2026-04-24 09:13:16,539 - [ENV] - Episode ended without success at step 18. Final dist: 0.0780m
2026-04-24 09:13:16,539 - [ENV] - --- EPISODE START | Scenario: TRANSIT | Start: [0.86477016 0.07134876 0.55      ] | Goal: [1.15504525 0.08960208 0.55      ] | DriftLimit: 0.0573 | FloorLimit: 0.4624 ---
2026-04-24 09:13:20,860 - [ENV] - --- EPISODE START | Scenario: ASCEND | Start: [0.88893525 0.27596932 0.415     ] | Goal: [0.88893525 0.27596932 0.55      ] | DriftLimit: 0.0571 | FloorLimit: 0.4625 ---
2026-04-24 09:13:25,280 - [ENV] - --- EPISODE START | Scenario: DESCEND | Start: [1.08318386 0.54188581 0.55      ] | Goal: [1.08318386 0.54188581 0.41      ] | DriftLimit: 0.0570 | FloorLimit: 0.4625 ---
2026-04-24 09:13:29,675 - [ENV] - --- EPISODE START | Scenario: DESCEND | Start: [1.09447995 0.02334002 0.55      ] | Goal: [1.09447995 0.02334002 0.41      ] | DriftLimit: 0.0569 | FloorLimit: 0.4626 ---
2026-04-24 09:13:34,070 - [ENV] - --- EPISODE START | Scenario: DESCEND | Start: [1.04196317 0.24901622 0.55      ] | Goal: [1.04196317 0.24901622 0.415     ] | DriftLimit: 0.0568 | FloorLimit: 0.4627 ---
2026-04-24 09:13:38,576 - [ENV] - --- EPISODE START | Scenario: TRANSIT | Start: [0.6720732  0.41531574 0.55      ] | Goal: [0.79431348 0.02748832 0.55      ] | DriftLimit: 0.0566 | FloorLimit: 0.4627 ---
2026-04-24 09:13:42,947 - [ENV] - --- EPISODE START | Scenario: TRANSIT | Start: [1.07193345 0.22598483 0.55      ] | Goal: [0.94449442 0.14619917 0.55      ] | DriftLimit: 0.0565 | FloorLimit: 0.4628 ---
2026-04-24 09:13:47,298 - [ENV] - --- EPISODE START | Scenario: ASCEND | Start: [0.6533247  0.31097876 0.415     ] | Goal: [0.6533247  0.31097876 0.55      ] | DriftLimit: 0.0564 | FloorLimit: 0.4629 ---
2026-04-24 09:13:52,022 - [ENV] - --- EPISODE START | Scenario: ASCEND | Start: [0.74270022 0.1992451  0.415     ] | Goal: [0.74270022 0.1992451  0.55      ] | DriftLimit: 0.0562 | FloorLimit: 0.4630 ---
2026-04-24 09:13:52,840 - [ENV] - TERMINATED (Ascend): Tube Drift = 0.0601m (Max 0.0562m) at step 27
2026-04-24 09:13:52,840 - [ENV] - Episode ended without success at step 27. Final dist: 0.1359m
2026-04-24 09:13:52,840 - [ENV] - --- EPISODE START | Scenario: ASCEND | Start: [0.78307474 0.52929833 0.415     ] | Goal: [0.78307474 0.52929833 0.55      ] | DriftLimit: 0.0562 | FloorLimit: 0.4630 ---
2026-04-24 09:13:53,094 - [ENV] - TERMINATED (Ascend): Tube Drift = 0.0632m (Max 0.0562m) at step 5
2026-04-24 09:13:53,094 - [ENV] - Episode ended without success at step 5. Final dist: 0.0746m
2026-04-24 09:13:53,094 - [ENV] - --- EPISODE START | Scenario: DESCEND | Start: [0.92023626 0.24289515 0.55      ] | Goal: [0.92023626 0.24289515 0.415     ] | DriftLimit: 0.0562 | FloorLimit: 0.4630 ---
2026-04-24 09:14:32,185 - [ENV] - --- EPISODE START | Scenario: DESCEND | Start: [0.63930058 0.10984357 0.55      ] | Goal: [0.63930058 0.10984357 0.415     ] | DriftLimit: 0.0561 | FloorLimit: 0.4630 ---
2026-04-24 09:14:36,064 - [ENV] - --- EPISODE START | Scenario: TRANSIT | Start: [0.73123489 0.42627162 0.55      ] | Goal: [0.68309222 0.30680619 0.55      ] | DriftLimit: 0.0560 | FloorLimit: 0.4631 ---
2026-04-24 09:14:40,180 - [ENV] - --- EPISODE START | Scenario: ASCEND | Start: [0.85622446 0.33571395 0.415     ] | Goal: [0.85622446 0.33571395 0.55      ] | DriftLimit: 0.0558 | FloorLimit: 0.4632 ---
2026-04-24 09:14:40,859 - [ENV] - TERMINATED (Ascend): Tube Drift = 0.0655m (Max 0.0558m) at step 18
2026-04-24 09:14:40,859 - [ENV] - Episode ended without success at step 18. Final dist: 0.0693m
2026-04-24 09:14:40,860 - [ENV] - --- EPISODE START | Scenario: DESCEND | Start: [1.15803692 0.23951525 0.55      ] | Goal: [1.15803692 0.23951525 0.41      ] | DriftLimit: 0.0558 | FloorLimit: 0.4632 ---
2026-04-24 09:14:45,270 - [ENV] - --- EPISODE START | Scenario: ASCEND | Start: [0.85317157 0.39710604 0.415     ] | Goal: [0.85317157 0.39710604 0.55      ] | DriftLimit: 0.0557 | FloorLimit: 0.4633 ---
2026-04-24 09:14:49,873 - [ENV] - --- EPISODE START | Scenario: TRANSIT | Start: [1.01942448 0.54321067 0.55      ] | Goal: [0.65097836 0.38296434 0.55      ] | DriftLimit: 0.0556 | FloorLimit: 0.4633 ---
2026-04-24 09:14:54,299 - [ENV] - --- EPISODE START | Scenario: TRANSIT | Start: [0.8353383  0.45593236 0.55      ] | Goal: [0.95611093 0.21219922 0.55      ] | DriftLimit: 0.0554 | FloorLimit: 0.4634 ---
2026-04-24 09:14:58,618 - [ENV] - --- EPISODE START | Scenario: DESCEND | Start: [0.67849233 0.42060357 0.55      ] | Goal: [0.67849233 0.42060357 0.415     ] | DriftLimit: 0.0553 | FloorLimit: 0.4635 ---
2026-04-24 09:15:03,207 - [ENV] - --- EPISODE START | Scenario: DESCEND | Start: [0.69330594 0.29084338 0.55      ] | Goal: [0.69330594 0.29084338 0.41      ] | DriftLimit: 0.0552 | FloorLimit: 0.4635 ---
2026-04-24 09:15:07,812 - [ENV] - --- EPISODE START | Scenario: DESCEND | Start: [1.11175419 0.03236031 0.55      ] | Goal: [1.11175419 0.03236031 0.41      ] | DriftLimit: 0.0551 | FloorLimit: 0.4636 ---
2026-04-24 09:15:12,137 - [ENV] - --- EPISODE START | Scenario: DESCEND | Start: [0.63790677 0.45261904 0.55      ] | Goal: [0.63790677 0.45261904 0.415     ] | DriftLimit: 0.0549 | FloorLimit: 0.4637 ---
2026-04-24 09:15:16,481 - [ENV] - --- EPISODE START | Scenario: DESCEND | Start: [0.90519534 0.25372545 0.55      ] | Goal: [0.90519534 0.25372545 0.415     ] | DriftLimit: 0.0548 | FloorLimit: 0.4637 ---
2026-04-24 09:15:21,089 - [ENV] - --- EPISODE START | Scenario: TRANSIT | Start: [0.6768629  0.07012542 0.55      ] | Goal: [0.84610361 0.34970452 0.55      ] | DriftLimit: 0.0547 | FloorLimit: 0.4638 ---
2026-04-24 09:15:25,410 - [ENV] - --- EPISODE START | Scenario: TRANSIT | Start: [1.12377816 0.48583079 0.55      ] | Goal: [0.85279107 0.45827025 0.55      ] | DriftLimit: 0.0545 | FloorLimit: 0.4639 ---
2026-04-24 09:15:29,887 - [ENV] - --- EPISODE START | Scenario: DESCEND | Start: [0.87332223 0.05289383 0.55      ] | Goal: [0.87332223 0.05289383 0.415     ] | DriftLimit: 0.0544 | FloorLimit: 0.4640 ---
2026-04-24 09:16:09,593 - [ENV] - --- EPISODE START | Scenario: DESCEND | Start: [1.01008549 0.42629963 0.55      ] | Goal: [1.01008549 0.42629963 0.415     ] | DriftLimit: 0.0543 | FloorLimit: 0.4640 ---
2026-04-24 09:16:13,911 - [ENV] - --- EPISODE START | Scenario: ASCEND | Start: [1.05811594 0.37978577 0.415     ] | Goal: [1.05811594 0.37978577 0.55      ] | DriftLimit: 0.0542 | FloorLimit: 0.4641 ---
2026-04-24 09:16:14,554 - [ENV] - SUCCESS: Goal reached in 27 steps. Dist = 0.0087m
2026-04-24 09:16:14,554 - [ENV] - --- EPISODE START | Scenario: TRANSIT | Start: [0.90604289 0.27930251 0.55      ] | Goal: [1.10770686 0.05678417 0.55      ] | DriftLimit: 0.0541 | FloorLimit: 0.4641 ---
2026-04-24 09:16:19,011 - [ENV] - --- EPISODE START | Scenario: DESCEND | Start: [0.85149753 0.19385202 0.55      ] | Goal: [0.85149753 0.19385202 0.41      ] | DriftLimit: 0.0540 | FloorLimit: 0.4642 ---
2026-04-24 09:16:23,528 - [ENV] - --- EPISODE START | Scenario: DESCEND | Start: [1.07982415 0.44489851 0.55      ] | Goal: [1.07982415 0.44489851 0.41      ] | DriftLimit: 0.0539 | FloorLimit: 0.4642 ---
2026-04-24 09:16:28,305 - [ENV] - --- EPISODE START | Scenario: TRANSIT | Start: [0.79958892 0.19149157 0.55      ] | Goal: [0.9076086  0.33265892 0.55      ] | DriftLimit: 0.0537 | FloorLimit: 0.4643 ---
2026-04-24 09:16:32,829 - [ENV] - --- EPISODE START | Scenario: ASCEND | Start: [1.03989288 0.49907772 0.415     ] | Goal: [1.03989288 0.49907772 0.55      ] | DriftLimit: 0.0536 | FloorLimit: 0.4644 ---
2026-04-24 09:16:37,462 - [ENV] - --- EPISODE START | Scenario: TRANSIT | Start: [0.80470945 0.24298673 0.55      ] | Goal: [0.69554294 0.38889256 0.55      ] | DriftLimit: 0.0535 | FloorLimit: 0.4645 ---
2026-04-24 09:16:41,902 - [ENV] - --- EPISODE START | Scenario: DESCEND | Start: [1.03037019 0.38171388 0.55      ] | Goal: [1.03037019 0.38171388 0.41      ] | DriftLimit: 0.0534 | FloorLimit: 0.4645 ---
2026-04-24 09:16:46,206 - [ENV] - --- EPISODE START | Scenario: DESCEND | Start: [ 0.72774833 -0.01031503  0.55      ] | Goal: [ 0.72774833 -0.01031503  0.41      ] | DriftLimit: 0.0532 | FloorLimit: 0.4646 ---
2026-04-24 09:16:50,582 - [ENV] - --- EPISODE START | Scenario: ASCEND | Start: [1.13613589 0.17230827 0.415     ] | Goal: [1.13613589 0.17230827 0.55      ] | DriftLimit: 0.0531 | FloorLimit: 0.4647 ---
2026-04-24 09:16:50,766 - [ENV] - TERMINATED (Ascend): Tube Drift = 0.0581m (Max 0.0531m) at step 3
2026-04-24 09:16:50,766 - [ENV] - Episode ended without success at step 3. Final dist: 0.1062m
2026-04-24 09:16:50,767 - [ENV] - --- EPISODE START | Scenario: DESCEND | Start: [0.80840516 0.49568921 0.55      ] | Goal: [0.80840516 0.49568921 0.41      ] | DriftLimit: 0.0531 | FloorLimit: 0.4647 ---
2026-04-24 09:16:55,066 - [ENV] - --- EPISODE START | Scenario: ASCEND | Start: [0.84608093 0.06025809 0.415     ] | Goal: [0.84608093 0.06025809 0.55      ] | DriftLimit: 0.0530 | FloorLimit: 0.4647 ---
2026-04-24 09:16:55,274 - [ENV] - TERMINATED (Ascend): Tube Drift = 0.0671m (Max 0.0530m) at step 4
2026-04-24 09:16:55,274 - [ENV] - Episode ended without success at step 4. Final dist: 0.1103m
2026-04-24 09:16:55,275 - [ENV] - --- EPISODE START | Scenario: TRANSIT | Start: [0.77222899 0.08217995 0.55      ] | Goal: [0.76013572 0.51074921 0.55      ] | DriftLimit: 0.0530 | FloorLimit: 0.4647 ---
2026-04-24 09:16:59,749 - [ENV] - --- EPISODE START | Scenario: DESCEND | Start: [1.07526642 0.09761869 0.55      ] | Goal: [1.07526642 0.09761869 0.415     ] | DriftLimit: 0.0528 | FloorLimit: 0.4648 ---
2026-04-24 09:17:04,183 - [ENV] - --- EPISODE START | Scenario: TRANSIT | Start: [0.93450289 0.51628577 0.55      ] | Goal: [1.041712   0.37686363 0.55      ] | DriftLimit: 0.0527 | FloorLimit: 0.4649 ---
2026-04-24 09:17:04,474 - [ENV] - SUCCESS: Goal reached in 9 steps. Dist = 0.0198m
2026-04-24 09:17:04,475 - [ENV] - --- EPISODE START | Scenario: DESCEND | Start: [1.09101802 0.48312973 0.55      ] | Goal: [1.09101802 0.48312973 0.41      ] | DriftLimit: 0.0527 | FloorLimit: 0.4649 ---
2026-04-24 09:17:08,870 - [ENV] - --- EPISODE START | Scenario: DESCEND | Start: [0.98127304 0.223721   0.55      ] | Goal: [0.98127304 0.223721   0.415     ] | DriftLimit: 0.0526 | FloorLimit: 0.4650 ---
2026-04-24 09:17:09,062 - [ENV] - SUCCESS: Goal reached in 4 steps. Dist = 0.0091m
2026-04-24 09:17:09,062 - [ENV] - --- EPISODE START | Scenario: TRANSIT | Start: [1.03786737 0.24611839 0.55      ] | Goal: [0.67086228 0.06909307 0.55      ] | DriftLimit: 0.0526 | FloorLimit: 0.4650 ---
2026-04-24 09:17:50,595 - [ENV] - --- EPISODE START | Scenario: DESCEND | Start: [1.06828575 0.0694031  0.55      ] | Goal: [1.06828575 0.0694031  0.415     ] | DriftLimit: 0.0524 | FloorLimit: 0.4650 ---
2026-04-24 09:17:54,706 - [ENV] - --- EPISODE START | Scenario: DESCEND | Start: [1.10771458 0.47970236 0.55      ] | Goal: [1.10771458 0.47970236 0.415     ] | DriftLimit: 0.0523 | FloorLimit: 0.4651 ---
2026-04-24 09:17:59,197 - [ENV] - --- EPISODE START | Scenario: ASCEND | Start: [0.71267995 0.46479544 0.415     ] | Goal: [0.71267995 0.46479544 0.55      ] | DriftLimit: 0.0522 | FloorLimit: 0.4652 ---
2026-04-24 09:17:59,411 - [ENV] - TERMINATED (Ascend): Tube Drift = 0.0836m (Max 0.0522m) at step 4
2026-04-24 09:17:59,411 - [ENV] - Episode ended without success at step 4. Final dist: 0.1346m
2026-04-24 09:17:59,411 - [ENV] - --- EPISODE START | Scenario: TRANSIT | Start: [0.85433992 0.28530366 0.55      ] | Goal: [1.07003905 0.50318427 0.55      ] | DriftLimit: 0.0522 | FloorLimit: 0.4652 ---
2026-04-24 09:18:04,149 - [ENV] - --- EPISODE START | Scenario: DESCEND | Start: [0.95587687 0.47735896 0.55      ] | Goal: [0.95587687 0.47735896 0.415     ] | DriftLimit: 0.0521 | FloorLimit: 0.4652 ---
2026-04-24 09:18:08,591 - [ENV] - --- EPISODE START | Scenario: TRANSIT | Start: [1.15696683 0.40923463 0.55      ] | Goal: [0.79062646 0.40351183 0.55      ] | DriftLimit: 0.0519 | FloorLimit: 0.4653 ---
2026-04-24 09:18:13,098 - [ENV] - --- EPISODE START | Scenario: ASCEND | Start: [1.03586244 0.27339711 0.415     ] | Goal: [1.03586244 0.27339711 0.55      ] | DriftLimit: 0.0518 | FloorLimit: 0.4654 ---
2026-04-24 09:18:13,268 - [ENV] - TERMINATED (Ascend): Tube Drift = 0.0546m (Max 0.0518m) at step 3
2026-04-24 09:18:13,268 - [ENV] - Episode ended without success at step 3. Final dist: 0.1009m
2026-04-24 09:18:13,268 - [ENV] - --- EPISODE START | Scenario: TRANSIT | Start: [1.11196175 0.20881401 0.55      ] | Goal: [0.60693882 0.48933812 0.55      ] | DriftLimit: 0.0518 | FloorLimit: 0.4654 ---
2026-04-24 09:18:17,552 - [ENV] - --- EPISODE START | Scenario: TRANSIT | Start: [0.8753674  0.46979456 0.55      ] | Goal: [1.12941443 0.08572625 0.55      ] | DriftLimit: 0.0517 | FloorLimit: 0.4655 ---
2026-04-24 09:18:22,094 - [ENV] - --- EPISODE START | Scenario: DESCEND | Start: [0.61218437 0.10654351 0.55      ] | Goal: [0.61218437 0.10654351 0.415     ] | DriftLimit: 0.0515 | FloorLimit: 0.4655 ---
2026-04-24 09:18:26,904 - [ENV] - --- EPISODE START | Scenario: DESCEND | Start: [1.14938914 0.27673137 0.55      ] | Goal: [1.14938914 0.27673137 0.415     ] | DriftLimit: 0.0514 | FloorLimit: 0.4656 ---
2026-04-24 09:18:27,080 - [ENV] - SUCCESS: Goal reached in 4 steps. Dist = 0.0077m
2026-04-24 09:18:27,081 - [ENV] - --- EPISODE START | Scenario: ASCEND | Start: [8.36464296e-01 1.76497526e-04 4.15000000e-01] | Goal: [8.36464296e-01 1.76497526e-04 5.50000000e-01] | DriftLimit: 0.0514 | FloorLimit: 0.4656 ---
2026-04-24 09:18:31,391 - [ENV] - --- EPISODE START | Scenario: ASCEND | Start: [0.96149683 0.5263934  0.415     ] | Goal: [0.96149683 0.5263934  0.55      ] | DriftLimit: 0.0513 | FloorLimit: 0.4657 ---
2026-04-24 09:18:31,596 - [ENV] - TERMINATED (Ascend): Tube Drift = 0.0672m (Max 0.0513m) at step 4
2026-04-24 09:18:31,597 - [ENV] - Episode ended without success at step 4. Final dist: 0.0794m
2026-04-24 09:18:31,597 - [ENV] - --- EPISODE START | Scenario: TRANSIT | Start: [0.70345421 0.47567623 0.55      ] | Goal: [1.05489492 0.38786635 0.55      ] | DriftLimit: 0.0513 | FloorLimit: 0.4657 ---
2026-04-24 09:18:35,903 - [ENV] - --- EPISODE START | Scenario: TRANSIT | Start: [0.99822023 0.26524742 0.55      ] | Goal: [0.66282298 0.13986185 0.55      ] | DriftLimit: 0.0512 | FloorLimit: 0.4657 ---
2026-04-24 09:18:40,394 - [ENV] - --- EPISODE START | Scenario: ASCEND | Start: [0.9219172  0.49902202 0.415     ] | Goal: [0.9219172  0.49902202 0.55      ] | DriftLimit: 0.0510 | FloorLimit: 0.4658 ---
2026-04-24 09:18:40,618 - [ENV] - TERMINATED (Ascend): Tube Drift = 0.0518m (Max 0.0510m) at step 3
2026-04-24 09:18:40,618 - [ENV] - Episode ended without success at step 3. Final dist: 0.0897m
2026-04-24 09:18:40,620 - [ENV] - --- EPISODE START | Scenario: TRANSIT | Start: [0.66930325 0.49282055 0.55      ] | Goal: [0.75946237 0.38617749 0.55      ] | DriftLimit: 0.0510 | FloorLimit: 0.4658 ---
2026-04-24 09:18:44,956 - [ENV] - --- EPISODE START | Scenario: ASCEND | Start: [0.98676225 0.08882969 0.415     ] | Goal: [0.98676225 0.08882969 0.55      ] | DriftLimit: 0.0509 | FloorLimit: 0.4659 ---
2026-04-24 09:18:49,274 - [ENV] - --- EPISODE START | Scenario: TRANSIT | Start: [1.05920773 0.22831696 0.55      ] | Goal: [0.67025004 0.31162831 0.55      ] | DriftLimit: 0.0508 | FloorLimit: 0.4659 ---
2026-04-24 09:19:31,812 - [ENV] - --- EPISODE START | Scenario: DESCEND | Start: [1.11983788 0.15618863 0.55      ] | Goal: [1.11983788 0.15618863 0.415     ] | DriftLimit: 0.0506 | FloorLimit: 0.4660 ---
2026-04-24 09:19:32,457 - [ENV] - SUCCESS: Goal reached in 29 steps. Dist = 0.0099m
2026-04-24 09:19:32,458 - [ENV] - --- EPISODE START | Scenario: DESCEND | Start: [1.13230382 0.08814708 0.55      ] | Goal: [1.13230382 0.08814708 0.415     ] | DriftLimit: 0.0506 | FloorLimit: 0.4660 ---
2026-04-24 09:19:33,064 - [ENV] - SUCCESS: Goal reached in 25 steps. Dist = 0.0098m
2026-04-24 09:19:33,065 - [ENV] - --- EPISODE START | Scenario: DESCEND | Start: [0.97662339 0.51048953 0.55      ] | Goal: [0.97662339 0.51048953 0.41      ] | DriftLimit: 0.0506 | FloorLimit: 0.4660 ---
2026-04-24 09:19:37,314 - [ENV] - --- EPISODE START | Scenario: DESCEND | Start: [0.73667016 0.37795347 0.55      ] | Goal: [0.73667016 0.37795347 0.41      ] | DriftLimit: 0.0505 | FloorLimit: 0.4661 ---
2026-04-24 09:19:41,746 - [ENV] - --- EPISODE START | Scenario: DESCEND | Start: [0.79597933 0.02416376 0.55      ] | Goal: [0.79597933 0.02416376 0.41      ] | DriftLimit: 0.0503 | FloorLimit: 0.4662 ---
2026-04-24 09:19:46,332 - [ENV] - --- EPISODE START | Scenario: TRANSIT | Start: [0.95295904 0.02529393 0.55      ] | Goal: [0.63858305 0.20629529 0.55      ] | DriftLimit: 0.0502 | FloorLimit: 0.4662 ---
2026-04-24 09:19:50,845 - [ENV] - --- EPISODE START | Scenario: TRANSIT | Start: [1.06019728 0.44630152 0.55      ] | Goal: [0.64420102 0.09590795 0.55      ] | DriftLimit: 0.0501 | FloorLimit: 0.4663 ---
2026-04-24 09:19:55,296 - [ENV] - --- EPISODE START | Scenario: DESCEND | Start: [ 1.12063159 -0.01336336  0.55      ] | Goal: [ 1.12063159 -0.01336336  0.415     ] | DriftLimit: 0.0500 | FloorLimit: 0.4664 ---
2026-04-24 09:19:55,549 - [ENV] - SUCCESS: Goal reached in 8 steps. Dist = 0.0093m
2026-04-24 09:19:55,549 - [ENV] - --- EPISODE START | Scenario: DESCEND | Start: [0.90916562 0.11561608 0.55      ] | Goal: [0.90916562 0.11561608 0.41      ] | DriftLimit: 0.0500 | FloorLimit: 0.4664 ---
2026-04-24 09:20:00,165 - [ENV] - --- EPISODE START | Scenario: DESCEND | Start: [0.78853476 0.3939186  0.55      ] | Goal: [0.78853476 0.3939186  0.415     ] | DriftLimit: 0.0498 | FloorLimit: 0.4665 ---
2026-04-24 09:20:04,764 - [ENV] - --- EPISODE START | Scenario: DESCEND | Start: [0.84824678 0.28582169 0.55      ] | Goal: [0.84824678 0.28582169 0.41      ] | DriftLimit: 0.0497 | FloorLimit: 0.4665 ---
2026-04-24 09:20:09,236 - [ENV] - --- EPISODE START | Scenario: ASCEND | Start: [0.88555393 0.36924674 0.415     ] | Goal: [0.88555393 0.36924674 0.55      ] | DriftLimit: 0.0496 | FloorLimit: 0.4666 ---
2026-04-24 09:20:14,101 - [ENV] - --- EPISODE START | Scenario: ASCEND | Start: [0.74626988 0.0444831  0.415     ] | Goal: [0.74626988 0.0444831  0.55      ] | DriftLimit: 0.0494 | FloorLimit: 0.4667 ---
2026-04-24 09:20:14,342 - [ENV] - TERMINATED (Ascend): Tube Drift = 0.0508m (Max 0.0494m) at step 6
2026-04-24 09:20:14,343 - [ENV] - Episode ended without success at step 6. Final dist: 0.1253m
2026-04-24 09:20:14,343 - [ENV] - --- EPISODE START | Scenario: TRANSIT | Start: [0.99794518 0.07432149 0.55      ] | Goal: [0.90833727 0.48748554 0.55      ] | DriftLimit: 0.0494 | FloorLimit: 0.4667 ---
2026-04-24 09:20:19,057 - [ENV] - --- EPISODE START | Scenario: ASCEND | Start: [0.96662845 0.08414662 0.415     ] | Goal: [0.96662845 0.08414662 0.55      ] | DriftLimit: 0.0493 | FloorLimit: 0.4667 ---
2026-04-24 09:20:19,240 - [ENV] - TERMINATED (Ascend): Tube Drift = 0.0598m (Max 0.0493m) at step 3
2026-04-24 09:20:19,240 - [ENV] - Episode ended without success at step 3. Final dist: 0.1233m
2026-04-24 09:20:19,240 - [ENV] - --- EPISODE START | Scenario: TRANSIT | Start: [0.81820421 0.16216511 0.55      ] | Goal: [1.00512216 0.05033043 0.55      ] | DriftLimit: 0.0493 | FloorLimit: 0.4667 ---
2026-04-24 09:20:23,721 - [ENV] - --- EPISODE START | Scenario: DESCEND | Start: [0.76701457 0.51092408 0.55      ] | Goal: [0.76701457 0.51092408 0.415     ] | DriftLimit: 0.0492 | FloorLimit: 0.4668 ---
2026-04-24 09:20:28,397 - [ENV] - --- EPISODE START | Scenario: ASCEND | Start: [0.93921066 0.42356055 0.415     ] | Goal: [0.93921066 0.42356055 0.55      ] | DriftLimit: 0.0490 | FloorLimit: 0.4669 ---
2026-04-24 09:20:33,005 - [ENV] - --- EPISODE START | Scenario: TRANSIT | Start: [1.14428573 0.19060513 0.55      ] | Goal: [0.94087332 0.02548112 0.55      ] | DriftLimit: 0.0489 | FloorLimit: 0.4670 ---
2026-04-24 09:21:19,078 - [ENV] - --- EPISODE START | Scenario: DESCEND | Start: [0.61981405 0.53927448 0.55      ] | Goal: [0.61981405 0.53927448 0.415     ] | DriftLimit: 0.0488 | FloorLimit: 0.4670 ---
2026-04-24 09:21:23,193 - [ENV] - --- EPISODE START | Scenario: TRANSIT | Start: [0.64541528 0.42914251 0.55      ] | Goal: [0.93079398 0.09110313 0.55      ] | DriftLimit: 0.0487 | FloorLimit: 0.4671 ---
2026-04-24 09:21:27,858 - [ENV] - --- EPISODE START | Scenario: ASCEND | Start: [ 1.08687115e+00 -9.15723847e-04  4.15000000e-01] | Goal: [ 1.08687115e+00 -9.15723847e-04  5.50000000e-01] | DriftLimit: 0.0485 | FloorLimit: 0.4672 ---
2026-04-24 09:21:28,035 - [ENV] - TERMINATED (Ascend): Tube Drift = 0.0547m (Max 0.0485m) at step 3
2026-04-24 09:21:28,035 - [ENV] - Episode ended without success at step 3. Final dist: 0.1227m
2026-04-24 09:21:28,035 - [ENV] - --- EPISODE START | Scenario: DESCEND | Start: [0.99377817 0.40157367 0.55      ] | Goal: [0.99377817 0.40157367 0.41      ] | DriftLimit: 0.0485 | FloorLimit: 0.4672 ---
2026-04-24 09:21:32,426 - [ENV] - --- EPISODE START | Scenario: DESCEND | Start: [0.81209966 0.26256305 0.55      ] | Goal: [0.81209966 0.26256305 0.415     ] | DriftLimit: 0.0484 | FloorLimit: 0.4672 ---
2026-04-24 09:21:37,007 - [ENV] - --- EPISODE START | Scenario: DESCEND | Start: [1.13446761 0.25689689 0.55      ] | Goal: [1.13446761 0.25689689 0.41      ] | DriftLimit: 0.0483 | FloorLimit: 0.4673 ---
2026-04-24 09:21:37,332 - [ENV] - SUCCESS: Goal reached in 10 steps. Dist = 0.0100m
2026-04-24 09:21:37,332 - [ENV] - --- EPISODE START | Scenario: TRANSIT | Start: [ 0.86826647 -0.01368522  0.55      ] | Goal: [0.81792483 0.50411367 0.55      ] | DriftLimit: 0.0483 | FloorLimit: 0.4673 ---
2026-04-24 09:21:41,889 - [ENV] - --- EPISODE START | Scenario: ASCEND | Start: [0.79162701 0.11830216 0.415     ] | Goal: [0.79162701 0.11830216 0.55      ] | DriftLimit: 0.0481 | FloorLimit: 0.4674 ---
2026-04-24 09:21:46,402 - [ENV] - --- EPISODE START | Scenario: ASCEND | Start: [0.63455957 0.53422922 0.415     ] | Goal: [0.63455957 0.53422922 0.55      ] | DriftLimit: 0.0480 | FloorLimit: 0.4674 ---
2026-04-24 09:21:46,643 - [ENV] - TERMINATED (Ascend): Tube Drift = 0.0565m (Max 0.0480m) at step 4
2026-04-24 09:21:46,643 - [ENV] - Episode ended without success at step 4. Final dist: 0.1198m
2026-04-24 09:21:46,644 - [ENV] - --- EPISODE START | Scenario: TRANSIT | Start: [0.98966841 0.19841018 0.55      ] | Goal: [1.14408177 0.14494346 0.55      ] | DriftLimit: 0.0480 | FloorLimit: 0.4674 ---
2026-04-24 09:21:51,301 - [ENV] - --- EPISODE START | Scenario: ASCEND | Start: [0.88086322 0.34728683 0.415     ] | Goal: [0.88086322 0.34728683 0.55      ] | DriftLimit: 0.0479 | FloorLimit: 0.4675 ---
2026-04-24 09:21:51,629 - [ENV] - TERMINATED (Ascend): Tube Drift = 0.0495m (Max 0.0479m) at step 6
2026-04-24 09:21:51,629 - [ENV] - Episode ended without success at step 6. Final dist: 0.0794m
2026-04-24 09:21:51,629 - [ENV] - --- EPISODE START | Scenario: DESCEND | Start: [0.63505656 0.0637041  0.55      ] | Goal: [0.63505656 0.0637041  0.41      ] | DriftLimit: 0.0479 | FloorLimit: 0.4675 ---
2026-04-24 09:21:56,057 - [ENV] - --- EPISODE START | Scenario: ASCEND | Start: [0.92102975 0.09090033 0.415     ] | Goal: [0.92102975 0.09090033 0.55      ] | DriftLimit: 0.0477 | FloorLimit: 0.4676 ---
2026-04-24 09:21:56,249 - [ENV] - TERMINATED (Ascend): Tube Drift = 0.0480m (Max 0.0477m) at step 4
2026-04-24 09:21:56,249 - [ENV] - Episode ended without success at step 4. Final dist: 0.1081m
2026-04-24 09:21:56,249 - [ENV] - --- EPISODE START | Scenario: ASCEND | Start: [0.62553511 0.11606617 0.415     ] | Goal: [0.62553511 0.11606617 0.55      ] | DriftLimit: 0.0477 | FloorLimit: 0.4676 ---
2026-04-24 09:22:00,883 - [ENV] - --- EPISODE START | Scenario: ASCEND | Start: [0.8853239  0.45031055 0.415     ] | Goal: [0.8853239  0.45031055 0.55      ] | DriftLimit: 0.0476 | FloorLimit: 0.4677 ---
2026-04-24 09:22:01,582 - [ENV] - TERMINATED (Ascend): Tube Drift = 0.0479m (Max 0.0476m) at step 15
2026-04-24 09:22:01,582 - [ENV] - Episode ended without success at step 15. Final dist: 0.0479m
2026-04-24 09:22:01,582 - [ENV] - --- EPISODE START | Scenario: ASCEND | Start: [1.08310076 0.38466961 0.415     ] | Goal: [1.08310076 0.38466961 0.55      ] | DriftLimit: 0.0476 | FloorLimit: 0.4677 ---
2026-04-24 09:22:01,767 - [ENV] - TERMINATED (Ascend): Tube Drift = 0.0617m (Max 0.0476m) at step 3
2026-04-24 09:22:01,767 - [ENV] - Episode ended without success at step 3. Final dist: 0.0967m
2026-04-24 09:22:01,767 - [ENV] - --- EPISODE START | Scenario: ASCEND | Start: [1.05412304 0.43627024 0.415     ] | Goal: [1.05412304 0.43627024 0.55      ] | DriftLimit: 0.0476 | FloorLimit: 0.4677 ---
2026-04-24 09:22:02,065 - [ENV] - TERMINATED (Ascend): Tube Drift = 0.0495m (Max 0.0476m) at step 7
2026-04-24 09:22:02,065 - [ENV] - Episode ended without success at step 7. Final dist: 0.0552m
2026-04-24 09:22:02,065 - [ENV] - --- EPISODE START | Scenario: DESCEND | Start: [0.74593981 0.32055112 0.55      ] | Goal: [0.74593981 0.32055112 0.415     ] | DriftLimit: 0.0476 | FloorLimit: 0.4677 ---
2026-04-24 09:22:06,407 - [ENV] - --- EPISODE START | Scenario: TRANSIT | Start: [0.94381198 0.02572749 0.55      ] | Goal: [0.92708751 0.41937082 0.55      ] | DriftLimit: 0.0475 | FloorLimit: 0.4677 ---
2026-04-24 09:22:10,997 - [ENV] - --- EPISODE START | Scenario: ASCEND | Start: [0.75606197 0.48616477 0.415     ] | Goal: [0.75606197 0.48616477 0.55      ] | DriftLimit: 0.0473 | FloorLimit: 0.4678 ---
2026-04-24 09:22:11,427 - [ENV] - TERMINATED (Ascend): Tube Drift = 0.0480m (Max 0.0473m) at step 14
2026-04-24 09:22:11,427 - [ENV] - Episode ended without success at step 14. Final dist: 0.0480m
2026-04-24 09:22:11,428 - [ENV] - --- EPISODE START | Scenario: DESCEND | Start: [0.82838505 0.52406672 0.55      ] | Goal: [0.82838505 0.52406672 0.41      ] | DriftLimit: 0.0473 | FloorLimit: 0.4678 ---
2026-04-24 09:22:15,753 - [ENV] - --- EPISODE START | Scenario: ASCEND | Start: [1.10279976 0.1090758  0.415     ] | Goal: [1.10279976 0.1090758  0.55      ] | DriftLimit: 0.0472 | FloorLimit: 0.4679 ---
2026-04-24 09:22:15,921 - [ENV] - TERMINATED (Ascend): Tube Drift = 0.0483m (Max 0.0472m) at step 3
2026-04-24 09:22:15,921 - [ENV] - Episode ended without success at step 3. Final dist: 0.1170m
2026-04-24 09:22:15,921 - [ENV] - --- EPISODE START | Scenario: TRANSIT | Start: [0.67019056 0.09949242 0.55      ] | Goal: [1.08780612 0.00478994 0.55      ] | DriftLimit: 0.0472 | FloorLimit: 0.4679 ---
2026-04-24 09:22:20,334 - [ENV] - --- EPISODE START | Scenario: ASCEND | Start: [0.90008492 0.51235035 0.415     ] | Goal: [0.90008492 0.51235035 0.55      ] | DriftLimit: 0.0471 | FloorLimit: 0.4680 ---
2026-04-24 09:22:20,651 - [ENV] - TERMINATED (Ascend): Tube Drift = 0.0471m (Max 0.0471m) at step 9
2026-04-24 09:22:20,651 - [ENV] - Episode ended without success at step 9. Final dist: 0.0472m
2026-04-24 09:22:20,651 - [ENV] - --- EPISODE START | Scenario: ASCEND | Start: [0.73953351 0.38660025 0.415     ] | Goal: [0.73953351 0.38660025 0.55      ] | DriftLimit: 0.0471 | FloorLimit: 0.4680 ---
2026-04-24 09:22:20,955 - [ENV] - TERMINATED (Ascend): Tube Drift = 0.0476m (Max 0.0471m) at step 7
2026-04-24 09:22:20,955 - [ENV] - Episode ended without success at step 7. Final dist: 0.0859m
2026-04-24 09:22:20,956 - [ENV] - --- EPISODE START | Scenario: TRANSIT | Start: [1.04176236 0.21925891 0.55      ] | Goal: [1.12717669 0.50320859 0.55      ] | DriftLimit: 0.0471 | FloorLimit: 0.4680 ---
2026-04-24 09:23:01,649 - [ENV] - --- EPISODE START | Scenario: DESCEND | Start: [1.15029168 0.12078473 0.55      ] | Goal: [1.15029168 0.12078473 0.415     ] | DriftLimit: 0.0469 | FloorLimit: 0.4680 ---
2026-04-24 09:23:02,088 - [ENV] - SUCCESS: Goal reached in 12 steps. Dist = 0.0099m
2026-04-24 09:23:02,089 - [ENV] - --- EPISODE START | Scenario: DESCEND | Start: [0.83457647 0.4748474  0.55      ] | Goal: [0.83457647 0.4748474  0.41      ] | DriftLimit: 0.0469 | FloorLimit: 0.4680 ---
2026-04-24 09:23:06,470 - [ENV] - --- EPISODE START | Scenario: TRANSIT | Start: [0.99402233 0.45834782 0.55      ] | Goal: [0.89938863 0.10421751 0.55      ] | DriftLimit: 0.0468 | FloorLimit: 0.4681 ---
2026-04-24 09:23:10,992 - [ENV] - --- EPISODE START | Scenario: DESCEND | Start: [0.99227025 0.17804063 0.55      ] | Goal: [0.99227025 0.17804063 0.415     ] | DriftLimit: 0.0467 | FloorLimit: 0.4682 ---
2026-04-24 09:23:11,229 - [ENV] - SUCCESS: Goal reached in 6 steps. Dist = 0.0099m
2026-04-24 09:23:11,230 - [ENV] - --- EPISODE START | Scenario: DESCEND | Start: [1.10299611 0.4390875  0.55      ] | Goal: [1.10299611 0.4390875  0.41      ] | DriftLimit: 0.0467 | FloorLimit: 0.4682 ---
2026-04-24 09:23:15,684 - [ENV] - --- EPISODE START | Scenario: DESCEND | Start: [0.88182354 0.08848466 0.55      ] | Goal: [0.88182354 0.08848466 0.415     ] | DriftLimit: 0.0465 | FloorLimit: 0.4683 ---
2026-04-24 09:23:20,155 - [ENV] - --- EPISODE START | Scenario: ASCEND | Start: [0.92941115 0.32489094 0.415     ] | Goal: [0.92941115 0.32489094 0.55      ] | DriftLimit: 0.0464 | FloorLimit: 0.4683 ---
2026-04-24 09:23:20,340 - [ENV] - TERMINATED (Ascend): Tube Drift = 0.0620m (Max 0.0464m) at step 3
2026-04-24 09:23:20,340 - [ENV] - Episode ended without success at step 3. Final dist: 0.1009m
2026-04-24 09:23:20,340 - [ENV] - --- EPISODE START | Scenario: TRANSIT | Start: [0.81884394 0.49160918 0.55      ] | Goal: [0.9117214  0.03681779 0.55      ] | DriftLimit: 0.0464 | FloorLimit: 0.4683 ---
2026-04-24 09:23:25,043 - [ENV] - --- EPISODE START | Scenario: TRANSIT | Start: [0.63152795 0.07613901 0.55      ] | Goal: [0.63534033 0.29376993 0.55      ] | DriftLimit: 0.0463 | FloorLimit: 0.4684 ---
2026-04-24 09:23:29,349 - [ENV] - --- EPISODE START | Scenario: DESCEND | Start: [0.8473506  0.23174896 0.55      ] | Goal: [0.8473506  0.23174896 0.41      ] | DriftLimit: 0.0461 | FloorLimit: 0.4685 ---
2026-04-24 09:23:33,787 - [ENV] - --- EPISODE START | Scenario: ASCEND | Start: [0.75709958 0.41220365 0.415     ] | Goal: [0.75709958 0.41220365 0.55      ] | DriftLimit: 0.0460 | FloorLimit: 0.4685 ---
2026-04-24 09:23:38,267 - [ENV] - --- EPISODE START | Scenario: DESCEND | Start: [0.87891236 0.30765607 0.55      ] | Goal: [0.87891236 0.30765607 0.415     ] | DriftLimit: 0.0459 | FloorLimit: 0.4686 ---
2026-04-24 09:23:38,554 - [ENV] - SUCCESS: Goal reached in 4 steps. Dist = 0.0090m
2026-04-24 09:23:38,556 - [ENV] - --- EPISODE START | Scenario: DESCEND | Start: [1.00952    0.00203325 0.55      ] | Goal: [1.00952    0.00203325 0.41      ] | DriftLimit: 0.0459 | FloorLimit: 0.4686 ---
2026-04-24 09:23:43,131 - [ENV] - --- EPISODE START | Scenario: TRANSIT | Start: [0.61010527 0.37713249 0.55      ] | Goal: [1.0502273  0.13981371 0.55      ] | DriftLimit: 0.0458 | FloorLimit: 0.4687 ---
2026-04-24 09:23:47,737 - [ENV] - --- EPISODE START | Scenario: ASCEND | Start: [0.99544014 0.44897445 0.415     ] | Goal: [0.99544014 0.44897445 0.55      ] | DriftLimit: 0.0456 | FloorLimit: 0.4687 ---
2026-04-24 09:23:47,986 - [ENV] - TERMINATED (Ascend): Tube Drift = 0.0465m (Max 0.0456m) at step 5
2026-04-24 09:23:47,986 - [ENV] - Episode ended without success at step 5. Final dist: 0.0715m
2026-04-24 09:23:47,987 - [ENV] - --- EPISODE START | Scenario: ASCEND | Start: [1.1521701  0.00352239 0.415     ] | Goal: [1.1521701  0.00352239 0.55      ] | DriftLimit: 0.0456 | FloorLimit: 0.4687 ---
2026-04-24 09:23:48,201 - [ENV] - TERMINATED (Ascend): Tube Drift = 0.0561m (Max 0.0456m) at step 5
2026-04-24 09:23:48,201 - [ENV] - Episode ended without success at step 5. Final dist: 0.1371m
2026-04-24 09:23:48,201 - [ENV] - --- EPISODE START | Scenario: ASCEND | Start: [0.84504865 0.18215268 0.415     ] | Goal: [0.84504865 0.18215268 0.55      ] | DriftLimit: 0.0456 | FloorLimit: 0.4688 ---
2026-04-24 09:23:52,721 - [ENV] - --- EPISODE START | Scenario: TRANSIT | Start: [1.01740625 0.05383882 0.55      ] | Goal: [0.6234441  0.31185311 0.55      ] | DriftLimit: 0.0455 | FloorLimit: 0.4688 ---
2026-04-24 09:23:57,293 - [ENV] - --- EPISODE START | Scenario: DESCEND | Start: [0.94956933 0.00943864 0.55      ] | Goal: [0.94956933 0.00943864 0.415     ] | DriftLimit: 0.0454 | FloorLimit: 0.4689 ---
2026-04-24 09:24:02,018 - [ENV] - --- EPISODE START | Scenario: TRANSIT | Start: [0.8744625  0.44636287 0.55      ] | Goal: [0.65654236 0.43589981 0.55      ] | DriftLimit: 0.0452 | FloorLimit: 0.4690 ---
2026-04-24 09:24:41,878 - [ENV] - --- EPISODE START | Scenario: ASCEND | Start: [1.0007466  0.44616798 0.415     ] | Goal: [1.0007466  0.44616798 0.55      ] | DriftLimit: 0.0451 | FloorLimit: 0.4690 ---
2026-04-24 09:24:42,022 - [ENV] - TERMINATED (Ascend): Tube Drift = 0.0540m (Max 0.0451m) at step 3
2026-04-24 09:24:42,022 - [ENV] - Episode ended without success at step 3. Final dist: 0.0926m
2026-04-24 09:24:42,023 - [ENV] - --- EPISODE START | Scenario: TRANSIT | Start: [0.92501589 0.19494408 0.55      ] | Goal: [0.70607965 0.52030824 0.55      ] | DriftLimit: 0.0451 | FloorLimit: 0.4690 ---
2026-04-24 09:24:46,078 - [ENV] - --- EPISODE START | Scenario: TRANSIT | Start: [0.88010647 0.03265142 0.55      ] | Goal: [0.99964271 0.41830386 0.55      ] | DriftLimit: 0.0450 | FloorLimit: 0.4691 ---
2026-04-24 09:24:50,588 - [ENV] - --- EPISODE START | Scenario: ASCEND | Start: [0.66899331 0.11251579 0.415     ] | Goal: [0.66899331 0.11251579 0.55      ] | DriftLimit: 0.0449 | FloorLimit: 0.4692 ---
2026-04-24 09:24:50,969 - [ENV] - TERMINATED (Ascend): Tube Drift = 0.0548m (Max 0.0448m) at step 8
2026-04-24 09:24:50,970 - [ENV] - Episode ended without success at step 8. Final dist: 0.1395m
2026-04-24 09:24:50,970 - [ENV] - --- EPISODE START | Scenario: TRANSIT | Start: [1.08056124 0.54113362 0.55      ] | Goal: [0.93668862 0.37523936 0.55      ] | DriftLimit: 0.0448 | FloorLimit: 0.4692 ---
2026-04-24 09:24:55,548 - [ENV] - --- EPISODE START | Scenario: ASCEND | Start: [0.98274461 0.27410926 0.415     ] | Goal: [0.98274461 0.27410926 0.55      ] | DriftLimit: 0.0447 | FloorLimit: 0.4692 ---
2026-04-24 09:24:55,754 - [ENV] - TERMINATED (Ascend): Tube Drift = 0.0478m (Max 0.0447m) at step 4
2026-04-24 09:24:55,754 - [ENV] - Episode ended without success at step 4. Final dist: 0.1022m
2026-04-24 09:24:55,755 - [ENV] - --- EPISODE START | Scenario: DESCEND | Start: [1.03761099 0.53183905 0.55      ] | Goal: [1.03761099 0.53183905 0.41      ] | DriftLimit: 0.0447 | FloorLimit: 0.4692 ---
2026-04-24 09:25:00,414 - [ENV] - --- EPISODE START | Scenario: TRANSIT | Start: [0.97823699 0.42987706 0.55      ] | Goal: [0.83610486 0.47869296 0.55      ] | DriftLimit: 0.0446 | FloorLimit: 0.4693 ---
2026-04-24 09:25:05,070 - [ENV] - --- EPISODE START | Scenario: ASCEND | Start: [0.83667142 0.33516569 0.415     ] | Goal: [0.83667142 0.33516569 0.55      ] | DriftLimit: 0.0445 | FloorLimit: 0.4694 ---
2026-04-24 09:25:05,441 - [ENV] - TERMINATED (Ascend): Tube Drift = 0.0618m (Max 0.0445m) at step 4
2026-04-24 09:25:05,441 - [ENV] - Episode ended without success at step 4. Final dist: 0.1027m
2026-04-24 09:25:05,441 - [ENV] - --- EPISODE START | Scenario: TRANSIT | Start: [0.97481144 0.00709512 0.55      ] | Goal: [0.6631213  0.46683141 0.55      ] | DriftLimit: 0.0445 | FloorLimit: 0.4694 ---
2026-04-24 09:25:09,680 - [ENV] - --- EPISODE START | Scenario: ASCEND | Start: [0.75779353 0.23184864 0.415     ] | Goal: [0.75779353 0.23184864 0.55      ] | DriftLimit: 0.0443 | FloorLimit: 0.4695 ---
2026-04-24 09:25:10,025 - [ENV] - TERMINATED (Ascend): Tube Drift = 0.0490m (Max 0.0443m) at step 4
2026-04-24 09:25:10,025 - [ENV] - Episode ended without success at step 4. Final dist: 0.1358m
2026-04-24 09:25:10,025 - [ENV] - --- EPISODE START | Scenario: TRANSIT | Start: [0.6438471  0.40256622 0.55      ] | Goal: [0.61150795 0.04523588 0.55      ] | DriftLimit: 0.0443 | FloorLimit: 0.4695 ---
2026-04-24 09:25:14,514 - [ENV] - --- EPISODE START | Scenario: DESCEND | Start: [1.09422224 0.50692088 0.55      ] | Goal: [1.09422224 0.50692088 0.415     ] | DriftLimit: 0.0442 | FloorLimit: 0.4695 ---
2026-04-24 09:25:19,098 - [ENV] - --- EPISODE START | Scenario: ASCEND | Start: [0.76030753 0.54131241 0.415     ] | Goal: [0.76030753 0.54131241 0.55      ] | DriftLimit: 0.0441 | FloorLimit: 0.4696 ---
2026-04-24 09:25:19,463 - [ENV] - TERMINATED (Ascend): Tube Drift = 0.0462m (Max 0.0441m) at step 11
2026-04-24 09:25:19,464 - [ENV] - Episode ended without success at step 11. Final dist: 0.0463m
2026-04-24 09:25:19,464 - [ENV] - --- EPISODE START | Scenario: TRANSIT | Start: [0.82362737 0.45406756 0.55      ] | Goal: [1.05498389 0.18212675 0.55      ] | DriftLimit: 0.0441 | FloorLimit: 0.4696 ---
2026-04-24 09:25:24,304 - [ENV] - --- EPISODE START | Scenario: DESCEND | Start: [1.1235176  0.50920278 0.55      ] | Goal: [1.1235176  0.50920278 0.415     ] | DriftLimit: 0.0439 | FloorLimit: 0.4697 ---
2026-04-24 09:25:25,445 - [ENV] - TERMINATED (Descend): Tube Drift = 0.0439m (Max 0.0439m) at step 39
2026-04-24 09:25:25,445 - [ENV] - Episode ended without success at step 39. Final dist: 0.0439m
2026-04-24 09:25:25,446 - [ENV] - --- EPISODE START | Scenario: TRANSIT | Start: [1.0619588  0.26078052 0.55      ] | Goal: [0.60037345 0.28872231 0.55      ] | DriftLimit: 0.0439 | FloorLimit: 0.4697 ---
2026-04-24 09:25:30,779 - [ENV] - --- EPISODE START | Scenario: DESCEND | Start: [0.89759592 0.21234726 0.55      ] | Goal: [0.89759592 0.21234726 0.415     ] | DriftLimit: 0.0438 | FloorLimit: 0.4698 ---
2026-04-24 09:25:31,094 - [ENV] - SUCCESS: Goal reached in 4 steps. Dist = 0.0062m
2026-04-24 09:25:31,095 - [ENV] - --- EPISODE START | Scenario: ASCEND | Start: [0.97498053 0.41727162 0.415     ] | Goal: [0.97498053 0.41727162 0.55      ] | DriftLimit: 0.0438 | FloorLimit: 0.4698 ---
2026-04-24 09:25:31,242 - [ENV] - TERMINATED (Ascend): Tube Drift = 0.0537m (Max 0.0438m) at step 3
2026-04-24 09:25:31,242 - [ENV] - Episode ended without success at step 3. Final dist: 0.0912m
2026-04-24 09:25:31,242 - [ENV] - --- EPISODE START | Scenario: ASCEND | Start: [0.71381413 0.27788358 0.415     ] | Goal: [0.71381413 0.27788358 0.55      ] | DriftLimit: 0.0438 | FloorLimit: 0.4698 ---
2026-04-24 09:25:32,022 - [ENV] - TERMINATED (Ascend): Tube Drift = 0.0500m (Max 0.0437m) at step 25
2026-04-24 09:25:32,022 - [ENV] - Episode ended without success at step 25. Final dist: 0.1280m
2026-04-24 09:25:32,023 - [ENV] - --- EPISODE START | Scenario: TRANSIT | Start: [0.63292433 0.3566431  0.55      ] | Goal: [1.03857696 0.09067318 0.55      ] | DriftLimit: 0.0437 | FloorLimit: 0.4698 ---
2026-04-24 09:25:36,515 - [ENV] - --- EPISODE START | Scenario: TRANSIT | Start: [1.04032525e+00 5.99465730e-05 5.50000000e-01] | Goal: [0.96571073 0.23057421 0.55      ] | DriftLimit: 0.0436 | FloorLimit: 0.4698 ---
2026-04-24 09:25:40,985 - [ENV] - --- EPISODE START | Scenario: DESCEND | Start: [0.60835015 0.29332569 0.55      ] | Goal: [0.60835015 0.29332569 0.415     ] | DriftLimit: 0.0435 | FloorLimit: 0.4699 ---
2026-04-24 09:25:46,020 - [ENV] - --- EPISODE START | Scenario: ASCEND | Start: [0.97581314 0.39731137 0.415     ] | Goal: [0.97581314 0.39731137 0.55      ] | DriftLimit: 0.0434 | FloorLimit: 0.4700 ---
2026-04-24 09:25:46,255 - [ENV] - TERMINATED (Ascend): Tube Drift = 0.0435m (Max 0.0434m) at step 5
2026-04-24 09:25:46,256 - [ENV] - Episode ended without success at step 5. Final dist: 0.0749m
2026-04-24 09:25:46,256 - [ENV] - --- EPISODE START | Scenario: ASCEND | Start: [0.81705541 0.32322752 0.415     ] | Goal: [0.81705541 0.32322752 0.55      ] | DriftLimit: 0.0434 | FloorLimit: 0.4700 ---
2026-04-24 09:25:46,520 - [ENV] - TERMINATED (Ascend): Tube Drift = 0.0502m (Max 0.0434m) at step 4
2026-04-24 09:25:46,520 - [ENV] - Episode ended without success at step 4. Final dist: 0.1127m
2026-04-24 09:25:46,521 - [ENV] - --- EPISODE START | Scenario: DESCEND | Start: [0.60339339 0.23959619 0.55      ] | Goal: [0.60339339 0.23959619 0.415     ] | DriftLimit: 0.0434 | FloorLimit: 0.4700 ---
2026-04-24 09:26:29,279 - [ENV] - --- EPISODE START | Scenario: ASCEND | Start: [0.71809198 0.00181855 0.415     ] | Goal: [0.71809198 0.00181855 0.55      ] | DriftLimit: 0.0432 | FloorLimit: 0.4701 ---
2026-04-24 09:26:33,517 - [ENV] - --- EPISODE START | Scenario: TRANSIT | Start: [0.94892122 0.45347459 0.55      ] | Goal: [0.99689659 0.11395785 0.55      ] | DriftLimit: 0.0431 | FloorLimit: 0.4701 ---
2026-04-24 09:26:38,003 - [ENV] - --- EPISODE START | Scenario: DESCEND | Start: [ 1.05835171 -0.01044383  0.55      ] | Goal: [ 1.05835171 -0.01044383  0.41      ] | DriftLimit: 0.0430 | FloorLimit: 0.4702 ---
2026-04-24 09:26:42,718 - [ENV] - --- EPISODE START | Scenario: DESCEND | Start: [1.02405736 0.1289246  0.55      ] | Goal: [1.02405736 0.1289246  0.415     ] | DriftLimit: 0.0428 | FloorLimit: 0.4703 ---
2026-04-24 09:26:42,896 - [ENV] - SUCCESS: Goal reached in 5 steps. Dist = 0.0096m
2026-04-24 09:26:42,896 - [ENV] - --- EPISODE START | Scenario: DESCEND | Start: [0.82572412 0.20893213 0.55      ] | Goal: [0.82572412 0.20893213 0.415     ] | DriftLimit: 0.0428 | FloorLimit: 0.4703 ---
2026-04-24 09:26:47,348 - [ENV] - --- EPISODE START | Scenario: ASCEND | Start: [0.87113513 0.34851075 0.415     ] | Goal: [0.87113513 0.34851075 0.55      ] | DriftLimit: 0.0427 | FloorLimit: 0.4703 ---
2026-04-24 09:26:47,624 - [ENV] - TERMINATED (Ascend): Tube Drift = 0.0492m (Max 0.0427m) at step 3
2026-04-24 09:26:47,624 - [ENV] - Episode ended without success at step 3. Final dist: 0.0951m
2026-04-24 09:26:47,626 - [ENV] - --- EPISODE START | Scenario: TRANSIT | Start: [0.96028494 0.10728395 0.55      ] | Goal: [1.06895851 0.00791707 0.55      ] | DriftLimit: 0.0427 | FloorLimit: 0.4703 ---
2026-04-24 09:26:52,085 - [ENV] - --- EPISODE START | Scenario: DESCEND | Start: [0.86629445 0.43675222 0.55      ] | Goal: [0.86629445 0.43675222 0.41      ] | DriftLimit: 0.0426 | FloorLimit: 0.4704 ---
2026-04-24 09:26:56,648 - [ENV] - --- EPISODE START | Scenario: DESCEND | Start: [0.63140262 0.2716524  0.55      ] | Goal: [0.63140262 0.2716524  0.415     ] | DriftLimit: 0.0425 | FloorLimit: 0.4705 ---
2026-04-24 09:27:01,047 - [ENV] - --- EPISODE START | Scenario: ASCEND | Start: [0.81189295 0.44717504 0.415     ] | Goal: [0.81189295 0.44717504 0.55      ] | DriftLimit: 0.0423 | FloorLimit: 0.4705 ---
2026-04-24 09:27:01,473 - [ENV] - TERMINATED (Ascend): Tube Drift = 0.0425m (Max 0.0423m) at step 9
2026-04-24 09:27:01,473 - [ENV] - Episode ended without success at step 9. Final dist: 0.0508m
2026-04-24 09:27:01,474 - [ENV] - --- EPISODE START | Scenario: TRANSIT | Start: [1.07937497 0.39204211 0.55      ] | Goal: [0.87604333 0.49363102 0.55      ] | DriftLimit: 0.0423 | FloorLimit: 0.4706 ---
2026-04-24 09:27:05,908 - [ENV] - --- EPISODE START | Scenario: ASCEND | Start: [0.98703599 0.29978079 0.415     ] | Goal: [0.98703599 0.29978079 0.55      ] | DriftLimit: 0.0422 | FloorLimit: 0.4706 ---
2026-04-24 09:27:06,072 - [ENV] - TERMINATED (Ascend): Tube Drift = 0.0567m (Max 0.0422m) at step 3
2026-04-24 09:27:06,072 - [ENV] - Episode ended without success at step 3. Final dist: 0.0959m
2026-04-24 09:27:06,072 - [ENV] - --- EPISODE START | Scenario: TRANSIT | Start: [1.1421651 0.3214863 0.55     ] | Goal: [ 0.91284937 -0.0137986   0.55      ] | DriftLimit: 0.0422 | FloorLimit: 0.4706 ---
2026-04-24 09:27:10,632 - [ENV] - --- EPISODE START | Scenario: TRANSIT | Start: [0.67379239 0.20371711 0.55      ] | Goal: [0.61221627 0.52161248 0.55      ] | DriftLimit: 0.0421 | FloorLimit: 0.4707 ---
2026-04-24 09:27:15,208 - [ENV] - --- EPISODE START | Scenario: ASCEND | Start: [0.79854166 0.48672967 0.415     ] | Goal: [0.79854166 0.48672967 0.55      ] | DriftLimit: 0.0419 | FloorLimit: 0.4708 ---
2026-04-24 09:27:15,371 - [ENV] - TERMINATED (Ascend): Tube Drift = 0.0465m (Max 0.0419m) at step 3
2026-04-24 09:27:15,371 - [ENV] - Episode ended without success at step 3. Final dist: 0.0932m
2026-04-24 09:27:15,372 - [ENV] - --- EPISODE START | Scenario: DESCEND | Start: [1.14405614 0.17118447 0.55      ] | Goal: [1.14405614 0.17118447 0.415     ] | DriftLimit: 0.0419 | FloorLimit: 0.4708 ---
2026-04-24 09:27:15,571 - [ENV] - SUCCESS: Goal reached in 5 steps. Dist = 0.0088m
2026-04-24 09:27:15,572 - [ENV] - --- EPISODE START | Scenario: TRANSIT | Start: [1.1488943  0.39573599 0.55      ] | Goal: [0.72215586 0.32358658 0.55      ] | DriftLimit: 0.0419 | FloorLimit: 0.4708 ---
2026-04-24 09:27:19,990 - [ENV] - --- EPISODE START | Scenario: ASCEND | Start: [0.66826187 0.20454842 0.415     ] | Goal: [0.66826187 0.20454842 0.55      ] | DriftLimit: 0.0418 | FloorLimit: 0.4708 ---
2026-04-24 09:27:20,544 - [ENV] - TERMINATED (Ascend): Tube Drift = 0.0425m (Max 0.0418m) at step 13
2026-04-24 09:27:20,544 - [ENV] - Episode ended without success at step 13. Final dist: 0.1344m
2026-04-24 09:27:20,545 - [ENV] - --- EPISODE START | Scenario: TRANSIT | Start: [ 0.66437819 -0.00840871  0.55      ] | Goal: [0.99436321 0.13573611 0.55      ] | DriftLimit: 0.0418 | FloorLimit: 0.4708 ---
2026-04-24 09:27:24,886 - [ENV] - --- EPISODE START | Scenario: ASCEND | Start: [1.00201132 0.36948038 0.415     ] | Goal: [1.00201132 0.36948038 0.55      ] | DriftLimit: 0.0417 | FloorLimit: 0.4709 ---
2026-04-24 09:27:25,187 - [ENV] - TERMINATED (Ascend): Tube Drift = 0.0427m (Max 0.0417m) at step 7
2026-04-24 09:27:25,187 - [ENV] - Episode ended without success at step 7. Final dist: 0.0678m
2026-04-24 09:27:25,187 - [ENV] - --- EPISODE START | Scenario: ASCEND | Start: [0.93611737 0.230119   0.415     ] | Goal: [0.93611737 0.230119   0.55      ] | DriftLimit: 0.0417 | FloorLimit: 0.4709 ---
2026-04-24 09:27:25,364 - [ENV] - TERMINATED (Ascend): Tube Drift = 0.0427m (Max 0.0417m) at step 3
2026-04-24 09:27:25,364 - [ENV] - Episode ended without success at step 3. Final dist: 0.1224m
2026-04-24 09:27:25,364 - [ENV] - --- EPISODE START | Scenario: TRANSIT | Start: [1.08186518 0.19280575 0.55      ] | Goal: [1.14441393 0.50026997 0.55      ] | DriftLimit: 0.0417 | FloorLimit: 0.4709 ---
2026-04-24 09:27:29,966 - [ENV] - --- EPISODE START | Scenario: ASCEND | Start: [0.91674133 0.13077793 0.415     ] | Goal: [0.91674133 0.13077793 0.55      ] | DriftLimit: 0.0415 | FloorLimit: 0.4710 ---
2026-04-24 09:27:30,205 - [ENV] - TERMINATED (Ascend): Tube Drift = 0.0461m (Max 0.0415m) at step 3
2026-04-24 09:27:30,205 - [ENV] - Episode ended without success at step 3. Final dist: 0.1235m
2026-04-24 09:27:30,206 - [ENV] - --- EPISODE START | Scenario: DESCEND | Start: [0.8144594  0.04289503 0.55      ] | Goal: [0.8144594  0.04289503 0.415     ] | DriftLimit: 0.0415 | FloorLimit: 0.4710 ---
2026-04-24 09:28:05,285 - [ENV] - SUCCESS: Goal reached in 63 steps. Dist = 0.0100m
2026-04-24 09:28:05,285 - [ENV] - --- EPISODE START | Scenario: ASCEND | Start: [0.85217487 0.10523414 0.415     ] | Goal: [0.85217487 0.10523414 0.55      ] | DriftLimit: 0.0415 | FloorLimit: 0.4710 ---
2026-04-24 09:28:05,473 - [ENV] - TERMINATED (Ascend): Tube Drift = 0.0441m (Max 0.0415m) at step 4
2026-04-24 09:28:05,473 - [ENV] - Episode ended without success at step 4. Final dist: 0.1266m
2026-04-24 09:28:05,473 - [ENV] - --- EPISODE START | Scenario: DESCEND | Start: [0.87572928 0.41742624 0.55      ] | Goal: [0.87572928 0.41742624 0.41      ] | DriftLimit: 0.0415 | FloorLimit: 0.4710 ---
2026-04-24 09:28:10,242 - [ENV] - --- EPISODE START | Scenario: ASCEND | Start: [9.65625161e-01 8.77059397e-05 4.15000000e-01] | Goal: [9.65625161e-01 8.77059397e-05 5.50000000e-01] | DriftLimit: 0.0413 | FloorLimit: 0.4711 ---
2026-04-24 09:28:10,416 - [ENV] - TERMINATED (Ascend): Tube Drift = 0.0522m (Max 0.0413m) at step 3
2026-04-24 09:28:10,416 - [ENV] - Episode ended without success at step 3. Final dist: 0.1315m
2026-04-24 09:28:10,417 - [ENV] - --- EPISODE START | Scenario: TRANSIT | Start: [1.1546225 0.2143644 0.55     ] | Goal: [0.65143651 0.47867279 0.55      ] | DriftLimit: 0.0413 | FloorLimit: 0.4711 ---
2026-04-24 09:28:14,407 - [ENV] - --- EPISODE START | Scenario: ASCEND | Start: [0.8704052  0.51290569 0.415     ] | Goal: [0.8704052  0.51290569 0.55      ] | DriftLimit: 0.0412 | FloorLimit: 0.4712 ---
2026-04-24 09:28:14,701 - [ENV] - TERMINATED (Ascend): Tube Drift = 0.0454m (Max 0.0412m) at step 8
2026-04-24 09:28:14,701 - [ENV] - Episode ended without success at step 8. Final dist: 0.0473m
2026-04-24 09:28:14,701 - [ENV] - --- EPISODE START | Scenario: DESCEND | Start: [1.07207876 0.31798694 0.55      ] | Goal: [1.07207876 0.31798694 0.41      ] | DriftLimit: 0.0412 | FloorLimit: 0.4712 ---
2026-04-24 09:28:19,192 - [ENV] - --- EPISODE START | Scenario: TRANSIT | Start: [ 6.43328298e-01 -1.54982195e-04  5.50000000e-01] | Goal: [0.98287484 0.19832406 0.55      ] | DriftLimit: 0.0411 | FloorLimit: 0.4712 ---
2026-04-24 09:28:23,683 - [ENV] - --- EPISODE START | Scenario: ASCEND | Start: [1.01611817 0.34477792 0.415     ] | Goal: [1.01611817 0.34477792 0.55      ] | DriftLimit: 0.0410 | FloorLimit: 0.4713 ---
2026-04-24 09:28:23,940 - [ENV] - TERMINATED (Ascend): Tube Drift = 0.0517m (Max 0.0409m) at step 3
2026-04-24 09:28:23,940 - [ENV] - Episode ended without success at step 3. Final dist: 0.0901m
2026-04-24 09:28:23,940 - [ENV] - --- EPISODE START | Scenario: TRANSIT | Start: [0.6787816  0.31552845 0.55      ] | Goal: [1.05668693 0.31070936 0.55      ] | DriftLimit: 0.0409 | FloorLimit: 0.4713 ---
2026-04-24 09:28:28,374 - [ENV] - --- EPISODE START | Scenario: DESCEND | Start: [0.66893373 0.29640519 0.55      ] | Goal: [0.66893373 0.29640519 0.415     ] | DriftLimit: 0.0408 | FloorLimit: 0.4714 ---
2026-04-24 09:28:33,085 - [ENV] - --- EPISODE START | Scenario: DESCEND | Start: [0.62876656 0.05747698 0.55      ] | Goal: [0.62876656 0.05747698 0.415     ] | DriftLimit: 0.0407 | FloorLimit: 0.4714 ---
2026-04-24 09:28:37,495 - [ENV] - --- EPISODE START | Scenario: TRANSIT | Start: [0.88715692 0.13655638 0.55      ] | Goal: [0.996214   0.30241338 0.55      ] | DriftLimit: 0.0406 | FloorLimit: 0.4715 ---
2026-04-24 09:28:42,170 - [ENV] - --- EPISODE START | Scenario: TRANSIT | Start: [0.8108778  0.02180748 0.55      ] | Goal: [0.60151374 0.44954483 0.55      ] | DriftLimit: 0.0404 | FloorLimit: 0.4716 ---
2026-04-24 09:28:46,790 - [ENV] - --- EPISODE START | Scenario: DESCEND | Start: [0.68001354 0.015255   0.55      ] | Goal: [0.68001354 0.015255   0.415     ] | DriftLimit: 0.0403 | FloorLimit: 0.4717 ---
2026-04-24 09:28:51,273 - [ENV] - --- EPISODE START | Scenario: ASCEND | Start: [0.67720715 0.0013821  0.415     ] | Goal: [0.67720715 0.0013821  0.55      ] | DriftLimit: 0.0402 | FloorLimit: 0.4717 ---
2026-04-24 09:28:51,488 - [ENV] - TERMINATED (Ascend): Tube Drift = 0.0487m (Max 0.0402m) at step 5
2026-04-24 09:28:51,488 - [ENV] - Episode ended without success at step 5. Final dist: 0.1366m
2026-04-24 09:28:51,488 - [ENV] - --- EPISODE START | Scenario: DESCEND | Start: [0.71390459 0.47034088 0.55      ] | Goal: [0.71390459 0.47034088 0.41      ] | DriftLimit: 0.0402 | FloorLimit: 0.4717 ---
2026-04-24 09:28:55,897 - [ENV] - --- EPISODE START | Scenario: DESCEND | Start: [0.68971459 0.17533227 0.55      ] | Goal: [0.68971459 0.17533227 0.41      ] | DriftLimit: 0.0400 | FloorLimit: 0.4718 ---
2026-04-24 09:28:56,252 - [ENV] - TERMINATED (Descend): Tube Drift = 0.0401m (Max 0.0400m) at step 8
2026-04-24 09:28:56,252 - [ENV] - Episode ended without success at step 8. Final dist: 0.0409m
2026-04-24 09:28:56,253 - [ENV] - --- EPISODE START | Scenario: TRANSIT | Start: [1.05517667 0.42081491 0.55      ] | Goal: [0.82001016 0.1393391  0.55      ] | DriftLimit: 0.0400 | FloorLimit: 0.4718 ---
2026-04-24 09:28:56,620 - [ENV] - SUCCESS: Goal reached in 13 steps. Dist = 0.0158m
2026-04-24 09:28:56,620 - [ENV] - --- EPISODE START | Scenario: ASCEND | Start: [0.65087637 0.17691897 0.415     ] | Goal: [0.65087637 0.17691897 0.55      ] | DriftLimit: 0.0400 | FloorLimit: 0.4718 ---
2026-04-24 09:29:01,196 - [ENV] - --- EPISODE START | Scenario: TRANSIT | Start: [1.135545   0.01196207 0.55      ] | Goal: [0.7084703  0.25170081 0.55      ] | DriftLimit: 0.0399 | FloorLimit: 0.4719 ---
2026-04-24 09:29:05,772 - [ENV] - --- EPISODE START | Scenario: DESCEND | Start: [0.69956265 0.50559982 0.55      ] | Goal: [0.69956265 0.50559982 0.415     ] | DriftLimit: 0.0398 | FloorLimit: 0.4719 ---
2026-04-24 09:29:41,548 - [ENV] - --- EPISODE START | Scenario: ASCEND | Start: [1.08290372 0.01202449 0.415     ] | Goal: [1.08290372 0.01202449 0.55      ] | DriftLimit: 0.0396 | FloorLimit: 0.4720 ---
2026-04-24 09:29:41,741 - [ENV] - TERMINATED (Ascend): Tube Drift = 0.0528m (Max 0.0396m) at step 3
2026-04-24 09:29:41,741 - [ENV] - Episode ended without success at step 3. Final dist: 0.1366m
2026-04-24 09:29:41,742 - [ENV] - --- EPISODE START | Scenario: ASCEND | Start: [0.87506516 0.00485073 0.415     ] | Goal: [0.87506516 0.00485073 0.55      ] | DriftLimit: 0.0396 | FloorLimit: 0.4720 ---
2026-04-24 09:29:41,904 - [ENV] - TERMINATED (Ascend): Tube Drift = 0.0452m (Max 0.0396m) at step 3
2026-04-24 09:29:41,904 - [ENV] - Episode ended without success at step 3. Final dist: 0.1312m
2026-04-24 09:29:41,904 - [ENV] - --- EPISODE START | Scenario: TRANSIT | Start: [0.81041039 0.15859565 0.55      ] | Goal: [0.72379508 0.01757792 0.55      ] | DriftLimit: 0.0396 | FloorLimit: 0.4720 ---
2026-04-24 09:29:45,975 - [ENV] - --- EPISODE START | Scenario: ASCEND | Start: [1.03508708 0.53464624 0.415     ] | Goal: [1.03508708 0.53464624 0.55      ] | DriftLimit: 0.0395 | FloorLimit: 0.4721 ---
2026-04-24 09:29:46,328 - [ENV] - TERMINATED (Ascend): Tube Drift = 0.0438m (Max 0.0395m) at step 8
2026-04-24 09:29:46,328 - [ENV] - Episode ended without success at step 8. Final dist: 0.0488m
2026-04-24 09:29:46,329 - [ENV] - --- EPISODE START | Scenario: TRANSIT | Start: [0.63358187 0.05409535 0.55      ] | Goal: [0.71988494 0.36740969 0.55      ] | DriftLimit: 0.0395 | FloorLimit: 0.4721 ---
2026-04-24 09:29:50,663 - [ENV] - --- EPISODE START | Scenario: DESCEND | Start: [0.9671839  0.29627461 0.55      ] | Goal: [0.9671839  0.29627461 0.415     ] | DriftLimit: 0.0394 | FloorLimit: 0.4722 ---
2026-04-24 09:29:50,837 - [ENV] - SUCCESS: Goal reached in 4 steps. Dist = 0.0056m
2026-04-24 09:29:50,838 - [ENV] - --- EPISODE START | Scenario: TRANSIT | Start: [1.11457595 0.32039485 0.55      ] | Goal: [1.05687247 0.51706601 0.55      ] | DriftLimit: 0.0394 | FloorLimit: 0.4722 ---
2026-04-24 09:29:55,513 - [ENV] - --- EPISODE START | Scenario: ASCEND | Start: [1.12454166 0.14719746 0.415     ] | Goal: [1.12454166 0.14719746 0.55      ] | DriftLimit: 0.0392 | FloorLimit: 0.4722 ---
2026-04-24 09:29:55,673 - [ENV] - TERMINATED (Ascend): Tube Drift = 0.0457m (Max 0.0392m) at step 4
2026-04-24 09:29:55,673 - [ENV] - Episode ended without success at step 4. Final dist: 0.1285m
2026-04-24 09:29:55,674 - [ENV] - --- EPISODE START | Scenario: ASCEND | Start: [0.65025117 0.41655081 0.415     ] | Goal: [0.65025117 0.41655081 0.55      ] | DriftLimit: 0.0392 | FloorLimit: 0.4722 ---
2026-04-24 09:29:55,903 - [ENV] - TERMINATED (Ascend): Tube Drift = 0.0487m (Max 0.0392m) at step 4
2026-04-24 09:29:55,903 - [ENV] - Episode ended without success at step 4. Final dist: 0.1202m
2026-04-24 09:29:55,904 - [ENV] - --- EPISODE START | Scenario: DESCEND | Start: [0.80956198 0.50153039 0.55      ] | Goal: [0.80956198 0.50153039 0.41      ] | DriftLimit: 0.0392 | FloorLimit: 0.4722 ---
2026-04-24 09:30:00,447 - [ENV] - --- EPISODE START | Scenario: TRANSIT | Start: [0.71556968 0.235838   0.55      ] | Goal: [0.76645292 0.00159923 0.55      ] | DriftLimit: 0.0391 | FloorLimit: 0.4723 ---
2026-04-24 09:30:00,777 - [ENV] - TERMINATED (Transit): Floor collision. Z = 0.4722m (Min 0.472m) at step 9
2026-04-24 09:30:00,777 - [ENV] - Episode ended without success at step 9. Final dist: 0.1548m
2026-04-24 09:30:00,778 - [ENV] - --- EPISODE START | Scenario: DESCEND | Start: [1.089654   0.21493848 0.55      ] | Goal: [1.089654   0.21493848 0.41      ] | DriftLimit: 0.0391 | FloorLimit: 0.4723 ---
2026-04-24 09:30:05,458 - [ENV] - --- EPISODE START | Scenario: TRANSIT | Start: [1.09635418 0.50074667 0.55      ] | Goal: [0.6175841  0.06294247 0.55      ] | DriftLimit: 0.0390 | FloorLimit: 0.4724 ---
2026-04-24 09:30:06,377 - [ENV] - SUCCESS: Goal reached in 38 steps. Dist = 0.0198m
2026-04-24 09:30:06,378 - [ENV] - --- EPISODE START | Scenario: TRANSIT | Start: [0.86369962 0.53855602 0.55      ] | Goal: [0.71436958 0.2720674  0.55      ] | DriftLimit: 0.0390 | FloorLimit: 0.4724 ---
2026-04-24 09:30:11,245 - [ENV] - --- EPISODE START | Scenario: DESCEND | Start: [1.02821258 0.52676184 0.55      ] | Goal: [1.02821258 0.52676184 0.41      ] | DriftLimit: 0.0388 | FloorLimit: 0.4725 ---
2026-04-24 09:30:15,626 - [ENV] - --- EPISODE START | Scenario: ASCEND | Start: [0.88160685 0.17455652 0.415     ] | Goal: [0.88160685 0.17455652 0.55      ] | DriftLimit: 0.0387 | FloorLimit: 0.4725 ---
2026-04-24 09:30:15,924 - [ENV] - TERMINATED (Ascend): Tube Drift = 0.0406m (Max 0.0387m) at step 5
2026-04-24 09:30:15,924 - [ENV] - Episode ended without success at step 5. Final dist: 0.1231m
2026-04-24 09:30:15,925 - [ENV] - --- EPISODE START | Scenario: TRANSIT | Start: [1.04296487 0.36942436 0.55      ] | Goal: [0.7113199 0.121194  0.55     ] | DriftLimit: 0.0387 | FloorLimit: 0.4725 ---
2026-04-24 09:30:16,537 - [ENV] - SUCCESS: Goal reached in 19 steps. Dist = 0.0152m
2026-04-24 09:30:16,538 - [ENV] - --- EPISODE START | Scenario: DESCEND | Start: [0.83474639 0.05368486 0.55      ] | Goal: [0.83474639 0.05368486 0.41      ] | DriftLimit: 0.0387 | FloorLimit: 0.4725 ---
2026-04-24 09:30:20,788 - [ENV] - --- EPISODE START | Scenario: TRANSIT | Start: [0.72504361 0.31696313 0.55      ] | Goal: [1.01498194 0.50429684 0.55      ] | DriftLimit: 0.0385 | FloorLimit: 0.4726 ---
2026-04-24 09:30:25,359 - [ENV] - --- EPISODE START | Scenario: ASCEND | Start: [0.63374519 0.22937722 0.415     ] | Goal: [0.63374519 0.22937722 0.55      ] | DriftLimit: 0.0384 | FloorLimit: 0.4727 ---
2026-04-24 09:30:26,008 - [ENV] - TERMINATED (Ascend): Tube Drift = 0.0464m (Max 0.0384m) at step 8
2026-04-24 09:30:26,008 - [ENV] - Episode ended without success at step 8. Final dist: 0.1337m
2026-04-24 09:30:26,008 - [ENV] - --- EPISODE START | Scenario: DESCEND | Start: [0.65574571 0.05095681 0.55      ] | Goal: [0.65574571 0.05095681 0.41      ] | DriftLimit: 0.0384 | FloorLimit: 0.4727 ---
2026-04-24 09:30:30,656 - [ENV] - --- EPISODE START | Scenario: ASCEND | Start: [0.94879446 0.19589614 0.415     ] | Goal: [0.94879446 0.19589614 0.55      ] | DriftLimit: 0.0383 | FloorLimit: 0.4728 ---
2026-04-24 09:30:30,853 - [ENV] - TERMINATED (Ascend): Tube Drift = 0.0386m (Max 0.0383m) at step 3
2026-04-24 09:30:30,854 - [ENV] - Episode ended without success at step 3. Final dist: 0.1301m
2026-04-24 09:30:30,854 - [ENV] - --- EPISODE START | Scenario: DESCEND | Start: [0.66726185 0.34238807 0.55      ] | Goal: [0.66726185 0.34238807 0.41      ] | DriftLimit: 0.0383 | FloorLimit: 0.4728 ---
2026-04-24 09:30:35,205 - [ENV] - --- EPISODE START | Scenario: DESCEND | Start: [0.71288865 0.27892607 0.55      ] | Goal: [0.71288865 0.27892607 0.41      ] | DriftLimit: 0.0382 | FloorLimit: 0.4728 ---
2026-04-24 09:30:37,662 - [ENV] - TERMINATED (Descend): Tube Drift = 0.0381m (Max 0.0381m) at step 98
2026-04-24 09:30:37,663 - [ENV] - Episode ended without success at step 98. Final dist: 0.0393m
2026-04-24 09:30:37,663 - [ENV] - --- EPISODE START | Scenario: DESCEND | Start: [0.64600764 0.39508164 0.55      ] | Goal: [0.64600764 0.39508164 0.415     ] | DriftLimit: 0.0381 | FloorLimit: 0.4729 ---
2026-04-24 09:30:42,689 - [ENV] - --- EPISODE START | Scenario: ASCEND | Start: [ 0.86543424 -0.01221484  0.415     ] | Goal: [ 0.86543424 -0.01221484  0.55      ] | DriftLimit: 0.0380 | FloorLimit: 0.4729 ---
2026-04-24 09:30:42,896 - [ENV] - TERMINATED (Ascend): Tube Drift = 0.0383m (Max 0.0380m) at step 5
2026-04-24 09:30:42,897 - [ENV] - Episode ended without success at step 5. Final dist: 0.1344m
2026-04-24 09:30:42,897 - [ENV] - --- EPISODE START | Scenario: ASCEND | Start: [0.74168429 0.4623087  0.415     ] | Goal: [0.74168429 0.4623087  0.55      ] | DriftLimit: 0.0380 | FloorLimit: 0.4729 ---
2026-04-24 09:31:20,133 - [ENV] - --- EPISODE START | Scenario: DESCEND | Start: [0.78585602 0.28636863 0.55      ] | Goal: [0.78585602 0.28636863 0.415     ] | DriftLimit: 0.0378 | FloorLimit: 0.4730 ---
2026-04-24 09:31:24,154 - [ENV] - --- EPISODE START | Scenario: DESCEND | Start: [0.8103095  0.05777841 0.55      ] | Goal: [0.8103095  0.05777841 0.41      ] | DriftLimit: 0.0377 | FloorLimit: 0.4731 ---
2026-04-24 09:31:28,344 - [ENV] - --- EPISODE START | Scenario: ASCEND | Start: [1.02133606 0.44047599 0.415     ] | Goal: [1.02133606 0.44047599 0.55      ] | DriftLimit: 0.0376 | FloorLimit: 0.4731 ---
2026-04-24 09:31:28,737 - [ENV] - TERMINATED (Ascend): Tube Drift = 0.0383m (Max 0.0376m) at step 12
2026-04-24 09:31:28,737 - [ENV] - Episode ended without success at step 12. Final dist: 0.0434m
2026-04-24 09:31:28,738 - [ENV] - --- EPISODE START | Scenario: TRANSIT | Start: [0.78782035 0.22434387 0.55      ] | Goal: [0.61949209 0.49797086 0.55      ] | DriftLimit: 0.0376 | FloorLimit: 0.4732 ---
2026-04-24 09:31:33,981 - [ENV] - --- EPISODE START | Scenario: ASCEND | Start: [0.75488647 0.46086639 0.415     ] | Goal: [0.75488647 0.46086639 0.55      ] | DriftLimit: 0.0374 | FloorLimit: 0.4732 ---
2026-04-24 09:31:39,110 - [ENV] - --- EPISODE START | Scenario: ASCEND | Start: [0.73513573 0.43410809 0.415     ] | Goal: [0.73513573 0.43410809 0.55      ] | DriftLimit: 0.0373 | FloorLimit: 0.4733 ---
2026-04-24 09:31:43,702 - [ENV] - --- EPISODE START | Scenario: ASCEND | Start: [0.65169116 0.22249174 0.415     ] | Goal: [0.65169116 0.22249174 0.55      ] | DriftLimit: 0.0372 | FloorLimit: 0.4734 ---
2026-04-24 09:31:44,188 - [ENV] - TERMINATED (Ascend): Tube Drift = 0.0401m (Max 0.0372m) at step 6
2026-04-24 09:31:44,188 - [ENV] - Episode ended without success at step 6. Final dist: 0.1384m
2026-04-24 09:31:44,188 - [ENV] - --- EPISODE START | Scenario: TRANSIT | Start: [1.1443842  0.08972295 0.55      ] | Goal: [0.77228961 0.27477767 0.55      ] | DriftLimit: 0.0372 | FloorLimit: 0.4734 ---
2026-04-24 09:31:48,814 - [ENV] - --- EPISODE START | Scenario: DESCEND | Start: [0.79160203 0.34751236 0.55      ] | Goal: [0.79160203 0.34751236 0.41      ] | DriftLimit: 0.0370 | FloorLimit: 0.4734 ---
2026-04-24 09:31:53,509 - [ENV] - --- EPISODE START | Scenario: ASCEND | Start: [0.79680798 0.07573324 0.415     ] | Goal: [0.79680798 0.07573324 0.55      ] | DriftLimit: 0.0369 | FloorLimit: 0.4735 ---
2026-04-24 09:31:53,741 - [ENV] - TERMINATED (Ascend): Tube Drift = 0.0378m (Max 0.0369m) at step 5
2026-04-24 09:31:53,741 - [ENV] - Episode ended without success at step 5. Final dist: 0.1333m
2026-04-24 09:31:53,742 - [ENV] - --- EPISODE START | Scenario: TRANSIT | Start: [0.82920821 0.43991304 0.55      ] | Goal: [0.72007814 0.09645044 0.55      ] | DriftLimit: 0.0369 | FloorLimit: 0.4735 ---
2026-04-24 09:31:58,249 - [ENV] - --- EPISODE START | Scenario: ASCEND | Start: [0.75766965 0.46284845 0.415     ] | Goal: [0.75766965 0.46284845 0.55      ] | DriftLimit: 0.0368 | FloorLimit: 0.4736 ---
2026-04-24 09:31:58,459 - [ENV] - TERMINATED (Ascend): Tube Drift = 0.0553m (Max 0.0368m) at step 4
2026-04-24 09:31:58,460 - [ENV] - Episode ended without success at step 4. Final dist: 0.0854m
2026-04-24 09:31:58,460 - [ENV] - --- EPISODE START | Scenario: ASCEND | Start: [0.86553594 0.44365647 0.415     ] | Goal: [0.86553594 0.44365647 0.55      ] | DriftLimit: 0.0368 | FloorLimit: 0.4736 ---
2026-04-24 09:31:58,704 - [ENV] - TERMINATED (Ascend): Tube Drift = 0.0503m (Max 0.0368m) at step 4
2026-04-24 09:31:58,704 - [ENV] - Episode ended without success at step 4. Final dist: 0.0771m
2026-04-24 09:31:58,705 - [ENV] - --- EPISODE START | Scenario: DESCEND | Start: [ 1.08397469 -0.01553379  0.55      ] | Goal: [ 1.08397469 -0.01553379  0.41      ] | DriftLimit: 0.0368 | FloorLimit: 0.4736 ---
2026-04-24 09:32:03,283 - [ENV] - --- EPISODE START | Scenario: TRANSIT | Start: [0.92177081 0.19249773 0.55      ] | Goal: [0.77621749 0.26225276 0.55      ] | DriftLimit: 0.0366 | FloorLimit: 0.4736 ---
2026-04-24 09:32:07,658 - [ENV] - --- EPISODE START | Scenario: DESCEND | Start: [ 0.61640048 -0.00798175  0.55      ] | Goal: [ 0.61640048 -0.00798175  0.415     ] | DriftLimit: 0.0365 | FloorLimit: 0.4737 ---
2026-04-24 09:32:12,037 - [ENV] - --- EPISODE START | Scenario: TRANSIT | Start: [0.71005775 0.24805172 0.55      ] | Goal: [0.9890282  0.53607308 0.55      ] | DriftLimit: 0.0364 | FloorLimit: 0.4738 ---
2026-04-24 09:32:16,500 - [ENV] - --- EPISODE START | Scenario: DESCEND | Start: [0.66474174 0.32379741 0.55      ] | Goal: [0.66474174 0.32379741 0.415     ] | DriftLimit: 0.0363 | FloorLimit: 0.4739 ---
2026-04-24 09:32:21,081 - [ENV] - --- EPISODE START | Scenario: DESCEND | Start: [0.63219796 0.18267847 0.55      ] | Goal: [0.63219796 0.18267847 0.41      ] | DriftLimit: 0.0361 | FloorLimit: 0.4739 ---
2026-04-24 09:32:21,290 - [ENV] - TERMINATED (Descend): Tube Drift = 0.0386m (Max 0.0361m) at step 5
2026-04-24 09:32:21,290 - [ENV] - Episode ended without success at step 5. Final dist: 0.0429m
2026-04-24 09:32:21,290 - [ENV] - --- EPISODE START | Scenario: ASCEND | Start: [0.70023237 0.05075979 0.415     ] | Goal: [0.70023237 0.05075979 0.55      ] | DriftLimit: 0.0361 | FloorLimit: 0.4739 ---
2026-04-24 09:32:21,598 - [ENV] - TERMINATED (Ascend): Tube Drift = 0.0428m (Max 0.0361m) at step 5
2026-04-24 09:32:21,598 - [ENV] - Episode ended without success at step 5. Final dist: 0.1344m
2026-04-24 09:32:21,598 - [ENV] - --- EPISODE START | Scenario: ASCEND | Start: [0.82682003 0.07218989 0.415     ] | Goal: [0.82682003 0.07218989 0.55      ] | DriftLimit: 0.0361 | FloorLimit: 0.4739 ---
2026-04-24 09:32:21,804 - [ENV] - TERMINATED (Ascend): Tube Drift = 0.0374m (Max 0.0361m) at step 4
2026-04-24 09:32:21,804 - [ENV] - Episode ended without success at step 4. Final dist: 0.1293m
2026-04-24 09:32:21,805 - [ENV] - --- EPISODE START | Scenario: ASCEND | Start: [0.89629516 0.22112296 0.415     ] | Goal: [0.89629516 0.22112296 0.55      ] | DriftLimit: 0.0361 | FloorLimit: 0.4739 ---
2026-04-24 09:32:21,972 - [ENV] - TERMINATED (Ascend): Tube Drift = 0.0371m (Max 0.0361m) at step 3
2026-04-24 09:32:21,972 - [ENV] - Episode ended without success at step 3. Final dist: 0.1301m
2026-04-24 09:32:21,973 - [ENV] - --- EPISODE START | Scenario: TRANSIT | Start: [0.75362824 0.37133654 0.55      ] | Goal: [0.9765378  0.00280229 0.55      ] | DriftLimit: 0.0361 | FloorLimit: 0.4739 ---
2026-04-24 09:33:01,042 - [ENV] - --- EPISODE START | Scenario: ASCEND | Start: [1.03040327 0.25777606 0.415     ] | Goal: [1.03040327 0.25777606 0.55      ] | DriftLimit: 0.0360 | FloorLimit: 0.4740 ---
2026-04-24 09:33:01,221 - [ENV] - TERMINATED (Ascend): Tube Drift = 0.0371m (Max 0.0360m) at step 3
2026-04-24 09:33:01,221 - [ENV] - Episode ended without success at step 3. Final dist: 0.0966m
2026-04-24 09:33:01,222 - [ENV] - --- EPISODE START | Scenario: DESCEND | Start: [1.07751687 0.01254061 0.55      ] | Goal: [1.07751687 0.01254061 0.41      ] | DriftLimit: 0.0360 | FloorLimit: 0.4740 ---
2026-04-24 09:33:05,158 - [ENV] - --- EPISODE START | Scenario: DESCEND | Start: [0.6989877  0.22058771 0.55      ] | Goal: [0.6989877  0.22058771 0.41      ] | DriftLimit: 0.0359 | FloorLimit: 0.4741 ---
2026-04-24 09:33:05,317 - [ENV] - TERMINATED (Descend): Tube Drift = 0.0370m (Max 0.0359m) at step 3
2026-04-24 09:33:05,317 - [ENV] - Episode ended without success at step 3. Final dist: 0.0382m
2026-04-24 09:33:05,318 - [ENV] - --- EPISODE START | Scenario: DESCEND | Start: [0.96866438 0.00406121 0.55      ] | Goal: [0.96866438 0.00406121 0.415     ] | DriftLimit: 0.0359 | FloorLimit: 0.4741 ---
2026-04-24 09:33:09,316 - [ENV] - --- EPISODE START | Scenario: DESCEND | Start: [1.10382367 0.51473282 0.55      ] | Goal: [1.10382367 0.51473282 0.41      ] | DriftLimit: 0.0357 | FloorLimit: 0.4741 ---
2026-04-24 09:33:14,009 - [ENV] - --- EPISODE START | Scenario: ASCEND | Start: [1.1356413  0.49507726 0.415     ] | Goal: [1.1356413  0.49507726 0.55      ] | DriftLimit: 0.0356 | FloorLimit: 0.4742 ---
2026-04-24 09:33:14,194 - [ENV] - TERMINATED (Ascend): Tube Drift = 0.0371m (Max 0.0356m) at step 3
2026-04-24 09:33:14,194 - [ENV] - Episode ended without success at step 3. Final dist: 0.0862m
2026-04-24 09:33:14,195 - [ENV] - --- EPISODE START | Scenario: ASCEND | Start: [0.99581182 0.34852166 0.415     ] | Goal: [0.99581182 0.34852166 0.55      ] | DriftLimit: 0.0356 | FloorLimit: 0.4742 ---
2026-04-24 09:33:14,407 - [ENV] - TERMINATED (Ascend): Tube Drift = 0.0361m (Max 0.0356m) at step 3
2026-04-24 09:33:14,408 - [ENV] - Episode ended without success at step 3. Final dist: 0.0875m
2026-04-24 09:33:14,408 - [ENV] - --- EPISODE START | Scenario: DESCEND | Start: [0.97070068 0.16546035 0.55      ] | Goal: [0.97070068 0.16546035 0.415     ] | DriftLimit: 0.0356 | FloorLimit: 0.4742 ---
2026-04-24 09:33:14,724 - [ENV] - SUCCESS: Goal reached in 10 steps. Dist = 0.0094m
2026-04-24 09:33:14,725 - [ENV] - --- EPISODE START | Scenario: DESCEND | Start: [1.1243611  0.10309618 0.55      ] | Goal: [1.1243611  0.10309618 0.41      ] | DriftLimit: 0.0356 | FloorLimit: 0.4742 ---
2026-04-24 09:33:15,121 - [ENV] - SUCCESS: Goal reached in 15 steps. Dist = 0.0099m
2026-04-24 09:33:15,122 - [ENV] - --- EPISODE START | Scenario: TRANSIT | Start: [0.69127514 0.37564737 0.55      ] | Goal: [0.73360573 0.20437403 0.55      ] | DriftLimit: 0.0356 | FloorLimit: 0.4742 ---
2026-04-24 09:33:19,639 - [ENV] - --- EPISODE START | Scenario: ASCEND | Start: [0.99736155 0.05163183 0.415     ] | Goal: [0.99736155 0.05163183 0.55      ] | DriftLimit: 0.0355 | FloorLimit: 0.4743 ---
2026-04-24 09:33:19,811 - [ENV] - TERMINATED (Ascend): Tube Drift = 0.0416m (Max 0.0354m) at step 3
2026-04-24 09:33:19,811 - [ENV] - Episode ended without success at step 3. Final dist: 0.1164m
2026-04-24 09:33:19,811 - [ENV] - --- EPISODE START | Scenario: ASCEND | Start: [0.61553911 0.03060862 0.415     ] | Goal: [0.61553911 0.03060862 0.55      ] | DriftLimit: 0.0354 | FloorLimit: 0.4743 ---
2026-04-24 09:33:20,024 - [ENV] - TERMINATED (Ascend): Tube Drift = 0.0400m (Max 0.0354m) at step 5
2026-04-24 09:33:20,024 - [ENV] - Episode ended without success at step 5. Final dist: 0.1345m
2026-04-24 09:33:20,025 - [ENV] - --- EPISODE START | Scenario: ASCEND | Start: [1.0038327  0.00591288 0.415     ] | Goal: [1.0038327  0.00591288 0.55      ] | DriftLimit: 0.0354 | FloorLimit: 0.4743 ---
2026-04-24 09:33:20,206 - [ENV] - TERMINATED (Ascend): Tube Drift = 0.0481m (Max 0.0354m) at step 3
2026-04-24 09:33:20,206 - [ENV] - Episode ended without success at step 3. Final dist: 0.1352m
2026-04-24 09:33:20,207 - [ENV] - --- EPISODE START | Scenario: TRANSIT | Start: [0.67871095 0.01705218 0.55      ] | Goal: [0.78763203 0.53937924 0.55      ] | DriftLimit: 0.0354 | FloorLimit: 0.4743 ---
2026-04-24 09:33:24,734 - [ENV] - --- EPISODE START | Scenario: DESCEND | Start: [1.1412792  0.41420689 0.55      ] | Goal: [1.1412792  0.41420689 0.415     ] | DriftLimit: 0.0353 | FloorLimit: 0.4744 ---
2026-04-24 09:33:29,228 - [ENV] - --- EPISODE START | Scenario: ASCEND | Start: [1.15079425 0.33322286 0.415     ] | Goal: [1.15079425 0.33322286 0.55      ] | DriftLimit: 0.0352 | FloorLimit: 0.4744 ---
2026-04-24 09:33:29,400 - [ENV] - TERMINATED (Ascend): Tube Drift = 0.0412m (Max 0.0352m) at step 3
2026-04-24 09:33:29,400 - [ENV] - Episode ended without success at step 3. Final dist: 0.0895m
2026-04-24 09:33:29,401 - [ENV] - --- EPISODE START | Scenario: DESCEND | Start: [0.88322841 0.53115858 0.55      ] | Goal: [0.88322841 0.53115858 0.415     ] | DriftLimit: 0.0352 | FloorLimit: 0.4744 ---
2026-04-24 09:33:29,651 - [ENV] - SUCCESS: Goal reached in 7 steps. Dist = 0.0096m
2026-04-24 09:33:29,652 - [ENV] - --- EPISODE START | Scenario: DESCEND | Start: [0.95789198 0.45912459 0.55      ] | Goal: [0.95789198 0.45912459 0.415     ] | DriftLimit: 0.0352 | FloorLimit: 0.4744 ---
2026-04-24 09:33:34,018 - [ENV] - --- EPISODE START | Scenario: DESCEND | Start: [0.61688215 0.4272625  0.55      ] | Goal: [0.61688215 0.4272625  0.41      ] | DriftLimit: 0.0351 | FloorLimit: 0.4745 ---
2026-04-24 09:33:34,274 - [ENV] - TERMINATED (Descend): Tube Drift = 0.0351m (Max 0.0350m) at step 5
2026-04-24 09:33:34,275 - [ENV] - Episode ended without success at step 5. Final dist: 0.0393m
2026-04-24 09:33:34,275 - [ENV] - --- EPISODE START | Scenario: TRANSIT | Start: [0.68602756 0.38726279 0.55      ] | Goal: [0.72775511 0.01038769 0.55      ] | DriftLimit: 0.0350 | FloorLimit: 0.4745 ---
2026-04-24 09:33:38,820 - [ENV] - --- EPISODE START | Scenario: DESCEND | Start: [0.8929553  0.07953214 0.55      ] | Goal: [0.8929553  0.07953214 0.41      ] | DriftLimit: 0.0349 | FloorLimit: 0.4746 ---
2026-04-24 09:33:39,376 - [ENV] - SUCCESS: Goal reached in 21 steps. Dist = 0.0099m
2026-04-24 09:33:39,377 - [ENV] - --- EPISODE START | Scenario: DESCEND | Start: [0.69356275 0.0430791  0.55      ] | Goal: [0.69356275 0.0430791  0.41      ] | DriftLimit: 0.0349 | FloorLimit: 0.4746 ---
2026-04-24 09:33:43,921 - [ENV] - --- EPISODE START | Scenario: DESCEND | Start: [0.84017694 0.01355408 0.55      ] | Goal: [0.84017694 0.01355408 0.41      ] | DriftLimit: 0.0348 | FloorLimit: 0.4747 ---
2026-04-24 09:33:48,813 - [ENV] - --- EPISODE START | Scenario: ASCEND | Start: [1.00551427 0.42548683 0.415     ] | Goal: [1.00551427 0.42548683 0.55      ] | DriftLimit: 0.0346 | FloorLimit: 0.4747 ---
2026-04-24 09:33:53,455 - [ENV] - --- EPISODE START | Scenario: DESCEND | Start: [0.82656146 0.19943742 0.55      ] | Goal: [0.82656146 0.19943742 0.415     ] | DriftLimit: 0.0345 | FloorLimit: 0.4748 ---
2026-04-24 09:33:54,617 - [ENV] - SUCCESS: Goal reached in 24 steps. Dist = 0.0099m
2026-04-24 09:33:54,618 - [ENV] - --- EPISODE START | Scenario: DESCEND | Start: [0.86574503 0.24550177 0.55      ] | Goal: [0.86574503 0.24550177 0.415     ] | DriftLimit: 0.0345 | FloorLimit: 0.4748 ---
2026-04-24 09:33:55,154 - [ENV] - SUCCESS: Goal reached in 15 steps. Dist = 0.0100m
2026-04-24 09:33:55,155 - [ENV] - --- EPISODE START | Scenario: ASCEND | Start: [0.60019012 0.42849326 0.415     ] | Goal: [0.60019012 0.42849326 0.55      ] | DriftLimit: 0.0345 | FloorLimit: 0.4748 ---
2026-04-24 09:33:59,521 - [ENV] - --- EPISODE START | Scenario: ASCEND | Start: [0.94909359 0.46821744 0.415     ] | Goal: [0.94909359 0.46821744 0.55      ] | DriftLimit: 0.0344 | FloorLimit: 0.4749 ---
2026-04-24 09:33:59,766 - [ENV] - TERMINATED (Ascend): Tube Drift = 0.0511m (Max 0.0344m) at step 4
2026-04-24 09:33:59,766 - [ENV] - Episode ended without success at step 4. Final dist: 0.0750m
2026-04-24 09:33:59,767 - [ENV] - --- EPISODE START | Scenario: ASCEND | Start: [0.65836381 0.04518845 0.415     ] | Goal: [0.65836381 0.04518845 0.55      ] | DriftLimit: 0.0344 | FloorLimit: 0.4749 ---
2026-04-24 09:33:59,974 - [ENV] - TERMINATED (Ascend): Tube Drift = 0.0373m (Max 0.0344m) at step 5
2026-04-24 09:33:59,975 - [ENV] - Episode ended without success at step 5. Final dist: 0.1334m
2026-04-24 09:33:59,975 - [ENV] - --- EPISODE START | Scenario: TRANSIT | Start: [0.6279371  0.52542161 0.55      ] | Goal: [0.89137885 0.01520057 0.55      ] | DriftLimit: 0.0344 | FloorLimit: 0.4749 ---
2026-04-24 09:34:04,727 - [ENV] - --- EPISODE START | Scenario: TRANSIT | Start: [0.96302178 0.3862581  0.55      ] | Goal: [1.07425    0.37132686 0.55      ] | DriftLimit: 0.0342 | FloorLimit: 0.4750 ---
2026-04-24 09:34:43,652 - [ENV] - --- EPISODE START | Scenario: TRANSIT | Start: [1.14127768 0.17403714 0.55      ] | Goal: [0.8707561  0.17447066 0.55      ] | DriftLimit: 0.0341 | FloorLimit: 0.4750 ---
2026-04-24 09:34:47,553 - [ENV] - --- EPISODE START | Scenario: ASCEND | Start: [0.97707577 0.3848186  0.415     ] | Goal: [0.97707577 0.3848186  0.55      ] | DriftLimit: 0.0340 | FloorLimit: 0.4751 ---
2026-04-24 09:34:47,756 - [ENV] - TERMINATED (Ascend): Tube Drift = 0.0357m (Max 0.0340m) at step 4
2026-04-24 09:34:47,757 - [ENV] - Episode ended without success at step 4. Final dist: 0.1109m
2026-04-24 09:34:47,757 - [ENV] - --- EPISODE START | Scenario: DESCEND | Start: [0.79130411 0.37563465 0.55      ] | Goal: [0.79130411 0.37563465 0.415     ] | DriftLimit: 0.0340 | FloorLimit: 0.4751 ---
2026-04-24 09:34:52,390 - [ENV] - --- EPISODE START | Scenario: TRANSIT | Start: [0.69404763 0.43311886 0.55      ] | Goal: [1.12125526 0.06546674 0.55      ] | DriftLimit: 0.0338 | FloorLimit: 0.4752 ---
2026-04-24 09:34:57,018 - [ENV] - --- EPISODE START | Scenario: TRANSIT | Start: [1.15996404 0.46333684 0.55      ] | Goal: [ 0.6859468  -0.00186139  0.55      ] | DriftLimit: 0.0337 | FloorLimit: 0.4752 ---
2026-04-24 09:35:01,468 - [ENV] - --- EPISODE START | Scenario: ASCEND | Start: [0.74317501 0.17583169 0.415     ] | Goal: [0.74317501 0.17583169 0.55      ] | DriftLimit: 0.0336 | FloorLimit: 0.4753 ---
2026-04-24 09:35:01,850 - [ENV] - TERMINATED (Ascend): Tube Drift = 0.0347m (Max 0.0336m) at step 7
2026-04-24 09:35:01,850 - [ENV] - Episode ended without success at step 7. Final dist: 0.1261m
2026-04-24 09:35:01,851 - [ENV] - --- EPISODE START | Scenario: TRANSIT | Start: [0.91283864 0.17832727 0.55      ] | Goal: [0.97835727 0.51831264 0.55      ] | DriftLimit: 0.0336 | FloorLimit: 0.4753 ---
2026-04-24 09:35:06,385 - [ENV] - --- EPISODE START | Scenario: DESCEND | Start: [0.72060234 0.01900872 0.55      ] | Goal: [0.72060234 0.01900872 0.41      ] | DriftLimit: 0.0334 | FloorLimit: 0.4754 ---
2026-04-24 09:35:10,934 - [ENV] - --- EPISODE START | Scenario: TRANSIT | Start: [1.14803031 0.25083727 0.55      ] | Goal: [0.99297203 0.39668238 0.55      ] | DriftLimit: 0.0333 | FloorLimit: 0.4755 ---
2026-04-24 09:35:15,319 - [ENV] - --- EPISODE START | Scenario: DESCEND | Start: [0.81392775 0.46012068 0.55      ] | Goal: [0.81392775 0.46012068 0.41      ] | DriftLimit: 0.0332 | FloorLimit: 0.4755 ---
2026-04-24 09:35:18,017 - [ENV] - TERMINATED (Descend): Tube Drift = 0.0331m (Max 0.0331m) at step 96
2026-04-24 09:35:18,017 - [ENV] - Episode ended without success at step 96. Final dist: 0.0341m
2026-04-24 09:35:18,017 - [ENV] - --- EPISODE START | Scenario: ASCEND | Start: [0.87294725 0.14574313 0.415     ] | Goal: [0.87294725 0.14574313 0.55      ] | DriftLimit: 0.0331 | FloorLimit: 0.4756 ---
2026-04-24 09:35:18,218 - [ENV] - TERMINATED (Ascend): Tube Drift = 0.0385m (Max 0.0331m) at step 4
2026-04-24 09:35:18,218 - [ENV] - Episode ended without success at step 4. Final dist: 0.1320m
2026-04-24 09:35:18,219 - [ENV] - --- EPISODE START | Scenario: DESCEND | Start: [ 1.00961540e+00 -2.62154642e-04  5.50000000e-01] | Goal: [ 1.00961540e+00 -2.62154642e-04  4.10000000e-01] | DriftLimit: 0.0331 | FloorLimit: 0.4756 ---
2026-04-24 09:35:23,214 - [ENV] - --- EPISODE START | Scenario: TRANSIT | Start: [0.62497907 0.06092851 0.55      ] | Goal: [1.00391019 0.04646786 0.55      ] | DriftLimit: 0.0330 | FloorLimit: 0.4756 ---
2026-04-24 09:35:28,372 - [ENV] - --- EPISODE START | Scenario: TRANSIT | Start: [0.85616803 0.31180277 0.55      ] | Goal: [1.10525009 0.4625637  0.55      ] | DriftLimit: 0.0329 | FloorLimit: 0.4757 ---
2026-04-24 09:35:33,224 - [ENV] - --- EPISODE START | Scenario: ASCEND | Start: [0.98955671 0.40017682 0.415     ] | Goal: [0.98955671 0.40017682 0.55      ] | DriftLimit: 0.0327 | FloorLimit: 0.4758 ---
2026-04-24 09:35:33,456 - [ENV] - TERMINATED (Ascend): Tube Drift = 0.0329m (Max 0.0327m) at step 3
2026-04-24 09:35:33,456 - [ENV] - Episode ended without success at step 3. Final dist: 0.0870m
2026-04-24 09:35:33,456 - [ENV] - --- EPISODE START | Scenario: DESCEND | Start: [1.14099501 0.15024213 0.55      ] | Goal: [1.14099501 0.15024213 0.41      ] | DriftLimit: 0.0327 | FloorLimit: 0.4758 ---
2026-04-24 09:35:33,784 - [ENV] - SUCCESS: Goal reached in 11 steps. Dist = 0.0097m
2026-04-24 09:35:33,784 - [ENV] - --- EPISODE START | Scenario: DESCEND | Start: [0.78611374 0.12842268 0.55      ] | Goal: [0.78611374 0.12842268 0.415     ] | DriftLimit: 0.0327 | FloorLimit: 0.4758 ---
2026-04-24 09:35:34,720 - [ENV] - SUCCESS: Goal reached in 39 steps. Dist = 0.0100m
2026-04-24 09:35:34,720 - [ENV] - --- EPISODE START | Scenario: ASCEND | Start: [1.14611955 0.26371513 0.415     ] | Goal: [1.14611955 0.26371513 0.55      ] | DriftLimit: 0.0327 | FloorLimit: 0.4758 ---
2026-04-24 09:35:34,878 - [ENV] - TERMINATED (Ascend): Tube Drift = 0.0409m (Max 0.0327m) at step 3
2026-04-24 09:35:34,878 - [ENV] - Episode ended without success at step 3. Final dist: 0.1055m
2026-04-24 09:35:34,878 - [ENV] - --- EPISODE START | Scenario: ASCEND | Start: [0.72928016 0.37651093 0.415     ] | Goal: [0.72928016 0.37651093 0.55      ] | DriftLimit: 0.0327 | FloorLimit: 0.4758 ---
2026-04-24 09:35:35,204 - [ENV] - TERMINATED (Ascend): Tube Drift = 0.0338m (Max 0.0327m) at step 4
2026-04-24 09:35:35,205 - [ENV] - Episode ended without success at step 4. Final dist: 0.1253m
2026-04-24 09:35:35,205 - [ENV] - --- EPISODE START | Scenario: DESCEND | Start: [0.79164763 0.39915764 0.55      ] | Goal: [0.79164763 0.39915764 0.415     ] | DriftLimit: 0.0327 | FloorLimit: 0.4758 ---
2026-04-24 09:35:39,509 - [ENV] - --- EPISODE START | Scenario: ASCEND | Start: [0.68332197 0.5170232  0.415     ] | Goal: [0.68332197 0.5170232  0.55      ] | DriftLimit: 0.0326 | FloorLimit: 0.4759 ---
2026-04-24 09:35:42,039 - [ENV] - TERMINATED (Ascend): Tube Drift = 0.0328m (Max 0.0325m) at step 74
2026-04-24 09:35:42,039 - [ENV] - Episode ended without success at step 74. Final dist: 0.0333m
2026-04-24 09:35:42,040 - [ENV] - --- EPISODE START | Scenario: ASCEND | Start: [0.90389881 0.37799972 0.415     ] | Goal: [0.90389881 0.37799972 0.55      ] | DriftLimit: 0.0325 | FloorLimit: 0.4759 ---
2026-04-24 09:35:42,283 - [ENV] - TERMINATED (Ascend): Tube Drift = 0.0349m (Max 0.0325m) at step 3
2026-04-24 09:35:42,284 - [ENV] - Episode ended without success at step 3. Final dist: 0.0934m
2026-04-24 09:35:42,285 - [ENV] - --- EPISODE START | Scenario: ASCEND | Start: [0.71398844 0.17472718 0.415     ] | Goal: [0.71398844 0.17472718 0.55      ] | DriftLimit: 0.0325 | FloorLimit: 0.4759 ---
2026-04-24 09:35:42,575 - [ENV] - TERMINATED (Ascend): Tube Drift = 0.0338m (Max 0.0325m) at step 8
2026-04-24 09:35:42,575 - [ENV] - Episode ended without success at step 8. Final dist: 0.1330m
2026-04-24 09:35:42,575 - [ENV] - --- EPISODE START | Scenario: ASCEND | Start: [0.84899767 0.41204443 0.415     ] | Goal: [0.84899767 0.41204443 0.55      ] | DriftLimit: 0.0325 | FloorLimit: 0.4759 ---
2026-04-24 09:35:42,789 - [ENV] - TERMINATED (Ascend): Tube Drift = 0.0457m (Max 0.0325m) at step 4
2026-04-24 09:35:42,789 - [ENV] - Episode ended without success at step 4. Final dist: 0.0902m
2026-04-24 09:35:42,790 - [ENV] - --- EPISODE START | Scenario: DESCEND | Start: [1.12090626 0.38477504 0.55      ] | Goal: [1.12090626 0.38477504 0.415     ] | DriftLimit: 0.0325 | FloorLimit: 0.4759 ---
2026-04-24 09:35:45,796 - [ENV] - TERMINATED (Descend): Tube Drift = 0.0326m (Max 0.0324m) at step 124
2026-04-24 09:35:45,796 - [ENV] - Episode ended without success at step 124. Final dist: 0.0327m
2026-04-24 09:35:45,796 - [ENV] - --- EPISODE START | Scenario: DESCEND | Start: [0.85437402 0.28149449 0.55      ] | Goal: [0.85437402 0.28149449 0.415     ] | DriftLimit: 0.0324 | FloorLimit: 0.4760 ---
2026-04-24 09:35:46,083 - [ENV] - SUCCESS: Goal reached in 8 steps. Dist = 0.0099m
2026-04-24 09:35:46,084 - [ENV] - --- EPISODE START | Scenario: ASCEND | Start: [1.05124989 0.51985587 0.415     ] | Goal: [1.05124989 0.51985587 0.55      ] | DriftLimit: 0.0324 | FloorLimit: 0.4760 ---
2026-04-24 09:35:46,399 - [ENV] - TERMINATED (Ascend): Tube Drift = 0.0330m (Max 0.0324m) at step 9
2026-04-24 09:35:46,399 - [ENV] - Episode ended without success at step 9. Final dist: 0.0335m
2026-04-24 09:35:46,400 - [ENV] - --- EPISODE START | Scenario: TRANSIT | Start: [0.88658431 0.50351931 0.55      ] | Goal: [1.07038107 0.53134721 0.55      ] | DriftLimit: 0.0324 | FloorLimit: 0.4760 ---
2026-04-24 09:36:28,734 - [ENV] - --- EPISODE START | Scenario: DESCEND | Start: [0.90074204 0.09291651 0.55      ] | Goal: [0.90074204 0.09291651 0.41      ] | DriftLimit: 0.0323 | FloorLimit: 0.4760 ---
2026-04-24 09:36:30,233 - [ENV] - SUCCESS: Goal reached in 65 steps. Dist = 0.0100m
2026-04-24 09:36:30,234 - [ENV] - --- EPISODE START | Scenario: TRANSIT | Start: [0.91818295 0.35263076 0.55      ] | Goal: [0.64776584 0.14115426 0.55      ] | DriftLimit: 0.0322 | FloorLimit: 0.4761 ---
2026-04-24 09:36:35,053 - [ENV] - --- EPISODE START | Scenario: TRANSIT | Start: [0.83742776 0.27108214 0.55      ] | Goal: [1.03636582 0.20948279 0.55      ] | DriftLimit: 0.0321 | FloorLimit: 0.4761 ---
2026-04-24 09:36:40,007 - [ENV] - --- EPISODE START | Scenario: ASCEND | Start: [1.11599082 0.0257445  0.415     ] | Goal: [1.11599082 0.0257445  0.55      ] | DriftLimit: 0.0320 | FloorLimit: 0.4762 ---
2026-04-24 09:36:40,174 - [ENV] - TERMINATED (Ascend): Tube Drift = 0.0387m (Max 0.0320m) at step 3
2026-04-24 09:36:40,174 - [ENV] - Episode ended without success at step 3. Final dist: 0.1323m
2026-04-24 09:36:40,175 - [ENV] - --- EPISODE START | Scenario: DESCEND | Start: [0.92707169 0.41836325 0.55      ] | Goal: [0.92707169 0.41836325 0.41      ] | DriftLimit: 0.0320 | FloorLimit: 0.4762 ---
2026-04-24 09:36:44,751 - [ENV] - TERMINATED (Descend): Tube Drift = 0.0319m (Max 0.0319m) at step 139
2026-04-24 09:36:44,752 - [ENV] - Episode ended without success at step 139. Final dist: 0.0330m
2026-04-24 09:36:44,752 - [ENV] - --- EPISODE START | Scenario: TRANSIT | Start: [1.10030398 0.17160197 0.55      ] | Goal: [0.99850786 0.25042267 0.55      ] | DriftLimit: 0.0319 | FloorLimit: 0.4763 ---
2026-04-24 09:36:48,989 - [ENV] - --- EPISODE START | Scenario: DESCEND | Start: [1.12008218 0.11747189 0.55      ] | Goal: [1.12008218 0.11747189 0.415     ] | DriftLimit: 0.0317 | FloorLimit: 0.4763 ---
2026-04-24 09:36:49,275 - [ENV] - SUCCESS: Goal reached in 10 steps. Dist = 0.0099m
2026-04-24 09:36:49,276 - [ENV] - --- EPISODE START | Scenario: DESCEND | Start: [0.86410447 0.36243569 0.55      ] | Goal: [0.86410447 0.36243569 0.415     ] | DriftLimit: 0.0317 | FloorLimit: 0.4763 ---
2026-04-24 09:36:54,051 - [ENV] - --- EPISODE START | Scenario: ASCEND | Start: [0.72283371 0.28647714 0.415     ] | Goal: [0.72283371 0.28647714 0.55      ] | DriftLimit: 0.0316 | FloorLimit: 0.4764 ---
2026-04-24 09:36:54,449 - [ENV] - TERMINATED (Ascend): Tube Drift = 0.0359m (Max 0.0316m) at step 6
2026-04-24 09:36:54,450 - [ENV] - Episode ended without success at step 6. Final dist: 0.1299m
2026-04-24 09:36:54,451 - [ENV] - --- EPISODE START | Scenario: TRANSIT | Start: [0.82125211 0.46408427 0.55      ] | Goal: [1.09308569 0.4601082  0.55      ] | DriftLimit: 0.0316 | FloorLimit: 0.4764 ---
2026-04-24 09:36:58,856 - [ENV] - --- EPISODE START | Scenario: DESCEND | Start: [0.65338559 0.05424694 0.55      ] | Goal: [0.65338559 0.05424694 0.41      ] | DriftLimit: 0.0315 | FloorLimit: 0.4765 ---
2026-04-24 09:37:03,348 - [ENV] - --- EPISODE START | Scenario: TRANSIT | Start: [0.73866399 0.12940698 0.55      ] | Goal: [0.93617961 0.14547028 0.55      ] | DriftLimit: 0.0313 | FloorLimit: 0.4765 ---
2026-04-24 09:37:08,256 - [ENV] - --- EPISODE START | Scenario: TRANSIT | Start: [1.0078632  0.29731282 0.55      ] | Goal: [0.66163712 0.34129349 0.55      ] | DriftLimit: 0.0312 | FloorLimit: 0.4766 ---
2026-04-24 09:37:12,587 - [ENV] - --- EPISODE START | Scenario: DESCEND | Start: [0.84501561 0.51452009 0.55      ] | Goal: [0.84501561 0.51452009 0.415     ] | DriftLimit: 0.0311 | FloorLimit: 0.4767 ---
2026-04-24 09:37:14,300 - [ENV] - TERMINATED (Descend): Tube Drift = 0.0313m (Max 0.0310m) at step 59
2026-04-24 09:37:14,301 - [ENV] - Episode ended without success at step 59. Final dist: 0.0315m
2026-04-24 09:37:14,301 - [ENV] - --- EPISODE START | Scenario: TRANSIT | Start: [0.81789777 0.45973444 0.55      ] | Goal: [1.11701016 0.42387258 0.55      ] | DriftLimit: 0.0310 | FloorLimit: 0.4767 ---
2026-04-24 09:37:18,742 - [ENV] - --- EPISODE START | Scenario: TRANSIT | Start: [0.96793609 0.22691938 0.55      ] | Goal: [1.02261209 0.49961267 0.55      ] | DriftLimit: 0.0309 | FloorLimit: 0.4768 ---
2026-04-24 09:37:23,881 - [ENV] - --- EPISODE START | Scenario: ASCEND | Start: [0.80464744 0.36454614 0.415     ] | Goal: [0.80464744 0.36454614 0.55      ] | DriftLimit: 0.0308 | FloorLimit: 0.4769 ---
2026-04-24 09:37:24,983 - [ENV] - TERMINATED (Ascend): Tube Drift = 0.0337m (Max 0.0307m) at step 43
2026-04-24 09:37:24,983 - [ENV] - Episode ended without success at step 43. Final dist: 0.0337m
2026-04-24 09:37:24,983 - [ENV] - --- EPISODE START | Scenario: ASCEND | Start: [1.08855515 0.05010718 0.415     ] | Goal: [1.08855515 0.05010718 0.55      ] | DriftLimit: 0.0307 | FloorLimit: 0.4769 ---
2026-04-24 09:37:25,193 - [ENV] - TERMINATED (Ascend): Tube Drift = 0.0367m (Max 0.0307m) at step 3
2026-04-24 09:37:25,193 - [ENV] - Episode ended without success at step 3. Final dist: 0.1232m
2026-04-24 09:37:25,194 - [ENV] - --- EPISODE START | Scenario: ASCEND | Start: [1.0871088  0.29830873 0.415     ] | Goal: [1.0871088  0.29830873 0.55      ] | DriftLimit: 0.0307 | FloorLimit: 0.4769 ---
2026-04-24 09:37:25,481 - [ENV] - TERMINATED (Ascend): Tube Drift = 0.0354m (Max 0.0307m) at step 3
2026-04-24 09:37:25,481 - [ENV] - Episode ended without success at step 3. Final dist: 0.1310m
2026-04-24 09:37:25,483 - [ENV] - --- EPISODE START | Scenario: TRANSIT | Start: [0.7259757 0.318516  0.55     ] | Goal: [0.88127744 0.1909796  0.55      ] | DriftLimit: 0.0307 | FloorLimit: 0.4769 ---
2026-04-24 09:37:30,141 - [ENV] - --- EPISODE START | Scenario: DESCEND | Start: [0.71098867 0.12717478 0.55      ] | Goal: [0.71098867 0.12717478 0.415     ] | DriftLimit: 0.0306 | FloorLimit: 0.4769 ---
2026-04-24 09:37:30,451 - [ENV] - TERMINATED (Descend): Tube Drift = 0.0331m (Max 0.0306m) at step 5
2026-04-24 09:37:30,451 - [ENV] - Episode ended without success at step 5. Final dist: 0.0347m
2026-04-24 09:37:30,452 - [ENV] - --- EPISODE START | Scenario: TRANSIT | Start: [0.6941178  0.21301334 0.55      ] | Goal: [0.89352351 0.05221659 0.55      ] | DriftLimit: 0.0306 | FloorLimit: 0.4769 ---
2026-04-24 09:38:12,450 - [ENV] - --- EPISODE START | Scenario: ASCEND | Start: [0.98073072 0.33760411 0.415     ] | Goal: [0.98073072 0.33760411 0.55      ] | DriftLimit: 0.0305 | FloorLimit: 0.4770 ---
2026-04-24 09:38:12,699 - [ENV] - TERMINATED (Ascend): Tube Drift = 0.0314m (Max 0.0305m) at step 3
2026-04-24 09:38:12,699 - [ENV] - Episode ended without success at step 3. Final dist: 0.1277m
2026-04-24 09:38:12,701 - [ENV] - --- EPISODE START | Scenario: TRANSIT | Start: [1.11381597 0.50087253 0.55      ] | Goal: [0.96100403 0.47158247 0.55      ] | DriftLimit: 0.0305 | FloorLimit: 0.4770 ---
2026-04-24 09:38:16,945 - [ENV] - --- EPISODE START | Scenario: TRANSIT | Start: [0.87641054 0.2513734  0.55      ] | Goal: [0.88719536 0.08289762 0.55      ] | DriftLimit: 0.0303 | FloorLimit: 0.4771 ---
2026-04-24 09:38:21,711 - [ENV] - --- EPISODE START | Scenario: DESCEND | Start: [1.04616034 0.03157321 0.55      ] | Goal: [1.04616034 0.03157321 0.41      ] | DriftLimit: 0.0302 | FloorLimit: 0.4772 ---
2026-04-24 09:38:26,415 - [ENV] - --- EPISODE START | Scenario: TRANSIT | Start: [0.60415142 0.25286572 0.55      ] | Goal: [1.0936583  0.35697017 0.55      ] | DriftLimit: 0.0301 | FloorLimit: 0.4772 ---
2026-04-24 09:38:31,219 - [ENV] - --- EPISODE START | Scenario: ASCEND | Start: [0.94873715 0.13661479 0.415     ] | Goal: [0.94873715 0.13661479 0.55      ] | DriftLimit: 0.0300 | FloorLimit: 0.4773 ---
2026-04-24 09:38:31,371 - [ENV] - TERMINATED (Ascend): Tube Drift = 0.0326m (Max 0.0300m) at step 3
2026-04-24 09:38:31,371 - [ENV] - Episode ended without success at step 3. Final dist: 0.1303m
2026-04-24 09:38:31,372 - [ENV] - --- EPISODE START | Scenario: TRANSIT | Start: [1.05373685 0.11401677 0.55      ] | Goal: [0.65249207 0.12171454 0.55      ] | DriftLimit: 0.0300 | FloorLimit: 0.4773 ---
2026-04-24 09:38:35,873 - [ENV] - --- EPISODE START | Scenario: ASCEND | Start: [0.6561712  0.25253668 0.415     ] | Goal: [0.6561712  0.25253668 0.55      ] | DriftLimit: 0.0298 | FloorLimit: 0.4774 ---
2026-04-24 09:38:36,343 - [ENV] - TERMINATED (Ascend): Tube Drift = 0.0517m (Max 0.0298m) at step 4
2026-04-24 09:38:36,343 - [ENV] - Episode ended without success at step 4. Final dist: 0.1309m
2026-04-24 09:38:36,344 - [ENV] - --- EPISODE START | Scenario: ASCEND | Start: [0.69084471 0.1474789  0.415     ] | Goal: [0.69084471 0.1474789  0.55      ] | DriftLimit: 0.0298 | FloorLimit: 0.4774 ---
2026-04-24 09:38:36,791 - [ENV] - TERMINATED (Ascend): Tube Drift = 0.0305m (Max 0.0298m) at step 13
2026-04-24 09:38:36,792 - [ENV] - Episode ended without success at step 13. Final dist: 0.1336m
2026-04-24 09:38:36,792 - [ENV] - --- EPISODE START | Scenario: ASCEND | Start: [0.77888799 0.03026549 0.415     ] | Goal: [0.77888799 0.03026549 0.55      ] | DriftLimit: 0.0298 | FloorLimit: 0.4774 ---
2026-04-24 09:38:36,990 - [ENV] - TERMINATED (Ascend): Tube Drift = 0.0323m (Max 0.0298m) at step 6
2026-04-24 09:38:36,991 - [ENV] - Episode ended without success at step 6. Final dist: 0.1340m
2026-04-24 09:38:36,991 - [ENV] - --- EPISODE START | Scenario: DESCEND | Start: [0.77220013 0.17017841 0.55      ] | Goal: [0.77220013 0.17017841 0.41      ] | DriftLimit: 0.0298 | FloorLimit: 0.4774 ---
2026-04-24 09:38:37,150 - [ENV] - TERMINATED (Descend): Tube Drift = 0.0302m (Max 0.0298m) at step 3
2026-04-24 09:38:37,150 - [ENV] - Episode ended without success at step 3. Final dist: 0.0330m
2026-04-24 09:38:37,150 - [ENV] - --- EPISODE START | Scenario: DESCEND | Start: [1.0560091  0.44457396 0.55      ] | Goal: [1.0560091  0.44457396 0.415     ] | DriftLimit: 0.0298 | FloorLimit: 0.4774 ---
2026-04-24 09:38:41,529 - [ENV] - --- EPISODE START | Scenario: TRANSIT | Start: [0.99751315 0.0143275  0.55      ] | Goal: [1.1020445  0.15404289 0.55      ] | DriftLimit: 0.0297 | FloorLimit: 0.4774 ---
2026-04-24 09:38:46,145 - [ENV] - --- EPISODE START | Scenario: DESCEND | Start: [1.00049263 0.193385   0.55      ] | Goal: [1.00049263 0.193385   0.415     ] | DriftLimit: 0.0296 | FloorLimit: 0.4775 ---
2026-04-24 09:38:46,429 - [ENV] - SUCCESS: Goal reached in 8 steps. Dist = 0.0100m
2026-04-24 09:38:46,429 - [ENV] - --- EPISODE START | Scenario: ASCEND | Start: [0.89583297 0.14397032 0.415     ] | Goal: [0.89583297 0.14397032 0.55      ] | DriftLimit: 0.0295 | FloorLimit: 0.4775 ---
2026-04-24 09:38:46,569 - [ENV] - TERMINATED (Ascend): Tube Drift = 0.0316m (Max 0.0295m) at step 2
2026-04-24 09:38:46,607 - [ENV] - Episode ended without success at step 2. Final dist: 0.1299m
2026-04-24 09:38:46,609 - [ENV] - --- EPISODE START | Scenario: DESCEND | Start: [0.85118165 0.17051237 0.55      ] | Goal: [0.85118165 0.17051237 0.415     ] | DriftLimit: 0.0295 | FloorLimit: 0.4775 ---
2026-04-24 09:38:46,974 - [ENV] - SUCCESS: Goal reached in 12 steps. Dist = 0.0097m
2026-04-24 09:38:46,974 - [ENV] - --- EPISODE START | Scenario: TRANSIT | Start: [1.08125501 0.15317282 0.55      ] | Goal: [0.88374397 0.31290556 0.55      ] | DriftLimit: 0.0295 | FloorLimit: 0.4775 ---
2026-04-24 09:38:51,548 - [ENV] - --- EPISODE START | Scenario: ASCEND | Start: [0.82185344 0.04880185 0.415     ] | Goal: [0.82185344 0.04880185 0.55      ] | DriftLimit: 0.0294 | FloorLimit: 0.4776 ---
2026-04-24 09:38:51,757 - [ENV] - TERMINATED (Ascend): Tube Drift = 0.0302m (Max 0.0294m) at step 4
2026-04-24 09:38:51,757 - [ENV] - Episode ended without success at step 4. Final dist: 0.1278m
2026-04-24 09:38:51,759 - [ENV] - --- EPISODE START | Scenario: ASCEND | Start: [0.76162581 0.02667282 0.415     ] | Goal: [0.76162581 0.02667282 0.55      ] | DriftLimit: 0.0294 | FloorLimit: 0.4776 ---
2026-04-24 09:38:51,976 - [ENV] - TERMINATED (Ascend): Tube Drift = 0.0304m (Max 0.0294m) at step 6
2026-04-24 09:38:51,976 - [ENV] - Episode ended without success at step 6. Final dist: 0.1339m
2026-04-24 09:38:51,976 - [ENV] - --- EPISODE START | Scenario: TRANSIT | Start: [0.80656461 0.18331907 0.55      ] | Goal: [1.04993132 0.46710848 0.55      ] | DriftLimit: 0.0294 | FloorLimit: 0.4776 ---
2026-04-24 09:38:56,452 - [ENV] - --- EPISODE START | Scenario: TRANSIT | Start: [0.66560133 0.13313379 0.55      ] | Goal: [0.91049421 0.43371738 0.55      ] | DriftLimit: 0.0293 | FloorLimit: 0.4777 ---
2026-04-24 09:39:01,302 - [ENV] - --- EPISODE START | Scenario: TRANSIT | Start: [0.7458566 0.3707865 0.55     ] | Goal: [0.66206517 0.4613474  0.55      ] | DriftLimit: 0.0291 | FloorLimit: 0.4777 ---
2026-04-24 09:39:05,959 - [ENV] - --- EPISODE START | Scenario: DESCEND | Start: [0.90345975 0.30468807 0.55      ] | Goal: [0.90345975 0.30468807 0.41      ] | DriftLimit: 0.0290 | FloorLimit: 0.4778 ---
2026-04-24 09:39:10,359 - [ENV] - --- EPISODE START | Scenario: TRANSIT | Start: [1.1590866  0.17145442 0.55      ] | Goal: [0.72844536 0.12699303 0.55      ] | DriftLimit: 0.0289 | FloorLimit: 0.4779 ---
2026-04-24 09:39:15,056 - [ENV] - --- EPISODE START | Scenario: ASCEND | Start: [0.81528046 0.44414937 0.415     ] | Goal: [0.81528046 0.44414937 0.55      ] | DriftLimit: 0.0288 | FloorLimit: 0.4779 ---
2026-04-24 09:39:15,272 - [ENV] - TERMINATED (Ascend): Tube Drift = 0.0381m (Max 0.0288m) at step 3
2026-04-24 09:39:15,272 - [ENV] - Episode ended without success at step 3. Final dist: 0.0995m
2026-04-24 09:39:15,273 - [ENV] - --- EPISODE START | Scenario: TRANSIT | Start: [1.12972401 0.46831697 0.55      ] | Goal: [0.84679998 0.08906603 0.55      ] | DriftLimit: 0.0288 | FloorLimit: 0.4779 ---
2026-04-24 09:39:56,876 - [ENV] - --- EPISODE START | Scenario: TRANSIT | Start: [1.00565363 0.21007084 0.55      ] | Goal: [0.67207174 0.24805006 0.55      ] | DriftLimit: 0.0286 | FloorLimit: 0.4780 ---
2026-04-24 09:40:01,557 - [ENV] - --- EPISODE START | Scenario: ASCEND | Start: [0.6616707  0.02411816 0.415     ] | Goal: [0.6616707  0.02411816 0.55      ] | DriftLimit: 0.0285 | FloorLimit: 0.4781 ---
2026-04-24 09:40:01,843 - [ENV] - TERMINATED (Ascend): Tube Drift = 0.0367m (Max 0.0285m) at step 5
2026-04-24 09:40:01,844 - [ENV] - Episode ended without success at step 5. Final dist: 0.1326m
2026-04-24 09:40:01,845 - [ENV] - --- EPISODE START | Scenario: ASCEND | Start: [0.74198198 0.23419432 0.415     ] | Goal: [0.74198198 0.23419432 0.55      ] | DriftLimit: 0.0285 | FloorLimit: 0.4781 ---
2026-04-24 09:40:02,380 - [ENV] - TERMINATED (Ascend): Tube Drift = 0.0300m (Max 0.0285m) at step 8
2026-04-24 09:40:02,381 - [ENV] - Episode ended without success at step 8. Final dist: 0.1314m
2026-04-24 09:40:02,382 - [ENV] - --- EPISODE START | Scenario: TRANSIT | Start: [0.90769373 0.3895679  0.55      ] | Goal: [0.7421766 0.3095753 0.55     ] | DriftLimit: 0.0285 | FloorLimit: 0.4781 ---
2026-04-24 09:40:06,525 - [ENV] - --- EPISODE START | Scenario: DESCEND | Start: [0.85473369 0.1473045  0.55      ] | Goal: [0.85473369 0.1473045  0.415     ] | DriftLimit: 0.0284 | FloorLimit: 0.4782 ---
2026-04-24 09:40:06,835 - [ENV] - SUCCESS: Goal reached in 9 steps. Dist = 0.0100m
2026-04-24 09:40:06,835 - [ENV] - --- EPISODE START | Scenario: TRANSIT | Start: [0.85486613 0.30335073 0.55      ] | Goal: [1.11423066 0.24191352 0.55      ] | DriftLimit: 0.0284 | FloorLimit: 0.4782 ---
2026-04-24 09:40:11,543 - [ENV] - --- EPISODE START | Scenario: DESCEND | Start: [0.97810925 0.53773373 0.55      ] | Goal: [0.97810925 0.53773373 0.41      ] | DriftLimit: 0.0282 | FloorLimit: 0.4782 ---
2026-04-24 09:40:16,090 - [ENV] - --- EPISODE START | Scenario: TRANSIT | Start: [1.05027733 0.53764972 0.55      ] | Goal: [0.60998275 0.2193942  0.55      ] | DriftLimit: 0.0281 | FloorLimit: 0.4783 ---
2026-04-24 09:40:20,668 - [ENV] - --- EPISODE START | Scenario: TRANSIT | Start: [1.0342558  0.30210846 0.55      ] | Goal: [1.1548771  0.21908824 0.55      ] | DriftLimit: 0.0280 | FloorLimit: 0.4784 ---
2026-04-24 09:40:25,028 - [ENV] - --- EPISODE START | Scenario: TRANSIT | Start: [1.03105909 0.18706287 0.55      ] | Goal: [1.12378297 0.37455723 0.55      ] | DriftLimit: 0.0278 | FloorLimit: 0.4784 ---
2026-04-24 09:40:29,420 - [ENV] - --- EPISODE START | Scenario: TRANSIT | Start: [1.00605524 0.49277998 0.55      ] | Goal: [0.6209073  0.24388538 0.55      ] | DriftLimit: 0.0277 | FloorLimit: 0.4785 ---
2026-04-24 09:40:33,947 - [ENV] - --- EPISODE START | Scenario: DESCEND | Start: [0.97596421 0.3336918  0.55      ] | Goal: [0.97596421 0.3336918  0.415     ] | DriftLimit: 0.0276 | FloorLimit: 0.4786 ---
2026-04-24 09:40:34,333 - [ENV] - SUCCESS: Goal reached in 8 steps. Dist = 0.0074m
2026-04-24 09:40:34,333 - [ENV] - --- EPISODE START | Scenario: TRANSIT | Start: [0.97564913 0.34488163 0.55      ] | Goal: [1.13840043 0.3246126  0.55      ] | DriftLimit: 0.0276 | FloorLimit: 0.4786 ---
2026-04-24 09:40:39,217 - [ENV] - --- EPISODE START | Scenario: ASCEND | Start: [1.08815138 0.45996212 0.415     ] | Goal: [1.08815138 0.45996212 0.55      ] | DriftLimit: 0.0275 | FloorLimit: 0.4787 ---
2026-04-24 09:40:39,381 - [ENV] - TERMINATED (Ascend): Tube Drift = 0.0282m (Max 0.0275m) at step 3
2026-04-24 09:40:39,381 - [ENV] - Episode ended without success at step 3. Final dist: 0.1140m
2026-04-24 09:40:39,383 - [ENV] - --- EPISODE START | Scenario: TRANSIT | Start: [1.14871153 0.1453178  0.55      ] | Goal: [0.73389386 0.47713847 0.55      ] | DriftLimit: 0.0275 | FloorLimit: 0.4787 ---
2026-04-24 09:40:40,085 - [ENV] - SUCCESS: Goal reached in 31 steps. Dist = 0.0146m
2026-04-24 09:40:40,086 - [ENV] - --- EPISODE START | Scenario: TRANSIT | Start: [0.95303321 0.37338716 0.55      ] | Goal: [0.76509719 0.02759348 0.55      ] | DriftLimit: 0.0274 | FloorLimit: 0.4787 ---
2026-04-24 09:40:44,867 - [ENV] - --- EPISODE START | Scenario: DESCEND | Start: [0.92767902 0.3749592  0.55      ] | Goal: [0.92767902 0.3749592  0.415     ] | DriftLimit: 0.0273 | FloorLimit: 0.4787 ---
2026-04-24 09:40:49,359 - [ENV] - --- EPISODE START | Scenario: TRANSIT | Start: [0.85239469 0.53890136 0.55      ] | Goal: [1.09057793 0.14318521 0.55      ] | DriftLimit: 0.0272 | FloorLimit: 0.4788 ---
2026-04-24 09:40:53,762 - [ENV] - --- EPISODE START | Scenario: TRANSIT | Start: [0.9943021  0.52861017 0.55      ] | Goal: [0.76266044 0.43924025 0.55      ] | DriftLimit: 0.0270 | FloorLimit: 0.4789 ---
2026-04-24 09:40:58,726 - [ENV] - --- EPISODE START | Scenario: ASCEND | Start: [0.86978849 0.16307809 0.415     ] | Goal: [0.86978849 0.16307809 0.55      ] | DriftLimit: 0.0269 | FloorLimit: 0.4790 ---
2026-04-24 09:40:59,029 - [ENV] - TERMINATED (Ascend): Tube Drift = 0.0272m (Max 0.0269m) at step 6
2026-04-24 09:40:59,030 - [ENV] - Episode ended without success at step 6. Final dist: 0.1156m
2026-04-24 09:40:59,030 - [ENV] - --- EPISODE START | Scenario: ASCEND | Start: [0.60450156 0.41810709 0.415     ] | Goal: [0.60450156 0.41810709 0.55      ] | DriftLimit: 0.0269 | FloorLimit: 0.4790 ---
2026-04-24 09:40:59,227 - [ENV] - TERMINATED (Ascend): Tube Drift = 0.0477m (Max 0.0269m) at step 3
2026-04-24 09:40:59,227 - [ENV] - Episode ended without success at step 3. Final dist: 0.1174m
2026-04-24 09:40:59,228 - [ENV] - --- EPISODE START | Scenario: TRANSIT | Start: [1.1513484  0.35318622 0.55      ] | Goal: [0.72825191 0.28902321 0.55      ] | DriftLimit: 0.0269 | FloorLimit: 0.4790 ---
2026-04-24 09:41:42,861 - [ENV] - --- EPISODE START | Scenario: TRANSIT | Start: [0.95189289 0.09831015 0.55      ] | Goal: [1.02153264 0.0153395  0.55      ] | DriftLimit: 0.0268 | FloorLimit: 0.4790 ---
2026-04-24 09:41:47,203 - [ENV] - --- EPISODE START | Scenario: DESCEND | Start: [0.65217216 0.01007677 0.55      ] | Goal: [0.65217216 0.01007677 0.415     ] | DriftLimit: 0.0267 | FloorLimit: 0.4791 ---
2026-04-24 09:41:52,261 - [ENV] - --- EPISODE START | Scenario: DESCEND | Start: [0.66664209 0.34398505 0.55      ] | Goal: [0.66664209 0.34398505 0.41      ] | DriftLimit: 0.0265 | FloorLimit: 0.4792 ---
2026-04-24 09:41:52,519 - [ENV] - TERMINATED (Descend): Tube Drift = 0.0267m (Max 0.0265m) at step 9
2026-04-24 09:41:52,519 - [ENV] - Episode ended without success at step 9. Final dist: 0.0280m
2026-04-24 09:41:52,520 - [ENV] - --- EPISODE START | Scenario: DESCEND | Start: [0.66163418 0.4882037  0.55      ] | Goal: [0.66163418 0.4882037  0.415     ] | DriftLimit: 0.0265 | FloorLimit: 0.4792 ---
2026-04-24 09:41:54,906 - [ENV] - TERMINATED (Descend): Tube Drift = 0.0265m (Max 0.0264m) at step 94
2026-04-24 09:41:54,907 - [ENV] - Episode ended without success at step 94. Final dist: 0.0267m
2026-04-24 09:41:54,907 - [ENV] - --- EPISODE START | Scenario: TRANSIT | Start: [0.91488553 0.22799846 0.55      ] | Goal: [0.69178112 0.47944367 0.55      ] | DriftLimit: 0.0264 | FloorLimit: 0.4792 ---
2026-04-24 09:41:56,086 - [ENV] - SUCCESS: Goal reached in 38 steps. Dist = 0.0212m
2026-04-24 09:41:56,086 - [ENV] - --- EPISODE START | Scenario: DESCEND | Start: [0.69556453 0.38299671 0.55      ] | Goal: [0.69556453 0.38299671 0.415     ] | DriftLimit: 0.0264 | FloorLimit: 0.4792 ---
2026-04-24 09:41:56,228 - [ENV] - TERMINATED (Descend): Tube Drift = 0.0268m (Max 0.0264m) at step 3
2026-04-24 09:41:56,228 - [ENV] - Episode ended without success at step 3. Final dist: 0.0270m
2026-04-24 09:41:56,229 - [ENV] - --- EPISODE START | Scenario: ASCEND | Start: [0.94629933 0.4972416  0.415     ] | Goal: [0.94629933 0.4972416  0.55      ] | DriftLimit: 0.0264 | FloorLimit: 0.4792 ---
2026-04-24 09:41:56,380 - [ENV] - TERMINATED (Ascend): Tube Drift = 0.0265m (Max 0.0264m) at step 2
2026-04-24 09:41:56,381 - [ENV] - Episode ended without success at step 2. Final dist: 0.1110m
2026-04-24 09:41:56,382 - [ENV] - --- EPISODE START | Scenario: TRANSIT | Start: [0.67413044 0.1123493  0.55      ] | Goal: [1.05836644 0.53474212 0.55      ] | DriftLimit: 0.0264 | FloorLimit: 0.4792 ---
2026-04-24 09:42:00,925 - [ENV] - --- EPISODE START | Scenario: TRANSIT | Start: [0.69687955 0.38525839 0.55      ] | Goal: [1.04840415 0.03561313 0.55      ] | DriftLimit: 0.0263 | FloorLimit: 0.4793 ---
2026-04-24 09:42:05,652 - [ENV] - --- EPISODE START | Scenario: ASCEND | Start: [1.04166381 0.22117516 0.415     ] | Goal: [1.04166381 0.22117516 0.55      ] | DriftLimit: 0.0262 | FloorLimit: 0.4794 ---
2026-04-24 09:42:05,812 - [ENV] - TERMINATED (Ascend): Tube Drift = 0.0273m (Max 0.0262m) at step 2
2026-04-24 09:42:05,812 - [ENV] - Episode ended without success at step 2. Final dist: 0.1280m
2026-04-24 09:42:05,814 - [ENV] - --- EPISODE START | Scenario: DESCEND | Start: [0.96102105 0.40461758 0.55      ] | Goal: [0.96102105 0.40461758 0.41      ] | DriftLimit: 0.0262 | FloorLimit: 0.4794 ---
2026-04-24 09:42:10,866 - [ENV] - --- EPISODE START | Scenario: DESCEND | Start: [1.14345694 0.33494577 0.55      ] | Goal: [1.14345694 0.33494577 0.41      ] | DriftLimit: 0.0260 | FloorLimit: 0.4794 ---
2026-04-24 09:42:11,151 - [ENV] - SUCCESS: Goal reached in 8 steps. Dist = 0.0100m
2026-04-24 09:42:11,152 - [ENV] - --- EPISODE START | Scenario: ASCEND | Start: [0.94163102 0.26071639 0.415     ] | Goal: [0.94163102 0.26071639 0.55      ] | DriftLimit: 0.0260 | FloorLimit: 0.4794 ---
2026-04-24 09:42:11,316 - [ENV] - TERMINATED (Ascend): Tube Drift = 0.0279m (Max 0.0260m) at step 2
2026-04-24 09:42:11,316 - [ENV] - Episode ended without success at step 2. Final dist: 0.1292m
2026-04-24 09:42:11,318 - [ENV] - --- EPISODE START | Scenario: TRANSIT | Start: [1.0061805  0.27656591 0.55      ] | Goal: [0.72909981 0.24089231 0.55      ] | DriftLimit: 0.0260 | FloorLimit: 0.4794 ---
2026-04-24 09:42:15,860 - [ENV] - --- EPISODE START | Scenario: DESCEND | Start: [1.00258864 0.26213261 0.55      ] | Goal: [1.00258864 0.26213261 0.41      ] | DriftLimit: 0.0259 | FloorLimit: 0.4795 ---
2026-04-24 09:42:16,121 - [ENV] - SUCCESS: Goal reached in 7 steps. Dist = 0.0089m
2026-04-24 09:42:16,121 - [ENV] - --- EPISODE START | Scenario: ASCEND | Start: [0.81685927 0.53016171 0.415     ] | Goal: [0.81685927 0.53016171 0.55      ] | DriftLimit: 0.0259 | FloorLimit: 0.4795 ---
2026-04-24 09:42:16,336 - [ENV] - TERMINATED (Ascend): Tube Drift = 0.0392m (Max 0.0259m) at step 3
2026-04-24 09:42:16,336 - [ENV] - Episode ended without success at step 3. Final dist: 0.0963m
2026-04-24 09:42:16,337 - [ENV] - --- EPISODE START | Scenario: ASCEND | Start: [0.87203107 0.31954426 0.415     ] | Goal: [0.87203107 0.31954426 0.55      ] | DriftLimit: 0.0259 | FloorLimit: 0.4795 ---
2026-04-24 09:42:16,577 - [ENV] - TERMINATED (Ascend): Tube Drift = 0.0467m (Max 0.0259m) at step 3
2026-04-24 09:42:16,577 - [ENV] - Episode ended without success at step 3. Final dist: 0.1101m
2026-04-24 09:42:16,578 - [ENV] - --- EPISODE START | Scenario: DESCEND | Start: [1.06420678 0.42683566 0.55      ] | Goal: [1.06420678 0.42683566 0.41      ] | DriftLimit: 0.0259 | FloorLimit: 0.4795 ---
2026-04-24 09:42:20,998 - [ENV] - --- EPISODE START | Scenario: TRANSIT | Start: [1.15423394 0.01194016 0.55      ] | Goal: [0.66500959 0.43919658 0.55      ] | DriftLimit: 0.0258 | FloorLimit: 0.4796 ---
2026-04-24 09:42:22,605 - [ENV] - SUCCESS: Goal reached in 49 steps. Dist = 0.0190m
2026-04-24 09:42:22,606 - [ENV] - --- EPISODE START | Scenario: DESCEND | Start: [0.82813319 0.33049503 0.55      ] | Goal: [0.82813319 0.33049503 0.415     ] | DriftLimit: 0.0257 | FloorLimit: 0.4796 ---
2026-04-24 09:42:27,414 - [ENV] - --- EPISODE START | Scenario: DESCEND | Start: [0.8835242  0.09566319 0.55      ] | Goal: [0.8835242  0.09566319 0.415     ] | DriftLimit: 0.0256 | FloorLimit: 0.4797 ---
2026-04-24 09:42:27,626 - [ENV] - SUCCESS: Goal reached in 7 steps. Dist = 0.0088m
2026-04-24 09:42:27,627 - [ENV] - --- EPISODE START | Scenario: ASCEND | Start: [0.9343287  0.13682781 0.415     ] | Goal: [0.9343287  0.13682781 0.55      ] | DriftLimit: 0.0256 | FloorLimit: 0.4797 ---
2026-04-24 09:42:27,878 - [ENV] - TERMINATED (Ascend): Tube Drift = 0.0327m (Max 0.0256m) at step 2
2026-04-24 09:42:27,878 - [ENV] - Episode ended without success at step 2. Final dist: 0.1300m
2026-04-24 09:42:27,879 - [ENV] - --- EPISODE START | Scenario: DESCEND | Start: [0.97282915 0.07958763 0.55      ] | Goal: [0.97282915 0.07958763 0.415     ] | DriftLimit: 0.0256 | FloorLimit: 0.4797 ---
2026-04-24 09:42:28,409 - [ENV] - SUCCESS: Goal reached in 7 steps. Dist = 0.0095m
2026-04-24 09:42:28,410 - [ENV] - --- EPISODE START | Scenario: TRANSIT | Start: [0.91374911 0.35930499 0.55      ] | Goal: [1.04239984 0.40921177 0.55      ] | DriftLimit: 0.0256 | FloorLimit: 0.4797 ---
2026-04-24 09:42:28,899 - [ENV] - SUCCESS: Goal reached in 16 steps. Dist = 0.0176m
2026-04-24 09:42:28,901 - [ENV] - --- EPISODE START | Scenario: ASCEND | Start: [1.02320772 0.47429094 0.415     ] | Goal: [1.02320772 0.47429094 0.55      ] | DriftLimit: 0.0256 | FloorLimit: 0.4797 ---
2026-04-24 09:42:29,052 - [ENV] - TERMINATED (Ascend): Tube Drift = 0.0297m (Max 0.0256m) at step 2
2026-04-24 09:42:29,053 - [ENV] - Episode ended without success at step 2. Final dist: 0.1109m
2026-04-24 09:42:29,054 - [ENV] - --- EPISODE START | Scenario: DESCEND | Start: [0.86783764 0.01924453 0.55      ] | Goal: [0.86783764 0.01924453 0.415     ] | DriftLimit: 0.0256 | FloorLimit: 0.4797 ---
2026-04-24 09:42:29,648 - [ENV] - SUCCESS: Goal reached in 13 steps. Dist = 0.0088m
2026-04-24 09:42:29,649 - [ENV] - --- EPISODE START | Scenario: ASCEND | Start: [0.77319775 0.50516517 0.415     ] | Goal: [0.77319775 0.50516517 0.55      ] | DriftLimit: 0.0256 | FloorLimit: 0.4797 ---
2026-04-24 09:42:29,769 - [ENV] - TERMINATED (Ascend): Tube Drift = 0.0256m (Max 0.0256m) at step 2
2026-04-24 09:42:29,769 - [ENV] - Episode ended without success at step 2. Final dist: 0.1130m
2026-04-24 09:42:29,770 - [ENV] - --- EPISODE START | Scenario: DESCEND | Start: [0.91820912 0.37910982 0.55      ] | Goal: [0.91820912 0.37910982 0.41      ] | DriftLimit: 0.0256 | FloorLimit: 0.4797 ---
2026-04-24 09:42:34,119 - [ENV] - --- EPISODE START | Scenario: TRANSIT | Start: [1.10880481 0.06251303 0.55      ] | Goal: [0.69599027 0.08819303 0.55      ] | DriftLimit: 0.0254 | FloorLimit: 0.4798 ---
2026-04-24 09:42:38,713 - [ENV] - --- EPISODE START | Scenario: ASCEND | Start: [0.84724779 0.24476547 0.415     ] | Goal: [0.84724779 0.24476547 0.55      ] | DriftLimit: 0.0253 | FloorLimit: 0.4798 ---
2026-04-24 09:42:38,906 - [ENV] - TERMINATED (Ascend): Tube Drift = 0.0279m (Max 0.0253m) at step 3
2026-04-24 09:42:38,906 - [ENV] - Episode ended without success at step 3. Final dist: 0.1242m
2026-04-24 09:42:38,906 - [ENV] - --- EPISODE START | Scenario: TRANSIT | Start: [1.13854509 0.24868868 0.55      ] | Goal: [ 0.6339452  -0.00671582  0.55      ] | DriftLimit: 0.0253 | FloorLimit: 0.4798 ---
2026-04-24 09:42:39,704 - [ENV] - SUCCESS: Goal reached in 25 steps. Dist = 0.0208m
2026-04-24 09:42:39,705 - [ENV] - --- EPISODE START | Scenario: DESCEND | Start: [0.98480993 0.34428758 0.55      ] | Goal: [0.98480993 0.34428758 0.41      ] | DriftLimit: 0.0253 | FloorLimit: 0.4798 ---
2026-04-24 09:42:39,935 - [ENV] - SUCCESS: Goal reached in 7 steps. Dist = 0.0098m
2026-04-24 09:42:39,936 - [ENV] - --- EPISODE START | Scenario: TRANSIT | Start: [1.14773964 0.24284696 0.55      ] | Goal: [0.6786906 0.3458228 0.55     ] | DriftLimit: 0.0253 | FloorLimit: 0.4798 ---
2026-04-24 09:42:44,350 - [ENV] - --- EPISODE START | Scenario: TRANSIT | Start: [0.96161902 0.41159105 0.55      ] | Goal: [0.73230727 0.4541604  0.55      ] | DriftLimit: 0.0251 | FloorLimit: 0.4799 ---
2026-04-24 09:42:49,036 - [ENV] - --- EPISODE START | Scenario: DESCEND | Start: [0.72522626 0.03129569 0.55      ] | Goal: [0.72522626 0.03129569 0.415     ] | DriftLimit: 0.0250 | FloorLimit: 0.4800 ---
