2026-04-24 08:53:51,704 - [ENV] - --- EPISODE START | Scenario: ASCEND | Start: [0.95903653 0.16010783 0.415     ] | Goal: [0.95903653 0.16010783 0.55      ] | DriftLimit: 0.0800 | FloorLimit: 0.4500 ---
2026-04-24 08:53:52,028 - [ENV] - TERMINATED (Ascend): Tube Drift = 0.0872m (Max 0.0800m) at step 16
2026-04-24 08:53:52,028 - [ENV] - Episode ended without success at step 16. Final dist: 0.1265m
2026-04-24 08:53:52,029 - [ENV] - --- EPISODE START | Scenario: DESCEND | Start: [0.8854615  0.02247213 0.55      ] | Goal: [0.8854615  0.02247213 0.415     ] | DriftLimit: 0.0800 | FloorLimit: 0.4500 ---
2026-04-24 08:53:52,316 - [ENV] - TERMINATED (Descend): Tube Drift = 0.0858m (Max 0.0800m) at step 16
2026-04-24 08:53:52,317 - [ENV] - Episode ended without success at step 16. Final dist: 0.0867m
2026-04-24 08:53:52,317 - [ENV] - --- EPISODE START | Scenario: TRANSIT | Start: [ 1.02951766 -0.00323662  0.55      ] | Goal: [0.74127578 0.39002401 0.55      ] | DriftLimit: 0.0800 | FloorLimit: 0.4500 ---
2026-04-24 08:53:54,136 - [ENV] - --- EPISODE START | Scenario: ASCEND | Start: [0.80200183 0.05666863 0.415     ] | Goal: [0.80200183 0.05666863 0.55      ] | DriftLimit: 0.0798 | FloorLimit: 0.4501 ---
2026-04-24 08:53:54,632 - [ENV] - TERMINATED (Ascend): Tube Drift = 0.0902m (Max 0.0798m) at step 24
2026-04-24 08:53:54,632 - [ENV] - Episode ended without success at step 24. Final dist: 0.1331m
2026-04-24 08:53:54,632 - [ENV] - --- EPISODE START | Scenario: TRANSIT | Start: [1.04996126 0.27127904 0.55      ] | Goal: [0.78885388 0.33906206 0.55      ] | DriftLimit: 0.0798 | FloorLimit: 0.4501 ---
2026-04-24 08:53:55,195 - [ENV] - TERMINATED (Transit): Floor collision. Z = 0.4283m (Min 0.450m) at step 38
2026-04-24 08:53:55,195 - [ENV] - Episode ended without success at step 38. Final dist: 0.4415m
2026-04-24 08:53:55,195 - [ENV] - --- EPISODE START | Scenario: ASCEND | Start: [0.65995029 0.2436719  0.415     ] | Goal: [0.65995029 0.2436719  0.55      ] | DriftLimit: 0.0798 | FloorLimit: 0.4501 ---
2026-04-24 08:53:56,028 - [ENV] - TERMINATED (Ascend): Tube Drift = 0.0799m (Max 0.0798m) at step 34
2026-04-24 08:53:56,028 - [ENV] - Episode ended without success at step 34. Final dist: 0.1448m
2026-04-24 08:53:56,028 - [ENV] - --- EPISODE START | Scenario: DESCEND | Start: [1.00453122 0.15658406 0.55      ] | Goal: [1.00453122 0.15658406 0.41      ] | DriftLimit: 0.0798 | FloorLimit: 0.4501 ---
2026-04-24 08:53:56,156 - [ENV] - TERMINATED (Descend): Tube Drift = 0.0877m (Max 0.0798m) at step 8
2026-04-24 08:53:56,156 - [ENV] - Episode ended without success at step 8. Final dist: 0.1398m
2026-04-24 08:53:56,156 - [ENV] - --- EPISODE START | Scenario: TRANSIT | Start: [0.90483906 0.01147183 0.55      ] | Goal: [0.99088017 0.34980747 0.55      ] | DriftLimit: 0.0798 | FloorLimit: 0.4501 ---
2026-04-24 08:53:56,362 - [ENV] - TERMINATED (Transit): Floor collision. Z = 0.4481m (Min 0.450m) at step 34
2026-04-24 08:53:56,362 - [ENV] - Episode ended without success at step 34. Final dist: 0.4882m
2026-04-24 08:53:56,362 - [ENV] - --- EPISODE START | Scenario: ASCEND | Start: [0.94275467 0.16179016 0.415     ] | Goal: [0.94275467 0.16179016 0.55      ] | DriftLimit: 0.0797 | FloorLimit: 0.4501 ---
2026-04-24 08:53:56,485 - [ENV] - TERMINATED (Ascend): Tube Drift = 0.1088m (Max 0.0797m) at step 9
2026-04-24 08:53:56,485 - [ENV] - Episode ended without success at step 9. Final dist: 0.1421m
2026-04-24 08:53:56,485 - [ENV] - --- EPISODE START | Scenario: TRANSIT | Start: [0.96973683 0.30378455 0.55      ] | Goal: [0.91381858 0.075546   0.55      ] | DriftLimit: 0.0797 | FloorLimit: 0.4501 ---
2026-04-24 08:53:56,858 - [ENV] - TERMINATED (Transit): Floor collision. Z = 0.4447m (Min 0.450m) at step 69
2026-04-24 08:53:56,858 - [ENV] - Episode ended without success at step 69. Final dist: 0.3090m
2026-04-24 08:53:56,859 - [ENV] - --- EPISODE START | Scenario: DESCEND | Start: [0.66366031 0.0574323  0.55      ] | Goal: [0.66366031 0.0574323  0.415     ] | DriftLimit: 0.0797 | FloorLimit: 0.4502 ---
2026-04-24 08:53:56,907 - [ENV] - TERMINATED (Descend): Tube Drift = 0.0932m (Max 0.0797m) at step 7
2026-04-24 08:53:56,907 - [ENV] - Episode ended without success at step 7. Final dist: 0.1003m
2026-04-24 08:53:56,908 - [ENV] - --- EPISODE START | Scenario: TRANSIT | Start: [0.87941383 0.02303726 0.55      ] | Goal: [0.64428753 0.33380423 0.55      ] | DriftLimit: 0.0797 | FloorLimit: 0.4502 ---
2026-04-24 08:53:57,039 - [ENV] - TERMINATED (Transit): Floor collision. Z = 0.4498m (Min 0.450m) at step 20
2026-04-24 08:53:57,039 - [ENV] - Episode ended without success at step 20. Final dist: 0.4046m
2026-04-24 08:53:57,040 - [ENV] - --- EPISODE START | Scenario: TRANSIT | Start: [0.61794421 0.48694713 0.55      ] | Goal: [0.85933148 0.1224895  0.55      ] | DriftLimit: 0.0797 | FloorLimit: 0.4502 ---
2026-04-24 08:53:57,109 - [ENV] - TERMINATED (Transit): Floor collision. Z = 0.4425m (Min 0.450m) at step 9
2026-04-24 08:53:57,109 - [ENV] - Episode ended without success at step 9. Final dist: 0.4191m
2026-04-24 08:53:57,109 - [ENV] - --- EPISODE START | Scenario: ASCEND | Start: [0.87567459 0.31697692 0.415     ] | Goal: [0.87567459 0.31697692 0.55      ] | DriftLimit: 0.0797 | FloorLimit: 0.4502 ---
2026-04-24 08:53:57,298 - [ENV] - TERMINATED (Ascend): Tube Drift = 0.0808m (Max 0.0797m) at step 15
2026-04-24 08:53:57,299 - [ENV] - Episode ended without success at step 15. Final dist: 0.1510m
2026-04-24 08:53:57,299 - [ENV] - --- EPISODE START | Scenario: ASCEND | Start: [0.68580545 0.27829684 0.415     ] | Goal: [0.68580545 0.27829684 0.55      ] | DriftLimit: 0.0797 | FloorLimit: 0.4502 ---
2026-04-24 08:53:57,609 - [ENV] - TERMINATED (Ascend): Tube Drift = 0.0812m (Max 0.0796m) at step 12
2026-04-24 08:53:57,609 - [ENV] - Episode ended without success at step 12. Final dist: 0.1523m
2026-04-24 08:53:57,609 - [ENV] - --- EPISODE START | Scenario: ASCEND | Start: [1.0234044  0.40768097 0.415     ] | Goal: [1.0234044  0.40768097 0.55      ] | DriftLimit: 0.0796 | FloorLimit: 0.4502 ---
2026-04-24 08:53:57,939 - [ENV] - TERMINATED (Ascend): Tube Drift = 0.0823m (Max 0.0796m) at step 10
2026-04-24 08:53:57,939 - [ENV] - Episode ended without success at step 10. Final dist: 0.1127m
2026-04-24 08:53:57,940 - [ENV] - --- EPISODE START | Scenario: DESCEND | Start: [0.69540079 0.00650354 0.55      ] | Goal: [0.69540079 0.00650354 0.415     ] | DriftLimit: 0.0796 | FloorLimit: 0.4502 ---
2026-04-24 08:53:58,531 - [ENV] - SUCCESS: Goal reached in 13 steps. Dist = 0.0092m
2026-04-24 08:53:58,532 - [ENV] - --- EPISODE START | Scenario: TRANSIT | Start: [ 1.02846757 -0.01219213  0.55      ] | Goal: [0.76837257 0.2289409  0.55      ] | DriftLimit: 0.0796 | FloorLimit: 0.4502 ---
2026-04-24 08:53:58,831 - [ENV] - SUCCESS: Goal reached in 13 steps. Dist = 0.0113m
2026-04-24 08:53:58,832 - [ENV] - --- EPISODE START | Scenario: TRANSIT | Start: [0.70145335 0.05676093 0.55      ] | Goal: [0.61593004 0.28891752 0.55      ] | DriftLimit: 0.0796 | FloorLimit: 0.4502 ---
2026-04-24 08:54:03,132 - [ENV] - --- EPISODE START | Scenario: ASCEND | Start: [0.90931613 0.21315629 0.415     ] | Goal: [0.90931613 0.21315629 0.55      ] | DriftLimit: 0.0795 | FloorLimit: 0.4503 ---
2026-04-24 08:54:07,578 - [ENV] - --- EPISODE START | Scenario: DESCEND | Start: [1.063108   0.22465379 0.55      ] | Goal: [1.063108   0.22465379 0.41      ] | DriftLimit: 0.0794 | FloorLimit: 0.4503 ---
2026-04-24 08:54:12,125 - [ENV] - --- EPISODE START | Scenario: DESCEND | Start: [1.00486511 0.22879001 0.55      ] | Goal: [1.00486511 0.22879001 0.415     ] | DriftLimit: 0.0792 | FloorLimit: 0.4504 ---
2026-04-24 08:54:16,840 - [ENV] - --- EPISODE START | Scenario: TRANSIT | Start: [0.77355656 0.22137139 0.55      ] | Goal: [0.66374817 0.36388676 0.55      ] | DriftLimit: 0.0791 | FloorLimit: 0.4505 ---
2026-04-24 08:54:21,530 - [ENV] - --- EPISODE START | Scenario: DESCEND | Start: [0.76961553 0.21887177 0.55      ] | Goal: [0.76961553 0.21887177 0.415     ] | DriftLimit: 0.0790 | FloorLimit: 0.4506 ---
2026-04-24 08:54:26,625 - [ENV] - --- EPISODE START | Scenario: TRANSIT | Start: [0.89566428 0.51482633 0.55      ] | Goal: [0.85548988 0.31834984 0.55      ] | DriftLimit: 0.0788 | FloorLimit: 0.4506 ---
2026-04-24 08:54:31,254 - [ENV] - --- EPISODE START | Scenario: DESCEND | Start: [0.64214184 0.42810934 0.55      ] | Goal: [0.64214184 0.42810934 0.415     ] | DriftLimit: 0.0787 | FloorLimit: 0.4507 ---
2026-04-24 08:54:31,559 - [ENV] - SUCCESS: Goal reached in 9 steps. Dist = 0.0099m
2026-04-24 08:54:31,560 - [ENV] - --- EPISODE START | Scenario: TRANSIT | Start: [0.71319579 0.32298793 0.55      ] | Goal: [0.87338856 0.37707052 0.55      ] | DriftLimit: 0.0787 | FloorLimit: 0.4507 ---
2026-04-24 08:54:31,942 - [ENV] - SUCCESS: Goal reached in 12 steps. Dist = 0.0129m
2026-04-24 08:54:31,942 - [ENV] - --- EPISODE START | Scenario: ASCEND | Start: [0.68390743 0.15886974 0.415     ] | Goal: [0.68390743 0.15886974 0.55      ] | DriftLimit: 0.0787 | FloorLimit: 0.4507 ---
2026-04-24 08:54:33,067 - [ENV] - TERMINATED (Ascend): Tube Drift = 0.0787m (Max 0.0787m) at step 39
2026-04-24 08:54:33,067 - [ENV] - Episode ended without success at step 39. Final dist: 0.1550m
2026-04-24 08:54:33,068 - [ENV] - --- EPISODE START | Scenario: TRANSIT | Start: [0.79441089 0.52561398 0.55      ] | Goal: [0.71891396 0.44970697 0.55      ] | DriftLimit: 0.0787 | FloorLimit: 0.4507 ---
2026-04-24 08:54:37,472 - [ENV] - --- EPISODE START | Scenario: TRANSIT | Start: [1.11509238 0.13235449 0.55      ] | Goal: [0.65614827 0.25323955 0.55      ] | DriftLimit: 0.0785 | FloorLimit: 0.4508 ---
2026-04-24 08:54:41,898 - [ENV] - --- EPISODE START | Scenario: ASCEND | Start: [0.95660383 0.25694854 0.415     ] | Goal: [0.95660383 0.25694854 0.55      ] | DriftLimit: 0.0784 | FloorLimit: 0.4509 ---
2026-04-24 08:54:42,307 - [ENV] - TERMINATED (Ascend): Tube Drift = 0.0813m (Max 0.0784m) at step 9
2026-04-24 08:54:42,307 - [ENV] - Episode ended without success at step 9. Final dist: 0.1352m
2026-04-24 08:54:42,308 - [ENV] - --- EPISODE START | Scenario: TRANSIT | Start: [0.71957616 0.32378602 0.55      ] | Goal: [0.63461488 0.2214681  0.55      ] | DriftLimit: 0.0784 | FloorLimit: 0.4509 ---
2026-04-24 08:54:46,456 - [ENV] - --- EPISODE START | Scenario: ASCEND | Start: [0.62155926 0.31944391 0.415     ] | Goal: [0.62155926 0.31944391 0.55      ] | DriftLimit: 0.0783 | FloorLimit: 0.4509 ---
2026-04-24 08:54:50,261 - [ENV] - TERMINATED (Ascend): Tube Drift = 0.0786m (Max 0.0782m) at step 127
2026-04-24 08:54:50,261 - [ENV] - Episode ended without success at step 127. Final dist: 0.1536m
2026-04-24 08:54:50,262 - [ENV] - --- EPISODE START | Scenario: TRANSIT | Start: [0.66879793 0.17611473 0.55      ] | Goal: [1.09685292 0.20182463 0.55      ] | DriftLimit: 0.0782 | FloorLimit: 0.4510 ---
2026-04-24 08:54:50,782 - [ENV] - SUCCESS: Goal reached in 21 steps. Dist = 0.0095m
2026-04-24 08:54:50,783 - [ENV] - --- EPISODE START | Scenario: TRANSIT | Start: [0.71553449 0.07160158 0.55      ] | Goal: [1.11568683 0.09163188 0.55      ] | DriftLimit: 0.0782 | FloorLimit: 0.4510 ---
2026-04-24 08:55:27,137 - [ENV] - --- EPISODE START | Scenario: TRANSIT | Start: [1.06002091 0.14331    0.55      ] | Goal: [1.04272615 0.02819546 0.55      ] | DriftLimit: 0.0780 | FloorLimit: 0.4511 ---
2026-04-24 08:55:31,180 - [ENV] - --- EPISODE START | Scenario: TRANSIT | Start: [0.78644668 0.05672664 0.55      ] | Goal: [1.08070795 0.19868976 0.55      ] | DriftLimit: 0.0779 | FloorLimit: 0.4511 ---
2026-04-24 08:55:33,721 - [ENV] - SUCCESS: Goal reached in 122 steps. Dist = 0.0171m
2026-04-24 08:55:33,722 - [ENV] - --- EPISODE START | Scenario: TRANSIT | Start: [0.89617481 0.49259993 0.55      ] | Goal: [0.75297271 0.33184139 0.55      ] | DriftLimit: 0.0778 | FloorLimit: 0.4512 ---
2026-04-24 08:55:37,794 - [ENV] - --- EPISODE START | Scenario: DESCEND | Start: [0.98124603 0.07056969 0.55      ] | Goal: [0.98124603 0.07056969 0.41      ] | DriftLimit: 0.0777 | FloorLimit: 0.4513 ---
2026-04-24 08:55:38,062 - [ENV] - SUCCESS: Goal reached in 12 steps. Dist = 0.0098m
2026-04-24 08:55:38,063 - [ENV] - --- EPISODE START | Scenario: TRANSIT | Start: [0.68009257 0.19182597 0.55      ] | Goal: [0.87030578 0.0979478  0.55      ] | DriftLimit: 0.0777 | FloorLimit: 0.4513 ---
2026-04-24 08:55:42,037 - [ENV] - --- EPISODE START | Scenario: ASCEND | Start: [1.01903897 0.05467782 0.415     ] | Goal: [1.01903897 0.05467782 0.55      ] | DriftLimit: 0.0776 | FloorLimit: 0.4513 ---
2026-04-24 08:55:46,469 - [ENV] - --- EPISODE START | Scenario: ASCEND | Start: [0.81834049 0.45240077 0.415     ] | Goal: [0.81834049 0.45240077 0.55      ] | DriftLimit: 0.0774 | FloorLimit: 0.4514 ---
2026-04-24 08:55:47,063 - [ENV] - TERMINATED (Ascend): Tube Drift = 0.0787m (Max 0.0774m) at step 21
2026-04-24 08:55:47,063 - [ENV] - Episode ended without success at step 21. Final dist: 0.1531m
2026-04-24 08:55:47,063 - [ENV] - --- EPISODE START | Scenario: ASCEND | Start: [0.62431782 0.15940166 0.415     ] | Goal: [0.62431782 0.15940166 0.55      ] | DriftLimit: 0.0774 | FloorLimit: 0.4514 ---
2026-04-24 08:55:47,388 - [ENV] - TERMINATED (Ascend): Tube Drift = 0.0780m (Max 0.0774m) at step 7
2026-04-24 08:55:47,388 - [ENV] - Episode ended without success at step 7. Final dist: 0.1456m
2026-04-24 08:55:47,388 - [ENV] - --- EPISODE START | Scenario: ASCEND | Start: [1.01546111 0.05585168 0.415     ] | Goal: [1.01546111 0.05585168 0.55      ] | DriftLimit: 0.0774 | FloorLimit: 0.4514 ---
2026-04-24 08:55:51,353 - [ENV] - --- EPISODE START | Scenario: ASCEND | Start: [1.05191762 0.20534172 0.415     ] | Goal: [1.05191762 0.20534172 0.55      ] | DriftLimit: 0.0773 | FloorLimit: 0.4515 ---
2026-04-24 08:55:51,635 - [ENV] - TERMINATED (Ascend): Tube Drift = 0.0812m (Max 0.0773m) at step 9
2026-04-24 08:55:51,635 - [ENV] - Episode ended without success at step 9. Final dist: 0.1535m
2026-04-24 08:55:51,636 - [ENV] - --- EPISODE START | Scenario: TRANSIT | Start: [0.99611716 0.45781097 0.55      ] | Goal: [0.62453469 0.3333252  0.55      ] | DriftLimit: 0.0773 | FloorLimit: 0.4515 ---
2026-04-24 08:55:52,169 - [ENV] - SUCCESS: Goal reached in 25 steps. Dist = 0.0139m
2026-04-24 08:55:52,169 - [ENV] - --- EPISODE START | Scenario: TRANSIT | Start: [0.72861797 0.21973138 0.55      ] | Goal: [0.63256939 0.53386502 0.55      ] | DriftLimit: 0.0773 | FloorLimit: 0.4515 ---
2026-04-24 08:55:52,496 - [ENV] - TERMINATED (Transit): Floor collision. Z = 0.4508m (Min 0.451m) at step 13
2026-04-24 08:55:52,496 - [ENV] - Episode ended without success at step 13. Final dist: 0.0994m
2026-04-24 08:55:52,496 - [ENV] - --- EPISODE START | Scenario: DESCEND | Start: [0.8586473  0.30122073 0.55      ] | Goal: [0.8586473  0.30122073 0.415     ] | DriftLimit: 0.0773 | FloorLimit: 0.4515 ---
2026-04-24 08:55:56,388 - [ENV] - --- EPISODE START | Scenario: DESCEND | Start: [0.89979517 0.24489722 0.55      ] | Goal: [0.89979517 0.24489722 0.415     ] | DriftLimit: 0.0771 | FloorLimit: 0.4516 ---
2026-04-24 08:55:56,557 - [ENV] - SUCCESS: Goal reached in 4 steps. Dist = 0.0095m
2026-04-24 08:55:56,558 - [ENV] - --- EPISODE START | Scenario: TRANSIT | Start: [0.95738081 0.53790854 0.55      ] | Goal: [0.85988027 0.32480989 0.55      ] | DriftLimit: 0.0771 | FloorLimit: 0.4516 ---
2026-04-24 08:56:00,286 - [ENV] - --- EPISODE START | Scenario: DESCEND | Start: [0.65823073 0.45636322 0.55      ] | Goal: [0.65823073 0.45636322 0.41      ] | DriftLimit: 0.0770 | FloorLimit: 0.4516 ---
2026-04-24 08:56:04,177 - [ENV] - --- EPISODE START | Scenario: ASCEND | Start: [1.04667572 0.07984315 0.415     ] | Goal: [1.04667572 0.07984315 0.55      ] | DriftLimit: 0.0769 | FloorLimit: 0.4517 ---
2026-04-24 08:56:08,078 - [ENV] - --- EPISODE START | Scenario: DESCEND | Start: [0.95013491 0.54342218 0.55      ] | Goal: [0.95013491 0.54342218 0.41      ] | DriftLimit: 0.0767 | FloorLimit: 0.4518 ---
2026-04-24 08:56:09,506 - [ENV] - TERMINATED (Descend): Tube Drift = 0.0781m (Max 0.0767m) at step 60
2026-04-24 08:56:09,506 - [ENV] - Episode ended without success at step 60. Final dist: 0.0781m
2026-04-24 08:56:09,507 - [ENV] - --- EPISODE START | Scenario: TRANSIT | Start: [0.62866544 0.27563281 0.55      ] | Goal: [0.91509709 0.09704006 0.55      ] | DriftLimit: 0.0767 | FloorLimit: 0.4518 ---
2026-04-24 08:56:13,291 - [ENV] - --- EPISODE START | Scenario: TRANSIT | Start: [0.71236723 0.13680169 0.55      ] | Goal: [0.86846122 0.0328855  0.55      ] | DriftLimit: 0.0766 | FloorLimit: 0.4519 ---
2026-04-24 08:56:18,044 - [ENV] - --- EPISODE START | Scenario: ASCEND | Start: [0.83854083 0.48665817 0.415     ] | Goal: [0.83854083 0.48665817 0.55      ] | DriftLimit: 0.0764 | FloorLimit: 0.4519 ---
2026-04-24 08:56:18,829 - [ENV] - TERMINATED (Ascend): Tube Drift = 0.0770m (Max 0.0764m) at step 25
2026-04-24 08:56:18,829 - [ENV] - Episode ended without success at step 25. Final dist: 0.1538m
2026-04-24 08:56:18,830 - [ENV] - --- EPISODE START | Scenario: DESCEND | Start: [1.07332256 0.14088523 0.55      ] | Goal: [1.07332256 0.14088523 0.41      ] | DriftLimit: 0.0764 | FloorLimit: 0.4520 ---
2026-04-24 08:56:52,063 - [ENV] - --- EPISODE START | Scenario: TRANSIT | Start: [0.63766133 0.38899696 0.55      ] | Goal: [1.07865489 0.20447512 0.55      ] | DriftLimit: 0.0763 | FloorLimit: 0.4520 ---
2026-04-24 08:56:56,246 - [ENV] - --- EPISODE START | Scenario: TRANSIT | Start: [1.02312667 0.50580065 0.55      ] | Goal: [0.7423326  0.26445513 0.55      ] | DriftLimit: 0.0762 | FloorLimit: 0.4521 ---
2026-04-24 08:57:00,331 - [ENV] - --- EPISODE START | Scenario: DESCEND | Start: [1.06503892 0.27346981 0.55      ] | Goal: [1.06503892 0.27346981 0.415     ] | DriftLimit: 0.0760 | FloorLimit: 0.4522 ---
2026-04-24 08:57:01,941 - [ENV] - TERMINATED (Descend): Tube Drift = 0.0765m (Max 0.0760m) at step 61
2026-04-24 08:57:01,941 - [ENV] - Episode ended without success at step 61. Final dist: 0.0784m
2026-04-24 08:57:01,941 - [ENV] - --- EPISODE START | Scenario: ASCEND | Start: [1.08106098 0.07054356 0.415     ] | Goal: [1.08106098 0.07054356 0.55      ] | DriftLimit: 0.0760 | FloorLimit: 0.4522 ---
2026-04-24 08:57:03,704 - [ENV] - TERMINATED (Ascend): Tube Drift = 0.0766m (Max 0.0759m) at step 64
2026-04-24 08:57:03,704 - [ENV] - Episode ended without success at step 64. Final dist: 0.1001m
2026-04-24 08:57:03,705 - [ENV] - --- EPISODE START | Scenario: ASCEND | Start: [1.13555977 0.4923414  0.415     ] | Goal: [1.13555977 0.4923414  0.55      ] | DriftLimit: 0.0759 | FloorLimit: 0.4522 ---
2026-04-24 08:57:04,029 - [ENV] - TERMINATED (Ascend): Tube Drift = 0.0987m (Max 0.0759m) at step 11
2026-04-24 08:57:04,029 - [ENV] - Episode ended without success at step 11. Final dist: 0.0998m
2026-04-24 08:57:04,030 - [ENV] - --- EPISODE START | Scenario: TRANSIT | Start: [0.70151037 0.17942694 0.55      ] | Goal: [0.95040393 0.31227187 0.55      ] | DriftLimit: 0.0759 | FloorLimit: 0.4522 ---
2026-04-24 08:57:08,592 - [ENV] - --- EPISODE START | Scenario: DESCEND | Start: [0.61948676 0.17916227 0.55      ] | Goal: [0.61948676 0.17916227 0.41      ] | DriftLimit: 0.0758 | FloorLimit: 0.4523 ---
2026-04-24 08:57:12,999 - [ENV] - --- EPISODE START | Scenario: DESCEND | Start: [ 0.7616316  -0.01369101  0.55      ] | Goal: [ 0.7616316  -0.01369101  0.41      ] | DriftLimit: 0.0757 | FloorLimit: 0.4524 ---
2026-04-24 08:57:17,512 - [ENV] - --- EPISODE START | Scenario: TRANSIT | Start: [1.0076773 0.5088625 0.55     ] | Goal: [0.81634074 0.42638692 0.55      ] | DriftLimit: 0.0755 | FloorLimit: 0.4524 ---
2026-04-24 08:57:22,178 - [ENV] - --- EPISODE START | Scenario: DESCEND | Start: [0.89547264 0.10585318 0.55      ] | Goal: [0.89547264 0.10585318 0.415     ] | DriftLimit: 0.0754 | FloorLimit: 0.4525 ---
2026-04-24 08:57:26,380 - [ENV] - --- EPISODE START | Scenario: ASCEND | Start: [0.83811173 0.37781524 0.415     ] | Goal: [0.83811173 0.37781524 0.55      ] | DriftLimit: 0.0753 | FloorLimit: 0.4526 ---
2026-04-24 08:57:30,884 - [ENV] - --- EPISODE START | Scenario: DESCEND | Start: [0.75461068 0.31354372 0.55      ] | Goal: [0.75461068 0.31354372 0.41      ] | DriftLimit: 0.0752 | FloorLimit: 0.4526 ---
2026-04-24 08:57:35,229 - [ENV] - --- EPISODE START | Scenario: DESCEND | Start: [0.9014177  0.45475126 0.55      ] | Goal: [0.9014177  0.45475126 0.415     ] | DriftLimit: 0.0750 | FloorLimit: 0.4527 ---
2026-04-24 08:57:39,442 - [ENV] - --- EPISODE START | Scenario: DESCEND | Start: [0.74693463 0.16286903 0.55      ] | Goal: [0.74693463 0.16286903 0.41      ] | DriftLimit: 0.0749 | FloorLimit: 0.4528 ---
2026-04-24 08:57:43,881 - [ENV] - --- EPISODE START | Scenario: TRANSIT | Start: [0.7634662  0.29923212 0.55      ] | Goal: [1.13147437 0.31202388 0.55      ] | DriftLimit: 0.0748 | FloorLimit: 0.4528 ---
2026-04-24 08:57:48,161 - [ENV] - --- EPISODE START | Scenario: DESCEND | Start: [0.70266541 0.20076386 0.55      ] | Goal: [0.70266541 0.20076386 0.41      ] | DriftLimit: 0.0746 | FloorLimit: 0.4529 ---
2026-04-24 08:57:52,621 - [ENV] - --- EPISODE START | Scenario: ASCEND | Start: [0.871515   0.45710742 0.415     ] | Goal: [0.871515   0.45710742 0.55      ] | DriftLimit: 0.0745 | FloorLimit: 0.4530 ---
2026-04-24 08:58:22,388 - [ENV] - --- EPISODE START | Scenario: DESCEND | Start: [1.07112444 0.4675222  0.55      ] | Goal: [1.07112444 0.4675222  0.415     ] | DriftLimit: 0.0744 | FloorLimit: 0.4531 ---
2026-04-24 08:58:26,243 - [ENV] - --- EPISODE START | Scenario: TRANSIT | Start: [1.11566923 0.37454581 0.55      ] | Goal: [0.66634628 0.44073729 0.55      ] | DriftLimit: 0.0743 | FloorLimit: 0.4531 ---
2026-04-24 08:58:30,664 - [ENV] - --- EPISODE START | Scenario: TRANSIT | Start: [0.81704793 0.18144661 0.55      ] | Goal: [0.6099062  0.36207657 0.55      ] | DriftLimit: 0.0741 | FloorLimit: 0.4532 ---
2026-04-24 08:58:31,170 - [ENV] - TERMINATED (Transit): Floor collision. Z = 0.4510m (Min 0.453m) at step 18
2026-04-24 08:58:31,170 - [ENV] - Episode ended without success at step 18. Final dist: 0.1046m
2026-04-24 08:58:31,171 - [ENV] - --- EPISODE START | Scenario: TRANSIT | Start: [1.15519862 0.29687617 0.55      ] | Goal: [1.07038406 0.19204624 0.55      ] | DriftLimit: 0.0741 | FloorLimit: 0.4532 ---
2026-04-24 08:58:35,636 - [ENV] - --- EPISODE START | Scenario: TRANSIT | Start: [0.73253191 0.06281407 0.55      ] | Goal: [0.82121235 0.49128418 0.55      ] | DriftLimit: 0.0740 | FloorLimit: 0.4533 ---
2026-04-24 08:58:35,758 - [ENV] - TERMINATED (Transit): Floor collision. Z = 0.4488m (Min 0.453m) at step 3
2026-04-24 08:58:35,758 - [ENV] - Episode ended without success at step 3. Final dist: 0.3642m
2026-04-24 08:58:35,759 - [ENV] - --- EPISODE START | Scenario: ASCEND | Start: [0.9516577  0.34491951 0.415     ] | Goal: [0.9516577  0.34491951 0.55      ] | DriftLimit: 0.0740 | FloorLimit: 0.4533 ---
2026-04-24 08:58:36,144 - [ENV] - TERMINATED (Ascend): Tube Drift = 0.0793m (Max 0.0740m) at step 7
2026-04-24 08:58:36,144 - [ENV] - Episode ended without success at step 7. Final dist: 0.1168m
2026-04-24 08:58:36,144 - [ENV] - --- EPISODE START | Scenario: ASCEND | Start: [1.02515672 0.29924218 0.415     ] | Goal: [1.02515672 0.29924218 0.55      ] | DriftLimit: 0.0740 | FloorLimit: 0.4533 ---
2026-04-24 08:58:36,922 - [ENV] - TERMINATED (Ascend): Tube Drift = 0.0791m (Max 0.0740m) at step 23
2026-04-24 08:58:36,922 - [ENV] - Episode ended without success at step 23. Final dist: 0.0838m
2026-04-24 08:58:36,923 - [ENV] - --- EPISODE START | Scenario: DESCEND | Start: [0.68414923 0.0926706  0.55      ] | Goal: [0.68414923 0.0926706  0.415     ] | DriftLimit: 0.0740 | FloorLimit: 0.4533 ---
2026-04-24 08:58:41,284 - [ENV] - --- EPISODE START | Scenario: DESCEND | Start: [0.79148893 0.14090454 0.55      ] | Goal: [0.79148893 0.14090454 0.415     ] | DriftLimit: 0.0738 | FloorLimit: 0.4534 ---
2026-04-24 08:58:45,721 - [ENV] - --- EPISODE START | Scenario: DESCEND | Start: [0.64844873 0.33596825 0.55      ] | Goal: [0.64844873 0.33596825 0.41      ] | DriftLimit: 0.0737 | FloorLimit: 0.4534 ---
2026-04-24 08:58:50,023 - [ENV] - --- EPISODE START | Scenario: ASCEND | Start: [0.90233917 0.12934664 0.415     ] | Goal: [0.90233917 0.12934664 0.55      ] | DriftLimit: 0.0736 | FloorLimit: 0.4535 ---
2026-04-24 08:58:54,423 - [ENV] - --- EPISODE START | Scenario: TRANSIT | Start: [1.13138853 0.41455835 0.55      ] | Goal: [1.02664718 0.52642442 0.55      ] | DriftLimit: 0.0735 | FloorLimit: 0.4536 ---
2026-04-24 08:58:58,854 - [ENV] - --- EPISODE START | Scenario: ASCEND | Start: [0.91819612 0.35617232 0.415     ] | Goal: [0.91819612 0.35617232 0.55      ] | DriftLimit: 0.0733 | FloorLimit: 0.4536 ---
2026-04-24 08:59:03,201 - [ENV] - --- EPISODE START | Scenario: ASCEND | Start: [0.74451135 0.17300511 0.415     ] | Goal: [0.74451135 0.17300511 0.55      ] | DriftLimit: 0.0732 | FloorLimit: 0.4537 ---
2026-04-24 08:59:07,590 - [ENV] - --- EPISODE START | Scenario: ASCEND | Start: [0.89016567 0.18112396 0.415     ] | Goal: [0.89016567 0.18112396 0.55      ] | DriftLimit: 0.0731 | FloorLimit: 0.4538 ---
2026-04-24 08:59:11,874 - [ENV] - --- EPISODE START | Scenario: DESCEND | Start: [0.74405118 0.45506875 0.55      ] | Goal: [0.74405118 0.45506875 0.415     ] | DriftLimit: 0.0729 | FloorLimit: 0.4538 ---
2026-04-24 08:59:16,128 - [ENV] - --- EPISODE START | Scenario: TRANSIT | Start: [0.64883754 0.09227579 0.55      ] | Goal: [0.96165259 0.09230724 0.55      ] | DriftLimit: 0.0728 | FloorLimit: 0.4539 ---
2026-04-24 08:59:20,594 - [ENV] - --- EPISODE START | Scenario: ASCEND | Start: [0.7670985  0.27125856 0.415     ] | Goal: [0.7670985  0.27125856 0.55      ] | DriftLimit: 0.0727 | FloorLimit: 0.4540 ---
2026-04-24 08:59:21,156 - [ENV] - TERMINATED (Ascend): Tube Drift = 0.0727m (Max 0.0727m) at step 14
2026-04-24 08:59:21,156 - [ENV] - Episode ended without success at step 14. Final dist: 0.1104m
2026-04-24 08:59:21,157 - [ENV] - --- EPISODE START | Scenario: TRANSIT | Start: [0.85251906 0.52493433 0.55      ] | Goal: [0.99618997 0.47700862 0.55      ] | DriftLimit: 0.0727 | FloorLimit: 0.4540 ---
2026-04-24 08:59:52,173 - [ENV] - --- EPISODE START | Scenario: ASCEND | Start: [1.01369576 0.41954709 0.415     ] | Goal: [1.01369576 0.41954709 0.55      ] | DriftLimit: 0.0725 | FloorLimit: 0.4541 ---
2026-04-24 08:59:56,073 - [ENV] - --- EPISODE START | Scenario: TRANSIT | Start: [1.11946493 0.19222267 0.55      ] | Goal: [0.91266325 0.54310118 0.55      ] | DriftLimit: 0.0724 | FloorLimit: 0.4541 ---
2026-04-24 09:00:00,000 - [ENV] - --- EPISODE START | Scenario: TRANSIT | Start: [0.94000615 0.01742469 0.55      ] | Goal: [0.89230316 0.25269    0.55      ] | DriftLimit: 0.0723 | FloorLimit: 0.4542 ---
2026-04-24 09:00:04,487 - [ENV] - --- EPISODE START | Scenario: ASCEND | Start: [1.12325841 0.06577306 0.415     ] | Goal: [1.12325841 0.06577306 0.55      ] | DriftLimit: 0.0722 | FloorLimit: 0.4543 ---
2026-04-24 09:00:08,972 - [ENV] - --- EPISODE START | Scenario: TRANSIT | Start: [0.69299343 0.10719197 0.55      ] | Goal: [0.74987918 0.36721936 0.55      ] | DriftLimit: 0.0720 | FloorLimit: 0.4543 ---
2026-04-24 09:00:13,408 - [ENV] - --- EPISODE START | Scenario: DESCEND | Start: [0.67950187 0.44534247 0.55      ] | Goal: [0.67950187 0.44534247 0.41      ] | DriftLimit: 0.0719 | FloorLimit: 0.4544 ---
2026-04-24 09:00:17,814 - [ENV] - --- EPISODE START | Scenario: TRANSIT | Start: [0.84956573 0.29207585 0.55      ] | Goal: [0.81843714 0.12601785 0.55      ] | DriftLimit: 0.0718 | FloorLimit: 0.4545 ---
2026-04-24 09:00:22,141 - [ENV] - --- EPISODE START | Scenario: DESCEND | Start: [0.86339488 0.41346481 0.55      ] | Goal: [0.86339488 0.41346481 0.415     ] | DriftLimit: 0.0716 | FloorLimit: 0.4546 ---
2026-04-24 09:00:26,545 - [ENV] - --- EPISODE START | Scenario: TRANSIT | Start: [1.08901302 0.26489137 0.55      ] | Goal: [1.00733175e+00 8.74437112e-04 5.50000000e-01] | DriftLimit: 0.0715 | FloorLimit: 0.4546 ---
2026-04-24 09:00:30,876 - [ENV] - --- EPISODE START | Scenario: ASCEND | Start: [0.82739374 0.39022236 0.415     ] | Goal: [0.82739374 0.39022236 0.55      ] | DriftLimit: 0.0714 | FloorLimit: 0.4547 ---
2026-04-24 09:00:35,182 - [ENV] - --- EPISODE START | Scenario: ASCEND | Start: [0.94961576 0.24570038 0.415     ] | Goal: [0.94961576 0.24570038 0.55      ] | DriftLimit: 0.0713 | FloorLimit: 0.4548 ---
2026-04-24 09:00:35,768 - [ENV] - TERMINATED (Ascend): Tube Drift = 0.0732m (Max 0.0713m) at step 18
2026-04-24 09:00:35,769 - [ENV] - Episode ended without success at step 18. Final dist: 0.1216m
2026-04-24 09:00:35,769 - [ENV] - --- EPISODE START | Scenario: DESCEND | Start: [1.11089219 0.34066784 0.55      ] | Goal: [1.11089219 0.34066784 0.415     ] | DriftLimit: 0.0713 | FloorLimit: 0.4548 ---
2026-04-24 09:00:39,332 - [ENV] - SUCCESS: Goal reached in 145 steps. Dist = 0.0100m
2026-04-24 09:00:39,333 - [ENV] - --- EPISODE START | Scenario: TRANSIT | Start: [0.81690813 0.09503464 0.55      ] | Goal: [1.01598797 0.38845511 0.55      ] | DriftLimit: 0.0711 | FloorLimit: 0.4548 ---
2026-04-24 09:00:43,834 - [ENV] - --- EPISODE START | Scenario: DESCEND | Start: [0.8957418  0.29091369 0.55      ] | Goal: [0.8957418  0.29091369 0.41      ] | DriftLimit: 0.0710 | FloorLimit: 0.4549 ---
2026-04-24 09:00:48,136 - [ENV] - --- EPISODE START | Scenario: DESCEND | Start: [0.75643756 0.1268613  0.55      ] | Goal: [0.75643756 0.1268613  0.41      ] | DriftLimit: 0.0709 | FloorLimit: 0.4550 ---
2026-04-24 09:01:23,703 - [ENV] - --- EPISODE START | Scenario: DESCEND | Start: [0.61089015 0.24058317 0.55      ] | Goal: [0.61089015 0.24058317 0.41      ] | DriftLimit: 0.0708 | FloorLimit: 0.4550 ---
2026-04-24 09:01:27,696 - [ENV] - --- EPISODE START | Scenario: DESCEND | Start: [0.89059497 0.07636559 0.55      ] | Goal: [0.89059497 0.07636559 0.41      ] | DriftLimit: 0.0706 | FloorLimit: 0.4551 ---
2026-04-24 09:01:32,576 - [ENV] - --- EPISODE START | Scenario: DESCEND | Start: [0.71114205 0.38213962 0.55      ] | Goal: [0.71114205 0.38213962 0.41      ] | DriftLimit: 0.0705 | FloorLimit: 0.4552 ---
2026-04-24 09:01:37,119 - [ENV] - --- EPISODE START | Scenario: ASCEND | Start: [0.68490945 0.09992343 0.415     ] | Goal: [0.68490945 0.09992343 0.55      ] | DriftLimit: 0.0704 | FloorLimit: 0.4553 ---
2026-04-24 09:01:37,549 - [ENV] - TERMINATED (Ascend): Tube Drift = 0.0777m (Max 0.0704m) at step 15
2026-04-24 09:01:37,550 - [ENV] - Episode ended without success at step 15. Final dist: 0.1519m
2026-04-24 09:01:37,550 - [ENV] - --- EPISODE START | Scenario: ASCEND | Start: [0.7490242  0.29008794 0.415     ] | Goal: [0.7490242  0.29008794 0.55      ] | DriftLimit: 0.0704 | FloorLimit: 0.4553 ---
2026-04-24 09:01:42,157 - [ENV] - --- EPISODE START | Scenario: DESCEND | Start: [0.99475152 0.47114598 0.55      ] | Goal: [0.99475152 0.47114598 0.415     ] | DriftLimit: 0.0702 | FloorLimit: 0.4553 ---
2026-04-24 09:01:42,612 - [ENV] - SUCCESS: Goal reached in 17 steps. Dist = 0.0099m
2026-04-24 09:01:42,613 - [ENV] - --- EPISODE START | Scenario: TRANSIT | Start: [0.91487203 0.36473562 0.55      ] | Goal: [1.15879772 0.47101271 0.55      ] | DriftLimit: 0.0702 | FloorLimit: 0.4553 ---
2026-04-24 09:01:47,013 - [ENV] - --- EPISODE START | Scenario: ASCEND | Start: [0.62835859 0.4885803  0.415     ] | Goal: [0.62835859 0.4885803  0.55      ] | DriftLimit: 0.0701 | FloorLimit: 0.4554 ---
2026-04-24 09:01:51,455 - [ENV] - --- EPISODE START | Scenario: ASCEND | Start: [0.92289961 0.13772718 0.415     ] | Goal: [0.92289961 0.13772718 0.55      ] | DriftLimit: 0.0700 | FloorLimit: 0.4555 ---
2026-04-24 09:01:52,775 - [ENV] - TERMINATED (Ascend): Tube Drift = 0.0715m (Max 0.0699m) at step 50
2026-04-24 09:01:52,776 - [ENV] - Episode ended without success at step 50. Final dist: 0.2999m
2026-04-24 09:01:52,776 - [ENV] - --- EPISODE START | Scenario: ASCEND | Start: [0.7485888  0.44478875 0.415     ] | Goal: [0.7485888  0.44478875 0.55      ] | DriftLimit: 0.0699 | FloorLimit: 0.4555 ---
2026-04-24 09:01:53,809 - [ENV] - TERMINATED (Ascend): Tube Drift = 0.0847m (Max 0.0699m) at step 41
2026-04-24 09:01:53,810 - [ENV] - Episode ended without success at step 41. Final dist: 0.1305m
2026-04-24 09:01:53,810 - [ENV] - --- EPISODE START | Scenario: DESCEND | Start: [0.96082219 0.53007421 0.55      ] | Goal: [0.96082219 0.53007421 0.41      ] | DriftLimit: 0.0699 | FloorLimit: 0.4555 ---
2026-04-24 09:01:54,407 - [ENV] - SUCCESS: Goal reached in 17 steps. Dist = 0.0099m
2026-04-24 09:01:54,408 - [ENV] - --- EPISODE START | Scenario: TRANSIT | Start: [0.63262043 0.2032426  0.55      ] | Goal: [0.84198147 0.47600936 0.55      ] | DriftLimit: 0.0699 | FloorLimit: 0.4555 ---
2026-04-24 09:01:58,711 - [ENV] - --- EPISODE START | Scenario: DESCEND | Start: [0.65318144 0.52619281 0.55      ] | Goal: [0.65318144 0.52619281 0.415     ] | DriftLimit: 0.0698 | FloorLimit: 0.4556 ---
2026-04-24 09:02:03,041 - [ENV] - --- EPISODE START | Scenario: DESCEND | Start: [1.0790401 0.4585871 0.55     ] | Goal: [1.0790401 0.4585871 0.415    ] | DriftLimit: 0.0696 | FloorLimit: 0.4557 ---
2026-04-24 09:02:03,577 - [ENV] - SUCCESS: Goal reached in 22 steps. Dist = 0.0098m
2026-04-24 09:02:03,577 - [ENV] - --- EPISODE START | Scenario: ASCEND | Start: [1.10613444 0.40032543 0.415     ] | Goal: [1.10613444 0.40032543 0.55      ] | DriftLimit: 0.0696 | FloorLimit: 0.4557 ---
2026-04-24 09:02:06,051 - [ENV] - SUCCESS: Goal reached in 101 steps. Dist = 0.0079m
2026-04-24 09:02:06,052 - [ENV] - --- EPISODE START | Scenario: ASCEND | Start: [1.14197127 0.17602883 0.415     ] | Goal: [1.14197127 0.17602883 0.55      ] | DriftLimit: 0.0695 | FloorLimit: 0.4557 ---
2026-04-24 09:02:06,589 - [ENV] - TERMINATED (Ascend): Tube Drift = 0.0705m (Max 0.0695m) at step 20
2026-04-24 09:02:06,589 - [ENV] - Episode ended without success at step 20. Final dist: 0.1411m
2026-04-24 09:02:06,590 - [ENV] - --- EPISODE START | Scenario: TRANSIT | Start: [1.07915773 0.08939092 0.55      ] | Goal: [1.04553041 0.4882784  0.55      ] | DriftLimit: 0.0695 | FloorLimit: 0.4557 ---
2026-04-24 09:02:06,741 - [ENV] - TERMINATED (Transit): Floor collision. Z = 0.4536m (Min 0.456m) at step 3
2026-04-24 09:02:06,742 - [ENV] - Episode ended without success at step 3. Final dist: 0.3181m
2026-04-24 09:02:06,742 - [ENV] - --- EPISODE START | Scenario: DESCEND | Start: [0.85921442 0.12739741 0.55      ] | Goal: [0.85921442 0.12739741 0.41      ] | DriftLimit: 0.0695 | FloorLimit: 0.4557 ---
2026-04-24 09:02:11,513 - [ENV] - --- EPISODE START | Scenario: ASCEND | Start: [0.88584591 0.20486166 0.415     ] | Goal: [0.88584591 0.20486166 0.55      ] | DriftLimit: 0.0694 | FloorLimit: 0.4558 ---
2026-04-24 09:02:12,008 - [ENV] - TERMINATED (Ascend): Tube Drift = 0.0735m (Max 0.0694m) at step 17
2026-04-24 09:02:12,008 - [ENV] - Episode ended without success at step 17. Final dist: 0.0831m
2026-04-24 09:02:12,008 - [ENV] - --- EPISODE START | Scenario: TRANSIT | Start: [0.82369759 0.09692496 0.55      ] | Goal: [1.03475689 0.03906403 0.55      ] | DriftLimit: 0.0694 | FloorLimit: 0.4558 ---
2026-04-24 09:02:16,230 - [ENV] - --- EPISODE START | Scenario: DESCEND | Start: [0.75301695 0.4307598  0.55      ] | Goal: [0.75301695 0.4307598  0.41      ] | DriftLimit: 0.0693 | FloorLimit: 0.4559 ---
2026-04-24 09:02:20,687 - [ENV] - --- EPISODE START | Scenario: TRANSIT | Start: [0.76391387 0.14707517 0.55      ] | Goal: [0.85557955 0.06050795 0.55      ] | DriftLimit: 0.0691 | FloorLimit: 0.4559 ---
2026-04-24 09:02:59,537 - [ENV] - --- EPISODE START | Scenario: DESCEND | Start: [0.98493002 0.4731367  0.55      ] | Goal: [0.98493002 0.4731367  0.415     ] | DriftLimit: 0.0690 | FloorLimit: 0.4560 ---
2026-04-24 09:03:03,430 - [ENV] - --- EPISODE START | Scenario: ASCEND | Start: [0.8084883  0.49591098 0.415     ] | Goal: [0.8084883  0.49591098 0.55      ] | DriftLimit: 0.0689 | FloorLimit: 0.4561 ---
2026-04-24 09:03:05,478 - [ENV] - TERMINATED (Ascend): Tube Drift = 0.0806m (Max 0.0688m) at step 91
2026-04-24 09:03:05,478 - [ENV] - Episode ended without success at step 91. Final dist: 0.1145m
2026-04-24 09:03:05,479 - [ENV] - --- EPISODE START | Scenario: ASCEND | Start: [0.89967039 0.11183038 0.415     ] | Goal: [0.89967039 0.11183038 0.55      ] | DriftLimit: 0.0688 | FloorLimit: 0.4561 ---
2026-04-24 09:03:06,037 - [ENV] - TERMINATED (Ascend): Tube Drift = 0.0698m (Max 0.0688m) at step 23
2026-04-24 09:03:06,037 - [ENV] - Episode ended without success at step 23. Final dist: 0.0772m
2026-04-24 09:03:06,038 - [ENV] - --- EPISODE START | Scenario: ASCEND | Start: [ 1.14150606 -0.01108304  0.415     ] | Goal: [ 1.14150606 -0.01108304  0.55      ] | DriftLimit: 0.0688 | FloorLimit: 0.4561 ---
2026-04-24 09:03:10,219 - [ENV] - --- EPISODE START | Scenario: DESCEND | Start: [0.94403823 0.28373034 0.55      ] | Goal: [0.94403823 0.28373034 0.41      ] | DriftLimit: 0.0687 | FloorLimit: 0.4562 ---
2026-04-24 09:03:14,672 - [ENV] - --- EPISODE START | Scenario: ASCEND | Start: [0.74448061 0.41911687 0.415     ] | Goal: [0.74448061 0.41911687 0.55      ] | DriftLimit: 0.0685 | FloorLimit: 0.4563 ---
2026-04-24 09:03:16,091 - [ENV] - TERMINATED (Ascend): Tube Drift = 0.0690m (Max 0.0685m) at step 52
2026-04-24 09:03:16,091 - [ENV] - Episode ended without success at step 52. Final dist: 0.0824m
2026-04-24 09:03:16,092 - [ENV] - --- EPISODE START | Scenario: DESCEND | Start: [0.87155207 0.30068534 0.55      ] | Goal: [0.87155207 0.30068534 0.41      ] | DriftLimit: 0.0685 | FloorLimit: 0.4563 ---
2026-04-24 09:03:20,672 - [ENV] - --- EPISODE START | Scenario: DESCEND | Start: [0.87551347 0.00130429 0.55      ] | Goal: [0.87551347 0.00130429 0.41      ] | DriftLimit: 0.0684 | FloorLimit: 0.4563 ---
2026-04-24 09:03:24,934 - [ENV] - --- EPISODE START | Scenario: TRANSIT | Start: [0.95407055 0.19877258 0.55      ] | Goal: [1.0250164  0.38651265 0.55      ] | DriftLimit: 0.0682 | FloorLimit: 0.4564 ---
2026-04-24 09:03:29,335 - [ENV] - --- EPISODE START | Scenario: TRANSIT | Start: [0.64052043 0.19734071 0.55      ] | Goal: [1.12245591 0.24256529 0.55      ] | DriftLimit: 0.0681 | FloorLimit: 0.4565 ---
2026-04-24 09:03:33,998 - [ENV] - --- EPISODE START | Scenario: TRANSIT | Start: [0.97598698 0.0908361  0.55      ] | Goal: [1.07818071 0.51497861 0.55      ] | DriftLimit: 0.0680 | FloorLimit: 0.4566 ---
2026-04-24 09:03:38,411 - [ENV] - --- EPISODE START | Scenario: ASCEND | Start: [1.01289544 0.32861393 0.415     ] | Goal: [1.01289544 0.32861393 0.55      ] | DriftLimit: 0.0678 | FloorLimit: 0.4566 ---
2026-04-24 09:03:42,962 - [ENV] - --- EPISODE START | Scenario: DESCEND | Start: [0.79093253 0.25400705 0.55      ] | Goal: [0.79093253 0.25400705 0.415     ] | DriftLimit: 0.0677 | FloorLimit: 0.4567 ---
2026-04-24 09:03:47,554 - [ENV] - --- EPISODE START | Scenario: DESCEND | Start: [0.92617421 0.06307376 0.55      ] | Goal: [0.92617421 0.06307376 0.415     ] | DriftLimit: 0.0676 | FloorLimit: 0.4568 ---
2026-04-24 09:03:47,762 - [ENV] - SUCCESS: Goal reached in 5 steps. Dist = 0.0088m
2026-04-24 09:03:47,763 - [ENV] - --- EPISODE START | Scenario: DESCEND | Start: [1.0212713  0.26814841 0.55      ] | Goal: [1.0212713  0.26814841 0.415     ] | DriftLimit: 0.0676 | FloorLimit: 0.4568 ---
2026-04-24 09:03:52,104 - [ENV] - --- EPISODE START | Scenario: TRANSIT | Start: [0.86380415 0.28539837 0.55      ] | Goal: [1.15171014 0.29545517 0.55      ] | DriftLimit: 0.0675 | FloorLimit: 0.4568 ---
2026-04-24 09:03:56,520 - [ENV] - --- EPISODE START | Scenario: TRANSIT | Start: [0.86407019 0.35829583 0.55      ] | Goal: [1.01551825 0.32160407 0.55      ] | DriftLimit: 0.0673 | FloorLimit: 0.4569 ---
2026-04-24 09:04:00,955 - [ENV] - --- EPISODE START | Scenario: DESCEND | Start: [0.84192748 0.47291509 0.55      ] | Goal: [0.84192748 0.47291509 0.415     ] | DriftLimit: 0.0672 | FloorLimit: 0.4570 ---
2026-04-24 09:04:01,176 - [ENV] - SUCCESS: Goal reached in 7 steps. Dist = 0.0098m
2026-04-24 09:04:01,177 - [ENV] - --- EPISODE START | Scenario: TRANSIT | Start: [0.7168984  0.38694257 0.55      ] | Goal: [1.14258812 0.26320498 0.55      ] | DriftLimit: 0.0672 | FloorLimit: 0.4570 ---
2026-04-24 09:04:40,706 - [ENV] - --- EPISODE START | Scenario: ASCEND | Start: [0.75752949 0.09575451 0.415     ] | Goal: [0.75752949 0.09575451 0.55      ] | DriftLimit: 0.0671 | FloorLimit: 0.4571 ---
2026-04-24 09:04:44,662 - [ENV] - --- EPISODE START | Scenario: DESCEND | Start: [1.13427533 0.25204518 0.55      ] | Goal: [1.13427533 0.25204518 0.415     ] | DriftLimit: 0.0669 | FloorLimit: 0.4571 ---
2026-04-24 09:04:44,831 - [ENV] - SUCCESS: Goal reached in 5 steps. Dist = 0.0099m
2026-04-24 09:04:44,832 - [ENV] - --- EPISODE START | Scenario: DESCEND | Start: [0.9127221  0.03495989 0.55      ] | Goal: [0.9127221  0.03495989 0.41      ] | DriftLimit: 0.0669 | FloorLimit: 0.4571 ---
2026-04-24 09:04:45,068 - [ENV] - SUCCESS: Goal reached in 10 steps. Dist = 0.0098m
2026-04-24 09:04:45,069 - [ENV] - --- EPISODE START | Scenario: DESCEND | Start: [0.61651634 0.33556754 0.55      ] | Goal: [0.61651634 0.33556754 0.415     ] | DriftLimit: 0.0669 | FloorLimit: 0.4571 ---
2026-04-24 09:04:49,512 - [ENV] - --- EPISODE START | Scenario: TRANSIT | Start: [1.01313838 0.44565088 0.55      ] | Goal: [0.89210881 0.09078527 0.55      ] | DriftLimit: 0.0668 | FloorLimit: 0.4572 ---
2026-04-24 09:04:54,089 - [ENV] - --- EPISODE START | Scenario: TRANSIT | Start: [1.09449547 0.06633914 0.55      ] | Goal: [1.07805484 0.27480757 0.55      ] | DriftLimit: 0.0667 | FloorLimit: 0.4573 ---
2026-04-24 09:04:58,734 - [ENV] - --- EPISODE START | Scenario: TRANSIT | Start: [0.69998831 0.21394654 0.55      ] | Goal: [0.79665723 0.04650826 0.55      ] | DriftLimit: 0.0665 | FloorLimit: 0.4573 ---
2026-04-24 09:04:58,973 - [ENV] - SUCCESS: Goal reached in 6 steps. Dist = 0.0118m
2026-04-24 09:04:58,973 - [ENV] - --- EPISODE START | Scenario: ASCEND | Start: [0.76573104 0.24104872 0.415     ] | Goal: [0.76573104 0.24104872 0.55      ] | DriftLimit: 0.0665 | FloorLimit: 0.4573 ---
2026-04-24 09:05:03,110 - [ENV] - TERMINATED (Ascend): Tube Drift = 0.0723m (Max 0.0664m) at step 155
2026-04-24 09:05:03,110 - [ENV] - Episode ended without success at step 155. Final dist: 0.1534m
2026-04-24 09:05:03,111 - [ENV] - --- EPISODE START | Scenario: ASCEND | Start: [1.01654219 0.48482098 0.415     ] | Goal: [1.01654219 0.48482098 0.55      ] | DriftLimit: 0.0664 | FloorLimit: 0.4574 ---
2026-04-24 09:05:04,211 - [ENV] - TERMINATED (Ascend): Tube Drift = 0.0675m (Max 0.0664m) at step 42
2026-04-24 09:05:04,211 - [ENV] - Episode ended without success at step 42. Final dist: 0.0990m
2026-04-24 09:05:04,213 - [ENV] - --- EPISODE START | Scenario: ASCEND | Start: [ 1.00981227 -0.00335409  0.415     ] | Goal: [ 1.00981227 -0.00335409  0.55      ] | DriftLimit: 0.0664 | FloorLimit: 0.4574 ---
2026-04-24 09:05:04,444 - [ENV] - TERMINATED (Ascend): Tube Drift = 0.0668m (Max 0.0664m) at step 6
2026-04-24 09:05:04,445 - [ENV] - Episode ended without success at step 6. Final dist: 0.1438m
2026-04-24 09:05:04,446 - [ENV] - --- EPISODE START | Scenario: ASCEND | Start: [0.7924531  0.46944554 0.415     ] | Goal: [0.7924531  0.46944554 0.55      ] | DriftLimit: 0.0664 | FloorLimit: 0.4574 ---
2026-04-24 09:05:08,915 - [ENV] - --- EPISODE START | Scenario: DESCEND | Start: [0.950848   0.16829312 0.55      ] | Goal: [0.950848   0.16829312 0.41      ] | DriftLimit: 0.0663 | FloorLimit: 0.4575 ---
2026-04-24 09:05:13,657 - [ENV] - --- EPISODE START | Scenario: TRANSIT | Start: [1.09943238 0.13672308 0.55      ] | Goal: [0.72933613 0.43696981 0.55      ] | DriftLimit: 0.0661 | FloorLimit: 0.4576 ---
2026-04-24 09:05:18,024 - [ENV] - --- EPISODE START | Scenario: TRANSIT | Start: [0.72140589 0.21017933 0.55      ] | Goal: [0.82471856 0.19120909 0.55      ] | DriftLimit: 0.0660 | FloorLimit: 0.4576 ---
2026-04-24 09:05:22,390 - [ENV] - --- EPISODE START | Scenario: ASCEND | Start: [0.68802621 0.34443502 0.415     ] | Goal: [0.68802621 0.34443502 0.55      ] | DriftLimit: 0.0659 | FloorLimit: 0.4577 ---
2026-04-24 09:05:22,764 - [ENV] - TERMINATED (Ascend): Tube Drift = 0.0677m (Max 0.0659m) at step 11
2026-04-24 09:05:22,764 - [ENV] - Episode ended without success at step 11. Final dist: 0.1121m
2026-04-24 09:05:22,765 - [ENV] - --- EPISODE START | Scenario: ASCEND | Start: [0.98090537 0.11392256 0.415     ] | Goal: [0.98090537 0.11392256 0.55      ] | DriftLimit: 0.0659 | FloorLimit: 0.4577 ---
2026-04-24 09:05:23,404 - [ENV] - TERMINATED (Ascend): Tube Drift = 0.0719m (Max 0.0659m) at step 25
2026-04-24 09:05:23,405 - [ENV] - Episode ended without success at step 25. Final dist: 0.1727m
2026-04-24 09:05:23,405 - [ENV] - --- EPISODE START | Scenario: TRANSIT | Start: [0.77678793 0.38920529 0.55      ] | Goal: [9.57708276e-01 7.82550724e-04 5.50000000e-01] | DriftLimit: 0.0659 | FloorLimit: 0.4577 ---
2026-04-24 09:05:27,663 - [ENV] - --- EPISODE START | Scenario: ASCEND | Start: [0.67951872 0.22472024 0.415     ] | Goal: [0.67951872 0.22472024 0.55      ] | DriftLimit: 0.0657 | FloorLimit: 0.4578 ---
2026-04-24 09:05:28,753 - [ENV] - TERMINATED (Ascend): Tube Drift = 0.0662m (Max 0.0657m) at step 40
2026-04-24 09:05:28,753 - [ENV] - Episode ended without success at step 40. Final dist: 0.1472m
2026-04-24 09:05:28,753 - [ENV] - --- EPISODE START | Scenario: ASCEND | Start: [0.98929198 0.38013426 0.415     ] | Goal: [0.98929198 0.38013426 0.55      ] | DriftLimit: 0.0657 | FloorLimit: 0.4578 ---
2026-04-24 09:05:33,204 - [ENV] - --- EPISODE START | Scenario: TRANSIT | Start: [1.04726723 0.51172241 0.55      ] | Goal: [1.07801445 0.08423237 0.55      ] | DriftLimit: 0.0656 | FloorLimit: 0.4579 ---
2026-04-24 09:05:37,523 - [ENV] - --- EPISODE START | Scenario: ASCEND | Start: [ 0.63050459 -0.00823728  0.415     ] | Goal: [ 0.63050459 -0.00823728  0.55      ] | DriftLimit: 0.0654 | FloorLimit: 0.4579 ---
2026-04-24 09:06:17,017 - [ENV] - --- EPISODE START | Scenario: TRANSIT | Start: [1.12363088 0.02512601 0.55      ] | Goal: [1.10953767 0.39302268 0.55      ] | DriftLimit: 0.0653 | FloorLimit: 0.4580 ---
2026-04-24 09:06:21,117 - [ENV] - --- EPISODE START | Scenario: DESCEND | Start: [0.91220559 0.14649558 0.55      ] | Goal: [0.91220559 0.14649558 0.41      ] | DriftLimit: 0.0652 | FloorLimit: 0.4581 ---
2026-04-24 09:06:25,243 - [ENV] - --- EPISODE START | Scenario: TRANSIT | Start: [0.85184205 0.47037341 0.55      ] | Goal: [0.81191354 0.2678273  0.55      ] | DriftLimit: 0.0651 | FloorLimit: 0.4582 ---
2026-04-24 09:06:29,717 - [ENV] - --- EPISODE START | Scenario: ASCEND | Start: [0.66073683 0.1581325  0.415     ] | Goal: [0.66073683 0.1581325  0.55      ] | DriftLimit: 0.0649 | FloorLimit: 0.4582 ---
2026-04-24 09:06:30,443 - [ENV] - TERMINATED (Ascend): Tube Drift = 0.0658m (Max 0.0649m) at step 25
2026-04-24 09:06:30,443 - [ENV] - Episode ended without success at step 25. Final dist: 0.1445m
2026-04-24 09:06:30,444 - [ENV] - --- EPISODE START | Scenario: DESCEND | Start: [0.83618302 0.09092696 0.55      ] | Goal: [0.83618302 0.09092696 0.41      ] | DriftLimit: 0.0649 | FloorLimit: 0.4582 ---
2026-04-24 09:06:34,967 - [ENV] - --- EPISODE START | Scenario: DESCEND | Start: [0.68187759 0.23046908 0.55      ] | Goal: [0.68187759 0.23046908 0.415     ] | DriftLimit: 0.0648 | FloorLimit: 0.4583 ---
2026-04-24 09:06:39,423 - [ENV] - --- EPISODE START | Scenario: DESCEND | Start: [1.00507262 0.05800566 0.55      ] | Goal: [1.00507262 0.05800566 0.41      ] | DriftLimit: 0.0646 | FloorLimit: 0.4584 ---
2026-04-24 09:06:39,667 - [ENV] - SUCCESS: Goal reached in 7 steps. Dist = 0.0096m
2026-04-24 09:06:39,668 - [ENV] - --- EPISODE START | Scenario: DESCEND | Start: [0.94436785 0.44978711 0.55      ] | Goal: [0.94436785 0.44978711 0.415     ] | DriftLimit: 0.0646 | FloorLimit: 0.4584 ---
2026-04-24 09:06:39,854 - [ENV] - SUCCESS: Goal reached in 4 steps. Dist = 0.0076m
2026-04-24 09:06:39,854 - [ENV] - --- EPISODE START | Scenario: DESCEND | Start: [0.77603632 0.00465251 0.55      ] | Goal: [0.77603632 0.00465251 0.41      ] | DriftLimit: 0.0646 | FloorLimit: 0.4584 ---
2026-04-24 09:06:44,230 - [ENV] - --- EPISODE START | Scenario: TRANSIT | Start: [1.09199466 0.33992497 0.55      ] | Goal: [0.92156728 0.37055741 0.55      ] | DriftLimit: 0.0645 | FloorLimit: 0.4584 ---
2026-04-24 09:06:48,513 - [ENV] - --- EPISODE START | Scenario: TRANSIT | Start: [ 1.01052754 -0.00233086  0.55      ] | Goal: [0.82885764 0.26198205 0.55      ] | DriftLimit: 0.0644 | FloorLimit: 0.4585 ---
2026-04-24 09:06:52,782 - [ENV] - --- EPISODE START | Scenario: ASCEND | Start: [1.1343595  0.46480762 0.415     ] | Goal: [1.1343595  0.46480762 0.55      ] | DriftLimit: 0.0643 | FloorLimit: 0.4586 ---
2026-04-24 09:06:53,470 - [ENV] - TERMINATED (Ascend): Tube Drift = 0.0655m (Max 0.0642m) at step 20
2026-04-24 09:06:53,470 - [ENV] - Episode ended without success at step 20. Final dist: 0.0701m
2026-04-24 09:06:53,471 - [ENV] - --- EPISODE START | Scenario: ASCEND | Start: [1.076656   0.00126421 0.415     ] | Goal: [1.076656   0.00126421 0.55      ] | DriftLimit: 0.0642 | FloorLimit: 0.4586 ---
2026-04-24 09:06:54,152 - [ENV] - TERMINATED (Ascend): Tube Drift = 0.0688m (Max 0.0642m) at step 25
2026-04-24 09:06:54,153 - [ENV] - Episode ended without success at step 25. Final dist: 0.1277m
2026-04-24 09:06:54,153 - [ENV] - --- EPISODE START | Scenario: DESCEND | Start: [0.61248438 0.27090243 0.55      ] | Goal: [0.61248438 0.27090243 0.415     ] | DriftLimit: 0.0642 | FloorLimit: 0.4586 ---
2026-04-24 09:06:58,400 - [ENV] - --- EPISODE START | Scenario: DESCEND | Start: [1.03024328 0.38464052 0.55      ] | Goal: [1.03024328 0.38464052 0.41      ] | DriftLimit: 0.0641 | FloorLimit: 0.4587 ---
2026-04-24 09:07:02,803 - [ENV] - --- EPISODE START | Scenario: TRANSIT | Start: [0.82467491 0.33485318 0.55      ] | Goal: [0.62157459 0.38727025 0.55      ] | DriftLimit: 0.0640 | FloorLimit: 0.4587 ---
2026-04-24 09:07:07,218 - [ENV] - --- EPISODE START | Scenario: ASCEND | Start: [0.62393642 0.18340447 0.415     ] | Goal: [0.62393642 0.18340447 0.55      ] | DriftLimit: 0.0638 | FloorLimit: 0.4588 ---
2026-04-24 09:07:07,479 - [ENV] - TERMINATED (Ascend): Tube Drift = 0.0693m (Max 0.0638m) at step 7
2026-04-24 09:07:07,479 - [ENV] - Episode ended without success at step 7. Final dist: 0.1460m
2026-04-24 09:07:07,479 - [ENV] - --- EPISODE START | Scenario: DESCEND | Start: [0.69062999 0.38922244 0.55      ] | Goal: [0.69062999 0.38922244 0.415     ] | DriftLimit: 0.0638 | FloorLimit: 0.4588 ---
2026-04-24 09:07:11,796 - [ENV] - --- EPISODE START | Scenario: ASCEND | Start: [0.91266226 0.28506487 0.415     ] | Goal: [0.91266226 0.28506487 0.55      ] | DriftLimit: 0.0637 | FloorLimit: 0.4589 ---
2026-04-24 09:07:16,396 - [ENV] - --- EPISODE START | Scenario: TRANSIT | Start: [0.74762867 0.24787166 0.55      ] | Goal: [1.03695344 0.32670427 0.55      ] | DriftLimit: 0.0636 | FloorLimit: 0.4590 ---
2026-04-24 09:07:55,817 - [ENV] - --- EPISODE START | Scenario: TRANSIT | Start: [0.83067399 0.1905161  0.55      ] | Goal: [1.02427862 0.34100015 0.55      ] | DriftLimit: 0.0634 | FloorLimit: 0.4590 ---
2026-04-24 09:07:59,510 - [ENV] - --- EPISODE START | Scenario: DESCEND | Start: [0.77276075 0.0200838  0.55      ] | Goal: [0.77276075 0.0200838  0.415     ] | DriftLimit: 0.0633 | FloorLimit: 0.4591 ---
2026-04-24 09:08:04,050 - [ENV] - --- EPISODE START | Scenario: TRANSIT | Start: [0.88199081 0.2106117  0.55      ] | Goal: [ 0.92613818 -0.00437872  0.55      ] | DriftLimit: 0.0632 | FloorLimit: 0.4592 ---
2026-04-24 09:08:08,646 - [ENV] - --- EPISODE START | Scenario: TRANSIT | Start: [0.71119264 0.23656194 0.55      ] | Goal: [1.12583645 0.05127053 0.55      ] | DriftLimit: 0.0631 | FloorLimit: 0.4592 ---
2026-04-24 09:08:13,175 - [ENV] - --- EPISODE START | Scenario: TRANSIT | Start: [0.81815579 0.44895    0.55      ] | Goal: [0.73757597 0.1407728  0.55      ] | DriftLimit: 0.0629 | FloorLimit: 0.4593 ---
2026-04-24 09:08:17,512 - [ENV] - --- EPISODE START | Scenario: TRANSIT | Start: [1.15458426 0.11449576 0.55      ] | Goal: [0.64337718 0.2622562  0.55      ] | DriftLimit: 0.0628 | FloorLimit: 0.4594 ---
2026-04-24 09:08:22,129 - [ENV] - --- EPISODE START | Scenario: ASCEND | Start: [0.85517644 0.41003939 0.415     ] | Goal: [0.85517644 0.41003939 0.55      ] | DriftLimit: 0.0627 | FloorLimit: 0.4594 ---
2026-04-24 09:08:26,472 - [ENV] - --- EPISODE START | Scenario: DESCEND | Start: [0.64338071 0.10045161 0.55      ] | Goal: [0.64338071 0.10045161 0.41      ] | DriftLimit: 0.0626 | FloorLimit: 0.4595 ---
2026-04-24 09:08:30,905 - [ENV] - --- EPISODE START | Scenario: ASCEND | Start: [0.60876662 0.28970845 0.415     ] | Goal: [0.60876662 0.28970845 0.55      ] | DriftLimit: 0.0624 | FloorLimit: 0.4596 ---
2026-04-24 09:08:31,607 - [ENV] - TERMINATED (Ascend): Tube Drift = 0.0679m (Max 0.0624m) at step 13
2026-04-24 09:08:31,607 - [ENV] - Episode ended without success at step 13. Final dist: 0.1479m
2026-04-24 09:08:31,608 - [ENV] - --- EPISODE START | Scenario: ASCEND | Start: [0.63166674 0.35317634 0.415     ] | Goal: [0.63166674 0.35317634 0.55      ] | DriftLimit: 0.0624 | FloorLimit: 0.4596 ---
2026-04-24 09:08:31,989 - [ENV] - TERMINATED (Ascend): Tube Drift = 0.0799m (Max 0.0624m) at step 7
2026-04-24 09:08:31,989 - [ENV] - Episode ended without success at step 7. Final dist: 0.1143m
2026-04-24 09:08:31,990 - [ENV] - --- EPISODE START | Scenario: DESCEND | Start: [0.68564245 0.29074371 0.55      ] | Goal: [0.68564245 0.29074371 0.415     ] | DriftLimit: 0.0624 | FloorLimit: 0.4596 ---
2026-04-24 09:08:36,525 - [ENV] - --- EPISODE START | Scenario: ASCEND | Start: [1.0186164  0.41934022 0.415     ] | Goal: [1.0186164  0.41934022 0.55      ] | DriftLimit: 0.0623 | FloorLimit: 0.4597 ---
2026-04-24 09:08:41,000 - [ENV] - --- EPISODE START | Scenario: TRANSIT | Start: [0.65839359 0.14725379 0.55      ] | Goal: [0.92117735 0.34281776 0.55      ] | DriftLimit: 0.0622 | FloorLimit: 0.4597 ---
2026-04-24 09:08:45,398 - [ENV] - --- EPISODE START | Scenario: ASCEND | Start: [1.00682087 0.11430883 0.415     ] | Goal: [1.00682087 0.11430883 0.55      ] | DriftLimit: 0.0620 | FloorLimit: 0.4598 ---
2026-04-24 09:08:49,874 - [ENV] - --- EPISODE START | Scenario: DESCEND | Start: [0.99403518 0.09097473 0.55      ] | Goal: [0.99403518 0.09097473 0.41      ] | DriftLimit: 0.0619 | FloorLimit: 0.4599 ---
2026-04-24 09:08:54,440 - [ENV] - --- EPISODE START | Scenario: ASCEND | Start: [0.70195961 0.28851657 0.415     ] | Goal: [0.70195961 0.28851657 0.55      ] | DriftLimit: 0.0618 | FloorLimit: 0.4599 ---
2026-04-24 09:08:55,054 - [ENV] - TERMINATED (Ascend): Tube Drift = 0.0618m (Max 0.0618m) at step 15
2026-04-24 09:08:55,054 - [ENV] - Episode ended without success at step 15. Final dist: 0.1442m
2026-04-24 09:08:55,055 - [ENV] - --- EPISODE START | Scenario: TRANSIT | Start: [0.74204839 0.27180639 0.55      ] | Goal: [0.86490067 0.27035962 0.55      ] | DriftLimit: 0.0618 | FloorLimit: 0.4600 ---
2026-04-24 09:09:33,733 - [ENV] - --- EPISODE START | Scenario: ASCEND | Start: [0.95094334 0.23069437 0.415     ] | Goal: [0.95094334 0.23069437 0.55      ] | DriftLimit: 0.0616 | FloorLimit: 0.4600 ---
2026-04-24 09:09:34,244 - [ENV] - TERMINATED (Ascend): Tube Drift = 0.0631m (Max 0.0616m) at step 19
2026-04-24 09:09:34,244 - [ENV] - Episode ended without success at step 19. Final dist: 0.0781m
2026-04-24 09:09:34,245 - [ENV] - --- EPISODE START | Scenario: TRANSIT | Start: [0.82946595 0.0882075  0.55      ] | Goal: [0.67769263 0.28075038 0.55      ] | DriftLimit: 0.0616 | FloorLimit: 0.4600 ---
2026-04-24 09:09:38,393 - [ENV] - --- EPISODE START | Scenario: DESCEND | Start: [1.15153234 0.25496186 0.55      ] | Goal: [1.15153234 0.25496186 0.415     ] | DriftLimit: 0.0615 | FloorLimit: 0.4601 ---
2026-04-24 09:09:38,544 - [ENV] - SUCCESS: Goal reached in 4 steps. Dist = 0.0067m
2026-04-24 09:09:38,545 - [ENV] - --- EPISODE START | Scenario: DESCEND | Start: [1.12821931 0.1584252  0.55      ] | Goal: [1.12821931 0.1584252  0.415     ] | DriftLimit: 0.0615 | FloorLimit: 0.4601 ---
2026-04-24 09:09:39,094 - [ENV] - SUCCESS: Goal reached in 23 steps. Dist = 0.0099m
2026-04-24 09:09:39,094 - [ENV] - --- EPISODE START | Scenario: TRANSIT | Start: [0.94076595 0.31489485 0.55      ] | Goal: [0.83046926 0.2795909  0.55      ] | DriftLimit: 0.0615 | FloorLimit: 0.4601 ---
2026-04-24 09:09:43,320 - [ENV] - --- EPISODE START | Scenario: TRANSIT | Start: [0.85525129 0.01652758 0.55      ] | Goal: [0.77847277 0.39795918 0.55      ] | DriftLimit: 0.0613 | FloorLimit: 0.4602 ---
2026-04-24 09:09:47,811 - [ENV] - --- EPISODE START | Scenario: ASCEND | Start: [0.9381596  0.16990426 0.415     ] | Goal: [0.9381596  0.16990426 0.55      ] | DriftLimit: 0.0612 | FloorLimit: 0.4603 ---
2026-04-24 09:09:52,490 - [ENV] - --- EPISODE START | Scenario: DESCEND | Start: [0.6584794 0.1128528 0.55     ] | Goal: [0.6584794 0.1128528 0.415    ] | DriftLimit: 0.0611 | FloorLimit: 0.4603 ---
2026-04-24 09:09:57,133 - [ENV] - --- EPISODE START | Scenario: TRANSIT | Start: [0.89173144 0.45666922 0.55      ] | Goal: [1.12019207 0.19108039 0.55      ] | DriftLimit: 0.0610 | FloorLimit: 0.4604 ---
2026-04-24 09:10:01,608 - [ENV] - --- EPISODE START | Scenario: ASCEND | Start: [0.80650346 0.13650646 0.415     ] | Goal: [0.80650346 0.13650646 0.55      ] | DriftLimit: 0.0608 | FloorLimit: 0.4605 ---
2026-04-24 09:10:06,088 - [ENV] - --- EPISODE START | Scenario: ASCEND | Start: [0.63843794 0.44563387 0.415     ] | Goal: [0.63843794 0.44563387 0.55      ] | DriftLimit: 0.0607 | FloorLimit: 0.4605 ---
2026-04-24 09:10:10,537 - [ENV] - --- EPISODE START | Scenario: DESCEND | Start: [ 0.99810002 -0.01019095  0.55      ] | Goal: [ 0.99810002 -0.01019095  0.41      ] | DriftLimit: 0.0606 | FloorLimit: 0.4606 ---
2026-04-24 09:10:15,048 - [ENV] - --- EPISODE START | Scenario: TRANSIT | Start: [1.00545014 0.20978254 0.55      ] | Goal: [0.60232826 0.03724516 0.55      ] | DriftLimit: 0.0604 | FloorLimit: 0.4607 ---
2026-04-24 09:10:19,678 - [ENV] - --- EPISODE START | Scenario: ASCEND | Start: [1.11359141 0.38405065 0.415     ] | Goal: [1.11359141 0.38405065 0.55      ] | DriftLimit: 0.0603 | FloorLimit: 0.4607 ---
2026-04-24 09:10:24,135 - [ENV] - --- EPISODE START | Scenario: TRANSIT | Start: [0.79401741 0.27727733 0.55      ] | Goal: [0.8889135  0.49801083 0.55      ] | DriftLimit: 0.0602 | FloorLimit: 0.4608 ---
2026-04-24 09:10:28,670 - [ENV] - --- EPISODE START | Scenario: ASCEND | Start: [0.75914732 0.15457322 0.415     ] | Goal: [0.75914732 0.15457322 0.55      ] | DriftLimit: 0.0601 | FloorLimit: 0.4609 ---
2026-04-24 09:10:33,394 - [ENV] - --- EPISODE START | Scenario: ASCEND | Start: [0.73756128 0.19995288 0.415     ] | Goal: [0.73756128 0.19995288 0.55      ] | DriftLimit: 0.0599 | FloorLimit: 0.4610 ---
2026-04-24 09:11:12,167 - [ENV] - --- EPISODE START | Scenario: DESCEND | Start: [0.88149422 0.09718303 0.55      ] | Goal: [0.88149422 0.09718303 0.415     ] | DriftLimit: 0.0598 | FloorLimit: 0.4610 ---
2026-04-24 09:11:16,254 - [ENV] - --- EPISODE START | Scenario: ASCEND | Start: [1.10416157 0.18902517 0.415     ] | Goal: [1.10416157 0.18902517 0.55      ] | DriftLimit: 0.0597 | FloorLimit: 0.4611 ---
2026-04-24 09:11:20,621 - [ENV] - --- EPISODE START | Scenario: ASCEND | Start: [0.62964214 0.1579837  0.415     ] | Goal: [0.62964214 0.1579837  0.55      ] | DriftLimit: 0.0595 | FloorLimit: 0.4612 ---
2026-04-24 09:11:20,884 - [ENV] - TERMINATED (Ascend): Tube Drift = 0.0597m (Max 0.0595m) at step 6
2026-04-24 09:11:20,884 - [ENV] - Episode ended without success at step 6. Final dist: 0.1389m
2026-04-24 09:11:20,884 - [ENV] - --- EPISODE START | Scenario: TRANSIT | Start: [1.02740839 0.39957628 0.55      ] | Goal: [1.07295156 0.24379186 0.55      ] | DriftLimit: 0.0595 | FloorLimit: 0.4612 ---
2026-04-24 09:11:25,459 - [ENV] - --- EPISODE START | Scenario: DESCEND | Start: [0.60500834 0.48895319 0.55      ] | Goal: [0.60500834 0.48895319 0.41      ] | DriftLimit: 0.0594 | FloorLimit: 0.4612 ---
2026-04-24 09:11:29,846 - [ENV] - --- EPISODE START | Scenario: DESCEND | Start: [0.6360795  0.22842698 0.55      ] | Goal: [0.6360795  0.22842698 0.41      ] | DriftLimit: 0.0593 | FloorLimit: 0.4613 ---
2026-04-24 09:11:34,370 - [ENV] - --- EPISODE START | Scenario: ASCEND | Start: [1.08419185 0.26690724 0.415     ] | Goal: [1.08419185 0.26690724 0.55      ] | DriftLimit: 0.0591 | FloorLimit: 0.4614 ---
2026-04-24 09:11:38,831 - [ENV] - --- EPISODE START | Scenario: TRANSIT | Start: [0.78835167 0.18866485 0.55      ] | Goal: [0.8895992  0.36109565 0.55      ] | DriftLimit: 0.0590 | FloorLimit: 0.4614 ---
2026-04-24 09:11:43,281 - [ENV] - --- EPISODE START | Scenario: ASCEND | Start: [0.73585918 0.06078203 0.415     ] | Goal: [0.73585918 0.06078203 0.55      ] | DriftLimit: 0.0589 | FloorLimit: 0.4615 ---
2026-04-24 09:11:43,705 - [ENV] - TERMINATED (Ascend): Tube Drift = 0.0601m (Max 0.0589m) at step 14
2026-04-24 09:11:43,705 - [ENV] - Episode ended without success at step 14. Final dist: 0.1444m
2026-04-24 09:11:43,705 - [ENV] - --- EPISODE START | Scenario: ASCEND | Start: [0.88628724 0.30631078 0.415     ] | Goal: [0.88628724 0.30631078 0.55      ] | DriftLimit: 0.0589 | FloorLimit: 0.4615 ---
2026-04-24 09:11:48,152 - [ENV] - --- EPISODE START | Scenario: ASCEND | Start: [0.88694632 0.46050241 0.415     ] | Goal: [0.88694632 0.46050241 0.55      ] | DriftLimit: 0.0588 | FloorLimit: 0.4616 ---
2026-04-24 09:11:52,530 - [ENV] - --- EPISODE START | Scenario: TRANSIT | Start: [0.98549729 0.17092984 0.55      ] | Goal: [1.10714876 0.06188488 0.55      ] | DriftLimit: 0.0586 | FloorLimit: 0.4617 ---
2026-04-24 09:11:56,835 - [ENV] - --- EPISODE START | Scenario: DESCEND | Start: [0.73115314 0.19343172 0.55      ] | Goal: [0.73115314 0.19343172 0.41      ] | DriftLimit: 0.0585 | FloorLimit: 0.4617 ---
2026-04-24 09:12:01,244 - [ENV] - --- EPISODE START | Scenario: ASCEND | Start: [0.89387959 0.09246873 0.415     ] | Goal: [0.89387959 0.09246873 0.55      ] | DriftLimit: 0.0584 | FloorLimit: 0.4618 ---
2026-04-24 09:12:05,674 - [ENV] - --- EPISODE START | Scenario: DESCEND | Start: [0.60781442 0.40496817 0.55      ] | Goal: [0.60781442 0.40496817 0.415     ] | DriftLimit: 0.0582 | FloorLimit: 0.4619 ---
2026-04-24 09:12:10,160 - [ENV] - --- EPISODE START | Scenario: ASCEND | Start: [0.64942952 0.3680985  0.415     ] | Goal: [0.64942952 0.3680985  0.55      ] | DriftLimit: 0.0581 | FloorLimit: 0.4619 ---
2026-04-24 09:12:10,490 - [ENV] - TERMINATED (Ascend): Tube Drift = 0.0708m (Max 0.0581m) at step 5
2026-04-24 09:12:10,491 - [ENV] - Episode ended without success at step 5. Final dist: 0.1191m
2026-04-24 09:12:10,491 - [ENV] - --- EPISODE START | Scenario: TRANSIT | Start: [1.15784037 0.36078163 0.55      ] | Goal: [0.8584094  0.24057609 0.55      ] | DriftLimit: 0.0581 | FloorLimit: 0.4619 ---
2026-04-24 09:12:52,157 - [ENV] - --- EPISODE START | Scenario: TRANSIT | Start: [0.65832219 0.27392955 0.55      ] | Goal: [0.74685193 0.34258202 0.55      ] | DriftLimit: 0.0580 | FloorLimit: 0.4620 ---
2026-04-24 09:12:56,052 - [ENV] - --- EPISODE START | Scenario: TRANSIT | Start: [0.95575045 0.33836374 0.55      ] | Goal: [8.26787438e-01 3.64908803e-04 5.50000000e-01] | DriftLimit: 0.0579 | FloorLimit: 0.4621 ---
2026-04-24 09:13:00,508 - [ENV] - --- EPISODE START | Scenario: DESCEND | Start: [0.94180734 0.08357785 0.55      ] | Goal: [0.94180734 0.08357785 0.41      ] | DriftLimit: 0.0577 | FloorLimit: 0.4622 ---
2026-04-24 09:13:04,942 - [ENV] - --- EPISODE START | Scenario: TRANSIT | Start: [0.74447123 0.36286762 0.55      ] | Goal: [0.65225744 0.29508951 0.55      ] | DriftLimit: 0.0576 | FloorLimit: 0.4622 ---
2026-04-24 09:13:09,356 - [ENV] - --- EPISODE START | Scenario: ASCEND | Start: [1.12384594 0.13858331 0.415     ] | Goal: [1.12384594 0.13858331 0.55      ] | DriftLimit: 0.0575 | FloorLimit: 0.4623 ---
2026-04-24 09:13:13,788 - [ENV] - --- EPISODE START | Scenario: ASCEND | Start: [1.03009514 0.05645774 0.415     ] | Goal: [1.03009514 0.05645774 0.55      ] | DriftLimit: 0.0573 | FloorLimit: 0.4624 ---
2026-04-24 09:13:13,981 - [ENV] - TERMINATED (Ascend): Tube Drift = 0.0610m (Max 0.0573m) at step 4
2026-04-24 09:13:13,981 - [ENV] - Episode ended without success at step 4. Final dist: 0.1113m
2026-04-24 09:13:13,981 - [ENV] - --- EPISODE START | Scenario: DESCEND | Start: [0.61301632 0.25429141 0.55      ] | Goal: [0.61301632 0.25429141 0.415     ] | DriftLimit: 0.0573 | FloorLimit: 0.4624 ---
2026-04-24 09:13:18,574 - [ENV] - --- EPISODE START | Scenario: DESCEND | Start: [0.62960094 0.25941856 0.55      ] | Goal: [0.62960094 0.25941856 0.41      ] | DriftLimit: 0.0572 | FloorLimit: 0.4624 ---
2026-04-24 09:13:23,010 - [ENV] - --- EPISODE START | Scenario: TRANSIT | Start: [1.02629082 0.2079306  0.55      ] | Goal: [0.91559126 0.30718624 0.55      ] | DriftLimit: 0.0571 | FloorLimit: 0.4625 ---
2026-04-24 09:13:27,364 - [ENV] - --- EPISODE START | Scenario: DESCEND | Start: [0.91353084 0.02938228 0.55      ] | Goal: [0.91353084 0.02938228 0.41      ] | DriftLimit: 0.0570 | FloorLimit: 0.4626 ---
2026-04-24 09:13:31,742 - [ENV] - --- EPISODE START | Scenario: TRANSIT | Start: [0.71332445 0.4995882  0.55      ] | Goal: [0.99402328 0.20382125 0.55      ] | DriftLimit: 0.0568 | FloorLimit: 0.4626 ---
2026-04-24 09:13:36,103 - [ENV] - --- EPISODE START | Scenario: DESCEND | Start: [0.69535657 0.25323318 0.55      ] | Goal: [0.69535657 0.25323318 0.41      ] | DriftLimit: 0.0567 | FloorLimit: 0.4627 ---
2026-04-24 09:13:40,576 - [ENV] - --- EPISODE START | Scenario: DESCEND | Start: [0.75348187 0.29881648 0.55      ] | Goal: [0.75348187 0.29881648 0.415     ] | DriftLimit: 0.0566 | FloorLimit: 0.4628 ---
2026-04-24 09:13:44,918 - [ENV] - --- EPISODE START | Scenario: ASCEND | Start: [0.68361864 0.35721355 0.415     ] | Goal: [0.68361864 0.35721355 0.55      ] | DriftLimit: 0.0564 | FloorLimit: 0.4629 ---
2026-04-24 09:13:49,392 - [ENV] - --- EPISODE START | Scenario: ASCEND | Start: [1.02873047 0.39321687 0.415     ] | Goal: [1.02873047 0.39321687 0.55      ] | DriftLimit: 0.0563 | FloorLimit: 0.4629 ---
2026-04-24 09:13:49,979 - [ENV] - TERMINATED (Ascend): Tube Drift = 0.0569m (Max 0.0563m) at step 18
2026-04-24 09:13:49,979 - [ENV] - Episode ended without success at step 18. Final dist: 0.0597m
2026-04-24 09:13:49,979 - [ENV] - --- EPISODE START | Scenario: ASCEND | Start: [0.60326858 0.02699485 0.415     ] | Goal: [0.60326858 0.02699485 0.55      ] | DriftLimit: 0.0563 | FloorLimit: 0.4629 ---
2026-04-24 09:13:54,750 - [ENV] - --- EPISODE START | Scenario: DESCEND | Start: [0.69607463 0.0556709  0.55      ] | Goal: [0.69607463 0.0556709  0.415     ] | DriftLimit: 0.0562 | FloorLimit: 0.4630 ---
2026-04-24 09:14:33,651 - [ENV] - --- EPISODE START | Scenario: TRANSIT | Start: [0.65522798 0.53742748 0.55      ] | Goal: [0.65377947 0.34547879 0.55      ] | DriftLimit: 0.0560 | FloorLimit: 0.4631 ---
2026-04-24 09:14:37,535 - [ENV] - --- EPISODE START | Scenario: ASCEND | Start: [0.95532088 0.16786639 0.415     ] | Goal: [0.95532088 0.16786639 0.55      ] | DriftLimit: 0.0559 | FloorLimit: 0.4631 ---
2026-04-24 09:14:42,108 - [ENV] - --- EPISODE START | Scenario: ASCEND | Start: [0.67935091 0.48068942 0.415     ] | Goal: [0.67935091 0.48068942 0.55      ] | DriftLimit: 0.0558 | FloorLimit: 0.4632 ---
2026-04-24 09:14:46,608 - [ENV] - --- EPISODE START | Scenario: DESCEND | Start: [1.03120836 0.1272087  0.55      ] | Goal: [1.03120836 0.1272087  0.415     ] | DriftLimit: 0.0557 | FloorLimit: 0.4633 ---
2026-04-24 09:14:51,140 - [ENV] - --- EPISODE START | Scenario: DESCEND | Start: [0.62539814 0.05463936 0.55      ] | Goal: [0.62539814 0.05463936 0.41      ] | DriftLimit: 0.0555 | FloorLimit: 0.4633 ---
2026-04-24 09:14:55,574 - [ENV] - --- EPISODE START | Scenario: DESCEND | Start: [0.95458678 0.32184851 0.55      ] | Goal: [0.95458678 0.32184851 0.41      ] | DriftLimit: 0.0554 | FloorLimit: 0.4634 ---
2026-04-24 09:14:59,931 - [ENV] - --- EPISODE START | Scenario: ASCEND | Start: [0.65895296 0.16787622 0.415     ] | Goal: [0.65895296 0.16787622 0.55      ] | DriftLimit: 0.0553 | FloorLimit: 0.4635 ---
2026-04-24 09:15:04,481 - [ENV] - --- EPISODE START | Scenario: DESCEND | Start: [1.1358346  0.03818842 0.55      ] | Goal: [1.1358346  0.03818842 0.41      ] | DriftLimit: 0.0551 | FloorLimit: 0.4636 ---
2026-04-24 09:15:09,036 - [ENV] - --- EPISODE START | Scenario: DESCEND | Start: [0.85515711 0.49592635 0.55      ] | Goal: [0.85515711 0.49592635 0.415     ] | DriftLimit: 0.0550 | FloorLimit: 0.4636 ---
2026-04-24 09:15:13,359 - [ENV] - --- EPISODE START | Scenario: DESCEND | Start: [1.07693798 0.05232341 0.55      ] | Goal: [1.07693798 0.05232341 0.41      ] | DriftLimit: 0.0549 | FloorLimit: 0.4637 ---
2026-04-24 09:15:17,747 - [ENV] - --- EPISODE START | Scenario: ASCEND | Start: [0.6281959  0.40373149 0.415     ] | Goal: [0.6281959  0.40373149 0.55      ] | DriftLimit: 0.0548 | FloorLimit: 0.4638 ---
2026-04-24 09:15:22,330 - [ENV] - --- EPISODE START | Scenario: TRANSIT | Start: [1.01946561 0.11651009 0.55      ] | Goal: [0.83710266 0.3786054  0.55      ] | DriftLimit: 0.0546 | FloorLimit: 0.4638 ---
2026-04-24 09:15:26,656 - [ENV] - --- EPISODE START | Scenario: DESCEND | Start: [1.03934217 0.47265109 0.55      ] | Goal: [1.03934217 0.47265109 0.415     ] | DriftLimit: 0.0545 | FloorLimit: 0.4639 ---
2026-04-24 09:15:31,153 - [ENV] - --- EPISODE START | Scenario: DESCEND | Start: [0.73507255 0.43312286 0.55      ] | Goal: [0.73507255 0.43312286 0.415     ] | DriftLimit: 0.0544 | FloorLimit: 0.4640 ---
2026-04-24 09:16:10,714 - [ENV] - --- EPISODE START | Scenario: ASCEND | Start: [0.994634   0.31668418 0.415     ] | Goal: [0.994634   0.31668418 0.55      ] | DriftLimit: 0.0542 | FloorLimit: 0.4640 ---
2026-04-24 09:16:10,870 - [ENV] - TERMINATED (Ascend): Tube Drift = 0.0567m (Max 0.0542m) at step 3
2026-04-24 09:16:10,870 - [ENV] - Episode ended without success at step 3. Final dist: 0.1004m
2026-04-24 09:16:10,870 - [ENV] - --- EPISODE START | Scenario: ASCEND | Start: [0.99867501 0.53206625 0.415     ] | Goal: [0.99867501 0.53206625 0.55      ] | DriftLimit: 0.0542 | FloorLimit: 0.4641 ---
2026-04-24 09:16:11,342 - [ENV] - TERMINATED (Ascend): Tube Drift = 0.0546m (Max 0.0542m) at step 19
2026-04-24 09:16:11,342 - [ENV] - Episode ended without success at step 19. Final dist: 0.0623m
2026-04-24 09:16:11,343 - [ENV] - --- EPISODE START | Scenario: ASCEND | Start: [0.74465145 0.51553781 0.415     ] | Goal: [0.74465145 0.51553781 0.55      ] | DriftLimit: 0.0542 | FloorLimit: 0.4641 ---
2026-04-24 09:16:11,778 - [ENV] - TERMINATED (Ascend): Tube Drift = 0.0544m (Max 0.0542m) at step 17
2026-04-24 09:16:11,778 - [ENV] - Episode ended without success at step 17. Final dist: 0.0583m
2026-04-24 09:16:11,778 - [ENV] - --- EPISODE START | Scenario: DESCEND | Start: [0.62135532 0.32427264 0.55      ] | Goal: [0.62135532 0.32427264 0.415     ] | DriftLimit: 0.0542 | FloorLimit: 0.4641 ---
2026-04-24 09:16:16,000 - [ENV] - --- EPISODE START | Scenario: TRANSIT | Start: [0.6871204  0.04502762 0.55      ] | Goal: [0.66715388 0.1469415  0.55      ] | DriftLimit: 0.0541 | FloorLimit: 0.4641 ---
2026-04-24 09:16:20,617 - [ENV] - --- EPISODE START | Scenario: TRANSIT | Start: [1.03485211 0.04718894 0.55      ] | Goal: [0.72685297 0.10250122 0.55      ] | DriftLimit: 0.0540 | FloorLimit: 0.4642 ---
2026-04-24 09:16:25,245 - [ENV] - --- EPISODE START | Scenario: TRANSIT | Start: [0.75198312 0.13837892 0.55      ] | Goal: [0.83760827 0.21270491 0.55      ] | DriftLimit: 0.0538 | FloorLimit: 0.4643 ---
2026-04-24 09:16:29,938 - [ENV] - --- EPISODE START | Scenario: DESCEND | Start: [0.82906749 0.01086507 0.55      ] | Goal: [0.82906749 0.01086507 0.41      ] | DriftLimit: 0.0537 | FloorLimit: 0.4643 ---
2026-04-24 09:16:34,416 - [ENV] - --- EPISODE START | Scenario: ASCEND | Start: [0.9662322  0.04379049 0.415     ] | Goal: [0.9662322  0.04379049 0.55      ] | DriftLimit: 0.0536 | FloorLimit: 0.4644 ---
2026-04-24 09:16:34,609 - [ENV] - TERMINATED (Ascend): Tube Drift = 0.0716m (Max 0.0536m) at step 4
2026-04-24 09:16:34,610 - [ENV] - Episode ended without success at step 4. Final dist: 0.1175m
2026-04-24 09:16:34,610 - [ENV] - --- EPISODE START | Scenario: ASCEND | Start: [1.00109042 0.42274619 0.415     ] | Goal: [1.00109042 0.42274619 0.55      ] | DriftLimit: 0.0536 | FloorLimit: 0.4644 ---
2026-04-24 09:16:39,119 - [ENV] - --- EPISODE START | Scenario: DESCEND | Start: [0.75217518 0.02799261 0.55      ] | Goal: [0.75217518 0.02799261 0.415     ] | DriftLimit: 0.0534 | FloorLimit: 0.4645 ---
2026-04-24 09:16:43,497 - [ENV] - --- EPISODE START | Scenario: DESCEND | Start: [0.68712901 0.22439862 0.55      ] | Goal: [0.68712901 0.22439862 0.41      ] | DriftLimit: 0.0533 | FloorLimit: 0.4646 ---
2026-04-24 09:16:47,825 - [ENV] - --- EPISODE START | Scenario: DESCEND | Start: [0.66977174 0.33840486 0.55      ] | Goal: [0.66977174 0.33840486 0.415     ] | DriftLimit: 0.0532 | FloorLimit: 0.4646 ---
2026-04-24 09:16:52,271 - [ENV] - --- EPISODE START | Scenario: ASCEND | Start: [1.11084227 0.16198081 0.415     ] | Goal: [1.11084227 0.16198081 0.55      ] | DriftLimit: 0.0531 | FloorLimit: 0.4647 ---
2026-04-24 09:16:56,668 - [ENV] - --- EPISODE START | Scenario: TRANSIT | Start: [1.14997912 0.34040199 0.55      ] | Goal: [0.87717991 0.07858337 0.55      ] | DriftLimit: 0.0529 | FloorLimit: 0.4648 ---
2026-04-24 09:17:01,212 - [ENV] - --- EPISODE START | Scenario: DESCEND | Start: [1.12583434 0.46384083 0.55      ] | Goal: [1.12583434 0.46384083 0.415     ] | DriftLimit: 0.0528 | FloorLimit: 0.4648 ---
2026-04-24 09:17:05,697 - [ENV] - --- EPISODE START | Scenario: TRANSIT | Start: [0.65405757 0.32987285 0.55      ] | Goal: [ 0.83052203 -0.00137308  0.55      ] | DriftLimit: 0.0527 | FloorLimit: 0.4649 ---
2026-04-24 09:17:10,199 - [ENV] - --- EPISODE START | Scenario: DESCEND | Start: [1.10212144 0.24660811 0.55      ] | Goal: [1.10212144 0.24660811 0.415     ] | DriftLimit: 0.0525 | FloorLimit: 0.4650 ---
2026-04-24 09:17:51,620 - [ENV] - --- EPISODE START | Scenario: ASCEND | Start: [1.01947563 0.50436181 0.415     ] | Goal: [1.01947563 0.50436181 0.55      ] | DriftLimit: 0.0524 | FloorLimit: 0.4650 ---
2026-04-24 09:17:52,483 - [ENV] - TERMINATED (Ascend): Tube Drift = 0.0524m (Max 0.0524m) at step 34
2026-04-24 09:17:52,483 - [ENV] - Episode ended without success at step 34. Final dist: 0.0575m
2026-04-24 09:17:52,484 - [ENV] - --- EPISODE START | Scenario: ASCEND | Start: [0.64675497 0.09527617 0.415     ] | Goal: [0.64675497 0.09527617 0.55      ] | DriftLimit: 0.0524 | FloorLimit: 0.4651 ---
2026-04-24 09:17:56,769 - [ENV] - --- EPISODE START | Scenario: ASCEND | Start: [0.60856933 0.05901707 0.415     ] | Goal: [0.60856933 0.05901707 0.55      ] | DriftLimit: 0.0523 | FloorLimit: 0.4651 ---
2026-04-24 09:17:57,004 - [ENV] - TERMINATED (Ascend): Tube Drift = 0.0564m (Max 0.0523m) at step 6
2026-04-24 09:17:57,004 - [ENV] - Episode ended without success at step 6. Final dist: 0.1341m
2026-04-24 09:17:57,004 - [ENV] - --- EPISODE START | Scenario: TRANSIT | Start: [0.8455993  0.17565073 0.55      ] | Goal: [ 1.08569813 -0.0123827   0.55      ] | DriftLimit: 0.0523 | FloorLimit: 0.4651 ---
2026-04-24 09:18:01,472 - [ENV] - --- EPISODE START | Scenario: DESCEND | Start: [1.11114649 0.02302685 0.55      ] | Goal: [1.11114649 0.02302685 0.41      ] | DriftLimit: 0.0521 | FloorLimit: 0.4652 ---
2026-04-24 09:18:06,264 - [ENV] - --- EPISODE START | Scenario: TRANSIT | Start: [0.94441961 0.50533054 0.55      ] | Goal: [0.60857001 0.47604446 0.55      ] | DriftLimit: 0.0520 | FloorLimit: 0.4653 ---
2026-04-24 09:18:10,636 - [ENV] - --- EPISODE START | Scenario: ASCEND | Start: [0.98284815 0.08409525 0.415     ] | Goal: [0.98284815 0.08409525 0.55      ] | DriftLimit: 0.0519 | FloorLimit: 0.4653 ---
2026-04-24 09:18:15,242 - [ENV] - --- EPISODE START | Scenario: DESCEND | Start: [1.10422042 0.07840428 0.55      ] | Goal: [1.10422042 0.07840428 0.41      ] | DriftLimit: 0.0517 | FloorLimit: 0.4654 ---
2026-04-24 09:18:19,554 - [ENV] - --- EPISODE START | Scenario: TRANSIT | Start: [1.15936199 0.30822963 0.55      ] | Goal: [0.90533422 0.36782579 0.55      ] | DriftLimit: 0.0516 | FloorLimit: 0.4655 ---
2026-04-24 09:18:24,643 - [ENV] - --- EPISODE START | Scenario: TRANSIT | Start: [0.74325217 0.33096341 0.55      ] | Goal: [0.87350662 0.06774325 0.55      ] | DriftLimit: 0.0515 | FloorLimit: 0.4656 ---
2026-04-24 09:18:29,018 - [ENV] - --- EPISODE START | Scenario: ASCEND | Start: [0.68148205 0.00409371 0.415     ] | Goal: [0.68148205 0.00409371 0.55      ] | DriftLimit: 0.0514 | FloorLimit: 0.4656 ---
2026-04-24 09:18:33,403 - [ENV] - --- EPISODE START | Scenario: TRANSIT | Start: [1.08193126 0.45731343 0.55      ] | Goal: [0.88073888 0.21257732 0.55      ] | DriftLimit: 0.0512 | FloorLimit: 0.4657 ---
2026-04-24 09:18:37,639 - [ENV] - --- EPISODE START | Scenario: TRANSIT | Start: [0.64660042 0.01736841 0.55      ] | Goal: [1.08416815 0.47960811 0.55      ] | DriftLimit: 0.0511 | FloorLimit: 0.4658 ---
2026-04-24 09:18:42,239 - [ENV] - --- EPISODE START | Scenario: TRANSIT | Start: [0.77804085 0.26398581 0.55      ] | Goal: [0.97257458 0.13014484 0.55      ] | DriftLimit: 0.0510 | FloorLimit: 0.4658 ---
2026-04-24 09:18:46,684 - [ENV] - --- EPISODE START | Scenario: DESCEND | Start: [1.15508956 0.13029934 0.55      ] | Goal: [1.15508956 0.13029934 0.41      ] | DriftLimit: 0.0508 | FloorLimit: 0.4659 ---
2026-04-24 09:18:50,924 - [ENV] - --- EPISODE START | Scenario: DESCEND | Start: [1.13665687 0.01352413 0.55      ] | Goal: [1.13665687 0.01352413 0.415     ] | DriftLimit: 0.0507 | FloorLimit: 0.4660 ---
2026-04-24 09:19:33,480 - [ENV] - --- EPISODE START | Scenario: DESCEND | Start: [0.65288058 0.40326958 0.55      ] | Goal: [0.65288058 0.40326958 0.415     ] | DriftLimit: 0.0506 | FloorLimit: 0.4660 ---
2026-04-24 09:19:37,724 - [ENV] - --- EPISODE START | Scenario: TRANSIT | Start: [0.64983146 0.34152761 0.55      ] | Goal: [1.13778284 0.23806648 0.55      ] | DriftLimit: 0.0505 | FloorLimit: 0.4661 ---
2026-04-24 09:19:42,173 - [ENV] - --- EPISODE START | Scenario: DESCEND | Start: [0.90360233 0.38818633 0.55      ] | Goal: [0.90360233 0.38818633 0.415     ] | DriftLimit: 0.0503 | FloorLimit: 0.4662 ---
2026-04-24 09:19:42,367 - [ENV] - SUCCESS: Goal reached in 4 steps. Dist = 0.0100m
2026-04-24 09:19:42,368 - [ENV] - --- EPISODE START | Scenario: DESCEND | Start: [1.05301671 0.15521949 0.55      ] | Goal: [1.05301671 0.15521949 0.415     ] | DriftLimit: 0.0503 | FloorLimit: 0.4662 ---
2026-04-24 09:19:46,852 - [ENV] - --- EPISODE START | Scenario: DESCEND | Start: [0.78692067 0.40560402 0.55      ] | Goal: [0.78692067 0.40560402 0.415     ] | DriftLimit: 0.0502 | FloorLimit: 0.4663 ---
2026-04-24 09:19:51,359 - [ENV] - --- EPISODE START | Scenario: TRANSIT | Start: [1.13680314 0.49500389 0.55      ] | Goal: [1.03808596 0.29333804 0.55      ] | DriftLimit: 0.0501 | FloorLimit: 0.4663 ---
2026-04-24 09:19:55,892 - [ENV] - --- EPISODE START | Scenario: ASCEND | Start: [1.04055452 0.27169865 0.415     ] | Goal: [1.04055452 0.27169865 0.55      ] | DriftLimit: 0.0499 | FloorLimit: 0.4664 ---
2026-04-24 09:19:56,044 - [ENV] - TERMINATED (Ascend): Tube Drift = 0.0548m (Max 0.0499m) at step 3
2026-04-24 09:19:56,044 - [ENV] - Episode ended without success at step 3. Final dist: 0.1056m
2026-04-24 09:19:56,044 - [ENV] - --- EPISODE START | Scenario: ASCEND | Start: [0.91295403 0.24516301 0.415     ] | Goal: [0.91295403 0.24516301 0.55      ] | DriftLimit: 0.0499 | FloorLimit: 0.4664 ---
2026-04-24 09:19:56,490 - [ENV] - TERMINATED (Ascend): Tube Drift = 0.0557m (Max 0.0499m) at step 11
2026-04-24 09:19:56,491 - [ENV] - Episode ended without success at step 11. Final dist: 0.0842m
2026-04-24 09:19:56,491 - [ENV] - --- EPISODE START | Scenario: DESCEND | Start: [0.80105412 0.17388987 0.55      ] | Goal: [0.80105412 0.17388987 0.41      ] | DriftLimit: 0.0499 | FloorLimit: 0.4664 ---
2026-04-24 09:20:00,851 - [ENV] - --- EPISODE START | Scenario: ASCEND | Start: [0.64524454 0.28662324 0.415     ] | Goal: [0.64524454 0.28662324 0.55      ] | DriftLimit: 0.0498 | FloorLimit: 0.4665 ---
2026-04-24 09:20:01,472 - [ENV] - TERMINATED (Ascend): Tube Drift = 0.0601m (Max 0.0498m) at step 10
2026-04-24 09:20:01,473 - [ENV] - Episode ended without success at step 10. Final dist: 0.1388m
2026-04-24 09:20:01,473 - [ENV] - --- EPISODE START | Scenario: TRANSIT | Start: [0.80777564 0.51587838 0.55      ] | Goal: [0.9013982  0.19674988 0.55      ] | DriftLimit: 0.0498 | FloorLimit: 0.4665 ---
2026-04-24 09:20:05,795 - [ENV] - --- EPISODE START | Scenario: DESCEND | Start: [1.07029583 0.37719767 0.55      ] | Goal: [1.07029583 0.37719767 0.415     ] | DriftLimit: 0.0497 | FloorLimit: 0.4665 ---
2026-04-24 09:20:10,280 - [ENV] - --- EPISODE START | Scenario: ASCEND | Start: [1.0781422 0.1110515 0.415    ] | Goal: [1.0781422 0.1110515 0.55     ] | DriftLimit: 0.0495 | FloorLimit: 0.4666 ---
2026-04-24 09:20:10,443 - [ENV] - TERMINATED (Ascend): Tube Drift = 0.0509m (Max 0.0495m) at step 3
2026-04-24 09:20:10,443 - [ENV] - Episode ended without success at step 3. Final dist: 0.1197m
2026-04-24 09:20:10,443 - [ENV] - --- EPISODE START | Scenario: TRANSIT | Start: [1.07570797 0.31891166 0.55      ] | Goal: [0.95034542 0.22558845 0.55      ] | DriftLimit: 0.0495 | FloorLimit: 0.4666 ---
2026-04-24 09:20:15,370 - [ENV] - --- EPISODE START | Scenario: ASCEND | Start: [0.85540901 0.01811989 0.415     ] | Goal: [0.85540901 0.01811989 0.55      ] | DriftLimit: 0.0494 | FloorLimit: 0.4667 ---
2026-04-24 09:20:15,642 - [ENV] - TERMINATED (Ascend): Tube Drift = 0.0568m (Max 0.0494m) at step 3
2026-04-24 09:20:15,642 - [ENV] - Episode ended without success at step 3. Final dist: 0.1165m
2026-04-24 09:20:15,642 - [ENV] - --- EPISODE START | Scenario: TRANSIT | Start: [1.08637097 0.47762248 0.55      ] | Goal: [1.12014028 0.05469116 0.55      ] | DriftLimit: 0.0494 | FloorLimit: 0.4667 ---
2026-04-24 09:20:20,117 - [ENV] - --- EPISODE START | Scenario: DESCEND | Start: [0.82861548 0.30976363 0.55      ] | Goal: [0.82861548 0.30976363 0.415     ] | DriftLimit: 0.0493 | FloorLimit: 0.4668 ---
2026-04-24 09:20:24,597 - [ENV] - --- EPISODE START | Scenario: ASCEND | Start: [0.62822691 0.33653049 0.415     ] | Goal: [0.62822691 0.33653049 0.55      ] | DriftLimit: 0.0492 | FloorLimit: 0.4668 ---
2026-04-24 09:20:24,940 - [ENV] - TERMINATED (Ascend): Tube Drift = 0.0626m (Max 0.0492m) at step 3
2026-04-24 09:20:24,940 - [ENV] - Episode ended without success at step 3. Final dist: 0.1267m
2026-04-24 09:20:24,941 - [ENV] - --- EPISODE START | Scenario: DESCEND | Start: [0.87375228 0.50426444 0.55      ] | Goal: [0.87375228 0.50426444 0.415     ] | DriftLimit: 0.0492 | FloorLimit: 0.4668 ---
2026-04-24 09:20:29,422 - [ENV] - --- EPISODE START | Scenario: ASCEND | Start: [0.72200931 0.1628774  0.415     ] | Goal: [0.72200931 0.1628774  0.55      ] | DriftLimit: 0.0490 | FloorLimit: 0.4669 ---
2026-04-24 09:20:29,735 - [ENV] - TERMINATED (Ascend): Tube Drift = 0.0599m (Max 0.0490m) at step 6
2026-04-24 09:20:29,735 - [ENV] - Episode ended without success at step 6. Final dist: 0.1269m
2026-04-24 09:20:29,736 - [ENV] - --- EPISODE START | Scenario: ASCEND | Start: [0.95828045 0.37839225 0.415     ] | Goal: [0.95828045 0.37839225 0.55      ] | DriftLimit: 0.0490 | FloorLimit: 0.4669 ---
2026-04-24 09:20:34,111 - [ENV] - --- EPISODE START | Scenario: TRANSIT | Start: [0.86809763 0.02313204 0.55      ] | Goal: [0.7090557  0.40116871 0.55      ] | DriftLimit: 0.0489 | FloorLimit: 0.4670 ---
2026-04-24 09:21:20,053 - [ENV] - --- EPISODE START | Scenario: ASCEND | Start: [0.99571712 0.469318   0.415     ] | Goal: [0.99571712 0.469318   0.55      ] | DriftLimit: 0.0488 | FloorLimit: 0.4670 ---
2026-04-24 09:21:20,221 - [ENV] - TERMINATED (Ascend): Tube Drift = 0.0554m (Max 0.0488m) at step 3
2026-04-24 09:21:20,221 - [ENV] - Episode ended without success at step 3. Final dist: 0.0928m
2026-04-24 09:21:20,221 - [ENV] - --- EPISODE START | Scenario: DESCEND | Start: [1.0530748  0.51783839 0.55      ] | Goal: [1.0530748  0.51783839 0.41      ] | DriftLimit: 0.0488 | FloorLimit: 0.4670 ---
2026-04-24 09:21:24,413 - [ENV] - --- EPISODE START | Scenario: ASCEND | Start: [0.91722315 0.11621244 0.415     ] | Goal: [0.91722315 0.11621244 0.55      ] | DriftLimit: 0.0486 | FloorLimit: 0.4671 ---
2026-04-24 09:21:24,612 - [ENV] - TERMINATED (Ascend): Tube Drift = 0.0488m (Max 0.0486m) at step 4
2026-04-24 09:21:24,612 - [ENV] - Episode ended without success at step 4. Final dist: 0.1099m
2026-04-24 09:21:24,613 - [ENV] - --- EPISODE START | Scenario: TRANSIT | Start: [0.96682862 0.07226406 0.55      ] | Goal: [0.74142756 0.35690898 0.55      ] | DriftLimit: 0.0486 | FloorLimit: 0.4671 ---
2026-04-24 09:21:29,177 - [ENV] - --- EPISODE START | Scenario: DESCEND | Start: [0.91515562 0.50123137 0.55      ] | Goal: [0.91515562 0.50123137 0.41      ] | DriftLimit: 0.0485 | FloorLimit: 0.4672 ---
2026-04-24 09:21:33,658 - [ENV] - --- EPISODE START | Scenario: ASCEND | Start: [0.60521294 0.35261817 0.415     ] | Goal: [0.60521294 0.35261817 0.55      ] | DriftLimit: 0.0484 | FloorLimit: 0.4673 ---
2026-04-24 09:21:34,035 - [ENV] - TERMINATED (Ascend): Tube Drift = 0.0489m (Max 0.0484m) at step 7
2026-04-24 09:21:34,035 - [ENV] - Episode ended without success at step 7. Final dist: 0.0785m
2026-04-24 09:21:34,036 - [ENV] - --- EPISODE START | Scenario: TRANSIT | Start: [1.1214045  0.30288188 0.55      ] | Goal: [0.61337684 0.20691347 0.55      ] | DriftLimit: 0.0484 | FloorLimit: 0.4673 ---
2026-04-24 09:21:38,416 - [ENV] - --- EPISODE START | Scenario: ASCEND | Start: [0.86146781 0.4950277  0.415     ] | Goal: [0.86146781 0.4950277  0.55      ] | DriftLimit: 0.0482 | FloorLimit: 0.4673 ---
2026-04-24 09:21:38,794 - [ENV] - TERMINATED (Ascend): Tube Drift = 0.0503m (Max 0.0482m) at step 13
2026-04-24 09:21:38,795 - [ENV] - Episode ended without success at step 13. Final dist: 0.0511m
2026-04-24 09:21:38,795 - [ENV] - --- EPISODE START | Scenario: DESCEND | Start: [1.15289591 0.08939934 0.55      ] | Goal: [1.15289591 0.08939934 0.41      ] | DriftLimit: 0.0482 | FloorLimit: 0.4673 ---
2026-04-24 09:21:43,328 - [ENV] - --- EPISODE START | Scenario: DESCEND | Start: [1.03680464 0.5028053  0.55      ] | Goal: [1.03680464 0.5028053  0.415     ] | DriftLimit: 0.0481 | FloorLimit: 0.4674 ---
2026-04-24 09:21:47,977 - [ENV] - --- EPISODE START | Scenario: ASCEND | Start: [0.62297868 0.14941741 0.415     ] | Goal: [0.62297868 0.14941741 0.55      ] | DriftLimit: 0.0480 | FloorLimit: 0.4675 ---
2026-04-24 09:21:48,220 - [ENV] - TERMINATED (Ascend): Tube Drift = 0.0651m (Max 0.0480m) at step 6
2026-04-24 09:21:48,220 - [ENV] - Episode ended without success at step 6. Final dist: 0.1413m
2026-04-24 09:21:48,220 - [ENV] - --- EPISODE START | Scenario: ASCEND | Start: [0.61954111 0.2379827  0.415     ] | Goal: [0.61954111 0.2379827  0.55      ] | DriftLimit: 0.0480 | FloorLimit: 0.4675 ---
2026-04-24 09:21:53,103 - [ENV] - --- EPISODE START | Scenario: TRANSIT | Start: [0.7029164 0.2682235 0.55     ] | Goal: [0.61514111 0.08532188 0.55      ] | DriftLimit: 0.0478 | FloorLimit: 0.4675 ---
2026-04-24 09:21:57,615 - [ENV] - --- EPISODE START | Scenario: ASCEND | Start: [ 0.82830013 -0.00261338  0.415     ] | Goal: [ 0.82830013 -0.00261338  0.55      ] | DriftLimit: 0.0477 | FloorLimit: 0.4676 ---
2026-04-24 09:21:57,785 - [ENV] - TERMINATED (Ascend): Tube Drift = 0.0624m (Max 0.0477m) at step 4
2026-04-24 09:21:57,785 - [ENV] - Episode ended without success at step 4. Final dist: 0.1253m
2026-04-24 09:21:57,786 - [ENV] - --- EPISODE START | Scenario: ASCEND | Start: [0.86383682 0.2159344  0.415     ] | Goal: [0.86383682 0.2159344  0.55      ] | DriftLimit: 0.0477 | FloorLimit: 0.4676 ---
2026-04-24 09:21:57,992 - [ENV] - TERMINATED (Ascend): Tube Drift = 0.0491m (Max 0.0477m) at step 4
2026-04-24 09:21:57,992 - [ENV] - Episode ended without success at step 4. Final dist: 0.1099m
2026-04-24 09:21:57,993 - [ENV] - --- EPISODE START | Scenario: DESCEND | Start: [0.69965427 0.03532963 0.55      ] | Goal: [0.69965427 0.03532963 0.415     ] | DriftLimit: 0.0477 | FloorLimit: 0.4676 ---
2026-04-24 09:22:02,854 - [ENV] - --- EPISODE START | Scenario: ASCEND | Start: [1.14920964 0.08163846 0.415     ] | Goal: [1.14920964 0.08163846 0.55      ] | DriftLimit: 0.0476 | FloorLimit: 0.4677 ---
2026-04-24 09:22:03,021 - [ENV] - TERMINATED (Ascend): Tube Drift = 0.0491m (Max 0.0476m) at step 3
2026-04-24 09:22:03,021 - [ENV] - Episode ended without success at step 3. Final dist: 0.1193m
2026-04-24 09:22:03,021 - [ENV] - --- EPISODE START | Scenario: ASCEND | Start: [0.67720593 0.46512181 0.415     ] | Goal: [0.67720593 0.46512181 0.55      ] | DriftLimit: 0.0476 | FloorLimit: 0.4677 ---
2026-04-24 09:22:07,290 - [ENV] - --- EPISODE START | Scenario: DESCEND | Start: [0.88279076 0.36047088 0.55      ] | Goal: [0.88279076 0.36047088 0.41      ] | DriftLimit: 0.0474 | FloorLimit: 0.4678 ---
2026-04-24 09:22:11,919 - [ENV] - --- EPISODE START | Scenario: TRANSIT | Start: [1.0108525  0.14010786 0.55      ] | Goal: [1.11609377 0.17930046 0.55      ] | DriftLimit: 0.0473 | FloorLimit: 0.4678 ---
2026-04-24 09:22:16,348 - [ENV] - --- EPISODE START | Scenario: ASCEND | Start: [1.09966398 0.09505848 0.415     ] | Goal: [1.09966398 0.09505848 0.55      ] | DriftLimit: 0.0472 | FloorLimit: 0.4679 ---
2026-04-24 09:22:16,549 - [ENV] - TERMINATED (Ascend): Tube Drift = 0.0559m (Max 0.0472m) at step 3
2026-04-24 09:22:16,549 - [ENV] - Episode ended without success at step 3. Final dist: 0.1139m
2026-04-24 09:22:16,550 - [ENV] - --- EPISODE START | Scenario: DESCEND | Start: [0.99733499 0.41187895 0.55      ] | Goal: [0.99733499 0.41187895 0.415     ] | DriftLimit: 0.0472 | FloorLimit: 0.4679 ---
2026-04-24 09:22:21,118 - [ENV] - --- EPISODE START | Scenario: TRANSIT | Start: [0.9728468  0.50916025 0.55      ] | Goal: [0.93237897 0.31869359 0.55      ] | DriftLimit: 0.0471 | FloorLimit: 0.4680 ---
2026-04-24 09:23:01,804 - [ENV] - --- EPISODE START | Scenario: ASCEND | Start: [0.84468324 0.08157776 0.415     ] | Goal: [0.84468324 0.08157776 0.55      ] | DriftLimit: 0.0469 | FloorLimit: 0.4680 ---
2026-04-24 09:23:06,184 - [ENV] - --- EPISODE START | Scenario: TRANSIT | Start: [0.94087224 0.3344721  0.55      ] | Goal: [0.61282324 0.48512876 0.55      ] | DriftLimit: 0.0468 | FloorLimit: 0.4681 ---
2026-04-24 09:23:10,689 - [ENV] - --- EPISODE START | Scenario: ASCEND | Start: [0.74491479 0.07492242 0.415     ] | Goal: [0.74491479 0.07492242 0.55      ] | DriftLimit: 0.0467 | FloorLimit: 0.4682 ---
2026-04-24 09:23:15,250 - [ENV] - --- EPISODE START | Scenario: TRANSIT | Start: [0.63141247 0.51901293 0.55      ] | Goal: [1.04627067 0.2419118  0.55      ] | DriftLimit: 0.0465 | FloorLimit: 0.4682 ---
2026-04-24 09:23:19,617 - [ENV] - --- EPISODE START | Scenario: ASCEND | Start: [0.76845578 0.14147487 0.415     ] | Goal: [0.76845578 0.14147487 0.55      ] | DriftLimit: 0.0464 | FloorLimit: 0.4683 ---
2026-04-24 09:23:19,816 - [ENV] - TERMINATED (Ascend): Tube Drift = 0.0503m (Max 0.0464m) at step 4
2026-04-24 09:23:19,816 - [ENV] - Episode ended without success at step 4. Final dist: 0.1182m
2026-04-24 09:23:19,817 - [ENV] - --- EPISODE START | Scenario: TRANSIT | Start: [0.96350446 0.10439971 0.55      ] | Goal: [0.9871652  0.54224713 0.55      ] | DriftLimit: 0.0464 | FloorLimit: 0.4683 ---
2026-04-24 09:23:24,471 - [ENV] - --- EPISODE START | Scenario: ASCEND | Start: [0.92824668 0.08069408 0.415     ] | Goal: [0.92824668 0.08069408 0.55      ] | DriftLimit: 0.0463 | FloorLimit: 0.4684 ---
2026-04-24 09:23:24,631 - [ENV] - TERMINATED (Ascend): Tube Drift = 0.0499m (Max 0.0463m) at step 3
2026-04-24 09:23:24,631 - [ENV] - Episode ended without success at step 3. Final dist: 0.1230m
2026-04-24 09:23:24,632 - [ENV] - --- EPISODE START | Scenario: ASCEND | Start: [0.88656315 0.12005524 0.415     ] | Goal: [0.88656315 0.12005524 0.55      ] | DriftLimit: 0.0463 | FloorLimit: 0.4684 ---
2026-04-24 09:23:24,795 - [ENV] - TERMINATED (Ascend): Tube Drift = 0.0534m (Max 0.0463m) at step 3
2026-04-24 09:23:24,795 - [ENV] - Episode ended without success at step 3. Final dist: 0.1125m
2026-04-24 09:23:24,796 - [ENV] - --- EPISODE START | Scenario: TRANSIT | Start: [1.13577693 0.06008063 0.55      ] | Goal: [0.87758764 0.30570254 0.55      ] | DriftLimit: 0.0463 | FloorLimit: 0.4684 ---
2026-04-24 09:23:29,083 - [ENV] - --- EPISODE START | Scenario: DESCEND | Start: [0.95790143 0.13226417 0.55      ] | Goal: [0.95790143 0.13226417 0.415     ] | DriftLimit: 0.0462 | FloorLimit: 0.4685 ---
2026-04-24 09:23:33,509 - [ENV] - --- EPISODE START | Scenario: DESCEND | Start: [0.96988357 0.41382904 0.55      ] | Goal: [0.96988357 0.41382904 0.41      ] | DriftLimit: 0.0460 | FloorLimit: 0.4685 ---
2026-04-24 09:23:37,933 - [ENV] - --- EPISODE START | Scenario: DESCEND | Start: [1.12636234 0.23446871 0.55      ] | Goal: [1.12636234 0.23446871 0.41      ] | DriftLimit: 0.0459 | FloorLimit: 0.4686 ---
2026-04-24 09:23:38,188 - [ENV] - SUCCESS: Goal reached in 7 steps. Dist = 0.0097m
2026-04-24 09:23:38,189 - [ENV] - --- EPISODE START | Scenario: DESCEND | Start: [0.93016748 0.44014956 0.55      ] | Goal: [0.93016748 0.44014956 0.415     ] | DriftLimit: 0.0459 | FloorLimit: 0.4686 ---
2026-04-24 09:23:38,477 - [ENV] - SUCCESS: Goal reached in 4 steps. Dist = 0.0088m
2026-04-24 09:23:38,478 - [ENV] - --- EPISODE START | Scenario: DESCEND | Start: [1.15278538 0.34264229 0.55      ] | Goal: [1.15278538 0.34264229 0.415     ] | DriftLimit: 0.0459 | FloorLimit: 0.4686 ---
2026-04-24 09:23:39,536 - [ENV] - TERMINATED (Descend): Tube Drift = 0.0468m (Max 0.0459m) at step 36
2026-04-24 09:23:39,537 - [ENV] - Episode ended without success at step 36. Final dist: 0.0469m
2026-04-24 09:23:39,538 - [ENV] - --- EPISODE START | Scenario: DESCEND | Start: [0.61077514 0.14056804 0.55      ] | Goal: [0.61077514 0.14056804 0.415     ] | DriftLimit: 0.0459 | FloorLimit: 0.4686 ---
2026-04-24 09:23:44,035 - [ENV] - --- EPISODE START | Scenario: ASCEND | Start: [0.80395968 0.24551356 0.415     ] | Goal: [0.80395968 0.24551356 0.55      ] | DriftLimit: 0.0457 | FloorLimit: 0.4687 ---
2026-04-24 09:23:48,838 - [ENV] - --- EPISODE START | Scenario: ASCEND | Start: [0.84434935 0.46994449 0.415     ] | Goal: [0.84434935 0.46994449 0.55      ] | DriftLimit: 0.0456 | FloorLimit: 0.4688 ---
2026-04-24 09:23:49,030 - [ENV] - TERMINATED (Ascend): Tube Drift = 0.0545m (Max 0.0456m) at step 3
2026-04-24 09:23:49,030 - [ENV] - Episode ended without success at step 3. Final dist: 0.0919m
2026-04-24 09:23:49,031 - [ENV] - --- EPISODE START | Scenario: TRANSIT | Start: [1.11871053 0.16164114 0.55      ] | Goal: [0.86212196 0.28016999 0.55      ] | DriftLimit: 0.0456 | FloorLimit: 0.4688 ---
2026-04-24 09:23:53,450 - [ENV] - --- EPISODE START | Scenario: DESCEND | Start: [0.83349981 0.07756033 0.55      ] | Goal: [0.83349981 0.07756033 0.41      ] | DriftLimit: 0.0455 | FloorLimit: 0.4688 ---
2026-04-24 09:23:58,012 - [ENV] - --- EPISODE START | Scenario: TRANSIT | Start: [0.81922633 0.35133088 0.55      ] | Goal: [1.10851989 0.23917897 0.55      ] | DriftLimit: 0.0453 | FloorLimit: 0.4689 ---
2026-04-24 09:24:02,761 - [ENV] - --- EPISODE START | Scenario: TRANSIT | Start: [0.88914141 0.15876896 0.55      ] | Goal: [0.89366474 0.36933238 0.55      ] | DriftLimit: 0.0452 | FloorLimit: 0.4690 ---
2026-04-24 09:24:42,606 - [ENV] - --- EPISODE START | Scenario: DESCEND | Start: [0.66843647 0.43139325 0.55      ] | Goal: [0.66843647 0.43139325 0.41      ] | DriftLimit: 0.0451 | FloorLimit: 0.4690 ---
2026-04-24 09:24:46,744 - [ENV] - --- EPISODE START | Scenario: TRANSIT | Start: [1.05221396 0.21257432 0.55      ] | Goal: [0.95503702 0.4860152  0.55      ] | DriftLimit: 0.0450 | FloorLimit: 0.4691 ---
2026-04-24 09:24:51,419 - [ENV] - --- EPISODE START | Scenario: ASCEND | Start: [0.71780222 0.41232439 0.415     ] | Goal: [0.71780222 0.41232439 0.55      ] | DriftLimit: 0.0448 | FloorLimit: 0.4692 ---
2026-04-24 09:24:56,134 - [ENV] - --- EPISODE START | Scenario: DESCEND | Start: [1.1157816 0.2898104 0.55     ] | Goal: [1.1157816 0.2898104 0.415    ] | DriftLimit: 0.0447 | FloorLimit: 0.4693 ---
2026-04-24 09:24:56,307 - [ENV] - SUCCESS: Goal reached in 4 steps. Dist = 0.0100m
2026-04-24 09:24:56,307 - [ENV] - --- EPISODE START | Scenario: ASCEND | Start: [1.14895213 0.0909908  0.415     ] | Goal: [1.14895213 0.0909908  0.55      ] | DriftLimit: 0.0447 | FloorLimit: 0.4693 ---
2026-04-24 09:24:56,478 - [ENV] - TERMINATED (Ascend): Tube Drift = 0.0480m (Max 0.0447m) at step 3
2026-04-24 09:24:56,478 - [ENV] - Episode ended without success at step 3. Final dist: 0.1174m
2026-04-24 09:24:56,479 - [ENV] - --- EPISODE START | Scenario: ASCEND | Start: [0.90617158 0.52502896 0.415     ] | Goal: [0.90617158 0.52502896 0.55      ] | DriftLimit: 0.0447 | FloorLimit: 0.4693 ---
2026-04-24 09:24:56,658 - [ENV] - TERMINATED (Ascend): Tube Drift = 0.0460m (Max 0.0447m) at step 3
2026-04-24 09:24:56,658 - [ENV] - Episode ended without success at step 3. Final dist: 0.0849m
2026-04-24 09:24:56,659 - [ENV] - --- EPISODE START | Scenario: DESCEND | Start: [0.79696079 0.4312462  0.55      ] | Goal: [0.79696079 0.4312462  0.41      ] | DriftLimit: 0.0447 | FloorLimit: 0.4693 ---
2026-04-24 09:25:01,028 - [ENV] - --- EPISODE START | Scenario: ASCEND | Start: [0.9728108  0.18560552 0.415     ] | Goal: [0.9728108  0.18560552 0.55      ] | DriftLimit: 0.0446 | FloorLimit: 0.4693 ---
2026-04-24 09:25:01,325 - [ENV] - TERMINATED (Ascend): Tube Drift = 0.0637m (Max 0.0446m) at step 4
2026-04-24 09:25:01,326 - [ENV] - Episode ended without success at step 4. Final dist: 0.1120m
2026-04-24 09:25:01,326 - [ENV] - --- EPISODE START | Scenario: ASCEND | Start: [0.76389432 0.29589652 0.415     ] | Goal: [0.76389432 0.29589652 0.55      ] | DriftLimit: 0.0446 | FloorLimit: 0.4693 ---
2026-04-24 09:25:05,951 - [ENV] - --- EPISODE START | Scenario: DESCEND | Start: [1.03791707 0.32470978 0.55      ] | Goal: [1.03791707 0.32470978 0.415     ] | DriftLimit: 0.0444 | FloorLimit: 0.4694 ---
2026-04-24 09:25:10,520 - [ENV] - --- EPISODE START | Scenario: ASCEND | Start: [1.01471716 0.48287036 0.415     ] | Goal: [1.01471716 0.48287036 0.55      ] | DriftLimit: 0.0443 | FloorLimit: 0.4695 ---
2026-04-24 09:25:10,705 - [ENV] - TERMINATED (Ascend): Tube Drift = 0.0542m (Max 0.0443m) at step 3
2026-04-24 09:25:10,705 - [ENV] - Episode ended without success at step 3. Final dist: 0.0918m
2026-04-24 09:25:10,706 - [ENV] - --- EPISODE START | Scenario: DESCEND | Start: [0.92012932 0.497858   0.55      ] | Goal: [0.92012932 0.497858   0.415     ] | DriftLimit: 0.0443 | FloorLimit: 0.4695 ---
2026-04-24 09:25:15,098 - [ENV] - --- EPISODE START | Scenario: ASCEND | Start: [0.63302816 0.11043717 0.415     ] | Goal: [0.63302816 0.11043717 0.55      ] | DriftLimit: 0.0442 | FloorLimit: 0.4695 ---
2026-04-24 09:25:15,360 - [ENV] - TERMINATED (Ascend): Tube Drift = 0.0605m (Max 0.0442m) at step 6
2026-04-24 09:25:15,360 - [ENV] - Episode ended without success at step 6. Final dist: 0.1385m
2026-04-24 09:25:15,361 - [ENV] - --- EPISODE START | Scenario: ASCEND | Start: [1.0143869  0.07885655 0.415     ] | Goal: [1.0143869  0.07885655 0.55      ] | DriftLimit: 0.0442 | FloorLimit: 0.4695 ---
2026-04-24 09:25:15,519 - [ENV] - TERMINATED (Ascend): Tube Drift = 0.0572m (Max 0.0442m) at step 3
2026-04-24 09:25:15,519 - [ENV] - Episode ended without success at step 3. Final dist: 0.1176m
2026-04-24 09:25:15,519 - [ENV] - --- EPISODE START | Scenario: TRANSIT | Start: [0.83471368 0.08029034 0.55      ] | Goal: [0.70843707 0.06702152 0.55      ] | DriftLimit: 0.0442 | FloorLimit: 0.4695 ---
2026-04-24 09:25:19,991 - [ENV] - --- EPISODE START | Scenario: ASCEND | Start: [0.95880135 0.02544921 0.415     ] | Goal: [0.95880135 0.02544921 0.55      ] | DriftLimit: 0.0440 | FloorLimit: 0.4696 ---
2026-04-24 09:25:20,228 - [ENV] - TERMINATED (Ascend): Tube Drift = 0.0452m (Max 0.0440m) at step 3
2026-04-24 09:25:20,229 - [ENV] - Episode ended without success at step 3. Final dist: 0.1275m
2026-04-24 09:25:20,230 - [ENV] - --- EPISODE START | Scenario: ASCEND | Start: [0.73084123 0.05389389 0.415     ] | Goal: [0.73084123 0.05389389 0.55      ] | DriftLimit: 0.0440 | FloorLimit: 0.4696 ---
2026-04-24 09:25:20,473 - [ENV] - TERMINATED (Ascend): Tube Drift = 0.0484m (Max 0.0440m) at step 5
2026-04-24 09:25:20,473 - [ENV] - Episode ended without success at step 5. Final dist: 0.1340m
2026-04-24 09:25:20,474 - [ENV] - --- EPISODE START | Scenario: ASCEND | Start: [0.60068449 0.47582934 0.415     ] | Goal: [0.60068449 0.47582934 0.55      ] | DriftLimit: 0.0440 | FloorLimit: 0.4696 ---
2026-04-24 09:25:25,116 - [ENV] - --- EPISODE START | Scenario: DESCEND | Start: [0.75098691 0.42351864 0.55      ] | Goal: [0.75098691 0.42351864 0.41      ] | DriftLimit: 0.0439 | FloorLimit: 0.4697 ---
2026-04-24 09:25:30,006 - [ENV] - --- EPISODE START | Scenario: DESCEND | Start: [1.11517642 0.51826964 0.55      ] | Goal: [1.11517642 0.51826964 0.41      ] | DriftLimit: 0.0438 | FloorLimit: 0.4698 ---
2026-04-24 09:25:35,065 - [ENV] - --- EPISODE START | Scenario: DESCEND | Start: [0.95583336 0.26098863 0.55      ] | Goal: [0.95583336 0.26098863 0.415     ] | DriftLimit: 0.0437 | FloorLimit: 0.4698 ---
2026-04-24 09:25:35,255 - [ENV] - SUCCESS: Goal reached in 4 steps. Dist = 0.0053m
2026-04-24 09:25:35,256 - [ENV] - --- EPISODE START | Scenario: ASCEND | Start: [0.81251464 0.26778946 0.415     ] | Goal: [0.81251464 0.26778946 0.55      ] | DriftLimit: 0.0436 | FloorLimit: 0.4698 ---
2026-04-24 09:25:35,657 - [ENV] - TERMINATED (Ascend): Tube Drift = 0.0502m (Max 0.0436m) at step 5
2026-04-24 09:25:35,657 - [ENV] - Episode ended without success at step 5. Final dist: 0.1014m
2026-04-24 09:25:35,658 - [ENV] - --- EPISODE START | Scenario: TRANSIT | Start: [1.00306305 0.35090319 0.55      ] | Goal: [0.97457586 0.02186764 0.55      ] | DriftLimit: 0.0436 | FloorLimit: 0.4698 ---
2026-04-24 09:25:40,046 - [ENV] - --- EPISODE START | Scenario: DESCEND | Start: [0.78751907 0.04752509 0.55      ] | Goal: [0.78751907 0.04752509 0.41      ] | DriftLimit: 0.0435 | FloorLimit: 0.4699 ---
2026-04-24 09:25:45,114 - [ENV] - --- EPISODE START | Scenario: TRANSIT | Start: [ 0.79519372 -0.00360487  0.55      ] | Goal: [0.90951527 0.48440207 0.55      ] | DriftLimit: 0.0434 | FloorLimit: 0.4700 ---
2026-04-24 09:26:27,838 - [ENV] - --- EPISODE START | Scenario: ASCEND | Start: [0.92757916 0.54253851 0.415     ] | Goal: [0.92757916 0.54253851 0.55      ] | DriftLimit: 0.0433 | FloorLimit: 0.4700 ---
2026-04-24 09:26:28,267 - [ENV] - TERMINATED (Ascend): Tube Drift = 0.0474m (Max 0.0433m) at step 8
2026-04-24 09:26:28,267 - [ENV] - Episode ended without success at step 8. Final dist: 0.0504m
2026-04-24 09:26:28,268 - [ENV] - --- EPISODE START | Scenario: ASCEND | Start: [0.64793813 0.29779246 0.415     ] | Goal: [0.64793813 0.29779246 0.55      ] | DriftLimit: 0.0433 | FloorLimit: 0.4700 ---
2026-04-24 09:26:28,571 - [ENV] - TERMINATED (Ascend): Tube Drift = 0.0531m (Max 0.0433m) at step 3
2026-04-24 09:26:28,572 - [ENV] - Episode ended without success at step 3. Final dist: 0.1322m
2026-04-24 09:26:28,574 - [ENV] - --- EPISODE START | Scenario: TRANSIT | Start: [0.99912988 0.52170364 0.55      ] | Goal: [1.10380836 0.46905203 0.55      ] | DriftLimit: 0.0433 | FloorLimit: 0.4700 ---
2026-04-24 09:26:32,762 - [ENV] - --- EPISODE START | Scenario: TRANSIT | Start: [0.62951603 0.24585618 0.55      ] | Goal: [0.89440107 0.38060065 0.55      ] | DriftLimit: 0.0431 | FloorLimit: 0.4701 ---
2026-04-24 09:26:37,023 - [ENV] - --- EPISODE START | Scenario: ASCEND | Start: [0.92355003 0.240235   0.415     ] | Goal: [0.92355003 0.240235   0.55      ] | DriftLimit: 0.0430 | FloorLimit: 0.4702 ---
2026-04-24 09:26:37,227 - [ENV] - TERMINATED (Ascend): Tube Drift = 0.0501m (Max 0.0430m) at step 3
2026-04-24 09:26:37,227 - [ENV] - Episode ended without success at step 3. Final dist: 0.1043m
2026-04-24 09:26:37,228 - [ENV] - --- EPISODE START | Scenario: TRANSIT | Start: [0.91772602 0.07242932 0.55      ] | Goal: [1.15996651 0.19527996 0.55      ] | DriftLimit: 0.0430 | FloorLimit: 0.4702 ---
2026-04-24 09:26:37,582 - [ENV] - SUCCESS: Goal reached in 13 steps. Dist = 0.0213m
2026-04-24 09:26:37,583 - [ENV] - --- EPISODE START | Scenario: DESCEND | Start: [0.63173041 0.35992812 0.55      ] | Goal: [0.63173041 0.35992812 0.415     ] | DriftLimit: 0.0430 | FloorLimit: 0.4702 ---
2026-04-24 09:26:42,319 - [ENV] - --- EPISODE START | Scenario: DESCEND | Start: [0.85056661 0.04794713 0.55      ] | Goal: [0.85056661 0.04794713 0.41      ] | DriftLimit: 0.0429 | FloorLimit: 0.4703 ---
2026-04-24 09:26:46,801 - [ENV] - --- EPISODE START | Scenario: DESCEND | Start: [0.74098746 0.2316207  0.55      ] | Goal: [0.74098746 0.2316207  0.415     ] | DriftLimit: 0.0427 | FloorLimit: 0.4703 ---
2026-04-24 09:26:51,437 - [ENV] - --- EPISODE START | Scenario: DESCEND | Start: [0.73585475 0.48061681 0.55      ] | Goal: [0.73585475 0.48061681 0.41      ] | DriftLimit: 0.0426 | FloorLimit: 0.4704 ---
2026-04-24 09:26:56,023 - [ENV] - --- EPISODE START | Scenario: DESCEND | Start: [1.10823457 0.04849708 0.55      ] | Goal: [1.10823457 0.04849708 0.415     ] | DriftLimit: 0.0425 | FloorLimit: 0.4705 ---
2026-04-24 09:26:56,882 - [ENV] - SUCCESS: Goal reached in 30 steps. Dist = 0.0099m
2026-04-24 09:26:56,883 - [ENV] - --- EPISODE START | Scenario: DESCEND | Start: [0.86550094 0.2585141  0.55      ] | Goal: [0.86550094 0.2585141  0.41      ] | DriftLimit: 0.0424 | FloorLimit: 0.4705 ---
2026-04-24 09:27:01,311 - [ENV] - --- EPISODE START | Scenario: TRANSIT | Start: [0.71798684 0.15447878 0.55      ] | Goal: [0.94148603 0.54367109 0.55      ] | DriftLimit: 0.0423 | FloorLimit: 0.4706 ---
2026-04-24 09:27:05,807 - [ENV] - --- EPISODE START | Scenario: DESCEND | Start: [1.09610307 0.02146294 0.55      ] | Goal: [1.09610307 0.02146294 0.41      ] | DriftLimit: 0.0422 | FloorLimit: 0.4706 ---
2026-04-24 09:27:06,692 - [ENV] - SUCCESS: Goal reached in 31 steps. Dist = 0.0099m
2026-04-24 09:27:06,692 - [ENV] - --- EPISODE START | Scenario: ASCEND | Start: [0.75806885 0.24197523 0.415     ] | Goal: [0.75806885 0.24197523 0.55      ] | DriftLimit: 0.0422 | FloorLimit: 0.4706 ---
2026-04-24 09:27:06,997 - [ENV] - TERMINATED (Ascend): Tube Drift = 0.0526m (Max 0.0422m) at step 4
2026-04-24 09:27:06,997 - [ENV] - Episode ended without success at step 4. Final dist: 0.1369m
2026-04-24 09:27:06,998 - [ENV] - --- EPISODE START | Scenario: TRANSIT | Start: [0.88444498 0.01896916 0.55      ] | Goal: [1.05406152 0.02930256 0.55      ] | DriftLimit: 0.0422 | FloorLimit: 0.4706 ---
2026-04-24 09:27:11,390 - [ENV] - --- EPISODE START | Scenario: DESCEND | Start: [0.72036409 0.42827484 0.55      ] | Goal: [0.72036409 0.42827484 0.41      ] | DriftLimit: 0.0420 | FloorLimit: 0.4707 ---
2026-04-24 09:27:16,087 - [ENV] - --- EPISODE START | Scenario: DESCEND | Start: [1.11741953 0.25978319 0.55      ] | Goal: [1.11741953 0.25978319 0.415     ] | DriftLimit: 0.0419 | FloorLimit: 0.4708 ---
2026-04-24 09:27:16,263 - [ENV] - SUCCESS: Goal reached in 4 steps. Dist = 0.0076m
2026-04-24 09:27:16,264 - [ENV] - --- EPISODE START | Scenario: DESCEND | Start: [0.72444173 0.08347427 0.55      ] | Goal: [0.72444173 0.08347427 0.41      ] | DriftLimit: 0.0419 | FloorLimit: 0.4708 ---
2026-04-24 09:27:20,876 - [ENV] - --- EPISODE START | Scenario: DESCEND | Start: [0.62573975 0.27856974 0.55      ] | Goal: [0.62573975 0.27856974 0.41      ] | DriftLimit: 0.0418 | FloorLimit: 0.4708 ---
2026-04-24 09:27:25,513 - [ENV] - --- EPISODE START | Scenario: DESCEND | Start: [0.67527204 0.14517683 0.55      ] | Goal: [0.67527204 0.14517683 0.41      ] | DriftLimit: 0.0417 | FloorLimit: 0.4709 ---
2026-04-24 09:27:30,127 - [ENV] - --- EPISODE START | Scenario: DESCEND | Start: [1.03669412 0.5241742  0.55      ] | Goal: [1.03669412 0.5241742  0.415     ] | DriftLimit: 0.0415 | FloorLimit: 0.4710 ---
2026-04-24 09:28:08,040 - [ENV] - --- EPISODE START | Scenario: ASCEND | Start: [0.93134355 0.38390228 0.415     ] | Goal: [0.93134355 0.38390228 0.55      ] | DriftLimit: 0.0414 | FloorLimit: 0.4711 ---
2026-04-24 09:28:08,406 - [ENV] - TERMINATED (Ascend): Tube Drift = 0.0419m (Max 0.0414m) at step 8
2026-04-24 09:28:08,406 - [ENV] - Episode ended without success at step 8. Final dist: 0.0636m
2026-04-24 09:28:08,407 - [ENV] - --- EPISODE START | Scenario: ASCEND | Start: [1.11059985 0.00217747 0.415     ] | Goal: [1.11059985 0.00217747 0.55      ] | DriftLimit: 0.0414 | FloorLimit: 0.4711 ---
2026-04-24 09:28:08,555 - [ENV] - TERMINATED (Ascend): Tube Drift = 0.0495m (Max 0.0414m) at step 4
2026-04-24 09:28:08,555 - [ENV] - Episode ended without success at step 4. Final dist: 0.1362m
2026-04-24 09:28:08,556 - [ENV] - --- EPISODE START | Scenario: ASCEND | Start: [0.65587136 0.24073138 0.415     ] | Goal: [0.65587136 0.24073138 0.55      ] | DriftLimit: 0.0414 | FloorLimit: 0.4711 ---
2026-04-24 09:28:09,409 - [ENV] - TERMINATED (Ascend): Tube Drift = 0.0429m (Max 0.0414m) at step 29
2026-04-24 09:28:09,409 - [ENV] - Episode ended without success at step 29. Final dist: 0.1261m
2026-04-24 09:28:09,411 - [ENV] - --- EPISODE START | Scenario: ASCEND | Start: [0.79872576 0.44618101 0.415     ] | Goal: [0.79872576 0.44618101 0.55      ] | DriftLimit: 0.0414 | FloorLimit: 0.4711 ---
2026-04-24 09:28:09,543 - [ENV] - TERMINATED (Ascend): Tube Drift = 0.0431m (Max 0.0414m) at step 3
2026-04-24 09:28:09,543 - [ENV] - Episode ended without success at step 3. Final dist: 0.0951m
2026-04-24 09:28:09,544 - [ENV] - --- EPISODE START | Scenario: TRANSIT | Start: [0.81198568 0.36124478 0.55      ] | Goal: [0.88927181 0.24994646 0.55      ] | DriftLimit: 0.0414 | FloorLimit: 0.4711 ---
2026-04-24 09:28:13,598 - [ENV] - --- EPISODE START | Scenario: TRANSIT | Start: [0.65858594 0.3468814  0.55      ] | Goal: [0.62636275 0.23858892 0.55      ] | DriftLimit: 0.0412 | FloorLimit: 0.4711 ---
2026-04-24 09:28:18,221 - [ENV] - --- EPISODE START | Scenario: TRANSIT | Start: [1.13806619 0.21448298 0.55      ] | Goal: [0.98836744 0.51217782 0.55      ] | DriftLimit: 0.0411 | FloorLimit: 0.4712 ---
2026-04-24 09:28:22,705 - [ENV] - --- EPISODE START | Scenario: TRANSIT | Start: [0.92752482 0.39591567 0.55      ] | Goal: [0.60110997 0.02713857 0.55      ] | DriftLimit: 0.0410 | FloorLimit: 0.4713 ---
2026-04-24 09:28:27,152 - [ENV] - --- EPISODE START | Scenario: DESCEND | Start: [0.97979765 0.20882317 0.55      ] | Goal: [0.97979765 0.20882317 0.41      ] | DriftLimit: 0.0408 | FloorLimit: 0.4714 ---
2026-04-24 09:28:31,820 - [ENV] - --- EPISODE START | Scenario: TRANSIT | Start: [0.91506377 0.18002751 0.55      ] | Goal: [0.99791066 0.24554335 0.55      ] | DriftLimit: 0.0407 | FloorLimit: 0.4714 ---
2026-04-24 09:28:36,356 - [ENV] - --- EPISODE START | Scenario: ASCEND | Start: [0.83484918 0.1218591  0.415     ] | Goal: [0.83484918 0.1218591  0.55      ] | DriftLimit: 0.0406 | FloorLimit: 0.4715 ---
2026-04-24 09:28:36,558 - [ENV] - TERMINATED (Ascend): Tube Drift = 0.0470m (Max 0.0406m) at step 4
2026-04-24 09:28:36,559 - [ENV] - Episode ended without success at step 4. Final dist: 0.1235m
2026-04-24 09:28:36,559 - [ENV] - --- EPISODE START | Scenario: DESCEND | Start: [1.05332091 0.48631532 0.55      ] | Goal: [1.05332091 0.48631532 0.41      ] | DriftLimit: 0.0406 | FloorLimit: 0.4715 ---
2026-04-24 09:28:40,960 - [ENV] - --- EPISODE START | Scenario: ASCEND | Start: [0.82948229 0.53831486 0.415     ] | Goal: [0.82948229 0.53831486 0.55      ] | DriftLimit: 0.0405 | FloorLimit: 0.4716 ---
2026-04-24 09:28:42,364 - [ENV] - TERMINATED (Ascend): Tube Drift = 0.0405m (Max 0.0404m) at step 41
2026-04-24 09:28:42,364 - [ENV] - Episode ended without success at step 41. Final dist: 0.0464m
2026-04-24 09:28:42,365 - [ENV] - --- EPISODE START | Scenario: TRANSIT | Start: [1.12962481 0.53201003 0.55      ] | Goal: [0.70950768 0.07562094 0.55      ] | DriftLimit: 0.0404 | FloorLimit: 0.4716 ---
2026-04-24 09:28:47,013 - [ENV] - --- EPISODE START | Scenario: ASCEND | Start: [1.10774308 0.17252759 0.415     ] | Goal: [1.10774308 0.17252759 0.55      ] | DriftLimit: 0.0403 | FloorLimit: 0.4717 ---
2026-04-24 09:28:47,256 - [ENV] - TERMINATED (Ascend): Tube Drift = 0.0518m (Max 0.0403m) at step 3
2026-04-24 09:28:47,256 - [ENV] - Episode ended without success at step 3. Final dist: 0.1082m
2026-04-24 09:28:47,256 - [ENV] - --- EPISODE START | Scenario: DESCEND | Start: [0.65683799 0.17556558 0.55      ] | Goal: [0.65683799 0.17556558 0.415     ] | DriftLimit: 0.0403 | FloorLimit: 0.4717 ---
2026-04-24 09:28:51,692 - [ENV] - --- EPISODE START | Scenario: DESCEND | Start: [0.62137499 0.3264251  0.55      ] | Goal: [0.62137499 0.3264251  0.41      ] | DriftLimit: 0.0402 | FloorLimit: 0.4717 ---
2026-04-24 09:28:56,086 - [ENV] - --- EPISODE START | Scenario: DESCEND | Start: [0.70752628 0.31806577 0.55      ] | Goal: [0.70752628 0.31806577 0.415     ] | DriftLimit: 0.0400 | FloorLimit: 0.4718 ---
2026-04-24 09:29:00,754 - [ENV] - --- EPISODE START | Scenario: TRANSIT | Start: [1.13379941 0.44276501 0.55      ] | Goal: [0.91143418 0.03460511 0.55      ] | DriftLimit: 0.0399 | FloorLimit: 0.4719 ---
2026-04-24 09:29:05,324 - [ENV] - --- EPISODE START | Scenario: DESCEND | Start: [0.73132217 0.22479317 0.55      ] | Goal: [0.73132217 0.22479317 0.41      ] | DriftLimit: 0.0398 | FloorLimit: 0.4719 ---
2026-04-24 09:29:41,033 - [ENV] - --- EPISODE START | Scenario: DESCEND | Start: [1.03116131 0.17929839 0.55      ] | Goal: [1.03116131 0.17929839 0.415     ] | DriftLimit: 0.0397 | FloorLimit: 0.4720 ---
2026-04-24 09:29:41,404 - [ENV] - SUCCESS: Goal reached in 14 steps. Dist = 0.0097m
2026-04-24 09:29:41,404 - [ENV] - --- EPISODE START | Scenario: ASCEND | Start: [0.89009097 0.51214521 0.415     ] | Goal: [0.89009097 0.51214521 0.55      ] | DriftLimit: 0.0396 | FloorLimit: 0.4720 ---
2026-04-24 09:29:41,984 - [ENV] - TERMINATED (Ascend): Tube Drift = 0.0430m (Max 0.0396m) at step 9
2026-04-24 09:29:41,984 - [ENV] - Episode ended without success at step 9. Final dist: 0.0463m
2026-04-24 09:29:41,986 - [ENV] - --- EPISODE START | Scenario: TRANSIT | Start: [0.72003812 0.16222424 0.55      ] | Goal: [0.873966   0.35591738 0.55      ] | DriftLimit: 0.0396 | FloorLimit: 0.4720 ---
2026-04-24 09:29:46,047 - [ENV] - --- EPISODE START | Scenario: TRANSIT | Start: [0.73796071 0.38153169 0.55      ] | Goal: [0.90095852 0.3638088  0.55      ] | DriftLimit: 0.0395 | FloorLimit: 0.4721 ---
2026-04-24 09:29:50,416 - [ENV] - --- EPISODE START | Scenario: DESCEND | Start: [0.68732982 0.48218793 0.55      ] | Goal: [0.68732982 0.48218793 0.41      ] | DriftLimit: 0.0394 | FloorLimit: 0.4722 ---
2026-04-24 09:29:55,018 - [ENV] - --- EPISODE START | Scenario: ASCEND | Start: [0.81076765 0.23566193 0.415     ] | Goal: [0.81076765 0.23566193 0.55      ] | DriftLimit: 0.0393 | FloorLimit: 0.4722 ---
2026-04-24 09:29:59,907 - [ENV] - --- EPISODE START | Scenario: TRANSIT | Start: [0.91865179 0.49344482 0.55      ] | Goal: [0.66168156 0.18205375 0.55      ] | DriftLimit: 0.0391 | FloorLimit: 0.4723 ---
2026-04-24 09:30:04,821 - [ENV] - --- EPISODE START | Scenario: TRANSIT | Start: [0.92159159 0.01859    0.55      ] | Goal: [1.01958171 0.06670735 0.55      ] | DriftLimit: 0.0390 | FloorLimit: 0.4724 ---
2026-04-24 09:30:09,257 - [ENV] - --- EPISODE START | Scenario: ASCEND | Start: [0.65104027 0.20926359 0.415     ] | Goal: [0.65104027 0.20926359 0.55      ] | DriftLimit: 0.0389 | FloorLimit: 0.4724 ---
2026-04-24 09:30:09,511 - [ENV] - TERMINATED (Ascend): Tube Drift = 0.0408m (Max 0.0389m) at step 5
2026-04-24 09:30:09,511 - [ENV] - Episode ended without success at step 5. Final dist: 0.1222m
2026-04-24 09:30:09,512 - [ENV] - --- EPISODE START | Scenario: ASCEND | Start: [1.09670539 0.24134185 0.415     ] | Goal: [1.09670539 0.24134185 0.55      ] | DriftLimit: 0.0389 | FloorLimit: 0.4724 ---
2026-04-24 09:30:09,714 - [ENV] - TERMINATED (Ascend): Tube Drift = 0.0395m (Max 0.0389m) at step 3
2026-04-24 09:30:09,714 - [ENV] - Episode ended without success at step 3. Final dist: 0.1305m
2026-04-24 09:30:09,715 - [ENV] - --- EPISODE START | Scenario: ASCEND | Start: [ 0.71250132 -0.00508106  0.415     ] | Goal: [ 0.71250132 -0.00508106  0.55      ] | DriftLimit: 0.0389 | FloorLimit: 0.4724 ---
2026-04-24 09:30:09,923 - [ENV] - TERMINATED (Ascend): Tube Drift = 0.0430m (Max 0.0389m) at step 5
2026-04-24 09:30:09,924 - [ENV] - Episode ended without success at step 5. Final dist: 0.1358m
2026-04-24 09:30:09,924 - [ENV] - --- EPISODE START | Scenario: ASCEND | Start: [0.91194814 0.21890166 0.415     ] | Goal: [0.91194814 0.21890166 0.55      ] | DriftLimit: 0.0389 | FloorLimit: 0.4724 ---
2026-04-24 09:30:10,110 - [ENV] - TERMINATED (Ascend): Tube Drift = 0.0398m (Max 0.0389m) at step 3
2026-04-24 09:30:10,110 - [ENV] - Episode ended without success at step 3. Final dist: 0.1279m
2026-04-24 09:30:10,111 - [ENV] - --- EPISODE START | Scenario: TRANSIT | Start: [0.88778956 0.53698551 0.55      ] | Goal: [ 0.69106178 -0.009444    0.55      ] | DriftLimit: 0.0389 | FloorLimit: 0.4724 ---
2026-04-24 09:30:14,397 - [ENV] - --- EPISODE START | Scenario: TRANSIT | Start: [0.7751669  0.11590624 0.55      ] | Goal: [1.0984116  0.39800773 0.55      ] | DriftLimit: 0.0387 | FloorLimit: 0.4725 ---
2026-04-24 09:30:18,973 - [ENV] - --- EPISODE START | Scenario: TRANSIT | Start: [1.13989996 0.10719752 0.55      ] | Goal: [0.81814949 0.09266031 0.55      ] | DriftLimit: 0.0386 | FloorLimit: 0.4726 ---
2026-04-24 09:30:23,371 - [ENV] - --- EPISODE START | Scenario: DESCEND | Start: [1.00684012 0.38621793 0.55      ] | Goal: [1.00684012 0.38621793 0.41      ] | DriftLimit: 0.0385 | FloorLimit: 0.4727 ---
2026-04-24 09:30:25,833 - [ENV] - TERMINATED (Descend): Tube Drift = 0.0385m (Max 0.0384m) at step 79
2026-04-24 09:30:25,833 - [ENV] - Episode ended without success at step 79. Final dist: 0.0392m
2026-04-24 09:30:25,834 - [ENV] - --- EPISODE START | Scenario: ASCEND | Start: [1.04066615 0.51311549 0.415     ] | Goal: [1.04066615 0.51311549 0.55      ] | DriftLimit: 0.0384 | FloorLimit: 0.4727 ---
2026-04-24 09:30:26,007 - [ENV] - TERMINATED (Ascend): Tube Drift = 0.0510m (Max 0.0384m) at step 3
2026-04-24 09:30:26,008 - [ENV] - Episode ended without success at step 3. Final dist: 0.0890m
2026-04-24 09:30:26,008 - [ENV] - --- EPISODE START | Scenario: ASCEND | Start: [0.89396674 0.24441779 0.415     ] | Goal: [0.89396674 0.24441779 0.55      ] | DriftLimit: 0.0384 | FloorLimit: 0.4727 ---
2026-04-24 09:30:26,192 - [ENV] - TERMINATED (Ascend): Tube Drift = 0.0386m (Max 0.0384m) at step 3
2026-04-24 09:30:26,192 - [ENV] - Episode ended without success at step 3. Final dist: 0.1287m
2026-04-24 09:30:26,193 - [ENV] - --- EPISODE START | Scenario: ASCEND | Start: [0.77000878 0.48235936 0.415     ] | Goal: [0.77000878 0.48235936 0.55      ] | DriftLimit: 0.0384 | FloorLimit: 0.4727 ---
2026-04-24 09:30:26,390 - [ENV] - TERMINATED (Ascend): Tube Drift = 0.0596m (Max 0.0384m) at step 4
2026-04-24 09:30:26,390 - [ENV] - Episode ended without success at step 4. Final dist: 0.0829m
2026-04-24 09:30:26,391 - [ENV] - --- EPISODE START | Scenario: ASCEND | Start: [0.75190722 0.16331036 0.415     ] | Goal: [0.75190722 0.16331036 0.55      ] | DriftLimit: 0.0384 | FloorLimit: 0.4727 ---
2026-04-24 09:30:26,733 - [ENV] - TERMINATED (Ascend): Tube Drift = 0.0389m (Max 0.0384m) at step 9
2026-04-24 09:30:26,733 - [ENV] - Episode ended without success at step 9. Final dist: 0.1242m
2026-04-24 09:30:26,733 - [ENV] - --- EPISODE START | Scenario: DESCEND | Start: [0.91244374 0.07438431 0.55      ] | Goal: [0.91244374 0.07438431 0.41      ] | DriftLimit: 0.0384 | FloorLimit: 0.4727 ---
2026-04-24 09:30:31,226 - [ENV] - --- EPISODE START | Scenario: DESCEND | Start: [0.95098052 0.37065434 0.55      ] | Goal: [0.95098052 0.37065434 0.415     ] | DriftLimit: 0.0383 | FloorLimit: 0.4728 ---
2026-04-24 09:30:35,603 - [ENV] - --- EPISODE START | Scenario: DESCEND | Start: [1.10494293 0.01668184 0.55      ] | Goal: [1.10494293 0.01668184 0.41      ] | DriftLimit: 0.0381 | FloorLimit: 0.4728 ---
2026-04-24 09:30:40,504 - [ENV] - --- EPISODE START | Scenario: TRANSIT | Start: [1.06150677 0.24701287 0.55      ] | Goal: [0.91455372 0.09249651 0.55      ] | DriftLimit: 0.0380 | FloorLimit: 0.4729 ---
2026-04-24 09:30:40,738 - [ENV] - SUCCESS: Goal reached in 7 steps. Dist = 0.0038m
2026-04-24 09:30:40,739 - [ENV] - --- EPISODE START | Scenario: ASCEND | Start: [1.10392604 0.52437327 0.415     ] | Goal: [1.10392604 0.52437327 0.55      ] | DriftLimit: 0.0380 | FloorLimit: 0.4729 ---
2026-04-24 09:30:41,057 - [ENV] - TERMINATED (Ascend): Tube Drift = 0.0398m (Max 0.0380m) at step 10
2026-04-24 09:30:41,058 - [ENV] - Episode ended without success at step 10. Final dist: 0.0411m
2026-04-24 09:30:41,058 - [ENV] - --- EPISODE START | Scenario: DESCEND | Start: [1.14166891 0.32872858 0.55      ] | Goal: [1.14166891 0.32872858 0.415     ] | DriftLimit: 0.0380 | FloorLimit: 0.4729 ---
2026-04-24 09:30:41,220 - [ENV] - SUCCESS: Goal reached in 4 steps. Dist = 0.0079m
2026-04-24 09:30:41,220 - [ENV] - --- EPISODE START | Scenario: DESCEND | Start: [0.88612958 0.40753657 0.55      ] | Goal: [0.88612958 0.40753657 0.41      ] | DriftLimit: 0.0380 | FloorLimit: 0.4729 ---
2026-04-24 09:30:44,370 - [ENV] - TERMINATED (Descend): Tube Drift = 0.0379m (Max 0.0379m) at step 124
2026-04-24 09:30:44,371 - [ENV] - Episode ended without success at step 124. Final dist: 0.0387m
2026-04-24 09:30:44,371 - [ENV] - --- EPISODE START | Scenario: ASCEND | Start: [ 1.01501744 -0.01340045  0.415     ] | Goal: [ 1.01501744 -0.01340045  0.55      ] | DriftLimit: 0.0379 | FloorLimit: 0.4730 ---
2026-04-24 09:30:44,624 - [ENV] - TERMINATED (Ascend): Tube Drift = 0.0467m (Max 0.0379m) at step 4
2026-04-24 09:30:44,624 - [ENV] - Episode ended without success at step 4. Final dist: 0.1222m
2026-04-24 09:30:44,626 - [ENV] - --- EPISODE START | Scenario: ASCEND | Start: [0.81422453 0.27886274 0.415     ] | Goal: [0.81422453 0.27886274 0.55      ] | DriftLimit: 0.0379 | FloorLimit: 0.4730 ---
2026-04-24 09:30:45,025 - [ENV] - TERMINATED (Ascend): Tube Drift = 0.0403m (Max 0.0379m) at step 4
2026-04-24 09:30:45,025 - [ENV] - Episode ended without success at step 4. Final dist: 0.1210m
2026-04-24 09:30:45,026 - [ENV] - --- EPISODE START | Scenario: ASCEND | Start: [1.09363328 0.16124381 0.415     ] | Goal: [1.09363328 0.16124381 0.55      ] | DriftLimit: 0.0379 | FloorLimit: 0.4730 ---
2026-04-24 09:30:45,195 - [ENV] - TERMINATED (Ascend): Tube Drift = 0.0452m (Max 0.0379m) at step 3
2026-04-24 09:30:45,195 - [ENV] - Episode ended without success at step 3. Final dist: 0.1138m
2026-04-24 09:30:45,196 - [ENV] - --- EPISODE START | Scenario: DESCEND | Start: [0.96934056 0.45723613 0.55      ] | Goal: [0.96934056 0.45723613 0.41      ] | DriftLimit: 0.0379 | FloorLimit: 0.4730 ---
2026-04-24 09:31:21,653 - [ENV] - --- EPISODE START | Scenario: ASCEND | Start: [0.92620082 0.16152773 0.415     ] | Goal: [0.92620082 0.16152773 0.55      ] | DriftLimit: 0.0378 | FloorLimit: 0.4730 ---
2026-04-24 09:31:21,842 - [ENV] - TERMINATED (Ascend): Tube Drift = 0.0469m (Max 0.0378m) at step 4
2026-04-24 09:31:21,842 - [ENV] - Episode ended without success at step 4. Final dist: 0.1335m
2026-04-24 09:31:21,843 - [ENV] - --- EPISODE START | Scenario: TRANSIT | Start: [0.75129637 0.2049031  0.55      ] | Goal: [1.02182354 0.46285076 0.55      ] | DriftLimit: 0.0378 | FloorLimit: 0.4730 ---
2026-04-24 09:31:25,847 - [ENV] - --- EPISODE START | Scenario: DESCEND | Start: [1.08763311 0.00808699 0.55      ] | Goal: [1.08763311 0.00808699 0.41      ] | DriftLimit: 0.0376 | FloorLimit: 0.4731 ---
2026-04-24 09:31:30,515 - [ENV] - --- EPISODE START | Scenario: DESCEND | Start: [0.90394137 0.1519597  0.55      ] | Goal: [0.90394137 0.1519597  0.415     ] | DriftLimit: 0.0375 | FloorLimit: 0.4732 ---
2026-04-24 09:31:30,928 - [ENV] - SUCCESS: Goal reached in 8 steps. Dist = 0.0096m
2026-04-24 09:31:30,929 - [ENV] - --- EPISODE START | Scenario: ASCEND | Start: [0.95931329 0.34765531 0.415     ] | Goal: [0.95931329 0.34765531 0.55      ] | DriftLimit: 0.0375 | FloorLimit: 0.4732 ---
2026-04-24 09:31:31,147 - [ENV] - TERMINATED (Ascend): Tube Drift = 0.0519m (Max 0.0375m) at step 4
2026-04-24 09:31:31,147 - [ENV] - Episode ended without success at step 4. Final dist: 0.0767m
2026-04-24 09:31:31,148 - [ENV] - --- EPISODE START | Scenario: TRANSIT | Start: [1.08919595 0.51804473 0.55      ] | Goal: [1.04969897 0.08539155 0.55      ] | DriftLimit: 0.0375 | FloorLimit: 0.4732 ---
2026-04-24 09:31:36,173 - [ENV] - --- EPISODE START | Scenario: ASCEND | Start: [0.65011868 0.24148197 0.415     ] | Goal: [0.65011868 0.24148197 0.55      ] | DriftLimit: 0.0374 | FloorLimit: 0.4732 ---
2026-04-24 09:31:36,810 - [ENV] - TERMINATED (Ascend): Tube Drift = 0.0463m (Max 0.0374m) at step 14
2026-04-24 09:31:36,810 - [ENV] - Episode ended without success at step 14. Final dist: 0.1304m
2026-04-24 09:31:36,810 - [ENV] - --- EPISODE START | Scenario: TRANSIT | Start: [0.85157321 0.12284007 0.55      ] | Goal: [1.12534652 0.07098181 0.55      ] | DriftLimit: 0.0374 | FloorLimit: 0.4733 ---
2026-04-24 09:31:41,374 - [ENV] - --- EPISODE START | Scenario: DESCEND | Start: [0.73732418 0.27816791 0.55      ] | Goal: [0.73732418 0.27816791 0.41      ] | DriftLimit: 0.0372 | FloorLimit: 0.4733 ---
2026-04-24 09:31:42,237 - [ENV] - TERMINATED (Descend): Tube Drift = 0.0373m (Max 0.0372m) at step 32
2026-04-24 09:31:42,237 - [ENV] - Episode ended without success at step 32. Final dist: 0.0385m
2026-04-24 09:31:42,238 - [ENV] - --- EPISODE START | Scenario: DESCEND | Start: [0.8880773  0.34301913 0.55      ] | Goal: [0.8880773  0.34301913 0.415     ] | DriftLimit: 0.0372 | FloorLimit: 0.4733 ---
2026-04-24 09:31:47,151 - [ENV] - --- EPISODE START | Scenario: TRANSIT | Start: [1.02873011 0.0960299  0.55      ] | Goal: [0.6239793  0.12394602 0.55      ] | DriftLimit: 0.0371 | FloorLimit: 0.4734 ---
2026-04-24 09:31:51,886 - [ENV] - --- EPISODE START | Scenario: DESCEND | Start: [ 0.83276251 -0.00674385  0.55      ] | Goal: [ 0.83276251 -0.00674385  0.415     ] | DriftLimit: 0.0370 | FloorLimit: 0.4735 ---
2026-04-24 09:31:56,398 - [ENV] - --- EPISODE START | Scenario: DESCEND | Start: [0.90574616 0.54237242 0.55      ] | Goal: [0.90574616 0.54237242 0.415     ] | DriftLimit: 0.0368 | FloorLimit: 0.4735 ---
2026-04-24 09:31:58,076 - [ENV] - TERMINATED (Descend): Tube Drift = 0.0370m (Max 0.0368m) at step 66
2026-04-24 09:31:58,076 - [ENV] - Episode ended without success at step 66. Final dist: 0.0375m
2026-04-24 09:31:58,076 - [ENV] - --- EPISODE START | Scenario: DESCEND | Start: [0.70142947 0.064874   0.55      ] | Goal: [0.70142947 0.064874   0.41      ] | DriftLimit: 0.0368 | FloorLimit: 0.4736 ---
2026-04-24 09:32:02,855 - [ENV] - --- EPISODE START | Scenario: ASCEND | Start: [1.06314971 0.08986036 0.415     ] | Goal: [1.06314971 0.08986036 0.55      ] | DriftLimit: 0.0367 | FloorLimit: 0.4736 ---
2026-04-24 09:32:03,060 - [ENV] - TERMINATED (Ascend): Tube Drift = 0.0386m (Max 0.0367m) at step 4
2026-04-24 09:32:03,060 - [ENV] - Episode ended without success at step 4. Final dist: 0.1329m
2026-04-24 09:32:03,061 - [ENV] - --- EPISODE START | Scenario: TRANSIT | Start: [1.01349485 0.1196449  0.55      ] | Goal: [0.85441265 0.53974091 0.55      ] | DriftLimit: 0.0367 | FloorLimit: 0.4736 ---
2026-04-24 09:32:07,404 - [ENV] - --- EPISODE START | Scenario: TRANSIT | Start: [0.75836681 0.02746237 0.55      ] | Goal: [0.73954802 0.13713227 0.55      ] | DriftLimit: 0.0365 | FloorLimit: 0.4737 ---
2026-04-24 09:32:11,761 - [ENV] - --- EPISODE START | Scenario: DESCEND | Start: [0.89545071 0.05809528 0.55      ] | Goal: [0.89545071 0.05809528 0.41      ] | DriftLimit: 0.0364 | FloorLimit: 0.4738 ---
2026-04-24 09:32:16,225 - [ENV] - --- EPISODE START | Scenario: DESCEND | Start: [1.13875861 0.09193382 0.55      ] | Goal: [1.13875861 0.09193382 0.41      ] | DriftLimit: 0.0363 | FloorLimit: 0.4739 ---
2026-04-24 09:32:16,745 - [ENV] - SUCCESS: Goal reached in 15 steps. Dist = 0.0095m
2026-04-24 09:32:16,746 - [ENV] - --- EPISODE START | Scenario: TRANSIT | Start: [1.04600379 0.08208343 0.55      ] | Goal: [1.119655   0.20718252 0.55      ] | DriftLimit: 0.0363 | FloorLimit: 0.4739 ---
2026-04-24 09:32:21,446 - [ENV] - --- EPISODE START | Scenario: DESCEND | Start: [1.15434721 0.45206284 0.55      ] | Goal: [1.15434721 0.45206284 0.415     ] | DriftLimit: 0.0361 | FloorLimit: 0.4739 ---
2026-04-24 09:33:00,598 - [ENV] - --- EPISODE START | Scenario: ASCEND | Start: [1.04902294 0.19985046 0.415     ] | Goal: [1.04902294 0.19985046 0.55      ] | DriftLimit: 0.0360 | FloorLimit: 0.4740 ---
2026-04-24 09:33:00,793 - [ENV] - TERMINATED (Ascend): Tube Drift = 0.0373m (Max 0.0360m) at step 3
2026-04-24 09:33:00,793 - [ENV] - Episode ended without success at step 3. Final dist: 0.1072m
2026-04-24 09:33:00,793 - [ENV] - --- EPISODE START | Scenario: DESCEND | Start: [0.92508749 0.44364088 0.55      ] | Goal: [0.92508749 0.44364088 0.415     ] | DriftLimit: 0.0360 | FloorLimit: 0.4740 ---
2026-04-24 09:33:04,848 - [ENV] - --- EPISODE START | Scenario: TRANSIT | Start: [0.9933359  0.20274335 0.55      ] | Goal: [0.93650347 0.47248483 0.55      ] | DriftLimit: 0.0359 | FloorLimit: 0.4741 ---
2026-04-24 09:33:08,924 - [ENV] - --- EPISODE START | Scenario: DESCEND | Start: [0.78474377 0.15661819 0.55      ] | Goal: [0.78474377 0.15661819 0.41      ] | DriftLimit: 0.0357 | FloorLimit: 0.4741 ---
2026-04-24 09:33:13,626 - [ENV] - --- EPISODE START | Scenario: TRANSIT | Start: [0.70335828 0.11089598 0.55      ] | Goal: [0.80723891 0.17946012 0.55      ] | DriftLimit: 0.0356 | FloorLimit: 0.4742 ---
2026-04-24 09:33:18,368 - [ENV] - --- EPISODE START | Scenario: ASCEND | Start: [0.76330131 0.43912233 0.415     ] | Goal: [0.76330131 0.43912233 0.55      ] | DriftLimit: 0.0355 | FloorLimit: 0.4743 ---
2026-04-24 09:33:23,138 - [ENV] - --- EPISODE START | Scenario: DESCEND | Start: [0.9162194  0.48160535 0.55      ] | Goal: [0.9162194  0.48160535 0.41      ] | DriftLimit: 0.0354 | FloorLimit: 0.4744 ---
2026-04-24 09:33:23,424 - [ENV] - SUCCESS: Goal reached in 10 steps. Dist = 0.0096m
2026-04-24 09:33:23,424 - [ENV] - --- EPISODE START | Scenario: TRANSIT | Start: [0.94773319 0.3183217  0.55      ] | Goal: [1.07646047 0.09462141 0.55      ] | DriftLimit: 0.0353 | FloorLimit: 0.4744 ---
2026-04-24 09:33:27,964 - [ENV] - --- EPISODE START | Scenario: DESCEND | Start: [1.01087588 0.34805517 0.55      ] | Goal: [1.01087588 0.34805517 0.41      ] | DriftLimit: 0.0352 | FloorLimit: 0.4744 ---
2026-04-24 09:33:30,829 - [ENV] - TERMINATED (Descend): Tube Drift = 0.0352m (Max 0.0351m) at step 102
2026-04-24 09:33:30,829 - [ENV] - Episode ended without success at step 102. Final dist: 0.0360m
2026-04-24 09:33:30,830 - [ENV] - --- EPISODE START | Scenario: TRANSIT | Start: [0.96078889 0.13509906 0.55      ] | Goal: [0.96447349 0.34458226 0.55      ] | DriftLimit: 0.0351 | FloorLimit: 0.4745 ---
2026-04-24 09:33:35,338 - [ENV] - --- EPISODE START | Scenario: TRANSIT | Start: [ 0.94738301 -0.00761254  0.55      ] | Goal: [0.92668711 0.35597282 0.55      ] | DriftLimit: 0.0350 | FloorLimit: 0.4745 ---
2026-04-24 09:33:39,922 - [ENV] - --- EPISODE START | Scenario: DESCEND | Start: [0.97475888 0.31696479 0.55      ] | Goal: [0.97475888 0.31696479 0.415     ] | DriftLimit: 0.0349 | FloorLimit: 0.4746 ---
2026-04-24 09:33:40,241 - [ENV] - SUCCESS: Goal reached in 10 steps. Dist = 0.0097m
2026-04-24 09:33:40,241 - [ENV] - --- EPISODE START | Scenario: ASCEND | Start: [0.89910892 0.10808491 0.415     ] | Goal: [0.89910892 0.10808491 0.55      ] | DriftLimit: 0.0349 | FloorLimit: 0.4746 ---
2026-04-24 09:33:40,421 - [ENV] - TERMINATED (Ascend): Tube Drift = 0.0366m (Max 0.0349m) at step 4
2026-04-24 09:33:40,422 - [ENV] - Episode ended without success at step 4. Final dist: 0.1323m
2026-04-24 09:33:40,422 - [ENV] - --- EPISODE START | Scenario: TRANSIT | Start: [0.60610936 0.02709144 0.55      ] | Goal: [0.99589914 0.42295544 0.55      ] | DriftLimit: 0.0349 | FloorLimit: 0.4746 ---
2026-04-24 09:33:44,792 - [ENV] - --- EPISODE START | Scenario: DESCEND | Start: [0.842341   0.33262854 0.55      ] | Goal: [0.842341   0.33262854 0.415     ] | DriftLimit: 0.0347 | FloorLimit: 0.4747 ---
2026-04-24 09:33:49,680 - [ENV] - --- EPISODE START | Scenario: ASCEND | Start: [0.61770441 0.33865803 0.415     ] | Goal: [0.61770441 0.33865803 0.55      ] | DriftLimit: 0.0346 | FloorLimit: 0.4748 ---
2026-04-24 09:33:54,934 - [ENV] - --- EPISODE START | Scenario: ASCEND | Start: [0.86301534 0.47716339 0.415     ] | Goal: [0.86301534 0.47716339 0.55      ] | DriftLimit: 0.0345 | FloorLimit: 0.4748 ---
2026-04-24 09:33:55,153 - [ENV] - TERMINATED (Ascend): Tube Drift = 0.0512m (Max 0.0345m) at step 4
2026-04-24 09:33:55,153 - [ENV] - Episode ended without success at step 4. Final dist: 0.0718m
2026-04-24 09:33:55,154 - [ENV] - --- EPISODE START | Scenario: TRANSIT | Start: [0.62820534 0.51265341 0.55      ] | Goal: [1.02451478 0.43056282 0.55      ] | DriftLimit: 0.0345 | FloorLimit: 0.4748 ---
2026-04-24 09:33:59,521 - [ENV] - --- EPISODE START | Scenario: ASCEND | Start: [0.96863122 0.11768812 0.415     ] | Goal: [0.96863122 0.11768812 0.55      ] | DriftLimit: 0.0344 | FloorLimit: 0.4749 ---
2026-04-24 09:33:59,766 - [ENV] - TERMINATED (Ascend): Tube Drift = 0.0387m (Max 0.0344m) at step 4
2026-04-24 09:33:59,766 - [ENV] - Episode ended without success at step 4. Final dist: 0.1328m
2026-04-24 09:33:59,767 - [ENV] - --- EPISODE START | Scenario: ASCEND | Start: [7.23281441e-01 6.87246442e-04 4.15000000e-01] | Goal: [7.23281441e-01 6.87246442e-04 5.50000000e-01] | DriftLimit: 0.0344 | FloorLimit: 0.4749 ---
2026-04-24 09:34:00,058 - [ENV] - TERMINATED (Ascend): Tube Drift = 0.0431m (Max 0.0344m) at step 6
2026-04-24 09:34:00,058 - [ENV] - Episode ended without success at step 6. Final dist: 0.1375m
2026-04-24 09:34:00,059 - [ENV] - --- EPISODE START | Scenario: ASCEND | Start: [0.93149489 0.06238538 0.415     ] | Goal: [0.93149489 0.06238538 0.55      ] | DriftLimit: 0.0344 | FloorLimit: 0.4749 ---
2026-04-24 09:34:00,236 - [ENV] - TERMINATED (Ascend): Tube Drift = 0.0361m (Max 0.0344m) at step 3
2026-04-24 09:34:00,236 - [ENV] - Episode ended without success at step 3. Final dist: 0.1304m
2026-04-24 09:34:00,236 - [ENV] - --- EPISODE START | Scenario: DESCEND | Start: [0.87621835 0.07242738 0.55      ] | Goal: [0.87621835 0.07242738 0.415     ] | DriftLimit: 0.0344 | FloorLimit: 0.4749 ---
2026-04-24 09:34:00,501 - [ENV] - SUCCESS: Goal reached in 8 steps. Dist = 0.0091m
2026-04-24 09:34:00,501 - [ENV] - --- EPISODE START | Scenario: DESCEND | Start: [0.7043158  0.26960302 0.55      ] | Goal: [0.7043158  0.26960302 0.415     ] | DriftLimit: 0.0343 | FloorLimit: 0.4749 ---
2026-04-24 09:34:00,698 - [ENV] - TERMINATED (Descend): Tube Drift = 0.0361m (Max 0.0343m) at step 4
2026-04-24 09:34:00,698 - [ENV] - Episode ended without success at step 4. Final dist: 0.0365m
2026-04-24 09:34:00,699 - [ENV] - --- EPISODE START | Scenario: ASCEND | Start: [0.65569607 0.15478238 0.415     ] | Goal: [0.65569607 0.15478238 0.55      ] | DriftLimit: 0.0343 | FloorLimit: 0.4749 ---
2026-04-24 09:34:01,024 - [ENV] - TERMINATED (Ascend): Tube Drift = 0.0358m (Max 0.0343m) at step 11
2026-04-24 09:34:01,024 - [ENV] - Episode ended without success at step 11. Final dist: 0.1364m
2026-04-24 09:34:01,024 - [ENV] - --- EPISODE START | Scenario: ASCEND | Start: [1.03382417 0.33201207 0.415     ] | Goal: [1.03382417 0.33201207 0.55      ] | DriftLimit: 0.0343 | FloorLimit: 0.4749 ---
2026-04-24 09:34:01,149 - [ENV] - TERMINATED (Ascend): Tube Drift = 0.0398m (Max 0.0343m) at step 3
2026-04-24 09:34:01,149 - [ENV] - Episode ended without success at step 3. Final dist: 0.0896m
2026-04-24 09:34:01,150 - [ENV] - --- EPISODE START | Scenario: DESCEND | Start: [0.60725818 0.13723051 0.55      ] | Goal: [0.60725818 0.13723051 0.41      ] | DriftLimit: 0.0343 | FloorLimit: 0.4749 ---
2026-04-24 09:34:01,367 - [ENV] - TERMINATED (Descend): Tube Drift = 0.0365m (Max 0.0343m) at step 6
2026-04-24 09:34:01,367 - [ENV] - Episode ended without success at step 6. Final dist: 0.0421m
2026-04-24 09:34:01,368 - [ENV] - --- EPISODE START | Scenario: TRANSIT | Start: [1.03335469 0.04625679 0.55      ] | Goal: [0.88627531 0.09610875 0.55      ] | DriftLimit: 0.0343 | FloorLimit: 0.4749 ---
2026-04-24 09:34:05,624 - [ENV] - --- EPISODE START | Scenario: TRANSIT | Start: [1.03944852 0.25652361 0.55      ] | Goal: [1.1253112  0.47920639 0.55      ] | DriftLimit: 0.0342 | FloorLimit: 0.4750 ---
2026-04-24 09:34:44,504 - [ENV] - --- EPISODE START | Scenario: DESCEND | Start: [1.01870923 0.39482814 0.55      ] | Goal: [1.01870923 0.39482814 0.41      ] | DriftLimit: 0.0341 | FloorLimit: 0.4751 ---
2026-04-24 09:34:48,610 - [ENV] - --- EPISODE START | Scenario: ASCEND | Start: [0.81097659 0.35021259 0.415     ] | Goal: [0.81097659 0.35021259 0.55      ] | DriftLimit: 0.0339 | FloorLimit: 0.4751 ---
2026-04-24 09:34:48,931 - [ENV] - TERMINATED (Ascend): Tube Drift = 0.0412m (Max 0.0339m) at step 5
2026-04-24 09:34:48,931 - [ENV] - Episode ended without success at step 5. Final dist: 0.0981m
2026-04-24 09:34:48,932 - [ENV] - --- EPISODE START | Scenario: TRANSIT | Start: [1.02449359 0.26622686 0.55      ] | Goal: [1.09726574 0.44944656 0.55      ] | DriftLimit: 0.0339 | FloorLimit: 0.4751 ---
2026-04-24 09:34:53,614 - [ENV] - --- EPISODE START | Scenario: DESCEND | Start: [0.93162843 0.49822215 0.55      ] | Goal: [0.93162843 0.49822215 0.41      ] | DriftLimit: 0.0338 | FloorLimit: 0.4752 ---
2026-04-24 09:34:57,989 - [ENV] - --- EPISODE START | Scenario: TRANSIT | Start: [0.91160578 0.22261766 0.55      ] | Goal: [0.74018084 0.50740363 0.55      ] | DriftLimit: 0.0337 | FloorLimit: 0.4753 ---
2026-04-24 09:35:02,613 - [ENV] - --- EPISODE START | Scenario: TRANSIT | Start: [0.80390995 0.02077735 0.55      ] | Goal: [0.95782768 0.20351404 0.55      ] | DriftLimit: 0.0336 | FloorLimit: 0.4753 ---
2026-04-24 09:35:07,209 - [ENV] - --- EPISODE START | Scenario: TRANSIT | Start: [0.65899808 0.09519502 0.55      ] | Goal: [0.96209265 0.43048917 0.55      ] | DriftLimit: 0.0334 | FloorLimit: 0.4754 ---
2026-04-24 09:35:11,747 - [ENV] - --- EPISODE START | Scenario: TRANSIT | Start: [1.04020333 0.21370881 0.55      ] | Goal: [0.70160421 0.26438129 0.55      ] | DriftLimit: 0.0333 | FloorLimit: 0.4755 ---
2026-04-24 09:35:16,196 - [ENV] - --- EPISODE START | Scenario: ASCEND | Start: [0.79871622 0.02406016 0.415     ] | Goal: [0.79871622 0.02406016 0.55      ] | DriftLimit: 0.0332 | FloorLimit: 0.4755 ---
2026-04-24 09:35:16,497 - [ENV] - TERMINATED (Ascend): Tube Drift = 0.0356m (Max 0.0332m) at step 5
2026-04-24 09:35:16,498 - [ENV] - Episode ended without success at step 5. Final dist: 0.1340m
2026-04-24 09:35:16,498 - [ENV] - --- EPISODE START | Scenario: ASCEND | Start: [0.79265056 0.01292042 0.415     ] | Goal: [0.79265056 0.01292042 0.55      ] | DriftLimit: 0.0332 | FloorLimit: 0.4755 ---
2026-04-24 09:35:16,675 - [ENV] - TERMINATED (Ascend): Tube Drift = 0.0345m (Max 0.0332m) at step 4
2026-04-24 09:35:16,675 - [ENV] - Episode ended without success at step 4. Final dist: 0.1300m
2026-04-24 09:35:16,676 - [ENV] - --- EPISODE START | Scenario: DESCEND | Start: [0.61648813 0.5293615  0.55      ] | Goal: [0.61648813 0.5293615  0.41      ] | DriftLimit: 0.0332 | FloorLimit: 0.4755 ---
2026-04-24 09:35:20,529 - [ENV] - TERMINATED (Descend): Tube Drift = 0.0331m (Max 0.0331m) at step 131
2026-04-24 09:35:20,530 - [ENV] - Episode ended without success at step 131. Final dist: 0.0331m
2026-04-24 09:35:20,530 - [ENV] - --- EPISODE START | Scenario: ASCEND | Start: [1.05978515 0.41311812 0.415     ] | Goal: [1.05978515 0.41311812 0.55      ] | DriftLimit: 0.0331 | FloorLimit: 0.4756 ---
2026-04-24 09:35:25,383 - [ENV] - --- EPISODE START | Scenario: TRANSIT | Start: [0.65462346 0.33505895 0.55      ] | Goal: [0.91588748 0.49290509 0.55      ] | DriftLimit: 0.0329 | FloorLimit: 0.4757 ---
2026-04-24 09:35:30,099 - [ENV] - --- EPISODE START | Scenario: ASCEND | Start: [0.79194067 0.18265389 0.415     ] | Goal: [0.79194067 0.18265389 0.55      ] | DriftLimit: 0.0328 | FloorLimit: 0.4757 ---
2026-04-24 09:35:30,429 - [ENV] - TERMINATED (Ascend): Tube Drift = 0.0353m (Max 0.0328m) at step 5
2026-04-24 09:35:30,429 - [ENV] - Episode ended without success at step 5. Final dist: 0.1343m
2026-04-24 09:35:30,431 - [ENV] - --- EPISODE START | Scenario: TRANSIT | Start: [0.97681523 0.45217188 0.55      ] | Goal: [ 0.94733119 -0.00584981  0.55      ] | DriftLimit: 0.0328 | FloorLimit: 0.4757 ---
2026-04-24 09:35:35,616 - [ENV] - --- EPISODE START | Scenario: TRANSIT | Start: [0.8452553  0.21423739 0.55      ] | Goal: [1.04853355 0.49916958 0.55      ] | DriftLimit: 0.0327 | FloorLimit: 0.4758 ---
2026-04-24 09:35:40,024 - [ENV] - --- EPISODE START | Scenario: ASCEND | Start: [1.11631774 0.21843542 0.415     ] | Goal: [1.11631774 0.21843542 0.55      ] | DriftLimit: 0.0325 | FloorLimit: 0.4759 ---
2026-04-24 09:35:40,248 - [ENV] - TERMINATED (Ascend): Tube Drift = 0.0337m (Max 0.0325m) at step 3
2026-04-24 09:35:40,249 - [ENV] - Episode ended without success at step 3. Final dist: 0.1130m
2026-04-24 09:35:40,249 - [ENV] - --- EPISODE START | Scenario: DESCEND | Start: [0.88365803 0.09465423 0.55      ] | Goal: [0.88365803 0.09465423 0.415     ] | DriftLimit: 0.0325 | FloorLimit: 0.4759 ---
2026-04-24 09:35:40,500 - [ENV] - SUCCESS: Goal reached in 8 steps. Dist = 0.0098m
2026-04-24 09:35:40,501 - [ENV] - --- EPISODE START | Scenario: TRANSIT | Start: [1.10444113 0.02092908 0.55      ] | Goal: [0.85076509 0.054956   0.55      ] | DriftLimit: 0.0325 | FloorLimit: 0.4759 ---
2026-04-24 09:35:45,419 - [ENV] - --- EPISODE START | Scenario: DESCEND | Start: [0.93100652 0.30230167 0.55      ] | Goal: [0.93100652 0.30230167 0.41      ] | DriftLimit: 0.0324 | FloorLimit: 0.4760 ---
2026-04-24 09:36:27,945 - [ENV] - --- EPISODE START | Scenario: ASCEND | Start: [0.93560174 0.49403898 0.415     ] | Goal: [0.93560174 0.49403898 0.55      ] | DriftLimit: 0.0323 | FloorLimit: 0.4760 ---
2026-04-24 09:36:28,121 - [ENV] - TERMINATED (Ascend): Tube Drift = 0.0329m (Max 0.0323m) at step 3
2026-04-24 09:36:28,121 - [ENV] - Episode ended without success at step 3. Final dist: 0.0864m
2026-04-24 09:36:28,122 - [ENV] - --- EPISODE START | Scenario: TRANSIT | Start: [0.61746327 0.05487205 0.55      ] | Goal: [0.72821239 0.51984571 0.55      ] | DriftLimit: 0.0323 | FloorLimit: 0.4760 ---
2026-04-24 09:36:32,339 - [ENV] - --- EPISODE START | Scenario: ASCEND | Start: [1.06857514 0.11153909 0.415     ] | Goal: [1.06857514 0.11153909 0.55      ] | DriftLimit: 0.0322 | FloorLimit: 0.4761 ---
2026-04-24 09:36:32,505 - [ENV] - TERMINATED (Ascend): Tube Drift = 0.0379m (Max 0.0322m) at step 3
2026-04-24 09:36:32,505 - [ENV] - Episode ended without success at step 3. Final dist: 0.1275m
2026-04-24 09:36:32,505 - [ENV] - --- EPISODE START | Scenario: DESCEND | Start: [1.11482896 0.04668686 0.55      ] | Goal: [1.11482896 0.04668686 0.41      ] | DriftLimit: 0.0322 | FloorLimit: 0.4761 ---
2026-04-24 09:36:37,460 - [ENV] - --- EPISODE START | Scenario: ASCEND | Start: [0.86352399 0.24785721 0.415     ] | Goal: [0.86352399 0.24785721 0.55      ] | DriftLimit: 0.0320 | FloorLimit: 0.4762 ---
2026-04-24 09:36:37,779 - [ENV] - TERMINATED (Ascend): Tube Drift = 0.0379m (Max 0.0320m) at step 4
2026-04-24 09:36:37,779 - [ENV] - Episode ended without success at step 4. Final dist: 0.1294m
2026-04-24 09:36:37,780 - [ENV] - --- EPISODE START | Scenario: ASCEND | Start: [1.07385607 0.10324522 0.415     ] | Goal: [1.07385607 0.10324522 0.55      ] | DriftLimit: 0.0320 | FloorLimit: 0.4762 ---
2026-04-24 09:36:37,948 - [ENV] - TERMINATED (Ascend): Tube Drift = 0.0342m (Max 0.0320m) at step 3
2026-04-24 09:36:37,948 - [ENV] - Episode ended without success at step 3. Final dist: 0.1312m
2026-04-24 09:36:37,949 - [ENV] - --- EPISODE START | Scenario: TRANSIT | Start: [0.70207795 0.09598007 0.55      ] | Goal: [0.94572522 0.13818446 0.55      ] | DriftLimit: 0.0320 | FloorLimit: 0.4762 ---
2026-04-24 09:36:42,572 - [ENV] - --- EPISODE START | Scenario: DESCEND | Start: [0.91069466 0.18887088 0.55      ] | Goal: [0.91069466 0.18887088 0.415     ] | DriftLimit: 0.0319 | FloorLimit: 0.4762 ---
2026-04-24 09:36:42,805 - [ENV] - SUCCESS: Goal reached in 7 steps. Dist = 0.0096m
2026-04-24 09:36:42,805 - [ENV] - --- EPISODE START | Scenario: ASCEND | Start: [1.139391   0.14078044 0.415     ] | Goal: [1.139391   0.14078044 0.55      ] | DriftLimit: 0.0319 | FloorLimit: 0.4762 ---
2026-04-24 09:36:43,067 - [ENV] - TERMINATED (Ascend): Tube Drift = 0.0381m (Max 0.0319m) at step 3
2026-04-24 09:36:43,067 - [ENV] - Episode ended without success at step 3. Final dist: 0.1321m
2026-04-24 09:36:43,067 - [ENV] - --- EPISODE START | Scenario: ASCEND | Start: [0.67346019 0.30038438 0.415     ] | Goal: [0.67346019 0.30038438 0.55      ] | DriftLimit: 0.0319 | FloorLimit: 0.4762 ---
2026-04-24 09:36:43,786 - [ENV] - TERMINATED (Ascend): Tube Drift = 0.0428m (Max 0.0319m) at step 19
2026-04-24 09:36:43,787 - [ENV] - Episode ended without success at step 19. Final dist: 0.1325m
2026-04-24 09:36:43,787 - [ENV] - --- EPISODE START | Scenario: DESCEND | Start: [1.15991818 0.51413577 0.55      ] | Goal: [1.15991818 0.51413577 0.415     ] | DriftLimit: 0.0319 | FloorLimit: 0.4763 ---
2026-04-24 09:36:44,014 - [ENV] - SUCCESS: Goal reached in 7 steps. Dist = 0.0095m
2026-04-24 09:36:44,015 - [ENV] - --- EPISODE START | Scenario: ASCEND | Start: [0.64846158 0.32678478 0.415     ] | Goal: [0.64846158 0.32678478 0.55      ] | DriftLimit: 0.0319 | FloorLimit: 0.4763 ---
2026-04-24 09:36:44,350 - [ENV] - TERMINATED (Ascend): Tube Drift = 0.0426m (Max 0.0319m) at step 3
2026-04-24 09:36:44,351 - [ENV] - Episode ended without success at step 3. Final dist: 0.1301m
2026-04-24 09:36:44,352 - [ENV] - --- EPISODE START | Scenario: ASCEND | Start: [0.99336562 0.17393673 0.415     ] | Goal: [0.99336562 0.17393673 0.55      ] | DriftLimit: 0.0319 | FloorLimit: 0.4763 ---
2026-04-24 09:36:44,517 - [ENV] - TERMINATED (Ascend): Tube Drift = 0.0422m (Max 0.0319m) at step 3
2026-04-24 09:36:44,517 - [ENV] - Episode ended without success at step 3. Final dist: 0.1211m
2026-04-24 09:36:44,517 - [ENV] - --- EPISODE START | Scenario: TRANSIT | Start: [0.65101387 0.13625067 0.55      ] | Goal: [0.84908856 0.2265605  0.55      ] | DriftLimit: 0.0319 | FloorLimit: 0.4763 ---
2026-04-24 09:36:48,775 - [ENV] - --- EPISODE START | Scenario: DESCEND | Start: [0.77266376 0.43723348 0.55      ] | Goal: [0.77266376 0.43723348 0.415     ] | DriftLimit: 0.0317 | FloorLimit: 0.4763 ---
2026-04-24 09:36:53,609 - [ENV] - --- EPISODE START | Scenario: DESCEND | Start: [0.7105844  0.01822555 0.55      ] | Goal: [0.7105844  0.01822555 0.415     ] | DriftLimit: 0.0316 | FloorLimit: 0.4764 ---
2026-04-24 09:36:58,209 - [ENV] - --- EPISODE START | Scenario: DESCEND | Start: [0.93538023 0.46767362 0.55      ] | Goal: [0.93538023 0.46767362 0.415     ] | DriftLimit: 0.0315 | FloorLimit: 0.4765 ---
2026-04-24 09:36:58,444 - [ENV] - SUCCESS: Goal reached in 7 steps. Dist = 0.0100m
2026-04-24 09:36:58,445 - [ENV] - --- EPISODE START | Scenario: TRANSIT | Start: [0.99250048 0.02316738 0.55      ] | Goal: [0.98109592 0.40164873 0.55      ] | DriftLimit: 0.0315 | FloorLimit: 0.4765 ---
2026-04-24 09:37:02,945 - [ENV] - --- EPISODE START | Scenario: TRANSIT | Start: [0.7839602  0.12108885 0.55      ] | Goal: [1.09087018 0.00675605 0.55      ] | DriftLimit: 0.0313 | FloorLimit: 0.4765 ---
2026-04-24 09:37:07,281 - [ENV] - --- EPISODE START | Scenario: ASCEND | Start: [1.08109681 0.49207567 0.415     ] | Goal: [1.08109681 0.49207567 0.55      ] | DriftLimit: 0.0312 | FloorLimit: 0.4766 ---
2026-04-24 09:37:07,566 - [ENV] - TERMINATED (Ascend): Tube Drift = 0.0454m (Max 0.0312m) at step 3
2026-04-24 09:37:07,566 - [ENV] - Episode ended without success at step 3. Final dist: 0.0914m
2026-04-24 09:37:07,567 - [ENV] - --- EPISODE START | Scenario: ASCEND | Start: [ 1.01754968e+00 -6.41274559e-04  4.15000000e-01] | Goal: [ 1.01754968e+00 -6.41274559e-04  5.50000000e-01] | DriftLimit: 0.0312 | FloorLimit: 0.4766 ---
2026-04-24 09:37:07,733 - [ENV] - TERMINATED (Ascend): Tube Drift = 0.0468m (Max 0.0312m) at step 3
2026-04-24 09:37:07,733 - [ENV] - Episode ended without success at step 3. Final dist: 0.1347m
2026-04-24 09:37:07,734 - [ENV] - --- EPISODE START | Scenario: ASCEND | Start: [0.83603659 0.20291978 0.415     ] | Goal: [0.83603659 0.20291978 0.55      ] | DriftLimit: 0.0312 | FloorLimit: 0.4766 ---
2026-04-24 09:37:07,956 - [ENV] - TERMINATED (Ascend): Tube Drift = 0.0392m (Max 0.0312m) at step 4
2026-04-24 09:37:07,956 - [ENV] - Episode ended without success at step 4. Final dist: 0.1150m
2026-04-24 09:37:07,957 - [ENV] - --- EPISODE START | Scenario: ASCEND | Start: [0.86892738 0.39705017 0.415     ] | Goal: [0.86892738 0.39705017 0.55      ] | DriftLimit: 0.0312 | FloorLimit: 0.4766 ---
2026-04-24 09:37:08,125 - [ENV] - TERMINATED (Ascend): Tube Drift = 0.0357m (Max 0.0312m) at step 3
2026-04-24 09:37:08,125 - [ENV] - Episode ended without success at step 3. Final dist: 0.0944m
2026-04-24 09:37:08,125 - [ENV] - --- EPISODE START | Scenario: DESCEND | Start: [0.84683548 0.09652426 0.55      ] | Goal: [0.84683548 0.09652426 0.41      ] | DriftLimit: 0.0312 | FloorLimit: 0.4766 ---
2026-04-24 09:37:12,486 - [ENV] - --- EPISODE START | Scenario: DESCEND | Start: [0.81035862 0.01865582 0.55      ] | Goal: [0.81035862 0.01865582 0.415     ] | DriftLimit: 0.0311 | FloorLimit: 0.4767 ---
2026-04-24 09:37:17,189 - [ENV] - --- EPISODE START | Scenario: DESCEND | Start: [ 0.70124486 -0.00262238  0.55      ] | Goal: [ 0.70124486 -0.00262238  0.41      ] | DriftLimit: 0.0309 | FloorLimit: 0.4768 ---
2026-04-24 09:37:21,805 - [ENV] - --- EPISODE START | Scenario: DESCEND | Start: [0.88418982 0.32196148 0.55      ] | Goal: [0.88418982 0.32196148 0.415     ] | DriftLimit: 0.0308 | FloorLimit: 0.4768 ---
2026-04-24 09:37:22,056 - [ENV] - SUCCESS: Goal reached in 7 steps. Dist = 0.0081m
2026-04-24 09:37:22,057 - [ENV] - --- EPISODE START | Scenario: ASCEND | Start: [1.11379421 0.17604965 0.415     ] | Goal: [1.11379421 0.17604965 0.55      ] | DriftLimit: 0.0308 | FloorLimit: 0.4768 ---
2026-04-24 09:37:22,231 - [ENV] - TERMINATED (Ascend): Tube Drift = 0.0431m (Max 0.0308m) at step 3
2026-04-24 09:37:22,231 - [ENV] - Episode ended without success at step 3. Final dist: 0.1180m
2026-04-24 09:37:22,232 - [ENV] - --- EPISODE START | Scenario: ASCEND | Start: [1.04400799 0.45499046 0.415     ] | Goal: [1.04400799 0.45499046 0.55      ] | DriftLimit: 0.0308 | FloorLimit: 0.4768 ---
2026-04-24 09:37:22,415 - [ENV] - TERMINATED (Ascend): Tube Drift = 0.0332m (Max 0.0308m) at step 3
2026-04-24 09:37:22,415 - [ENV] - Episode ended without success at step 3. Final dist: 0.1227m
2026-04-24 09:37:22,416 - [ENV] - --- EPISODE START | Scenario: ASCEND | Start: [1.0339743  0.44761463 0.415     ] | Goal: [1.0339743  0.44761463 0.55      ] | DriftLimit: 0.0308 | FloorLimit: 0.4768 ---
2026-04-24 09:37:22,692 - [ENV] - TERMINATED (Ascend): Tube Drift = 0.0329m (Max 0.0308m) at step 4
2026-04-24 09:37:22,692 - [ENV] - Episode ended without success at step 4. Final dist: 0.1029m
2026-04-24 09:37:22,693 - [ENV] - --- EPISODE START | Scenario: TRANSIT | Start: [0.99208251 0.23844188 0.55      ] | Goal: [0.96522672 0.07667941 0.55      ] | DriftLimit: 0.0308 | FloorLimit: 0.4768 ---
2026-04-24 09:37:27,349 - [ENV] - --- EPISODE START | Scenario: ASCEND | Start: [0.8709596  0.36929613 0.415     ] | Goal: [0.8709596  0.36929613 0.55      ] | DriftLimit: 0.0307 | FloorLimit: 0.4769 ---
2026-04-24 09:37:27,577 - [ENV] - TERMINATED (Ascend): Tube Drift = 0.0347m (Max 0.0307m) at step 4
2026-04-24 09:37:27,577 - [ENV] - Episode ended without success at step 4. Final dist: 0.1116m
2026-04-24 09:37:27,578 - [ENV] - --- EPISODE START | Scenario: ASCEND | Start: [0.71807692 0.36234493 0.415     ] | Goal: [0.71807692 0.36234493 0.55      ] | DriftLimit: 0.0307 | FloorLimit: 0.4769 ---
2026-04-24 09:37:27,948 - [ENV] - TERMINATED (Ascend): Tube Drift = 0.0316m (Max 0.0307m) at step 9
2026-04-24 09:37:27,948 - [ENV] - Episode ended without success at step 9. Final dist: 0.1317m
2026-04-24 09:37:27,948 - [ENV] - --- EPISODE START | Scenario: TRANSIT | Start: [1.1293441  0.22487128 0.55      ] | Goal: [ 0.89847175 -0.00772228  0.55      ] | DriftLimit: 0.0307 | FloorLimit: 0.4769 ---
2026-04-24 09:37:32,623 - [ENV] - --- EPISODE START | Scenario: DESCEND | Start: [0.79797726 0.47404643 0.55      ] | Goal: [0.79797726 0.47404643 0.41      ] | DriftLimit: 0.0305 | FloorLimit: 0.4770 ---
2026-04-24 09:38:11,789 - [ENV] - TERMINATED (Descend): Tube Drift = 0.0306m (Max 0.0305m) at step 64
2026-04-24 09:38:11,789 - [ENV] - Episode ended without success at step 64. Final dist: 0.0317m
2026-04-24 09:38:11,790 - [ENV] - --- EPISODE START | Scenario: ASCEND | Start: [0.82941432 0.43854565 0.415     ] | Goal: [0.82941432 0.43854565 0.55      ] | DriftLimit: 0.0305 | FloorLimit: 0.4770 ---
2026-04-24 09:38:11,988 - [ENV] - TERMINATED (Ascend): Tube Drift = 0.0337m (Max 0.0305m) at step 3
2026-04-24 09:38:11,988 - [ENV] - Episode ended without success at step 3. Final dist: 0.0968m
2026-04-24 09:38:11,989 - [ENV] - --- EPISODE START | Scenario: TRANSIT | Start: [1.14106922 0.14657128 0.55      ] | Goal: [0.68988367 0.0948587  0.55      ] | DriftLimit: 0.0305 | FloorLimit: 0.4770 ---
2026-04-24 09:38:16,444 - [ENV] - --- EPISODE START | Scenario: TRANSIT | Start: [1.06936053 0.41601283 0.55      ] | Goal: [0.93253557 0.51344917 0.55      ] | DriftLimit: 0.0304 | FloorLimit: 0.4771 ---
2026-04-24 09:38:20,935 - [ENV] - --- EPISODE START | Scenario: ASCEND | Start: [0.69676424 0.47254688 0.415     ] | Goal: [0.69676424 0.47254688 0.55      ] | DriftLimit: 0.0302 | FloorLimit: 0.4771 ---
2026-04-24 09:38:21,138 - [ENV] - TERMINATED (Ascend): Tube Drift = 0.0330m (Max 0.0302m) at step 5
2026-04-24 09:38:21,138 - [ENV] - Episode ended without success at step 5. Final dist: 0.1034m
2026-04-24 09:38:21,139 - [ENV] - --- EPISODE START | Scenario: ASCEND | Start: [1.08210547 0.43733354 0.415     ] | Goal: [1.08210547 0.43733354 0.55      ] | DriftLimit: 0.0302 | FloorLimit: 0.4771 ---
2026-04-24 09:38:21,328 - [ENV] - TERMINATED (Ascend): Tube Drift = 0.0323m (Max 0.0302m) at step 3
2026-04-24 09:38:21,328 - [ENV] - Episode ended without success at step 3. Final dist: 0.1202m
2026-04-24 09:38:21,329 - [ENV] - --- EPISODE START | Scenario: DESCEND | Start: [1.11894341 0.09144731 0.55      ] | Goal: [1.11894341 0.09144731 0.41      ] | DriftLimit: 0.0302 | FloorLimit: 0.4771 ---
2026-04-24 09:38:25,895 - [ENV] - --- EPISODE START | Scenario: DESCEND | Start: [0.67227053 0.21555746 0.55      ] | Goal: [0.67227053 0.21555746 0.415     ] | DriftLimit: 0.0301 | FloorLimit: 0.4772 ---
2026-04-24 09:38:26,093 - [ENV] - TERMINATED (Descend): Tube Drift = 0.0315m (Max 0.0301m) at step 3
2026-04-24 09:38:26,094 - [ENV] - Episode ended without success at step 3. Final dist: 0.0320m
2026-04-24 09:38:26,094 - [ENV] - --- EPISODE START | Scenario: TRANSIT | Start: [0.66520456 0.37715215 0.55      ] | Goal: [0.93551174 0.07626797 0.55      ] | DriftLimit: 0.0301 | FloorLimit: 0.4772 ---
2026-04-24 09:38:30,483 - [ENV] - --- EPISODE START | Scenario: ASCEND | Start: [1.04889854 0.47525912 0.415     ] | Goal: [1.04889854 0.47525912 0.55      ] | DriftLimit: 0.0300 | FloorLimit: 0.4773 ---
2026-04-24 09:38:30,693 - [ENV] - TERMINATED (Ascend): Tube Drift = 0.0473m (Max 0.0300m) at step 3
2026-04-24 09:38:30,694 - [ENV] - Episode ended without success at step 3. Final dist: 0.0930m
2026-04-24 09:38:30,694 - [ENV] - --- EPISODE START | Scenario: ASCEND | Start: [0.63700801 0.33111524 0.415     ] | Goal: [0.63700801 0.33111524 0.55      ] | DriftLimit: 0.0300 | FloorLimit: 0.4773 ---
2026-04-24 09:38:31,535 - [ENV] - TERMINATED (Ascend): Tube Drift = 0.0304m (Max 0.0300m) at step 14
2026-04-24 09:38:31,535 - [ENV] - Episode ended without success at step 14. Final dist: 0.1377m
2026-04-24 09:38:31,535 - [ENV] - --- EPISODE START | Scenario: DESCEND | Start: [0.91217137 0.15577712 0.55      ] | Goal: [0.91217137 0.15577712 0.415     ] | DriftLimit: 0.0300 | FloorLimit: 0.4773 ---
2026-04-24 09:38:31,758 - [ENV] - SUCCESS: Goal reached in 7 steps. Dist = 0.0096m
2026-04-24 09:38:31,759 - [ENV] - --- EPISODE START | Scenario: ASCEND | Start: [0.74215407 0.16213614 0.415     ] | Goal: [0.74215407 0.16213614 0.55      ] | DriftLimit: 0.0300 | FloorLimit: 0.4773 ---
2026-04-24 09:38:32,005 - [ENV] - TERMINATED (Ascend): Tube Drift = 0.0442m (Max 0.0299m) at step 6
2026-04-24 09:38:32,005 - [ENV] - Episode ended without success at step 6. Final dist: 0.1171m
2026-04-24 09:38:32,006 - [ENV] - --- EPISODE START | Scenario: TRANSIT | Start: [0.63588334 0.42026697 0.55      ] | Goal: [0.97975381 0.10103197 0.55      ] | DriftLimit: 0.0299 | FloorLimit: 0.4773 ---
2026-04-24 09:38:36,792 - [ENV] - --- EPISODE START | Scenario: TRANSIT | Start: [0.73011239 0.29686424 0.55      ] | Goal: [0.70808241 0.04439308 0.55      ] | DriftLimit: 0.0298 | FloorLimit: 0.4774 ---
2026-04-24 09:38:41,214 - [ENV] - --- EPISODE START | Scenario: TRANSIT | Start: [0.9133334  0.31785832 0.55      ] | Goal: [0.78260947 0.19980855 0.55      ] | DriftLimit: 0.0297 | FloorLimit: 0.4774 ---
2026-04-24 09:38:45,732 - [ENV] - --- EPISODE START | Scenario: DESCEND | Start: [0.68556723 0.19028787 0.55      ] | Goal: [0.68556723 0.19028787 0.41      ] | DriftLimit: 0.0296 | FloorLimit: 0.4775 ---
2026-04-24 09:38:45,897 - [ENV] - TERMINATED (Descend): Tube Drift = 0.0326m (Max 0.0296m) at step 3
2026-04-24 09:38:45,897 - [ENV] - Episode ended without success at step 3. Final dist: 0.0339m
2026-04-24 09:38:45,898 - [ENV] - --- EPISODE START | Scenario: DESCEND | Start: [0.96864431 0.35663394 0.55      ] | Goal: [0.96864431 0.35663394 0.415     ] | DriftLimit: 0.0296 | FloorLimit: 0.4775 ---
2026-04-24 09:38:50,762 - [ENV] - --- EPISODE START | Scenario: ASCEND | Start: [0.93650807 0.54064444 0.415     ] | Goal: [0.93650807 0.54064444 0.55      ] | DriftLimit: 0.0294 | FloorLimit: 0.4776 ---
2026-04-24 09:38:50,947 - [ENV] - TERMINATED (Ascend): Tube Drift = 0.0349m (Max 0.0294m) at step 3
2026-04-24 09:38:50,947 - [ENV] - Episode ended without success at step 3. Final dist: 0.0865m
2026-04-24 09:38:50,948 - [ENV] - --- EPISODE START | Scenario: TRANSIT | Start: [ 0.95471563 -0.00290502  0.55      ] | Goal: [0.96082401 0.22892428 0.55      ] | DriftLimit: 0.0294 | FloorLimit: 0.4776 ---
2026-04-24 09:38:55,537 - [ENV] - --- EPISODE START | Scenario: TRANSIT | Start: [0.89737364 0.04869654 0.55      ] | Goal: [0.60245246 0.15106592 0.55      ] | DriftLimit: 0.0293 | FloorLimit: 0.4777 ---
2026-04-24 09:39:00,225 - [ENV] - --- EPISODE START | Scenario: DESCEND | Start: [0.96192753 0.14808495 0.55      ] | Goal: [0.96192753 0.14808495 0.415     ] | DriftLimit: 0.0292 | FloorLimit: 0.4777 ---
2026-04-24 09:39:00,641 - [ENV] - SUCCESS: Goal reached in 14 steps. Dist = 0.0098m
2026-04-24 09:39:00,642 - [ENV] - --- EPISODE START | Scenario: DESCEND | Start: [1.15243664 0.20065538 0.55      ] | Goal: [1.15243664 0.20065538 0.415     ] | DriftLimit: 0.0292 | FloorLimit: 0.4777 ---
2026-04-24 09:39:00,895 - [ENV] - SUCCESS: Goal reached in 7 steps. Dist = 0.0089m
2026-04-24 09:39:00,896 - [ENV] - --- EPISODE START | Scenario: ASCEND | Start: [0.66082677 0.5333203  0.415     ] | Goal: [0.66082677 0.5333203  0.55      ] | DriftLimit: 0.0292 | FloorLimit: 0.4777 ---
2026-04-24 09:39:04,110 - [ENV] - TERMINATED (Ascend): Tube Drift = 0.0297m (Max 0.0291m) at step 119
2026-04-24 09:39:04,110 - [ENV] - Episode ended without success at step 119. Final dist: 0.0361m
2026-04-24 09:39:04,110 - [ENV] - --- EPISODE START | Scenario: ASCEND | Start: [0.99195248 0.15139274 0.415     ] | Goal: [0.99195248 0.15139274 0.55      ] | DriftLimit: 0.0291 | FloorLimit: 0.4778 ---
2026-04-24 09:39:04,336 - [ENV] - TERMINATED (Ascend): Tube Drift = 0.0311m (Max 0.0291m) at step 3
2026-04-24 09:39:04,336 - [ENV] - Episode ended without success at step 3. Final dist: 0.1300m
2026-04-24 09:39:04,338 - [ENV] - --- EPISODE START | Scenario: DESCEND | Start: [0.96500276 0.39745212 0.55      ] | Goal: [0.96500276 0.39745212 0.415     ] | DriftLimit: 0.0291 | FloorLimit: 0.4778 ---
2026-04-24 09:39:08,699 - [ENV] - --- EPISODE START | Scenario: TRANSIT | Start: [0.83877886 0.29114638 0.55      ] | Goal: [0.89154037 0.1208922  0.55      ] | DriftLimit: 0.0289 | FloorLimit: 0.4779 ---
2026-04-24 09:39:13,342 - [ENV] - --- EPISODE START | Scenario: TRANSIT | Start: [0.92628701 0.33832492 0.55      ] | Goal: [0.78778659 0.18131466 0.55      ] | DriftLimit: 0.0288 | FloorLimit: 0.4779 ---
2026-04-24 09:39:13,662 - [ENV] - SUCCESS: Goal reached in 10 steps. Dist = 0.0196m
2026-04-24 09:39:13,663 - [ENV] - --- EPISODE START | Scenario: TRANSIT | Start: [0.99573085 0.43870554 0.55      ] | Goal: [0.76508036 0.21840699 0.55      ] | DriftLimit: 0.0288 | FloorLimit: 0.4779 ---
2026-04-24 09:39:18,380 - [ENV] - --- EPISODE START | Scenario: ASCEND | Start: [0.81074576 0.21495885 0.415     ] | Goal: [0.81074576 0.21495885 0.55      ] | DriftLimit: 0.0287 | FloorLimit: 0.4780 ---
2026-04-24 09:39:18,704 - [ENV] - TERMINATED (Ascend): Tube Drift = 0.0376m (Max 0.0287m) at step 5
2026-04-24 09:39:18,704 - [ENV] - Episode ended without success at step 5. Final dist: 0.1318m
2026-04-24 09:39:18,705 - [ENV] - --- EPISODE START | Scenario: ASCEND | Start: [1.14008435 0.2493444  0.415     ] | Goal: [1.14008435 0.2493444  0.55      ] | DriftLimit: 0.0287 | FloorLimit: 0.4780 ---
2026-04-24 09:39:18,880 - [ENV] - TERMINATED (Ascend): Tube Drift = 0.0321m (Max 0.0287m) at step 3
2026-04-24 09:39:18,881 - [ENV] - Episode ended without success at step 3. Final dist: 0.1304m
2026-04-24 09:39:18,881 - [ENV] - --- EPISODE START | Scenario: DESCEND | Start: [1.08046614 0.46724562 0.55      ] | Goal: [1.08046614 0.46724562 0.415     ] | DriftLimit: 0.0287 | FloorLimit: 0.4780 ---
2026-04-24 09:39:55,538 - [ENV] - SUCCESS: Goal reached in 6 steps. Dist = 0.0098m
2026-04-24 09:39:55,540 - [ENV] - --- EPISODE START | Scenario: ASCEND | Start: [0.90704308 0.1151427  0.415     ] | Goal: [0.90704308 0.1151427  0.55      ] | DriftLimit: 0.0287 | FloorLimit: 0.4780 ---
2026-04-24 09:39:55,732 - [ENV] - TERMINATED (Ascend): Tube Drift = 0.0333m (Max 0.0287m) at step 3
2026-04-24 09:39:55,732 - [ENV] - Episode ended without success at step 3. Final dist: 0.1300m
2026-04-24 09:39:55,732 - [ENV] - --- EPISODE START | Scenario: ASCEND | Start: [0.63835356 0.21252595 0.415     ] | Goal: [0.63835356 0.21252595 0.55      ] | DriftLimit: 0.0287 | FloorLimit: 0.4780 ---
2026-04-24 09:40:00,177 - [ENV] - --- EPISODE START | Scenario: ASCEND | Start: [0.75048151 0.33934189 0.415     ] | Goal: [0.75048151 0.33934189 0.55      ] | DriftLimit: 0.0285 | FloorLimit: 0.4781 ---
2026-04-24 09:40:00,652 - [ENV] - TERMINATED (Ascend): Tube Drift = 0.0292m (Max 0.0285m) at step 12
2026-04-24 09:40:00,652 - [ENV] - Episode ended without success at step 12. Final dist: 0.1243m
2026-04-24 09:40:00,652 - [ENV] - --- EPISODE START | Scenario: ASCEND | Start: [0.89073368 0.41278746 0.415     ] | Goal: [0.89073368 0.41278746 0.55      ] | DriftLimit: 0.0285 | FloorLimit: 0.4781 ---
2026-04-24 09:40:00,821 - [ENV] - TERMINATED (Ascend): Tube Drift = 0.0312m (Max 0.0285m) at step 3
2026-04-24 09:40:00,822 - [ENV] - Episode ended without success at step 3. Final dist: 0.1158m
2026-04-24 09:40:00,822 - [ENV] - --- EPISODE START | Scenario: ASCEND | Start: [0.60621782 0.0436443  0.415     ] | Goal: [0.60621782 0.0436443  0.55      ] | DriftLimit: 0.0285 | FloorLimit: 0.4781 ---
2026-04-24 09:40:01,046 - [ENV] - TERMINATED (Ascend): Tube Drift = 0.0447m (Max 0.0285m) at step 6
2026-04-24 09:40:01,047 - [ENV] - Episode ended without success at step 6. Final dist: 0.1348m
2026-04-24 09:40:01,047 - [ENV] - --- EPISODE START | Scenario: DESCEND | Start: [0.76247035 0.04013228 0.55      ] | Goal: [0.76247035 0.04013228 0.415     ] | DriftLimit: 0.0285 | FloorLimit: 0.4781 ---
2026-04-24 09:40:01,772 - [ENV] - SUCCESS: Goal reached in 26 steps. Dist = 0.0099m
2026-04-24 09:40:01,772 - [ENV] - --- EPISODE START | Scenario: DESCEND | Start: [1.03172871 0.30999819 0.55      ] | Goal: [1.03172871 0.30999819 0.415     ] | DriftLimit: 0.0285 | FloorLimit: 0.4781 ---
2026-04-24 09:40:02,251 - [ENV] - SUCCESS: Goal reached in 7 steps. Dist = 0.0058m
2026-04-24 09:40:02,252 - [ENV] - --- EPISODE START | Scenario: TRANSIT | Start: [0.62864641 0.04832606 0.55      ] | Goal: [1.06133577 0.30043382 0.55      ] | DriftLimit: 0.0285 | FloorLimit: 0.4781 ---
2026-04-24 09:40:06,451 - [ENV] - --- EPISODE START | Scenario: DESCEND | Start: [ 0.80778005 -0.00493705  0.55      ] | Goal: [ 0.80778005 -0.00493705  0.415     ] | DriftLimit: 0.0284 | FloorLimit: 0.4782 ---
2026-04-24 09:40:11,117 - [ENV] - --- EPISODE START | Scenario: ASCEND | Start: [0.95557255 0.03746012 0.415     ] | Goal: [0.95557255 0.03746012 0.55      ] | DriftLimit: 0.0282 | FloorLimit: 0.4782 ---
2026-04-24 09:40:11,261 - [ENV] - TERMINATED (Ascend): Tube Drift = 0.0323m (Max 0.0282m) at step 2
2026-04-24 09:40:11,262 - [ENV] - Episode ended without success at step 2. Final dist: 0.1306m
2026-04-24 09:40:11,263 - [ENV] - --- EPISODE START | Scenario: TRANSIT | Start: [1.07009258 0.00264852 0.55      ] | Goal: [0.78517927 0.10970008 0.55      ] | DriftLimit: 0.0282 | FloorLimit: 0.4782 ---
2026-04-24 09:40:15,782 - [ENV] - --- EPISODE START | Scenario: TRANSIT | Start: [0.98602926 0.15120798 0.55      ] | Goal: [1.02658242 0.42378685 0.55      ] | DriftLimit: 0.0281 | FloorLimit: 0.4783 ---
2026-04-24 09:40:20,216 - [ENV] - --- EPISODE START | Scenario: ASCEND | Start: [1.11835563 0.48757461 0.415     ] | Goal: [1.11835563 0.48757461 0.55      ] | DriftLimit: 0.0280 | FloorLimit: 0.4784 ---
2026-04-24 09:40:20,463 - [ENV] - TERMINATED (Ascend): Tube Drift = 0.0465m (Max 0.0280m) at step 3
2026-04-24 09:40:20,463 - [ENV] - Episode ended without success at step 3. Final dist: 0.0939m
2026-04-24 09:40:20,464 - [ENV] - --- EPISODE START | Scenario: DESCEND | Start: [ 0.85548476 -0.01318851  0.55      ] | Goal: [ 0.85548476 -0.01318851  0.415     ] | DriftLimit: 0.0280 | FloorLimit: 0.4784 ---
2026-04-24 09:40:24,781 - [ENV] - --- EPISODE START | Scenario: DESCEND | Start: [0.85873464 0.31689761 0.55      ] | Goal: [0.85873464 0.31689761 0.41      ] | DriftLimit: 0.0278 | FloorLimit: 0.4784 ---
2026-04-24 09:40:29,179 - [ENV] - --- EPISODE START | Scenario: DESCEND | Start: [0.96880477 0.51874002 0.55      ] | Goal: [0.96880477 0.51874002 0.415     ] | DriftLimit: 0.0277 | FloorLimit: 0.4785 ---
2026-04-24 09:40:33,733 - [ENV] - --- EPISODE START | Scenario: DESCEND | Start: [1.00155129 0.31322818 0.55      ] | Goal: [1.00155129 0.31322818 0.415     ] | DriftLimit: 0.0276 | FloorLimit: 0.4786 ---
2026-04-24 09:40:34,088 - [ENV] - SUCCESS: Goal reached in 8 steps. Dist = 0.0083m
2026-04-24 09:40:34,090 - [ENV] - --- EPISODE START | Scenario: TRANSIT | Start: [1.02742346 0.18643716 0.55      ] | Goal: [1.09148162 0.5392197  0.55      ] | DriftLimit: 0.0276 | FloorLimit: 0.4786 ---
2026-04-24 09:40:38,978 - [ENV] - --- EPISODE START | Scenario: TRANSIT | Start: [0.62772262 0.53620164 0.55      ] | Goal: [0.63744802 0.10153304 0.55      ] | DriftLimit: 0.0275 | FloorLimit: 0.4787 ---
2026-04-24 09:40:43,917 - [ENV] - --- EPISODE START | Scenario: DESCEND | Start: [0.78914864 0.07761753 0.55      ] | Goal: [0.78914864 0.07761753 0.41      ] | DriftLimit: 0.0273 | FloorLimit: 0.4787 ---
2026-04-24 09:40:48,290 - [ENV] - --- EPISODE START | Scenario: ASCEND | Start: [0.84741858 0.02545886 0.415     ] | Goal: [0.84741858 0.02545886 0.55      ] | DriftLimit: 0.0272 | FloorLimit: 0.4788 ---
2026-04-24 09:40:48,446 - [ENV] - TERMINATED (Ascend): Tube Drift = 0.0293m (Max 0.0272m) at step 3
2026-04-24 09:40:48,446 - [ENV] - Episode ended without success at step 3. Final dist: 0.1229m
2026-04-24 09:40:48,447 - [ENV] - --- EPISODE START | Scenario: DESCEND | Start: [0.74341993 0.10498582 0.55      ] | Goal: [0.74341993 0.10498582 0.415     ] | DriftLimit: 0.0272 | FloorLimit: 0.4788 ---
2026-04-24 09:40:50,655 - [ENV] - SUCCESS: Goal reached in 90 steps. Dist = 0.0099m
2026-04-24 09:40:50,656 - [ENV] - --- EPISODE START | Scenario: TRANSIT | Start: [ 8.04167380e-01 -7.78557547e-04  5.50000000e-01] | Goal: [0.63950548 0.26335156 0.55      ] | DriftLimit: 0.0271 | FloorLimit: 0.4788 ---
2026-04-24 09:40:55,060 - [ENV] - --- EPISODE START | Scenario: DESCEND | Start: [0.71213493 0.42394502 0.55      ] | Goal: [0.71213493 0.42394502 0.41      ] | DriftLimit: 0.0270 | FloorLimit: 0.4789 ---
2026-04-24 09:40:55,229 - [ENV] - TERMINATED (Descend): Tube Drift = 0.0281m (Max 0.0270m) at step 3
2026-04-24 09:40:55,229 - [ENV] - Episode ended without success at step 3. Final dist: 0.0320m
2026-04-24 09:40:55,230 - [ENV] - --- EPISODE START | Scenario: DESCEND | Start: [0.73460114 0.15728183 0.55      ] | Goal: [0.73460114 0.15728183 0.415     ] | DriftLimit: 0.0270 | FloorLimit: 0.4789 ---
2026-04-24 09:40:55,398 - [ENV] - TERMINATED (Descend): Tube Drift = 0.0296m (Max 0.0270m) at step 3
2026-04-24 09:40:55,398 - [ENV] - Episode ended without success at step 3. Final dist: 0.0299m
2026-04-24 09:40:55,398 - [ENV] - --- EPISODE START | Scenario: TRANSIT | Start: [0.95668737 0.28194155 0.55      ] | Goal: [0.65010884 0.12100978 0.55      ] | DriftLimit: 0.0270 | FloorLimit: 0.4789 ---
2026-04-24 09:41:00,430 - [ENV] - --- EPISODE START | Scenario: TRANSIT | Start: [0.77483235 0.19137596 0.55      ] | Goal: [ 0.84073726 -0.00655228  0.55      ] | DriftLimit: 0.0269 | FloorLimit: 0.4790 ---
2026-04-24 09:41:43,993 - [ENV] - --- EPISODE START | Scenario: DESCEND | Start: [0.65375468 0.28387949 0.55      ] | Goal: [0.65375468 0.28387949 0.415     ] | DriftLimit: 0.0267 | FloorLimit: 0.4790 ---
2026-04-24 09:41:44,419 - [ENV] - TERMINATED (Descend): Tube Drift = 0.0271m (Max 0.0267m) at step 16
2026-04-24 09:41:44,419 - [ENV] - Episode ended without success at step 16. Final dist: 0.0279m
2026-04-24 09:41:44,420 - [ENV] - --- EPISODE START | Scenario: DESCEND | Start: [1.07054601 0.23246606 0.55      ] | Goal: [1.07054601 0.23246606 0.415     ] | DriftLimit: 0.0267 | FloorLimit: 0.4791 ---
2026-04-24 09:41:44,646 - [ENV] - SUCCESS: Goal reached in 6 steps. Dist = 0.0099m
2026-04-24 09:41:44,647 - [ENV] - --- EPISODE START | Scenario: ASCEND | Start: [0.70399203 0.00357602 0.415     ] | Goal: [0.70399203 0.00357602 0.55      ] | DriftLimit: 0.0267 | FloorLimit: 0.4791 ---
2026-04-24 09:41:44,998 - [ENV] - TERMINATED (Ascend): Tube Drift = 0.0288m (Max 0.0267m) at step 14
2026-04-24 09:41:44,999 - [ENV] - Episode ended without success at step 14. Final dist: 0.0857m
2026-04-24 09:41:44,999 - [ENV] - --- EPISODE START | Scenario: TRANSIT | Start: [0.7337538  0.18278072 0.55      ] | Goal: [0.81477845 0.0871742  0.55      ] | DriftLimit: 0.0267 | FloorLimit: 0.4791 ---
2026-04-24 09:41:49,083 - [ENV] - --- EPISODE START | Scenario: ASCEND | Start: [0.76264781 0.08144656 0.415     ] | Goal: [0.76264781 0.08144656 0.55      ] | DriftLimit: 0.0266 | FloorLimit: 0.4791 ---
2026-04-24 09:41:49,325 - [ENV] - TERMINATED (Ascend): Tube Drift = 0.0325m (Max 0.0266m) at step 5
2026-04-24 09:41:49,325 - [ENV] - Episode ended without success at step 5. Final dist: 0.1317m
2026-04-24 09:41:49,326 - [ENV] - --- EPISODE START | Scenario: TRANSIT | Start: [1.05912436 0.45878454 0.55      ] | Goal: [0.67185957 0.44655495 0.55      ] | DriftLimit: 0.0266 | FloorLimit: 0.4791 ---
2026-04-24 09:41:54,537 - [ENV] - --- EPISODE START | Scenario: TRANSIT | Start: [0.88990711 0.11905035 0.55      ] | Goal: [0.70731412 0.50436921 0.55      ] | DriftLimit: 0.0265 | FloorLimit: 0.4792 ---
2026-04-24 09:41:55,728 - [ENV] - SUCCESS: Goal reached in 38 steps. Dist = 0.0204m
2026-04-24 09:41:55,729 - [ENV] - --- EPISODE START | Scenario: DESCEND | Start: [ 0.60973753 -0.01022585  0.55      ] | Goal: [ 0.60973753 -0.01022585  0.41      ] | DriftLimit: 0.0264 | FloorLimit: 0.4792 ---
2026-04-24 09:41:57,208 - [ENV] - TERMINATED (Descend): Tube Drift = 0.0266m (Max 0.0264m) at step 38
2026-04-24 09:41:57,208 - [ENV] - Episode ended without success at step 38. Final dist: 0.0286m
2026-04-24 09:41:57,209 - [ENV] - --- EPISODE START | Scenario: TRANSIT | Start: [0.97664778 0.13030307 0.55      ] | Goal: [1.10836558 0.01282211 0.55      ] | DriftLimit: 0.0264 | FloorLimit: 0.4792 ---
2026-04-24 09:42:01,969 - [ENV] - --- EPISODE START | Scenario: TRANSIT | Start: [1.11757249 0.20256736 0.55      ] | Goal: [0.86358416 0.48635706 0.55      ] | DriftLimit: 0.0263 | FloorLimit: 0.4793 ---
2026-04-24 09:42:06,523 - [ENV] - --- EPISODE START | Scenario: DESCEND | Start: [1.05288136 0.05739202 0.55      ] | Goal: [1.05288136 0.05739202 0.415     ] | DriftLimit: 0.0261 | FloorLimit: 0.4794 ---
2026-04-24 09:42:08,677 - [ENV] - SUCCESS: Goal reached in 73 steps. Dist = 0.0100m
2026-04-24 09:42:08,678 - [ENV] - --- EPISODE START | Scenario: ASCEND | Start: [0.85294805 0.07068156 0.415     ] | Goal: [0.85294805 0.07068156 0.55      ] | DriftLimit: 0.0261 | FloorLimit: 0.4794 ---
2026-04-24 09:42:08,859 - [ENV] - TERMINATED (Ascend): Tube Drift = 0.0281m (Max 0.0261m) at step 4
2026-04-24 09:42:08,859 - [ENV] - Episode ended without success at step 4. Final dist: 0.1301m
2026-04-24 09:42:08,860 - [ENV] - --- EPISODE START | Scenario: ASCEND | Start: [0.97072708 0.49449113 0.415     ] | Goal: [0.97072708 0.49449113 0.55      ] | DriftLimit: 0.0261 | FloorLimit: 0.4794 ---
2026-04-24 09:42:09,053 - [ENV] - TERMINATED (Ascend): Tube Drift = 0.0294m (Max 0.0261m) at step 3
2026-04-24 09:42:09,053 - [ENV] - Episode ended without success at step 3. Final dist: 0.1141m
2026-04-24 09:42:09,053 - [ENV] - --- EPISODE START | Scenario: TRANSIT | Start: [0.66905448 0.05608847 0.55      ] | Goal: [0.87132278 0.04039076 0.55      ] | DriftLimit: 0.0261 | FloorLimit: 0.4794 ---
2026-04-24 09:42:13,591 - [ENV] - --- EPISODE START | Scenario: DESCEND | Start: [0.93173728 0.31440324 0.55      ] | Goal: [0.93173728 0.31440324 0.41      ] | DriftLimit: 0.0260 | FloorLimit: 0.4795 ---
2026-04-24 09:42:13,858 - [ENV] - SUCCESS: Goal reached in 7 steps. Dist = 0.0087m
2026-04-24 09:42:13,858 - [ENV] - --- EPISODE START | Scenario: DESCEND | Start: [0.84044761 0.37699336 0.55      ] | Goal: [0.84044761 0.37699336 0.415     ] | DriftLimit: 0.0260 | FloorLimit: 0.4795 ---
2026-04-24 09:42:18,754 - [ENV] - --- EPISODE START | Scenario: DESCEND | Start: [ 1.10724642 -0.00221423  0.55      ] | Goal: [ 1.10724642 -0.00221423  0.41      ] | DriftLimit: 0.0258 | FloorLimit: 0.4795 ---
2026-04-24 09:42:23,686 - [ENV] - --- EPISODE START | Scenario: TRANSIT | Start: [0.87792675 0.01369309 0.55      ] | Goal: [0.82376053 0.33940737 0.55      ] | DriftLimit: 0.0257 | FloorLimit: 0.4796 ---
2026-04-24 09:42:29,053 - [ENV] - --- EPISODE START | Scenario: DESCEND | Start: [0.73014912 0.34665452 0.55      ] | Goal: [0.73014912 0.34665452 0.415     ] | DriftLimit: 0.0256 | FloorLimit: 0.4797 ---
2026-04-24 09:42:29,268 - [ENV] - TERMINATED (Descend): Tube Drift = 0.0289m (Max 0.0256m) at step 4
2026-04-24 09:42:29,269 - [ENV] - Episode ended without success at step 4. Final dist: 0.0290m
2026-04-24 09:42:29,269 - [ENV] - --- EPISODE START | Scenario: ASCEND | Start: [0.71780642 0.1119215  0.415     ] | Goal: [0.71780642 0.1119215  0.55      ] | DriftLimit: 0.0256 | FloorLimit: 0.4797 ---
2026-04-24 09:42:33,772 - [ENV] - --- EPISODE START | Scenario: TRANSIT | Start: [1.00702263 0.03385958 0.55      ] | Goal: [1.03997105 0.50691937 0.55      ] | DriftLimit: 0.0254 | FloorLimit: 0.4798 ---
2026-04-24 09:42:38,275 - [ENV] - --- EPISODE START | Scenario: TRANSIT | Start: [1.07119006 0.3917247  0.55      ] | Goal: [1.11642272 0.25256693 0.55      ] | DriftLimit: 0.0253 | FloorLimit: 0.4798 ---
2026-04-24 09:42:42,956 - [ENV] - --- EPISODE START | Scenario: ASCEND | Start: [0.78764675 0.02242086 0.415     ] | Goal: [0.78764675 0.02242086 0.55      ] | DriftLimit: 0.0252 | FloorLimit: 0.4799 ---
2026-04-24 09:42:43,460 - [ENV] - TERMINATED (Ascend): Tube Drift = 0.0300m (Max 0.0252m) at step 12
2026-04-24 09:42:43,461 - [ENV] - Episode ended without success at step 12. Final dist: 0.0551m
2026-04-24 09:42:43,461 - [ENV] - --- EPISODE START | Scenario: DESCEND | Start: [0.8901863  0.46278525 0.55      ] | Goal: [0.8901863  0.46278525 0.415     ] | DriftLimit: 0.0252 | FloorLimit: 0.4799 ---
2026-04-24 09:42:46,262 - [ENV] - TERMINATED (Descend): Tube Drift = 0.0251m (Max 0.0251m) at step 113
2026-04-24 09:42:46,262 - [ENV] - Episode ended without success at step 113. Final dist: 0.0253m
2026-04-24 09:42:46,263 - [ENV] - --- EPISODE START | Scenario: DESCEND | Start: [0.80131726 0.3754776  0.55      ] | Goal: [0.80131726 0.3754776  0.41      ] | DriftLimit: 0.0251 | FloorLimit: 0.4800 ---
