2026-04-24 08:53:51,704 - [ENV] - --- EPISODE START | Scenario: ASCEND | Start: [0.7957345  0.32232497 0.415     ] | Goal: [0.7957345  0.32232497 0.55      ] | DriftLimit: 0.0800 | FloorLimit: 0.4500 ---
2026-04-24 08:53:52,072 - [ENV] - TERMINATED (Ascend): Tube Drift = 0.0814m (Max 0.0800m) at step 21
2026-04-24 08:53:52,072 - [ENV] - Episode ended without success at step 21. Final dist: 0.1224m
2026-04-24 08:53:52,073 - [ENV] - --- EPISODE START | Scenario: DESCEND | Start: [0.89518818 0.46019771 0.55      ] | Goal: [0.89518818 0.46019771 0.415     ] | DriftLimit: 0.0800 | FloorLimit: 0.4500 ---
2026-04-24 08:53:52,212 - [ENV] - TERMINATED (Descend): Tube Drift = 0.0871m (Max 0.0800m) at step 6
2026-04-24 08:53:52,213 - [ENV] - Episode ended without success at step 6. Final dist: 0.1477m
2026-04-24 08:53:52,213 - [ENV] - --- EPISODE START | Scenario: ASCEND | Start: [1.02289551 0.20844293 0.415     ] | Goal: [1.02289551 0.20844293 0.55      ] | DriftLimit: 0.0800 | FloorLimit: 0.4500 ---
2026-04-24 08:53:52,549 - [ENV] - TERMINATED (Ascend): Tube Drift = 0.0934m (Max 0.0800m) at step 13
2026-04-24 08:53:52,550 - [ENV] - Episode ended without success at step 13. Final dist: 0.1053m
2026-04-24 08:53:52,550 - [ENV] - --- EPISODE START | Scenario: TRANSIT | Start: [1.02904542 0.1586133  0.55      ] | Goal: [0.63743766 0.35040627 0.55      ] | DriftLimit: 0.0800 | FloorLimit: 0.4500 ---
2026-04-24 08:53:54,338 - [ENV] - --- EPISODE START | Scenario: DESCEND | Start: [0.60065965 0.40594705 0.55      ] | Goal: [0.60065965 0.40594705 0.41      ] | DriftLimit: 0.0798 | FloorLimit: 0.4501 ---
2026-04-24 08:53:54,435 - [ENV] - TERMINATED (Descend): Tube Drift = 0.0974m (Max 0.0798m) at step 7
2026-04-24 08:53:54,436 - [ENV] - Episode ended without success at step 7. Final dist: 0.1383m
2026-04-24 08:53:54,436 - [ENV] - --- EPISODE START | Scenario: DESCEND | Start: [0.69706113 0.4021429  0.55      ] | Goal: [0.69706113 0.4021429  0.415     ] | DriftLimit: 0.0798 | FloorLimit: 0.4501 ---
2026-04-24 08:53:54,701 - [ENV] - TERMINATED (Descend): Tube Drift = 0.0816m (Max 0.0798m) at step 16
2026-04-24 08:53:54,701 - [ENV] - Episode ended without success at step 16. Final dist: 0.0850m
2026-04-24 08:53:54,701 - [ENV] - --- EPISODE START | Scenario: TRANSIT | Start: [0.67865845 0.16867283 0.55      ] | Goal: [0.86205596 0.46652049 0.55      ] | DriftLimit: 0.0798 | FloorLimit: 0.4501 ---
2026-04-24 08:53:56,535 - [ENV] - TERMINATED (Transit): Floor collision. Z = 0.4423m (Min 0.450m) at step 119
2026-04-24 08:53:56,535 - [ENV] - Episode ended without success at step 119. Final dist: 0.3137m
2026-04-24 08:53:56,536 - [ENV] - --- EPISODE START | Scenario: TRANSIT | Start: [0.62926405 0.35713617 0.55      ] | Goal: [1.05572386 0.12754825 0.55      ] | DriftLimit: 0.0797 | FloorLimit: 0.4501 ---
2026-04-24 08:53:57,975 - [ENV] - TERMINATED (Transit): Floor collision. Z = 0.4434m (Min 0.450m) at step 142
2026-04-24 08:53:57,975 - [ENV] - Episode ended without success at step 142. Final dist: 0.3240m
2026-04-24 08:53:57,976 - [ENV] - --- EPISODE START | Scenario: ASCEND | Start: [0.94926552 0.3837587  0.415     ] | Goal: [0.94926552 0.3837587  0.55      ] | DriftLimit: 0.0796 | FloorLimit: 0.4502 ---
2026-04-24 08:54:02,523 - [ENV] - --- EPISODE START | Scenario: ASCEND | Start: [1.07029453 0.45637312 0.415     ] | Goal: [1.07029453 0.45637312 0.55      ] | DriftLimit: 0.0795 | FloorLimit: 0.4503 ---
2026-04-24 08:54:06,992 - [ENV] - --- EPISODE START | Scenario: DESCEND | Start: [0.71574761 0.15005538 0.55      ] | Goal: [0.71574761 0.15005538 0.41      ] | DriftLimit: 0.0794 | FloorLimit: 0.4503 ---
2026-04-24 08:54:11,473 - [ENV] - --- EPISODE START | Scenario: ASCEND | Start: [0.73845623 0.13870368 0.415     ] | Goal: [0.73845623 0.13870368 0.55      ] | DriftLimit: 0.0792 | FloorLimit: 0.4504 ---
2026-04-24 08:54:16,018 - [ENV] - --- EPISODE START | Scenario: ASCEND | Start: [0.98411715 0.20914449 0.415     ] | Goal: [0.98411715 0.20914449 0.55      ] | DriftLimit: 0.0791 | FloorLimit: 0.4505 ---
2026-04-24 08:54:16,453 - [ENV] - TERMINATED (Ascend): Tube Drift = 0.0813m (Max 0.0791m) at step 10
2026-04-24 08:54:16,453 - [ENV] - Episode ended without success at step 10. Final dist: 0.1223m
2026-04-24 08:54:16,454 - [ENV] - --- EPISODE START | Scenario: ASCEND | Start: [1.02260953 0.32961979 0.415     ] | Goal: [1.02260953 0.32961979 0.55      ] | DriftLimit: 0.0791 | FloorLimit: 0.4505 ---
2026-04-24 08:54:21,025 - [ENV] - --- EPISODE START | Scenario: ASCEND | Start: [1.02253627 0.50957183 0.415     ] | Goal: [1.02253627 0.50957183 0.55      ] | DriftLimit: 0.0790 | FloorLimit: 0.4506 ---
2026-04-24 08:54:21,985 - [ENV] - TERMINATED (Ascend): Tube Drift = 0.0804m (Max 0.0790m) at step 25
2026-04-24 08:54:21,985 - [ENV] - Episode ended without success at step 25. Final dist: 0.1618m
2026-04-24 08:54:21,986 - [ENV] - --- EPISODE START | Scenario: TRANSIT | Start: [0.80948458 0.1921577  0.55      ] | Goal: [0.66529822 0.06960612 0.55      ] | DriftLimit: 0.0790 | FloorLimit: 0.4506 ---
2026-04-24 08:54:22,634 - [ENV] - SUCCESS: Goal reached in 18 steps. Dist = 0.0184m
2026-04-24 08:54:22,635 - [ENV] - --- EPISODE START | Scenario: ASCEND | Start: [0.9112753  0.20634166 0.415     ] | Goal: [0.9112753  0.20634166 0.55      ] | DriftLimit: 0.0790 | FloorLimit: 0.4506 ---
2026-04-24 08:54:27,558 - [ENV] - --- EPISODE START | Scenario: TRANSIT | Start: [0.83728781 0.46205774 0.55      ] | Goal: [0.70674549 0.35785552 0.55      ] | DriftLimit: 0.0788 | FloorLimit: 0.4506 ---
2026-04-24 08:54:28,511 - [ENV] - SUCCESS: Goal reached in 34 steps. Dist = 0.0113m
2026-04-24 08:54:28,512 - [ENV] - --- EPISODE START | Scenario: TRANSIT | Start: [0.94411785 0.54299477 0.55      ] | Goal: [0.69683628 0.39145516 0.55      ] | DriftLimit: 0.0788 | FloorLimit: 0.4507 ---
2026-04-24 08:54:29,284 - [ENV] - SUCCESS: Goal reached in 33 steps. Dist = 0.0101m
2026-04-24 08:54:29,284 - [ENV] - --- EPISODE START | Scenario: DESCEND | Start: [0.94628088 0.10445608 0.55      ] | Goal: [0.94628088 0.10445608 0.415     ] | DriftLimit: 0.0788 | FloorLimit: 0.4507 ---
2026-04-24 08:54:29,451 - [ENV] - SUCCESS: Goal reached in 4 steps. Dist = 0.0074m
2026-04-24 08:54:29,452 - [ENV] - --- EPISODE START | Scenario: DESCEND | Start: [0.82684533 0.10366705 0.55      ] | Goal: [0.82684533 0.10366705 0.415     ] | DriftLimit: 0.0788 | FloorLimit: 0.4507 ---
2026-04-24 08:54:34,190 - [ENV] - --- EPISODE START | Scenario: TRANSIT | Start: [1.12786014 0.0953221  0.55      ] | Goal: [0.93369101 0.45983587 0.55      ] | DriftLimit: 0.0786 | FloorLimit: 0.4507 ---
2026-04-24 08:54:34,590 - [ENV] - SUCCESS: Goal reached in 13 steps. Dist = 0.0168m
2026-04-24 08:54:34,591 - [ENV] - --- EPISODE START | Scenario: ASCEND | Start: [0.98832543 0.5294698  0.415     ] | Goal: [0.98832543 0.5294698  0.55      ] | DriftLimit: 0.0786 | FloorLimit: 0.4507 ---
2026-04-24 08:54:34,960 - [ENV] - TERMINATED (Ascend): Tube Drift = 0.0829m (Max 0.0786m) at step 14
2026-04-24 08:54:34,960 - [ENV] - Episode ended without success at step 14. Final dist: 0.1555m
2026-04-24 08:54:34,961 - [ENV] - --- EPISODE START | Scenario: TRANSIT | Start: [1.07606901 0.4593796  0.55      ] | Goal: [0.71486466 0.26410983 0.55      ] | DriftLimit: 0.0786 | FloorLimit: 0.4507 ---
2026-04-24 08:54:39,005 - [ENV] - --- EPISODE START | Scenario: TRANSIT | Start: [0.94506443 0.52833585 0.55      ] | Goal: [0.69521216 0.54187016 0.55      ] | DriftLimit: 0.0785 | FloorLimit: 0.4508 ---
2026-04-24 08:54:43,692 - [ENV] - --- EPISODE START | Scenario: DESCEND | Start: [1.12491132 0.06052358 0.55      ] | Goal: [1.12491132 0.06052358 0.415     ] | DriftLimit: 0.0784 | FloorLimit: 0.4509 ---
2026-04-24 08:54:43,991 - [ENV] - SUCCESS: Goal reached in 10 steps. Dist = 0.0100m
2026-04-24 08:54:43,991 - [ENV] - --- EPISODE START | Scenario: ASCEND | Start: [0.66769713 0.52634475 0.415     ] | Goal: [0.66769713 0.52634475 0.55      ] | DriftLimit: 0.0784 | FloorLimit: 0.4509 ---
2026-04-24 08:54:44,498 - [ENV] - TERMINATED (Ascend): Tube Drift = 0.0792m (Max 0.0783m) at step 17
2026-04-24 08:54:44,498 - [ENV] - Episode ended without success at step 17. Final dist: 0.1563m
2026-04-24 08:54:44,499 - [ENV] - --- EPISODE START | Scenario: TRANSIT | Start: [0.85486391 0.00114553 0.55      ] | Goal: [1.0882263  0.11611301 0.55      ] | DriftLimit: 0.0783 | FloorLimit: 0.4509 ---
2026-04-24 08:54:49,161 - [ENV] - --- EPISODE START | Scenario: ASCEND | Start: [0.80536248 0.13308731 0.415     ] | Goal: [0.80536248 0.13308731 0.55      ] | DriftLimit: 0.0782 | FloorLimit: 0.4510 ---
2026-04-24 08:54:49,474 - [ENV] - TERMINATED (Ascend): Tube Drift = 0.0807m (Max 0.0782m) at step 7
2026-04-24 08:54:49,474 - [ENV] - Episode ended without success at step 7. Final dist: 0.1443m
2026-04-24 08:54:49,475 - [ENV] - --- EPISODE START | Scenario: DESCEND | Start: [0.64410681 0.01665919 0.55      ] | Goal: [0.64410681 0.01665919 0.41      ] | DriftLimit: 0.0782 | FloorLimit: 0.4510 ---
2026-04-24 08:55:25,814 - [ENV] - --- EPISODE START | Scenario: DESCEND | Start: [1.09900107 0.52564386 0.55      ] | Goal: [1.09900107 0.52564386 0.415     ] | DriftLimit: 0.0781 | FloorLimit: 0.4510 ---
2026-04-24 08:55:25,929 - [ENV] - SUCCESS: Goal reached in 4 steps. Dist = 0.0076m
2026-04-24 08:55:25,929 - [ENV] - --- EPISODE START | Scenario: ASCEND | Start: [0.61608404 0.02601576 0.415     ] | Goal: [0.61608404 0.02601576 0.55      ] | DriftLimit: 0.0781 | FloorLimit: 0.4510 ---
2026-04-24 08:55:26,134 - [ENV] - TERMINATED (Ascend): Tube Drift = 0.1025m (Max 0.0781m) at step 7
2026-04-24 08:55:26,134 - [ENV] - Episode ended without success at step 7. Final dist: 0.1703m
2026-04-24 08:55:26,134 - [ENV] - --- EPISODE START | Scenario: DESCEND | Start: [0.63759281 0.23381642 0.55      ] | Goal: [0.63759281 0.23381642 0.41      ] | DriftLimit: 0.0781 | FloorLimit: 0.4510 ---
2026-04-24 08:55:29,909 - [ENV] - --- EPISODE START | Scenario: DESCEND | Start: [0.91361838 0.40177804 0.55      ] | Goal: [0.91361838 0.40177804 0.41      ] | DriftLimit: 0.0780 | FloorLimit: 0.4511 ---
2026-04-24 08:55:30,069 - [ENV] - SUCCESS: Goal reached in 5 steps. Dist = 0.0098m
2026-04-24 08:55:30,070 - [ENV] - --- EPISODE START | Scenario: TRANSIT | Start: [0.93051106 0.02402873 0.55      ] | Goal: [0.70017596 0.06181476 0.55      ] | DriftLimit: 0.0779 | FloorLimit: 0.4511 ---
2026-04-24 08:55:30,323 - [ENV] - SUCCESS: Goal reached in 8 steps. Dist = 0.0204m
2026-04-24 08:55:30,324 - [ENV] - --- EPISODE START | Scenario: DESCEND | Start: [1.03776173 0.21208667 0.55      ] | Goal: [1.03776173 0.21208667 0.41      ] | DriftLimit: 0.0779 | FloorLimit: 0.4511 ---
2026-04-24 08:55:30,627 - [ENV] - SUCCESS: Goal reached in 12 steps. Dist = 0.0099m
2026-04-24 08:55:30,628 - [ENV] - --- EPISODE START | Scenario: TRANSIT | Start: [1.09445296 0.37574547 0.55      ] | Goal: [0.63490884 0.30074076 0.55      ] | DriftLimit: 0.0779 | FloorLimit: 0.4511 ---
2026-04-24 08:55:34,437 - [ENV] - --- EPISODE START | Scenario: DESCEND | Start: [0.72849579 0.4746792  0.55      ] | Goal: [0.72849579 0.4746792  0.41      ] | DriftLimit: 0.0778 | FloorLimit: 0.4512 ---
2026-04-24 08:55:38,552 - [ENV] - --- EPISODE START | Scenario: DESCEND | Start: [0.66386686 0.34140368 0.55      ] | Goal: [0.66386686 0.34140368 0.415     ] | DriftLimit: 0.0777 | FloorLimit: 0.4513 ---
2026-04-24 08:55:38,714 - [ENV] - SUCCESS: Goal reached in 5 steps. Dist = 0.0097m
2026-04-24 08:55:38,715 - [ENV] - --- EPISODE START | Scenario: DESCEND | Start: [0.82526706 0.4056689  0.55      ] | Goal: [0.82526706 0.4056689  0.415     ] | DriftLimit: 0.0777 | FloorLimit: 0.4513 ---
2026-04-24 08:55:38,848 - [ENV] - SUCCESS: Goal reached in 4 steps. Dist = 0.0087m
2026-04-24 08:55:38,848 - [ENV] - --- EPISODE START | Scenario: ASCEND | Start: [1.07541511 0.23191494 0.415     ] | Goal: [1.07541511 0.23191494 0.55      ] | DriftLimit: 0.0777 | FloorLimit: 0.4513 ---
2026-04-24 08:55:39,132 - [ENV] - TERMINATED (Ascend): Tube Drift = 0.0896m (Max 0.0777m) at step 7
2026-04-24 08:55:39,132 - [ENV] - Episode ended without success at step 7. Final dist: 0.1370m
2026-04-24 08:55:39,133 - [ENV] - --- EPISODE START | Scenario: DESCEND | Start: [0.69911385 0.13894553 0.55      ] | Goal: [0.69911385 0.13894553 0.41      ] | DriftLimit: 0.0777 | FloorLimit: 0.4513 ---
2026-04-24 08:55:42,838 - [ENV] - --- EPISODE START | Scenario: TRANSIT | Start: [0.78622523 0.41979329 0.55      ] | Goal: [0.85778195 0.20766639 0.55      ] | DriftLimit: 0.0775 | FloorLimit: 0.4513 ---
2026-04-24 08:55:43,170 - [ENV] - SUCCESS: Goal reached in 13 steps. Dist = 0.0186m
2026-04-24 08:55:43,171 - [ENV] - --- EPISODE START | Scenario: DESCEND | Start: [0.88783238 0.3799798  0.55      ] | Goal: [0.88783238 0.3799798  0.415     ] | DriftLimit: 0.0775 | FloorLimit: 0.4513 ---
2026-04-24 08:55:43,324 - [ENV] - SUCCESS: Goal reached in 4 steps. Dist = 0.0082m
2026-04-24 08:55:43,324 - [ENV] - --- EPISODE START | Scenario: ASCEND | Start: [0.92473325 0.28470169 0.415     ] | Goal: [0.92473325 0.28470169 0.55      ] | DriftLimit: 0.0775 | FloorLimit: 0.4514 ---
2026-04-24 08:55:43,782 - [ENV] - TERMINATED (Ascend): Tube Drift = 0.0788m (Max 0.0775m) at step 18
2026-04-24 08:55:43,782 - [ENV] - Episode ended without success at step 18. Final dist: 0.1533m
2026-04-24 08:55:43,782 - [ENV] - --- EPISODE START | Scenario: ASCEND | Start: [0.96516931 0.49701222 0.415     ] | Goal: [0.96516931 0.49701222 0.55      ] | DriftLimit: 0.0775 | FloorLimit: 0.4514 ---
2026-04-24 08:55:44,120 - [ENV] - TERMINATED (Ascend): Tube Drift = 0.0829m (Max 0.0775m) at step 13
2026-04-24 08:55:44,121 - [ENV] - Episode ended without success at step 13. Final dist: 0.1497m
2026-04-24 08:55:44,121 - [ENV] - --- EPISODE START | Scenario: DESCEND | Start: [0.90564784 0.01250158 0.55      ] | Goal: [0.90564784 0.01250158 0.415     ] | DriftLimit: 0.0775 | FloorLimit: 0.4514 ---
2026-04-24 08:55:44,223 - [ENV] - SUCCESS: Goal reached in 4 steps. Dist = 0.0063m
2026-04-24 08:55:44,224 - [ENV] - --- EPISODE START | Scenario: DESCEND | Start: [0.85634379 0.02259043 0.55      ] | Goal: [0.85634379 0.02259043 0.415     ] | DriftLimit: 0.0775 | FloorLimit: 0.4514 ---
2026-04-24 08:55:44,828 - [ENV] - SUCCESS: Goal reached in 29 steps. Dist = 0.0099m
2026-04-24 08:55:44,829 - [ENV] - --- EPISODE START | Scenario: TRANSIT | Start: [0.90988374 0.19056205 0.55      ] | Goal: [0.9806293  0.03095845 0.55      ] | DriftLimit: 0.0775 | FloorLimit: 0.4514 ---
2026-04-24 08:55:49,263 - [ENV] - --- EPISODE START | Scenario: ASCEND | Start: [1.05176719 0.07692436 0.415     ] | Goal: [1.05176719 0.07692436 0.55      ] | DriftLimit: 0.0773 | FloorLimit: 0.4514 ---
2026-04-24 08:55:53,467 - [ENV] - --- EPISODE START | Scenario: DESCEND | Start: [0.80438882 0.06469034 0.55      ] | Goal: [0.80438882 0.06469034 0.41      ] | DriftLimit: 0.0772 | FloorLimit: 0.4515 ---
2026-04-24 08:55:57,434 - [ENV] - --- EPISODE START | Scenario: TRANSIT | Start: [1.03125128 0.2492643  0.55      ] | Goal: [ 0.95013322 -0.00505337  0.55      ] | DriftLimit: 0.0771 | FloorLimit: 0.4516 ---
2026-04-24 08:56:01,173 - [ENV] - --- EPISODE START | Scenario: TRANSIT | Start: [0.91075005 0.31432162 0.55      ] | Goal: [1.13379342 0.10457806 0.55      ] | DriftLimit: 0.0770 | FloorLimit: 0.4517 ---
2026-04-24 08:56:05,131 - [ENV] - --- EPISODE START | Scenario: ASCEND | Start: [0.96403593 0.04391304 0.415     ] | Goal: [0.96403593 0.04391304 0.55      ] | DriftLimit: 0.0768 | FloorLimit: 0.4517 ---
2026-04-24 08:56:08,966 - [ENV] - --- EPISODE START | Scenario: DESCEND | Start: [0.87051948 0.38135667 0.55      ] | Goal: [0.87051948 0.38135667 0.41      ] | DriftLimit: 0.0767 | FloorLimit: 0.4518 ---
2026-04-24 08:56:12,867 - [ENV] - --- EPISODE START | Scenario: DESCEND | Start: [0.79921058 0.04418858 0.55      ] | Goal: [0.79921058 0.04418858 0.41      ] | DriftLimit: 0.0766 | FloorLimit: 0.4519 ---
2026-04-24 08:56:17,275 - [ENV] - --- EPISODE START | Scenario: ASCEND | Start: [0.61138069 0.26697956 0.415     ] | Goal: [0.61138069 0.26697956 0.55      ] | DriftLimit: 0.0764 | FloorLimit: 0.4519 ---
2026-04-24 08:56:17,928 - [ENV] - TERMINATED (Ascend): Tube Drift = 0.0767m (Max 0.0764m) at step 17
2026-04-24 08:56:17,928 - [ENV] - Episode ended without success at step 17. Final dist: 0.1508m
2026-04-24 08:56:17,929 - [ENV] - --- EPISODE START | Scenario: DESCEND | Start: [1.11309228 0.43317864 0.55      ] | Goal: [1.11309228 0.43317864 0.415     ] | DriftLimit: 0.0764 | FloorLimit: 0.4519 ---
2026-04-24 08:56:51,412 - [ENV] - --- EPISODE START | Scenario: TRANSIT | Start: [0.86288556 0.38150101 0.55      ] | Goal: [0.67095309 0.29260847 0.55      ] | DriftLimit: 0.0763 | FloorLimit: 0.4520 ---
2026-04-24 08:56:55,573 - [ENV] - --- EPISODE START | Scenario: TRANSIT | Start: [0.80758614 0.08433006 0.55      ] | Goal: [0.85275237 0.3705352  0.55      ] | DriftLimit: 0.0762 | FloorLimit: 0.4521 ---
2026-04-24 08:56:59,618 - [ENV] - --- EPISODE START | Scenario: DESCEND | Start: [0.72256081 0.18715822 0.55      ] | Goal: [0.72256081 0.18715822 0.415     ] | DriftLimit: 0.0761 | FloorLimit: 0.4522 ---
2026-04-24 08:57:04,367 - [ENV] - --- EPISODE START | Scenario: DESCEND | Start: [0.82591571 0.1749423  0.55      ] | Goal: [0.82591571 0.1749423  0.415     ] | DriftLimit: 0.0759 | FloorLimit: 0.4522 ---
2026-04-24 08:57:08,915 - [ENV] - --- EPISODE START | Scenario: TRANSIT | Start: [1.03465264 0.45436758 0.55      ] | Goal: [0.8494084  0.25001899 0.55      ] | DriftLimit: 0.0758 | FloorLimit: 0.4523 ---
2026-04-24 08:57:13,297 - [ENV] - --- EPISODE START | Scenario: DESCEND | Start: [1.00462132 0.1728389  0.55      ] | Goal: [1.00462132 0.1728389  0.415     ] | DriftLimit: 0.0757 | FloorLimit: 0.4524 ---
2026-04-24 08:57:13,590 - [ENV] - SUCCESS: Goal reached in 10 steps. Dist = 0.0098m
2026-04-24 08:57:13,591 - [ENV] - --- EPISODE START | Scenario: ASCEND | Start: [1.09650315 0.11542148 0.415     ] | Goal: [1.09650315 0.11542148 0.55      ] | DriftLimit: 0.0757 | FloorLimit: 0.4524 ---
2026-04-24 08:57:15,255 - [ENV] - TERMINATED (Ascend): Tube Drift = 0.0797m (Max 0.0756m) at step 71
2026-04-24 08:57:15,255 - [ENV] - Episode ended without success at step 71. Final dist: 0.0878m
2026-04-24 08:57:15,255 - [ENV] - --- EPISODE START | Scenario: DESCEND | Start: [1.12399747 0.49521497 0.55      ] | Goal: [1.12399747 0.49521497 0.415     ] | DriftLimit: 0.0756 | FloorLimit: 0.4524 ---
2026-04-24 08:57:15,560 - [ENV] - SUCCESS: Goal reached in 10 steps. Dist = 0.0090m
2026-04-24 08:57:15,561 - [ENV] - --- EPISODE START | Scenario: DESCEND | Start: [0.62853297 0.4732498  0.55      ] | Goal: [0.62853297 0.4732498  0.41      ] | DriftLimit: 0.0756 | FloorLimit: 0.4524 ---
2026-04-24 08:57:19,983 - [ENV] - --- EPISODE START | Scenario: ASCEND | Start: [0.62454754 0.53462989 0.415     ] | Goal: [0.62454754 0.53462989 0.55      ] | DriftLimit: 0.0755 | FloorLimit: 0.4525 ---
2026-04-24 08:57:20,368 - [ENV] - TERMINATED (Ascend): Tube Drift = 0.0759m (Max 0.0755m) at step 12
2026-04-24 08:57:20,368 - [ENV] - Episode ended without success at step 12. Final dist: 0.1579m
2026-04-24 08:57:20,369 - [ENV] - --- EPISODE START | Scenario: TRANSIT | Start: [ 0.66017083 -0.00536592  0.55      ] | Goal: [0.6524087  0.16179636 0.55      ] | DriftLimit: 0.0755 | FloorLimit: 0.4525 ---
2026-04-24 08:57:24,805 - [ENV] - --- EPISODE START | Scenario: TRANSIT | Start: [0.7704071  0.39872355 0.55      ] | Goal: [0.97956836 0.44590769 0.55      ] | DriftLimit: 0.0753 | FloorLimit: 0.4525 ---
2026-04-24 08:57:29,203 - [ENV] - --- EPISODE START | Scenario: DESCEND | Start: [0.75000163 0.14341737 0.55      ] | Goal: [0.75000163 0.14341737 0.415     ] | DriftLimit: 0.0752 | FloorLimit: 0.4526 ---
2026-04-24 08:57:33,629 - [ENV] - --- EPISODE START | Scenario: DESCEND | Start: [1.01586965 0.30719344 0.55      ] | Goal: [1.01586965 0.30719344 0.41      ] | DriftLimit: 0.0751 | FloorLimit: 0.4527 ---
2026-04-24 08:57:36,147 - [ENV] - TERMINATED (Descend): Tube Drift = 0.0764m (Max 0.0750m) at step 99
2026-04-24 08:57:36,147 - [ENV] - Episode ended without success at step 99. Final dist: 0.0769m
2026-04-24 08:57:36,148 - [ENV] - --- EPISODE START | Scenario: TRANSIT | Start: [0.98067693 0.1281458  0.55      ] | Goal: [1.13875478 0.49271428 0.55      ] | DriftLimit: 0.0750 | FloorLimit: 0.4527 ---
2026-04-24 08:57:40,410 - [ENV] - --- EPISODE START | Scenario: ASCEND | Start: [1.00008393 0.46055201 0.415     ] | Goal: [1.00008393 0.46055201 0.55      ] | DriftLimit: 0.0749 | FloorLimit: 0.4528 ---
2026-04-24 08:57:44,797 - [ENV] - --- EPISODE START | Scenario: DESCEND | Start: [0.89486233 0.266491   0.55      ] | Goal: [0.89486233 0.266491   0.415     ] | DriftLimit: 0.0747 | FloorLimit: 0.4529 ---
2026-04-24 08:57:49,321 - [ENV] - --- EPISODE START | Scenario: DESCEND | Start: [0.6804712  0.34683448 0.55      ] | Goal: [0.6804712  0.34683448 0.415     ] | DriftLimit: 0.0746 | FloorLimit: 0.4529 ---
2026-04-24 08:58:19,290 - [ENV] - --- EPISODE START | Scenario: ASCEND | Start: [0.87373784 0.27340261 0.415     ] | Goal: [0.87373784 0.27340261 0.55      ] | DriftLimit: 0.0745 | FloorLimit: 0.4530 ---
2026-04-24 08:58:23,293 - [ENV] - --- EPISODE START | Scenario: ASCEND | Start: [1.13255096 0.51623405 0.415     ] | Goal: [1.13255096 0.51623405 0.55      ] | DriftLimit: 0.0744 | FloorLimit: 0.4531 ---
2026-04-24 08:58:24,202 - [ENV] - TERMINATED (Ascend): Tube Drift = 0.0750m (Max 0.0743m) at step 38
2026-04-24 08:58:24,202 - [ENV] - Episode ended without success at step 38. Final dist: 0.1072m
2026-04-24 08:58:24,203 - [ENV] - --- EPISODE START | Scenario: TRANSIT | Start: [0.83306016 0.53565885 0.55      ] | Goal: [1.11482264 0.00939068 0.55      ] | DriftLimit: 0.0743 | FloorLimit: 0.4531 ---
2026-04-24 08:58:28,259 - [ENV] - --- EPISODE START | Scenario: TRANSIT | Start: [1.04559256 0.17882749 0.55      ] | Goal: [1.13669241 0.07397326 0.55      ] | DriftLimit: 0.0742 | FloorLimit: 0.4532 ---
2026-04-24 08:58:32,724 - [ENV] - --- EPISODE START | Scenario: ASCEND | Start: [1.1297743  0.51278234 0.415     ] | Goal: [1.1297743  0.51278234 0.55      ] | DriftLimit: 0.0741 | FloorLimit: 0.4532 ---
2026-04-24 08:58:33,610 - [ENV] - TERMINATED (Ascend): Tube Drift = 0.0754m (Max 0.0741m) at step 32
2026-04-24 08:58:33,610 - [ENV] - Episode ended without success at step 32. Final dist: 0.1010m
2026-04-24 08:58:33,611 - [ENV] - --- EPISODE START | Scenario: TRANSIT | Start: [0.61785704 0.3146754  0.55      ] | Goal: [0.85272283 0.51712527 0.55      ] | DriftLimit: 0.0741 | FloorLimit: 0.4532 ---
2026-04-24 08:58:38,311 - [ENV] - --- EPISODE START | Scenario: TRANSIT | Start: [0.82887763 0.24553969 0.55      ] | Goal: [0.64058702 0.42469683 0.55      ] | DriftLimit: 0.0739 | FloorLimit: 0.4533 ---
2026-04-24 08:58:42,802 - [ENV] - --- EPISODE START | Scenario: ASCEND | Start: [0.70154408 0.51603118 0.415     ] | Goal: [0.70154408 0.51603118 0.55      ] | DriftLimit: 0.0738 | FloorLimit: 0.4534 ---
2026-04-24 08:58:47,161 - [ENV] - --- EPISODE START | Scenario: ASCEND | Start: [0.78529582 0.483139   0.415     ] | Goal: [0.78529582 0.483139   0.55      ] | DriftLimit: 0.0737 | FloorLimit: 0.4535 ---
2026-04-24 08:58:51,504 - [ENV] - --- EPISODE START | Scenario: TRANSIT | Start: [1.00340726 0.27119788 0.55      ] | Goal: [0.65928374 0.18806185 0.55      ] | DriftLimit: 0.0735 | FloorLimit: 0.4535 ---
2026-04-24 08:58:56,042 - [ENV] - --- EPISODE START | Scenario: TRANSIT | Start: [0.66605183 0.49406211 0.55      ] | Goal: [1.09202004 0.28695643 0.55      ] | DriftLimit: 0.0734 | FloorLimit: 0.4536 ---
2026-04-24 08:59:00,342 - [ENV] - --- EPISODE START | Scenario: ASCEND | Start: [1.05022826 0.00788258 0.415     ] | Goal: [1.05022826 0.00788258 0.55      ] | DriftLimit: 0.0733 | FloorLimit: 0.4537 ---
2026-04-24 08:59:04,585 - [ENV] - --- EPISODE START | Scenario: ASCEND | Start: [1.02703473 0.01062014 0.415     ] | Goal: [1.02703473 0.01062014 0.55      ] | DriftLimit: 0.0732 | FloorLimit: 0.4537 ---
2026-04-24 08:59:08,936 - [ENV] - --- EPISODE START | Scenario: DESCEND | Start: [1.03867041 0.37551332 0.55      ] | Goal: [1.03867041 0.37551332 0.41      ] | DriftLimit: 0.0730 | FloorLimit: 0.4538 ---
2026-04-24 08:59:13,232 - [ENV] - --- EPISODE START | Scenario: TRANSIT | Start: [0.93432557 0.4404491  0.55      ] | Goal: [0.98825542 0.29205911 0.55      ] | DriftLimit: 0.0729 | FloorLimit: 0.4539 ---
2026-04-24 08:59:17,509 - [ENV] - --- EPISODE START | Scenario: DESCEND | Start: [0.63193186 0.17564553 0.55      ] | Goal: [0.63193186 0.17564553 0.415     ] | DriftLimit: 0.0728 | FloorLimit: 0.4539 ---
2026-04-24 08:59:49,269 - [ENV] - --- EPISODE START | Scenario: DESCEND | Start: [0.63716127 0.32272411 0.55      ] | Goal: [0.63716127 0.32272411 0.415     ] | DriftLimit: 0.0726 | FloorLimit: 0.4540 ---
2026-04-24 08:59:53,134 - [ENV] - --- EPISODE START | Scenario: DESCEND | Start: [0.60001489 0.10038573 0.55      ] | Goal: [0.60001489 0.10038573 0.415     ] | DriftLimit: 0.0725 | FloorLimit: 0.4541 ---
2026-04-24 08:59:56,992 - [ENV] - --- EPISODE START | Scenario: ASCEND | Start: [1.09028491 0.1683047  0.415     ] | Goal: [1.09028491 0.1683047  0.55      ] | DriftLimit: 0.0724 | FloorLimit: 0.4542 ---
2026-04-24 08:59:59,186 - [ENV] - TERMINATED (Ascend): Tube Drift = 0.0727m (Max 0.0723m) at step 100
2026-04-24 08:59:59,186 - [ENV] - Episode ended without success at step 100. Final dist: 0.1283m
2026-04-24 08:59:59,187 - [ENV] - --- EPISODE START | Scenario: TRANSIT | Start: [1.08885584 0.14592469 0.55      ] | Goal: [0.72003819 0.25237471 0.55      ] | DriftLimit: 0.0723 | FloorLimit: 0.4542 ---
2026-04-24 09:00:03,634 - [ENV] - --- EPISODE START | Scenario: TRANSIT | Start: [ 1.04616275e+00 -4.99997590e-04  5.50000000e-01] | Goal: [0.72830347 0.42707725 0.55      ] | DriftLimit: 0.0722 | FloorLimit: 0.4543 ---
2026-04-24 09:00:08,149 - [ENV] - --- EPISODE START | Scenario: TRANSIT | Start: [0.85237811 0.13283904 0.55      ] | Goal: [0.74643691 0.26245651 0.55      ] | DriftLimit: 0.0721 | FloorLimit: 0.4543 ---
2026-04-24 09:00:12,596 - [ENV] - --- EPISODE START | Scenario: ASCEND | Start: [0.9081053  0.01280129 0.415     ] | Goal: [0.9081053  0.01280129 0.55      ] | DriftLimit: 0.0719 | FloorLimit: 0.4544 ---
2026-04-24 09:00:16,962 - [ENV] - --- EPISODE START | Scenario: ASCEND | Start: [0.61031935 0.42008618 0.415     ] | Goal: [0.61031935 0.42008618 0.55      ] | DriftLimit: 0.0718 | FloorLimit: 0.4545 ---
2026-04-24 09:00:21,339 - [ENV] - --- EPISODE START | Scenario: DESCEND | Start: [1.10046079 0.43903818 0.55      ] | Goal: [1.10046079 0.43903818 0.415     ] | DriftLimit: 0.0717 | FloorLimit: 0.4545 ---
2026-04-24 09:00:22,140 - [ENV] - SUCCESS: Goal reached in 32 steps. Dist = 0.0100m
2026-04-24 09:00:22,141 - [ENV] - --- EPISODE START | Scenario: ASCEND | Start: [0.92037993 0.01951407 0.415     ] | Goal: [0.92037993 0.01951407 0.55      ] | DriftLimit: 0.0716 | FloorLimit: 0.4546 ---
2026-04-24 09:00:26,545 - [ENV] - --- EPISODE START | Scenario: TRANSIT | Start: [0.63659986 0.16075504 0.55      ] | Goal: [1.03159908 0.44297249 0.55      ] | DriftLimit: 0.0715 | FloorLimit: 0.4546 ---
2026-04-24 09:00:30,877 - [ENV] - --- EPISODE START | Scenario: ASCEND | Start: [0.93878117 0.02509349 0.415     ] | Goal: [0.93878117 0.02509349 0.55      ] | DriftLimit: 0.0714 | FloorLimit: 0.4547 ---
2026-04-24 09:00:35,183 - [ENV] - --- EPISODE START | Scenario: TRANSIT | Start: [0.66689848 0.41319727 0.55      ] | Goal: [1.12908603 0.20899916 0.55      ] | DriftLimit: 0.0713 | FloorLimit: 0.4548 ---
2026-04-24 09:00:39,697 - [ENV] - --- EPISODE START | Scenario: DESCEND | Start: [ 1.12361367 -0.00320646  0.55      ] | Goal: [ 1.12361367 -0.00320646  0.41      ] | DriftLimit: 0.0711 | FloorLimit: 0.4548 ---
2026-04-24 09:00:44,203 - [ENV] - --- EPISODE START | Scenario: DESCEND | Start: [ 0.6810119  -0.00460264  0.55      ] | Goal: [ 0.6810119  -0.00460264  0.41      ] | DriftLimit: 0.0710 | FloorLimit: 0.4549 ---
2026-04-24 09:00:48,474 - [ENV] - --- EPISODE START | Scenario: TRANSIT | Start: [0.74798113 0.03669871 0.55      ] | Goal: [0.8352837  0.10924799 0.55      ] | DriftLimit: 0.0709 | FloorLimit: 0.4550 ---
2026-04-24 09:01:24,044 - [ENV] - --- EPISODE START | Scenario: DESCEND | Start: [0.77605474 0.03234127 0.55      ] | Goal: [0.77605474 0.03234127 0.415     ] | DriftLimit: 0.0708 | FloorLimit: 0.4550 ---
2026-04-24 09:01:28,140 - [ENV] - --- EPISODE START | Scenario: ASCEND | Start: [0.75532253 0.42844562 0.415     ] | Goal: [0.75532253 0.42844562 0.55      ] | DriftLimit: 0.0706 | FloorLimit: 0.4551 ---
2026-04-24 09:01:28,975 - [ENV] - TERMINATED (Ascend): Tube Drift = 0.0719m (Max 0.0706m) at step 28
2026-04-24 09:01:28,975 - [ENV] - Episode ended without success at step 28. Final dist: 0.0876m
2026-04-24 09:01:28,977 - [ENV] - --- EPISODE START | Scenario: DESCEND | Start: [0.94887584 0.1540436  0.55      ] | Goal: [0.94887584 0.1540436  0.415     ] | DriftLimit: 0.0706 | FloorLimit: 0.4551 ---
2026-04-24 09:01:33,624 - [ENV] - --- EPISODE START | Scenario: ASCEND | Start: [0.9152316  0.21126448 0.415     ] | Goal: [0.9152316  0.21126448 0.55      ] | DriftLimit: 0.0705 | FloorLimit: 0.4552 ---
2026-04-24 09:01:38,391 - [ENV] - --- EPISODE START | Scenario: ASCEND | Start: [0.60840454 0.15623964 0.415     ] | Goal: [0.60840454 0.15623964 0.55      ] | DriftLimit: 0.0703 | FloorLimit: 0.4553 ---
2026-04-24 09:01:43,019 - [ENV] - --- EPISODE START | Scenario: DESCEND | Start: [0.62100487 0.39747709 0.55      ] | Goal: [0.62100487 0.39747709 0.41      ] | DriftLimit: 0.0702 | FloorLimit: 0.4553 ---
2026-04-24 09:01:47,389 - [ENV] - --- EPISODE START | Scenario: ASCEND | Start: [0.73972511 0.12381464 0.415     ] | Goal: [0.73972511 0.12381464 0.55      ] | DriftLimit: 0.0701 | FloorLimit: 0.4554 ---
2026-04-24 09:01:51,766 - [ENV] - --- EPISODE START | Scenario: TRANSIT | Start: [0.7057486  0.45629837 0.55      ] | Goal: [0.62873234 0.36483551 0.55      ] | DriftLimit: 0.0700 | FloorLimit: 0.4555 ---
2026-04-24 09:01:56,215 - [ENV] - --- EPISODE START | Scenario: DESCEND | Start: [1.12827754 0.216052   0.55      ] | Goal: [1.12827754 0.216052   0.415     ] | DriftLimit: 0.0698 | FloorLimit: 0.4555 ---
2026-04-24 09:01:57,919 - [ENV] - SUCCESS: Goal reached in 72 steps. Dist = 0.0100m
2026-04-24 09:01:57,919 - [ENV] - --- EPISODE START | Scenario: TRANSIT | Start: [1.081165   0.26704236 0.55      ] | Goal: [0.86865698 0.32126308 0.55      ] | DriftLimit: 0.0698 | FloorLimit: 0.4556 ---
2026-04-24 09:02:02,196 - [ENV] - --- EPISODE START | Scenario: TRANSIT | Start: [0.75673152 0.43034556 0.55      ] | Goal: [0.99345324 0.14938006 0.55      ] | DriftLimit: 0.0697 | FloorLimit: 0.4556 ---
2026-04-24 09:02:06,814 - [ENV] - --- EPISODE START | Scenario: DESCEND | Start: [1.07422744 0.18566228 0.55      ] | Goal: [1.07422744 0.18566228 0.415     ] | DriftLimit: 0.0695 | FloorLimit: 0.4557 ---
2026-04-24 09:02:11,613 - [ENV] - --- EPISODE START | Scenario: TRANSIT | Start: [1.07188217 0.22929005 0.55      ] | Goal: [ 1.1392685  -0.01324652  0.55      ] | DriftLimit: 0.0694 | FloorLimit: 0.4558 ---
2026-04-24 09:02:15,785 - [ENV] - --- EPISODE START | Scenario: DESCEND | Start: [1.14188552 0.09391552 0.55      ] | Goal: [1.14188552 0.09391552 0.41      ] | DriftLimit: 0.0693 | FloorLimit: 0.4559 ---
2026-04-24 09:02:16,229 - [ENV] - SUCCESS: Goal reached in 16 steps. Dist = 0.0099m
2026-04-24 09:02:16,230 - [ENV] - --- EPISODE START | Scenario: DESCEND | Start: [0.60019917 0.12821237 0.55      ] | Goal: [0.60019917 0.12821237 0.415     ] | DriftLimit: 0.0693 | FloorLimit: 0.4559 ---
2026-04-24 09:02:20,687 - [ENV] - --- EPISODE START | Scenario: ASCEND | Start: [0.79639059 0.46977971 0.415     ] | Goal: [0.79639059 0.46977971 0.55      ] | DriftLimit: 0.0691 | FloorLimit: 0.4559 ---
2026-04-24 09:02:21,278 - [ENV] - TERMINATED (Ascend): Tube Drift = 0.0702m (Max 0.0691m) at step 21
2026-04-24 09:02:21,279 - [ENV] - Episode ended without success at step 21. Final dist: 0.0773m
2026-04-24 09:02:21,279 - [ENV] - --- EPISODE START | Scenario: TRANSIT | Start: [0.74623051 0.4950201  0.55      ] | Goal: [0.85871514 0.36266948 0.55      ] | DriftLimit: 0.0691 | FloorLimit: 0.4559 ---
2026-04-24 09:03:00,076 - [ENV] - --- EPISODE START | Scenario: DESCEND | Start: [0.6754478  0.07230873 0.55      ] | Goal: [0.6754478  0.07230873 0.415     ] | DriftLimit: 0.0690 | FloorLimit: 0.4560 ---
2026-04-24 09:03:03,948 - [ENV] - --- EPISODE START | Scenario: TRANSIT | Start: [0.91225883 0.08069351 0.55      ] | Goal: [0.63857858 0.45287047 0.55      ] | DriftLimit: 0.0689 | FloorLimit: 0.4561 ---
2026-04-24 09:03:07,853 - [ENV] - --- EPISODE START | Scenario: DESCEND | Start: [1.14907272 0.26255738 0.55      ] | Goal: [1.14907272 0.26255738 0.41      ] | DriftLimit: 0.0687 | FloorLimit: 0.4561 ---
2026-04-24 09:03:12,388 - [ENV] - --- EPISODE START | Scenario: TRANSIT | Start: [0.8574586  0.26486825 0.55      ] | Goal: [1.06469345 0.16145072 0.55      ] | DriftLimit: 0.0686 | FloorLimit: 0.4562 ---
2026-04-24 09:03:16,870 - [ENV] - --- EPISODE START | Scenario: TRANSIT | Start: [0.71809472 0.37322259 0.55      ] | Goal: [0.7198682  0.47530097 0.55      ] | DriftLimit: 0.0685 | FloorLimit: 0.4563 ---
2026-04-24 09:03:21,429 - [ENV] - --- EPISODE START | Scenario: ASCEND | Start: [1.04826005 0.44690043 0.415     ] | Goal: [1.04826005 0.44690043 0.55      ] | DriftLimit: 0.0683 | FloorLimit: 0.4564 ---
2026-04-24 09:03:25,799 - [ENV] - --- EPISODE START | Scenario: ASCEND | Start: [0.9594381  0.01588364 0.415     ] | Goal: [0.9594381  0.01588364 0.55      ] | DriftLimit: 0.0682 | FloorLimit: 0.4564 ---
2026-04-24 09:03:30,318 - [ENV] - --- EPISODE START | Scenario: TRANSIT | Start: [0.87591908 0.39016064 0.55      ] | Goal: [0.6805444  0.03172634 0.55      ] | DriftLimit: 0.0681 | FloorLimit: 0.4565 ---
2026-04-24 09:03:30,883 - [ENV] - SUCCESS: Goal reached in 15 steps. Dist = 0.0126m
2026-04-24 09:03:30,883 - [ENV] - --- EPISODE START | Scenario: ASCEND | Start: [0.78253011 0.18341663 0.415     ] | Goal: [0.78253011 0.18341663 0.55      ] | DriftLimit: 0.0681 | FloorLimit: 0.4565 ---
2026-04-24 09:03:31,462 - [ENV] - TERMINATED (Ascend): Tube Drift = 0.0729m (Max 0.0681m) at step 22
2026-04-24 09:03:31,462 - [ENV] - Episode ended without success at step 22. Final dist: 0.1181m
2026-04-24 09:03:31,463 - [ENV] - --- EPISODE START | Scenario: TRANSIT | Start: [1.02751029 0.10227316 0.55      ] | Goal: [1.08600805 0.00398275 0.55      ] | DriftLimit: 0.0681 | FloorLimit: 0.4565 ---
2026-04-24 09:03:35,810 - [ENV] - --- EPISODE START | Scenario: ASCEND | Start: [0.63757636 0.49549819 0.415     ] | Goal: [0.63757636 0.49549819 0.55      ] | DriftLimit: 0.0679 | FloorLimit: 0.4566 ---
2026-04-24 09:03:40,268 - [ENV] - --- EPISODE START | Scenario: ASCEND | Start: [0.95633821 0.22681499 0.415     ] | Goal: [0.95633821 0.22681499 0.55      ] | DriftLimit: 0.0678 | FloorLimit: 0.4567 ---
2026-04-24 09:03:40,723 - [ENV] - TERMINATED (Ascend): Tube Drift = 0.0683m (Max 0.0678m) at step 17
2026-04-24 09:03:40,723 - [ENV] - Episode ended without success at step 17. Final dist: 0.1108m
2026-04-24 09:03:40,724 - [ENV] - --- EPISODE START | Scenario: ASCEND | Start: [0.86533213 0.05971549 0.415     ] | Goal: [0.86533213 0.05971549 0.55      ] | DriftLimit: 0.0678 | FloorLimit: 0.4567 ---
2026-04-24 09:03:41,447 - [ENV] - TERMINATED (Ascend): Tube Drift = 0.0690m (Max 0.0678m) at step 28
2026-04-24 09:03:41,447 - [ENV] - Episode ended without success at step 28. Final dist: 0.1478m
2026-04-24 09:03:41,448 - [ENV] - --- EPISODE START | Scenario: TRANSIT | Start: [1.1599692 0.365016  0.55     ] | Goal: [0.87262564 0.01697445 0.55      ] | DriftLimit: 0.0678 | FloorLimit: 0.4567 ---
2026-04-24 09:03:45,965 - [ENV] - --- EPISODE START | Scenario: DESCEND | Start: [1.01815239 0.50291178 0.55      ] | Goal: [1.01815239 0.50291178 0.41      ] | DriftLimit: 0.0676 | FloorLimit: 0.4567 ---
2026-04-24 09:03:50,307 - [ENV] - --- EPISODE START | Scenario: ASCEND | Start: [0.65825231 0.40098694 0.415     ] | Goal: [0.65825231 0.40098694 0.55      ] | DriftLimit: 0.0675 | FloorLimit: 0.4568 ---
2026-04-24 09:03:54,697 - [ENV] - --- EPISODE START | Scenario: ASCEND | Start: [0.61461389 0.46858386 0.415     ] | Goal: [0.61461389 0.46858386 0.55      ] | DriftLimit: 0.0674 | FloorLimit: 0.4569 ---
2026-04-24 09:03:59,091 - [ENV] - --- EPISODE START | Scenario: ASCEND | Start: [0.95197589 0.06888214 0.415     ] | Goal: [0.95197589 0.06888214 0.55      ] | DriftLimit: 0.0673 | FloorLimit: 0.4570 ---
2026-04-24 09:04:00,022 - [ENV] - TERMINATED (Ascend): Tube Drift = 0.0703m (Max 0.0672m) at step 33
2026-04-24 09:04:00,022 - [ENV] - Episode ended without success at step 33. Final dist: 0.1482m
2026-04-24 09:04:00,022 - [ENV] - --- EPISODE START | Scenario: DESCEND | Start: [1.08582494 0.33880688 0.55      ] | Goal: [1.08582494 0.33880688 0.415     ] | DriftLimit: 0.0672 | FloorLimit: 0.4570 ---
2026-04-24 09:04:39,715 - [ENV] - --- EPISODE START | Scenario: DESCEND | Start: [0.87688724 0.40912634 0.55      ] | Goal: [0.87688724 0.40912634 0.415     ] | DriftLimit: 0.0671 | FloorLimit: 0.4570 ---
2026-04-24 09:04:43,582 - [ENV] - --- EPISODE START | Scenario: ASCEND | Start: [1.11226376 0.20254547 0.415     ] | Goal: [1.11226376 0.20254547 0.55      ] | DriftLimit: 0.0670 | FloorLimit: 0.4571 ---
2026-04-24 09:04:46,775 - [ENV] - TERMINATED (Ascend): Tube Drift = 0.0676m (Max 0.0669m) at step 129
2026-04-24 09:04:46,775 - [ENV] - Episode ended without success at step 129. Final dist: 0.0893m
2026-04-24 09:04:46,776 - [ENV] - --- EPISODE START | Scenario: ASCEND | Start: [0.65378267 0.47913456 0.415     ] | Goal: [0.65378267 0.47913456 0.55      ] | DriftLimit: 0.0669 | FloorLimit: 0.4572 ---
2026-04-24 09:04:47,199 - [ENV] - TERMINATED (Ascend): Tube Drift = 0.0680m (Max 0.0669m) at step 13
2026-04-24 09:04:47,199 - [ENV] - Episode ended without success at step 13. Final dist: 0.1465m
2026-04-24 09:04:47,200 - [ENV] - --- EPISODE START | Scenario: DESCEND | Start: [0.91691574 0.29087362 0.55      ] | Goal: [0.91691574 0.29087362 0.415     ] | DriftLimit: 0.0669 | FloorLimit: 0.4572 ---
2026-04-24 09:04:51,633 - [ENV] - --- EPISODE START | Scenario: DESCEND | Start: [0.77309901 0.14186059 0.55      ] | Goal: [0.77309901 0.14186059 0.41      ] | DriftLimit: 0.0667 | FloorLimit: 0.4572 ---
2026-04-24 09:04:56,194 - [ENV] - --- EPISODE START | Scenario: TRANSIT | Start: [0.99138249 0.05305213 0.55      ] | Goal: [1.13902933 0.35566286 0.55      ] | DriftLimit: 0.0666 | FloorLimit: 0.4573 ---
2026-04-24 09:05:01,024 - [ENV] - --- EPISODE START | Scenario: ASCEND | Start: [0.98846223 0.21655821 0.415     ] | Goal: [0.98846223 0.21655821 0.55      ] | DriftLimit: 0.0665 | FloorLimit: 0.4574 ---
2026-04-24 09:05:01,799 - [ENV] - TERMINATED (Ascend): Tube Drift = 0.0737m (Max 0.0665m) at step 29
2026-04-24 09:05:01,799 - [ENV] - Episode ended without success at step 29. Final dist: 0.1620m
2026-04-24 09:05:01,799 - [ENV] - --- EPISODE START | Scenario: DESCEND | Start: [0.66814025 0.36653662 0.55      ] | Goal: [0.66814025 0.36653662 0.415     ] | DriftLimit: 0.0665 | FloorLimit: 0.4574 ---
2026-04-24 09:05:06,360 - [ENV] - --- EPISODE START | Scenario: ASCEND | Start: [0.64209517 0.45745644 0.415     ] | Goal: [0.64209517 0.45745644 0.55      ] | DriftLimit: 0.0663 | FloorLimit: 0.4575 ---
2026-04-24 09:05:06,700 - [ENV] - TERMINATED (Ascend): Tube Drift = 0.0740m (Max 0.0663m) at step 10
2026-04-24 09:05:06,700 - [ENV] - Episode ended without success at step 10. Final dist: 0.1435m
2026-04-24 09:05:06,701 - [ENV] - --- EPISODE START | Scenario: TRANSIT | Start: [0.96914194 0.33510573 0.55      ] | Goal: [ 0.82853952 -0.00530775  0.55      ] | DriftLimit: 0.0663 | FloorLimit: 0.4575 ---
2026-04-24 09:05:11,102 - [ENV] - --- EPISODE START | Scenario: ASCEND | Start: [0.86993419 0.21784617 0.415     ] | Goal: [0.86993419 0.21784617 0.55      ] | DriftLimit: 0.0662 | FloorLimit: 0.4575 ---
2026-04-24 09:05:12,087 - [ENV] - TERMINATED (Ascend): Tube Drift = 0.0710m (Max 0.0662m) at step 26
2026-04-24 09:05:12,087 - [ENV] - Episode ended without success at step 26. Final dist: 0.0731m
2026-04-24 09:05:12,087 - [ENV] - --- EPISODE START | Scenario: DESCEND | Start: [0.95371872 0.21839384 0.55      ] | Goal: [0.95371872 0.21839384 0.415     ] | DriftLimit: 0.0662 | FloorLimit: 0.4575 ---
2026-04-24 09:05:12,357 - [ENV] - SUCCESS: Goal reached in 4 steps. Dist = 0.0096m
2026-04-24 09:05:12,358 - [ENV] - --- EPISODE START | Scenario: TRANSIT | Start: [1.04466408 0.30438081 0.55      ] | Goal: [0.66365375 0.21321719 0.55      ] | DriftLimit: 0.0662 | FloorLimit: 0.4575 ---
2026-04-24 09:05:16,563 - [ENV] - --- EPISODE START | Scenario: ASCEND | Start: [0.67007063 0.06009318 0.415     ] | Goal: [0.67007063 0.06009318 0.55      ] | DriftLimit: 0.0660 | FloorLimit: 0.4576 ---
2026-04-24 09:05:17,006 - [ENV] - TERMINATED (Ascend): Tube Drift = 0.0703m (Max 0.0660m) at step 11
2026-04-24 09:05:17,006 - [ENV] - Episode ended without success at step 11. Final dist: 0.1492m
2026-04-24 09:05:17,007 - [ENV] - --- EPISODE START | Scenario: DESCEND | Start: [1.07984795 0.15038422 0.55      ] | Goal: [1.07984795 0.15038422 0.41      ] | DriftLimit: 0.0660 | FloorLimit: 0.4576 ---
2026-04-24 09:05:21,288 - [ENV] - --- EPISODE START | Scenario: ASCEND | Start: [0.80945171 0.08017561 0.415     ] | Goal: [0.80945171 0.08017561 0.55      ] | DriftLimit: 0.0659 | FloorLimit: 0.4577 ---
2026-04-24 09:05:21,802 - [ENV] - TERMINATED (Ascend): Tube Drift = 0.0667m (Max 0.0659m) at step 21
2026-04-24 09:05:21,802 - [ENV] - Episode ended without success at step 21. Final dist: 0.1473m
2026-04-24 09:05:21,803 - [ENV] - --- EPISODE START | Scenario: TRANSIT | Start: [0.83260577 0.12033973 0.55      ] | Goal: [1.07876956 0.07556875 0.55      ] | DriftLimit: 0.0659 | FloorLimit: 0.4577 ---
2026-04-24 09:05:26,219 - [ENV] - --- EPISODE START | Scenario: TRANSIT | Start: [ 0.93274442 -0.01023708  0.55      ] | Goal: [1.02701626 0.11172011 0.55      ] | DriftLimit: 0.0658 | FloorLimit: 0.4578 ---
2026-04-24 09:05:30,769 - [ENV] - --- EPISODE START | Scenario: ASCEND | Start: [1.0541378  0.31593677 0.415     ] | Goal: [1.0541378  0.31593677 0.55      ] | DriftLimit: 0.0656 | FloorLimit: 0.4578 ---
2026-04-24 09:05:31,286 - [ENV] - TERMINATED (Ascend): Tube Drift = 0.0666m (Max 0.0656m) at step 16
2026-04-24 09:05:31,287 - [ENV] - Episode ended without success at step 16. Final dist: 0.1119m
2026-04-24 09:05:31,287 - [ENV] - --- EPISODE START | Scenario: TRANSIT | Start: [1.04992587 0.19821477 0.55      ] | Goal: [0.82225265 0.54250612 0.55      ] | DriftLimit: 0.0656 | FloorLimit: 0.4578 ---
2026-04-24 09:05:35,533 - [ENV] - --- EPISODE START | Scenario: DESCEND | Start: [1.08096276 0.14804625 0.55      ] | Goal: [1.08096276 0.14804625 0.415     ] | DriftLimit: 0.0655 | FloorLimit: 0.4579 ---
2026-04-24 09:05:35,680 - [ENV] - SUCCESS: Goal reached in 4 steps. Dist = 0.0087m
2026-04-24 09:05:35,681 - [ENV] - --- EPISODE START | Scenario: DESCEND | Start: [0.85925073 0.24772809 0.55      ] | Goal: [0.85925073 0.24772809 0.41      ] | DriftLimit: 0.0655 | FloorLimit: 0.4579 ---
2026-04-24 09:05:40,048 - [ENV] - --- EPISODE START | Scenario: DESCEND | Start: [1.02120333 0.43615864 0.55      ] | Goal: [1.02120333 0.43615864 0.415     ] | DriftLimit: 0.0654 | FloorLimit: 0.4580 ---
2026-04-24 09:05:40,243 - [ENV] - SUCCESS: Goal reached in 4 steps. Dist = 0.0079m
2026-04-24 09:05:40,244 - [ENV] - --- EPISODE START | Scenario: DESCEND | Start: [0.89637956 0.49912303 0.55      ] | Goal: [0.89637956 0.49912303 0.415     ] | DriftLimit: 0.0654 | FloorLimit: 0.4580 ---
2026-04-24 09:05:40,411 - [ENV] - SUCCESS: Goal reached in 4 steps. Dist = 0.0088m
2026-04-24 09:05:40,411 - [ENV] - --- EPISODE START | Scenario: TRANSIT | Start: [0.82229246 0.01289677 0.55      ] | Goal: [0.8014688 0.3385693 0.55     ] | DriftLimit: 0.0654 | FloorLimit: 0.4580 ---
2026-04-24 09:06:19,509 - [ENV] - --- EPISODE START | Scenario: DESCEND | Start: [1.03469763 0.13762292 0.55      ] | Goal: [1.03469763 0.13762292 0.41      ] | DriftLimit: 0.0652 | FloorLimit: 0.4581 ---
2026-04-24 09:06:19,702 - [ENV] - SUCCESS: Goal reached in 5 steps. Dist = 0.0097m
2026-04-24 09:06:19,703 - [ENV] - --- EPISODE START | Scenario: DESCEND | Start: [0.76227905 0.22217895 0.55      ] | Goal: [0.76227905 0.22217895 0.41      ] | DriftLimit: 0.0652 | FloorLimit: 0.4581 ---
2026-04-24 09:06:23,812 - [ENV] - --- EPISODE START | Scenario: DESCEND | Start: [1.0485536 0.1775851 0.55     ] | Goal: [1.0485536 0.1775851 0.41     ] | DriftLimit: 0.0651 | FloorLimit: 0.4581 ---
2026-04-24 09:06:28,029 - [ENV] - --- EPISODE START | Scenario: TRANSIT | Start: [0.96275826 0.35106441 0.55      ] | Goal: [0.66382416 0.34822545 0.55      ] | DriftLimit: 0.0650 | FloorLimit: 0.4582 ---
2026-04-24 09:06:32,682 - [ENV] - --- EPISODE START | Scenario: DESCEND | Start: [0.96495201 0.23495835 0.55      ] | Goal: [0.96495201 0.23495835 0.41      ] | DriftLimit: 0.0648 | FloorLimit: 0.4583 ---
2026-04-24 09:06:37,241 - [ENV] - --- EPISODE START | Scenario: DESCEND | Start: [0.77648788 0.07126265 0.55      ] | Goal: [0.77648788 0.07126265 0.41      ] | DriftLimit: 0.0647 | FloorLimit: 0.4583 ---
2026-04-24 09:06:41,750 - [ENV] - --- EPISODE START | Scenario: TRANSIT | Start: [0.84595988 0.47917767 0.55      ] | Goal: [0.93762575 0.14919237 0.55      ] | DriftLimit: 0.0646 | FloorLimit: 0.4584 ---
2026-04-24 09:06:46,091 - [ENV] - --- EPISODE START | Scenario: DESCEND | Start: [0.84159875 0.54370107 0.55      ] | Goal: [0.84159875 0.54370107 0.41      ] | DriftLimit: 0.0645 | FloorLimit: 0.4585 ---
2026-04-24 09:06:50,404 - [ENV] - --- EPISODE START | Scenario: TRANSIT | Start: [1.10494719 0.04381688 0.55      ] | Goal: [0.81359431 0.24095621 0.55      ] | DriftLimit: 0.0643 | FloorLimit: 0.4585 ---
2026-04-24 09:06:54,853 - [ENV] - --- EPISODE START | Scenario: TRANSIT | Start: [0.68385912 0.28846215 0.55      ] | Goal: [1.01698707 0.0303815  0.55      ] | DriftLimit: 0.0642 | FloorLimit: 0.4586 ---
2026-04-24 09:06:59,256 - [ENV] - --- EPISODE START | Scenario: TRANSIT | Start: [0.90715164 0.1183778  0.55      ] | Goal: [1.02906975 0.46638669 0.55      ] | DriftLimit: 0.0641 | FloorLimit: 0.4587 ---
2026-04-24 09:07:03,617 - [ENV] - --- EPISODE START | Scenario: TRANSIT | Start: [0.85139691 0.32303201 0.55      ] | Goal: [0.92048469 0.40583474 0.55      ] | DriftLimit: 0.0639 | FloorLimit: 0.4588 ---
2026-04-24 09:07:08,116 - [ENV] - --- EPISODE START | Scenario: TRANSIT | Start: [1.01695061 0.44331858 0.55      ] | Goal: [0.95499854 0.09689641 0.55      ] | DriftLimit: 0.0638 | FloorLimit: 0.4588 ---
2026-04-24 09:07:12,567 - [ENV] - --- EPISODE START | Scenario: DESCEND | Start: [0.63131984 0.13018401 0.55      ] | Goal: [0.63131984 0.13018401 0.415     ] | DriftLimit: 0.0637 | FloorLimit: 0.4589 ---
2026-04-24 09:07:16,982 - [ENV] - --- EPISODE START | Scenario: TRANSIT | Start: [0.87277486 0.53577317 0.55      ] | Goal: [0.76943499 0.12378495 0.55      ] | DriftLimit: 0.0636 | FloorLimit: 0.4590 ---
2026-04-24 09:07:56,315 - [ENV] - --- EPISODE START | Scenario: DESCEND | Start: [ 1.05169501e+00 -1.02382550e-03  5.50000000e-01] | Goal: [ 1.05169501e+00 -1.02382550e-03  4.10000000e-01] | DriftLimit: 0.0634 | FloorLimit: 0.4590 ---
2026-04-24 09:07:59,966 - [ENV] - --- EPISODE START | Scenario: DESCEND | Start: [1.12688328 0.15145441 0.55      ] | Goal: [1.12688328 0.15145441 0.41      ] | DriftLimit: 0.0633 | FloorLimit: 0.4591 ---
2026-04-24 09:08:04,592 - [ENV] - --- EPISODE START | Scenario: TRANSIT | Start: [0.81126588 0.48440286 0.55      ] | Goal: [1.06760791 0.13965485 0.55      ] | DriftLimit: 0.0632 | FloorLimit: 0.4592 ---
2026-04-24 09:08:09,233 - [ENV] - --- EPISODE START | Scenario: ASCEND | Start: [0.80557547 0.22124626 0.415     ] | Goal: [0.80557547 0.22124626 0.55      ] | DriftLimit: 0.0630 | FloorLimit: 0.4592 ---
2026-04-24 09:08:13,715 - [ENV] - --- EPISODE START | Scenario: DESCEND | Start: [0.86002449 0.13957954 0.55      ] | Goal: [0.86002449 0.13957954 0.41      ] | DriftLimit: 0.0629 | FloorLimit: 0.4593 ---
2026-04-24 09:08:18,072 - [ENV] - --- EPISODE START | Scenario: ASCEND | Start: [0.90877864 0.08921108 0.415     ] | Goal: [0.90877864 0.08921108 0.55      ] | DriftLimit: 0.0628 | FloorLimit: 0.4594 ---
2026-04-24 09:08:18,744 - [ENV] - TERMINATED (Ascend): Tube Drift = 0.0632m (Max 0.0628m) at step 17
2026-04-24 09:08:18,744 - [ENV] - Episode ended without success at step 17. Final dist: 0.0736m
2026-04-24 09:08:18,745 - [ENV] - --- EPISODE START | Scenario: ASCEND | Start: [1.07348506 0.2721964  0.415     ] | Goal: [1.07348506 0.2721964  0.55      ] | DriftLimit: 0.0628 | FloorLimit: 0.4594 ---
2026-04-24 09:08:23,074 - [ENV] - --- EPISODE START | Scenario: DESCEND | Start: [0.68585184 0.085222   0.55      ] | Goal: [0.68585184 0.085222   0.415     ] | DriftLimit: 0.0627 | FloorLimit: 0.4595 ---
2026-04-24 09:08:27,408 - [ENV] - --- EPISODE START | Scenario: TRANSIT | Start: [1.14699446 0.16264398 0.55      ] | Goal: [0.83773899 0.25657142 0.55      ] | DriftLimit: 0.0625 | FloorLimit: 0.4595 ---
2026-04-24 09:08:32,451 - [ENV] - --- EPISODE START | Scenario: DESCEND | Start: [0.62134582 0.13984074 0.55      ] | Goal: [0.62134582 0.13984074 0.41      ] | DriftLimit: 0.0624 | FloorLimit: 0.4596 ---
2026-04-24 09:08:37,020 - [ENV] - --- EPISODE START | Scenario: DESCEND | Start: [0.78845498 0.3809413  0.55      ] | Goal: [0.78845498 0.3809413  0.415     ] | DriftLimit: 0.0623 | FloorLimit: 0.4597 ---
2026-04-24 09:08:38,150 - [ENV] - SUCCESS: Goal reached in 43 steps. Dist = 0.0100m
2026-04-24 09:08:38,151 - [ENV] - --- EPISODE START | Scenario: TRANSIT | Start: [1.05556854 0.10076571 0.55      ] | Goal: [0.87553413 0.24738276 0.55      ] | DriftLimit: 0.0622 | FloorLimit: 0.4597 ---
2026-04-24 09:08:42,496 - [ENV] - --- EPISODE START | Scenario: TRANSIT | Start: [0.6894728 0.5346019 0.55     ] | Goal: [1.01495848 0.47260401 0.55      ] | DriftLimit: 0.0621 | FloorLimit: 0.4598 ---
2026-04-24 09:08:46,879 - [ENV] - --- EPISODE START | Scenario: ASCEND | Start: [0.69908248 0.53365188 0.415     ] | Goal: [0.69908248 0.53365188 0.55      ] | DriftLimit: 0.0620 | FloorLimit: 0.4598 ---
2026-04-24 09:08:51,347 - [ENV] - --- EPISODE START | Scenario: ASCEND | Start: [1.14546885 0.23661751 0.415     ] | Goal: [1.14546885 0.23661751 0.55      ] | DriftLimit: 0.0618 | FloorLimit: 0.4599 ---
2026-04-24 09:08:56,170 - [ENV] - --- EPISODE START | Scenario: TRANSIT | Start: [0.95495095 0.0173067  0.55      ] | Goal: [0.62858398 0.02260998 0.55      ] | DriftLimit: 0.0617 | FloorLimit: 0.4600 ---
2026-04-24 09:09:34,886 - [ENV] - --- EPISODE START | Scenario: DESCEND | Start: [0.92243234 0.51365564 0.55      ] | Goal: [0.92243234 0.51365564 0.41      ] | DriftLimit: 0.0616 | FloorLimit: 0.4600 ---
2026-04-24 09:09:39,096 - [ENV] - --- EPISODE START | Scenario: ASCEND | Start: [0.8353615  0.47023554 0.415     ] | Goal: [0.8353615  0.47023554 0.55      ] | DriftLimit: 0.0615 | FloorLimit: 0.4601 ---
2026-04-24 09:09:43,319 - [ENV] - --- EPISODE START | Scenario: DESCEND | Start: [0.67990342 0.26672664 0.55      ] | Goal: [0.67990342 0.26672664 0.415     ] | DriftLimit: 0.0613 | FloorLimit: 0.4602 ---
2026-04-24 09:09:47,812 - [ENV] - --- EPISODE START | Scenario: ASCEND | Start: [0.64489198 0.28989701 0.415     ] | Goal: [0.64489198 0.28989701 0.55      ] | DriftLimit: 0.0612 | FloorLimit: 0.4603 ---
2026-04-24 09:09:48,393 - [ENV] - TERMINATED (Ascend): Tube Drift = 0.0622m (Max 0.0612m) at step 16
2026-04-24 09:09:48,393 - [ENV] - Episode ended without success at step 16. Final dist: 0.1455m
2026-04-24 09:09:48,393 - [ENV] - --- EPISODE START | Scenario: ASCEND | Start: [0.7326339  0.49441429 0.415     ] | Goal: [0.7326339  0.49441429 0.55      ] | DriftLimit: 0.0612 | FloorLimit: 0.4603 ---
2026-04-24 09:09:48,586 - [ENV] - TERMINATED (Ascend): Tube Drift = 0.0622m (Max 0.0612m) at step 6
2026-04-24 09:09:48,586 - [ENV] - Episode ended without success at step 6. Final dist: 0.0927m
2026-04-24 09:09:48,587 - [ENV] - --- EPISODE START | Scenario: ASCEND | Start: [0.99233707 0.42531763 0.415     ] | Goal: [0.99233707 0.42531763 0.55      ] | DriftLimit: 0.0612 | FloorLimit: 0.4603 ---
2026-04-24 09:09:53,116 - [ENV] - --- EPISODE START | Scenario: DESCEND | Start: [0.8432476  0.17510233 0.55      ] | Goal: [0.8432476  0.17510233 0.41      ] | DriftLimit: 0.0611 | FloorLimit: 0.4603 ---
2026-04-24 09:09:57,751 - [ENV] - --- EPISODE START | Scenario: DESCEND | Start: [0.96161455 0.33121937 0.55      ] | Goal: [0.96161455 0.33121937 0.415     ] | DriftLimit: 0.0609 | FloorLimit: 0.4604 ---
2026-04-24 09:09:57,927 - [ENV] - SUCCESS: Goal reached in 4 steps. Dist = 0.0077m
2026-04-24 09:09:57,928 - [ENV] - --- EPISODE START | Scenario: DESCEND | Start: [0.80356331 0.08404289 0.55      ] | Goal: [0.80356331 0.08404289 0.41      ] | DriftLimit: 0.0609 | FloorLimit: 0.4604 ---
2026-04-24 09:10:02,347 - [ENV] - --- EPISODE START | Scenario: DESCEND | Start: [1.01148006 0.12234998 0.55      ] | Goal: [1.01148006 0.12234998 0.415     ] | DriftLimit: 0.0608 | FloorLimit: 0.4605 ---
2026-04-24 09:10:02,645 - [ENV] - SUCCESS: Goal reached in 7 steps. Dist = 0.0100m
2026-04-24 09:10:02,646 - [ENV] - --- EPISODE START | Scenario: TRANSIT | Start: [0.86248228 0.07959404 0.55      ] | Goal: [0.96924979 0.39935384 0.55      ] | DriftLimit: 0.0608 | FloorLimit: 0.4605 ---
2026-04-24 09:10:06,950 - [ENV] - --- EPISODE START | Scenario: ASCEND | Start: [1.15144445 0.51631593 0.415     ] | Goal: [1.15144445 0.51631593 0.55      ] | DriftLimit: 0.0607 | FloorLimit: 0.4605 ---
2026-04-24 09:10:11,349 - [ENV] - --- EPISODE START | Scenario: ASCEND | Start: [1.03027868 0.42661344 0.415     ] | Goal: [1.03027868 0.42661344 0.55      ] | DriftLimit: 0.0605 | FloorLimit: 0.4606 ---
2026-04-24 09:10:12,129 - [ENV] - TERMINATED (Ascend): Tube Drift = 0.0605m (Max 0.0605m) at step 16
2026-04-24 09:10:12,129 - [ENV] - Episode ended without success at step 16. Final dist: 0.0913m
2026-04-24 09:10:12,129 - [ENV] - --- EPISODE START | Scenario: DESCEND | Start: [0.99280708 0.1293993  0.55      ] | Goal: [0.99280708 0.1293993  0.415     ] | DriftLimit: 0.0605 | FloorLimit: 0.4606 ---
2026-04-24 09:10:16,327 - [ENV] - --- EPISODE START | Scenario: TRANSIT | Start: [0.69065548 0.21929649 0.55      ] | Goal: [0.68226467 0.37541745 0.55      ] | DriftLimit: 0.0604 | FloorLimit: 0.4607 ---
2026-04-24 09:10:19,601 - [ENV] - TERMINATED (Transit): Floor collision. Z = 0.4604m (Min 0.461m) at step 125
2026-04-24 09:10:19,602 - [ENV] - Episode ended without success at step 125. Final dist: 0.0920m
2026-04-24 09:10:19,602 - [ENV] - --- EPISODE START | Scenario: TRANSIT | Start: [0.90178029 0.01954796 0.55      ] | Goal: [0.89425424 0.18305132 0.55      ] | DriftLimit: 0.0603 | FloorLimit: 0.4607 ---
2026-04-24 09:10:24,061 - [ENV] - --- EPISODE START | Scenario: TRANSIT | Start: [0.73578055 0.11297491 0.55      ] | Goal: [0.79319382 0.45025898 0.55      ] | DriftLimit: 0.0602 | FloorLimit: 0.4608 ---
2026-04-24 09:10:28,589 - [ENV] - --- EPISODE START | Scenario: DESCEND | Start: [0.85525275 0.39818149 0.55      ] | Goal: [0.85525275 0.39818149 0.415     ] | DriftLimit: 0.0601 | FloorLimit: 0.4609 ---
2026-04-24 09:10:28,866 - [ENV] - SUCCESS: Goal reached in 4 steps. Dist = 0.0093m
2026-04-24 09:10:28,867 - [ENV] - --- EPISODE START | Scenario: ASCEND | Start: [0.88390721 0.33583684 0.415     ] | Goal: [0.88390721 0.33583684 0.55      ] | DriftLimit: 0.0601 | FloorLimit: 0.4609 ---
2026-04-24 09:10:33,703 - [ENV] - --- EPISODE START | Scenario: ASCEND | Start: [0.66932871 0.31019603 0.415     ] | Goal: [0.66932871 0.31019603 0.55      ] | DriftLimit: 0.0599 | FloorLimit: 0.4610 ---
2026-04-24 09:11:12,319 - [ENV] - --- EPISODE START | Scenario: ASCEND | Start: [0.88674885 0.05362279 0.415     ] | Goal: [0.88674885 0.05362279 0.55      ] | DriftLimit: 0.0598 | FloorLimit: 0.4610 ---
2026-04-24 09:11:13,613 - [ENV] - TERMINATED (Ascend): Tube Drift = 0.0610m (Max 0.0598m) at step 50
2026-04-24 09:11:13,614 - [ENV] - Episode ended without success at step 50. Final dist: 0.2354m
2026-04-24 09:11:13,614 - [ENV] - --- EPISODE START | Scenario: ASCEND | Start: [0.78328346 0.1630598  0.415     ] | Goal: [0.78328346 0.1630598  0.55      ] | DriftLimit: 0.0598 | FloorLimit: 0.4610 ---
2026-04-24 09:11:17,537 - [ENV] - --- EPISODE START | Scenario: ASCEND | Start: [0.61895968 0.35344143 0.415     ] | Goal: [0.61895968 0.35344143 0.55      ] | DriftLimit: 0.0596 | FloorLimit: 0.4611 ---
2026-04-24 09:11:22,128 - [ENV] - --- EPISODE START | Scenario: DESCEND | Start: [0.97548798 0.1665702  0.55      ] | Goal: [0.97548798 0.1665702  0.415     ] | DriftLimit: 0.0595 | FloorLimit: 0.4612 ---
2026-04-24 09:11:26,712 - [ENV] - --- EPISODE START | Scenario: TRANSIT | Start: [0.85554225 0.04003606 0.55      ] | Goal: [0.99299201 0.48735062 0.55      ] | DriftLimit: 0.0594 | FloorLimit: 0.4613 ---
2026-04-24 09:11:31,206 - [ENV] - --- EPISODE START | Scenario: DESCEND | Start: [0.60396111 0.16324688 0.55      ] | Goal: [0.60396111 0.16324688 0.41      ] | DriftLimit: 0.0592 | FloorLimit: 0.4613 ---
2026-04-24 09:11:35,665 - [ENV] - --- EPISODE START | Scenario: DESCEND | Start: [1.03788614 0.02516073 0.55      ] | Goal: [1.03788614 0.02516073 0.41      ] | DriftLimit: 0.0591 | FloorLimit: 0.4614 ---
2026-04-24 09:11:40,118 - [ENV] - --- EPISODE START | Scenario: ASCEND | Start: [0.60768162 0.07994649 0.415     ] | Goal: [0.60768162 0.07994649 0.55      ] | DriftLimit: 0.0590 | FloorLimit: 0.4615 ---
2026-04-24 09:11:44,677 - [ENV] - --- EPISODE START | Scenario: DESCEND | Start: [0.8104863  0.14440838 0.55      ] | Goal: [0.8104863  0.14440838 0.415     ] | DriftLimit: 0.0589 | FloorLimit: 0.4615 ---
2026-04-24 09:11:49,049 - [ENV] - --- EPISODE START | Scenario: TRANSIT | Start: [0.70552469 0.38159864 0.55      ] | Goal: [ 1.14777147e+00 -5.72850034e-04  5.50000000e-01] | DriftLimit: 0.0587 | FloorLimit: 0.4616 ---
2026-04-24 09:11:53,336 - [ENV] - --- EPISODE START | Scenario: TRANSIT | Start: [0.78905948 0.3706936  0.55      ] | Goal: [1.13534609 0.12273124 0.55      ] | DriftLimit: 0.0586 | FloorLimit: 0.4617 ---
2026-04-24 09:11:57,668 - [ENV] - --- EPISODE START | Scenario: DESCEND | Start: [1.0221659  0.36154967 0.55      ] | Goal: [1.0221659  0.36154967 0.41      ] | DriftLimit: 0.0585 | FloorLimit: 0.4617 ---
2026-04-24 09:12:02,134 - [ENV] - --- EPISODE START | Scenario: ASCEND | Start: [0.77368309 0.32190636 0.415     ] | Goal: [0.77368309 0.32190636 0.55      ] | DriftLimit: 0.0583 | FloorLimit: 0.4618 ---
2026-04-24 09:12:06,517 - [ENV] - --- EPISODE START | Scenario: ASCEND | Start: [1.15020276 0.21851835 0.415     ] | Goal: [1.15020276 0.21851835 0.55      ] | DriftLimit: 0.0582 | FloorLimit: 0.4619 ---
2026-04-24 09:12:11,174 - [ENV] - --- EPISODE START | Scenario: TRANSIT | Start: [0.9765763  0.18534101 0.55      ] | Goal: [ 1.14786518 -0.01335147  0.55      ] | DriftLimit: 0.0581 | FloorLimit: 0.4620 ---
2026-04-24 09:12:52,860 - [ENV] - --- EPISODE START | Scenario: TRANSIT | Start: [1.01591233 0.27221687 0.55      ] | Goal: [0.72513265 0.34867818 0.55      ] | DriftLimit: 0.0580 | FloorLimit: 0.4620 ---
2026-04-24 09:12:56,689 - [ENV] - --- EPISODE START | Scenario: DESCEND | Start: [0.84556023 0.09388399 0.55      ] | Goal: [0.84556023 0.09388399 0.415     ] | DriftLimit: 0.0578 | FloorLimit: 0.4621 ---
2026-04-24 09:13:01,224 - [ENV] - --- EPISODE START | Scenario: DESCEND | Start: [1.15343399 0.34196658 0.55      ] | Goal: [1.15343399 0.34196658 0.41      ] | DriftLimit: 0.0577 | FloorLimit: 0.4622 ---
2026-04-24 09:13:05,694 - [ENV] - --- EPISODE START | Scenario: DESCEND | Start: [1.12255076 0.06230789 0.55      ] | Goal: [1.12255076 0.06230789 0.41      ] | DriftLimit: 0.0576 | FloorLimit: 0.4622 ---
2026-04-24 09:13:10,102 - [ENV] - --- EPISODE START | Scenario: ASCEND | Start: [1.09916486 0.42076062 0.415     ] | Goal: [1.09916486 0.42076062 0.55      ] | DriftLimit: 0.0574 | FloorLimit: 0.4623 ---
2026-04-24 09:13:11,084 - [ENV] - SUCCESS: Goal reached in 37 steps. Dist = 0.0098m
2026-04-24 09:13:11,085 - [ENV] - --- EPISODE START | Scenario: TRANSIT | Start: [ 0.93258499 -0.00233034  0.55      ] | Goal: [1.13974238 0.46560556 0.55      ] | DriftLimit: 0.0574 | FloorLimit: 0.4623 ---
2026-04-24 09:13:15,462 - [ENV] - --- EPISODE START | Scenario: DESCEND | Start: [0.63778903 0.048516   0.55      ] | Goal: [0.63778903 0.048516   0.41      ] | DriftLimit: 0.0573 | FloorLimit: 0.4624 ---
2026-04-24 09:13:18,442 - [ENV] - SUCCESS: Goal reached in 112 steps. Dist = 0.0100m
2026-04-24 09:13:18,443 - [ENV] - --- EPISODE START | Scenario: DESCEND | Start: [0.67413134 0.16334307 0.55      ] | Goal: [0.67413134 0.16334307 0.41      ] | DriftLimit: 0.0572 | FloorLimit: 0.4624 ---
2026-04-24 09:13:22,871 - [ENV] - --- EPISODE START | Scenario: TRANSIT | Start: [0.90047666 0.37769681 0.55      ] | Goal: [0.88024402 0.51700703 0.55      ] | DriftLimit: 0.0571 | FloorLimit: 0.4625 ---
2026-04-24 09:13:27,217 - [ENV] - --- EPISODE START | Scenario: DESCEND | Start: [0.99046406 0.30974234 0.55      ] | Goal: [0.99046406 0.30974234 0.415     ] | DriftLimit: 0.0570 | FloorLimit: 0.4626 ---
2026-04-24 09:13:31,593 - [ENV] - --- EPISODE START | Scenario: ASCEND | Start: [0.79099992 0.34535865 0.415     ] | Goal: [0.79099992 0.34535865 0.55      ] | DriftLimit: 0.0568 | FloorLimit: 0.4626 ---
2026-04-24 09:13:32,140 - [ENV] - TERMINATED (Ascend): Tube Drift = 0.0613m (Max 0.0568m) at step 16
2026-04-24 09:13:32,140 - [ENV] - Episode ended without success at step 16. Final dist: 0.0784m
2026-04-24 09:13:32,140 - [ENV] - --- EPISODE START | Scenario: DESCEND | Start: [0.71582545 0.20779886 0.55      ] | Goal: [0.71582545 0.20779886 0.41      ] | DriftLimit: 0.0568 | FloorLimit: 0.4626 ---
2026-04-24 09:13:36,520 - [ENV] - --- EPISODE START | Scenario: ASCEND | Start: [0.88112317 0.41459983 0.415     ] | Goal: [0.88112317 0.41459983 0.55      ] | DriftLimit: 0.0567 | FloorLimit: 0.4627 ---
2026-04-24 09:13:36,768 - [ENV] - TERMINATED (Ascend): Tube Drift = 0.0609m (Max 0.0567m) at step 5
2026-04-24 09:13:36,768 - [ENV] - Episode ended without success at step 5. Final dist: 0.0789m
2026-04-24 09:13:36,769 - [ENV] - --- EPISODE START | Scenario: DESCEND | Start: [0.85071397 0.19998902 0.55      ] | Goal: [0.85071397 0.19998902 0.415     ] | DriftLimit: 0.0567 | FloorLimit: 0.4627 ---
2026-04-24 09:13:41,102 - [ENV] - --- EPISODE START | Scenario: DESCEND | Start: [0.82040218 0.03903873 0.55      ] | Goal: [0.82040218 0.03903873 0.41      ] | DriftLimit: 0.0566 | FloorLimit: 0.4628 ---
2026-04-24 09:13:45,446 - [ENV] - --- EPISODE START | Scenario: TRANSIT | Start: [1.10631949 0.37919051 0.55      ] | Goal: [0.73840124 0.02030076 0.55      ] | DriftLimit: 0.0564 | FloorLimit: 0.4629 ---
2026-04-24 09:13:50,057 - [ENV] - --- EPISODE START | Scenario: DESCEND | Start: [1.13308766 0.06995601 0.55      ] | Goal: [1.13308766 0.06995601 0.415     ] | DriftLimit: 0.0563 | FloorLimit: 0.4629 ---
2026-04-24 09:13:50,697 - [ENV] - SUCCESS: Goal reached in 24 steps. Dist = 0.0097m
2026-04-24 09:13:50,698 - [ENV] - --- EPISODE START | Scenario: DESCEND | Start: [0.70937912 0.2492279  0.55      ] | Goal: [0.70937912 0.2492279  0.415     ] | DriftLimit: 0.0563 | FloorLimit: 0.4629 ---
2026-04-24 09:14:30,359 - [ENV] - --- EPISODE START | Scenario: DESCEND | Start: [0.7251569  0.46635215 0.55      ] | Goal: [0.7251569  0.46635215 0.415     ] | DriftLimit: 0.0561 | FloorLimit: 0.4630 ---
2026-04-24 09:14:34,277 - [ENV] - --- EPISODE START | Scenario: DESCEND | Start: [0.98921747 0.41832907 0.55      ] | Goal: [0.98921747 0.41832907 0.415     ] | DriftLimit: 0.0560 | FloorLimit: 0.4631 ---
2026-04-24 09:14:38,134 - [ENV] - --- EPISODE START | Scenario: DESCEND | Start: [1.15238514 0.30101465 0.55      ] | Goal: [1.15238514 0.30101465 0.415     ] | DriftLimit: 0.0559 | FloorLimit: 0.4631 ---
2026-04-24 09:14:42,770 - [ENV] - --- EPISODE START | Scenario: ASCEND | Start: [1.00417114 0.26218501 0.415     ] | Goal: [1.00417114 0.26218501 0.55      ] | DriftLimit: 0.0558 | FloorLimit: 0.4632 ---
2026-04-24 09:14:47,247 - [ENV] - --- EPISODE START | Scenario: ASCEND | Start: [0.77733588 0.45714396 0.415     ] | Goal: [0.77733588 0.45714396 0.55      ] | DriftLimit: 0.0556 | FloorLimit: 0.4633 ---
2026-04-24 09:14:47,524 - [ENV] - TERMINATED (Ascend): Tube Drift = 0.0584m (Max 0.0556m) at step 4
2026-04-24 09:14:47,524 - [ENV] - Episode ended without success at step 4. Final dist: 0.0915m
2026-04-24 09:14:47,525 - [ENV] - --- EPISODE START | Scenario: ASCEND | Start: [1.08819028 0.05300789 0.415     ] | Goal: [1.08819028 0.05300789 0.55      ] | DriftLimit: 0.0556 | FloorLimit: 0.4633 ---
2026-04-24 09:14:51,891 - [ENV] - --- EPISODE START | Scenario: DESCEND | Start: [0.60610406 0.33063801 0.55      ] | Goal: [0.60610406 0.33063801 0.415     ] | DriftLimit: 0.0555 | FloorLimit: 0.4634 ---
2026-04-24 09:14:56,303 - [ENV] - --- EPISODE START | Scenario: TRANSIT | Start: [0.88977951 0.36492625 0.55      ] | Goal: [1.14259291 0.3033016  0.55      ] | DriftLimit: 0.0554 | FloorLimit: 0.4634 ---
2026-04-24 09:15:00,813 - [ENV] - --- EPISODE START | Scenario: DESCEND | Start: [0.733229   0.26677184 0.55      ] | Goal: [0.733229   0.26677184 0.415     ] | DriftLimit: 0.0552 | FloorLimit: 0.4635 ---
2026-04-24 09:15:05,235 - [ENV] - --- EPISODE START | Scenario: TRANSIT | Start: [1.03097867 0.15606325 0.55      ] | Goal: [0.90612237 0.53284241 0.55      ] | DriftLimit: 0.0551 | FloorLimit: 0.4636 ---
2026-04-24 09:15:09,788 - [ENV] - --- EPISODE START | Scenario: TRANSIT | Start: [0.93403943 0.03442847 0.55      ] | Goal: [0.93004431 0.4711226  0.55      ] | DriftLimit: 0.0550 | FloorLimit: 0.4636 ---
2026-04-24 09:15:14,138 - [ENV] - --- EPISODE START | Scenario: TRANSIT | Start: [0.6225072 0.1991362 0.55     ] | Goal: [0.75709985 0.07272286 0.55      ] | DriftLimit: 0.0549 | FloorLimit: 0.4637 ---
2026-04-24 09:15:18,647 - [ENV] - --- EPISODE START | Scenario: TRANSIT | Start: [0.60220429 0.16512452 0.55      ] | Goal: [1.02143522 0.50769172 0.55      ] | DriftLimit: 0.0547 | FloorLimit: 0.4638 ---
2026-04-24 09:15:23,056 - [ENV] - --- EPISODE START | Scenario: ASCEND | Start: [1.02085691 0.25743526 0.415     ] | Goal: [1.02085691 0.25743526 0.55      ] | DriftLimit: 0.0546 | FloorLimit: 0.4639 ---
2026-04-24 09:15:27,395 - [ENV] - --- EPISODE START | Scenario: ASCEND | Start: [0.7066781  0.31686979 0.415     ] | Goal: [0.7066781  0.31686979 0.55      ] | DriftLimit: 0.0545 | FloorLimit: 0.4639 ---
2026-04-24 09:15:27,856 - [ENV] - TERMINATED (Ascend): Tube Drift = 0.0546m (Max 0.0545m) at step 12
2026-04-24 09:15:27,856 - [ENV] - Episode ended without success at step 12. Final dist: 0.1296m
2026-04-24 09:15:27,857 - [ENV] - --- EPISODE START | Scenario: DESCEND | Start: [1.13116043 0.35761165 0.55      ] | Goal: [1.13116043 0.35761165 0.41      ] | DriftLimit: 0.0545 | FloorLimit: 0.4639 ---
2026-04-24 09:15:32,176 - [ENV] - --- EPISODE START | Scenario: DESCEND | Start: [0.92891668 0.06148103 0.55      ] | Goal: [0.92891668 0.06148103 0.41      ] | DriftLimit: 0.0543 | FloorLimit: 0.4640 ---
2026-04-24 09:16:11,899 - [ENV] - --- EPISODE START | Scenario: ASCEND | Start: [0.77683511 0.25368881 0.415     ] | Goal: [0.77683511 0.25368881 0.55      ] | DriftLimit: 0.0542 | FloorLimit: 0.4641 ---
2026-04-24 09:16:16,131 - [ENV] - --- EPISODE START | Scenario: ASCEND | Start: [1.0075752  0.30344912 0.415     ] | Goal: [1.0075752  0.30344912 0.55      ] | DriftLimit: 0.0541 | FloorLimit: 0.4641 ---
2026-04-24 09:16:20,756 - [ENV] - --- EPISODE START | Scenario: DESCEND | Start: [0.73987678 0.14341978 0.55      ] | Goal: [0.73987678 0.14341978 0.415     ] | DriftLimit: 0.0540 | FloorLimit: 0.4642 ---
2026-04-24 09:16:25,401 - [ENV] - --- EPISODE START | Scenario: DESCEND | Start: [0.63924875 0.03765881 0.55      ] | Goal: [0.63924875 0.03765881 0.415     ] | DriftLimit: 0.0538 | FloorLimit: 0.4643 ---
2026-04-24 09:16:30,041 - [ENV] - --- EPISODE START | Scenario: ASCEND | Start: [1.05226746 0.05362568 0.415     ] | Goal: [1.05226746 0.05362568 0.55      ] | DriftLimit: 0.0537 | FloorLimit: 0.4643 ---
2026-04-24 09:16:30,237 - [ENV] - TERMINATED (Ascend): Tube Drift = 0.0778m (Max 0.0537m) at step 4
2026-04-24 09:16:30,237 - [ENV] - Episode ended without success at step 4. Final dist: 0.1068m
2026-04-24 09:16:30,238 - [ENV] - --- EPISODE START | Scenario: TRANSIT | Start: [0.93810235 0.17667126 0.55      ] | Goal: [0.77553536 0.48981381 0.55      ] | DriftLimit: 0.0537 | FloorLimit: 0.4643 ---
2026-04-24 09:16:34,808 - [ENV] - --- EPISODE START | Scenario: DESCEND | Start: [1.04328199 0.36444813 0.55      ] | Goal: [1.04328199 0.36444813 0.41      ] | DriftLimit: 0.0536 | FloorLimit: 0.4644 ---
2026-04-24 09:16:39,189 - [ENV] - --- EPISODE START | Scenario: TRANSIT | Start: [1.13250777 0.43438007 0.55      ] | Goal: [1.14821367 0.05357579 0.55      ] | DriftLimit: 0.0534 | FloorLimit: 0.4645 ---
2026-04-24 09:16:43,646 - [ENV] - --- EPISODE START | Scenario: DESCEND | Start: [0.8644961  0.32871094 0.55      ] | Goal: [0.8644961  0.32871094 0.41      ] | DriftLimit: 0.0533 | FloorLimit: 0.4646 ---
2026-04-24 09:16:47,975 - [ENV] - --- EPISODE START | Scenario: ASCEND | Start: [0.66959229 0.08293933 0.415     ] | Goal: [0.66959229 0.08293933 0.55      ] | DriftLimit: 0.0532 | FloorLimit: 0.4646 ---
2026-04-24 09:16:52,475 - [ENV] - --- EPISODE START | Scenario: ASCEND | Start: [ 1.10018073 -0.00751749  0.415     ] | Goal: [ 1.10018073 -0.00751749  0.55      ] | DriftLimit: 0.0531 | FloorLimit: 0.4647 ---
2026-04-24 09:16:56,805 - [ENV] - --- EPISODE START | Scenario: ASCEND | Start: [0.75260282 0.2442698  0.415     ] | Goal: [0.75260282 0.2442698  0.55      ] | DriftLimit: 0.0529 | FloorLimit: 0.4648 ---
2026-04-24 09:17:01,334 - [ENV] - --- EPISODE START | Scenario: ASCEND | Start: [0.95896149 0.20526413 0.415     ] | Goal: [0.95896149 0.20526413 0.55      ] | DriftLimit: 0.0528 | FloorLimit: 0.4648 ---
2026-04-24 09:17:01,557 - [ENV] - TERMINATED (Ascend): Tube Drift = 0.0690m (Max 0.0528m) at step 4
2026-04-24 09:17:01,557 - [ENV] - Episode ended without success at step 4. Final dist: 0.1051m
2026-04-24 09:17:01,558 - [ENV] - --- EPISODE START | Scenario: DESCEND | Start: [0.95910242 0.36062174 0.55      ] | Goal: [0.95910242 0.36062174 0.41      ] | DriftLimit: 0.0528 | FloorLimit: 0.4648 ---
2026-04-24 09:17:05,906 - [ENV] - --- EPISODE START | Scenario: TRANSIT | Start: [0.84447323 0.35393948 0.55      ] | Goal: [1.02139266 0.15035191 0.55      ] | DriftLimit: 0.0527 | FloorLimit: 0.4649 ---
2026-04-24 09:17:10,424 - [ENV] - --- EPISODE START | Scenario: DESCEND | Start: [1.03003504 0.27407253 0.55      ] | Goal: [1.03003504 0.27407253 0.415     ] | DriftLimit: 0.0525 | FloorLimit: 0.4650 ---
2026-04-24 09:17:10,631 - [ENV] - SUCCESS: Goal reached in 4 steps. Dist = 0.0063m
2026-04-24 09:17:10,632 - [ENV] - --- EPISODE START | Scenario: DESCEND | Start: [1.08999272 0.38991948 0.55      ] | Goal: [1.08999272 0.38991948 0.41      ] | DriftLimit: 0.0525 | FloorLimit: 0.4650 ---
2026-04-24 09:17:51,927 - [ENV] - --- EPISODE START | Scenario: DESCEND | Start: [1.03038211 0.41167413 0.55      ] | Goal: [1.03038211 0.41167413 0.415     ] | DriftLimit: 0.0524 | FloorLimit: 0.4651 ---
2026-04-24 09:17:56,132 - [ENV] - --- EPISODE START | Scenario: TRANSIT | Start: [0.64615596 0.13577806 0.55      ] | Goal: [0.90439966 0.30599779 0.55      ] | DriftLimit: 0.0523 | FloorLimit: 0.4651 ---
2026-04-24 09:18:00,701 - [ENV] - --- EPISODE START | Scenario: TRANSIT | Start: [1.13139735 0.12079148 0.55      ] | Goal: [1.10157117 0.32604341 0.55      ] | DriftLimit: 0.0522 | FloorLimit: 0.4652 ---
2026-04-24 09:18:05,475 - [ENV] - --- EPISODE START | Scenario: DESCEND | Start: [0.84352385 0.32577741 0.55      ] | Goal: [0.84352385 0.32577741 0.41      ] | DriftLimit: 0.0520 | FloorLimit: 0.4653 ---
2026-04-24 09:18:09,888 - [ENV] - --- EPISODE START | Scenario: TRANSIT | Start: [1.07812899 0.40825278 0.55      ] | Goal: [0.77587464 0.36054748 0.55      ] | DriftLimit: 0.0519 | FloorLimit: 0.4653 ---
2026-04-24 09:18:14,487 - [ENV] - --- EPISODE START | Scenario: TRANSIT | Start: [1.14218968 0.33970416 0.55      ] | Goal: [0.89174507 0.10990149 0.55      ] | DriftLimit: 0.0518 | FloorLimit: 0.4654 ---
2026-04-24 09:18:18,808 - [ENV] - --- EPISODE START | Scenario: TRANSIT | Start: [0.79942372 0.33537247 0.55      ] | Goal: [1.05693026 0.47152318 0.55      ] | DriftLimit: 0.0516 | FloorLimit: 0.4655 ---
2026-04-24 09:18:23,393 - [ENV] - --- EPISODE START | Scenario: DESCEND | Start: [1.15413246 0.17257028 0.55      ] | Goal: [1.15413246 0.17257028 0.41      ] | DriftLimit: 0.0515 | FloorLimit: 0.4655 ---
2026-04-24 09:18:23,609 - [ENV] - SUCCESS: Goal reached in 5 steps. Dist = 0.0097m
2026-04-24 09:18:23,609 - [ENV] - --- EPISODE START | Scenario: ASCEND | Start: [1.07542384 0.41293188 0.415     ] | Goal: [1.07542384 0.41293188 0.55      ] | DriftLimit: 0.0515 | FloorLimit: 0.4655 ---
2026-04-24 09:18:23,914 - [ENV] - TERMINATED (Ascend): Tube Drift = 0.0758m (Max 0.0515m) at step 4
2026-04-24 09:18:23,915 - [ENV] - Episode ended without success at step 4. Final dist: 0.0913m
2026-04-24 09:18:23,915 - [ENV] - --- EPISODE START | Scenario: ASCEND | Start: [1.07032065 0.08430489 0.415     ] | Goal: [1.07032065 0.08430489 0.55      ] | DriftLimit: 0.0515 | FloorLimit: 0.4655 ---
2026-04-24 09:18:24,084 - [ENV] - TERMINATED (Ascend): Tube Drift = 0.0530m (Max 0.0515m) at step 3
2026-04-24 09:18:24,084 - [ENV] - Episode ended without success at step 3. Final dist: 0.1150m
2026-04-24 09:18:24,085 - [ENV] - --- EPISODE START | Scenario: ASCEND | Start: [0.73413996 0.03250664 0.415     ] | Goal: [0.73413996 0.03250664 0.55      ] | DriftLimit: 0.0515 | FloorLimit: 0.4655 ---
2026-04-24 09:18:24,310 - [ENV] - TERMINATED (Ascend): Tube Drift = 0.0654m (Max 0.0515m) at step 6
2026-04-24 09:18:24,310 - [ENV] - Episode ended without success at step 6. Final dist: 0.1157m
2026-04-24 09:18:24,311 - [ENV] - --- EPISODE START | Scenario: TRANSIT | Start: [0.977498   0.39692177 0.55      ] | Goal: [0.76968336 0.44696572 0.55      ] | DriftLimit: 0.0515 | FloorLimit: 0.4655 ---
2026-04-24 09:18:28,563 - [ENV] - --- EPISODE START | Scenario: DESCEND | Start: [0.68158461 0.19793653 0.55      ] | Goal: [0.68158461 0.19793653 0.415     ] | DriftLimit: 0.0514 | FloorLimit: 0.4656 ---
2026-04-24 09:18:28,882 - [ENV] - TERMINATED (Descend): Tube Drift = 0.0538m (Max 0.0514m) at step 10
2026-04-24 09:18:28,882 - [ENV] - Episode ended without success at step 10. Final dist: 0.0540m
2026-04-24 09:18:28,882 - [ENV] - --- EPISODE START | Scenario: TRANSIT | Start: [1.01550144 0.36008438 0.55      ] | Goal: [0.79084257 0.39975861 0.55      ] | DriftLimit: 0.0514 | FloorLimit: 0.4656 ---
2026-04-24 09:18:33,254 - [ENV] - --- EPISODE START | Scenario: ASCEND | Start: [1.14644605 0.10054422 0.415     ] | Goal: [1.14644605 0.10054422 0.55      ] | DriftLimit: 0.0512 | FloorLimit: 0.4657 ---
2026-04-24 09:18:33,498 - [ENV] - TERMINATED (Ascend): Tube Drift = 0.0589m (Max 0.0512m) at step 3
2026-04-24 09:18:33,498 - [ENV] - Episode ended without success at step 3. Final dist: 0.1094m
2026-04-24 09:18:33,500 - [ENV] - --- EPISODE START | Scenario: TRANSIT | Start: [0.98685535 0.07308182 0.55      ] | Goal: [1.01554673 0.33190142 0.55      ] | DriftLimit: 0.0512 | FloorLimit: 0.4657 ---
2026-04-24 09:18:37,710 - [ENV] - --- EPISODE START | Scenario: DESCEND | Start: [0.82519837 0.01149607 0.55      ] | Goal: [0.82519837 0.01149607 0.41      ] | DriftLimit: 0.0511 | FloorLimit: 0.4658 ---
2026-04-24 09:18:42,320 - [ENV] - --- EPISODE START | Scenario: ASCEND | Start: [1.09821258 0.30064203 0.415     ] | Goal: [1.09821258 0.30064203 0.55      ] | DriftLimit: 0.0510 | FloorLimit: 0.4658 ---
2026-04-24 09:18:42,549 - [ENV] - TERMINATED (Ascend): Tube Drift = 0.0561m (Max 0.0510m) at step 4
2026-04-24 09:18:42,549 - [ENV] - Episode ended without success at step 4. Final dist: 0.0905m
2026-04-24 09:18:42,550 - [ENV] - --- EPISODE START | Scenario: DESCEND | Start: [0.7601378  0.53612021 0.55      ] | Goal: [0.7601378  0.53612021 0.415     ] | DriftLimit: 0.0510 | FloorLimit: 0.4658 ---
2026-04-24 09:18:46,872 - [ENV] - --- EPISODE START | Scenario: TRANSIT | Start: [1.15627806 0.00919588 0.55      ] | Goal: [0.86468956 0.2408577  0.55      ] | DriftLimit: 0.0508 | FloorLimit: 0.4659 ---
2026-04-24 09:18:51,108 - [ENV] - --- EPISODE START | Scenario: TRANSIT | Start: [0.71571888 0.45398307 0.55      ] | Goal: [0.90126161 0.22869812 0.55      ] | DriftLimit: 0.0507 | FloorLimit: 0.4660 ---
2026-04-24 09:19:33,679 - [ENV] - --- EPISODE START | Scenario: ASCEND | Start: [1.13767404 0.35355375 0.415     ] | Goal: [1.13767404 0.35355375 0.55      ] | DriftLimit: 0.0506 | FloorLimit: 0.4660 ---
2026-04-24 09:19:33,853 - [ENV] - TERMINATED (Ascend): Tube Drift = 0.0538m (Max 0.0506m) at step 5
2026-04-24 09:19:33,854 - [ENV] - Episode ended without success at step 5. Final dist: 0.0803m
2026-04-24 09:19:33,854 - [ENV] - --- EPISODE START | Scenario: ASCEND | Start: [0.93949068 0.29574388 0.415     ] | Goal: [0.93949068 0.29574388 0.55      ] | DriftLimit: 0.0506 | FloorLimit: 0.4660 ---
2026-04-24 09:19:34,113 - [ENV] - TERMINATED (Ascend): Tube Drift = 0.0709m (Max 0.0506m) at step 3
2026-04-24 09:19:34,113 - [ENV] - Episode ended without success at step 3. Final dist: 0.1072m
2026-04-24 09:19:34,115 - [ENV] - --- EPISODE START | Scenario: DESCEND | Start: [0.77215983 0.53917266 0.55      ] | Goal: [0.77215983 0.53917266 0.415     ] | DriftLimit: 0.0506 | FloorLimit: 0.4660 ---
2026-04-24 09:19:38,079 - [ENV] - --- EPISODE START | Scenario: ASCEND | Start: [0.61102607 0.0104759  0.415     ] | Goal: [0.61102607 0.0104759  0.55      ] | DriftLimit: 0.0505 | FloorLimit: 0.4661 ---
2026-04-24 09:19:38,292 - [ENV] - TERMINATED (Ascend): Tube Drift = 0.0572m (Max 0.0504m) at step 6
2026-04-24 09:19:38,292 - [ENV] - Episode ended without success at step 6. Final dist: 0.1380m
2026-04-24 09:19:38,293 - [ENV] - --- EPISODE START | Scenario: ASCEND | Start: [0.92247784 0.35167883 0.415     ] | Goal: [0.92247784 0.35167883 0.55      ] | DriftLimit: 0.0504 | FloorLimit: 0.4661 ---
2026-04-24 09:19:38,519 - [ENV] - TERMINATED (Ascend): Tube Drift = 0.0704m (Max 0.0504m) at step 4
2026-04-24 09:19:38,519 - [ENV] - Episode ended without success at step 4. Final dist: 0.0940m
2026-04-24 09:19:38,519 - [ENV] - --- EPISODE START | Scenario: ASCEND | Start: [1.0391908  0.42803122 0.415     ] | Goal: [1.0391908  0.42803122 0.55      ] | DriftLimit: 0.0504 | FloorLimit: 0.4661 ---
2026-04-24 09:19:42,881 - [ENV] - --- EPISODE START | Scenario: TRANSIT | Start: [0.87170886 0.27300825 0.55      ] | Goal: [1.14389361 0.45959351 0.55      ] | DriftLimit: 0.0503 | FloorLimit: 0.4662 ---
2026-04-24 09:19:47,401 - [ENV] - --- EPISODE START | Scenario: ASCEND | Start: [0.74365206 0.5184955  0.415     ] | Goal: [0.74365206 0.5184955  0.55      ] | DriftLimit: 0.0502 | FloorLimit: 0.4663 ---
2026-04-24 09:19:51,874 - [ENV] - --- EPISODE START | Scenario: DESCEND | Start: [0.97075961 0.49743541 0.55      ] | Goal: [0.97075961 0.49743541 0.415     ] | DriftLimit: 0.0501 | FloorLimit: 0.4663 ---
2026-04-24 09:19:56,629 - [ENV] - --- EPISODE START | Scenario: ASCEND | Start: [0.95404255 0.19621419 0.415     ] | Goal: [0.95404255 0.19621419 0.55      ] | DriftLimit: 0.0499 | FloorLimit: 0.4664 ---
2026-04-24 09:20:01,189 - [ENV] - --- EPISODE START | Scenario: ASCEND | Start: [0.8437762  0.44526977 0.415     ] | Goal: [0.8437762  0.44526977 0.55      ] | DriftLimit: 0.0498 | FloorLimit: 0.4665 ---
2026-04-24 09:20:05,589 - [ENV] - --- EPISODE START | Scenario: DESCEND | Start: [1.0118087  0.47114138 0.55      ] | Goal: [1.0118087  0.47114138 0.41      ] | DriftLimit: 0.0497 | FloorLimit: 0.4665 ---
2026-04-24 09:20:10,065 - [ENV] - --- EPISODE START | Scenario: TRANSIT | Start: [0.71557782 0.43641655 0.55      ] | Goal: [1.06499434 0.33621177 0.55      ] | DriftLimit: 0.0495 | FloorLimit: 0.4666 ---
2026-04-24 09:20:14,947 - [ENV] - --- EPISODE START | Scenario: ASCEND | Start: [0.60276335 0.03831326 0.415     ] | Goal: [0.60276335 0.03831326 0.55      ] | DriftLimit: 0.0494 | FloorLimit: 0.4667 ---
2026-04-24 09:20:15,174 - [ENV] - TERMINATED (Ascend): Tube Drift = 0.0697m (Max 0.0494m) at step 6
2026-04-24 09:20:15,174 - [ENV] - Episode ended without success at step 6. Final dist: 0.1463m
2026-04-24 09:20:15,175 - [ENV] - --- EPISODE START | Scenario: ASCEND | Start: [0.75536824 0.40087848 0.415     ] | Goal: [0.75536824 0.40087848 0.55      ] | DriftLimit: 0.0494 | FloorLimit: 0.4667 ---
2026-04-24 09:20:15,513 - [ENV] - TERMINATED (Ascend): Tube Drift = 0.0607m (Max 0.0494m) at step 4
2026-04-24 09:20:15,514 - [ENV] - Episode ended without success at step 4. Final dist: 0.1172m
2026-04-24 09:20:15,515 - [ENV] - --- EPISODE START | Scenario: ASCEND | Start: [0.64864819 0.15176966 0.415     ] | Goal: [0.64864819 0.15176966 0.55      ] | DriftLimit: 0.0494 | FloorLimit: 0.4667 ---
2026-04-24 09:20:20,025 - [ENV] - --- EPISODE START | Scenario: ASCEND | Start: [1.12298235 0.05616769 0.415     ] | Goal: [1.12298235 0.05616769 0.55      ] | DriftLimit: 0.0493 | FloorLimit: 0.4668 ---
2026-04-24 09:20:20,273 - [ENV] - TERMINATED (Ascend): Tube Drift = 0.0599m (Max 0.0493m) at step 3
2026-04-24 09:20:20,273 - [ENV] - Episode ended without success at step 3. Final dist: 0.1147m
2026-04-24 09:20:20,274 - [ENV] - --- EPISODE START | Scenario: ASCEND | Start: [ 0.80463787 -0.00266851  0.415     ] | Goal: [ 0.80463787 -0.00266851  0.55      ] | DriftLimit: 0.0493 | FloorLimit: 0.4668 ---
2026-04-24 09:20:24,855 - [ENV] - --- EPISODE START | Scenario: ASCEND | Start: [0.77201012 0.02051962 0.415     ] | Goal: [0.77201012 0.02051962 0.55      ] | DriftLimit: 0.0492 | FloorLimit: 0.4668 ---
2026-04-24 09:20:29,349 - [ENV] - --- EPISODE START | Scenario: TRANSIT | Start: [0.82648483 0.08460718 0.55      ] | Goal: [0.67644576 0.13569622 0.55      ] | DriftLimit: 0.0490 | FloorLimit: 0.4669 ---
2026-04-24 09:20:33,852 - [ENV] - --- EPISODE START | Scenario: TRANSIT | Start: [0.70301686 0.02924991 0.55      ] | Goal: [0.6670524  0.42913228 0.55      ] | DriftLimit: 0.0489 | FloorLimit: 0.4670 ---
2026-04-24 09:21:19,874 - [ENV] - --- EPISODE START | Scenario: TRANSIT | Start: [0.82196313 0.40006935 0.55      ] | Goal: [1.15209156 0.13769538 0.55      ] | DriftLimit: 0.0488 | FloorLimit: 0.4670 ---
2026-04-24 09:21:24,092 - [ENV] - --- EPISODE START | Scenario: TRANSIT | Start: [1.14329969 0.21446102 0.55      ] | Goal: [1.01282257 0.01989144 0.55      ] | DriftLimit: 0.0486 | FloorLimit: 0.4671 ---
2026-04-24 09:21:28,795 - [ENV] - --- EPISODE START | Scenario: DESCEND | Start: [1.02084598 0.04970664 0.55      ] | Goal: [1.02084598 0.04970664 0.41      ] | DriftLimit: 0.0485 | FloorLimit: 0.4672 ---
2026-04-24 09:21:33,252 - [ENV] - --- EPISODE START | Scenario: TRANSIT | Start: [0.71021955 0.40252117 0.55      ] | Goal: [1.01573302 0.2060441  0.55      ] | DriftLimit: 0.0484 | FloorLimit: 0.4672 ---
2026-04-24 09:21:37,846 - [ENV] - --- EPISODE START | Scenario: DESCEND | Start: [0.88609309 0.38468941 0.55      ] | Goal: [0.88609309 0.38468941 0.41      ] | DriftLimit: 0.0483 | FloorLimit: 0.4673 ---
2026-04-24 09:21:42,490 - [ENV] - --- EPISODE START | Scenario: TRANSIT | Start: [0.80185885 0.08077814 0.55      ] | Goal: [0.89718334 0.11255397 0.55      ] | DriftLimit: 0.0481 | FloorLimit: 0.4674 ---
2026-04-24 09:21:47,117 - [ENV] - --- EPISODE START | Scenario: TRANSIT | Start: [1.03489399 0.40319941 0.55      ] | Goal: [0.83430972 0.44160639 0.55      ] | DriftLimit: 0.0480 | FloorLimit: 0.4675 ---
2026-04-24 09:21:51,925 - [ENV] - --- EPISODE START | Scenario: DESCEND | Start: [ 0.90345588 -0.00940536  0.55      ] | Goal: [ 0.90345588 -0.00940536  0.415     ] | DriftLimit: 0.0479 | FloorLimit: 0.4675 ---
2026-04-24 09:21:56,516 - [ENV] - --- EPISODE START | Scenario: TRANSIT | Start: [0.93261983 0.23778526 0.55      ] | Goal: [0.65685652 0.36602786 0.55      ] | DriftLimit: 0.0477 | FloorLimit: 0.4676 ---
2026-04-24 09:22:01,208 - [ENV] - --- EPISODE START | Scenario: ASCEND | Start: [0.72702501 0.05385395 0.415     ] | Goal: [0.72702501 0.05385395 0.55      ] | DriftLimit: 0.0476 | FloorLimit: 0.4677 ---
2026-04-24 09:22:01,379 - [ENV] - TERMINATED (Ascend): Tube Drift = 0.0483m (Max 0.0476m) at step 5
2026-04-24 09:22:01,379 - [ENV] - Episode ended without success at step 5. Final dist: 0.1322m
2026-04-24 09:22:01,380 - [ENV] - --- EPISODE START | Scenario: ASCEND | Start: [1.03264036 0.45044564 0.415     ] | Goal: [1.03264036 0.45044564 0.55      ] | DriftLimit: 0.0476 | FloorLimit: 0.4677 ---
2026-04-24 09:22:01,583 - [ENV] - TERMINATED (Ascend): Tube Drift = 0.0558m (Max 0.0476m) at step 3
2026-04-24 09:22:01,583 - [ENV] - Episode ended without success at step 3. Final dist: 0.0934m
2026-04-24 09:22:01,584 - [ENV] - --- EPISODE START | Scenario: TRANSIT | Start: [0.76237578 0.50886328 0.55      ] | Goal: [0.83901016 0.21520131 0.55      ] | DriftLimit: 0.0476 | FloorLimit: 0.4677 ---
2026-04-24 09:22:06,101 - [ENV] - --- EPISODE START | Scenario: DESCEND | Start: [0.82082466 0.15291136 0.55      ] | Goal: [0.82082466 0.15291136 0.41      ] | DriftLimit: 0.0475 | FloorLimit: 0.4677 ---
2026-04-24 09:22:10,673 - [ENV] - --- EPISODE START | Scenario: TRANSIT | Start: [0.92072074 0.19167736 0.55      ] | Goal: [0.82379756 0.35557923 0.55      ] | DriftLimit: 0.0473 | FloorLimit: 0.4678 ---
2026-04-24 09:22:15,091 - [ENV] - --- EPISODE START | Scenario: ASCEND | Start: [0.79954858 0.09102432 0.415     ] | Goal: [0.79954858 0.09102432 0.55      ] | DriftLimit: 0.0472 | FloorLimit: 0.4679 ---
2026-04-24 09:22:19,626 - [ENV] - --- EPISODE START | Scenario: ASCEND | Start: [0.64357718 0.01395213 0.415     ] | Goal: [0.64357718 0.01395213 0.55      ] | DriftLimit: 0.0471 | FloorLimit: 0.4679 ---
2026-04-24 09:23:00,719 - [ENV] - --- EPISODE START | Scenario: DESCEND | Start: [0.71871725 0.00204875 0.55      ] | Goal: [0.71871725 0.00204875 0.415     ] | DriftLimit: 0.0470 | FloorLimit: 0.4680 ---
2026-04-24 09:23:05,036 - [ENV] - --- EPISODE START | Scenario: DESCEND | Start: [0.86076857 0.19571559 0.55      ] | Goal: [0.86076857 0.19571559 0.41      ] | DriftLimit: 0.0468 | FloorLimit: 0.4681 ---
2026-04-24 09:23:09,494 - [ENV] - --- EPISODE START | Scenario: DESCEND | Start: [0.83474848 0.12733837 0.55      ] | Goal: [0.83474848 0.12733837 0.41      ] | DriftLimit: 0.0467 | FloorLimit: 0.4682 ---
2026-04-24 09:23:14,104 - [ENV] - --- EPISODE START | Scenario: DESCEND | Start: [1.08117294 0.15238412 0.55      ] | Goal: [1.08117294 0.15238412 0.41      ] | DriftLimit: 0.0466 | FloorLimit: 0.4682 ---
2026-04-24 09:23:18,457 - [ENV] - --- EPISODE START | Scenario: TRANSIT | Start: [0.65407714 0.42822313 0.55      ] | Goal: [0.94769381 0.1639531  0.55      ] | DriftLimit: 0.0465 | FloorLimit: 0.4683 ---
2026-04-24 09:23:23,018 - [ENV] - --- EPISODE START | Scenario: TRANSIT | Start: [1.0079025 0.4718892 0.55     ] | Goal: [0.96684362 0.26741157 0.55      ] | DriftLimit: 0.0463 | FloorLimit: 0.4684 ---
2026-04-24 09:23:23,584 - [ENV] - SUCCESS: Goal reached in 22 steps. Dist = 0.0201m
2026-04-24 09:23:23,585 - [ENV] - --- EPISODE START | Scenario: ASCEND | Start: [0.93992805 0.30075774 0.415     ] | Goal: [0.93992805 0.30075774 0.55      ] | DriftLimit: 0.0463 | FloorLimit: 0.4684 ---
2026-04-24 09:23:23,859 - [ENV] - TERMINATED (Ascend): Tube Drift = 0.0620m (Max 0.0463m) at step 3
2026-04-24 09:23:23,859 - [ENV] - Episode ended without success at step 3. Final dist: 0.1024m
2026-04-24 09:23:23,859 - [ENV] - --- EPISODE START | Scenario: DESCEND | Start: [1.14026236 0.47855551 0.55      ] | Goal: [1.14026236 0.47855551 0.415     ] | DriftLimit: 0.0463 | FloorLimit: 0.4684 ---
2026-04-24 09:23:28,296 - [ENV] - --- EPISODE START | Scenario: TRANSIT | Start: [0.81139495 0.33562444 0.55      ] | Goal: [1.02672107 0.10109571 0.55      ] | DriftLimit: 0.0462 | FloorLimit: 0.4684 ---
2026-04-24 09:23:32,709 - [ENV] - --- EPISODE START | Scenario: DESCEND | Start: [0.98273824 0.13771038 0.55      ] | Goal: [0.98273824 0.13771038 0.415     ] | DriftLimit: 0.0460 | FloorLimit: 0.4685 ---
2026-04-24 09:23:37,155 - [ENV] - --- EPISODE START | Scenario: DESCEND | Start: [0.76868093 0.01258808 0.55      ] | Goal: [0.76868093 0.01258808 0.415     ] | DriftLimit: 0.0459 | FloorLimit: 0.4686 ---
2026-04-24 09:23:41,920 - [ENV] - --- EPISODE START | Scenario: ASCEND | Start: [1.07831007 0.41629909 0.415     ] | Goal: [1.07831007 0.41629909 0.55      ] | DriftLimit: 0.0458 | FloorLimit: 0.4687 ---
2026-04-24 09:23:42,214 - [ENV] - TERMINATED (Ascend): Tube Drift = 0.0473m (Max 0.0458m) at step 5
2026-04-24 09:23:42,214 - [ENV] - Episode ended without success at step 5. Final dist: 0.0710m
2026-04-24 09:23:42,214 - [ENV] - --- EPISODE START | Scenario: DESCEND | Start: [1.02711949 0.51520545 0.55      ] | Goal: [1.02711949 0.51520545 0.41      ] | DriftLimit: 0.0458 | FloorLimit: 0.4687 ---
2026-04-24 09:23:46,763 - [ENV] - --- EPISODE START | Scenario: DESCEND | Start: [0.73511793 0.3383581  0.55      ] | Goal: [0.73511793 0.3383581  0.415     ] | DriftLimit: 0.0457 | FloorLimit: 0.4687 ---
2026-04-24 09:23:51,526 - [ENV] - --- EPISODE START | Scenario: DESCEND | Start: [0.95845248 0.45790194 0.55      ] | Goal: [0.95845248 0.45790194 0.415     ] | DriftLimit: 0.0455 | FloorLimit: 0.4688 ---
2026-04-24 09:23:55,895 - [ENV] - --- EPISODE START | Scenario: ASCEND | Start: [0.82404619 0.52081625 0.415     ] | Goal: [0.82404619 0.52081625 0.55      ] | DriftLimit: 0.0454 | FloorLimit: 0.4689 ---
2026-04-24 09:23:56,108 - [ENV] - TERMINATED (Ascend): Tube Drift = 0.0486m (Max 0.0454m) at step 4
2026-04-24 09:23:56,108 - [ENV] - Episode ended without success at step 4. Final dist: 0.0714m
2026-04-24 09:23:56,108 - [ENV] - --- EPISODE START | Scenario: ASCEND | Start: [0.65866103 0.19174818 0.415     ] | Goal: [0.65866103 0.19174818 0.55      ] | DriftLimit: 0.0454 | FloorLimit: 0.4689 ---
2026-04-24 09:24:00,839 - [ENV] - --- EPISODE START | Scenario: ASCEND | Start: [0.6812636  0.45324105 0.415     ] | Goal: [0.6812636  0.45324105 0.55      ] | DriftLimit: 0.0453 | FloorLimit: 0.4689 ---
2026-04-24 09:24:01,031 - [ENV] - TERMINATED (Ascend): Tube Drift = 0.0506m (Max 0.0453m) at step 3
2026-04-24 09:24:01,031 - [ENV] - Episode ended without success at step 3. Final dist: 0.1079m
2026-04-24 09:24:01,032 - [ENV] - --- EPISODE START | Scenario: TRANSIT | Start: [1.08566096 0.08191753 0.55      ] | Goal: [0.76808187 0.49940614 0.55      ] | DriftLimit: 0.0453 | FloorLimit: 0.4689 ---
2026-04-24 09:24:40,962 - [ENV] - --- EPISODE START | Scenario: TRANSIT | Start: [1.08979093 0.36348898 0.55      ] | Goal: [1.0066965 0.4634177 0.55     ] | DriftLimit: 0.0451 | FloorLimit: 0.4690 ---
2026-04-24 09:24:44,910 - [ENV] - --- EPISODE START | Scenario: DESCEND | Start: [1.15540935 0.21647558 0.55      ] | Goal: [1.15540935 0.21647558 0.41      ] | DriftLimit: 0.0450 | FloorLimit: 0.4691 ---
2026-04-24 09:24:45,140 - [ENV] - SUCCESS: Goal reached in 7 steps. Dist = 0.0100m
2026-04-24 09:24:45,141 - [ENV] - --- EPISODE START | Scenario: DESCEND | Start: [1.13568217 0.22616564 0.55      ] | Goal: [1.13568217 0.22616564 0.415     ] | DriftLimit: 0.0450 | FloorLimit: 0.4691 ---
2026-04-24 09:24:45,320 - [ENV] - SUCCESS: Goal reached in 4 steps. Dist = 0.0086m
2026-04-24 09:24:45,321 - [ENV] - --- EPISODE START | Scenario: DESCEND | Start: [0.92204697 0.46349944 0.55      ] | Goal: [0.92204697 0.46349944 0.415     ] | DriftLimit: 0.0450 | FloorLimit: 0.4691 ---
2026-04-24 09:24:49,770 - [ENV] - --- EPISODE START | Scenario: DESCEND | Start: [0.99010648 0.0306597  0.55      ] | Goal: [0.99010648 0.0306597  0.415     ] | DriftLimit: 0.0449 | FloorLimit: 0.4692 ---
2026-04-24 09:24:54,350 - [ENV] - --- EPISODE START | Scenario: ASCEND | Start: [0.61787776 0.20539771 0.415     ] | Goal: [0.61787776 0.20539771 0.55      ] | DriftLimit: 0.0447 | FloorLimit: 0.4692 ---
2026-04-24 09:24:54,674 - [ENV] - TERMINATED (Ascend): Tube Drift = 0.0528m (Max 0.0447m) at step 4
2026-04-24 09:24:54,675 - [ENV] - Episode ended without success at step 4. Final dist: 0.1275m
2026-04-24 09:24:54,675 - [ENV] - --- EPISODE START | Scenario: TRANSIT | Start: [1.07620972 0.48576215 0.55      ] | Goal: [0.74081373 0.49478692 0.55      ] | DriftLimit: 0.0447 | FloorLimit: 0.4692 ---
2026-04-24 09:24:59,389 - [ENV] - --- EPISODE START | Scenario: TRANSIT | Start: [0.9785218 0.3538858 0.55     ] | Goal: [0.7417336  0.37923634 0.55      ] | DriftLimit: 0.0446 | FloorLimit: 0.4693 ---
2026-04-24 09:25:03,997 - [ENV] - --- EPISODE START | Scenario: DESCEND | Start: [0.97270009 0.32896674 0.55      ] | Goal: [0.97270009 0.32896674 0.41      ] | DriftLimit: 0.0445 | FloorLimit: 0.4694 ---
2026-04-24 09:25:08,567 - [ENV] - --- EPISODE START | Scenario: DESCEND | Start: [1.08560368 0.53171666 0.55      ] | Goal: [1.08560368 0.53171666 0.415     ] | DriftLimit: 0.0444 | FloorLimit: 0.4694 ---
2026-04-24 09:25:13,304 - [ENV] - --- EPISODE START | Scenario: DESCEND | Start: [1.07766213 0.03035812 0.55      ] | Goal: [1.07766213 0.03035812 0.41      ] | DriftLimit: 0.0442 | FloorLimit: 0.4695 ---
2026-04-24 09:25:15,657 - [ENV] - SUCCESS: Goal reached in 82 steps. Dist = 0.0100m
2026-04-24 09:25:15,659 - [ENV] - --- EPISODE START | Scenario: ASCEND | Start: [0.80491549 0.1025479  0.415     ] | Goal: [0.80491549 0.1025479  0.55      ] | DriftLimit: 0.0442 | FloorLimit: 0.4695 ---
2026-04-24 09:25:20,143 - [ENV] - --- EPISODE START | Scenario: DESCEND | Start: [0.90232976 0.38414752 0.55      ] | Goal: [0.90232976 0.38414752 0.415     ] | DriftLimit: 0.0440 | FloorLimit: 0.4696 ---
2026-04-24 09:25:24,897 - [ENV] - --- EPISODE START | Scenario: DESCEND | Start: [0.6311955  0.50502004 0.55      ] | Goal: [0.6311955  0.50502004 0.41      ] | DriftLimit: 0.0439 | FloorLimit: 0.4697 ---
2026-04-24 09:25:29,599 - [ENV] - --- EPISODE START | Scenario: ASCEND | Start: [0.89259974 0.45828681 0.415     ] | Goal: [0.89259974 0.45828681 0.55      ] | DriftLimit: 0.0438 | FloorLimit: 0.4698 ---
2026-04-24 09:25:29,840 - [ENV] - TERMINATED (Ascend): Tube Drift = 0.0681m (Max 0.0438m) at step 4
2026-04-24 09:25:29,840 - [ENV] - Episode ended without success at step 4. Final dist: 0.0940m
2026-04-24 09:25:29,841 - [ENV] - --- EPISODE START | Scenario: ASCEND | Start: [1.12360783 0.53077171 0.415     ] | Goal: [1.12360783 0.53077171 0.55      ] | DriftLimit: 0.0438 | FloorLimit: 0.4698 ---
2026-04-24 09:25:30,098 - [ENV] - TERMINATED (Ascend): Tube Drift = 0.0526m (Max 0.0438m) at step 3
2026-04-24 09:25:30,098 - [ENV] - Episode ended without success at step 3. Final dist: 0.0874m
2026-04-24 09:25:30,099 - [ENV] - --- EPISODE START | Scenario: ASCEND | Start: [1.05391951 0.40775703 0.415     ] | Goal: [1.05391951 0.40775703 0.55      ] | DriftLimit: 0.0438 | FloorLimit: 0.4698 ---
2026-04-24 09:25:30,430 - [ENV] - TERMINATED (Ascend): Tube Drift = 0.0478m (Max 0.0438m) at step 3
2026-04-24 09:25:30,430 - [ENV] - Episode ended without success at step 3. Final dist: 0.0941m
2026-04-24 09:25:30,431 - [ENV] - --- EPISODE START | Scenario: ASCEND | Start: [1.04898464 0.52109767 0.415     ] | Goal: [1.04898464 0.52109767 0.55      ] | DriftLimit: 0.0438 | FloorLimit: 0.4698 ---
2026-04-24 09:25:30,668 - [ENV] - TERMINATED (Ascend): Tube Drift = 0.0439m (Max 0.0438m) at step 5
2026-04-24 09:25:30,668 - [ENV] - Episode ended without success at step 5. Final dist: 0.0692m
2026-04-24 09:25:30,669 - [ENV] - --- EPISODE START | Scenario: ASCEND | Start: [1.13858566 0.15193168 0.415     ] | Goal: [1.13858566 0.15193168 0.55      ] | DriftLimit: 0.0438 | FloorLimit: 0.4698 ---
2026-04-24 09:25:30,884 - [ENV] - TERMINATED (Ascend): Tube Drift = 0.0590m (Max 0.0438m) at step 3
2026-04-24 09:25:30,884 - [ENV] - Episode ended without success at step 3. Final dist: 0.1115m
2026-04-24 09:25:30,886 - [ENV] - --- EPISODE START | Scenario: TRANSIT | Start: [0.81487489 0.00439327 0.55      ] | Goal: [0.69122178 0.22795031 0.55      ] | DriftLimit: 0.0438 | FloorLimit: 0.4698 ---
2026-04-24 09:25:35,799 - [ENV] - --- EPISODE START | Scenario: TRANSIT | Start: [1.06851723 0.08273271 0.55      ] | Goal: [0.6271652  0.05210668 0.55      ] | DriftLimit: 0.0436 | FloorLimit: 0.4698 ---
2026-04-24 09:25:40,189 - [ENV] - --- EPISODE START | Scenario: ASCEND | Start: [0.75997611 0.09571115 0.415     ] | Goal: [0.75997611 0.09571115 0.55      ] | DriftLimit: 0.0435 | FloorLimit: 0.4699 ---
2026-04-24 09:25:45,238 - [ENV] - --- EPISODE START | Scenario: DESCEND | Start: [0.70478723 0.53902873 0.55      ] | Goal: [0.70478723 0.53902873 0.41      ] | DriftLimit: 0.0434 | FloorLimit: 0.4700 ---
2026-04-24 09:26:28,047 - [ENV] - --- EPISODE START | Scenario: TRANSIT | Start: [0.97979276 0.311297   0.55      ] | Goal: [0.75142105 0.4232674  0.55      ] | DriftLimit: 0.0433 | FloorLimit: 0.4700 ---
2026-04-24 09:26:32,295 - [ENV] - --- EPISODE START | Scenario: ASCEND | Start: [0.64161355 0.43587157 0.415     ] | Goal: [0.64161355 0.43587157 0.55      ] | DriftLimit: 0.0431 | FloorLimit: 0.4701 ---
2026-04-24 09:26:32,499 - [ENV] - TERMINATED (Ascend): Tube Drift = 0.0528m (Max 0.0431m) at step 3
2026-04-24 09:26:32,499 - [ENV] - Episode ended without success at step 3. Final dist: 0.1105m
2026-04-24 09:26:32,500 - [ENV] - --- EPISODE START | Scenario: DESCEND | Start: [0.84110576 0.18461553 0.55      ] | Goal: [0.84110576 0.18461553 0.415     ] | DriftLimit: 0.0431 | FloorLimit: 0.4701 ---
2026-04-24 09:26:32,688 - [ENV] - SUCCESS: Goal reached in 4 steps. Dist = 0.0093m
2026-04-24 09:26:32,689 - [ENV] - --- EPISODE START | Scenario: TRANSIT | Start: [0.97358793 0.47015296 0.55      ] | Goal: [1.02851936 0.04970097 0.55      ] | DriftLimit: 0.0431 | FloorLimit: 0.4701 ---
2026-04-24 09:26:36,946 - [ENV] - --- EPISODE START | Scenario: TRANSIT | Start: [0.7639524  0.40282024 0.55      ] | Goal: [0.6346178  0.14052509 0.55      ] | DriftLimit: 0.0430 | FloorLimit: 0.4702 ---
2026-04-24 09:26:41,578 - [ENV] - --- EPISODE START | Scenario: ASCEND | Start: [1.15253041 0.54178188 0.415     ] | Goal: [1.15253041 0.54178188 0.55      ] | DriftLimit: 0.0429 | FloorLimit: 0.4703 ---
2026-04-24 09:26:41,873 - [ENV] - TERMINATED (Ascend): Tube Drift = 0.0449m (Max 0.0429m) at step 5
2026-04-24 09:26:41,873 - [ENV] - Episode ended without success at step 5. Final dist: 0.0770m
2026-04-24 09:26:41,874 - [ENV] - --- EPISODE START | Scenario: TRANSIT | Start: [0.87827265 0.1087103  0.55      ] | Goal: [0.69582013 0.0642465  0.55      ] | DriftLimit: 0.0429 | FloorLimit: 0.4703 ---
2026-04-24 09:26:42,125 - [ENV] - SUCCESS: Goal reached in 8 steps. Dist = 0.0097m
2026-04-24 09:26:42,126 - [ENV] - --- EPISODE START | Scenario: DESCEND | Start: [0.95882167 0.20084578 0.55      ] | Goal: [0.95882167 0.20084578 0.41      ] | DriftLimit: 0.0429 | FloorLimit: 0.4703 ---
2026-04-24 09:26:46,619 - [ENV] - --- EPISODE START | Scenario: TRANSIT | Start: [1.13076034 0.22035738 0.55      ] | Goal: [0.70892222 0.47075704 0.55      ] | DriftLimit: 0.0427 | FloorLimit: 0.4703 ---
2026-04-24 09:26:51,270 - [ENV] - --- EPISODE START | Scenario: DESCEND | Start: [0.61934774 0.3629989  0.55      ] | Goal: [0.61934774 0.3629989  0.415     ] | DriftLimit: 0.0426 | FloorLimit: 0.4704 ---
2026-04-24 09:26:55,841 - [ENV] - --- EPISODE START | Scenario: TRANSIT | Start: [1.05552021 0.43444105 0.55      ] | Goal: [0.65287609 0.19447826 0.55      ] | DriftLimit: 0.0425 | FloorLimit: 0.4705 ---
2026-04-24 09:27:00,309 - [ENV] - --- EPISODE START | Scenario: TRANSIT | Start: [0.71888862 0.08483352 0.55      ] | Goal: [0.6453648  0.36527861 0.55      ] | DriftLimit: 0.0423 | FloorLimit: 0.4705 ---
2026-04-24 09:27:04,947 - [ENV] - --- EPISODE START | Scenario: DESCEND | Start: [0.84608857 0.47353272 0.55      ] | Goal: [0.84608857 0.47353272 0.41      ] | DriftLimit: 0.0422 | FloorLimit: 0.4706 ---
2026-04-24 09:27:09,665 - [ENV] - --- EPISODE START | Scenario: TRANSIT | Start: [1.01463957 0.48262027 0.55      ] | Goal: [0.85161035 0.10659151 0.55      ] | DriftLimit: 0.0421 | FloorLimit: 0.4707 ---
2026-04-24 09:27:14,031 - [ENV] - --- EPISODE START | Scenario: ASCEND | Start: [1.00368312 0.33789395 0.415     ] | Goal: [1.00368312 0.33789395 0.55      ] | DriftLimit: 0.0420 | FloorLimit: 0.4707 ---
2026-04-24 09:27:14,217 - [ENV] - TERMINATED (Ascend): Tube Drift = 0.0437m (Max 0.0420m) at step 4
2026-04-24 09:27:14,217 - [ENV] - Episode ended without success at step 4. Final dist: 0.1016m
2026-04-24 09:27:14,218 - [ENV] - --- EPISODE START | Scenario: ASCEND | Start: [1.03203244 0.38637723 0.415     ] | Goal: [1.03203244 0.38637723 0.55      ] | DriftLimit: 0.0420 | FloorLimit: 0.4708 ---
2026-04-24 09:27:14,538 - [ENV] - TERMINATED (Ascend): Tube Drift = 0.0436m (Max 0.0420m) at step 6
2026-04-24 09:27:14,538 - [ENV] - Episode ended without success at step 6. Final dist: 0.0675m
2026-04-24 09:27:14,539 - [ENV] - --- EPISODE START | Scenario: TRANSIT | Start: [0.74386075 0.08953761 0.55      ] | Goal: [0.74011868 0.24824547 0.55      ] | DriftLimit: 0.0420 | FloorLimit: 0.4708 ---
2026-04-24 09:27:19,002 - [ENV] - --- EPISODE START | Scenario: TRANSIT | Start: [0.94967175 0.11767271 0.55      ] | Goal: [1.09698289 0.53565836 0.55      ] | DriftLimit: 0.0418 | FloorLimit: 0.4708 ---
2026-04-24 09:27:23,644 - [ENV] - --- EPISODE START | Scenario: TRANSIT | Start: [0.9435611  0.52871641 0.55      ] | Goal: [0.83484784 0.10688354 0.55      ] | DriftLimit: 0.0417 | FloorLimit: 0.4709 ---
2026-04-24 09:27:28,245 - [ENV] - --- EPISODE START | Scenario: ASCEND | Start: [0.93769392 0.38710725 0.415     ] | Goal: [0.93769392 0.38710725 0.55      ] | DriftLimit: 0.0416 | FloorLimit: 0.4710 ---
2026-04-24 09:27:28,613 - [ENV] - TERMINATED (Ascend): Tube Drift = 0.0430m (Max 0.0416m) at step 7
2026-04-24 09:27:28,614 - [ENV] - Episode ended without success at step 7. Final dist: 0.0655m
2026-04-24 09:27:28,614 - [ENV] - --- EPISODE START | Scenario: ASCEND | Start: [0.8809252  0.53899942 0.415     ] | Goal: [0.8809252  0.53899942 0.55      ] | DriftLimit: 0.0416 | FloorLimit: 0.4710 ---
2026-04-24 09:27:28,883 - [ENV] - TERMINATED (Ascend): Tube Drift = 0.0431m (Max 0.0416m) at step 8
2026-04-24 09:27:28,884 - [ENV] - Episode ended without success at step 8. Final dist: 0.0451m
2026-04-24 09:27:28,884 - [ENV] - --- EPISODE START | Scenario: TRANSIT | Start: [0.68729279 0.04744803 0.55      ] | Goal: [0.88586515 0.0438441  0.55      ] | DriftLimit: 0.0416 | FloorLimit: 0.4710 ---
2026-04-24 09:28:06,776 - [ENV] - --- EPISODE START | Scenario: ASCEND | Start: [0.77614253 0.44420523 0.415     ] | Goal: [0.77614253 0.44420523 0.55      ] | DriftLimit: 0.0414 | FloorLimit: 0.4710 ---
2026-04-24 09:28:06,995 - [ENV] - TERMINATED (Ascend): Tube Drift = 0.0437m (Max 0.0414m) at step 3
2026-04-24 09:28:06,995 - [ENV] - Episode ended without success at step 3. Final dist: 0.1074m
2026-04-24 09:28:06,996 - [ENV] - --- EPISODE START | Scenario: ASCEND | Start: [0.75611919 0.53332045 0.415     ] | Goal: [0.75611919 0.53332045 0.55      ] | DriftLimit: 0.0414 | FloorLimit: 0.4710 ---
2026-04-24 09:28:07,309 - [ENV] - TERMINATED (Ascend): Tube Drift = 0.0418m (Max 0.0414m) at step 11
2026-04-24 09:28:07,310 - [ENV] - Episode ended without success at step 11. Final dist: 0.0428m
2026-04-24 09:28:07,310 - [ENV] - --- EPISODE START | Scenario: TRANSIT | Start: [0.73564904 0.38245406 0.55      ] | Goal: [0.88402583 0.3548968  0.55      ] | DriftLimit: 0.0414 | FloorLimit: 0.4710 ---
2026-04-24 09:28:11,921 - [ENV] - --- EPISODE START | Scenario: DESCEND | Start: [1.15233045 0.01555655 0.55      ] | Goal: [1.15233045 0.01555655 0.41      ] | DriftLimit: 0.0413 | FloorLimit: 0.4711 ---
2026-04-24 09:28:16,256 - [ENV] - --- EPISODE START | Scenario: DESCEND | Start: [1.05235241 0.40325613 0.55      ] | Goal: [1.05235241 0.40325613 0.415     ] | DriftLimit: 0.0412 | FloorLimit: 0.4712 ---
2026-04-24 09:28:20,751 - [ENV] - --- EPISODE START | Scenario: DESCEND | Start: [0.89800372 0.32026449 0.55      ] | Goal: [0.89800372 0.32026449 0.41      ] | DriftLimit: 0.0410 | FloorLimit: 0.4713 ---
2026-04-24 09:28:25,289 - [ENV] - --- EPISODE START | Scenario: TRANSIT | Start: [1.12998511 0.0075156  0.55      ] | Goal: [0.90978744 0.45213019 0.55      ] | DriftLimit: 0.0409 | FloorLimit: 0.4713 ---
2026-04-24 09:28:29,813 - [ENV] - --- EPISODE START | Scenario: ASCEND | Start: [0.70444283 0.15838811 0.415     ] | Goal: [0.70444283 0.15838811 0.55      ] | DriftLimit: 0.0408 | FloorLimit: 0.4714 ---
2026-04-24 09:28:32,368 - [ENV] - TERMINATED (Ascend): Tube Drift = 0.0425m (Max 0.0407m) at step 87
2026-04-24 09:28:32,368 - [ENV] - Episode ended without success at step 87. Final dist: 0.1289m
2026-04-24 09:28:32,369 - [ENV] - --- EPISODE START | Scenario: DESCEND | Start: [0.98784494 0.3338167  0.55      ] | Goal: [0.98784494 0.3338167  0.41      ] | DriftLimit: 0.0407 | FloorLimit: 0.4714 ---
2026-04-24 09:28:36,745 - [ENV] - --- EPISODE START | Scenario: ASCEND | Start: [0.61021056 0.13156734 0.415     ] | Goal: [0.61021056 0.13156734 0.55      ] | DriftLimit: 0.0406 | FloorLimit: 0.4715 ---
2026-04-24 09:28:41,202 - [ENV] - --- EPISODE START | Scenario: ASCEND | Start: [0.95257324 0.15529626 0.415     ] | Goal: [0.95257324 0.15529626 0.55      ] | DriftLimit: 0.0405 | FloorLimit: 0.4716 ---
2026-04-24 09:28:41,551 - [ENV] - TERMINATED (Ascend): Tube Drift = 0.0426m (Max 0.0405m) at step 4
2026-04-24 09:28:41,551 - [ENV] - Episode ended without success at step 4. Final dist: 0.1287m
2026-04-24 09:28:41,554 - [ENV] - --- EPISODE START | Scenario: TRANSIT | Start: [0.60530287 0.04143536 0.55      ] | Goal: [1.1529317  0.44452109 0.55      ] | DriftLimit: 0.0405 | FloorLimit: 0.4716 ---
2026-04-24 09:28:45,828 - [ENV] - --- EPISODE START | Scenario: ASCEND | Start: [0.6201853  0.21879165 0.415     ] | Goal: [0.6201853  0.21879165 0.55      ] | DriftLimit: 0.0403 | FloorLimit: 0.4716 ---
2026-04-24 09:28:46,277 - [ENV] - TERMINATED (Ascend): Tube Drift = 0.0463m (Max 0.0403m) at step 5
2026-04-24 09:28:46,278 - [ENV] - Episode ended without success at step 5. Final dist: 0.1363m
2026-04-24 09:28:46,278 - [ENV] - --- EPISODE START | Scenario: TRANSIT | Start: [0.81720322 0.14555516 0.55      ] | Goal: [0.95637637 0.16160143 0.55      ] | DriftLimit: 0.0403 | FloorLimit: 0.4716 ---
2026-04-24 09:28:50,634 - [ENV] - --- EPISODE START | Scenario: ASCEND | Start: [1.0377723  0.27119367 0.415     ] | Goal: [1.0377723  0.27119367 0.55      ] | DriftLimit: 0.0402 | FloorLimit: 0.4717 ---
2026-04-24 09:28:50,834 - [ENV] - TERMINATED (Ascend): Tube Drift = 0.0403m (Max 0.0402m) at step 3
2026-04-24 09:28:50,834 - [ENV] - Episode ended without success at step 3. Final dist: 0.1257m
2026-04-24 09:28:50,834 - [ENV] - --- EPISODE START | Scenario: DESCEND | Start: [0.68046396 0.48831763 0.55      ] | Goal: [0.68046396 0.48831763 0.415     ] | DriftLimit: 0.0402 | FloorLimit: 0.4717 ---
2026-04-24 09:28:55,261 - [ENV] - --- EPISODE START | Scenario: ASCEND | Start: [0.73460163 0.41123284 0.415     ] | Goal: [0.73460163 0.41123284 0.55      ] | DriftLimit: 0.0401 | FloorLimit: 0.4718 ---
2026-04-24 09:28:59,938 - [ENV] - --- EPISODE START | Scenario: TRANSIT | Start: [1.05317748 0.27804757 0.55      ] | Goal: [1.15606313 0.2320972  0.55      ] | DriftLimit: 0.0399 | FloorLimit: 0.4719 ---
2026-04-24 09:29:00,200 - [ENV] - SUCCESS: Goal reached in 6 steps. Dist = 0.0107m
2026-04-24 09:29:00,201 - [ENV] - --- EPISODE START | Scenario: TRANSIT | Start: [1.07220511 0.08487544 0.55      ] | Goal: [0.92229981 0.45733734 0.55      ] | DriftLimit: 0.0399 | FloorLimit: 0.4719 ---
2026-04-24 09:29:04,671 - [ENV] - --- EPISODE START | Scenario: ASCEND | Start: [0.66421703 0.11584079 0.415     ] | Goal: [0.66421703 0.11584079 0.55      ] | DriftLimit: 0.0398 | FloorLimit: 0.4719 ---
2026-04-24 09:29:04,928 - [ENV] - TERMINATED (Ascend): Tube Drift = 0.0412m (Max 0.0398m) at step 7
2026-04-24 09:29:04,928 - [ENV] - Episode ended without success at step 7. Final dist: 0.1374m
2026-04-24 09:29:04,930 - [ENV] - --- EPISODE START | Scenario: TRANSIT | Start: [0.85101367 0.21218287 0.55      ] | Goal: [0.83132891 0.05694954 0.55      ] | DriftLimit: 0.0398 | FloorLimit: 0.4719 ---
2026-04-24 09:29:09,548 - [ENV] - --- EPISODE START | Scenario: DESCEND | Start: [1.07569041 0.52533145 0.55      ] | Goal: [1.07569041 0.52533145 0.41      ] | DriftLimit: 0.0397 | FloorLimit: 0.4720 ---
2026-04-24 09:29:45,178 - [ENV] - --- EPISODE START | Scenario: DESCEND | Start: [0.87602328 0.343761   0.55      ] | Goal: [0.87602328 0.343761   0.41      ] | DriftLimit: 0.0395 | FloorLimit: 0.4721 ---
2026-04-24 09:29:49,408 - [ENV] - --- EPISODE START | Scenario: DESCEND | Start: [1.12996257 0.29787437 0.55      ] | Goal: [1.12996257 0.29787437 0.415     ] | DriftLimit: 0.0394 | FloorLimit: 0.4721 ---
2026-04-24 09:29:49,595 - [ENV] - SUCCESS: Goal reached in 4 steps. Dist = 0.0080m
2026-04-24 09:29:49,596 - [ENV] - --- EPISODE START | Scenario: DESCEND | Start: [0.97783338 0.33511734 0.55      ] | Goal: [0.97783338 0.33511734 0.41      ] | DriftLimit: 0.0394 | FloorLimit: 0.4721 ---
2026-04-24 09:29:52,134 - [ENV] - TERMINATED (Descend): Tube Drift = 0.0393m (Max 0.0393m) at step 96
2026-04-24 09:29:52,134 - [ENV] - Episode ended without success at step 96. Final dist: 0.0400m
2026-04-24 09:29:52,135 - [ENV] - --- EPISODE START | Scenario: DESCEND | Start: [1.05557078 0.2268663  0.55      ] | Goal: [1.05557078 0.2268663  0.41      ] | DriftLimit: 0.0393 | FloorLimit: 0.4722 ---
2026-04-24 09:29:56,955 - [ENV] - --- EPISODE START | Scenario: ASCEND | Start: [1.01934863 0.23140716 0.415     ] | Goal: [1.01934863 0.23140716 0.55      ] | DriftLimit: 0.0392 | FloorLimit: 0.4722 ---
2026-04-24 09:29:57,184 - [ENV] - TERMINATED (Ascend): Tube Drift = 0.0582m (Max 0.0392m) at step 4
2026-04-24 09:29:57,185 - [ENV] - Episode ended without success at step 4. Final dist: 0.0940m
2026-04-24 09:29:57,185 - [ENV] - --- EPISODE START | Scenario: TRANSIT | Start: [0.60275998 0.08949419 0.55      ] | Goal: [0.67383662 0.36492961 0.55      ] | DriftLimit: 0.0392 | FloorLimit: 0.4723 ---
2026-04-24 09:30:01,725 - [ENV] - --- EPISODE START | Scenario: DESCEND | Start: [0.61453555 0.34767563 0.55      ] | Goal: [0.61453555 0.34767563 0.415     ] | DriftLimit: 0.0391 | FloorLimit: 0.4723 ---
2026-04-24 09:30:02,002 - [ENV] - TERMINATED (Descend): Tube Drift = 0.0399m (Max 0.0391m) at step 7
2026-04-24 09:30:02,003 - [ENV] - Episode ended without success at step 7. Final dist: 0.0431m
2026-04-24 09:30:02,003 - [ENV] - --- EPISODE START | Scenario: TRANSIT | Start: [0.68711018 0.32201801 0.55      ] | Goal: [0.99763947 0.43170516 0.55      ] | DriftLimit: 0.0391 | FloorLimit: 0.4723 ---
2026-04-24 09:30:06,675 - [ENV] - --- EPISODE START | Scenario: TRANSIT | Start: [0.87359548 0.07834585 0.55      ] | Goal: [0.64581077 0.45930984 0.55      ] | DriftLimit: 0.0389 | FloorLimit: 0.4724 ---
2026-04-24 09:30:11,531 - [ENV] - --- EPISODE START | Scenario: DESCEND | Start: [0.8726745  0.30801266 0.55      ] | Goal: [0.8726745  0.30801266 0.41      ] | DriftLimit: 0.0388 | FloorLimit: 0.4725 ---
2026-04-24 09:30:16,099 - [ENV] - --- EPISODE START | Scenario: TRANSIT | Start: [0.78188754 0.00714476 0.55      ] | Goal: [0.67348073 0.05804928 0.55      ] | DriftLimit: 0.0387 | FloorLimit: 0.4725 ---
2026-04-24 09:30:16,331 - [ENV] - SUCCESS: Goal reached in 9 steps. Dist = 0.0133m
2026-04-24 09:30:16,331 - [ENV] - --- EPISODE START | Scenario: DESCEND | Start: [0.78105967 0.51722427 0.55      ] | Goal: [0.78105967 0.51722427 0.41      ] | DriftLimit: 0.0387 | FloorLimit: 0.4725 ---
2026-04-24 09:30:19,532 - [ENV] - TERMINATED (Descend): Tube Drift = 0.0386m (Max 0.0386m) at step 130
2026-04-24 09:30:19,532 - [ENV] - Episode ended without success at step 130. Final dist: 0.0387m
2026-04-24 09:30:19,533 - [ENV] - --- EPISODE START | Scenario: TRANSIT | Start: [ 1.15910852 -0.00473603  0.55      ] | Goal: [0.66671943 0.09867731 0.55      ] | DriftLimit: 0.0386 | FloorLimit: 0.4726 ---
2026-04-24 09:30:23,958 - [ENV] - --- EPISODE START | Scenario: ASCEND | Start: [0.79812622 0.44305998 0.415     ] | Goal: [0.79812622 0.44305998 0.55      ] | DriftLimit: 0.0385 | FloorLimit: 0.4727 ---
2026-04-24 09:30:24,132 - [ENV] - TERMINATED (Ascend): Tube Drift = 0.0385m (Max 0.0385m) at step 3
2026-04-24 09:30:24,132 - [ENV] - Episode ended without success at step 3. Final dist: 0.0884m
2026-04-24 09:30:24,132 - [ENV] - --- EPISODE START | Scenario: ASCEND | Start: [1.14274899 0.06514894 0.415     ] | Goal: [1.14274899 0.06514894 0.55      ] | DriftLimit: 0.0385 | FloorLimit: 0.4727 ---
2026-04-24 09:30:24,311 - [ENV] - TERMINATED (Ascend): Tube Drift = 0.0412m (Max 0.0385m) at step 3
2026-04-24 09:30:24,311 - [ENV] - Episode ended without success at step 3. Final dist: 0.1329m
2026-04-24 09:30:24,311 - [ENV] - --- EPISODE START | Scenario: TRANSIT | Start: [0.9330022  0.03555586 0.55      ] | Goal: [0.80775935 0.25769064 0.55      ] | DriftLimit: 0.0385 | FloorLimit: 0.4727 ---
2026-04-24 09:30:29,362 - [ENV] - --- EPISODE START | Scenario: TRANSIT | Start: [1.01121942 0.18410936 0.55      ] | Goal: [1.10237633 0.12915165 0.55      ] | DriftLimit: 0.0383 | FloorLimit: 0.4727 ---
2026-04-24 09:30:33,800 - [ENV] - --- EPISODE START | Scenario: DESCEND | Start: [0.77841242 0.4423573  0.55      ] | Goal: [0.77841242 0.4423573  0.41      ] | DriftLimit: 0.0382 | FloorLimit: 0.4728 ---
2026-04-24 09:30:38,273 - [ENV] - --- EPISODE START | Scenario: TRANSIT | Start: [0.61905609 0.08286118 0.55      ] | Goal: [1.11721098 0.45459475 0.55      ] | DriftLimit: 0.0381 | FloorLimit: 0.4729 ---
2026-04-24 09:30:38,794 - [ENV] - SUCCESS: Goal reached in 20 steps. Dist = 0.0209m
2026-04-24 09:30:38,794 - [ENV] - --- EPISODE START | Scenario: DESCEND | Start: [0.99457128 0.16568901 0.55      ] | Goal: [0.99457128 0.16568901 0.415     ] | DriftLimit: 0.0381 | FloorLimit: 0.4729 ---
2026-04-24 09:30:39,047 - [ENV] - SUCCESS: Goal reached in 6 steps. Dist = 0.0098m
2026-04-24 09:30:39,047 - [ENV] - --- EPISODE START | Scenario: ASCEND | Start: [0.8853632  0.13274753 0.415     ] | Goal: [0.8853632  0.13274753 0.55      ] | DriftLimit: 0.0380 | FloorLimit: 0.4729 ---
2026-04-24 09:30:39,242 - [ENV] - TERMINATED (Ascend): Tube Drift = 0.0491m (Max 0.0380m) at step 4
2026-04-24 09:30:39,242 - [ENV] - Episode ended without success at step 4. Final dist: 0.1351m
2026-04-24 09:30:39,243 - [ENV] - --- EPISODE START | Scenario: ASCEND | Start: [0.72377434 0.25085782 0.415     ] | Goal: [0.72377434 0.25085782 0.55      ] | DriftLimit: 0.0380 | FloorLimit: 0.4729 ---
2026-04-24 09:30:39,607 - [ENV] - TERMINATED (Ascend): Tube Drift = 0.0415m (Max 0.0380m) at step 6
2026-04-24 09:30:39,607 - [ENV] - Episode ended without success at step 6. Final dist: 0.1333m
2026-04-24 09:30:39,607 - [ENV] - --- EPISODE START | Scenario: ASCEND | Start: [1.06291814 0.09158259 0.415     ] | Goal: [1.06291814 0.09158259 0.55      ] | DriftLimit: 0.0380 | FloorLimit: 0.4729 ---
2026-04-24 09:30:39,788 - [ENV] - TERMINATED (Ascend): Tube Drift = 0.0436m (Max 0.0380m) at step 4
2026-04-24 09:30:39,788 - [ENV] - Episode ended without success at step 4. Final dist: 0.1345m
2026-04-24 09:30:39,788 - [ENV] - --- EPISODE START | Scenario: TRANSIT | Start: [0.78450348 0.34681448 0.55      ] | Goal: [0.8068099 0.211759  0.55     ] | DriftLimit: 0.0380 | FloorLimit: 0.4729 ---
2026-04-24 09:30:44,372 - [ENV] - --- EPISODE START | Scenario: ASCEND | Start: [1.02747024 0.07140971 0.415     ] | Goal: [1.02747024 0.07140971 0.55      ] | DriftLimit: 0.0379 | FloorLimit: 0.4730 ---
2026-04-24 09:30:44,544 - [ENV] - TERMINATED (Ascend): Tube Drift = 0.0417m (Max 0.0379m) at step 3
2026-04-24 09:30:44,544 - [ENV] - Episode ended without success at step 3. Final dist: 0.1330m
2026-04-24 09:30:44,545 - [ENV] - --- EPISODE START | Scenario: DESCEND | Start: [1.03874175 0.51633486 0.55      ] | Goal: [1.03874175 0.51633486 0.415     ] | DriftLimit: 0.0379 | FloorLimit: 0.4730 ---
2026-04-24 09:30:45,439 - [ENV] - SUCCESS: Goal reached in 15 steps. Dist = 0.0099m
2026-04-24 09:30:45,440 - [ENV] - --- EPISODE START | Scenario: DESCEND | Start: [0.75262567 0.00108502 0.55      ] | Goal: [0.75262567 0.00108502 0.41      ] | DriftLimit: 0.0379 | FloorLimit: 0.4730 ---
2026-04-24 09:31:21,992 - [ENV] - --- EPISODE START | Scenario: TRANSIT | Start: [0.61398605 0.17596474 0.55      ] | Goal: [1.00969663 0.40263536 0.55      ] | DriftLimit: 0.0378 | FloorLimit: 0.4730 ---
2026-04-24 09:31:25,923 - [ENV] - --- EPISODE START | Scenario: ASCEND | Start: [0.74601113 0.04291042 0.415     ] | Goal: [0.74601113 0.04291042 0.55      ] | DriftLimit: 0.0376 | FloorLimit: 0.4731 ---
2026-04-24 09:31:30,695 - [ENV] - --- EPISODE START | Scenario: DESCEND | Start: [0.63292152 0.44852752 0.55      ] | Goal: [0.63292152 0.44852752 0.415     ] | DriftLimit: 0.0375 | FloorLimit: 0.4732 ---
2026-04-24 09:31:35,690 - [ENV] - --- EPISODE START | Scenario: ASCEND | Start: [1.03692053 0.50998729 0.415     ] | Goal: [1.03692053 0.50998729 0.55      ] | DriftLimit: 0.0374 | FloorLimit: 0.4732 ---
2026-04-24 09:31:35,911 - [ENV] - TERMINATED (Ascend): Tube Drift = 0.0520m (Max 0.0374m) at step 5
2026-04-24 09:31:35,911 - [ENV] - Episode ended without success at step 5. Final dist: 0.0641m
2026-04-24 09:31:35,912 - [ENV] - --- EPISODE START | Scenario: ASCEND | Start: [1.00082352 0.40340144 0.415     ] | Goal: [1.00082352 0.40340144 0.55      ] | DriftLimit: 0.0374 | FloorLimit: 0.4732 ---
2026-04-24 09:31:36,094 - [ENV] - TERMINATED (Ascend): Tube Drift = 0.0428m (Max 0.0374m) at step 3
2026-04-24 09:31:36,094 - [ENV] - Episode ended without success at step 3. Final dist: 0.0839m
2026-04-24 09:31:36,095 - [ENV] - --- EPISODE START | Scenario: DESCEND | Start: [0.76712339 0.29506708 0.55      ] | Goal: [0.76712339 0.29506708 0.415     ] | DriftLimit: 0.0374 | FloorLimit: 0.4732 ---
2026-04-24 09:31:40,990 - [ENV] - --- EPISODE START | Scenario: DESCEND | Start: [ 1.15064114 -0.00287449  0.55      ] | Goal: [ 1.15064114 -0.00287449  0.41      ] | DriftLimit: 0.0373 | FloorLimit: 0.4733 ---
2026-04-24 09:31:45,894 - [ENV] - --- EPISODE START | Scenario: TRANSIT | Start: [0.90266362 0.26956485 0.55      ] | Goal: [1.06191886 0.3231972  0.55      ] | DriftLimit: 0.0371 | FloorLimit: 0.4734 ---
2026-04-24 09:31:50,568 - [ENV] - --- EPISODE START | Scenario: ASCEND | Start: [0.87358838 0.19176122 0.415     ] | Goal: [0.87358838 0.19176122 0.55      ] | DriftLimit: 0.0370 | FloorLimit: 0.4735 ---
2026-04-24 09:31:50,775 - [ENV] - TERMINATED (Ascend): Tube Drift = 0.0387m (Max 0.0370m) at step 3
2026-04-24 09:31:50,775 - [ENV] - Episode ended without success at step 3. Final dist: 0.1246m
2026-04-24 09:31:50,776 - [ENV] - --- EPISODE START | Scenario: TRANSIT | Start: [0.61264984 0.10929467 0.55      ] | Goal: [0.62451085 0.40505798 0.55      ] | DriftLimit: 0.0370 | FloorLimit: 0.4735 ---
2026-04-24 09:31:55,250 - [ENV] - --- EPISODE START | Scenario: ASCEND | Start: [1.01920237 0.53836653 0.415     ] | Goal: [1.01920237 0.53836653 0.55      ] | DriftLimit: 0.0369 | FloorLimit: 0.4735 ---
2026-04-24 09:31:59,919 - [ENV] - --- EPISODE START | Scenario: DESCEND | Start: [1.03512627 0.50970539 0.55      ] | Goal: [1.03512627 0.50970539 0.41      ] | DriftLimit: 0.0367 | FloorLimit: 0.4736 ---
2026-04-24 09:32:00,714 - [ENV] - SUCCESS: Goal reached in 30 steps. Dist = 0.0100m
2026-04-24 09:32:00,715 - [ENV] - --- EPISODE START | Scenario: ASCEND | Start: [1.15112386 0.12256791 0.415     ] | Goal: [1.15112386 0.12256791 0.55      ] | DriftLimit: 0.0367 | FloorLimit: 0.4736 ---
2026-04-24 09:32:00,880 - [ENV] - TERMINATED (Ascend): Tube Drift = 0.0413m (Max 0.0367m) at step 3
2026-04-24 09:32:00,880 - [ENV] - Episode ended without success at step 3. Final dist: 0.1224m
2026-04-24 09:32:00,881 - [ENV] - --- EPISODE START | Scenario: TRANSIT | Start: [0.80839584 0.08292653 0.55      ] | Goal: [0.84902071 0.47586388 0.55      ] | DriftLimit: 0.0367 | FloorLimit: 0.4736 ---
2026-04-24 09:32:05,338 - [ENV] - --- EPISODE START | Scenario: TRANSIT | Start: [0.80994849 0.36883537 0.55      ] | Goal: [0.63700949 0.5174467  0.55      ] | DriftLimit: 0.0366 | FloorLimit: 0.4737 ---
2026-04-24 09:32:09,743 - [ENV] - --- EPISODE START | Scenario: TRANSIT | Start: [0.79501972 0.48494188 0.55      ] | Goal: [0.64293377 0.14293237 0.55      ] | DriftLimit: 0.0365 | FloorLimit: 0.4738 ---
2026-04-24 09:32:14,218 - [ENV] - --- EPISODE START | Scenario: DESCEND | Start: [0.68700906 0.30587689 0.55      ] | Goal: [0.68700906 0.30587689 0.41      ] | DriftLimit: 0.0363 | FloorLimit: 0.4738 ---
2026-04-24 09:32:18,820 - [ENV] - --- EPISODE START | Scenario: ASCEND | Start: [1.12738913 0.299735   0.415     ] | Goal: [1.12738913 0.299735   0.55      ] | DriftLimit: 0.0362 | FloorLimit: 0.4739 ---
2026-04-24 09:32:19,090 - [ENV] - TERMINATED (Ascend): Tube Drift = 0.0384m (Max 0.0362m) at step 4
2026-04-24 09:32:19,090 - [ENV] - Episode ended without success at step 4. Final dist: 0.1273m
2026-04-24 09:32:19,091 - [ENV] - --- EPISODE START | Scenario: TRANSIT | Start: [0.7445507  0.17775413 0.55      ] | Goal: [0.96304209 0.15086171 0.55      ] | DriftLimit: 0.0362 | FloorLimit: 0.4739 ---
2026-04-24 09:32:23,688 - [ENV] - --- EPISODE START | Scenario: DESCEND | Start: [1.08039732 0.3097103  0.55      ] | Goal: [1.08039732 0.3097103  0.415     ] | DriftLimit: 0.0361 | FloorLimit: 0.4740 ---
2026-04-24 09:33:02,821 - [ENV] - --- EPISODE START | Scenario: TRANSIT | Start: [1.02644792 0.11143296 0.55      ] | Goal: [0.89614855 0.43016847 0.55      ] | DriftLimit: 0.0359 | FloorLimit: 0.4740 ---
2026-04-24 09:33:06,885 - [ENV] - --- EPISODE START | Scenario: TRANSIT | Start: [0.76442411 0.14253103 0.55      ] | Goal: [0.68779013 0.34877059 0.55      ] | DriftLimit: 0.0358 | FloorLimit: 0.4741 ---
2026-04-24 09:33:11,145 - [ENV] - --- EPISODE START | Scenario: TRANSIT | Start: [0.64113963 0.31538011 0.55      ] | Goal: [0.9097549  0.10978139 0.55      ] | DriftLimit: 0.0357 | FloorLimit: 0.4742 ---
2026-04-24 09:33:15,994 - [ENV] - --- EPISODE START | Scenario: ASCEND | Start: [0.96583279 0.10325724 0.415     ] | Goal: [0.96583279 0.10325724 0.55      ] | DriftLimit: 0.0356 | FloorLimit: 0.4742 ---
2026-04-24 09:33:16,140 - [ENV] - TERMINATED (Ascend): Tube Drift = 0.0428m (Max 0.0356m) at step 3
2026-04-24 09:33:16,140 - [ENV] - Episode ended without success at step 3. Final dist: 0.1178m
2026-04-24 09:33:16,141 - [ENV] - --- EPISODE START | Scenario: DESCEND | Start: [0.98450695 0.41434345 0.55      ] | Goal: [0.98450695 0.41434345 0.41      ] | DriftLimit: 0.0356 | FloorLimit: 0.4742 ---
2026-04-24 09:33:20,865 - [ENV] - --- EPISODE START | Scenario: TRANSIT | Start: [0.90040627 0.08063767 0.55      ] | Goal: [0.69765376 0.0344202  0.55      ] | DriftLimit: 0.0354 | FloorLimit: 0.4743 ---
2026-04-24 09:33:21,175 - [ENV] - SUCCESS: Goal reached in 10 steps. Dist = 0.0145m
2026-04-24 09:33:21,176 - [ENV] - --- EPISODE START | Scenario: TRANSIT | Start: [0.64934308 0.03601528 0.55      ] | Goal: [1.07612307 0.31454103 0.55      ] | DriftLimit: 0.0354 | FloorLimit: 0.4743 ---
2026-04-24 09:33:25,695 - [ENV] - --- EPISODE START | Scenario: DESCEND | Start: [1.03923827 0.25348823 0.55      ] | Goal: [1.03923827 0.25348823 0.415     ] | DriftLimit: 0.0353 | FloorLimit: 0.4744 ---
2026-04-24 09:33:30,331 - [ENV] - --- EPISODE START | Scenario: DESCEND | Start: [0.65831464 0.13557235 0.55      ] | Goal: [0.65831464 0.13557235 0.41      ] | DriftLimit: 0.0352 | FloorLimit: 0.4745 ---
2026-04-24 09:33:34,841 - [ENV] - --- EPISODE START | Scenario: DESCEND | Start: [0.89140467 0.53030641 0.55      ] | Goal: [0.89140467 0.53030641 0.41      ] | DriftLimit: 0.0350 | FloorLimit: 0.4745 ---
2026-04-24 09:33:36,324 - [ENV] - TERMINATED (Descend): Tube Drift = 0.0352m (Max 0.0350m) at step 57
2026-04-24 09:33:36,324 - [ENV] - Episode ended without success at step 57. Final dist: 0.0352m
2026-04-24 09:33:36,325 - [ENV] - --- EPISODE START | Scenario: ASCEND | Start: [0.92277313 0.47105953 0.415     ] | Goal: [0.92277313 0.47105953 0.55      ] | DriftLimit: 0.0350 | FloorLimit: 0.4746 ---
2026-04-24 09:33:41,015 - [ENV] - --- EPISODE START | Scenario: TRANSIT | Start: [1.11843424 0.26606939 0.55      ] | Goal: [0.84300485 0.04330831 0.55      ] | DriftLimit: 0.0349 | FloorLimit: 0.4746 ---
2026-04-24 09:33:45,459 - [ENV] - --- EPISODE START | Scenario: ASCEND | Start: [1.04738662 0.3166058  0.415     ] | Goal: [1.04738662 0.3166058  0.55      ] | DriftLimit: 0.0347 | FloorLimit: 0.4747 ---
2026-04-24 09:33:45,653 - [ENV] - TERMINATED (Ascend): Tube Drift = 0.0404m (Max 0.0347m) at step 3
2026-04-24 09:33:45,653 - [ENV] - Episode ended without success at step 3. Final dist: 0.0911m
2026-04-24 09:33:45,654 - [ENV] - --- EPISODE START | Scenario: ASCEND | Start: [0.74082087 0.54056469 0.415     ] | Goal: [0.74082087 0.54056469 0.55      ] | DriftLimit: 0.0347 | FloorLimit: 0.4747 ---
2026-04-24 09:33:45,874 - [ENV] - TERMINATED (Ascend): Tube Drift = 0.0510m (Max 0.0347m) at step 5
2026-04-24 09:33:45,874 - [ENV] - Episode ended without success at step 5. Final dist: 0.0757m
2026-04-24 09:33:45,875 - [ENV] - --- EPISODE START | Scenario: DESCEND | Start: [0.62725316 0.25856208 0.55      ] | Goal: [0.62725316 0.25856208 0.415     ] | DriftLimit: 0.0347 | FloorLimit: 0.4747 ---
2026-04-24 09:33:46,139 - [ENV] - TERMINATED (Descend): Tube Drift = 0.0359m (Max 0.0347m) at step 8
2026-04-24 09:33:46,139 - [ENV] - Episode ended without success at step 8. Final dist: 0.0370m
2026-04-24 09:33:46,139 - [ENV] - --- EPISODE START | Scenario: DESCEND | Start: [0.63585531 0.00343431 0.55      ] | Goal: [0.63585531 0.00343431 0.41      ] | DriftLimit: 0.0347 | FloorLimit: 0.4747 ---
2026-04-24 09:33:50,776 - [ENV] - --- EPISODE START | Scenario: ASCEND | Start: [0.60384953 0.16436486 0.415     ] | Goal: [0.60384953 0.16436486 0.55      ] | DriftLimit: 0.0346 | FloorLimit: 0.4748 ---
2026-04-24 09:33:51,000 - [ENV] - TERMINATED (Ascend): Tube Drift = 0.0376m (Max 0.0346m) at step 5
2026-04-24 09:33:51,001 - [ENV] - Episode ended without success at step 5. Final dist: 0.1213m
2026-04-24 09:33:51,001 - [ENV] - --- EPISODE START | Scenario: DESCEND | Start: [0.68733848 0.1525315  0.55      ] | Goal: [0.68733848 0.1525315  0.41      ] | DriftLimit: 0.0346 | FloorLimit: 0.4748 ---
2026-04-24 09:33:51,163 - [ENV] - TERMINATED (Descend): Tube Drift = 0.0353m (Max 0.0346m) at step 6
2026-04-24 09:33:51,163 - [ENV] - Episode ended without success at step 6. Final dist: 0.0369m
2026-04-24 09:33:51,164 - [ENV] - --- EPISODE START | Scenario: DESCEND | Start: [0.72879751 0.19053331 0.55      ] | Goal: [0.72879751 0.19053331 0.41      ] | DriftLimit: 0.0346 | FloorLimit: 0.4748 ---
2026-04-24 09:33:51,316 - [ENV] - TERMINATED (Descend): Tube Drift = 0.0356m (Max 0.0346m) at step 3
2026-04-24 09:33:51,316 - [ENV] - Episode ended without success at step 3. Final dist: 0.0365m
2026-04-24 09:33:51,317 - [ENV] - --- EPISODE START | Scenario: TRANSIT | Start: [1.08211443 0.31700714 0.55      ] | Goal: [0.81969695 0.5268774  0.55      ] | DriftLimit: 0.0346 | FloorLimit: 0.4748 ---
2026-04-24 09:33:56,284 - [ENV] - --- EPISODE START | Scenario: DESCEND | Start: [0.73154521 0.14577405 0.55      ] | Goal: [0.73154521 0.14577405 0.415     ] | DriftLimit: 0.0345 | FloorLimit: 0.4748 ---
2026-04-24 09:33:57,609 - [ENV] - SUCCESS: Goal reached in 55 steps. Dist = 0.0099m
2026-04-24 09:33:57,609 - [ENV] - --- EPISODE START | Scenario: DESCEND | Start: [0.64978488 0.37427917 0.55      ] | Goal: [0.64978488 0.37427917 0.415     ] | DriftLimit: 0.0344 | FloorLimit: 0.4749 ---
2026-04-24 09:34:02,701 - [ENV] - --- EPISODE START | Scenario: ASCEND | Start: [0.75724351 0.49709293 0.415     ] | Goal: [0.75724351 0.49709293 0.55      ] | DriftLimit: 0.0343 | FloorLimit: 0.4749 ---
2026-04-24 09:34:41,956 - [ENV] - --- EPISODE START | Scenario: DESCEND | Start: [0.93471358 0.17883887 0.55      ] | Goal: [0.93471358 0.17883887 0.41      ] | DriftLimit: 0.0342 | FloorLimit: 0.4750 ---
2026-04-24 09:34:45,793 - [ENV] - --- EPISODE START | Scenario: DESCEND | Start: [0.97355052 0.04358836 0.55      ] | Goal: [0.97355052 0.04358836 0.41      ] | DriftLimit: 0.0340 | FloorLimit: 0.4751 ---
2026-04-24 09:34:50,236 - [ENV] - --- EPISODE START | Scenario: DESCEND | Start: [0.7637053  0.38782509 0.55      ] | Goal: [0.7637053  0.38782509 0.415     ] | DriftLimit: 0.0339 | FloorLimit: 0.4751 ---
2026-04-24 09:34:50,424 - [ENV] - TERMINATED (Descend): Tube Drift = 0.0351m (Max 0.0339m) at step 4
2026-04-24 09:34:50,424 - [ENV] - Episode ended without success at step 4. Final dist: 0.0355m
2026-04-24 09:34:50,424 - [ENV] - --- EPISODE START | Scenario: TRANSIT | Start: [ 0.94838017 -0.00154828  0.55      ] | Goal: [0.75246749 0.08240255 0.55      ] | DriftLimit: 0.0339 | FloorLimit: 0.4751 ---
2026-04-24 09:34:55,063 - [ENV] - --- EPISODE START | Scenario: DESCEND | Start: [0.73420034 0.07260725 0.55      ] | Goal: [0.73420034 0.07260725 0.41      ] | DriftLimit: 0.0338 | FloorLimit: 0.4752 ---
2026-04-24 09:34:59,456 - [ENV] - --- EPISODE START | Scenario: TRANSIT | Start: [0.91887271 0.51280294 0.55      ] | Goal: [0.72068639 0.47073624 0.55      ] | DriftLimit: 0.0336 | FloorLimit: 0.4753 ---
2026-04-24 09:35:04,039 - [ENV] - --- EPISODE START | Scenario: ASCEND | Start: [0.98405195 0.25121969 0.415     ] | Goal: [0.98405195 0.25121969 0.55      ] | DriftLimit: 0.0335 | FloorLimit: 0.4754 ---
2026-04-24 09:35:04,222 - [ENV] - TERMINATED (Ascend): Tube Drift = 0.0382m (Max 0.0335m) at step 3
2026-04-24 09:35:04,222 - [ENV] - Episode ended without success at step 3. Final dist: 0.1002m
2026-04-24 09:35:04,223 - [ENV] - --- EPISODE START | Scenario: ASCEND | Start: [1.04199777 0.51122027 0.415     ] | Goal: [1.04199777 0.51122027 0.55      ] | DriftLimit: 0.0335 | FloorLimit: 0.4754 ---
2026-04-24 09:35:04,575 - [ENV] - TERMINATED (Ascend): Tube Drift = 0.0345m (Max 0.0335m) at step 10
2026-04-24 09:35:04,575 - [ENV] - Episode ended without success at step 10. Final dist: 0.0346m
2026-04-24 09:35:04,576 - [ENV] - --- EPISODE START | Scenario: TRANSIT | Start: [0.64010737 0.22788863 0.55      ] | Goal: [0.6421394  0.45831251 0.55      ] | DriftLimit: 0.0335 | FloorLimit: 0.4754 ---
2026-04-24 09:35:09,050 - [ENV] - --- EPISODE START | Scenario: ASCEND | Start: [1.06263604 0.15722412 0.415     ] | Goal: [1.06263604 0.15722412 0.55      ] | DriftLimit: 0.0334 | FloorLimit: 0.4754 ---
2026-04-24 09:35:09,210 - [ENV] - TERMINATED (Ascend): Tube Drift = 0.0417m (Max 0.0334m) at step 3
2026-04-24 09:35:09,211 - [ENV] - Episode ended without success at step 3. Final dist: 0.1331m
2026-04-24 09:35:09,211 - [ENV] - --- EPISODE START | Scenario: TRANSIT | Start: [1.01469117 0.09797173 0.55      ] | Goal: [1.00114827 0.51675941 0.55      ] | DriftLimit: 0.0334 | FloorLimit: 0.4754 ---
2026-04-24 09:35:13,571 - [ENV] - --- EPISODE START | Scenario: DESCEND | Start: [1.0048628  0.13514067 0.55      ] | Goal: [1.0048628  0.13514067 0.41      ] | DriftLimit: 0.0332 | FloorLimit: 0.4755 ---
2026-04-24 09:35:18,402 - [ENV] - --- EPISODE START | Scenario: ASCEND | Start: [0.84815003 0.50917708 0.415     ] | Goal: [0.84815003 0.50917708 0.55      ] | DriftLimit: 0.0331 | FloorLimit: 0.4756 ---
2026-04-24 09:35:18,594 - [ENV] - TERMINATED (Ascend): Tube Drift = 0.0389m (Max 0.0331m) at step 4
2026-04-24 09:35:18,594 - [ENV] - Episode ended without success at step 4. Final dist: 0.0643m
2026-04-24 09:35:18,595 - [ENV] - --- EPISODE START | Scenario: ASCEND | Start: [1.14946127 0.34550681 0.415     ] | Goal: [1.14946127 0.34550681 0.55      ] | DriftLimit: 0.0331 | FloorLimit: 0.4756 ---
2026-04-24 09:35:18,747 - [ENV] - TERMINATED (Ascend): Tube Drift = 0.0397m (Max 0.0331m) at step 3
2026-04-24 09:35:18,747 - [ENV] - Episode ended without success at step 3. Final dist: 0.0954m
2026-04-24 09:35:18,748 - [ENV] - --- EPISODE START | Scenario: ASCEND | Start: [0.77192848 0.49817478 0.415     ] | Goal: [0.77192848 0.49817478 0.55      ] | DriftLimit: 0.0331 | FloorLimit: 0.4756 ---
2026-04-24 09:35:18,974 - [ENV] - TERMINATED (Ascend): Tube Drift = 0.0445m (Max 0.0331m) at step 4
2026-04-24 09:35:18,974 - [ENV] - Episode ended without success at step 4. Final dist: 0.0768m
2026-04-24 09:35:18,975 - [ENV] - --- EPISODE START | Scenario: ASCEND | Start: [0.69994198 0.44420893 0.415     ] | Goal: [0.69994198 0.44420893 0.55      ] | DriftLimit: 0.0331 | FloorLimit: 0.4756 ---
2026-04-24 09:35:19,295 - [ENV] - TERMINATED (Ascend): Tube Drift = 0.0340m (Max 0.0331m) at step 7
2026-04-24 09:35:19,295 - [ENV] - Episode ended without success at step 7. Final dist: 0.1317m
2026-04-24 09:35:19,295 - [ENV] - --- EPISODE START | Scenario: DESCEND | Start: [0.99437002 0.11746684 0.55      ] | Goal: [0.99437002 0.11746684 0.415     ] | DriftLimit: 0.0331 | FloorLimit: 0.4756 ---
2026-04-24 09:35:19,607 - [ENV] - SUCCESS: Goal reached in 10 steps. Dist = 0.0096m
2026-04-24 09:35:19,607 - [ENV] - --- EPISODE START | Scenario: ASCEND | Start: [0.75784667 0.06667998 0.415     ] | Goal: [0.75784667 0.06667998 0.55      ] | DriftLimit: 0.0331 | FloorLimit: 0.4756 ---
2026-04-24 09:35:19,805 - [ENV] - TERMINATED (Ascend): Tube Drift = 0.0337m (Max 0.0331m) at step 5
2026-04-24 09:35:19,806 - [ENV] - Episode ended without success at step 5. Final dist: 0.1264m
2026-04-24 09:35:19,806 - [ENV] - --- EPISODE START | Scenario: DESCEND | Start: [1.03014849 0.43138701 0.55      ] | Goal: [1.03014849 0.43138701 0.41      ] | DriftLimit: 0.0331 | FloorLimit: 0.4756 ---
2026-04-24 09:35:24,205 - [ENV] - --- EPISODE START | Scenario: ASCEND | Start: [0.97410628 0.41122103 0.415     ] | Goal: [0.97410628 0.41122103 0.55      ] | DriftLimit: 0.0330 | FloorLimit: 0.4757 ---
2026-04-24 09:35:24,420 - [ENV] - TERMINATED (Ascend): Tube Drift = 0.0331m (Max 0.0330m) at step 4
2026-04-24 09:35:24,420 - [ENV] - Episode ended without success at step 4. Final dist: 0.1011m
2026-04-24 09:35:24,421 - [ENV] - --- EPISODE START | Scenario: ASCEND | Start: [0.79080419 0.1761296  0.415     ] | Goal: [0.79080419 0.1761296  0.55      ] | DriftLimit: 0.0330 | FloorLimit: 0.4757 ---
2026-04-24 09:35:24,830 - [ENV] - TERMINATED (Ascend): Tube Drift = 0.0383m (Max 0.0330m) at step 9
2026-04-24 09:35:24,830 - [ENV] - Episode ended without success at step 9. Final dist: 0.1276m
2026-04-24 09:35:24,830 - [ENV] - --- EPISODE START | Scenario: ASCEND | Start: [0.74630257 0.52972888 0.415     ] | Goal: [0.74630257 0.52972888 0.55      ] | DriftLimit: 0.0330 | FloorLimit: 0.4757 ---
2026-04-24 09:35:25,458 - [ENV] - TERMINATED (Ascend): Tube Drift = 0.0331m (Max 0.0329m) at step 20
2026-04-24 09:35:25,459 - [ENV] - Episode ended without success at step 20. Final dist: 0.0335m
2026-04-24 09:35:25,460 - [ENV] - --- EPISODE START | Scenario: ASCEND | Start: [1.15930125 0.45069684 0.415     ] | Goal: [1.15930125 0.45069684 0.55      ] | DriftLimit: 0.0329 | FloorLimit: 0.4757 ---
2026-04-24 09:35:25,651 - [ENV] - TERMINATED (Ascend): Tube Drift = 0.0347m (Max 0.0329m) at step 3
2026-04-24 09:35:25,651 - [ENV] - Episode ended without success at step 3. Final dist: 0.1248m
2026-04-24 09:35:25,651 - [ENV] - --- EPISODE START | Scenario: TRANSIT | Start: [0.6228995  0.31918986 0.55      ] | Goal: [0.8427824  0.14347007 0.55      ] | DriftLimit: 0.0329 | FloorLimit: 0.4757 ---
2026-04-24 09:35:30,345 - [ENV] - --- EPISODE START | Scenario: DESCEND | Start: [0.63165222 0.11891702 0.55      ] | Goal: [0.63165222 0.11891702 0.41      ] | DriftLimit: 0.0328 | FloorLimit: 0.4757 ---
2026-04-24 09:35:30,695 - [ENV] - TERMINATED (Descend): Tube Drift = 0.0341m (Max 0.0328m) at step 7
2026-04-24 09:35:30,695 - [ENV] - Episode ended without success at step 7. Final dist: 0.0366m
2026-04-24 09:35:30,696 - [ENV] - --- EPISODE START | Scenario: TRANSIT | Start: [0.99335101 0.12248104 0.55      ] | Goal: [0.66449298 0.02011679 0.55      ] | DriftLimit: 0.0328 | FloorLimit: 0.4757 ---
2026-04-24 09:35:31,242 - [ENV] - SUCCESS: Goal reached in 22 steps. Dist = 0.0159m
2026-04-24 09:35:31,243 - [ENV] - --- EPISODE START | Scenario: DESCEND | Start: [0.9052201  0.13194153 0.55      ] | Goal: [0.9052201  0.13194153 0.415     ] | DriftLimit: 0.0328 | FloorLimit: 0.4758 ---
2026-04-24 09:35:31,543 - [ENV] - SUCCESS: Goal reached in 11 steps. Dist = 0.0097m
2026-04-24 09:35:31,543 - [ENV] - --- EPISODE START | Scenario: ASCEND | Start: [0.97329124 0.23633148 0.415     ] | Goal: [0.97329124 0.23633148 0.55      ] | DriftLimit: 0.0328 | FloorLimit: 0.4758 ---
2026-04-24 09:35:31,802 - [ENV] - TERMINATED (Ascend): Tube Drift = 0.0347m (Max 0.0328m) at step 3
2026-04-24 09:35:31,802 - [ENV] - Episode ended without success at step 3. Final dist: 0.1020m
2026-04-24 09:35:31,803 - [ENV] - --- EPISODE START | Scenario: TRANSIT | Start: [1.06572923 0.06563307 0.55      ] | Goal: [0.69760485 0.34210231 0.55      ] | DriftLimit: 0.0328 | FloorLimit: 0.4758 ---
2026-04-24 09:35:36,601 - [ENV] - --- EPISODE START | Scenario: TRANSIT | Start: [0.87802043 0.07704612 0.55      ] | Goal: [1.13035417 0.39766861 0.55      ] | DriftLimit: 0.0326 | FloorLimit: 0.4758 ---
2026-04-24 09:35:41,241 - [ENV] - --- EPISODE START | Scenario: ASCEND | Start: [0.73731035 0.10702244 0.415     ] | Goal: [0.73731035 0.10702244 0.55      ] | DriftLimit: 0.0325 | FloorLimit: 0.4759 ---
2026-04-24 09:35:41,587 - [ENV] - TERMINATED (Ascend): Tube Drift = 0.0435m (Max 0.0325m) at step 6
2026-04-24 09:35:41,587 - [ENV] - Episode ended without success at step 6. Final dist: 0.1348m
2026-04-24 09:35:41,589 - [ENV] - --- EPISODE START | Scenario: ASCEND | Start: [0.98431192 0.23081583 0.415     ] | Goal: [0.98431192 0.23081583 0.55      ] | DriftLimit: 0.0325 | FloorLimit: 0.4759 ---
2026-04-24 09:35:41,741 - [ENV] - TERMINATED (Ascend): Tube Drift = 0.0413m (Max 0.0325m) at step 3
2026-04-24 09:35:41,741 - [ENV] - Episode ended without success at step 3. Final dist: 0.1065m
2026-04-24 09:35:41,742 - [ENV] - --- EPISODE START | Scenario: TRANSIT | Start: [0.87369406 0.07764943 0.55      ] | Goal: [0.69648262 0.29759701 0.55      ] | DriftLimit: 0.0325 | FloorLimit: 0.4759 ---
2026-04-24 09:35:46,817 - [ENV] - --- EPISODE START | Scenario: DESCEND | Start: [1.1026769  0.39184605 0.55      ] | Goal: [1.1026769  0.39184605 0.415     ] | DriftLimit: 0.0324 | FloorLimit: 0.4760 ---
2026-04-24 09:36:28,988 - [ENV] - --- EPISODE START | Scenario: DESCEND | Start: [1.11624842 0.25885692 0.55      ] | Goal: [1.11624842 0.25885692 0.41      ] | DriftLimit: 0.0323 | FloorLimit: 0.4760 ---
2026-04-24 09:36:33,350 - [ENV] - --- EPISODE START | Scenario: ASCEND | Start: [0.82103055 0.51768316 0.415     ] | Goal: [0.82103055 0.51768316 0.55      ] | DriftLimit: 0.0321 | FloorLimit: 0.4761 ---
2026-04-24 09:36:33,761 - [ENV] - TERMINATED (Ascend): Tube Drift = 0.0339m (Max 0.0321m) at step 13
2026-04-24 09:36:33,761 - [ENV] - Episode ended without success at step 13. Final dist: 0.0414m
2026-04-24 09:36:33,761 - [ENV] - --- EPISODE START | Scenario: ASCEND | Start: [0.60555558 0.25845311 0.415     ] | Goal: [0.60555558 0.25845311 0.55      ] | DriftLimit: 0.0321 | FloorLimit: 0.4761 ---
2026-04-24 09:36:38,473 - [ENV] - TERMINATED (Ascend): Tube Drift = 0.0320m (Max 0.0320m) at step 158
2026-04-24 09:36:38,473 - [ENV] - Episode ended without success at step 158. Final dist: 0.1363m
2026-04-24 09:36:38,473 - [ENV] - --- EPISODE START | Scenario: ASCEND | Start: [1.05834782 0.18900167 0.415     ] | Goal: [1.05834782 0.18900167 0.55      ] | DriftLimit: 0.0320 | FloorLimit: 0.4762 ---
2026-04-24 09:36:38,670 - [ENV] - TERMINATED (Ascend): Tube Drift = 0.0333m (Max 0.0320m) at step 3
2026-04-24 09:36:38,670 - [ENV] - Episode ended without success at step 3. Final dist: 0.1308m
2026-04-24 09:36:38,670 - [ENV] - --- EPISODE START | Scenario: DESCEND | Start: [0.67478561 0.34467795 0.55      ] | Goal: [0.67478561 0.34467795 0.415     ] | DriftLimit: 0.0320 | FloorLimit: 0.4762 ---
2026-04-24 09:36:43,622 - [ENV] - --- EPISODE START | Scenario: TRANSIT | Start: [0.87505894 0.43887127 0.55      ] | Goal: [0.86143585 0.19142698 0.55      ] | DriftLimit: 0.0319 | FloorLimit: 0.4763 ---
2026-04-24 09:36:48,283 - [ENV] - --- EPISODE START | Scenario: TRANSIT | Start: [0.82276079 0.18207916 0.55      ] | Goal: [1.14364159 0.20354132 0.55      ] | DriftLimit: 0.0317 | FloorLimit: 0.4763 ---
2026-04-24 09:36:52,887 - [ENV] - --- EPISODE START | Scenario: ASCEND | Start: [1.08612238 0.0087062  0.415     ] | Goal: [1.08612238 0.0087062  0.55      ] | DriftLimit: 0.0316 | FloorLimit: 0.4764 ---
2026-04-24 09:36:53,061 - [ENV] - TERMINATED (Ascend): Tube Drift = 0.0439m (Max 0.0316m) at step 3
2026-04-24 09:36:53,061 - [ENV] - Episode ended without success at step 3. Final dist: 0.1339m
2026-04-24 09:36:53,062 - [ENV] - --- EPISODE START | Scenario: ASCEND | Start: [0.73832686 0.10562662 0.415     ] | Goal: [0.73832686 0.10562662 0.55      ] | DriftLimit: 0.0316 | FloorLimit: 0.4764 ---
2026-04-24 09:36:53,289 - [ENV] - TERMINATED (Ascend): Tube Drift = 0.0443m (Max 0.0316m) at step 6
2026-04-24 09:36:53,290 - [ENV] - Episode ended without success at step 6. Final dist: 0.1351m
2026-04-24 09:36:53,290 - [ENV] - --- EPISODE START | Scenario: ASCEND | Start: [0.6430367  0.19798537 0.415     ] | Goal: [0.6430367  0.19798537 0.55      ] | DriftLimit: 0.0316 | FloorLimit: 0.4764 ---
2026-04-24 09:36:54,638 - [ENV] - TERMINATED (Ascend): Tube Drift = 0.0320m (Max 0.0316m) at step 36
2026-04-24 09:36:54,639 - [ENV] - Episode ended without success at step 36. Final dist: 0.1334m
2026-04-24 09:36:54,639 - [ENV] - --- EPISODE START | Scenario: ASCEND | Start: [1.12258894 0.32573613 0.415     ] | Goal: [1.12258894 0.32573613 0.55      ] | DriftLimit: 0.0316 | FloorLimit: 0.4764 ---
2026-04-24 09:36:54,802 - [ENV] - TERMINATED (Ascend): Tube Drift = 0.0436m (Max 0.0316m) at step 3
2026-04-24 09:36:54,802 - [ENV] - Episode ended without success at step 3. Final dist: 0.0972m
2026-04-24 09:36:54,803 - [ENV] - --- EPISODE START | Scenario: TRANSIT | Start: [0.72390684 0.39824371 0.55      ] | Goal: [0.68507647 0.52938895 0.55      ] | DriftLimit: 0.0316 | FloorLimit: 0.4764 ---
2026-04-24 09:36:59,153 - [ENV] - --- EPISODE START | Scenario: TRANSIT | Start: [1.0880794  0.04186522 0.55      ] | Goal: [0.96951268 0.28463982 0.55      ] | DriftLimit: 0.0315 | FloorLimit: 0.4765 ---
2026-04-24 09:37:03,670 - [ENV] - --- EPISODE START | Scenario: TRANSIT | Start: [0.72806831 0.35480266 0.55      ] | Goal: [0.68335226 0.09274077 0.55      ] | DriftLimit: 0.0313 | FloorLimit: 0.4766 ---
2026-04-24 09:37:08,564 - [ENV] - --- EPISODE START | Scenario: DESCEND | Start: [0.68450509 0.34093898 0.55      ] | Goal: [0.68450509 0.34093898 0.415     ] | DriftLimit: 0.0312 | FloorLimit: 0.4766 ---
2026-04-24 09:37:12,900 - [ENV] - --- EPISODE START | Scenario: ASCEND | Start: [0.77418404 0.32236377 0.415     ] | Goal: [0.77418404 0.32236377 0.55      ] | DriftLimit: 0.0311 | FloorLimit: 0.4767 ---
2026-04-24 09:37:13,308 - [ENV] - TERMINATED (Ascend): Tube Drift = 0.0334m (Max 0.0311m) at step 7
2026-04-24 09:37:13,308 - [ENV] - Episode ended without success at step 7. Final dist: 0.1132m
2026-04-24 09:37:13,309 - [ENV] - --- EPISODE START | Scenario: TRANSIT | Start: [0.86056315 0.04898901 0.55      ] | Goal: [0.69943883 0.19380195 0.55      ] | DriftLimit: 0.0311 | FloorLimit: 0.4767 ---
2026-04-24 09:37:17,699 - [ENV] - --- EPISODE START | Scenario: DESCEND | Start: [0.98142768 0.54184559 0.55      ] | Goal: [0.98142768 0.54184559 0.41      ] | DriftLimit: 0.0309 | FloorLimit: 0.4768 ---
2026-04-24 09:37:21,247 - [ENV] - TERMINATED (Descend): Tube Drift = 0.0310m (Max 0.0308m) at step 142
2026-04-24 09:37:21,248 - [ENV] - Episode ended without success at step 142. Final dist: 0.0310m
2026-04-24 09:37:21,248 - [ENV] - --- EPISODE START | Scenario: ASCEND | Start: [0.96242573 0.07394136 0.415     ] | Goal: [0.96242573 0.07394136 0.55      ] | DriftLimit: 0.0308 | FloorLimit: 0.4768 ---
2026-04-24 09:37:21,371 - [ENV] - TERMINATED (Ascend): Tube Drift = 0.0327m (Max 0.0308m) at step 2
2026-04-24 09:37:21,372 - [ENV] - Episode ended without success at step 2. Final dist: 0.1306m
2026-04-24 09:37:21,373 - [ENV] - --- EPISODE START | Scenario: DESCEND | Start: [ 1.05059929 -0.00843887  0.55      ] | Goal: [ 1.05059929 -0.00843887  0.415     ] | DriftLimit: 0.0308 | FloorLimit: 0.4768 ---
2026-04-24 09:37:21,628 - [ENV] - TERMINATED (Descend): Tube Drift = 0.0312m (Max 0.0308m) at step 8
2026-04-24 09:37:21,628 - [ENV] - Episode ended without success at step 8. Final dist: 0.0418m
2026-04-24 09:37:21,629 - [ENV] - --- EPISODE START | Scenario: DESCEND | Start: [0.78632504 0.16586216 0.55      ] | Goal: [0.78632504 0.16586216 0.415     ] | DriftLimit: 0.0308 | FloorLimit: 0.4768 ---
2026-04-24 09:37:23,121 - [ENV] - SUCCESS: Goal reached in 36 steps. Dist = 0.0099m
2026-04-24 09:37:23,122 - [ENV] - --- EPISODE START | Scenario: ASCEND | Start: [0.76691661 0.11779736 0.415     ] | Goal: [0.76691661 0.11779736 0.55      ] | DriftLimit: 0.0308 | FloorLimit: 0.4768 ---
2026-04-24 09:37:23,329 - [ENV] - TERMINATED (Ascend): Tube Drift = 0.0324m (Max 0.0308m) at step 6
2026-04-24 09:37:23,329 - [ENV] - Episode ended without success at step 6. Final dist: 0.1209m
2026-04-24 09:37:23,330 - [ENV] - --- EPISODE START | Scenario: TRANSIT | Start: [1.1178419  0.45160986 0.55      ] | Goal: [0.94070461 0.41295801 0.55      ] | DriftLimit: 0.0308 | FloorLimit: 0.4768 ---
2026-04-24 09:37:28,232 - [ENV] - --- EPISODE START | Scenario: ASCEND | Start: [0.90072289 0.2161669  0.415     ] | Goal: [0.90072289 0.2161669  0.55      ] | DriftLimit: 0.0307 | FloorLimit: 0.4769 ---
2026-04-24 09:37:28,433 - [ENV] - TERMINATED (Ascend): Tube Drift = 0.0340m (Max 0.0307m) at step 3
2026-04-24 09:37:28,433 - [ENV] - Episode ended without success at step 3. Final dist: 0.1306m
2026-04-24 09:37:28,434 - [ENV] - --- EPISODE START | Scenario: TRANSIT | Start: [0.90158151 0.02247238 0.55      ] | Goal: [0.70863015 0.42162137 0.55      ] | DriftLimit: 0.0307 | FloorLimit: 0.4769 ---
2026-04-24 09:37:32,980 - [ENV] - --- EPISODE START | Scenario: ASCEND | Start: [0.85233668 0.23235304 0.415     ] | Goal: [0.85233668 0.23235304 0.55      ] | DriftLimit: 0.0305 | FloorLimit: 0.4770 ---
2026-04-24 09:37:33,209 - [ENV] - TERMINATED (Ascend): Tube Drift = 0.0401m (Max 0.0305m) at step 4
2026-04-24 09:37:33,209 - [ENV] - Episode ended without success at step 4. Final dist: 0.1169m
2026-04-24 09:37:33,209 - [ENV] - --- EPISODE START | Scenario: DESCEND | Start: [0.63414038 0.07120839 0.55      ] | Goal: [0.63414038 0.07120839 0.415     ] | DriftLimit: 0.0305 | FloorLimit: 0.4770 ---
2026-04-24 09:38:14,668 - [ENV] - SUCCESS: Goal reached in 143 steps. Dist = 0.0099m
2026-04-24 09:38:14,669 - [ENV] - --- EPISODE START | Scenario: TRANSIT | Start: [0.85576164 0.10929375 0.55      ] | Goal: [1.13369991 0.32921073 0.55      ] | DriftLimit: 0.0304 | FloorLimit: 0.4770 ---
2026-04-24 09:38:18,897 - [ENV] - --- EPISODE START | Scenario: ASCEND | Start: [0.91104998 0.13889878 0.415     ] | Goal: [0.91104998 0.13889878 0.55      ] | DriftLimit: 0.0303 | FloorLimit: 0.4771 ---
2026-04-24 09:38:19,146 - [ENV] - TERMINATED (Ascend): Tube Drift = 0.0328m (Max 0.0303m) at step 8
2026-04-24 09:38:19,147 - [ENV] - Episode ended without success at step 8. Final dist: 0.1040m
2026-04-24 09:38:19,147 - [ENV] - --- EPISODE START | Scenario: TRANSIT | Start: [0.9977577 0.0678557 0.55     ] | Goal: [0.78303589 0.06510245 0.55      ] | DriftLimit: 0.0303 | FloorLimit: 0.4771 ---
2026-04-24 09:38:19,408 - [ENV] - SUCCESS: Goal reached in 9 steps. Dist = 0.0149m
2026-04-24 09:38:19,409 - [ENV] - --- EPISODE START | Scenario: TRANSIT | Start: [0.6437869 0.1579294 0.55     ] | Goal: [0.88553846 0.21265554 0.55      ] | DriftLimit: 0.0303 | FloorLimit: 0.4771 ---
2026-04-24 09:38:23,893 - [ENV] - --- EPISODE START | Scenario: ASCEND | Start: [1.07089977 0.19599332 0.415     ] | Goal: [1.07089977 0.19599332 0.55      ] | DriftLimit: 0.0302 | FloorLimit: 0.4772 ---
2026-04-24 09:38:24,076 - [ENV] - TERMINATED (Ascend): Tube Drift = 0.0451m (Max 0.0302m) at step 3
2026-04-24 09:38:24,076 - [ENV] - Episode ended without success at step 3. Final dist: 0.1104m
2026-04-24 09:38:24,077 - [ENV] - --- EPISODE START | Scenario: ASCEND | Start: [0.65910051 0.03328356 0.415     ] | Goal: [0.65910051 0.03328356 0.55      ] | DriftLimit: 0.0302 | FloorLimit: 0.4772 ---
2026-04-24 09:38:24,291 - [ENV] - TERMINATED (Ascend): Tube Drift = 0.0362m (Max 0.0301m) at step 5
2026-04-24 09:38:24,291 - [ENV] - Episode ended without success at step 5. Final dist: 0.1327m
2026-04-24 09:38:24,292 - [ENV] - --- EPISODE START | Scenario: TRANSIT | Start: [0.63987721 0.10880986 0.55      ] | Goal: [ 0.89157288 -0.00828346  0.55      ] | DriftLimit: 0.0301 | FloorLimit: 0.4772 ---
2026-04-24 09:38:28,755 - [ENV] - --- EPISODE START | Scenario: TRANSIT | Start: [0.64647807 0.46485376 0.55      ] | Goal: [1.11771852 0.25740208 0.55      ] | DriftLimit: 0.0300 | FloorLimit: 0.4773 ---
2026-04-24 09:38:33,843 - [ENV] - --- EPISODE START | Scenario: TRANSIT | Start: [0.66133395 0.04691614 0.55      ] | Goal: [0.86817753 0.14158827 0.55      ] | DriftLimit: 0.0299 | FloorLimit: 0.4773 ---
2026-04-24 09:38:38,783 - [ENV] - --- EPISODE START | Scenario: DESCEND | Start: [0.61723681 0.02882306 0.55      ] | Goal: [0.61723681 0.02882306 0.415     ] | DriftLimit: 0.0298 | FloorLimit: 0.4774 ---
2026-04-24 09:38:43,365 - [ENV] - --- EPISODE START | Scenario: TRANSIT | Start: [1.07082377 0.01997713 0.55      ] | Goal: [1.04646351 0.5081119  0.55      ] | DriftLimit: 0.0296 | FloorLimit: 0.4775 ---
2026-04-24 09:38:48,237 - [ENV] - --- EPISODE START | Scenario: ASCEND | Start: [1.02131298 0.00368994 0.415     ] | Goal: [1.02131298 0.00368994 0.55      ] | DriftLimit: 0.0295 | FloorLimit: 0.4775 ---
2026-04-24 09:38:48,373 - [ENV] - TERMINATED (Ascend): Tube Drift = 0.0392m (Max 0.0295m) at step 3
2026-04-24 09:38:48,373 - [ENV] - Episode ended without success at step 3. Final dist: 0.1240m
2026-04-24 09:38:48,373 - [ENV] - --- EPISODE START | Scenario: DESCEND | Start: [0.98591919 0.08291382 0.55      ] | Goal: [0.98591919 0.08291382 0.41      ] | DriftLimit: 0.0295 | FloorLimit: 0.4775 ---
2026-04-24 09:38:53,031 - [ENV] - --- EPISODE START | Scenario: DESCEND | Start: [0.61987123 0.18900224 0.55      ] | Goal: [0.61987123 0.18900224 0.415     ] | DriftLimit: 0.0294 | FloorLimit: 0.4776 ---
2026-04-24 09:38:53,251 - [ENV] - TERMINATED (Descend): Tube Drift = 0.0344m (Max 0.0294m) at step 5
2026-04-24 09:38:53,252 - [ENV] - Episode ended without success at step 5. Final dist: 0.0376m
2026-04-24 09:38:53,252 - [ENV] - --- EPISODE START | Scenario: TRANSIT | Start: [0.96044095 0.29258502 0.55      ] | Goal: [1.04129548 0.19755185 0.55      ] | DriftLimit: 0.0294 | FloorLimit: 0.4776 ---
2026-04-24 09:38:57,707 - [ENV] - --- EPISODE START | Scenario: TRANSIT | Start: [0.90076284 0.16503499 0.55      ] | Goal: [0.76289591 0.14174783 0.55      ] | DriftLimit: 0.0292 | FloorLimit: 0.4777 ---
2026-04-24 09:38:57,986 - [ENV] - SUCCESS: Goal reached in 11 steps. Dist = 0.0216m
2026-04-24 09:38:57,986 - [ENV] - --- EPISODE START | Scenario: ASCEND | Start: [0.73266543 0.37618601 0.415     ] | Goal: [0.73266543 0.37618601 0.55      ] | DriftLimit: 0.0292 | FloorLimit: 0.4777 ---
2026-04-24 09:39:02,686 - [ENV] - --- EPISODE START | Scenario: ASCEND | Start: [1.00762383 0.31433226 0.415     ] | Goal: [1.00762383 0.31433226 0.55      ] | DriftLimit: 0.0291 | FloorLimit: 0.4778 ---
2026-04-24 09:39:02,877 - [ENV] - TERMINATED (Ascend): Tube Drift = 0.0472m (Max 0.0291m) at step 3
2026-04-24 09:39:02,877 - [ENV] - Episode ended without success at step 3. Final dist: 0.0971m
2026-04-24 09:39:02,878 - [ENV] - --- EPISODE START | Scenario: DESCEND | Start: [1.02019933 0.11315731 0.55      ] | Goal: [1.02019933 0.11315731 0.415     ] | DriftLimit: 0.0291 | FloorLimit: 0.4778 ---
2026-04-24 09:39:03,359 - [ENV] - SUCCESS: Goal reached in 19 steps. Dist = 0.0100m
2026-04-24 09:39:03,360 - [ENV] - --- EPISODE START | Scenario: TRANSIT | Start: [0.99899128 0.5139948  0.55      ] | Goal: [0.86469428 0.22488518 0.55      ] | DriftLimit: 0.0291 | FloorLimit: 0.4778 ---
2026-04-24 09:39:07,841 - [ENV] - --- EPISODE START | Scenario: DESCEND | Start: [0.85799892 0.33174164 0.55      ] | Goal: [0.85799892 0.33174164 0.41      ] | DriftLimit: 0.0290 | FloorLimit: 0.4778 ---
2026-04-24 09:39:12,354 - [ENV] - --- EPISODE START | Scenario: ASCEND | Start: [0.87430555 0.24267592 0.415     ] | Goal: [0.87430555 0.24267592 0.55      ] | DriftLimit: 0.0288 | FloorLimit: 0.4779 ---
2026-04-24 09:39:12,540 - [ENV] - TERMINATED (Ascend): Tube Drift = 0.0369m (Max 0.0288m) at step 3
2026-04-24 09:39:12,541 - [ENV] - Episode ended without success at step 3. Final dist: 0.1143m
2026-04-24 09:39:12,541 - [ENV] - --- EPISODE START | Scenario: TRANSIT | Start: [1.08598801 0.27099676 0.55      ] | Goal: [0.98103474 0.50252855 0.55      ] | DriftLimit: 0.0288 | FloorLimit: 0.4779 ---
2026-04-24 09:39:17,167 - [ENV] - --- EPISODE START | Scenario: ASCEND | Start: [0.66582952 0.34099956 0.415     ] | Goal: [0.66582952 0.34099956 0.55      ] | DriftLimit: 0.0287 | FloorLimit: 0.4780 ---
2026-04-24 09:39:17,498 - [ENV] - TERMINATED (Ascend): Tube Drift = 0.0365m (Max 0.0287m) at step 3
2026-04-24 09:39:17,499 - [ENV] - Episode ended without success at step 3. Final dist: 0.1306m
2026-04-24 09:39:17,501 - [ENV] - --- EPISODE START | Scenario: DESCEND | Start: [0.99348024 0.06625713 0.55      ] | Goal: [0.99348024 0.06625713 0.415     ] | DriftLimit: 0.0287 | FloorLimit: 0.4780 ---
2026-04-24 09:39:59,071 - [ENV] - --- EPISODE START | Scenario: DESCEND | Start: [ 0.72457778 -0.0092978   0.55      ] | Goal: [ 0.72457778 -0.0092978   0.415     ] | DriftLimit: 0.0286 | FloorLimit: 0.4781 ---
2026-04-24 09:40:03,895 - [ENV] - --- EPISODE START | Scenario: ASCEND | Start: [0.97340748 0.31165388 0.415     ] | Goal: [0.97340748 0.31165388 0.55      ] | DriftLimit: 0.0284 | FloorLimit: 0.4781 ---
2026-04-24 09:40:04,058 - [ENV] - TERMINATED (Ascend): Tube Drift = 0.0532m (Max 0.0284m) at step 3
2026-04-24 09:40:04,058 - [ENV] - Episode ended without success at step 3. Final dist: 0.0941m
2026-04-24 09:40:04,059 - [ENV] - --- EPISODE START | Scenario: DESCEND | Start: [0.77048459 0.24481729 0.55      ] | Goal: [0.77048459 0.24481729 0.415     ] | DriftLimit: 0.0284 | FloorLimit: 0.4781 ---
2026-04-24 09:40:08,309 - [ENV] - --- EPISODE START | Scenario: ASCEND | Start: [1.12032689 0.38958261 0.415     ] | Goal: [1.12032689 0.38958261 0.55      ] | DriftLimit: 0.0283 | FloorLimit: 0.4782 ---
2026-04-24 09:40:08,501 - [ENV] - TERMINATED (Ascend): Tube Drift = 0.0403m (Max 0.0283m) at step 3
2026-04-24 09:40:08,501 - [ENV] - Episode ended without success at step 3. Final dist: 0.0916m
2026-04-24 09:40:08,502 - [ENV] - --- EPISODE START | Scenario: TRANSIT | Start: [0.77960613 0.46534949 0.55      ] | Goal: [1.13568409 0.23965733 0.55      ] | DriftLimit: 0.0283 | FloorLimit: 0.4782 ---
2026-04-24 09:40:13,070 - [ENV] - --- EPISODE START | Scenario: DESCEND | Start: [1.11099555 0.11680234 0.55      ] | Goal: [1.11099555 0.11680234 0.41      ] | DriftLimit: 0.0282 | FloorLimit: 0.4783 ---
2026-04-24 09:40:16,803 - [ENV] - SUCCESS: Goal reached in 141 steps. Dist = 0.0100m
2026-04-24 09:40:16,804 - [ENV] - --- EPISODE START | Scenario: TRANSIT | Start: [0.8878679  0.52954726 0.55      ] | Goal: [1.0868555  0.14333768 0.55      ] | DriftLimit: 0.0281 | FloorLimit: 0.4783 ---
2026-04-24 09:40:21,341 - [ENV] - --- EPISODE START | Scenario: TRANSIT | Start: [0.71635859 0.02697184 0.55      ] | Goal: [ 1.07644842 -0.00233147  0.55      ] | DriftLimit: 0.0280 | FloorLimit: 0.4784 ---
2026-04-24 09:40:25,740 - [ENV] - --- EPISODE START | Scenario: TRANSIT | Start: [0.68121697 0.52552736 0.55      ] | Goal: [0.78358677 0.13554974 0.55      ] | DriftLimit: 0.0278 | FloorLimit: 0.4785 ---
2026-04-24 09:40:30,123 - [ENV] - --- EPISODE START | Scenario: DESCEND | Start: [1.09486577 0.45526345 0.55      ] | Goal: [1.09486577 0.45526345 0.415     ] | DriftLimit: 0.0277 | FloorLimit: 0.4785 ---
2026-04-24 09:40:32,973 - [ENV] - TERMINATED (Descend): Tube Drift = 0.0276m (Max 0.0276m) at step 117
2026-04-24 09:40:32,973 - [ENV] - Episode ended without success at step 117. Final dist: 0.0278m
2026-04-24 09:40:32,973 - [ENV] - --- EPISODE START | Scenario: DESCEND | Start: [ 1.10610542 -0.00871816  0.55      ] | Goal: [ 1.10610542 -0.00871816  0.41      ] | DriftLimit: 0.0276 | FloorLimit: 0.4786 ---
2026-04-24 09:40:33,193 - [ENV] - TERMINATED (Descend): Tube Drift = 0.0295m (Max 0.0276m) at step 6
2026-04-24 09:40:33,193 - [ENV] - Episode ended without success at step 6. Final dist: 0.0453m
2026-04-24 09:40:33,194 - [ENV] - --- EPISODE START | Scenario: ASCEND | Start: [0.6659981  0.04331027 0.415     ] | Goal: [0.6659981  0.04331027 0.55      ] | DriftLimit: 0.0276 | FloorLimit: 0.4786 ---
2026-04-24 09:40:37,947 - [ENV] - --- EPISODE START | Scenario: DESCEND | Start: [1.04049439 0.31696559 0.55      ] | Goal: [1.04049439 0.31696559 0.415     ] | DriftLimit: 0.0275 | FloorLimit: 0.4786 ---
2026-04-24 09:40:38,164 - [ENV] - SUCCESS: Goal reached in 7 steps. Dist = 0.0081m
2026-04-24 09:40:38,164 - [ENV] - --- EPISODE START | Scenario: ASCEND | Start: [0.80287432 0.27607375 0.415     ] | Goal: [0.80287432 0.27607375 0.55      ] | DriftLimit: 0.0275 | FloorLimit: 0.4787 ---
2026-04-24 09:40:38,496 - [ENV] - TERMINATED (Ascend): Tube Drift = 0.0354m (Max 0.0275m) at step 5
2026-04-24 09:40:38,496 - [ENV] - Episode ended without success at step 5. Final dist: 0.1062m
2026-04-24 09:40:38,497 - [ENV] - --- EPISODE START | Scenario: ASCEND | Start: [0.88638672 0.14526615 0.415     ] | Goal: [0.88638672 0.14526615 0.55      ] | DriftLimit: 0.0275 | FloorLimit: 0.4787 ---
2026-04-24 09:40:38,592 - [ENV] - TERMINATED (Ascend): Tube Drift = 0.0314m (Max 0.0275m) at step 2
2026-04-24 09:40:38,592 - [ENV] - Episode ended without success at step 2. Final dist: 0.1291m
2026-04-24 09:40:38,592 - [ENV] - --- EPISODE START | Scenario: ASCEND | Start: [1.12049744 0.53263117 0.415     ] | Goal: [1.12049744 0.53263117 0.55      ] | DriftLimit: 0.0275 | FloorLimit: 0.4787 ---
2026-04-24 09:40:38,805 - [ENV] - TERMINATED (Ascend): Tube Drift = 0.0291m (Max 0.0275m) at step 4
2026-04-24 09:40:38,806 - [ENV] - Episode ended without success at step 4. Final dist: 0.1013m
2026-04-24 09:40:38,806 - [ENV] - --- EPISODE START | Scenario: TRANSIT | Start: [1.13763009 0.01225254 0.55      ] | Goal: [0.94023434 0.09200766 0.55      ] | DriftLimit: 0.0275 | FloorLimit: 0.4787 ---
2026-04-24 09:40:43,681 - [ENV] - --- EPISODE START | Scenario: TRANSIT | Start: [0.98768492 0.39854236 0.55      ] | Goal: [0.81113244 0.48612861 0.55      ] | DriftLimit: 0.0273 | FloorLimit: 0.4787 ---
2026-04-24 09:40:48,037 - [ENV] - --- EPISODE START | Scenario: TRANSIT | Start: [0.70032208 0.48948132 0.55      ] | Goal: [1.13598294 0.03816348 0.55      ] | DriftLimit: 0.0272 | FloorLimit: 0.4788 ---
2026-04-24 09:40:52,585 - [ENV] - --- EPISODE START | Scenario: TRANSIT | Start: [0.98906905 0.02257683 0.55      ] | Goal: [0.66692571 0.41278443 0.55      ] | DriftLimit: 0.0271 | FloorLimit: 0.4789 ---
2026-04-24 09:40:57,487 - [ENV] - --- EPISODE START | Scenario: ASCEND | Start: [0.62248621 0.22336813 0.415     ] | Goal: [0.62248621 0.22336813 0.55      ] | DriftLimit: 0.0270 | FloorLimit: 0.4789 ---
2026-04-24 09:40:57,750 - [ENV] - TERMINATED (Ascend): Tube Drift = 0.0333m (Max 0.0269m) at step 5
2026-04-24 09:40:57,751 - [ENV] - Episode ended without success at step 5. Final dist: 0.1169m
2026-04-24 09:40:57,751 - [ENV] - --- EPISODE START | Scenario: DESCEND | Start: [0.77361182 0.00345179 0.55      ] | Goal: [0.77361182 0.00345179 0.415     ] | DriftLimit: 0.0269 | FloorLimit: 0.4789 ---
2026-04-24 09:41:41,538 - [ENV] - --- EPISODE START | Scenario: ASCEND | Start: [1.15975901 0.02068298 0.415     ] | Goal: [1.15975901 0.02068298 0.55      ] | DriftLimit: 0.0268 | FloorLimit: 0.4790 ---
2026-04-24 09:41:41,683 - [ENV] - TERMINATED (Ascend): Tube Drift = 0.0383m (Max 0.0268m) at step 3
2026-04-24 09:41:41,683 - [ENV] - Episode ended without success at step 3. Final dist: 0.1320m
2026-04-24 09:41:41,684 - [ENV] - --- EPISODE START | Scenario: DESCEND | Start: [1.02681235 0.23810132 0.55      ] | Goal: [1.02681235 0.23810132 0.415     ] | DriftLimit: 0.0268 | FloorLimit: 0.4790 ---
2026-04-24 09:41:41,915 - [ENV] - SUCCESS: Goal reached in 6 steps. Dist = 0.0076m
2026-04-24 09:41:41,916 - [ENV] - --- EPISODE START | Scenario: DESCEND | Start: [1.05850865 0.17687814 0.55      ] | Goal: [1.05850865 0.17687814 0.41      ] | DriftLimit: 0.0268 | FloorLimit: 0.4790 ---
2026-04-24 09:41:46,137 - [ENV] - --- EPISODE START | Scenario: DESCEND | Start: [0.89964867 0.16607375 0.55      ] | Goal: [0.89964867 0.16607375 0.415     ] | DriftLimit: 0.0267 | FloorLimit: 0.4791 ---
2026-04-24 09:41:46,383 - [ENV] - SUCCESS: Goal reached in 7 steps. Dist = 0.0095m
2026-04-24 09:41:46,384 - [ENV] - --- EPISODE START | Scenario: TRANSIT | Start: [0.77284239 0.35635387 0.55      ] | Goal: [1.10827237 0.02919364 0.55      ] | DriftLimit: 0.0267 | FloorLimit: 0.4791 ---
2026-04-24 09:41:50,646 - [ENV] - --- EPISODE START | Scenario: ASCEND | Start: [0.81580876 0.00536403 0.415     ] | Goal: [0.81580876 0.00536403 0.55      ] | DriftLimit: 0.0266 | FloorLimit: 0.4792 ---
2026-04-24 09:41:50,859 - [ENV] - TERMINATED (Ascend): Tube Drift = 0.0309m (Max 0.0265m) at step 5
2026-04-24 09:41:50,859 - [ENV] - Episode ended without success at step 5. Final dist: 0.1324m
2026-04-24 09:41:50,860 - [ENV] - --- EPISODE START | Scenario: ASCEND | Start: [0.99183371 0.50516811 0.415     ] | Goal: [0.99183371 0.50516811 0.55      ] | DriftLimit: 0.0265 | FloorLimit: 0.4792 ---
2026-04-24 09:41:51,045 - [ENV] - TERMINATED (Ascend): Tube Drift = 0.0267m (Max 0.0265m) at step 3
2026-04-24 09:41:51,046 - [ENV] - Episode ended without success at step 3. Final dist: 0.1122m
2026-04-24 09:41:51,046 - [ENV] - --- EPISODE START | Scenario: ASCEND | Start: [0.81873361 0.2680573  0.415     ] | Goal: [0.81873361 0.2680573  0.55      ] | DriftLimit: 0.0265 | FloorLimit: 0.4792 ---
2026-04-24 09:41:51,424 - [ENV] - TERMINATED (Ascend): Tube Drift = 0.0293m (Max 0.0265m) at step 4
2026-04-24 09:41:51,424 - [ENV] - Episode ended without success at step 4. Final dist: 0.1233m
2026-04-24 09:41:51,425 - [ENV] - --- EPISODE START | Scenario: ASCEND | Start: [0.7896039  0.28581058 0.415     ] | Goal: [0.7896039  0.28581058 0.55      ] | DriftLimit: 0.0265 | FloorLimit: 0.4792 ---
2026-04-24 09:41:51,813 - [ENV] - TERMINATED (Ascend): Tube Drift = 0.0306m (Max 0.0265m) at step 6
2026-04-24 09:41:51,813 - [ENV] - Episode ended without success at step 6. Final dist: 0.1011m
2026-04-24 09:41:51,814 - [ENV] - --- EPISODE START | Scenario: TRANSIT | Start: [1.03049508 0.09784615 0.55      ] | Goal: [0.64109116 0.00825357 0.55      ] | DriftLimit: 0.0265 | FloorLimit: 0.4792 ---
2026-04-24 09:41:56,709 - [ENV] - --- EPISODE START | Scenario: ASCEND | Start: [0.87915116 0.18946781 0.415     ] | Goal: [0.87915116 0.18946781 0.55      ] | DriftLimit: 0.0264 | FloorLimit: 0.4792 ---
2026-04-24 09:41:56,925 - [ENV] - TERMINATED (Ascend): Tube Drift = 0.0319m (Max 0.0264m) at step 3
2026-04-24 09:41:56,926 - [ENV] - Episode ended without success at step 3. Final dist: 0.1258m
2026-04-24 09:41:56,927 - [ENV] - --- EPISODE START | Scenario: DESCEND | Start: [0.65716218 0.01875803 0.55      ] | Goal: [0.65716218 0.01875803 0.415     ] | DriftLimit: 0.0264 | FloorLimit: 0.4792 ---
2026-04-24 09:42:01,620 - [ENV] - --- EPISODE START | Scenario: TRANSIT | Start: [0.68622767 0.52401418 0.55      ] | Goal: [0.95482703 0.45569699 0.55      ] | DriftLimit: 0.0263 | FloorLimit: 0.4793 ---
2026-04-24 09:42:06,216 - [ENV] - --- EPISODE START | Scenario: ASCEND | Start: [0.81071712 0.42539215 0.415     ] | Goal: [0.81071712 0.42539215 0.55      ] | DriftLimit: 0.0262 | FloorLimit: 0.4794 ---
2026-04-24 09:42:06,523 - [ENV] - TERMINATED (Ascend): Tube Drift = 0.0278m (Max 0.0261m) at step 7
2026-04-24 09:42:06,523 - [ENV] - Episode ended without success at step 7. Final dist: 0.0308m
2026-04-24 09:42:06,524 - [ENV] - --- EPISODE START | Scenario: DESCEND | Start: [0.82245242 0.44231165 0.55      ] | Goal: [0.82245242 0.44231165 0.41      ] | DriftLimit: 0.0261 | FloorLimit: 0.4794 ---
2026-04-24 09:42:11,609 - [ENV] - --- EPISODE START | Scenario: TRANSIT | Start: [0.71487456 0.1682758  0.55      ] | Goal: [0.83645076 0.20365302 0.55      ] | DriftLimit: 0.0260 | FloorLimit: 0.4794 ---
2026-04-24 09:42:16,264 - [ENV] - --- EPISODE START | Scenario: TRANSIT | Start: [0.81987708 0.1686717  0.55      ] | Goal: [1.05134819 0.38825438 0.55      ] | DriftLimit: 0.0259 | FloorLimit: 0.4795 ---
2026-04-24 09:42:17,258 - [ENV] - SUCCESS: Goal reached in 22 steps. Dist = 0.0161m
2026-04-24 09:42:17,259 - [ENV] - --- EPISODE START | Scenario: DESCEND | Start: [1.03828797 0.38261822 0.55      ] | Goal: [1.03828797 0.38261822 0.415     ] | DriftLimit: 0.0259 | FloorLimit: 0.4795 ---
2026-04-24 09:42:17,450 - [ENV] - SUCCESS: Goal reached in 6 steps. Dist = 0.0082m
2026-04-24 09:42:17,451 - [ENV] - --- EPISODE START | Scenario: TRANSIT | Start: [1.06198743 0.34451253 0.55      ] | Goal: [0.67336381 0.06930781 0.55      ] | DriftLimit: 0.0259 | FloorLimit: 0.4795 ---
2026-04-24 09:42:21,697 - [ENV] - --- EPISODE START | Scenario: ASCEND | Start: [0.797147   0.38500911 0.415     ] | Goal: [0.797147   0.38500911 0.55      ] | DriftLimit: 0.0257 | FloorLimit: 0.4796 ---
2026-04-24 09:42:21,948 - [ENV] - TERMINATED (Ascend): Tube Drift = 0.0354m (Max 0.0257m) at step 3
2026-04-24 09:42:21,948 - [ENV] - Episode ended without success at step 3. Final dist: 0.1218m
2026-04-24 09:42:21,949 - [ENV] - --- EPISODE START | Scenario: ASCEND | Start: [0.86715914 0.09031    0.415     ] | Goal: [0.86715914 0.09031    0.55      ] | DriftLimit: 0.0257 | FloorLimit: 0.4796 ---
2026-04-24 09:42:22,137 - [ENV] - TERMINATED (Ascend): Tube Drift = 0.0297m (Max 0.0257m) at step 4
2026-04-24 09:42:22,137 - [ENV] - Episode ended without success at step 4. Final dist: 0.1303m
2026-04-24 09:42:22,137 - [ENV] - --- EPISODE START | Scenario: ASCEND | Start: [0.66602562 0.19892728 0.415     ] | Goal: [0.66602562 0.19892728 0.55      ] | DriftLimit: 0.0257 | FloorLimit: 0.4796 ---
2026-04-24 09:42:26,658 - [ENV] - --- EPISODE START | Scenario: ASCEND | Start: [0.80576802 0.3339738  0.415     ] | Goal: [0.80576802 0.3339738  0.55      ] | DriftLimit: 0.0256 | FloorLimit: 0.4797 ---
2026-04-24 09:42:26,995 - [ENV] - TERMINATED (Ascend): Tube Drift = 0.0448m (Max 0.0256m) at step 3
2026-04-24 09:42:26,996 - [ENV] - Episode ended without success at step 3. Final dist: 0.1231m
2026-04-24 09:42:26,996 - [ENV] - --- EPISODE START | Scenario: DESCEND | Start: [0.70017717 0.49974342 0.55      ] | Goal: [0.70017717 0.49974342 0.41      ] | DriftLimit: 0.0256 | FloorLimit: 0.4797 ---
2026-04-24 09:42:29,853 - [ENV] - TERMINATED (Descend): Tube Drift = 0.0256m (Max 0.0256m) at step 65
2026-04-24 09:42:29,853 - [ENV] - Episode ended without success at step 65. Final dist: 0.0270m
2026-04-24 09:42:29,854 - [ENV] - --- EPISODE START | Scenario: TRANSIT | Start: [1.13357494 0.54245666 0.55      ] | Goal: [1.14995902 0.39333131 0.55      ] | DriftLimit: 0.0256 | FloorLimit: 0.4797 ---
2026-04-24 09:42:34,185 - [ENV] - --- EPISODE START | Scenario: ASCEND | Start: [1.08737866 0.01149028 0.415     ] | Goal: [1.08737866 0.01149028 0.55      ] | DriftLimit: 0.0254 | FloorLimit: 0.4798 ---
2026-04-24 09:42:34,337 - [ENV] - TERMINATED (Ascend): Tube Drift = 0.0270m (Max 0.0254m) at step 2
2026-04-24 09:42:34,337 - [ENV] - Episode ended without success at step 2. Final dist: 0.1290m
2026-04-24 09:42:34,338 - [ENV] - --- EPISODE START | Scenario: ASCEND | Start: [0.71258608 0.23052273 0.415     ] | Goal: [0.71258608 0.23052273 0.55      ] | DriftLimit: 0.0254 | FloorLimit: 0.4798 ---
2026-04-24 09:42:34,706 - [ENV] - TERMINATED (Ascend): Tube Drift = 0.0258m (Max 0.0254m) at step 7
2026-04-24 09:42:34,707 - [ENV] - Episode ended without success at step 7. Final dist: 0.1325m
2026-04-24 09:42:34,707 - [ENV] - --- EPISODE START | Scenario: DESCEND | Start: [1.06773818 0.01847231 0.55      ] | Goal: [1.06773818 0.01847231 0.415     ] | DriftLimit: 0.0254 | FloorLimit: 0.4798 ---
2026-04-24 09:42:39,136 - [ENV] - --- EPISODE START | Scenario: ASCEND | Start: [0.89500031 0.00582657 0.415     ] | Goal: [0.89500031 0.00582657 0.55      ] | DriftLimit: 0.0253 | FloorLimit: 0.4798 ---
2026-04-24 09:42:39,245 - [ENV] - TERMINATED (Ascend): Tube Drift = 0.0291m (Max 0.0253m) at step 2
2026-04-24 09:42:39,245 - [ENV] - Episode ended without success at step 2. Final dist: 0.1298m
2026-04-24 09:42:39,246 - [ENV] - --- EPISODE START | Scenario: TRANSIT | Start: [1.09394311 0.41196073 0.55      ] | Goal: [0.9773653  0.44626017 0.55      ] | DriftLimit: 0.0253 | FloorLimit: 0.4798 ---
2026-04-24 09:42:43,777 - [ENV] - --- EPISODE START | Scenario: TRANSIT | Start: [0.63329176 0.02222443 0.55      ] | Goal: [1.0554099  0.25003237 0.55      ] | DriftLimit: 0.0252 | FloorLimit: 0.4799 ---
2026-04-24 09:42:48,380 - [ENV] - --- EPISODE START | Scenario: ASCEND | Start: [0.6175802  0.05439717 0.415     ] | Goal: [0.6175802  0.05439717 0.55      ] | DriftLimit: 0.0250 | FloorLimit: 0.4800 ---
2026-04-24 09:42:48,540 - [ENV] - TERMINATED (Ascend): Tube Drift = 0.0343m (Max 0.0250m) at step 5
2026-04-24 09:42:48,541 - [ENV] - Episode ended without success at step 5. Final dist: 0.1315m
2026-04-24 09:42:48,541 - [ENV] - --- EPISODE START | Scenario: TRANSIT | Start: [0.72798501 0.44086575 0.55      ] | Goal: [0.60753689 0.42465069 0.55      ] | DriftLimit: 0.0250 | FloorLimit: 0.4800 ---
