2026-04-24 12:59:08,110 - [ENV] - --- EPISODE START | Scenario: DESCEND | Start: [0.78256406 0.03788947 0.55      ] | Goal: [0.78256406 0.03788947 0.415     ] | DriftLimit: 0.0800 | FloorLimit: 0.4500 ---
2026-04-24 12:59:08,186 - [ENV] - TERMINATED (Descend): Tube Drift = 0.0874m (Max 0.0800m) at step 3
2026-04-24 12:59:08,186 - [ENV] - Episode ended without success at step 3. Final dist: 0.1039m
2026-04-24 12:59:08,187 - [ENV] - --- EPISODE START | Scenario: DESCEND | Start: [1.04056689 0.29115217 0.55      ] | Goal: [1.04056689 0.29115217 0.41      ] | DriftLimit: 0.0800 | FloorLimit: 0.4500 ---
2026-04-24 12:59:08,330 - [ENV] - TERMINATED (Descend): Tube Drift = 0.0913m (Max 0.0800m) at step 4
2026-04-24 12:59:08,330 - [ENV] - Episode ended without success at step 4. Final dist: 0.1267m
2026-04-24 12:59:08,331 - [ENV] - --- EPISODE START | Scenario: ASCEND | Start: [0.67073854 0.04112235 0.415     ] | Goal: [0.67073854 0.04112235 0.55      ] | DriftLimit: 0.0800 | FloorLimit: 0.4500 ---
2026-04-24 12:59:08,463 - [ENV] - TERMINATED (Ascend): Tube Drift = 0.0810m (Max 0.0800m) at step 10
2026-04-24 12:59:08,463 - [ENV] - Episode ended without success at step 10. Final dist: 0.0824m
2026-04-24 12:59:08,463 - [ENV] - --- EPISODE START | Scenario: ASCEND | Start: [0.86589049 0.4774614  0.415     ] | Goal: [0.86589049 0.4774614  0.55      ] | DriftLimit: 0.0800 | FloorLimit: 0.4500 ---
2026-04-24 12:59:08,721 - [ENV] - TERMINATED (Ascend): Tube Drift = 0.0836m (Max 0.0799m) at step 24
2026-04-24 12:59:08,721 - [ENV] - Episode ended without success at step 24. Final dist: 0.0855m
2026-04-24 12:59:08,721 - [ENV] - --- EPISODE START | Scenario: ASCEND | Start: [1.15505435 0.18196608 0.415     ] | Goal: [1.15505435 0.18196608 0.55      ] | DriftLimit: 0.0799 | FloorLimit: 0.4500 ---
2026-04-24 12:59:08,811 - [ENV] - TERMINATED (Ascend): Tube Drift = 0.0948m (Max 0.0799m) at step 5
2026-04-24 12:59:08,811 - [ENV] - Episode ended without success at step 5. Final dist: 0.2076m
2026-04-24 12:59:08,811 - [ENV] - --- EPISODE START | Scenario: TRANSIT | Start: [1.04226096 0.20256177 0.55      ] | Goal: [0.80273798 0.1454329  0.55      ] | DriftLimit: 0.0799 | FloorLimit: 0.4500 ---
2026-04-24 12:59:10,927 - [ENV] - --- EPISODE START | Scenario: DESCEND | Start: [0.87162567 0.30262946 0.55      ] | Goal: [0.87162567 0.30262946 0.415     ] | DriftLimit: 0.0797 | FloorLimit: 0.4501 ---
2026-04-24 12:59:11,196 - [ENV] - TERMINATED (Descend): Tube Drift = 0.0841m (Max 0.0797m) at step 22
2026-04-24 12:59:11,196 - [ENV] - Episode ended without success at step 22. Final dist: 0.0923m
2026-04-24 12:59:11,197 - [ENV] - --- EPISODE START | Scenario: TRANSIT | Start: [1.14312223 0.11333346 0.55      ] | Goal: [0.77767079 0.42698619 0.55      ] | DriftLimit: 0.0797 | FloorLimit: 0.4502 ---
2026-04-24 12:59:11,632 - [ENV] - TERMINATED (Transit): Floor collision. Z = 0.4458m (Min 0.450m) at step 12
2026-04-24 12:59:11,632 - [ENV] - Episode ended without success at step 12. Final dist: 0.5379m
2026-04-24 12:59:11,633 - [ENV] - --- EPISODE START | Scenario: ASCEND | Start: [0.73014585 0.26543017 0.415     ] | Goal: [0.73014585 0.26543017 0.55      ] | DriftLimit: 0.0796 | FloorLimit: 0.4502 ---
2026-04-24 12:59:11,880 - [ENV] - TERMINATED (Ascend): Tube Drift = 0.0888m (Max 0.0796m) at step 11
2026-04-24 12:59:11,880 - [ENV] - Episode ended without success at step 11. Final dist: 0.1400m
2026-04-24 12:59:11,881 - [ENV] - --- EPISODE START | Scenario: ASCEND | Start: [0.64614351 0.00527397 0.415     ] | Goal: [0.64614351 0.00527397 0.55      ] | DriftLimit: 0.0796 | FloorLimit: 0.4502 ---
2026-04-24 12:59:12,041 - [ENV] - TERMINATED (Ascend): Tube Drift = 0.0835m (Max 0.0796m) at step 9
2026-04-24 12:59:12,041 - [ENV] - Episode ended without success at step 9. Final dist: 0.1435m
2026-04-24 12:59:12,042 - [ENV] - --- EPISODE START | Scenario: TRANSIT | Start: [0.95691508 0.24930799 0.55      ] | Goal: [0.69251921 0.33383767 0.55      ] | DriftLimit: 0.0796 | FloorLimit: 0.4502 ---
2026-04-24 12:59:12,883 - [ENV] - TERMINATED (Transit): Floor collision. Z = 0.4442m (Min 0.450m) at step 72
2026-04-24 12:59:12,884 - [ENV] - Episode ended without success at step 72. Final dist: 0.2835m
2026-04-24 12:59:12,884 - [ENV] - --- EPISODE START | Scenario: ASCEND | Start: [0.72459219 0.23240186 0.415     ] | Goal: [0.72459219 0.23240186 0.55      ] | DriftLimit: 0.0795 | FloorLimit: 0.4502 ---
2026-04-24 12:59:13,444 - [ENV] - TERMINATED (Ascend): Tube Drift = 0.0816m (Max 0.0795m) at step 28
2026-04-24 12:59:13,444 - [ENV] - Episode ended without success at step 28. Final dist: 0.1474m
2026-04-24 12:59:13,445 - [ENV] - --- EPISODE START | Scenario: DESCEND | Start: [0.88637471 0.4589929  0.55      ] | Goal: [0.88637471 0.4589929  0.41      ] | DriftLimit: 0.0795 | FloorLimit: 0.4502 ---
2026-04-24 12:59:13,487 - [ENV] - TERMINATED (Descend): Tube Drift = 0.0906m (Max 0.0795m) at step 3
2026-04-24 12:59:13,487 - [ENV] - Episode ended without success at step 3. Final dist: 0.1596m
2026-04-24 12:59:13,487 - [ENV] - --- EPISODE START | Scenario: DESCEND | Start: [0.93109027 0.05273052 0.55      ] | Goal: [0.93109027 0.05273052 0.41      ] | DriftLimit: 0.0795 | FloorLimit: 0.4502 ---
2026-04-24 12:59:13,523 - [ENV] - TERMINATED (Descend): Tube Drift = 0.0867m (Max 0.0795m) at step 3
2026-04-24 12:59:13,523 - [ENV] - Episode ended without success at step 3. Final dist: 0.1502m
2026-04-24 12:59:13,523 - [ENV] - --- EPISODE START | Scenario: ASCEND | Start: [1.06422944 0.22783479 0.415     ] | Goal: [1.06422944 0.22783479 0.55      ] | DriftLimit: 0.0795 | FloorLimit: 0.4502 ---
2026-04-24 12:59:13,892 - [ENV] - TERMINATED (Ascend): Tube Drift = 0.0834m (Max 0.0794m) at step 35
2026-04-24 12:59:13,892 - [ENV] - Episode ended without success at step 35. Final dist: 0.1452m
2026-04-24 12:59:13,892 - [ENV] - --- EPISODE START | Scenario: ASCEND | Start: [1.06802662 0.41754482 0.415     ] | Goal: [1.06802662 0.41754482 0.55      ] | DriftLimit: 0.0794 | FloorLimit: 0.4503 ---
2026-04-24 12:59:14,150 - [ENV] - TERMINATED (Ascend): Tube Drift = 0.0806m (Max 0.0794m) at step 15
2026-04-24 12:59:14,150 - [ENV] - Episode ended without success at step 15. Final dist: 0.1055m
2026-04-24 12:59:14,151 - [ENV] - --- EPISODE START | Scenario: ASCEND | Start: [0.62307598 0.23589659 0.415     ] | Goal: [0.62307598 0.23589659 0.55      ] | DriftLimit: 0.0794 | FloorLimit: 0.4503 ---
2026-04-24 12:59:14,404 - [ENV] - TERMINATED (Ascend): Tube Drift = 0.0822m (Max 0.0794m) at step 20
2026-04-24 12:59:14,404 - [ENV] - Episode ended without success at step 20. Final dist: 0.1410m
2026-04-24 12:59:14,404 - [ENV] - --- EPISODE START | Scenario: TRANSIT | Start: [1.11063114 0.53344533 0.55      ] | Goal: [1.14595687 0.22093023 0.55      ] | DriftLimit: 0.0794 | FloorLimit: 0.4503 ---
2026-04-24 12:59:14,581 - [ENV] - TERMINATED (Transit): Floor collision. Z = 0.4384m (Min 0.450m) at step 13
2026-04-24 12:59:14,581 - [ENV] - Episode ended without success at step 13. Final dist: 0.2676m
2026-04-24 12:59:14,581 - [ENV] - --- EPISODE START | Scenario: DESCEND | Start: [0.98905631 0.44944309 0.55      ] | Goal: [0.98905631 0.44944309 0.41      ] | DriftLimit: 0.0793 | FloorLimit: 0.4503 ---
2026-04-24 12:59:14,675 - [ENV] - TERMINATED (Descend): Tube Drift = 0.0955m (Max 0.0793m) at step 10
2026-04-24 12:59:14,675 - [ENV] - Episode ended without success at step 10. Final dist: 0.1190m
2026-04-24 12:59:14,676 - [ENV] - --- EPISODE START | Scenario: TRANSIT | Start: [0.78777749 0.48940523 0.55      ] | Goal: [1.13460601 0.27274361 0.55      ] | DriftLimit: 0.0793 | FloorLimit: 0.4503 ---
2026-04-24 12:59:14,739 - [ENV] - TERMINATED (Transit): Floor collision. Z = 0.4473m (Min 0.450m) at step 7
2026-04-24 12:59:14,740 - [ENV] - Episode ended without success at step 7. Final dist: 0.4953m
2026-04-24 12:59:14,740 - [ENV] - --- EPISODE START | Scenario: TRANSIT | Start: [1.05184622 0.23782064 0.55      ] | Goal: [0.95602669 0.50483921 0.55      ] | DriftLimit: 0.0793 | FloorLimit: 0.4503 ---
2026-04-24 12:59:14,846 - [ENV] - TERMINATED (Transit): Floor collision. Z = 0.4414m (Min 0.450m) at step 10
2026-04-24 12:59:14,846 - [ENV] - Episode ended without success at step 10. Final dist: 0.2960m
2026-04-24 12:59:14,847 - [ENV] - --- EPISODE START | Scenario: DESCEND | Start: [0.80194436 0.05230451 0.55      ] | Goal: [0.80194436 0.05230451 0.41      ] | DriftLimit: 0.0793 | FloorLimit: 0.4503 ---
2026-04-24 12:59:14,897 - [ENV] - TERMINATED (Descend): Tube Drift = 0.0841m (Max 0.0793m) at step 8
2026-04-24 12:59:14,897 - [ENV] - Episode ended without success at step 8. Final dist: 0.0887m
2026-04-24 12:59:14,898 - [ENV] - --- EPISODE START | Scenario: TRANSIT | Start: [0.9655917  0.38228091 0.55      ] | Goal: [1.06880294 0.0114467  0.55      ] | DriftLimit: 0.0793 | FloorLimit: 0.4503 ---
2026-04-24 12:59:15,801 - [ENV] - SUCCESS: Goal reached in 13 steps. Dist = 0.0149m
2026-04-24 12:59:15,802 - [ENV] - --- EPISODE START | Scenario: DESCEND | Start: [0.65467291 0.36264985 0.55      ] | Goal: [0.65467291 0.36264985 0.415     ] | DriftLimit: 0.0793 | FloorLimit: 0.4503 ---
2026-04-24 12:59:16,706 - [ENV] - SUCCESS: Goal reached in 24 steps. Dist = 0.0100m
2026-04-24 12:59:16,706 - [ENV] - --- EPISODE START | Scenario: ASCEND | Start: [1.15158353 0.15885622 0.415     ] | Goal: [1.15158353 0.15885622 0.55      ] | DriftLimit: 0.0792 | FloorLimit: 0.4503 ---
2026-04-24 12:59:20,874 - [ENV] - --- EPISODE START | Scenario: ASCEND | Start: [0.60182335 0.38234444 0.415     ] | Goal: [0.60182335 0.38234444 0.55      ] | DriftLimit: 0.0790 | FloorLimit: 0.4505 ---
2026-04-24 12:59:21,210 - [ENV] - TERMINATED (Ascend): Tube Drift = 0.0889m (Max 0.0790m) at step 9
2026-04-24 12:59:21,210 - [ENV] - Episode ended without success at step 9. Final dist: 0.1502m
2026-04-24 12:59:21,210 - [ENV] - --- EPISODE START | Scenario: ASCEND | Start: [0.66476817 0.06532846 0.415     ] | Goal: [0.66476817 0.06532846 0.55      ] | DriftLimit: 0.0790 | FloorLimit: 0.4505 ---
2026-04-24 12:59:25,468 - [ENV] - --- EPISODE START | Scenario: TRANSIT | Start: [1.02748967 0.12802424 0.55      ] | Goal: [0.67083634 0.25678865 0.55      ] | DriftLimit: 0.0787 | FloorLimit: 0.4506 ---
2026-04-24 12:59:29,797 - [ENV] - --- EPISODE START | Scenario: DESCEND | Start: [0.64712505 0.17428353 0.55      ] | Goal: [0.64712505 0.17428353 0.415     ] | DriftLimit: 0.0785 | FloorLimit: 0.4507 ---
2026-04-24 12:59:34,278 - [ENV] - --- EPISODE START | Scenario: ASCEND | Start: [0.62541934 0.17027746 0.415     ] | Goal: [0.62541934 0.17027746 0.55      ] | DriftLimit: 0.0782 | FloorLimit: 0.4508 ---
2026-04-24 12:59:35,358 - [ENV] - TERMINATED (Ascend): Tube Drift = 0.0917m (Max 0.0782m) at step 36
2026-04-24 12:59:35,359 - [ENV] - Episode ended without success at step 36. Final dist: 0.1563m
2026-04-24 12:59:35,359 - [ENV] - --- EPISODE START | Scenario: TRANSIT | Start: [0.61256043 0.38031485 0.55      ] | Goal: [0.99302279 0.47436926 0.55      ] | DriftLimit: 0.0782 | FloorLimit: 0.4508 ---
2026-04-24 12:59:35,810 - [ENV] - SUCCESS: Goal reached in 16 steps. Dist = 0.0106m
2026-04-24 12:59:35,811 - [ENV] - --- EPISODE START | Scenario: TRANSIT | Start: [0.70690386 0.29045483 0.55      ] | Goal: [0.87811525 0.0743442  0.55      ] | DriftLimit: 0.0781 | FloorLimit: 0.4508 ---
2026-04-24 12:59:36,186 - [ENV] - SUCCESS: Goal reached in 8 steps. Dist = 0.0161m
2026-04-24 12:59:36,187 - [ENV] - --- EPISODE START | Scenario: TRANSIT | Start: [1.04387316 0.19997922 0.55      ] | Goal: [0.72162292 0.29467732 0.55      ] | DriftLimit: 0.0781 | FloorLimit: 0.4508 ---
2026-04-24 12:59:40,685 - [ENV] - --- EPISODE START | Scenario: DESCEND | Start: [0.63626345 0.5384239  0.55      ] | Goal: [0.63626345 0.5384239  0.415     ] | DriftLimit: 0.0779 | FloorLimit: 0.4509 ---
2026-04-24 12:59:40,858 - [ENV] - SUCCESS: Goal reached in 4 steps. Dist = 0.0036m
2026-04-24 12:59:40,859 - [ENV] - --- EPISODE START | Scenario: DESCEND | Start: [0.77218535 0.1659625  0.55      ] | Goal: [0.77218535 0.1659625  0.415     ] | DriftLimit: 0.0779 | FloorLimit: 0.4509 ---
2026-04-24 12:59:45,010 - [ENV] - --- EPISODE START | Scenario: DESCEND | Start: [0.97782545 0.26049343 0.55      ] | Goal: [0.97782545 0.26049343 0.41      ] | DriftLimit: 0.0776 | FloorLimit: 0.4511 ---
2026-04-24 12:59:47,494 - [ENV] - TERMINATED (Descend): Tube Drift = 0.0777m (Max 0.0775m) at step 95
2026-04-24 12:59:47,494 - [ENV] - Episode ended without success at step 95. Final dist: 0.0781m
2026-04-24 12:59:47,495 - [ENV] - --- EPISODE START | Scenario: TRANSIT | Start: [0.84544651 0.45732204 0.55      ] | Goal: [0.90837493 0.12898437 0.55      ] | DriftLimit: 0.0775 | FloorLimit: 0.4511 ---
2026-04-24 12:59:51,773 - [ENV] - --- EPISODE START | Scenario: ASCEND | Start: [0.72560947 0.19688898 0.415     ] | Goal: [0.72560947 0.19688898 0.55      ] | DriftLimit: 0.0772 | FloorLimit: 0.4512 ---
2026-04-24 12:59:52,455 - [ENV] - TERMINATED (Ascend): Tube Drift = 0.0779m (Max 0.0772m) at step 26
2026-04-24 12:59:52,456 - [ENV] - Episode ended without success at step 26. Final dist: 0.1498m
2026-04-24 12:59:52,456 - [ENV] - --- EPISODE START | Scenario: ASCEND | Start: [0.99417554 0.19037239 0.415     ] | Goal: [0.99417554 0.19037239 0.55      ] | DriftLimit: 0.0772 | FloorLimit: 0.4513 ---
2026-04-24 12:59:56,726 - [ENV] - --- EPISODE START | Scenario: TRANSIT | Start: [0.9523436  0.23660771 0.55      ] | Goal: [1.09748811 0.15836236 0.55      ] | DriftLimit: 0.0769 | FloorLimit: 0.4514 ---
2026-04-24 13:00:01,303 - [ENV] - --- EPISODE START | Scenario: ASCEND | Start: [0.9697167  0.19611256 0.415     ] | Goal: [0.9697167  0.19611256 0.55      ] | DriftLimit: 0.0767 | FloorLimit: 0.4515 ---
2026-04-24 13:00:01,590 - [ENV] - TERMINATED (Ascend): Tube Drift = 0.0805m (Max 0.0767m) at step 8
2026-04-24 13:00:01,590 - [ENV] - Episode ended without success at step 8. Final dist: 0.1261m
2026-04-24 13:00:01,591 - [ENV] - --- EPISODE START | Scenario: DESCEND | Start: [0.62097151 0.40493428 0.55      ] | Goal: [0.62097151 0.40493428 0.415     ] | DriftLimit: 0.0767 | FloorLimit: 0.4515 ---
2026-04-24 13:00:06,018 - [ENV] - --- EPISODE START | Scenario: ASCEND | Start: [0.64160028 0.45633059 0.415     ] | Goal: [0.64160028 0.45633059 0.55      ] | DriftLimit: 0.0764 | FloorLimit: 0.4516 ---
2026-04-24 13:00:47,708 - [ENV] - TERMINATED (Ascend): Tube Drift = 0.0795m (Max 0.0764m) at step 13
2026-04-24 13:00:47,708 - [ENV] - Episode ended without success at step 13. Final dist: 0.1536m
2026-04-24 13:00:47,709 - [ENV] - --- EPISODE START | Scenario: ASCEND | Start: [0.66980964 0.46414152 0.415     ] | Goal: [0.66980964 0.46414152 0.55      ] | DriftLimit: 0.0764 | FloorLimit: 0.4516 ---
2026-04-24 13:00:48,258 - [ENV] - TERMINATED (Ascend): Tube Drift = 0.0788m (Max 0.0764m) at step 15
2026-04-24 13:00:48,258 - [ENV] - Episode ended without success at step 15. Final dist: 0.1529m
2026-04-24 13:00:48,259 - [ENV] - --- EPISODE START | Scenario: TRANSIT | Start: [1.13075557 0.50489285 0.55      ] | Goal: [0.99673615 0.43435103 0.55      ] | DriftLimit: 0.0764 | FloorLimit: 0.4516 ---
2026-04-24 13:00:48,482 - [ENV] - SUCCESS: Goal reached in 5 steps. Dist = 0.0157m
2026-04-24 13:00:48,483 - [ENV] - --- EPISODE START | Scenario: TRANSIT | Start: [1.10347278 0.21950643 0.55      ] | Goal: [0.73377383 0.16110271 0.55      ] | DriftLimit: 0.0764 | FloorLimit: 0.4516 ---
2026-04-24 13:00:54,019 - [ENV] - --- EPISODE START | Scenario: DESCEND | Start: [0.60553206 0.23070219 0.55      ] | Goal: [0.60553206 0.23070219 0.415     ] | DriftLimit: 0.0761 | FloorLimit: 0.4517 ---
2026-04-24 13:00:58,681 - [ENV] - --- EPISODE START | Scenario: ASCEND | Start: [1.13434938 0.38682625 0.415     ] | Goal: [1.13434938 0.38682625 0.55      ] | DriftLimit: 0.0759 | FloorLimit: 0.4518 ---
2026-04-24 13:00:59,213 - [ENV] - TERMINATED (Ascend): Tube Drift = 0.0768m (Max 0.0758m) at step 19
2026-04-24 13:00:59,213 - [ENV] - Episode ended without success at step 19. Final dist: 0.1525m
2026-04-24 13:00:59,214 - [ENV] - --- EPISODE START | Scenario: DESCEND | Start: [0.74572458 0.08052856 0.55      ] | Goal: [0.74572458 0.08052856 0.41      ] | DriftLimit: 0.0758 | FloorLimit: 0.4518 ---
2026-04-24 13:01:04,186 - [ENV] - --- EPISODE START | Scenario: TRANSIT | Start: [0.92118064 0.50591852 0.55      ] | Goal: [1.14123518 0.41682002 0.55      ] | DriftLimit: 0.0756 | FloorLimit: 0.4520 ---
2026-04-24 13:01:08,414 - [ENV] - --- EPISODE START | Scenario: TRANSIT | Start: [0.95418537 0.02675378 0.55      ] | Goal: [0.6970852  0.31104246 0.55      ] | DriftLimit: 0.0753 | FloorLimit: 0.4521 ---
2026-04-24 13:01:12,960 - [ENV] - --- EPISODE START | Scenario: ASCEND | Start: [0.73068334 0.10789842 0.415     ] | Goal: [0.73068334 0.10789842 0.55      ] | DriftLimit: 0.0751 | FloorLimit: 0.4522 ---
2026-04-24 13:01:13,768 - [ENV] - TERMINATED (Ascend): Tube Drift = 0.0755m (Max 0.0750m) at step 31
2026-04-24 13:01:13,768 - [ENV] - Episode ended without success at step 31. Final dist: 0.1522m
2026-04-24 13:01:13,769 - [ENV] - --- EPISODE START | Scenario: ASCEND | Start: [0.90956897 0.53188953 0.415     ] | Goal: [0.90956897 0.53188953 0.55      ] | DriftLimit: 0.0750 | FloorLimit: 0.4522 ---
2026-04-24 13:01:14,104 - [ENV] - TERMINATED (Ascend): Tube Drift = 0.0787m (Max 0.0750m) at step 12
2026-04-24 13:01:14,104 - [ENV] - Episode ended without success at step 12. Final dist: 0.1527m
2026-04-24 13:01:14,105 - [ENV] - --- EPISODE START | Scenario: TRANSIT | Start: [0.61374572 0.20443406 0.55      ] | Goal: [ 1.0779154  -0.01279708  0.55      ] | DriftLimit: 0.0750 | FloorLimit: 0.4522 ---
2026-04-24 13:01:18,405 - [ENV] - --- EPISODE START | Scenario: ASCEND | Start: [1.14303457 0.06996975 0.415     ] | Goal: [1.14303457 0.06996975 0.55      ] | DriftLimit: 0.0748 | FloorLimit: 0.4523 ---
2026-04-24 13:01:19,458 - [ENV] - TERMINATED (Ascend): Tube Drift = 0.0750m (Max 0.0747m) at step 41
2026-04-24 13:01:19,458 - [ENV] - Episode ended without success at step 41. Final dist: 0.1512m
2026-04-24 13:01:19,459 - [ENV] - --- EPISODE START | Scenario: TRANSIT | Start: [0.78258981 0.32840903 0.55      ] | Goal: [0.95595567 0.32942751 0.55      ] | DriftLimit: 0.0747 | FloorLimit: 0.4524 ---
2026-04-24 13:01:24,044 - [ENV] - --- EPISODE START | Scenario: ASCEND | Start: [1.08404303 0.2691298  0.415     ] | Goal: [1.08404303 0.2691298  0.55      ] | DriftLimit: 0.0745 | FloorLimit: 0.4525 ---
2026-04-24 13:01:24,474 - [ENV] - TERMINATED (Ascend): Tube Drift = 0.0747m (Max 0.0744m) at step 13
2026-04-24 13:01:24,475 - [ENV] - Episode ended without success at step 13. Final dist: 0.1514m
2026-04-24 13:01:24,475 - [ENV] - --- EPISODE START | Scenario: DESCEND | Start: [0.98693342 0.53567826 0.55      ] | Goal: [0.98693342 0.53567826 0.41      ] | DriftLimit: 0.0744 | FloorLimit: 0.4525 ---
2026-04-24 13:01:25,432 - [ENV] - TERMINATED (Descend): Tube Drift = 0.0771m (Max 0.0744m) at step 37
2026-04-24 13:01:25,433 - [ENV] - Episode ended without success at step 37. Final dist: 0.0777m
2026-04-24 13:01:25,433 - [ENV] - --- EPISODE START | Scenario: ASCEND | Start: [0.70348328 0.22815644 0.415     ] | Goal: [0.70348328 0.22815644 0.55      ] | DriftLimit: 0.0744 | FloorLimit: 0.4525 ---
2026-04-24 13:01:26,526 - [ENV] - TERMINATED (Ascend): Tube Drift = 0.0749m (Max 0.0743m) at step 32
2026-04-24 13:01:26,527 - [ENV] - Episode ended without success at step 32. Final dist: 0.1391m
2026-04-24 13:01:26,527 - [ENV] - --- EPISODE START | Scenario: TRANSIT | Start: [0.62537762 0.30654409 0.55      ] | Goal: [0.91088892 0.16611682 0.55      ] | DriftLimit: 0.0743 | FloorLimit: 0.4525 ---
2026-04-24 13:01:30,920 - [ENV] - --- EPISODE START | Scenario: ASCEND | Start: [0.96900814 0.30116799 0.415     ] | Goal: [0.96900814 0.30116799 0.55      ] | DriftLimit: 0.0741 | FloorLimit: 0.4526 ---
2026-04-24 13:01:31,429 - [ENV] - TERMINATED (Ascend): Tube Drift = 0.0757m (Max 0.0741m) at step 12
2026-04-24 13:01:31,430 - [ENV] - Episode ended without success at step 12. Final dist: 0.1125m
2026-04-24 13:01:31,430 - [ENV] - --- EPISODE START | Scenario: TRANSIT | Start: [0.68359145 0.35402795 0.55      ] | Goal: [0.72872462 0.49531594 0.55      ] | DriftLimit: 0.0741 | FloorLimit: 0.4526 ---
2026-04-24 13:01:36,052 - [ENV] - --- EPISODE START | Scenario: ASCEND | Start: [0.89879055 0.12664412 0.415     ] | Goal: [0.89879055 0.12664412 0.55      ] | DriftLimit: 0.0738 | FloorLimit: 0.4527 ---
2026-04-24 13:01:36,530 - [ENV] - TERMINATED (Ascend): Tube Drift = 0.0751m (Max 0.0738m) at step 12
2026-04-24 13:01:36,530 - [ENV] - Episode ended without success at step 12. Final dist: 0.1519m
2026-04-24 13:01:36,531 - [ENV] - --- EPISODE START | Scenario: DESCEND | Start: [0.66804671 0.47105211 0.55      ] | Goal: [0.66804671 0.47105211 0.41      ] | DriftLimit: 0.0738 | FloorLimit: 0.4528 ---
2026-04-24 13:01:41,091 - [ENV] - --- EPISODE START | Scenario: TRANSIT | Start: [1.01451569 0.05688    0.55      ] | Goal: [1.12405926 0.4744626  0.55      ] | DriftLimit: 0.0735 | FloorLimit: 0.4529 ---
2026-04-24 13:01:45,798 - [ENV] - --- EPISODE START | Scenario: DESCEND | Start: [0.74043968 0.24977042 0.55      ] | Goal: [0.74043968 0.24977042 0.41      ] | DriftLimit: 0.0733 | FloorLimit: 0.4530 ---
2026-04-24 13:01:47,829 - [ENV] - TERMINATED (Descend): Tube Drift = 0.0736m (Max 0.0732m) at step 74
2026-04-24 13:01:47,829 - [ENV] - Episode ended without success at step 74. Final dist: 0.0742m
2026-04-24 13:01:47,829 - [ENV] - --- EPISODE START | Scenario: TRANSIT | Start: [0.72644632 0.15406852 0.55      ] | Goal: [1.04691863 0.0577768  0.55      ] | DriftLimit: 0.0732 | FloorLimit: 0.4530 ---
2026-04-24 13:01:52,101 - [ENV] - --- EPISODE START | Scenario: ASCEND | Start: [0.96117685 0.39598977 0.415     ] | Goal: [0.96117685 0.39598977 0.55      ] | DriftLimit: 0.0729 | FloorLimit: 0.4531 ---
2026-04-24 13:01:53,012 - [ENV] - TERMINATED (Ascend): Tube Drift = 0.0736m (Max 0.0729m) at step 28
2026-04-24 13:01:53,012 - [ENV] - Episode ended without success at step 28. Final dist: 0.1509m
2026-04-24 13:01:53,013 - [ENV] - --- EPISODE START | Scenario: ASCEND | Start: [0.88849918 0.19278087 0.415     ] | Goal: [0.88849918 0.19278087 0.55      ] | DriftLimit: 0.0729 | FloorLimit: 0.4532 ---
2026-04-24 13:02:39,276 - [ENV] - --- EPISODE START | Scenario: DESCEND | Start: [0.61608107 0.52783802 0.55      ] | Goal: [0.61608107 0.52783802 0.415     ] | DriftLimit: 0.0726 | FloorLimit: 0.4533 ---
2026-04-24 13:02:40,980 - [ENV] - TERMINATED (Descend): Tube Drift = 0.0740m (Max 0.0726m) at step 62
2026-04-24 13:02:40,980 - [ENV] - Episode ended without success at step 62. Final dist: 0.0757m
2026-04-24 13:02:40,980 - [ENV] - --- EPISODE START | Scenario: DESCEND | Start: [0.86974071 0.27153823 0.55      ] | Goal: [0.86974071 0.27153823 0.41      ] | DriftLimit: 0.0726 | FloorLimit: 0.4533 ---
2026-04-24 13:02:42,503 - [ENV] - TERMINATED (Descend): Tube Drift = 0.0733m (Max 0.0725m) at step 48
2026-04-24 13:02:42,503 - [ENV] - Episode ended without success at step 48. Final dist: 0.0736m
2026-04-24 13:02:42,504 - [ENV] - --- EPISODE START | Scenario: ASCEND | Start: [0.72352211 0.07334316 0.415     ] | Goal: [0.72352211 0.07334316 0.55      ] | DriftLimit: 0.0725 | FloorLimit: 0.4533 ---
2026-04-24 13:02:42,712 - [ENV] - TERMINATED (Ascend): Tube Drift = 0.0735m (Max 0.0725m) at step 6
2026-04-24 13:02:42,712 - [ENV] - Episode ended without success at step 6. Final dist: 0.1392m
2026-04-24 13:02:42,713 - [ENV] - --- EPISODE START | Scenario: ASCEND | Start: [0.82204276 0.30564506 0.415     ] | Goal: [0.82204276 0.30564506 0.55      ] | DriftLimit: 0.0725 | FloorLimit: 0.4533 ---
2026-04-24 13:02:43,107 - [ENV] - TERMINATED (Ascend): Tube Drift = 0.0837m (Max 0.0725m) at step 8
2026-04-24 13:02:43,107 - [ENV] - Episode ended without success at step 8. Final dist: 0.1548m
2026-04-24 13:02:43,131 - [ENV] - --- EPISODE START | Scenario: TRANSIT | Start: [0.77908514 0.25400961 0.55      ] | Goal: [0.89440556 0.02298246 0.55      ] | DriftLimit: 0.0725 | FloorLimit: 0.4533 ---
2026-04-24 13:02:47,373 - [ENV] - --- EPISODE START | Scenario: ASCEND | Start: [1.0666099 0.0878029 0.415    ] | Goal: [1.0666099 0.0878029 0.55     ] | DriftLimit: 0.0722 | FloorLimit: 0.4535 ---
2026-04-24 13:02:47,759 - [ENV] - TERMINATED (Ascend): Tube Drift = 0.0722m (Max 0.0722m) at step 12
2026-04-24 13:02:47,759 - [ENV] - Episode ended without success at step 12. Final dist: 0.1040m
2026-04-24 13:02:47,760 - [ENV] - --- EPISODE START | Scenario: TRANSIT | Start: [0.61732298 0.12396508 0.55      ] | Goal: [0.71629368 0.01579368 0.55      ] | DriftLimit: 0.0722 | FloorLimit: 0.4535 ---
2026-04-24 13:02:52,145 - [ENV] - --- EPISODE START | Scenario: TRANSIT | Start: [1.13876713 0.5126044  0.55      ] | Goal: [0.7567167  0.14095301 0.55      ] | DriftLimit: 0.0719 | FloorLimit: 0.4536 ---
2026-04-24 13:02:56,898 - [ENV] - --- EPISODE START | Scenario: ASCEND | Start: [1.05261151 0.29814546 0.415     ] | Goal: [1.05261151 0.29814546 0.55      ] | DriftLimit: 0.0717 | FloorLimit: 0.4537 ---
2026-04-24 13:02:57,608 - [ENV] - TERMINATED (Ascend): Tube Drift = 0.0719m (Max 0.0717m) at step 28
2026-04-24 13:02:57,609 - [ENV] - Episode ended without success at step 28. Final dist: 0.1501m
2026-04-24 13:02:57,609 - [ENV] - --- EPISODE START | Scenario: ASCEND | Start: [0.81202032 0.12839913 0.415     ] | Goal: [0.81202032 0.12839913 0.55      ] | DriftLimit: 0.0717 | FloorLimit: 0.4537 ---
2026-04-24 13:02:58,303 - [ENV] - TERMINATED (Ascend): Tube Drift = 0.0716m (Max 0.0716m) at step 24
2026-04-24 13:02:58,303 - [ENV] - Episode ended without success at step 24. Final dist: 0.1505m
2026-04-24 13:02:58,304 - [ENV] - --- EPISODE START | Scenario: DESCEND | Start: [0.83209485 0.27892979 0.55      ] | Goal: [0.83209485 0.27892979 0.415     ] | DriftLimit: 0.0716 | FloorLimit: 0.4537 ---
2026-04-24 13:03:00,008 - [ENV] - TERMINATED (Descend): Tube Drift = 0.0732m (Max 0.0715m) at step 69
2026-04-24 13:03:00,008 - [ENV] - Episode ended without success at step 69. Final dist: 0.0732m
2026-04-24 13:03:00,009 - [ENV] - --- EPISODE START | Scenario: DESCEND | Start: [1.10569735 0.10707379 0.55      ] | Goal: [1.10569735 0.10707379 0.415     ] | DriftLimit: 0.0715 | FloorLimit: 0.4538 ---
2026-04-24 13:03:00,522 - [ENV] - SUCCESS: Goal reached in 21 steps. Dist = 0.0100m
2026-04-24 13:03:00,523 - [ENV] - --- EPISODE START | Scenario: DESCEND | Start: [0.99255218 0.42189562 0.55      ] | Goal: [0.99255218 0.42189562 0.41      ] | DriftLimit: 0.0715 | FloorLimit: 0.4538 ---
2026-04-24 13:03:01,734 - [ENV] - TERMINATED (Descend): Tube Drift = 0.0752m (Max 0.0714m) at step 37
2026-04-24 13:03:01,734 - [ENV] - Episode ended without success at step 37. Final dist: 0.0765m
2026-04-24 13:03:01,734 - [ENV] - --- EPISODE START | Scenario: ASCEND | Start: [1.14553428 0.28562972 0.415     ] | Goal: [1.14553428 0.28562972 0.55      ] | DriftLimit: 0.0714 | FloorLimit: 0.4538 ---
2026-04-24 13:03:02,069 - [ENV] - TERMINATED (Ascend): Tube Drift = 0.0870m (Max 0.0714m) at step 7
2026-04-24 13:03:02,069 - [ENV] - Episode ended without success at step 7. Final dist: 0.1405m
2026-04-24 13:03:02,070 - [ENV] - --- EPISODE START | Scenario: TRANSIT | Start: [0.77882449 0.18247091 0.55      ] | Goal: [0.93307674 0.15399521 0.55      ] | DriftLimit: 0.0714 | FloorLimit: 0.4538 ---
2026-04-24 13:03:06,138 - [ENV] - --- EPISODE START | Scenario: ASCEND | Start: [0.93661332 0.29219136 0.415     ] | Goal: [0.93661332 0.29219136 0.55      ] | DriftLimit: 0.0712 | FloorLimit: 0.4539 ---
2026-04-24 13:03:08,282 - [ENV] - TERMINATED (Ascend): Tube Drift = 0.0719m (Max 0.0711m) at step 72
2026-04-24 13:03:08,283 - [ENV] - Episode ended without success at step 72. Final dist: 0.1084m
2026-04-24 13:03:08,283 - [ENV] - --- EPISODE START | Scenario: DESCEND | Start: [1.0239272  0.06864911 0.55      ] | Goal: [1.0239272  0.06864911 0.41      ] | DriftLimit: 0.0711 | FloorLimit: 0.4540 ---
2026-04-24 13:03:12,840 - [ENV] - --- EPISODE START | Scenario: ASCEND | Start: [0.7978713  0.36206465 0.415     ] | Goal: [0.7978713  0.36206465 0.55      ] | DriftLimit: 0.0708 | FloorLimit: 0.4541 ---
2026-04-24 13:03:13,745 - [ENV] - TERMINATED (Ascend): Tube Drift = 0.0708m (Max 0.0708m) at step 32
2026-04-24 13:03:13,745 - [ENV] - Episode ended without success at step 32. Final dist: 0.1492m
2026-04-24 13:03:13,746 - [ENV] - --- EPISODE START | Scenario: DESCEND | Start: [0.62178139 0.14871712 0.55      ] | Goal: [0.62178139 0.14871712 0.41      ] | DriftLimit: 0.0708 | FloorLimit: 0.4541 ---
2026-04-24 13:03:18,086 - [ENV] - --- EPISODE START | Scenario: DESCEND | Start: [1.08783255 0.27676268 0.55      ] | Goal: [1.08783255 0.27676268 0.41      ] | DriftLimit: 0.0705 | FloorLimit: 0.4542 ---
2026-04-24 13:03:19,655 - [ENV] - SUCCESS: Goal reached in 57 steps. Dist = 0.0096m
2026-04-24 13:03:19,656 - [ENV] - --- EPISODE START | Scenario: ASCEND | Start: [1.02440536 0.28564276 0.415     ] | Goal: [1.02440536 0.28564276 0.55      ] | DriftLimit: 0.0704 | FloorLimit: 0.4542 ---
2026-04-24 13:03:20,650 - [ENV] - TERMINATED (Ascend): Tube Drift = 0.0706m (Max 0.0704m) at step 37
2026-04-24 13:03:20,650 - [ENV] - Episode ended without success at step 37. Final dist: 0.1495m
2026-04-24 13:03:20,650 - [ENV] - --- EPISODE START | Scenario: DESCEND | Start: [0.79474954 0.19422108 0.55      ] | Goal: [0.79474954 0.19422108 0.41      ] | DriftLimit: 0.0704 | FloorLimit: 0.4543 ---
2026-04-24 13:03:25,231 - [ENV] - --- EPISODE START | Scenario: ASCEND | Start: [0.87598807 0.1830663  0.415     ] | Goal: [0.87598807 0.1830663  0.55      ] | DriftLimit: 0.0701 | FloorLimit: 0.4544 ---
2026-04-24 13:03:29,633 - [ENV] - --- EPISODE START | Scenario: DESCEND | Start: [0.97585302 0.28058454 0.55      ] | Goal: [0.97585302 0.28058454 0.41      ] | DriftLimit: 0.0699 | FloorLimit: 0.4545 ---
2026-04-24 13:03:32,195 - [ENV] - SUCCESS: Goal reached in 102 steps. Dist = 0.0098m
2026-04-24 13:03:32,196 - [ENV] - --- EPISODE START | Scenario: DESCEND | Start: [1.00810718 0.21450635 0.55      ] | Goal: [1.00810718 0.21450635 0.415     ] | DriftLimit: 0.0697 | FloorLimit: 0.4546 ---
2026-04-24 13:03:36,478 - [ENV] - --- EPISODE START | Scenario: TRANSIT | Start: [0.80877967 0.00466587 0.55      ] | Goal: [0.68207005 0.44842306 0.55      ] | DriftLimit: 0.0695 | FloorLimit: 0.4547 ---
2026-04-24 13:03:40,863 - [ENV] - --- EPISODE START | Scenario: DESCEND | Start: [1.04045212 0.40025921 0.55      ] | Goal: [1.04045212 0.40025921 0.415     ] | DriftLimit: 0.0692 | FloorLimit: 0.4548 ---
2026-04-24 13:04:30,794 - [ENV] - TERMINATED (Descend): Tube Drift = 0.0693m (Max 0.0691m) at step 62
2026-04-24 13:04:30,794 - [ENV] - Episode ended without success at step 62. Final dist: 0.0696m
2026-04-24 13:04:30,795 - [ENV] - --- EPISODE START | Scenario: ASCEND | Start: [ 0.67640124 -0.00918059  0.415     ] | Goal: [ 0.67640124 -0.00918059  0.55      ] | DriftLimit: 0.0691 | FloorLimit: 0.4548 ---
2026-04-24 13:04:34,938 - [ENV] - --- EPISODE START | Scenario: ASCEND | Start: [0.62336513 0.04158276 0.415     ] | Goal: [0.62336513 0.04158276 0.55      ] | DriftLimit: 0.0689 | FloorLimit: 0.4549 ---
2026-04-24 13:04:39,070 - [ENV] - --- EPISODE START | Scenario: ASCEND | Start: [0.61770428 0.44571986 0.415     ] | Goal: [0.61770428 0.44571986 0.55      ] | DriftLimit: 0.0686 | FloorLimit: 0.4551 ---
2026-04-24 13:04:39,394 - [ENV] - TERMINATED (Ascend): Tube Drift = 0.0723m (Max 0.0686m) at step 8
2026-04-24 13:04:39,395 - [ENV] - Episode ended without success at step 8. Final dist: 0.1357m
2026-04-24 13:04:39,395 - [ENV] - --- EPISODE START | Scenario: ASCEND | Start: [0.79547445 0.03065802 0.415     ] | Goal: [0.79547445 0.03065802 0.55      ] | DriftLimit: 0.0686 | FloorLimit: 0.4551 ---
2026-04-24 13:04:43,439 - [ENV] - --- EPISODE START | Scenario: TRANSIT | Start: [0.62136444 0.14508852 0.55      ] | Goal: [0.73426016 0.30778652 0.55      ] | DriftLimit: 0.0684 | FloorLimit: 0.4552 ---
2026-04-24 13:04:47,613 - [ENV] - --- EPISODE START | Scenario: DESCEND | Start: [1.09432303 0.0845489  0.55      ] | Goal: [1.09432303 0.0845489  0.41      ] | DriftLimit: 0.0681 | FloorLimit: 0.4553 ---
2026-04-24 13:04:51,737 - [ENV] - --- EPISODE START | Scenario: ASCEND | Start: [0.96816826 0.04426972 0.415     ] | Goal: [0.96816826 0.04426972 0.55      ] | DriftLimit: 0.0679 | FloorLimit: 0.4554 ---
2026-04-24 13:04:51,914 - [ENV] - TERMINATED (Ascend): Tube Drift = 0.0933m (Max 0.0679m) at step 4
2026-04-24 13:04:51,914 - [ENV] - Episode ended without success at step 4. Final dist: 0.1071m
2026-04-24 13:04:51,915 - [ENV] - --- EPISODE START | Scenario: ASCEND | Start: [0.74417914 0.12389486 0.415     ] | Goal: [0.74417914 0.12389486 0.55      ] | DriftLimit: 0.0679 | FloorLimit: 0.4554 ---
2026-04-24 13:04:56,371 - [ENV] - --- EPISODE START | Scenario: ASCEND | Start: [0.6818947  0.38519543 0.415     ] | Goal: [0.6818947  0.38519543 0.55      ] | DriftLimit: 0.0676 | FloorLimit: 0.4555 ---
2026-04-24 13:04:56,972 - [ENV] - TERMINATED (Ascend): Tube Drift = 0.0691m (Max 0.0676m) at step 18
2026-04-24 13:04:56,973 - [ENV] - Episode ended without success at step 18. Final dist: 0.1472m
2026-04-24 13:04:56,974 - [ENV] - --- EPISODE START | Scenario: TRANSIT | Start: [1.00822017 0.49839325 0.55      ] | Goal: [0.60202052 0.05514103 0.55      ] | DriftLimit: 0.0676 | FloorLimit: 0.4555 ---
2026-04-24 13:05:01,660 - [ENV] - --- EPISODE START | Scenario: ASCEND | Start: [1.03328841 0.32635914 0.415     ] | Goal: [1.03328841 0.32635914 0.55      ] | DriftLimit: 0.0673 | FloorLimit: 0.4556 ---
2026-04-24 13:05:05,791 - [ENV] - --- EPISODE START | Scenario: TRANSIT | Start: [1.05566678 0.41253419 0.55      ] | Goal: [0.84669881 0.26438298 0.55      ] | DriftLimit: 0.0671 | FloorLimit: 0.4557 ---
2026-04-24 13:05:09,879 - [ENV] - --- EPISODE START | Scenario: TRANSIT | Start: [0.64065749 0.08255929 0.55      ] | Goal: [0.84376053 0.26051456 0.55      ] | DriftLimit: 0.0668 | FloorLimit: 0.4559 ---
2026-04-24 13:05:13,985 - [ENV] - --- EPISODE START | Scenario: ASCEND | Start: [0.6843428 0.3736002 0.415    ] | Goal: [0.6843428 0.3736002 0.55     ] | DriftLimit: 0.0666 | FloorLimit: 0.4560 ---
2026-04-24 13:05:14,433 - [ENV] - TERMINATED (Ascend): Tube Drift = 0.0690m (Max 0.0666m) at step 10
2026-04-24 13:05:14,433 - [ENV] - Episode ended without success at step 10. Final dist: 0.1353m
2026-04-24 13:05:14,434 - [ENV] - --- EPISODE START | Scenario: DESCEND | Start: [0.71695598 0.20883877 0.55      ] | Goal: [0.71695598 0.20883877 0.415     ] | DriftLimit: 0.0666 | FloorLimit: 0.4560 ---
2026-04-24 13:05:18,674 - [ENV] - --- EPISODE START | Scenario: ASCEND | Start: [ 0.8479358  -0.01533336  0.415     ] | Goal: [ 0.8479358  -0.01533336  0.55      ] | DriftLimit: 0.0663 | FloorLimit: 0.4561 ---
2026-04-24 13:05:18,840 - [ENV] - TERMINATED (Ascend): Tube Drift = 0.0685m (Max 0.0663m) at step 5
2026-04-24 13:05:18,840 - [ENV] - Episode ended without success at step 5. Final dist: 0.1185m
2026-04-24 13:05:18,841 - [ENV] - --- EPISODE START | Scenario: DESCEND | Start: [0.65965659 0.01620816 0.55      ] | Goal: [0.65965659 0.01620816 0.41      ] | DriftLimit: 0.0663 | FloorLimit: 0.4561 ---
2026-04-24 13:05:23,083 - [ENV] - --- EPISODE START | Scenario: ASCEND | Start: [1.00623937 0.47253698 0.415     ] | Goal: [1.00623937 0.47253698 0.55      ] | DriftLimit: 0.0661 | FloorLimit: 0.4562 ---
2026-04-24 13:05:23,687 - [ENV] - TERMINATED (Ascend): Tube Drift = 0.0675m (Max 0.0660m) at step 22
2026-04-24 13:05:23,687 - [ENV] - Episode ended without success at step 22. Final dist: 0.1477m
2026-04-24 13:05:23,688 - [ENV] - --- EPISODE START | Scenario: ASCEND | Start: [0.8314627  0.03548836 0.415     ] | Goal: [0.8314627  0.03548836 0.55      ] | DriftLimit: 0.0660 | FloorLimit: 0.4562 ---
2026-04-24 13:05:23,888 - [ENV] - TERMINATED (Ascend): Tube Drift = 0.0674m (Max 0.0660m) at step 6
2026-04-24 13:05:23,888 - [ENV] - Episode ended without success at step 6. Final dist: 0.1351m
2026-04-24 13:05:23,889 - [ENV] - --- EPISODE START | Scenario: DESCEND | Start: [0.71979284 0.12682959 0.55      ] | Goal: [0.71979284 0.12682959 0.41      ] | DriftLimit: 0.0660 | FloorLimit: 0.4562 ---
2026-04-24 13:05:28,022 - [ENV] - --- EPISODE START | Scenario: ASCEND | Start: [0.85650355 0.26574821 0.415     ] | Goal: [0.85650355 0.26574821 0.55      ] | DriftLimit: 0.0658 | FloorLimit: 0.4563 ---
2026-04-24 13:05:28,376 - [ENV] - TERMINATED (Ascend): Tube Drift = 0.0689m (Max 0.0657m) at step 8
2026-04-24 13:05:28,377 - [ENV] - Episode ended without success at step 8. Final dist: 0.1484m
2026-04-24 13:05:28,377 - [ENV] - --- EPISODE START | Scenario: ASCEND | Start: [0.60717768 0.46099603 0.415     ] | Goal: [0.60717768 0.46099603 0.55      ] | DriftLimit: 0.0657 | FloorLimit: 0.4563 ---
2026-04-24 13:05:29,192 - [ENV] - TERMINATED (Ascend): Tube Drift = 0.0658m (Max 0.0657m) at step 20
2026-04-24 13:05:29,192 - [ENV] - Episode ended without success at step 20. Final dist: 0.1492m
2026-04-24 13:05:29,193 - [ENV] - --- EPISODE START | Scenario: TRANSIT | Start: [0.99666231 0.01608199 0.55      ] | Goal: [1.02316948 0.37696264 0.55      ] | DriftLimit: 0.0657 | FloorLimit: 0.4563 ---
2026-04-24 13:06:20,476 - [ENV] - --- EPISODE START | Scenario: DESCEND | Start: [0.7653061  0.02259863 0.55      ] | Goal: [0.7653061  0.02259863 0.415     ] | DriftLimit: 0.0655 | FloorLimit: 0.4565 ---
2026-04-24 13:06:24,989 - [ENV] - --- EPISODE START | Scenario: ASCEND | Start: [1.02039053 0.22187589 0.415     ] | Goal: [1.02039053 0.22187589 0.55      ] | DriftLimit: 0.0652 | FloorLimit: 0.4566 ---
2026-04-24 13:06:29,363 - [ENV] - --- EPISODE START | Scenario: TRANSIT | Start: [0.80230606 0.39292555 0.55      ] | Goal: [0.77907193 0.09257231 0.55      ] | DriftLimit: 0.0650 | FloorLimit: 0.4567 ---
2026-04-24 13:06:33,571 - [ENV] - --- EPISODE START | Scenario: DESCEND | Start: [0.64331237 0.16869829 0.55      ] | Goal: [0.64331237 0.16869829 0.41      ] | DriftLimit: 0.0647 | FloorLimit: 0.4568 ---
2026-04-24 13:06:38,089 - [ENV] - --- EPISODE START | Scenario: DESCEND | Start: [0.70344035 0.01628757 0.55      ] | Goal: [0.70344035 0.01628757 0.41      ] | DriftLimit: 0.0645 | FloorLimit: 0.4569 ---
2026-04-24 13:06:42,179 - [ENV] - --- EPISODE START | Scenario: DESCEND | Start: [0.99108794 0.06900318 0.55      ] | Goal: [0.99108794 0.06900318 0.41      ] | DriftLimit: 0.0642 | FloorLimit: 0.4570 ---
2026-04-24 13:06:46,320 - [ENV] - --- EPISODE START | Scenario: ASCEND | Start: [0.6204523  0.08586197 0.415     ] | Goal: [0.6204523  0.08586197 0.55      ] | DriftLimit: 0.0640 | FloorLimit: 0.4571 ---
2026-04-24 13:06:50,400 - [ENV] - --- EPISODE START | Scenario: ASCEND | Start: [1.0759966 0.4266146 0.415    ] | Goal: [1.0759966 0.4266146 0.55     ] | DriftLimit: 0.0637 | FloorLimit: 0.4572 ---
2026-04-24 13:06:50,845 - [ENV] - TERMINATED (Ascend): Tube Drift = 0.0655m (Max 0.0637m) at step 14
2026-04-24 13:06:50,845 - [ENV] - Episode ended without success at step 14. Final dist: 0.1470m
2026-04-24 13:06:50,846 - [ENV] - --- EPISODE START | Scenario: DESCEND | Start: [0.91855734 0.07481917 0.55      ] | Goal: [0.91855734 0.07481917 0.41      ] | DriftLimit: 0.0637 | FloorLimit: 0.4573 ---
2026-04-24 13:06:55,199 - [ENV] - --- EPISODE START | Scenario: DESCEND | Start: [0.60178525 0.11732947 0.55      ] | Goal: [0.60178525 0.11732947 0.415     ] | DriftLimit: 0.0634 | FloorLimit: 0.4574 ---
2026-04-24 13:06:59,745 - [ENV] - --- EPISODE START | Scenario: DESCEND | Start: [0.95811178 0.42305238 0.55      ] | Goal: [0.95811178 0.42305238 0.41      ] | DriftLimit: 0.0632 | FloorLimit: 0.4575 ---
2026-04-24 13:07:04,294 - [ENV] - --- EPISODE START | Scenario: DESCEND | Start: [1.0243235  0.06569901 0.55      ] | Goal: [1.0243235  0.06569901 0.415     ] | DriftLimit: 0.0629 | FloorLimit: 0.4576 ---
2026-04-24 13:07:08,447 - [ENV] - --- EPISODE START | Scenario: TRANSIT | Start: [0.90244725 0.26879303 0.55      ] | Goal: [0.62467029 0.304864   0.55      ] | DriftLimit: 0.0627 | FloorLimit: 0.4577 ---
2026-04-24 13:07:12,571 - [ENV] - --- EPISODE START | Scenario: TRANSIT | Start: [0.89154977 0.12972229 0.55      ] | Goal: [0.66126137 0.27711986 0.55      ] | DriftLimit: 0.0624 | FloorLimit: 0.4578 ---
2026-04-24 13:07:16,861 - [ENV] - --- EPISODE START | Scenario: ASCEND | Start: [0.9191169  0.01868785 0.415     ] | Goal: [0.9191169  0.01868785 0.55      ] | DriftLimit: 0.0622 | FloorLimit: 0.4579 ---
2026-04-24 13:07:17,399 - [ENV] - TERMINATED (Ascend): Tube Drift = 0.0623m (Max 0.0621m) at step 21
2026-04-24 13:07:17,399 - [ENV] - Episode ended without success at step 21. Final dist: 0.1481m
2026-04-24 13:07:17,400 - [ENV] - --- EPISODE START | Scenario: DESCEND | Start: [0.8174378  0.12242223 0.55      ] | Goal: [0.8174378  0.12242223 0.415     ] | DriftLimit: 0.0621 | FloorLimit: 0.4579 ---
2026-04-24 13:08:17,346 - [ENV] - --- EPISODE START | Scenario: DESCEND | Start: [1.00023068 0.38523778 0.55      ] | Goal: [1.00023068 0.38523778 0.41      ] | DriftLimit: 0.0619 | FloorLimit: 0.4580 ---
2026-04-24 13:08:21,606 - [ENV] - --- EPISODE START | Scenario: ASCEND | Start: [0.77924503 0.34757738 0.415     ] | Goal: [0.77924503 0.34757738 0.55      ] | DriftLimit: 0.0616 | FloorLimit: 0.4582 ---
2026-04-24 13:08:22,671 - [ENV] - TERMINATED (Ascend): Tube Drift = 0.0617m (Max 0.0616m) at step 42
2026-04-24 13:08:22,671 - [ENV] - Episode ended without success at step 42. Final dist: 0.1459m
2026-04-24 13:08:22,671 - [ENV] - --- EPISODE START | Scenario: ASCEND | Start: [1.06201197 0.06556052 0.415     ] | Goal: [1.06201197 0.06556052 0.55      ] | DriftLimit: 0.0616 | FloorLimit: 0.4582 ---
2026-04-24 13:08:22,893 - [ENV] - TERMINATED (Ascend): Tube Drift = 0.0810m (Max 0.0616m) at step 5
2026-04-24 13:08:22,893 - [ENV] - Episode ended without success at step 5. Final dist: 0.1260m
2026-04-24 13:08:22,894 - [ENV] - --- EPISODE START | Scenario: ASCEND | Start: [0.65988741 0.08033509 0.415     ] | Goal: [0.65988741 0.08033509 0.55      ] | DriftLimit: 0.0616 | FloorLimit: 0.4582 ---
2026-04-24 13:08:27,199 - [ENV] - --- EPISODE START | Scenario: TRANSIT | Start: [0.94027368 0.51771593 0.55      ] | Goal: [0.603229   0.50888911 0.55      ] | DriftLimit: 0.0613 | FloorLimit: 0.4583 ---
2026-04-24 13:08:31,673 - [ENV] - --- EPISODE START | Scenario: DESCEND | Start: [0.69365931 0.371714   0.55      ] | Goal: [0.69365931 0.371714   0.415     ] | DriftLimit: 0.0611 | FloorLimit: 0.4584 ---
2026-04-24 13:08:36,129 - [ENV] - --- EPISODE START | Scenario: TRANSIT | Start: [ 0.73287031 -0.00739078  0.55      ] | Goal: [0.8811505  0.46829396 0.55      ] | DriftLimit: 0.0608 | FloorLimit: 0.4585 ---
2026-04-24 13:08:40,348 - [ENV] - --- EPISODE START | Scenario: ASCEND | Start: [0.98352401 0.06158622 0.415     ] | Goal: [0.98352401 0.06158622 0.55      ] | DriftLimit: 0.0606 | FloorLimit: 0.4586 ---
2026-04-24 13:08:44,728 - [ENV] - --- EPISODE START | Scenario: ASCEND | Start: [0.62395092 0.0797339  0.415     ] | Goal: [0.62395092 0.0797339  0.55      ] | DriftLimit: 0.0603 | FloorLimit: 0.4588 ---
2026-04-24 13:08:48,966 - [ENV] - --- EPISODE START | Scenario: TRANSIT | Start: [0.65781667 0.31533787 0.55      ] | Goal: [0.73891904 0.08493813 0.55      ] | DriftLimit: 0.0601 | FloorLimit: 0.4589 ---
2026-04-24 13:08:53,299 - [ENV] - --- EPISODE START | Scenario: TRANSIT | Start: [0.62323286 0.49337245 0.55      ] | Goal: [1.06066658 0.02824537 0.55      ] | DriftLimit: 0.0598 | FloorLimit: 0.4590 ---
2026-04-24 13:08:57,636 - [ENV] - --- EPISODE START | Scenario: TRANSIT | Start: [0.78534547 0.53329245 0.55      ] | Goal: [0.80348679 0.30534955 0.55      ] | DriftLimit: 0.0596 | FloorLimit: 0.4591 ---
2026-04-24 13:09:01,764 - [ENV] - --- EPISODE START | Scenario: ASCEND | Start: [1.05779986 0.29689518 0.415     ] | Goal: [1.05779986 0.29689518 0.55      ] | DriftLimit: 0.0593 | FloorLimit: 0.4592 ---
2026-04-24 13:09:02,174 - [ENV] - TERMINATED (Ascend): Tube Drift = 0.0633m (Max 0.0593m) at step 14
2026-04-24 13:09:02,174 - [ENV] - Episode ended without success at step 14. Final dist: 0.1460m
2026-04-24 13:09:02,175 - [ENV] - --- EPISODE START | Scenario: ASCEND | Start: [0.7103959  0.44715847 0.415     ] | Goal: [0.7103959  0.44715847 0.55      ] | DriftLimit: 0.0593 | FloorLimit: 0.4592 ---
2026-04-24 13:09:02,486 - [ENV] - TERMINATED (Ascend): Tube Drift = 0.0593m (Max 0.0593m) at step 6
2026-04-24 13:09:02,486 - [ENV] - Episode ended without success at step 6. Final dist: 0.1437m
2026-04-24 13:09:02,487 - [ENV] - --- EPISODE START | Scenario: DESCEND | Start: [0.66119399 0.14336661 0.55      ] | Goal: [0.66119399 0.14336661 0.415     ] | DriftLimit: 0.0593 | FloorLimit: 0.4592 ---
2026-04-24 13:09:06,660 - [ENV] - --- EPISODE START | Scenario: DESCEND | Start: [0.60126524 0.19628608 0.55      ] | Goal: [0.60126524 0.19628608 0.41      ] | DriftLimit: 0.0590 | FloorLimit: 0.4593 ---
2026-04-24 13:09:10,856 - [ENV] - --- EPISODE START | Scenario: ASCEND | Start: [0.65775697 0.49347523 0.415     ] | Goal: [0.65775697 0.49347523 0.55      ] | DriftLimit: 0.0588 | FloorLimit: 0.4594 ---
2026-04-24 13:09:11,086 - [ENV] - TERMINATED (Ascend): Tube Drift = 0.0662m (Max 0.0588m) at step 6
2026-04-24 13:09:11,086 - [ENV] - Episode ended without success at step 6. Final dist: 0.1469m
2026-04-24 13:09:11,087 - [ENV] - --- EPISODE START | Scenario: DESCEND | Start: [0.65438434 0.50589057 0.55      ] | Goal: [0.65438434 0.50589057 0.41      ] | DriftLimit: 0.0588 | FloorLimit: 0.4594 ---
2026-04-24 13:09:15,410 - [ENV] - --- EPISODE START | Scenario: ASCEND | Start: [0.7452601  0.13240818 0.415     ] | Goal: [0.7452601  0.13240818 0.55      ] | DriftLimit: 0.0585 | FloorLimit: 0.4596 ---
2026-04-24 13:09:15,683 - [ENV] - TERMINATED (Ascend): Tube Drift = 0.0655m (Max 0.0585m) at step 6
2026-04-24 13:09:15,683 - [ENV] - Episode ended without success at step 6. Final dist: 0.1448m
2026-04-24 13:09:15,683 - [ENV] - --- EPISODE START | Scenario: TRANSIT | Start: [1.11406364 0.22333598 0.55      ] | Goal: [0.60050541 0.29101262 0.55      ] | DriftLimit: 0.0585 | FloorLimit: 0.4596 ---
2026-04-24 13:10:12,011 - [ENV] - --- EPISODE START | Scenario: ASCEND | Start: [0.87235165 0.00355688 0.415     ] | Goal: [0.87235165 0.00355688 0.55      ] | DriftLimit: 0.0582 | FloorLimit: 0.4597 ---
2026-04-24 13:10:12,205 - [ENV] - TERMINATED (Ascend): Tube Drift = 0.0635m (Max 0.0582m) at step 3
2026-04-24 13:10:12,205 - [ENV] - Episode ended without success at step 3. Final dist: 0.1238m
2026-04-24 13:10:12,206 - [ENV] - --- EPISODE START | Scenario: TRANSIT | Start: [ 0.82462454 -0.0049468   0.55      ] | Goal: [0.94352722 0.48674599 0.55      ] | DriftLimit: 0.0582 | FloorLimit: 0.4597 ---
2026-04-24 13:10:16,524 - [ENV] - --- EPISODE START | Scenario: DESCEND | Start: [0.81583087 0.22812285 0.55      ] | Goal: [0.81583087 0.22812285 0.41      ] | DriftLimit: 0.0580 | FloorLimit: 0.4598 ---
2026-04-24 13:10:20,974 - [ENV] - --- EPISODE START | Scenario: DESCEND | Start: [1.02844376 0.37013507 0.55      ] | Goal: [1.02844376 0.37013507 0.41      ] | DriftLimit: 0.0577 | FloorLimit: 0.4599 ---
2026-04-24 13:10:25,497 - [ENV] - --- EPISODE START | Scenario: ASCEND | Start: [0.63774579 0.31673981 0.415     ] | Goal: [0.63774579 0.31673981 0.55      ] | DriftLimit: 0.0575 | FloorLimit: 0.4600 ---
2026-04-24 13:10:27,238 - [ENV] - TERMINATED (Ascend): Tube Drift = 0.0578m (Max 0.0574m) at step 54
2026-04-24 13:10:27,238 - [ENV] - Episode ended without success at step 54. Final dist: 0.1451m
2026-04-24 13:10:27,239 - [ENV] - --- EPISODE START | Scenario: TRANSIT | Start: [0.62793522 0.46050819 0.55      ] | Goal: [0.85187657 0.32920395 0.55      ] | DriftLimit: 0.0574 | FloorLimit: 0.4600 ---
2026-04-24 13:10:31,671 - [ENV] - --- EPISODE START | Scenario: ASCEND | Start: [0.7585967  0.14863076 0.415     ] | Goal: [0.7585967  0.14863076 0.55      ] | DriftLimit: 0.0572 | FloorLimit: 0.4602 ---
2026-04-24 13:10:32,388 - [ENV] - TERMINATED (Ascend): Tube Drift = 0.0573m (Max 0.0571m) at step 26
2026-04-24 13:10:32,388 - [ENV] - Episode ended without success at step 26. Final dist: 0.1439m
2026-04-24 13:10:32,389 - [ENV] - --- EPISODE START | Scenario: ASCEND | Start: [0.80275569 0.12089392 0.415     ] | Goal: [0.80275569 0.12089392 0.55      ] | DriftLimit: 0.0571 | FloorLimit: 0.4602 ---
2026-04-24 13:10:37,042 - [ENV] - --- EPISODE START | Scenario: DESCEND | Start: [0.76008162 0.51603951 0.55      ] | Goal: [0.76008162 0.51603951 0.41      ] | DriftLimit: 0.0569 | FloorLimit: 0.4603 ---
2026-04-24 13:10:41,280 - [ENV] - --- EPISODE START | Scenario: DESCEND | Start: [0.63404478 0.40376177 0.55      ] | Goal: [0.63404478 0.40376177 0.415     ] | DriftLimit: 0.0566 | FloorLimit: 0.4604 ---
2026-04-24 13:10:45,530 - [ENV] - --- EPISODE START | Scenario: TRANSIT | Start: [1.06506547 0.45076511 0.55      ] | Goal: [0.80748784 0.48085187 0.55      ] | DriftLimit: 0.0564 | FloorLimit: 0.4605 ---
2026-04-24 13:10:50,252 - [ENV] - --- EPISODE START | Scenario: DESCEND | Start: [0.75363931 0.20775712 0.55      ] | Goal: [0.75363931 0.20775712 0.41      ] | DriftLimit: 0.0561 | FloorLimit: 0.4606 ---
2026-04-24 13:10:54,503 - [ENV] - --- EPISODE START | Scenario: DESCEND | Start: [0.81456184 0.11951818 0.55      ] | Goal: [0.81456184 0.11951818 0.41      ] | DriftLimit: 0.0559 | FloorLimit: 0.4607 ---
2026-04-24 13:10:58,858 - [ENV] - --- EPISODE START | Scenario: DESCEND | Start: [1.09751877 0.08433474 0.55      ] | Goal: [1.09751877 0.08433474 0.41      ] | DriftLimit: 0.0556 | FloorLimit: 0.4608 ---
2026-04-24 13:11:03,283 - [ENV] - --- EPISODE START | Scenario: TRANSIT | Start: [0.78020643 0.38288438 0.55      ] | Goal: [0.92807055 0.24197579 0.55      ] | DriftLimit: 0.0554 | FloorLimit: 0.4610 ---
2026-04-24 13:11:07,562 - [ENV] - --- EPISODE START | Scenario: DESCEND | Start: [0.71156672 0.05720841 0.55      ] | Goal: [0.71156672 0.05720841 0.41      ] | DriftLimit: 0.0551 | FloorLimit: 0.4611 ---
2026-04-24 13:11:11,810 - [ENV] - --- EPISODE START | Scenario: ASCEND | Start: [0.69781134 0.50976832 0.415     ] | Goal: [0.69781134 0.50976832 0.55      ] | DriftLimit: 0.0549 | FloorLimit: 0.4612 ---
2026-04-24 13:11:11,979 - [ENV] - TERMINATED (Ascend): Tube Drift = 0.0582m (Max 0.0548m) at step 3
2026-04-24 13:11:11,980 - [ENV] - Episode ended without success at step 3. Final dist: 0.1402m
2026-04-24 13:11:11,980 - [ENV] - --- EPISODE START | Scenario: ASCEND | Start: [0.92758477 0.26664692 0.415     ] | Goal: [0.92758477 0.26664692 0.55      ] | DriftLimit: 0.0548 | FloorLimit: 0.4612 ---
2026-04-24 13:11:12,317 - [ENV] - TERMINATED (Ascend): Tube Drift = 0.0569m (Max 0.0548m) at step 8
2026-04-24 13:11:12,317 - [ENV] - Episode ended without success at step 8. Final dist: 0.1392m
2026-04-24 13:11:12,318 - [ENV] - --- EPISODE START | Scenario: ASCEND | Start: [0.96895372 0.51286031 0.415     ] | Goal: [0.96895372 0.51286031 0.55      ] | DriftLimit: 0.0548 | FloorLimit: 0.4612 ---
2026-04-24 13:11:12,463 - [ENV] - TERMINATED (Ascend): Tube Drift = 0.0550m (Max 0.0548m) at step 3
2026-04-24 13:11:12,463 - [ENV] - Episode ended without success at step 3. Final dist: 0.1379m
2026-04-24 13:11:12,464 - [ENV] - --- EPISODE START | Scenario: DESCEND | Start: [1.00076716 0.0197321  0.55      ] | Goal: [1.00076716 0.0197321  0.415     ] | DriftLimit: 0.0548 | FloorLimit: 0.4612 ---
2026-04-24 13:11:12,641 - [ENV] - SUCCESS: Goal reached in 5 steps. Dist = 0.0092m
2026-04-24 13:11:12,642 - [ENV] - --- EPISODE START | Scenario: ASCEND | Start: [1.01033234 0.29620928 0.415     ] | Goal: [1.01033234 0.29620928 0.55      ] | DriftLimit: 0.0548 | FloorLimit: 0.4612 ---
2026-04-24 13:11:12,853 - [ENV] - TERMINATED (Ascend): Tube Drift = 0.0572m (Max 0.0548m) at step 5
2026-04-24 13:11:12,853 - [ENV] - Episode ended without success at step 5. Final dist: 0.1398m
2026-04-24 13:11:12,853 - [ENV] - --- EPISODE START | Scenario: TRANSIT | Start: [0.72791942 0.00264371 0.55      ] | Goal: [0.64772331 0.14860695 0.55      ] | DriftLimit: 0.0548 | FloorLimit: 0.4612 ---
2026-04-24 13:12:06,544 - [ENV] - --- EPISODE START | Scenario: ASCEND | Start: [1.06044976 0.10384057 0.415     ] | Goal: [1.06044976 0.10384057 0.55      ] | DriftLimit: 0.0546 | FloorLimit: 0.4613 ---
2026-04-24 13:12:07,275 - [ENV] - TERMINATED (Ascend): Tube Drift = 0.0584m (Max 0.0545m) at step 30
2026-04-24 13:12:07,275 - [ENV] - Episode ended without success at step 30. Final dist: 0.1291m
2026-04-24 13:12:07,276 - [ENV] - --- EPISODE START | Scenario: ASCEND | Start: [1.0804422  0.10291468 0.415     ] | Goal: [1.0804422  0.10291468 0.55      ] | DriftLimit: 0.0545 | FloorLimit: 0.4613 ---
2026-04-24 13:12:07,445 - [ENV] - TERMINATED (Ascend): Tube Drift = 0.0790m (Max 0.0545m) at step 4
2026-04-24 13:12:07,445 - [ENV] - Episode ended without success at step 4. Final dist: 0.1123m
2026-04-24 13:12:07,446 - [ENV] - --- EPISODE START | Scenario: ASCEND | Start: [0.88903972 0.21457427 0.415     ] | Goal: [0.88903972 0.21457427 0.55      ] | DriftLimit: 0.0545 | FloorLimit: 0.4613 ---
2026-04-24 13:12:08,359 - [ENV] - TERMINATED (Ascend): Tube Drift = 0.0550m (Max 0.0545m) at step 34
2026-04-24 13:12:08,359 - [ENV] - Episode ended without success at step 34. Final dist: 0.1476m
2026-04-24 13:12:08,360 - [ENV] - --- EPISODE START | Scenario: ASCEND | Start: [0.68113978 0.38975216 0.415     ] | Goal: [0.68113978 0.38975216 0.55      ] | DriftLimit: 0.0545 | FloorLimit: 0.4613 ---
2026-04-24 13:12:08,664 - [ENV] - TERMINATED (Ascend): Tube Drift = 0.0628m (Max 0.0545m) at step 4
2026-04-24 13:12:08,664 - [ENV] - Episode ended without success at step 4. Final dist: 0.1440m
2026-04-24 13:12:08,664 - [ENV] - --- EPISODE START | Scenario: ASCEND | Start: [1.02833125 0.51408596 0.415     ] | Goal: [1.02833125 0.51408596 0.55      ] | DriftLimit: 0.0545 | FloorLimit: 0.4614 ---
2026-04-24 13:12:08,825 - [ENV] - TERMINATED (Ascend): Tube Drift = 0.0564m (Max 0.0545m) at step 3
2026-04-24 13:12:08,825 - [ENV] - Episode ended without success at step 3. Final dist: 0.1384m
2026-04-24 13:12:08,826 - [ENV] - --- EPISODE START | Scenario: TRANSIT | Start: [0.64980484 0.12421    0.55      ] | Goal: [0.99924396 0.13463855 0.55      ] | DriftLimit: 0.0545 | FloorLimit: 0.4614 ---
2026-04-24 13:12:14,032 - [ENV] - --- EPISODE START | Scenario: TRANSIT | Start: [0.92410016 0.48298204 0.55      ] | Goal: [0.90858643 0.21462618 0.55      ] | DriftLimit: 0.0542 | FloorLimit: 0.4615 ---
2026-04-24 13:12:18,468 - [ENV] - --- EPISODE START | Scenario: ASCEND | Start: [0.77426443 0.15260674 0.415     ] | Goal: [0.77426443 0.15260674 0.55      ] | DriftLimit: 0.0540 | FloorLimit: 0.4616 ---
2026-04-24 13:12:22,661 - [ENV] - --- EPISODE START | Scenario: TRANSIT | Start: [0.75425237 0.41048957 0.55      ] | Goal: [0.79008171 0.50582175 0.55      ] | DriftLimit: 0.0537 | FloorLimit: 0.4617 ---
2026-04-24 13:12:27,276 - [ENV] - --- EPISODE START | Scenario: ASCEND | Start: [0.92526938 0.02555358 0.415     ] | Goal: [0.92526938 0.02555358 0.55      ] | DriftLimit: 0.0534 | FloorLimit: 0.4618 ---
2026-04-24 13:12:27,424 - [ENV] - TERMINATED (Ascend): Tube Drift = 0.0562m (Max 0.0534m) at step 3
2026-04-24 13:12:27,424 - [ENV] - Episode ended without success at step 3. Final dist: 0.1035m
2026-04-24 13:12:27,425 - [ENV] - --- EPISODE START | Scenario: ASCEND | Start: [0.8344193  0.38199964 0.415     ] | Goal: [0.8344193  0.38199964 0.55      ] | DriftLimit: 0.0534 | FloorLimit: 0.4618 ---
2026-04-24 13:12:27,602 - [ENV] - TERMINATED (Ascend): Tube Drift = 0.0683m (Max 0.0534m) at step 4
2026-04-24 13:12:27,602 - [ENV] - Episode ended without success at step 4. Final dist: 0.1314m
2026-04-24 13:12:27,603 - [ENV] - --- EPISODE START | Scenario: TRANSIT | Start: [0.71298639 0.06226019 0.55      ] | Goal: [0.8737464  0.03763344 0.55      ] | DriftLimit: 0.0534 | FloorLimit: 0.4618 ---
2026-04-24 13:12:32,320 - [ENV] - --- EPISODE START | Scenario: DESCEND | Start: [0.90200226 0.47058291 0.55      ] | Goal: [0.90200226 0.47058291 0.41      ] | DriftLimit: 0.0532 | FloorLimit: 0.4619 ---
2026-04-24 13:12:36,896 - [ENV] - --- EPISODE START | Scenario: DESCEND | Start: [0.99570836 0.47255405 0.55      ] | Goal: [0.99570836 0.47255405 0.415     ] | DriftLimit: 0.0529 | FloorLimit: 0.4620 ---
2026-04-24 13:12:42,185 - [ENV] - --- EPISODE START | Scenario: ASCEND | Start: [0.68430874 0.18971401 0.415     ] | Goal: [0.68430874 0.18971401 0.55      ] | DriftLimit: 0.0527 | FloorLimit: 0.4621 ---
2026-04-24 13:12:43,049 - [ENV] - TERMINATED (Ascend): Tube Drift = 0.0560m (Max 0.0526m) at step 32
2026-04-24 13:12:43,049 - [ENV] - Episode ended without success at step 32. Final dist: 0.1415m
2026-04-24 13:12:43,050 - [ENV] - --- EPISODE START | Scenario: TRANSIT | Start: [0.99840629 0.31909715 0.55      ] | Goal: [0.7742487 0.4254757 0.55     ] | DriftLimit: 0.0526 | FloorLimit: 0.4622 ---
2026-04-24 13:12:47,269 - [ENV] - --- EPISODE START | Scenario: TRANSIT | Start: [0.77099163 0.35744035 0.55      ] | Goal: [0.89373704 0.01677034 0.55      ] | DriftLimit: 0.0524 | FloorLimit: 0.4623 ---
2026-04-24 13:12:51,363 - [ENV] - --- EPISODE START | Scenario: ASCEND | Start: [1.00563622 0.08091    0.415     ] | Goal: [1.00563622 0.08091    0.55      ] | DriftLimit: 0.0521 | FloorLimit: 0.4624 ---
2026-04-24 13:12:51,529 - [ENV] - TERMINATED (Ascend): Tube Drift = 0.0737m (Max 0.0521m) at step 4
2026-04-24 13:12:51,529 - [ENV] - Episode ended without success at step 4. Final dist: 0.1131m
2026-04-24 13:12:51,530 - [ENV] - --- EPISODE START | Scenario: ASCEND | Start: [0.68767043 0.36174907 0.415     ] | Goal: [0.68767043 0.36174907 0.55      ] | DriftLimit: 0.0521 | FloorLimit: 0.4624 ---
2026-04-24 13:12:51,849 - [ENV] - TERMINATED (Ascend): Tube Drift = 0.0554m (Max 0.0521m) at step 5
2026-04-24 13:12:51,850 - [ENV] - Episode ended without success at step 5. Final dist: 0.1310m
2026-04-24 13:12:51,851 - [ENV] - --- EPISODE START | Scenario: ASCEND | Start: [0.9124733  0.36732542 0.415     ] | Goal: [0.9124733  0.36732542 0.55      ] | DriftLimit: 0.0521 | FloorLimit: 0.4624 ---
2026-04-24 13:12:52,406 - [ENV] - TERMINATED (Ascend): Tube Drift = 0.0573m (Max 0.0521m) at step 16
2026-04-24 13:12:52,406 - [ENV] - Episode ended without success at step 16. Final dist: 0.1743m
2026-04-24 13:12:52,407 - [ENV] - --- EPISODE START | Scenario: DESCEND | Start: [1.07477709 0.14577262 0.55      ] | Goal: [1.07477709 0.14577262 0.415     ] | DriftLimit: 0.0521 | FloorLimit: 0.4624 ---
2026-04-24 13:12:56,997 - [ENV] - --- EPISODE START | Scenario: DESCEND | Start: [0.78049201 0.07709218 0.55      ] | Goal: [0.78049201 0.07709218 0.41      ] | DriftLimit: 0.0518 | FloorLimit: 0.4625 ---
2026-04-24 13:13:01,469 - [ENV] - --- EPISODE START | Scenario: ASCEND | Start: [0.62970236 0.170652   0.415     ] | Goal: [0.62970236 0.170652   0.55      ] | DriftLimit: 0.0516 | FloorLimit: 0.4626 ---
2026-04-24 13:13:01,774 - [ENV] - TERMINATED (Ascend): Tube Drift = 0.0577m (Max 0.0516m) at step 8
2026-04-24 13:13:01,775 - [ENV] - Episode ended without success at step 8. Final dist: 0.1408m
2026-04-24 13:13:01,775 - [ENV] - --- EPISODE START | Scenario: DESCEND | Start: [0.80664389 0.3833471  0.55      ] | Goal: [0.80664389 0.3833471  0.415     ] | DriftLimit: 0.0516 | FloorLimit: 0.4626 ---
2026-04-24 13:13:06,098 - [ENV] - --- EPISODE START | Scenario: TRANSIT | Start: [1.02727591 0.1733659  0.55      ] | Goal: [0.81217371 0.42681895 0.55      ] | DriftLimit: 0.0513 | FloorLimit: 0.4627 ---
2026-04-24 13:13:59,433 - [ENV] - --- EPISODE START | Scenario: TRANSIT | Start: [0.91980716 0.4630409  0.55      ] | Goal: [1.12777252 0.10277617 0.55      ] | DriftLimit: 0.0511 | FloorLimit: 0.4629 ---
2026-04-24 13:14:03,643 - [ENV] - --- EPISODE START | Scenario: ASCEND | Start: [1.06711681 0.17571875 0.415     ] | Goal: [1.06711681 0.17571875 0.55      ] | DriftLimit: 0.0508 | FloorLimit: 0.4630 ---
2026-04-24 13:14:03,822 - [ENV] - TERMINATED (Ascend): Tube Drift = 0.0623m (Max 0.0508m) at step 4
2026-04-24 13:14:03,822 - [ENV] - Episode ended without success at step 4. Final dist: 0.1252m
2026-04-24 13:14:03,823 - [ENV] - --- EPISODE START | Scenario: TRANSIT | Start: [1.00370521 0.40240049 0.55      ] | Goal: [1.05856947 0.27378445 0.55      ] | DriftLimit: 0.0508 | FloorLimit: 0.4630 ---
2026-04-24 13:14:08,301 - [ENV] - --- EPISODE START | Scenario: TRANSIT | Start: [0.80938347 0.08312369 0.55      ] | Goal: [1.00730368 0.32878729 0.55      ] | DriftLimit: 0.0506 | FloorLimit: 0.4631 ---
2026-04-24 13:14:12,529 - [ENV] - --- EPISODE START | Scenario: ASCEND | Start: [1.1584358  0.20548766 0.415     ] | Goal: [1.1584358  0.20548766 0.55      ] | DriftLimit: 0.0503 | FloorLimit: 0.4632 ---
2026-04-24 13:14:13,038 - [ENV] - TERMINATED (Ascend): Tube Drift = 0.0509m (Max 0.0503m) at step 19
2026-04-24 13:14:13,038 - [ENV] - Episode ended without success at step 19. Final dist: 0.1201m
2026-04-24 13:14:13,039 - [ENV] - --- EPISODE START | Scenario: DESCEND | Start: [0.64593902 0.48077815 0.55      ] | Goal: [0.64593902 0.48077815 0.41      ] | DriftLimit: 0.0503 | FloorLimit: 0.4632 ---
2026-04-24 13:14:13,554 - [ENV] - TERMINATED (Descend): Tube Drift = 0.0503m (Max 0.0503m) at step 20
2026-04-24 13:14:13,554 - [ENV] - Episode ended without success at step 20. Final dist: 0.0513m
2026-04-24 13:14:13,555 - [ENV] - --- EPISODE START | Scenario: TRANSIT | Start: [0.73776608 0.54228514 0.55      ] | Goal: [0.6367828  0.14058894 0.55      ] | DriftLimit: 0.0503 | FloorLimit: 0.4632 ---
2026-04-24 13:14:17,723 - [ENV] - --- EPISODE START | Scenario: DESCEND | Start: [0.95689234 0.38449933 0.55      ] | Goal: [0.95689234 0.38449933 0.41      ] | DriftLimit: 0.0500 | FloorLimit: 0.4633 ---
2026-04-24 13:14:19,844 - [ENV] - SUCCESS: Goal reached in 65 steps. Dist = 0.0099m
2026-04-24 13:14:19,844 - [ENV] - --- EPISODE START | Scenario: DESCEND | Start: [0.64517107 0.38077188 0.55      ] | Goal: [0.64517107 0.38077188 0.415     ] | DriftLimit: 0.0499 | FloorLimit: 0.4634 ---
2026-04-24 13:14:24,310 - [ENV] - --- EPISODE START | Scenario: ASCEND | Start: [0.74412081 0.41068533 0.415     ] | Goal: [0.74412081 0.41068533 0.55      ] | DriftLimit: 0.0497 | FloorLimit: 0.4635 ---
2026-04-24 13:14:24,653 - [ENV] - TERMINATED (Ascend): Tube Drift = 0.0497m (Max 0.0496m) at step 9
2026-04-24 13:14:24,653 - [ENV] - Episode ended without success at step 9. Final dist: 0.1231m
2026-04-24 13:14:24,654 - [ENV] - --- EPISODE START | Scenario: TRANSIT | Start: [0.68237958 0.41271678 0.55      ] | Goal: [0.90437075 0.08701012 0.55      ] | DriftLimit: 0.0496 | FloorLimit: 0.4635 ---
2026-04-24 13:14:29,305 - [ENV] - --- EPISODE START | Scenario: ASCEND | Start: [0.96638183 0.34662979 0.415     ] | Goal: [0.96638183 0.34662979 0.55      ] | DriftLimit: 0.0494 | FloorLimit: 0.4636 ---
2026-04-24 13:14:29,561 - [ENV] - TERMINATED (Ascend): Tube Drift = 0.0593m (Max 0.0494m) at step 4
2026-04-24 13:14:29,561 - [ENV] - Episode ended without success at step 4. Final dist: 0.1114m
2026-04-24 13:14:29,563 - [ENV] - --- EPISODE START | Scenario: ASCEND | Start: [0.63117679 0.32120968 0.415     ] | Goal: [0.63117679 0.32120968 0.55      ] | DriftLimit: 0.0494 | FloorLimit: 0.4636 ---
2026-04-24 13:14:30,699 - [ENV] - TERMINATED (Ascend): Tube Drift = 0.0495m (Max 0.0493m) at step 34
2026-04-24 13:14:30,699 - [ENV] - Episode ended without success at step 34. Final dist: 0.1389m
2026-04-24 13:14:30,700 - [ENV] - --- EPISODE START | Scenario: DESCEND | Start: [1.04020721 0.01971709 0.55      ] | Goal: [1.04020721 0.01971709 0.41      ] | DriftLimit: 0.0493 | FloorLimit: 0.4636 ---
2026-04-24 13:14:35,035 - [ENV] - --- EPISODE START | Scenario: TRANSIT | Start: [0.92431679 0.4504867  0.55      ] | Goal: [0.7135731  0.11147718 0.55      ] | DriftLimit: 0.0491 | FloorLimit: 0.4637 ---
2026-04-24 13:14:39,373 - [ENV] - --- EPISODE START | Scenario: DESCEND | Start: [0.69454005 0.52032687 0.55      ] | Goal: [0.69454005 0.52032687 0.415     ] | DriftLimit: 0.0488 | FloorLimit: 0.4638 ---
2026-04-24 13:14:39,861 - [ENV] - TERMINATED (Descend): Tube Drift = 0.0498m (Max 0.0488m) at step 18
2026-04-24 13:14:39,861 - [ENV] - Episode ended without success at step 18. Final dist: 0.0499m
2026-04-24 13:14:39,862 - [ENV] - --- EPISODE START | Scenario: DESCEND | Start: [0.74626869 0.15149775 0.55      ] | Goal: [0.74626869 0.15149775 0.41      ] | DriftLimit: 0.0488 | FloorLimit: 0.4639 ---
2026-04-24 13:14:44,406 - [ENV] - --- EPISODE START | Scenario: TRANSIT | Start: [0.83508494 0.28911763 0.55      ] | Goal: [0.63329714 0.32912173 0.55      ] | DriftLimit: 0.0486 | FloorLimit: 0.4640 ---
2026-04-24 13:14:48,709 - [ENV] - --- EPISODE START | Scenario: ASCEND | Start: [0.94696629 0.13197351 0.415     ] | Goal: [0.94696629 0.13197351 0.55      ] | DriftLimit: 0.0483 | FloorLimit: 0.4641 ---
2026-04-24 13:14:48,875 - [ENV] - TERMINATED (Ascend): Tube Drift = 0.0616m (Max 0.0483m) at step 4
2026-04-24 13:14:48,875 - [ENV] - Episode ended without success at step 4. Final dist: 0.1176m
2026-04-24 13:14:48,876 - [ENV] - --- EPISODE START | Scenario: DESCEND | Start: [0.85295876 0.20304455 0.55      ] | Goal: [0.85295876 0.20304455 0.41      ] | DriftLimit: 0.0483 | FloorLimit: 0.4641 ---
2026-04-24 13:14:53,478 - [ENV] - --- EPISODE START | Scenario: DESCEND | Start: [1.0080885  0.53730802 0.55      ] | Goal: [1.0080885  0.53730802 0.41      ] | DriftLimit: 0.0481 | FloorLimit: 0.4642 ---
2026-04-24 13:14:57,924 - [ENV] - --- EPISODE START | Scenario: DESCEND | Start: [0.79029692 0.51789105 0.55      ] | Goal: [0.79029692 0.51789105 0.415     ] | DriftLimit: 0.0478 | FloorLimit: 0.4643 ---
2026-04-24 13:15:54,073 - [ENV] - --- EPISODE START | Scenario: TRANSIT | Start: [1.07354441 0.28266063 0.55      ] | Goal: [0.67657219 0.30815476 0.55      ] | DriftLimit: 0.0475 | FloorLimit: 0.4644 ---
2026-04-24 13:15:58,463 - [ENV] - --- EPISODE START | Scenario: ASCEND | Start: [0.95799258 0.43815684 0.415     ] | Goal: [0.95799258 0.43815684 0.55      ] | DriftLimit: 0.0473 | FloorLimit: 0.4645 ---
2026-04-24 13:15:58,640 - [ENV] - TERMINATED (Ascend): Tube Drift = 0.0523m (Max 0.0473m) at step 3
2026-04-24 13:15:58,640 - [ENV] - Episode ended without success at step 3. Final dist: 0.1099m
2026-04-24 13:15:58,641 - [ENV] - --- EPISODE START | Scenario: ASCEND | Start: [0.91333203 0.13629258 0.415     ] | Goal: [0.91333203 0.13629258 0.55      ] | DriftLimit: 0.0473 | FloorLimit: 0.4645 ---
2026-04-24 13:15:58,840 - [ENV] - TERMINATED (Ascend): Tube Drift = 0.0501m (Max 0.0473m) at step 4
2026-04-24 13:15:58,841 - [ENV] - Episode ended without success at step 4. Final dist: 0.1191m
2026-04-24 13:15:58,841 - [ENV] - --- EPISODE START | Scenario: ASCEND | Start: [0.95468198 0.32266382 0.415     ] | Goal: [0.95468198 0.32266382 0.55      ] | DriftLimit: 0.0473 | FloorLimit: 0.4645 ---
2026-04-24 13:15:59,010 - [ENV] - TERMINATED (Ascend): Tube Drift = 0.0523m (Max 0.0473m) at step 3
2026-04-24 13:15:59,010 - [ENV] - Episode ended without success at step 3. Final dist: 0.1085m
2026-04-24 13:15:59,011 - [ENV] - --- EPISODE START | Scenario: DESCEND | Start: [0.68138748 0.4159274  0.55      ] | Goal: [0.68138748 0.4159274  0.415     ] | DriftLimit: 0.0473 | FloorLimit: 0.4645 ---
2026-04-24 13:16:03,252 - [ENV] - --- EPISODE START | Scenario: ASCEND | Start: [1.02814541 0.45600599 0.415     ] | Goal: [1.02814541 0.45600599 0.55      ] | DriftLimit: 0.0470 | FloorLimit: 0.4647 ---
2026-04-24 13:16:03,432 - [ENV] - TERMINATED (Ascend): Tube Drift = 0.0556m (Max 0.0470m) at step 3
2026-04-24 13:16:03,432 - [ENV] - Episode ended without success at step 3. Final dist: 0.1103m
2026-04-24 13:16:03,433 - [ENV] - --- EPISODE START | Scenario: TRANSIT | Start: [1.142053   0.03951211 0.55      ] | Goal: [0.64943554 0.29683662 0.55      ] | DriftLimit: 0.0470 | FloorLimit: 0.4647 ---
2026-04-24 13:16:08,334 - [ENV] - --- EPISODE START | Scenario: ASCEND | Start: [0.75820126 0.20894077 0.415     ] | Goal: [0.75820126 0.20894077 0.55      ] | DriftLimit: 0.0468 | FloorLimit: 0.4648 ---
2026-04-24 13:16:09,006 - [ENV] - TERMINATED (Ascend): Tube Drift = 0.0471m (Max 0.0467m) at step 20
2026-04-24 13:16:09,006 - [ENV] - Episode ended without success at step 20. Final dist: 0.1339m
2026-04-24 13:16:09,007 - [ENV] - --- EPISODE START | Scenario: DESCEND | Start: [0.87557876 0.4041335  0.55      ] | Goal: [0.87557876 0.4041335  0.415     ] | DriftLimit: 0.0467 | FloorLimit: 0.4648 ---
2026-04-24 13:16:13,255 - [ENV] - --- EPISODE START | Scenario: TRANSIT | Start: [0.83487622 0.13336524 0.55      ] | Goal: [1.02904754 0.36953435 0.55      ] | DriftLimit: 0.0465 | FloorLimit: 0.4649 ---
2026-04-24 13:16:17,924 - [ENV] - --- EPISODE START | Scenario: TRANSIT | Start: [ 6.68536532e-01 -5.58925357e-04  5.50000000e-01] | Goal: [0.86341772 0.43735231 0.55      ] | DriftLimit: 0.0462 | FloorLimit: 0.4650 ---
2026-04-24 13:16:22,487 - [ENV] - --- EPISODE START | Scenario: DESCEND | Start: [0.94840248 0.01763059 0.55      ] | Goal: [0.94840248 0.01763059 0.415     ] | DriftLimit: 0.0460 | FloorLimit: 0.4651 ---
2026-04-24 13:16:22,600 - [ENV] - SUCCESS: Goal reached in 4 steps. Dist = 0.0077m
2026-04-24 13:16:22,601 - [ENV] - --- EPISODE START | Scenario: ASCEND | Start: [0.73286292 0.01146578 0.415     ] | Goal: [0.73286292 0.01146578 0.55      ] | DriftLimit: 0.0460 | FloorLimit: 0.4651 ---
2026-04-24 13:16:22,775 - [ENV] - TERMINATED (Ascend): Tube Drift = 0.0564m (Max 0.0460m) at step 4
2026-04-24 13:16:22,775 - [ENV] - Episode ended without success at step 4. Final dist: 0.1346m
2026-04-24 13:16:22,776 - [ENV] - --- EPISODE START | Scenario: TRANSIT | Start: [1.15400454 0.49915731 0.55      ] | Goal: [0.9163107  0.47731248 0.55      ] | DriftLimit: 0.0460 | FloorLimit: 0.4651 ---
2026-04-24 13:16:27,262 - [ENV] - --- EPISODE START | Scenario: ASCEND | Start: [0.72868434 0.41393198 0.415     ] | Goal: [0.72868434 0.41393198 0.55      ] | DriftLimit: 0.0457 | FloorLimit: 0.4652 ---
2026-04-24 13:16:28,428 - [ENV] - TERMINATED (Ascend): Tube Drift = 0.0478m (Max 0.0457m) at step 39
2026-04-24 13:16:28,428 - [ENV] - Episode ended without success at step 39. Final dist: 0.1679m
2026-04-24 13:16:28,429 - [ENV] - --- EPISODE START | Scenario: ASCEND | Start: [0.6931875  0.10341875 0.415     ] | Goal: [0.6931875  0.10341875 0.55      ] | DriftLimit: 0.0457 | FloorLimit: 0.4653 ---
2026-04-24 13:16:32,917 - [ENV] - --- EPISODE START | Scenario: TRANSIT | Start: [0.8668326  0.40532196 0.55      ] | Goal: [1.14338703 0.50438663 0.55      ] | DriftLimit: 0.0454 | FloorLimit: 0.4654 ---
2026-04-24 13:16:37,527 - [ENV] - --- EPISODE START | Scenario: ASCEND | Start: [1.01877533 0.0754498  0.415     ] | Goal: [1.01877533 0.0754498  0.55      ] | DriftLimit: 0.0452 | FloorLimit: 0.4655 ---
2026-04-24 13:16:41,907 - [ENV] - --- EPISODE START | Scenario: TRANSIT | Start: [0.8978481  0.39190466 0.55      ] | Goal: [1.10921775 0.33503675 0.55      ] | DriftLimit: 0.0449 | FloorLimit: 0.4656 ---
2026-04-24 13:16:46,272 - [ENV] - --- EPISODE START | Scenario: DESCEND | Start: [1.13617947 0.17765271 0.55      ] | Goal: [1.13617947 0.17765271 0.41      ] | DriftLimit: 0.0447 | FloorLimit: 0.4657 ---
2026-04-24 13:16:50,546 - [ENV] - --- EPISODE START | Scenario: DESCEND | Start: [0.77887321 0.40781102 0.55      ] | Goal: [0.77887321 0.40781102 0.41      ] | DriftLimit: 0.0444 | FloorLimit: 0.4658 ---
2026-04-24 13:16:55,342 - [ENV] - --- EPISODE START | Scenario: DESCEND | Start: [1.01945694 0.09855663 0.55      ] | Goal: [1.01945694 0.09855663 0.415     ] | DriftLimit: 0.0442 | FloorLimit: 0.4659 ---
2026-04-24 13:16:56,975 - [ENV] - SUCCESS: Goal reached in 70 steps. Dist = 0.0100m
2026-04-24 13:16:56,976 - [ENV] - --- EPISODE START | Scenario: DESCEND | Start: [0.90987383 0.49366762 0.55      ] | Goal: [0.90987383 0.49366762 0.415     ] | DriftLimit: 0.0441 | FloorLimit: 0.4660 ---
2026-04-24 13:17:52,413 - [ENV] - --- EPISODE START | Scenario: TRANSIT | Start: [ 8.59471355e-01 -3.46453913e-05  5.50000000e-01] | Goal: [1.12854947 0.48032826 0.55      ] | DriftLimit: 0.0438 | FloorLimit: 0.4661 ---
2026-04-24 13:17:56,822 - [ENV] - --- EPISODE START | Scenario: TRANSIT | Start: [0.7504083  0.46105971 0.55      ] | Goal: [0.94629221 0.4699357  0.55      ] | DriftLimit: 0.0436 | FloorLimit: 0.4662 ---
2026-04-24 13:18:01,011 - [ENV] - --- EPISODE START | Scenario: TRANSIT | Start: [0.64258714 0.51452072 0.55      ] | Goal: [1.04957025 0.28111485 0.55      ] | DriftLimit: 0.0433 | FloorLimit: 0.4663 ---
2026-04-24 13:18:05,184 - [ENV] - --- EPISODE START | Scenario: TRANSIT | Start: [0.90151626 0.05448529 0.55      ] | Goal: [0.8022483  0.19904853 0.55      ] | DriftLimit: 0.0430 | FloorLimit: 0.4664 ---
2026-04-24 13:18:09,326 - [ENV] - --- EPISODE START | Scenario: ASCEND | Start: [0.7751795  0.51028325 0.415     ] | Goal: [0.7751795  0.51028325 0.55      ] | DriftLimit: 0.0428 | FloorLimit: 0.4665 ---
2026-04-24 13:18:09,447 - [ENV] - TERMINATED (Ascend): Tube Drift = 0.0472m (Max 0.0428m) at step 2
2026-04-24 13:18:09,447 - [ENV] - Episode ended without success at step 2. Final dist: 0.1226m
2026-04-24 13:18:09,448 - [ENV] - --- EPISODE START | Scenario: DESCEND | Start: [0.89424522 0.05697037 0.55      ] | Goal: [0.89424522 0.05697037 0.415     ] | DriftLimit: 0.0428 | FloorLimit: 0.4665 ---
2026-04-24 13:18:09,692 - [ENV] - SUCCESS: Goal reached in 7 steps. Dist = 0.0089m
2026-04-24 13:18:09,693 - [ENV] - --- EPISODE START | Scenario: TRANSIT | Start: [0.76072656 0.29159529 0.55      ] | Goal: [0.69620741 0.40916213 0.55      ] | DriftLimit: 0.0428 | FloorLimit: 0.4665 ---
2026-04-24 13:18:14,379 - [ENV] - --- EPISODE START | Scenario: DESCEND | Start: [0.74839551 0.03627832 0.55      ] | Goal: [0.74839551 0.03627832 0.415     ] | DriftLimit: 0.0425 | FloorLimit: 0.4667 ---
2026-04-24 13:18:18,498 - [ENV] - --- EPISODE START | Scenario: TRANSIT | Start: [0.94056461 0.05615389 0.55      ] | Goal: [0.83620477 0.34994837 0.55      ] | DriftLimit: 0.0423 | FloorLimit: 0.4668 ---
2026-04-24 13:18:22,647 - [ENV] - --- EPISODE START | Scenario: DESCEND | Start: [ 0.64204851 -0.00920146  0.55      ] | Goal: [ 0.64204851 -0.00920146  0.41      ] | DriftLimit: 0.0420 | FloorLimit: 0.4669 ---
2026-04-24 13:18:22,921 - [ENV] - SUCCESS: Goal reached in 11 steps. Dist = 0.0096m
2026-04-24 13:18:22,921 - [ENV] - --- EPISODE START | Scenario: DESCEND | Start: [0.69033379 0.15033241 0.55      ] | Goal: [0.69033379 0.15033241 0.415     ] | DriftLimit: 0.0420 | FloorLimit: 0.4669 ---
2026-04-24 13:18:27,161 - [ENV] - --- EPISODE START | Scenario: DESCEND | Start: [0.81489227 0.51139011 0.55      ] | Goal: [0.81489227 0.51139011 0.415     ] | DriftLimit: 0.0418 | FloorLimit: 0.4670 ---
2026-04-24 13:18:31,368 - [ENV] - --- EPISODE START | Scenario: TRANSIT | Start: [0.96324284 0.03570786 0.55      ] | Goal: [1.07488707 0.47372206 0.55      ] | DriftLimit: 0.0415 | FloorLimit: 0.4671 ---
2026-04-24 13:18:35,783 - [ENV] - --- EPISODE START | Scenario: TRANSIT | Start: [0.62006342 0.38477043 0.55      ] | Goal: [1.04209626 0.32824642 0.55      ] | DriftLimit: 0.0413 | FloorLimit: 0.4672 ---
2026-04-24 13:18:40,027 - [ENV] - --- EPISODE START | Scenario: TRANSIT | Start: [0.77575409 0.03303514 0.55      ] | Goal: [0.71878589 0.53723183 0.55      ] | DriftLimit: 0.0410 | FloorLimit: 0.4673 ---
2026-04-24 13:18:44,243 - [ENV] - --- EPISODE START | Scenario: DESCEND | Start: [0.85625122 0.02190478 0.55      ] | Goal: [0.85625122 0.02190478 0.41      ] | DriftLimit: 0.0407 | FloorLimit: 0.4674 ---
2026-04-24 13:18:44,546 - [ENV] - SUCCESS: Goal reached in 13 steps. Dist = 0.0100m
2026-04-24 13:18:44,547 - [ENV] - --- EPISODE START | Scenario: ASCEND | Start: [0.79083121 0.11144277 0.415     ] | Goal: [0.79083121 0.11144277 0.55      ] | DriftLimit: 0.0407 | FloorLimit: 0.4675 ---
2026-04-24 13:18:44,730 - [ENV] - TERMINATED (Ascend): Tube Drift = 0.0510m (Max 0.0407m) at step 3
2026-04-24 13:18:44,730 - [ENV] - Episode ended without success at step 3. Final dist: 0.1142m
2026-04-24 13:18:44,730 - [ENV] - --- EPISODE START | Scenario: TRANSIT | Start: [1.15031095 0.41117021 0.55      ] | Goal: [0.69900343 0.54349636 0.55      ] | DriftLimit: 0.0407 | FloorLimit: 0.4675 ---
2026-04-24 13:18:48,927 - [ENV] - --- EPISODE START | Scenario: DESCEND | Start: [1.06129114 0.24605526 0.55      ] | Goal: [1.06129114 0.24605526 0.415     ] | DriftLimit: 0.0405 | FloorLimit: 0.4676 ---
2026-04-24 13:18:49,053 - [ENV] - TERMINATED (Descend): Tube Drift = 0.0438m (Max 0.0405m) at step 2
2026-04-24 13:18:49,053 - [ENV] - Episode ended without success at step 2. Final dist: 0.0856m
2026-04-24 13:18:49,054 - [ENV] - --- EPISODE START | Scenario: ASCEND | Start: [1.04571777 0.4645751  0.415     ] | Goal: [1.04571777 0.4645751  0.55      ] | DriftLimit: 0.0405 | FloorLimit: 0.4676 ---
2026-04-24 13:18:49,238 - [ENV] - TERMINATED (Ascend): Tube Drift = 0.0491m (Max 0.0405m) at step 3
2026-04-24 13:18:49,238 - [ENV] - Episode ended without success at step 3. Final dist: 0.0953m
2026-04-24 13:18:49,239 - [ENV] - --- EPISODE START | Scenario: DESCEND | Start: [0.67929784 0.26431067 0.55      ] | Goal: [0.67929784 0.26431067 0.415     ] | DriftLimit: 0.0405 | FloorLimit: 0.4676 ---
2026-04-24 13:18:49,592 - [ENV] - TERMINATED (Descend): Tube Drift = 0.0409m (Max 0.0405m) at step 11
2026-04-24 13:18:49,592 - [ENV] - Episode ended without success at step 11. Final dist: 0.0410m
2026-04-24 13:18:49,592 - [ENV] - --- EPISODE START | Scenario: ASCEND | Start: [0.97546138 0.00863413 0.415     ] | Goal: [0.97546138 0.00863413 0.55      ] | DriftLimit: 0.0405 | FloorLimit: 0.4676 ---
2026-04-24 13:18:49,733 - [ENV] - TERMINATED (Ascend): Tube Drift = 0.0582m (Max 0.0404m) at step 3
2026-04-24 13:18:49,733 - [ENV] - Episode ended without success at step 3. Final dist: 0.1228m
2026-04-24 13:18:49,734 - [ENV] - --- EPISODE START | Scenario: DESCEND | Start: [1.14756418 0.13351696 0.55      ] | Goal: [1.14756418 0.13351696 0.415     ] | DriftLimit: 0.0404 | FloorLimit: 0.4676 ---
2026-04-24 13:19:42,808 - [ENV] - --- EPISODE START | Scenario: TRANSIT | Start: [0.8034439  0.02121794 0.55      ] | Goal: [0.92011794 0.14644126 0.55      ] | DriftLimit: 0.0402 | FloorLimit: 0.4677 ---
2026-04-24 13:19:47,296 - [ENV] - --- EPISODE START | Scenario: TRANSIT | Start: [0.90501442 0.04950961 0.55      ] | Goal: [0.66138003 0.50304676 0.55      ] | DriftLimit: 0.0399 | FloorLimit: 0.4678 ---
2026-04-24 13:19:51,487 - [ENV] - --- EPISODE START | Scenario: ASCEND | Start: [1.07559505 0.15752185 0.415     ] | Goal: [1.07559505 0.15752185 0.55      ] | DriftLimit: 0.0397 | FloorLimit: 0.4679 ---
2026-04-24 13:19:51,680 - [ENV] - TERMINATED (Ascend): Tube Drift = 0.0609m (Max 0.0397m) at step 3
2026-04-24 13:19:51,680 - [ENV] - Episode ended without success at step 3. Final dist: 0.1084m
2026-04-24 13:19:51,682 - [ENV] - --- EPISODE START | Scenario: TRANSIT | Start: [0.75376559 0.36101988 0.55      ] | Goal: [0.90784937 0.00576813 0.55      ] | DriftLimit: 0.0397 | FloorLimit: 0.4679 ---
2026-04-24 13:19:56,444 - [ENV] - --- EPISODE START | Scenario: TRANSIT | Start: [1.10123221 0.23185423 0.55      ] | Goal: [1.15510571 0.40230108 0.55      ] | DriftLimit: 0.0394 | FloorLimit: 0.4680 ---
2026-04-24 13:20:01,163 - [ENV] - --- EPISODE START | Scenario: TRANSIT | Start: [0.68135266 0.52238247 0.55      ] | Goal: [1.09039502 0.15498564 0.55      ] | DriftLimit: 0.0392 | FloorLimit: 0.4681 ---
2026-04-24 13:20:05,509 - [ENV] - --- EPISODE START | Scenario: DESCEND | Start: [0.82831745 0.24488185 0.55      ] | Goal: [0.82831745 0.24488185 0.415     ] | DriftLimit: 0.0389 | FloorLimit: 0.4683 ---
2026-04-24 13:20:09,949 - [ENV] - --- EPISODE START | Scenario: DESCEND | Start: [0.94718803 0.35211643 0.55      ] | Goal: [0.94718803 0.35211643 0.41      ] | DriftLimit: 0.0387 | FloorLimit: 0.4684 ---
2026-04-24 13:20:10,058 - [ENV] - TERMINATED (Descend): Tube Drift = 0.0456m (Max 0.0387m) at step 2
2026-04-24 13:20:10,059 - [ENV] - Episode ended without success at step 2. Final dist: 0.0692m
2026-04-24 13:20:10,059 - [ENV] - --- EPISODE START | Scenario: ASCEND | Start: [0.62726843 0.37373008 0.415     ] | Goal: [0.62726843 0.37373008 0.55      ] | DriftLimit: 0.0387 | FloorLimit: 0.4684 ---
2026-04-24 13:20:10,276 - [ENV] - TERMINATED (Ascend): Tube Drift = 0.0390m (Max 0.0387m) at step 2
2026-04-24 13:20:10,277 - [ENV] - Episode ended without success at step 2. Final dist: 0.1314m
2026-04-24 13:20:10,278 - [ENV] - --- EPISODE START | Scenario: TRANSIT | Start: [0.86718293 0.53040975 0.55      ] | Goal: [0.65111682 0.0792241  0.55      ] | DriftLimit: 0.0387 | FloorLimit: 0.4684 ---
2026-04-24 13:20:14,607 - [ENV] - --- EPISODE START | Scenario: ASCEND | Start: [0.60885436 0.29405902 0.415     ] | Goal: [0.60885436 0.29405902 0.55      ] | DriftLimit: 0.0384 | FloorLimit: 0.4685 ---
2026-04-24 13:20:15,445 - [ENV] - TERMINATED (Ascend): Tube Drift = 0.0390m (Max 0.0384m) at step 20
2026-04-24 13:20:15,445 - [ENV] - Episode ended without success at step 20. Final dist: 0.1315m
2026-04-24 13:20:15,446 - [ENV] - --- EPISODE START | Scenario: TRANSIT | Start: [1.09458396 0.49080697 0.55      ] | Goal: [0.98615222 0.19076602 0.55      ] | DriftLimit: 0.0384 | FloorLimit: 0.4685 ---
2026-04-24 13:20:15,830 - [ENV] - SUCCESS: Goal reached in 14 steps. Dist = 0.0154m
2026-04-24 13:20:15,831 - [ENV] - --- EPISODE START | Scenario: ASCEND | Start: [0.62614417 0.01118775 0.415     ] | Goal: [0.62614417 0.01118775 0.55      ] | DriftLimit: 0.0384 | FloorLimit: 0.4685 ---
2026-04-24 13:20:20,651 - [ENV] - --- EPISODE START | Scenario: DESCEND | Start: [1.13233593 0.13784209 0.55      ] | Goal: [1.13233593 0.13784209 0.415     ] | DriftLimit: 0.0381 | FloorLimit: 0.4686 ---
2026-04-24 13:20:20,773 - [ENV] - TERMINATED (Descend): Tube Drift = 0.0430m (Max 0.0381m) at step 2
2026-04-24 13:20:20,773 - [ENV] - Episode ended without success at step 2. Final dist: 0.0668m
2026-04-24 13:20:20,775 - [ENV] - --- EPISODE START | Scenario: DESCEND | Start: [1.13715764 0.36607259 0.55      ] | Goal: [1.13715764 0.36607259 0.41      ] | DriftLimit: 0.0381 | FloorLimit: 0.4686 ---
2026-04-24 13:20:20,917 - [ENV] - TERMINATED (Descend): Tube Drift = 0.0489m (Max 0.0381m) at step 2
2026-04-24 13:20:20,918 - [ENV] - Episode ended without success at step 2. Final dist: 0.0700m
2026-04-24 13:20:20,919 - [ENV] - --- EPISODE START | Scenario: ASCEND | Start: [0.95485484 0.37905256 0.415     ] | Goal: [0.95485484 0.37905256 0.55      ] | DriftLimit: 0.0381 | FloorLimit: 0.4686 ---
2026-04-24 13:20:21,115 - [ENV] - TERMINATED (Ascend): Tube Drift = 0.0588m (Max 0.0381m) at step 3
2026-04-24 13:20:21,115 - [ENV] - Episode ended without success at step 3. Final dist: 0.0993m
2026-04-24 13:20:21,116 - [ENV] - --- EPISODE START | Scenario: ASCEND | Start: [0.81094258 0.34545979 0.415     ] | Goal: [0.81094258 0.34545979 0.55      ] | DriftLimit: 0.0381 | FloorLimit: 0.4686 ---
2026-04-24 13:20:21,367 - [ENV] - TERMINATED (Ascend): Tube Drift = 0.0504m (Max 0.0381m) at step 3
2026-04-24 13:20:21,368 - [ENV] - Episode ended without success at step 3. Final dist: 0.1174m
2026-04-24 13:20:21,369 - [ENV] - --- EPISODE START | Scenario: ASCEND | Start: [ 0.61496162 -0.00705092  0.415     ] | Goal: [ 0.61496162 -0.00705092  0.55      ] | DriftLimit: 0.0381 | FloorLimit: 0.4686 ---
2026-04-24 13:20:21,529 - [ENV] - TERMINATED (Ascend): Tube Drift = 0.0485m (Max 0.0381m) at step 3
2026-04-24 13:20:21,529 - [ENV] - Episode ended without success at step 3. Final dist: 0.1313m
2026-04-24 13:20:21,530 - [ENV] - --- EPISODE START | Scenario: TRANSIT | Start: [0.92043649 0.4024007  0.55      ] | Goal: [1.15063888 0.03940637 0.55      ] | DriftLimit: 0.0381 | FloorLimit: 0.4686 ---
2026-04-24 13:20:26,083 - [ENV] - --- EPISODE START | Scenario: ASCEND | Start: [0.94027944 0.21457338 0.415     ] | Goal: [0.94027944 0.21457338 0.55      ] | DriftLimit: 0.0378 | FloorLimit: 0.4687 ---
2026-04-24 13:20:26,292 - [ENV] - TERMINATED (Ascend): Tube Drift = 0.0529m (Max 0.0378m) at step 3
2026-04-24 13:20:26,292 - [ENV] - Episode ended without success at step 3. Final dist: 0.1054m
2026-04-24 13:20:26,293 - [ENV] - --- EPISODE START | Scenario: TRANSIT | Start: [1.10132753 0.46660151 0.55      ] | Goal: [0.91577513 0.51347849 0.55      ] | DriftLimit: 0.0378 | FloorLimit: 0.4687 ---
2026-04-24 13:20:31,269 - [ENV] - --- EPISODE START | Scenario: TRANSIT | Start: [0.92398803 0.25814495 0.55      ] | Goal: [1.00853211 0.3685049  0.55      ] | DriftLimit: 0.0376 | FloorLimit: 0.4688 ---
2026-04-24 13:20:36,040 - [ENV] - --- EPISODE START | Scenario: TRANSIT | Start: [1.02439332 0.498164   0.55      ] | Goal: [0.89404109 0.29071461 0.55      ] | DriftLimit: 0.0373 | FloorLimit: 0.4690 ---
2026-04-24 13:20:40,554 - [ENV] - --- EPISODE START | Scenario: DESCEND | Start: [0.84143068 0.07122225 0.55      ] | Goal: [0.84143068 0.07122225 0.41      ] | DriftLimit: 0.0371 | FloorLimit: 0.4691 ---
2026-04-24 13:20:40,655 - [ENV] - TERMINATED (Descend): Tube Drift = 0.0372m (Max 0.0371m) at step 2
2026-04-24 13:20:40,655 - [ENV] - Episode ended without success at step 2. Final dist: 0.0608m
2026-04-24 13:20:40,656 - [ENV] - --- EPISODE START | Scenario: DESCEND | Start: [0.97693087 0.53770317 0.55      ] | Goal: [0.97693087 0.53770317 0.415     ] | DriftLimit: 0.0371 | FloorLimit: 0.4691 ---
2026-04-24 13:20:40,803 - [ENV] - TERMINATED (Descend): Tube Drift = 0.0404m (Max 0.0371m) at step 2
2026-04-24 13:20:40,803 - [ENV] - Episode ended without success at step 2. Final dist: 0.0635m
2026-04-24 13:20:40,805 - [ENV] - --- EPISODE START | Scenario: ASCEND | Start: [0.91731959 0.23644623 0.415     ] | Goal: [0.91731959 0.23644623 0.55      ] | DriftLimit: 0.0371 | FloorLimit: 0.4691 ---
2026-04-24 13:20:45,864 - [ENV] - --- EPISODE START | Scenario: DESCEND | Start: [0.98050415 0.16890923 0.55      ] | Goal: [0.98050415 0.16890923 0.415     ] | DriftLimit: 0.0368 | FloorLimit: 0.4692 ---
2026-04-24 13:20:45,971 - [ENV] - TERMINATED (Descend): Tube Drift = 0.0428m (Max 0.0368m) at step 2
2026-04-24 13:20:45,971 - [ENV] - Episode ended without success at step 2. Final dist: 0.0653m
2026-04-24 13:20:45,972 - [ENV] - --- EPISODE START | Scenario: TRANSIT | Start: [0.8775361  0.30730263 0.55      ] | Goal: [0.72376253 0.17614485 0.55      ] | DriftLimit: 0.0368 | FloorLimit: 0.4692 ---
2026-04-24 13:21:44,632 - [ENV] - --- EPISODE START | Scenario: DESCEND | Start: [0.94930651 0.21910852 0.55      ] | Goal: [0.94930651 0.21910852 0.41      ] | DriftLimit: 0.0366 | FloorLimit: 0.4693 ---
2026-04-24 13:21:44,725 - [ENV] - TERMINATED (Descend): Tube Drift = 0.0464m (Max 0.0366m) at step 2
2026-04-24 13:21:44,725 - [ENV] - Episode ended without success at step 2. Final dist: 0.0704m
2026-04-24 13:21:44,726 - [ENV] - --- EPISODE START | Scenario: DESCEND | Start: [0.84609065 0.15720053 0.55      ] | Goal: [0.84609065 0.15720053 0.415     ] | DriftLimit: 0.0366 | FloorLimit: 0.4693 ---
2026-04-24 13:21:44,854 - [ENV] - TERMINATED (Descend): Tube Drift = 0.0459m (Max 0.0366m) at step 2
2026-04-24 13:21:44,854 - [ENV] - Episode ended without success at step 2. Final dist: 0.0581m
2026-04-24 13:21:44,856 - [ENV] - --- EPISODE START | Scenario: TRANSIT | Start: [1.10308023 0.47451048 0.55      ] | Goal: [0.76575498 0.46087608 0.55      ] | DriftLimit: 0.0366 | FloorLimit: 0.4693 ---
2026-04-24 13:21:49,791 - [ENV] - --- EPISODE START | Scenario: DESCEND | Start: [1.14133678 0.23412411 0.55      ] | Goal: [1.14133678 0.23412411 0.415     ] | DriftLimit: 0.0363 | FloorLimit: 0.4694 ---
2026-04-24 13:21:49,869 - [ENV] - TERMINATED (Descend): Tube Drift = 0.0510m (Max 0.0363m) at step 2
2026-04-24 13:21:49,870 - [ENV] - Episode ended without success at step 2. Final dist: 0.0692m
2026-04-24 13:21:49,870 - [ENV] - --- EPISODE START | Scenario: DESCEND | Start: [0.77148609 0.00892229 0.55      ] | Goal: [0.77148609 0.00892229 0.41      ] | DriftLimit: 0.0363 | FloorLimit: 0.4694 ---
2026-04-24 13:21:54,298 - [ENV] - --- EPISODE START | Scenario: TRANSIT | Start: [1.10933655 0.54277991 0.55      ] | Goal: [0.88102543 0.28367899 0.55      ] | DriftLimit: 0.0361 | FloorLimit: 0.4695 ---
2026-04-24 13:21:59,415 - [ENV] - --- EPISODE START | Scenario: ASCEND | Start: [0.89706276 0.37991294 0.415     ] | Goal: [0.89706276 0.37991294 0.55      ] | DriftLimit: 0.0358 | FloorLimit: 0.4696 ---
2026-04-24 13:21:59,609 - [ENV] - TERMINATED (Ascend): Tube Drift = 0.0573m (Max 0.0358m) at step 3
2026-04-24 13:21:59,609 - [ENV] - Episode ended without success at step 3. Final dist: 0.1062m
2026-04-24 13:21:59,610 - [ENV] - --- EPISODE START | Scenario: DESCEND | Start: [0.99739042 0.33191224 0.55      ] | Goal: [0.99739042 0.33191224 0.415     ] | DriftLimit: 0.0358 | FloorLimit: 0.4696 ---
2026-04-24 13:21:59,721 - [ENV] - TERMINATED (Descend): Tube Drift = 0.0523m (Max 0.0358m) at step 2
2026-04-24 13:21:59,721 - [ENV] - Episode ended without success at step 2. Final dist: 0.0712m
2026-04-24 13:21:59,722 - [ENV] - --- EPISODE START | Scenario: ASCEND | Start: [1.11801744 0.2567606  0.415     ] | Goal: [1.11801744 0.2567606  0.55      ] | DriftLimit: 0.0358 | FloorLimit: 0.4696 ---
2026-04-24 13:21:59,900 - [ENV] - TERMINATED (Ascend): Tube Drift = 0.0524m (Max 0.0358m) at step 3
2026-04-24 13:21:59,907 - [ENV] - Episode ended without success at step 3. Final dist: 0.1061m
2026-04-24 13:21:59,909 - [ENV] - --- EPISODE START | Scenario: TRANSIT | Start: [0.66000822 0.21306286 0.55      ] | Goal: [0.79943705 0.330992   0.55      ] | DriftLimit: 0.0358 | FloorLimit: 0.4696 ---
2026-04-24 13:22:04,187 - [ENV] - --- EPISODE START | Scenario: TRANSIT | Start: [0.6056356 0.1400142 0.55     ] | Goal: [0.76532825 0.0181245  0.55      ] | DriftLimit: 0.0355 | FloorLimit: 0.4698 ---
2026-04-24 13:22:08,346 - [ENV] - --- EPISODE START | Scenario: TRANSIT | Start: [0.78143809 0.09758541 0.55      ] | Goal: [1.02587955 0.49539494 0.55      ] | DriftLimit: 0.0353 | FloorLimit: 0.4699 ---
2026-04-24 13:22:12,686 - [ENV] - --- EPISODE START | Scenario: ASCEND | Start: [0.91385515 0.06819273 0.415     ] | Goal: [0.91385515 0.06819273 0.55      ] | DriftLimit: 0.0350 | FloorLimit: 0.4700 ---
2026-04-24 13:22:17,264 - [ENV] - --- EPISODE START | Scenario: ASCEND | Start: [0.6161614 0.5127822 0.415    ] | Goal: [0.6161614 0.5127822 0.55     ] | DriftLimit: 0.0350 | FloorLimit: 0.4700 ---
2026-04-24 13:22:17,423 - [ENV] - TERMINATED (Ascend): Tube Drift = 0.0450m (Max 0.0350m) at step 3
2026-04-24 13:22:17,423 - [ENV] - Episode ended without success at step 3. Final dist: 0.1336m
2026-04-24 13:22:17,424 - [ENV] - --- EPISODE START | Scenario: TRANSIT | Start: [1.12579417 0.18094535 0.55      ] | Goal: [1.06202816 0.02626778 0.55      ] | DriftLimit: 0.0350 | FloorLimit: 0.4700 ---
2026-04-24 13:22:17,704 - [ENV] - SUCCESS: Goal reached in 8 steps. Dist = 0.0205m
2026-04-24 13:22:17,705 - [ENV] - --- EPISODE START | Scenario: TRANSIT | Start: [1.00537404 0.45358005 0.55      ] | Goal: [1.13176943 0.32297181 0.55      ] | DriftLimit: 0.0350 | FloorLimit: 0.4700 ---
2026-04-24 13:22:22,061 - [ENV] - --- EPISODE START | Scenario: DESCEND | Start: [0.61652944 0.49193709 0.55      ] | Goal: [0.61652944 0.49193709 0.415     ] | DriftLimit: 0.0350 | FloorLimit: 0.4700 ---
2026-04-24 13:22:26,525 - [ENV] - --- EPISODE START | Scenario: TRANSIT | Start: [1.07304723 0.31573863 0.55      ] | Goal: [1.11079325 0.02876408 0.55      ] | DriftLimit: 0.0350 | FloorLimit: 0.4700 ---
2026-04-24 13:22:31,143 - [ENV] - --- EPISODE START | Scenario: ASCEND | Start: [0.87263157 0.13718079 0.415     ] | Goal: [0.87263157 0.13718079 0.55      ] | DriftLimit: 0.0350 | FloorLimit: 0.4700 ---
2026-04-24 13:22:31,306 - [ENV] - TERMINATED (Ascend): Tube Drift = 0.0487m (Max 0.0350m) at step 3
2026-04-24 13:22:31,307 - [ENV] - Episode ended without success at step 3. Final dist: 0.1093m
2026-04-24 13:22:31,307 - [ENV] - --- EPISODE START | Scenario: TRANSIT | Start: [0.91184123 0.24039407 0.55      ] | Goal: [1.12549459 0.00957414 0.55      ] | DriftLimit: 0.0350 | FloorLimit: 0.4700 ---
2026-04-24 13:22:35,757 - [ENV] - --- EPISODE START | Scenario: TRANSIT | Start: [1.01018613 0.29397299 0.55      ] | Goal: [ 0.66237711 -0.00621931  0.55      ] | DriftLimit: 0.0350 | FloorLimit: 0.4700 ---
2026-04-24 13:22:40,617 - [ENV] - --- EPISODE START | Scenario: ASCEND | Start: [0.68774263 0.22433751 0.415     ] | Goal: [0.68774263 0.22433751 0.55      ] | DriftLimit: 0.0350 | FloorLimit: 0.4700 ---
2026-04-24 13:22:40,985 - [ENV] - TERMINATED (Ascend): Tube Drift = 0.0404m (Max 0.0350m) at step 7
2026-04-24 13:22:40,985 - [ENV] - Episode ended without success at step 7. Final dist: 0.1343m
2026-04-24 13:22:40,986 - [ENV] - --- EPISODE START | Scenario: TRANSIT | Start: [0.8218739  0.50895872 0.55      ] | Goal: [0.70193377 0.14586086 0.55      ] | DriftLimit: 0.0350 | FloorLimit: 0.4700 ---
2026-04-24 13:22:41,974 - [ENV] - SUCCESS: Goal reached in 38 steps. Dist = 0.0205m
2026-04-24 13:22:41,975 - [ENV] - --- EPISODE START | Scenario: TRANSIT | Start: [0.73844805 0.53557387 0.55      ] | Goal: [0.8032506  0.34064474 0.55      ] | DriftLimit: 0.0350 | FloorLimit: 0.4700 ---
2026-04-24 13:23:27,333 - [ENV] - --- EPISODE START | Scenario: ASCEND | Start: [1.00916183 0.04678097 0.415     ] | Goal: [1.00916183 0.04678097 0.55      ] | DriftLimit: 0.0350 | FloorLimit: 0.4700 ---
2026-04-24 13:23:27,482 - [ENV] - TERMINATED (Ascend): Tube Drift = 0.0449m (Max 0.0350m) at step 3
2026-04-24 13:23:27,483 - [ENV] - Episode ended without success at step 3. Final dist: 0.1016m
2026-04-24 13:23:27,484 - [ENV] - --- EPISODE START | Scenario: DESCEND | Start: [1.15968237 0.46730172 0.55      ] | Goal: [1.15968237 0.46730172 0.415     ] | DriftLimit: 0.0350 | FloorLimit: 0.4700 ---
2026-04-24 13:23:27,647 - [ENV] - TERMINATED (Descend): Tube Drift = 0.0537m (Max 0.0350m) at step 2
2026-04-24 13:23:27,647 - [ENV] - Episode ended without success at step 2. Final dist: 0.0724m
2026-04-24 13:23:27,649 - [ENV] - --- EPISODE START | Scenario: TRANSIT | Start: [0.69228874 0.03595655 0.55      ] | Goal: [1.1142762  0.16627478 0.55      ] | DriftLimit: 0.0350 | FloorLimit: 0.4700 ---
2026-04-24 13:23:28,157 - [ENV] - SUCCESS: Goal reached in 17 steps. Dist = 0.0188m
2026-04-24 13:23:28,158 - [ENV] - --- EPISODE START | Scenario: TRANSIT | Start: [0.75730976 0.47463186 0.55      ] | Goal: [1.13251287 0.33972548 0.55      ] | DriftLimit: 0.0350 | FloorLimit: 0.4700 ---
2026-04-24 13:23:32,840 - [ENV] - --- EPISODE START | Scenario: ASCEND | Start: [1.11533549 0.18642544 0.415     ] | Goal: [1.11533549 0.18642544 0.55      ] | DriftLimit: 0.0350 | FloorLimit: 0.4700 ---
2026-04-24 13:23:33,009 - [ENV] - TERMINATED (Ascend): Tube Drift = 0.0574m (Max 0.0350m) at step 3
2026-04-24 13:23:33,009 - [ENV] - Episode ended without success at step 3. Final dist: 0.1042m
2026-04-24 13:23:33,010 - [ENV] - --- EPISODE START | Scenario: TRANSIT | Start: [0.72679158 0.50263345 0.55      ] | Goal: [0.66797474 0.0724234  0.55      ] | DriftLimit: 0.0350 | FloorLimit: 0.4700 ---
2026-04-24 13:23:37,430 - [ENV] - --- EPISODE START | Scenario: ASCEND | Start: [0.90447558 0.36221246 0.415     ] | Goal: [0.90447558 0.36221246 0.55      ] | DriftLimit: 0.0350 | FloorLimit: 0.4700 ---
2026-04-24 13:23:37,711 - [ENV] - TERMINATED (Ascend): Tube Drift = 0.0491m (Max 0.0350m) at step 3
2026-04-24 13:23:37,711 - [ENV] - Episode ended without success at step 3. Final dist: 0.1025m
2026-04-24 13:23:37,713 - [ENV] - --- EPISODE START | Scenario: DESCEND | Start: [0.91243461 0.4272097  0.55      ] | Goal: [0.91243461 0.4272097  0.41      ] | DriftLimit: 0.0350 | FloorLimit: 0.4700 ---
2026-04-24 13:23:37,841 - [ENV] - TERMINATED (Descend): Tube Drift = 0.0489m (Max 0.0350m) at step 2
2026-04-24 13:23:37,842 - [ENV] - Episode ended without success at step 2. Final dist: 0.0724m
2026-04-24 13:23:37,843 - [ENV] - --- EPISODE START | Scenario: ASCEND | Start: [ 1.03634346 -0.00501777  0.415     ] | Goal: [ 1.03634346 -0.00501777  0.55      ] | DriftLimit: 0.0350 | FloorLimit: 0.4700 ---
2026-04-24 13:23:42,454 - [ENV] - --- EPISODE START | Scenario: DESCEND | Start: [0.99980984 0.22831334 0.55      ] | Goal: [0.99980984 0.22831334 0.41      ] | DriftLimit: 0.0350 | FloorLimit: 0.4700 ---
2026-04-24 13:23:42,560 - [ENV] - TERMINATED (Descend): Tube Drift = 0.0528m (Max 0.0350m) at step 2
2026-04-24 13:23:42,560 - [ENV] - Episode ended without success at step 2. Final dist: 0.0748m
2026-04-24 13:23:42,561 - [ENV] - --- EPISODE START | Scenario: ASCEND | Start: [0.60809067 0.24247282 0.415     ] | Goal: [0.60809067 0.24247282 0.55      ] | DriftLimit: 0.0350 | FloorLimit: 0.4700 ---
2026-04-24 13:23:42,973 - [ENV] - TERMINATED (Ascend): Tube Drift = 0.0353m (Max 0.0350m) at step 8
2026-04-24 13:23:42,973 - [ENV] - Episode ended without success at step 8. Final dist: 0.1271m
2026-04-24 13:23:42,974 - [ENV] - --- EPISODE START | Scenario: TRANSIT | Start: [1.02176084 0.50137402 0.55      ] | Goal: [1.08308263 0.24082408 0.55      ] | DriftLimit: 0.0350 | FloorLimit: 0.4700 ---
2026-04-24 13:23:43,499 - [ENV] - SUCCESS: Goal reached in 21 steps. Dist = 0.0199m
2026-04-24 13:23:43,500 - [ENV] - --- EPISODE START | Scenario: DESCEND | Start: [0.98557677 0.19022282 0.55      ] | Goal: [0.98557677 0.19022282 0.41      ] | DriftLimit: 0.0350 | FloorLimit: 0.4700 ---
2026-04-24 13:23:43,591 - [ENV] - TERMINATED (Descend): Tube Drift = 0.0519m (Max 0.0350m) at step 2
2026-04-24 13:23:43,591 - [ENV] - Episode ended without success at step 2. Final dist: 0.0746m
2026-04-24 13:23:43,592 - [ENV] - --- EPISODE START | Scenario: TRANSIT | Start: [1.10783175 0.27350645 0.55      ] | Goal: [0.89788461 0.36614605 0.55      ] | DriftLimit: 0.0350 | FloorLimit: 0.4700 ---
2026-04-24 13:23:48,038 - [ENV] - --- EPISODE START | Scenario: ASCEND | Start: [0.84241553 0.25899121 0.415     ] | Goal: [0.84241553 0.25899121 0.55      ] | DriftLimit: 0.0350 | FloorLimit: 0.4700 ---
2026-04-24 13:23:48,306 - [ENV] - TERMINATED (Ascend): Tube Drift = 0.0379m (Max 0.0350m) at step 3
2026-04-24 13:23:48,307 - [ENV] - Episode ended without success at step 3. Final dist: 0.1139m
2026-04-24 13:23:48,308 - [ENV] - --- EPISODE START | Scenario: TRANSIT | Start: [0.99688691 0.25465389 0.55      ] | Goal: [1.14165052 0.02169538 0.55      ] | DriftLimit: 0.0350 | FloorLimit: 0.4700 ---
2026-04-24 13:23:52,956 - [ENV] - --- EPISODE START | Scenario: ASCEND | Start: [0.79730001 0.06457588 0.415     ] | Goal: [0.79730001 0.06457588 0.55      ] | DriftLimit: 0.0350 | FloorLimit: 0.4700 ---
2026-04-24 13:23:57,337 - [ENV] - --- EPISODE START | Scenario: ASCEND | Start: [0.83500082 0.43651241 0.415     ] | Goal: [0.83500082 0.43651241 0.55      ] | DriftLimit: 0.0350 | FloorLimit: 0.4700 ---
2026-04-24 13:23:58,436 - [ENV] - TERMINATED (Ascend): Tube Drift = 0.0366m (Max 0.0350m) at step 33
2026-04-24 13:23:58,436 - [ENV] - Episode ended without success at step 33. Final dist: 0.1513m
2026-04-24 13:23:58,437 - [ENV] - --- EPISODE START | Scenario: DESCEND | Start: [1.08883752 0.15962573 0.55      ] | Goal: [1.08883752 0.15962573 0.41      ] | DriftLimit: 0.0350 | FloorLimit: 0.4700 ---
2026-04-24 13:23:58,549 - [ENV] - TERMINATED (Descend): Tube Drift = 0.0550m (Max 0.0350m) at step 2
2026-04-24 13:23:58,550 - [ENV] - Episode ended without success at step 2. Final dist: 0.0787m
2026-04-24 13:23:58,551 - [ENV] - --- EPISODE START | Scenario: TRANSIT | Start: [1.14614917 0.09696404 0.55      ] | Goal: [1.03776369 0.00473323 0.55      ] | DriftLimit: 0.0350 | FloorLimit: 0.4700 ---
2026-04-24 13:24:02,741 - [ENV] - --- EPISODE START | Scenario: DESCEND | Start: [1.14093228 0.08987773 0.55      ] | Goal: [1.14093228 0.08987773 0.41      ] | DriftLimit: 0.0350 | FloorLimit: 0.4700 ---
2026-04-24 13:24:02,854 - [ENV] - TERMINATED (Descend): Tube Drift = 0.0517m (Max 0.0350m) at step 2
2026-04-24 13:24:02,855 - [ENV] - Episode ended without success at step 2. Final dist: 0.0767m
2026-04-24 13:24:02,856 - [ENV] - --- EPISODE START | Scenario: ASCEND | Start: [1.04263619 0.4259101  0.415     ] | Goal: [1.04263619 0.4259101  0.55      ] | DriftLimit: 0.0350 | FloorLimit: 0.4700 ---
2026-04-24 13:24:07,631 - [ENV] - --- EPISODE START | Scenario: ASCEND | Start: [1.04244131 0.50321449 0.415     ] | Goal: [1.04244131 0.50321449 0.55      ] | DriftLimit: 0.0350 | FloorLimit: 0.4700 ---
2026-04-24 13:24:12,154 - [ENV] - --- EPISODE START | Scenario: TRANSIT | Start: [0.7911187  0.27214507 0.55      ] | Goal: [ 0.70317814 -0.0111889   0.55      ] | DriftLimit: 0.0350 | FloorLimit: 0.4700 ---
2026-04-24 13:24:16,644 - [ENV] - --- EPISODE START | Scenario: ASCEND | Start: [1.07638366 0.31276935 0.415     ] | Goal: [1.07638366 0.31276935 0.55      ] | DriftLimit: 0.0350 | FloorLimit: 0.4700 ---
2026-04-24 13:24:16,836 - [ENV] - TERMINATED (Ascend): Tube Drift = 0.0603m (Max 0.0350m) at step 3
2026-04-24 13:24:16,837 - [ENV] - Episode ended without success at step 3. Final dist: 0.1004m
2026-04-24 13:24:16,837 - [ENV] - --- EPISODE START | Scenario: TRANSIT | Start: [0.63900301 0.02636961 0.55      ] | Goal: [1.0443447  0.40465669 0.55      ] | DriftLimit: 0.0350 | FloorLimit: 0.4700 ---
2026-04-24 13:24:21,233 - [ENV] - --- EPISODE START | Scenario: DESCEND | Start: [0.78713568 0.04180549 0.55      ] | Goal: [0.78713568 0.04180549 0.41      ] | DriftLimit: 0.0350 | FloorLimit: 0.4700 ---
2026-04-24 13:24:25,964 - [ENV] - --- EPISODE START | Scenario: ASCEND | Start: [0.81934696 0.01723988 0.415     ] | Goal: [0.81934696 0.01723988 0.55      ] | DriftLimit: 0.0350 | FloorLimit: 0.4700 ---
2026-04-24 13:24:30,251 - [ENV] - --- EPISODE START | Scenario: DESCEND | Start: [0.90205049 0.05494643 0.55      ] | Goal: [0.90205049 0.05494643 0.41      ] | DriftLimit: 0.0350 | FloorLimit: 0.4700 ---
2026-04-24 13:25:22,844 - [ENV] - --- EPISODE START | Scenario: ASCEND | Start: [0.98780613 0.06406558 0.415     ] | Goal: [0.98780613 0.06406558 0.55      ] | DriftLimit: 0.0350 | FloorLimit: 0.4700 ---
2026-04-24 13:25:27,019 - [ENV] - --- EPISODE START | Scenario: TRANSIT | Start: [0.86891378 0.2379234  0.55      ] | Goal: [0.99361068 0.51041372 0.55      ] | DriftLimit: 0.0350 | FloorLimit: 0.4700 ---
2026-04-24 13:25:31,910 - [ENV] - --- EPISODE START | Scenario: TRANSIT | Start: [0.69218127 0.27700829 0.55      ] | Goal: [0.68929473 0.02482066 0.55      ] | DriftLimit: 0.0350 | FloorLimit: 0.4700 ---
2026-04-24 13:25:32,221 - [ENV] - SUCCESS: Goal reached in 9 steps. Dist = 0.0176m
2026-04-24 13:25:32,222 - [ENV] - --- EPISODE START | Scenario: DESCEND | Start: [0.81437095 0.11288729 0.55      ] | Goal: [0.81437095 0.11288729 0.415     ] | DriftLimit: 0.0350 | FloorLimit: 0.4700 ---
2026-04-24 13:25:32,331 - [ENV] - TERMINATED (Descend): Tube Drift = 0.0377m (Max 0.0350m) at step 2
2026-04-24 13:25:32,332 - [ENV] - Episode ended without success at step 2. Final dist: 0.0503m
2026-04-24 13:25:32,333 - [ENV] - --- EPISODE START | Scenario: TRANSIT | Start: [0.79357812 0.09891751 0.55      ] | Goal: [0.66808669 0.28199683 0.55      ] | DriftLimit: 0.0350 | FloorLimit: 0.4700 ---
2026-04-24 13:25:36,696 - [ENV] - --- EPISODE START | Scenario: TRANSIT | Start: [0.76294027 0.50261205 0.55      ] | Goal: [0.64752957 0.2197148  0.55      ] | DriftLimit: 0.0350 | FloorLimit: 0.4700 ---
2026-04-24 13:25:40,977 - [ENV] - --- EPISODE START | Scenario: TRANSIT | Start: [1.06948699 0.3963472  0.55      ] | Goal: [0.82029354 0.16171969 0.55      ] | DriftLimit: 0.0350 | FloorLimit: 0.4700 ---
2026-04-24 13:25:41,484 - [ENV] - SUCCESS: Goal reached in 8 steps. Dist = 0.0072m
2026-04-24 13:25:41,486 - [ENV] - --- EPISODE START | Scenario: ASCEND | Start: [0.86447289 0.33655593 0.415     ] | Goal: [0.86447289 0.33655593 0.55      ] | DriftLimit: 0.0350 | FloorLimit: 0.4700 ---
2026-04-24 13:25:42,840 - [ENV] - TERMINATED (Ascend): Tube Drift = 0.0361m (Max 0.0350m) at step 48
2026-04-24 13:25:42,840 - [ENV] - Episode ended without success at step 48. Final dist: 0.1187m
2026-04-24 13:25:42,841 - [ENV] - --- EPISODE START | Scenario: DESCEND | Start: [1.11672347 0.25889893 0.55      ] | Goal: [1.11672347 0.25889893 0.415     ] | DriftLimit: 0.0350 | FloorLimit: 0.4700 ---
2026-04-24 13:25:42,966 - [ENV] - TERMINATED (Descend): Tube Drift = 0.0485m (Max 0.0350m) at step 2
2026-04-24 13:25:42,966 - [ENV] - Episode ended without success at step 2. Final dist: 0.0673m
2026-04-24 13:25:42,968 - [ENV] - --- EPISODE START | Scenario: TRANSIT | Start: [0.92130497 0.45426875 0.55      ] | Goal: [0.98489608 0.03785699 0.55      ] | DriftLimit: 0.0350 | FloorLimit: 0.4700 ---
2026-04-24 13:25:47,488 - [ENV] - --- EPISODE START | Scenario: TRANSIT | Start: [0.63909198 0.04251396 0.55      ] | Goal: [1.1552702 0.4815234 0.55     ] | DriftLimit: 0.0350 | FloorLimit: 0.4700 ---
2026-04-24 13:25:52,214 - [ENV] - --- EPISODE START | Scenario: DESCEND | Start: [0.77523592 0.35551965 0.55      ] | Goal: [0.77523592 0.35551965 0.415     ] | DriftLimit: 0.0350 | FloorLimit: 0.4700 ---
2026-04-24 13:25:52,342 - [ENV] - TERMINATED (Descend): Tube Drift = 0.0415m (Max 0.0350m) at step 2
2026-04-24 13:25:52,343 - [ENV] - Episode ended without success at step 2. Final dist: 0.0537m
2026-04-24 13:25:52,344 - [ENV] - --- EPISODE START | Scenario: DESCEND | Start: [1.03012171 0.36825501 0.55      ] | Goal: [1.03012171 0.36825501 0.41      ] | DriftLimit: 0.0350 | FloorLimit: 0.4700 ---
2026-04-24 13:25:52,491 - [ENV] - TERMINATED (Descend): Tube Drift = 0.0513m (Max 0.0350m) at step 2
2026-04-24 13:25:52,492 - [ENV] - Episode ended without success at step 2. Final dist: 0.0737m
2026-04-24 13:25:52,493 - [ENV] - --- EPISODE START | Scenario: DESCEND | Start: [0.62727066 0.24193745 0.55      ] | Goal: [0.62727066 0.24193745 0.415     ] | DriftLimit: 0.0350 | FloorLimit: 0.4700 ---
2026-04-24 13:25:57,411 - [ENV] - --- EPISODE START | Scenario: TRANSIT | Start: [0.69171007 0.28065089 0.55      ] | Goal: [0.63466945 0.02136728 0.55      ] | DriftLimit: 0.0350 | FloorLimit: 0.4700 ---
2026-04-24 13:25:57,695 - [ENV] - SUCCESS: Goal reached in 9 steps. Dist = 0.0149m
2026-04-24 13:25:57,695 - [ENV] - --- EPISODE START | Scenario: DESCEND | Start: [1.12600043 0.35744387 0.55      ] | Goal: [1.12600043 0.35744387 0.415     ] | DriftLimit: 0.0350 | FloorLimit: 0.4700 ---
2026-04-24 13:25:57,826 - [ENV] - TERMINATED (Descend): Tube Drift = 0.0496m (Max 0.0350m) at step 2
2026-04-24 13:25:57,826 - [ENV] - Episode ended without success at step 2. Final dist: 0.0669m
2026-04-24 13:25:57,827 - [ENV] - --- EPISODE START | Scenario: DESCEND | Start: [0.74249582 0.16691542 0.55      ] | Goal: [0.74249582 0.16691542 0.41      ] | DriftLimit: 0.0350 | FloorLimit: 0.4700 ---
2026-04-24 13:25:57,949 - [ENV] - TERMINATED (Descend): Tube Drift = 0.0354m (Max 0.0350m) at step 2
2026-04-24 13:25:57,949 - [ENV] - Episode ended without success at step 2. Final dist: 0.0442m
2026-04-24 13:25:57,951 - [ENV] - --- EPISODE START | Scenario: TRANSIT | Start: [0.79526614 0.11597091 0.55      ] | Goal: [0.8919199  0.18926549 0.55      ] | DriftLimit: 0.0350 | FloorLimit: 0.4700 ---
2026-04-24 13:26:02,311 - [ENV] - --- EPISODE START | Scenario: DESCEND | Start: [0.94182876 0.31690213 0.55      ] | Goal: [0.94182876 0.31690213 0.41      ] | DriftLimit: 0.0350 | FloorLimit: 0.4700 ---
2026-04-24 13:26:02,415 - [ENV] - TERMINATED (Descend): Tube Drift = 0.0465m (Max 0.0350m) at step 2
2026-04-24 13:26:02,416 - [ENV] - Episode ended without success at step 2. Final dist: 0.0701m
2026-04-24 13:26:02,416 - [ENV] - --- EPISODE START | Scenario: DESCEND | Start: [0.67674542 0.52144017 0.55      ] | Goal: [0.67674542 0.52144017 0.415     ] | DriftLimit: 0.0350 | FloorLimit: 0.4700 ---
2026-04-24 13:26:07,262 - [ENV] - --- EPISODE START | Scenario: DESCEND | Start: [ 1.11863907 -0.00772431  0.55      ] | Goal: [ 1.11863907 -0.00772431  0.41      ] | DriftLimit: 0.0350 | FloorLimit: 0.4700 ---
2026-04-24 13:26:07,438 - [ENV] - SUCCESS: Goal reached in 7 steps. Dist = 0.0092m
2026-04-24 13:26:07,439 - [ENV] - --- EPISODE START | Scenario: TRANSIT | Start: [0.76666885 0.4400819  0.55      ] | Goal: [0.76887988 0.13366151 0.55      ] | DriftLimit: 0.0350 | FloorLimit: 0.4700 ---
2026-04-24 13:26:12,196 - [ENV] - --- EPISODE START | Scenario: DESCEND | Start: [0.92925645 0.07100669 0.55      ] | Goal: [0.92925645 0.07100669 0.415     ] | DriftLimit: 0.0350 | FloorLimit: 0.4700 ---
2026-04-24 13:26:16,426 - [ENV] - --- EPISODE START | Scenario: ASCEND | Start: [0.90869232 0.42047627 0.415     ] | Goal: [0.90869232 0.42047627 0.55      ] | DriftLimit: 0.0350 | FloorLimit: 0.4700 ---
2026-04-24 13:26:20,952 - [ENV] - --- EPISODE START | Scenario: TRANSIT | Start: [1.03366388 0.54033681 0.55      ] | Goal: [0.91786703 0.37023917 0.55      ] | DriftLimit: 0.0350 | FloorLimit: 0.4700 ---
2026-04-24 13:26:25,355 - [ENV] - --- EPISODE START | Scenario: DESCEND | Start: [1.12385408 0.15008958 0.55      ] | Goal: [1.12385408 0.15008958 0.41      ] | DriftLimit: 0.0350 | FloorLimit: 0.4700 ---
2026-04-24 13:26:25,453 - [ENV] - TERMINATED (Descend): Tube Drift = 0.0437m (Max 0.0350m) at step 2
2026-04-24 13:26:25,453 - [ENV] - Episode ended without success at step 2. Final dist: 0.0691m
2026-04-24 13:26:25,454 - [ENV] - --- EPISODE START | Scenario: ASCEND | Start: [0.67717045 0.26698747 0.415     ] | Goal: [0.67717045 0.26698747 0.55      ] | DriftLimit: 0.0350 | FloorLimit: 0.4700 ---
2026-04-24 13:26:25,862 - [ENV] - TERMINATED (Ascend): Tube Drift = 0.0458m (Max 0.0350m) at step 5
2026-04-24 13:26:25,862 - [ENV] - Episode ended without success at step 5. Final dist: 0.1360m
2026-04-24 13:26:25,863 - [ENV] - --- EPISODE START | Scenario: ASCEND | Start: [0.81533672 0.34812297 0.415     ] | Goal: [0.81533672 0.34812297 0.55      ] | DriftLimit: 0.0350 | FloorLimit: 0.4700 ---
2026-04-24 13:27:27,329 - [ENV] - --- EPISODE START | Scenario: TRANSIT | Start: [ 0.60433727 -0.00375226  0.55      ] | Goal: [0.79392065 0.48721521 0.55      ] | DriftLimit: 0.0350 | FloorLimit: 0.4700 ---
2026-04-24 13:27:31,635 - [ENV] - --- EPISODE START | Scenario: ASCEND | Start: [0.68783169 0.10480623 0.415     ] | Goal: [0.68783169 0.10480623 0.55      ] | DriftLimit: 0.0350 | FloorLimit: 0.4700 ---
2026-04-24 13:27:31,823 - [ENV] - TERMINATED (Ascend): Tube Drift = 0.0468m (Max 0.0350m) at step 3
2026-04-24 13:27:31,823 - [ENV] - Episode ended without success at step 3. Final dist: 0.1348m
2026-04-24 13:27:31,824 - [ENV] - --- EPISODE START | Scenario: DESCEND | Start: [1.07711475 0.32799443 0.55      ] | Goal: [1.07711475 0.32799443 0.415     ] | DriftLimit: 0.0350 | FloorLimit: 0.4700 ---
2026-04-24 13:27:31,936 - [ENV] - TERMINATED (Descend): Tube Drift = 0.0446m (Max 0.0350m) at step 2
2026-04-24 13:27:31,936 - [ENV] - Episode ended without success at step 2. Final dist: 0.0647m
2026-04-24 13:27:31,938 - [ENV] - --- EPISODE START | Scenario: DESCEND | Start: [0.79545374 0.16525092 0.55      ] | Goal: [0.79545374 0.16525092 0.415     ] | DriftLimit: 0.0350 | FloorLimit: 0.4700 ---
2026-04-24 13:27:36,643 - [ENV] - --- EPISODE START | Scenario: DESCEND | Start: [0.84092967 0.50024052 0.55      ] | Goal: [0.84092967 0.50024052 0.41      ] | DriftLimit: 0.0350 | FloorLimit: 0.4700 ---
2026-04-24 13:27:36,764 - [ENV] - TERMINATED (Descend): Tube Drift = 0.0361m (Max 0.0350m) at step 2
2026-04-24 13:27:36,765 - [ENV] - Episode ended without success at step 2. Final dist: 0.0644m
2026-04-24 13:27:36,765 - [ENV] - --- EPISODE START | Scenario: TRANSIT | Start: [1.14732905 0.05417398 0.55      ] | Goal: [1.0658073  0.12616801 0.55      ] | DriftLimit: 0.0350 | FloorLimit: 0.4700 ---
2026-04-24 13:27:41,487 - [ENV] - --- EPISODE START | Scenario: ASCEND | Start: [0.84157008 0.47824065 0.415     ] | Goal: [0.84157008 0.47824065 0.55      ] | DriftLimit: 0.0350 | FloorLimit: 0.4700 ---
2026-04-24 13:27:41,681 - [ENV] - TERMINATED (Ascend): Tube Drift = 0.0428m (Max 0.0350m) at step 3
2026-04-24 13:27:41,681 - [ENV] - Episode ended without success at step 3. Final dist: 0.1093m
2026-04-24 13:27:41,681 - [ENV] - --- EPISODE START | Scenario: DESCEND | Start: [1.11267271 0.51343031 0.55      ] | Goal: [1.11267271 0.51343031 0.415     ] | DriftLimit: 0.0350 | FloorLimit: 0.4700 ---
2026-04-24 13:27:41,763 - [ENV] - TERMINATED (Descend): Tube Drift = 0.0460m (Max 0.0350m) at step 2
2026-04-24 13:27:41,763 - [ENV] - Episode ended without success at step 2. Final dist: 0.0654m
2026-04-24 13:27:41,764 - [ENV] - --- EPISODE START | Scenario: ASCEND | Start: [1.13933301 0.14616216 0.415     ] | Goal: [1.13933301 0.14616216 0.55      ] | DriftLimit: 0.0350 | FloorLimit: 0.4700 ---
2026-04-24 13:27:41,943 - [ENV] - TERMINATED (Ascend): Tube Drift = 0.0573m (Max 0.0350m) at step 3
2026-04-24 13:27:41,943 - [ENV] - Episode ended without success at step 3. Final dist: 0.1174m
2026-04-24 13:27:41,944 - [ENV] - --- EPISODE START | Scenario: TRANSIT | Start: [0.8906711 0.5356974 0.55     ] | Goal: [0.6038129  0.34834003 0.55      ] | DriftLimit: 0.0350 | FloorLimit: 0.4700 ---
2026-04-24 13:27:46,291 - [ENV] - --- EPISODE START | Scenario: ASCEND | Start: [0.87300455 0.03532461 0.415     ] | Goal: [0.87300455 0.03532461 0.55      ] | DriftLimit: 0.0350 | FloorLimit: 0.4700 ---
2026-04-24 13:27:46,437 - [ENV] - TERMINATED (Ascend): Tube Drift = 0.0533m (Max 0.0350m) at step 3
2026-04-24 13:27:46,438 - [ENV] - Episode ended without success at step 3. Final dist: 0.1195m
2026-04-24 13:27:46,438 - [ENV] - --- EPISODE START | Scenario: TRANSIT | Start: [0.90311112 0.1559953  0.55      ] | Goal: [0.63815487 0.16945004 0.55      ] | DriftLimit: 0.0350 | FloorLimit: 0.4700 ---
2026-04-24 13:27:46,783 - [ENV] - SUCCESS: Goal reached in 11 steps. Dist = 0.0055m
2026-04-24 13:27:46,784 - [ENV] - --- EPISODE START | Scenario: TRANSIT | Start: [0.77020586 0.36348134 0.55      ] | Goal: [0.6236944  0.25206841 0.55      ] | DriftLimit: 0.0350 | FloorLimit: 0.4700 ---
2026-04-24 13:27:51,058 - [ENV] - --- EPISODE START | Scenario: DESCEND | Start: [0.68746985 0.25432693 0.55      ] | Goal: [0.68746985 0.25432693 0.415     ] | DriftLimit: 0.0350 | FloorLimit: 0.4700 ---
2026-04-24 13:27:51,298 - [ENV] - TERMINATED (Descend): Tube Drift = 0.0353m (Max 0.0350m) at step 6
2026-04-24 13:27:51,298 - [ENV] - Episode ended without success at step 6. Final dist: 0.0354m
2026-04-24 13:27:51,298 - [ENV] - --- EPISODE START | Scenario: ASCEND | Start: [0.98617223 0.49350545 0.415     ] | Goal: [0.98617223 0.49350545 0.55      ] | DriftLimit: 0.0350 | FloorLimit: 0.4700 ---
2026-04-24 13:27:55,513 - [ENV] - --- EPISODE START | Scenario: TRANSIT | Start: [0.90546435 0.24027938 0.55      ] | Goal: [0.70446492 0.37441108 0.55      ] | DriftLimit: 0.0350 | FloorLimit: 0.4700 ---
2026-04-24 13:27:59,834 - [ENV] - --- EPISODE START | Scenario: TRANSIT | Start: [0.72406885 0.25967398 0.55      ] | Goal: [1.08637174 0.22597763 0.55      ] | DriftLimit: 0.0350 | FloorLimit: 0.4700 ---
2026-04-24 13:28:04,357 - [ENV] - --- EPISODE START | Scenario: ASCEND | Start: [0.84241491 0.13706501 0.415     ] | Goal: [0.84241491 0.13706501 0.55      ] | DriftLimit: 0.0350 | FloorLimit: 0.4700 ---
2026-04-24 13:28:04,542 - [ENV] - TERMINATED (Ascend): Tube Drift = 0.0359m (Max 0.0350m) at step 4
2026-04-24 13:28:04,542 - [ENV] - Episode ended without success at step 4. Final dist: 0.1204m
2026-04-24 13:28:04,543 - [ENV] - --- EPISODE START | Scenario: DESCEND | Start: [0.97640219 0.29077909 0.55      ] | Goal: [0.97640219 0.29077909 0.41      ] | DriftLimit: 0.0350 | FloorLimit: 0.4700 ---
2026-04-24 13:28:04,656 - [ENV] - TERMINATED (Descend): Tube Drift = 0.0388m (Max 0.0350m) at step 2
2026-04-24 13:28:04,657 - [ENV] - Episode ended without success at step 2. Final dist: 0.0666m
2026-04-24 13:28:04,658 - [ENV] - --- EPISODE START | Scenario: DESCEND | Start: [0.83946501 0.25755673 0.55      ] | Goal: [0.83946501 0.25755673 0.415     ] | DriftLimit: 0.0350 | FloorLimit: 0.4700 ---
2026-04-24 13:28:05,177 - [ENV] - SUCCESS: Goal reached in 18 steps. Dist = 0.0100m
2026-04-24 13:28:05,178 - [ENV] - --- EPISODE START | Scenario: ASCEND | Start: [0.68030678 0.16496017 0.415     ] | Goal: [0.68030678 0.16496017 0.55      ] | DriftLimit: 0.0350 | FloorLimit: 0.4700 ---
2026-04-24 13:28:05,453 - [ENV] - TERMINATED (Ascend): Tube Drift = 0.0363m (Max 0.0350m) at step 6
2026-04-24 13:28:05,454 - [ENV] - Episode ended without success at step 6. Final dist: 0.1335m
2026-04-24 13:28:05,454 - [ENV] - --- EPISODE START | Scenario: TRANSIT | Start: [1.1576153  0.02901412 0.55      ] | Goal: [0.61423947 0.35207095 0.55      ] | DriftLimit: 0.0350 | FloorLimit: 0.4700 ---
2026-04-24 13:28:09,841 - [ENV] - --- EPISODE START | Scenario: DESCEND | Start: [0.68319946 0.07317306 0.55      ] | Goal: [0.68319946 0.07317306 0.41      ] | DriftLimit: 0.0350 | FloorLimit: 0.4700 ---
2026-04-24 13:28:10,135 - [ENV] - TERMINATED (Descend): Tube Drift = 0.0362m (Max 0.0350m) at step 9
2026-04-24 13:28:10,135 - [ENV] - Episode ended without success at step 9. Final dist: 0.0369m
2026-04-24 13:28:10,136 - [ENV] - --- EPISODE START | Scenario: DESCEND | Start: [0.89200893 0.0853509  0.55      ] | Goal: [0.89200893 0.0853509  0.415     ] | DriftLimit: 0.0350 | FloorLimit: 0.4700 ---
2026-04-24 13:28:14,822 - [ENV] - --- EPISODE START | Scenario: TRANSIT | Start: [0.75513047 0.12439336 0.55      ] | Goal: [0.89225876 0.46856481 0.55      ] | DriftLimit: 0.0350 | FloorLimit: 0.4700 ---
2026-04-24 13:28:18,982 - [ENV] - --- EPISODE START | Scenario: TRANSIT | Start: [1.13294538 0.13634948 0.55      ] | Goal: [0.92099543 0.11258978 0.55      ] | DriftLimit: 0.0350 | FloorLimit: 0.4700 ---
2026-04-24 13:28:23,243 - [ENV] - --- EPISODE START | Scenario: DESCEND | Start: [1.13354147 0.50669362 0.55      ] | Goal: [1.13354147 0.50669362 0.41      ] | DriftLimit: 0.0350 | FloorLimit: 0.4700 ---
2026-04-24 13:28:23,369 - [ENV] - TERMINATED (Descend): Tube Drift = 0.0463m (Max 0.0350m) at step 2
2026-04-24 13:28:23,369 - [ENV] - Episode ended without success at step 2. Final dist: 0.0695m
2026-04-24 13:28:23,371 - [ENV] - --- EPISODE START | Scenario: ASCEND | Start: [0.80871439 0.20423567 0.415     ] | Goal: [0.80871439 0.20423567 0.55      ] | DriftLimit: 0.0350 | FloorLimit: 0.4700 ---
2026-04-24 13:28:23,598 - [ENV] - TERMINATED (Ascend): Tube Drift = 0.0378m (Max 0.0350m) at step 5
2026-04-24 13:28:23,598 - [ENV] - Episode ended without success at step 5. Final dist: 0.0840m
2026-04-24 13:28:23,599 - [ENV] - --- EPISODE START | Scenario: ASCEND | Start: [0.87937487 0.14533966 0.415     ] | Goal: [0.87937487 0.14533966 0.55      ] | DriftLimit: 0.0350 | FloorLimit: 0.4700 ---
2026-04-24 13:28:23,764 - [ENV] - TERMINATED (Ascend): Tube Drift = 0.0490m (Max 0.0350m) at step 3
2026-04-24 13:28:23,765 - [ENV] - Episode ended without success at step 3. Final dist: 0.1039m
2026-04-24 13:28:23,765 - [ENV] - --- EPISODE START | Scenario: ASCEND | Start: [0.60745102 0.38941042 0.415     ] | Goal: [0.60745102 0.38941042 0.55      ] | DriftLimit: 0.0350 | FloorLimit: 0.4700 ---
2026-04-24 13:28:23,939 - [ENV] - TERMINATED (Ascend): Tube Drift = 0.0385m (Max 0.0350m) at step 2
2026-04-24 13:28:23,939 - [ENV] - Episode ended without success at step 2. Final dist: 0.1284m
2026-04-24 13:28:23,941 - [ENV] - --- EPISODE START | Scenario: TRANSIT | Start: [0.73561686 0.02525635 0.55      ] | Goal: [0.86799853 0.19360791 0.55      ] | DriftLimit: 0.0350 | FloorLimit: 0.4700 ---
2026-04-24 13:28:28,460 - [ENV] - --- EPISODE START | Scenario: DESCEND | Start: [0.84015538 0.26548975 0.55      ] | Goal: [0.84015538 0.26548975 0.415     ] | DriftLimit: 0.0350 | FloorLimit: 0.4700 ---
2026-04-24 13:28:28,842 - [ENV] - SUCCESS: Goal reached in 13 steps. Dist = 0.0098m
2026-04-24 13:28:28,842 - [ENV] - --- EPISODE START | Scenario: DESCEND | Start: [0.9010433  0.24815193 0.55      ] | Goal: [0.9010433  0.24815193 0.41      ] | DriftLimit: 0.0350 | FloorLimit: 0.4700 ---
2026-04-24 13:29:25,620 - [ENV] - SUCCESS: Goal reached in 162 steps. Dist = 0.0100m
2026-04-24 13:29:25,621 - [ENV] - --- EPISODE START | Scenario: DESCEND | Start: [0.79316019 0.37722785 0.55      ] | Goal: [0.79316019 0.37722785 0.415     ] | DriftLimit: 0.0350 | FloorLimit: 0.4700 ---
2026-04-24 13:29:26,346 - [ENV] - SUCCESS: Goal reached in 28 steps. Dist = 0.0095m
2026-04-24 13:29:26,347 - [ENV] - --- EPISODE START | Scenario: ASCEND | Start: [0.81264323 0.30900907 0.415     ] | Goal: [0.81264323 0.30900907 0.55      ] | DriftLimit: 0.0350 | FloorLimit: 0.4700 ---
2026-04-24 13:29:30,646 - [ENV] - --- EPISODE START | Scenario: TRANSIT | Start: [1.03501783 0.48516668 0.55      ] | Goal: [0.78738744 0.1875587  0.55      ] | DriftLimit: 0.0350 | FloorLimit: 0.4700 ---
2026-04-24 13:29:35,317 - [ENV] - --- EPISODE START | Scenario: DESCEND | Start: [0.62665089 0.37142881 0.55      ] | Goal: [0.62665089 0.37142881 0.415     ] | DriftLimit: 0.0350 | FloorLimit: 0.4700 ---
2026-04-24 13:29:35,496 - [ENV] - TERMINATED (Descend): Tube Drift = 0.0366m (Max 0.0350m) at step 4
2026-04-24 13:29:35,496 - [ENV] - Episode ended without success at step 4. Final dist: 0.0370m
2026-04-24 13:29:35,497 - [ENV] - --- EPISODE START | Scenario: ASCEND | Start: [1.06806587 0.20130561 0.415     ] | Goal: [1.06806587 0.20130561 0.55      ] | DriftLimit: 0.0350 | FloorLimit: 0.4700 ---
2026-04-24 13:29:40,083 - [ENV] - --- EPISODE START | Scenario: TRANSIT | Start: [0.95832962 0.38285363 0.55      ] | Goal: [0.97687985 0.10104766 0.55      ] | DriftLimit: 0.0350 | FloorLimit: 0.4700 ---
2026-04-24 13:29:44,461 - [ENV] - --- EPISODE START | Scenario: DESCEND | Start: [0.84200703 0.4020894  0.55      ] | Goal: [0.84200703 0.4020894  0.41      ] | DriftLimit: 0.0350 | FloorLimit: 0.4700 ---
2026-04-24 13:29:44,593 - [ENV] - TERMINATED (Descend): Tube Drift = 0.0382m (Max 0.0350m) at step 2
2026-04-24 13:29:44,593 - [ENV] - Episode ended without success at step 2. Final dist: 0.0601m
2026-04-24 13:29:44,594 - [ENV] - --- EPISODE START | Scenario: ASCEND | Start: [1.00678165 0.54289994 0.415     ] | Goal: [1.00678165 0.54289994 0.55      ] | DriftLimit: 0.0350 | FloorLimit: 0.4700 ---
2026-04-24 13:29:49,503 - [ENV] - --- EPISODE START | Scenario: TRANSIT | Start: [1.14645463 0.35762732 0.55      ] | Goal: [1.01310432 0.09700253 0.55      ] | DriftLimit: 0.0350 | FloorLimit: 0.4700 ---
2026-04-24 13:29:53,916 - [ENV] - --- EPISODE START | Scenario: TRANSIT | Start: [1.03374805 0.08123682 0.55      ] | Goal: [1.02541035 0.39227617 0.55      ] | DriftLimit: 0.0350 | FloorLimit: 0.4700 ---
2026-04-24 13:29:58,420 - [ENV] - --- EPISODE START | Scenario: TRANSIT | Start: [1.12742809 0.35397104 0.55      ] | Goal: [1.05301311 0.44106616 0.55      ] | DriftLimit: 0.0350 | FloorLimit: 0.4700 ---
2026-04-24 13:30:02,982 - [ENV] - --- EPISODE START | Scenario: TRANSIT | Start: [0.84217625 0.14053544 0.55      ] | Goal: [0.62582701 0.33607323 0.55      ] | DriftLimit: 0.0350 | FloorLimit: 0.4700 ---
2026-04-24 13:30:07,547 - [ENV] - --- EPISODE START | Scenario: TRANSIT | Start: [0.93635546 0.4608437  0.55      ] | Goal: [0.8492948  0.26409859 0.55      ] | DriftLimit: 0.0350 | FloorLimit: 0.4700 ---
2026-04-24 13:30:07,830 - [ENV] - SUCCESS: Goal reached in 9 steps. Dist = 0.0179m
2026-04-24 13:30:07,831 - [ENV] - --- EPISODE START | Scenario: TRANSIT | Start: [0.71988707 0.42725907 0.55      ] | Goal: [0.65865346 0.08415056 0.55      ] | DriftLimit: 0.0350 | FloorLimit: 0.4700 ---
2026-04-24 13:30:12,096 - [ENV] - --- EPISODE START | Scenario: ASCEND | Start: [0.81634965 0.14659812 0.415     ] | Goal: [0.81634965 0.14659812 0.55      ] | DriftLimit: 0.0350 | FloorLimit: 0.4700 ---
2026-04-24 13:30:16,387 - [ENV] - --- EPISODE START | Scenario: DESCEND | Start: [1.12354116 0.51496988 0.55      ] | Goal: [1.12354116 0.51496988 0.415     ] | DriftLimit: 0.0350 | FloorLimit: 0.4700 ---
2026-04-24 13:30:16,483 - [ENV] - TERMINATED (Descend): Tube Drift = 0.0428m (Max 0.0350m) at step 2
2026-04-24 13:30:16,483 - [ENV] - Episode ended without success at step 2. Final dist: 0.0632m
2026-04-24 13:30:16,484 - [ENV] - --- EPISODE START | Scenario: DESCEND | Start: [0.66251295 0.22851839 0.55      ] | Goal: [0.66251295 0.22851839 0.41      ] | DriftLimit: 0.0350 | FloorLimit: 0.4700 ---
2026-04-24 13:30:17,214 - [ENV] - TERMINATED (Descend): Tube Drift = 0.0353m (Max 0.0350m) at step 27
2026-04-24 13:30:17,214 - [ENV] - Episode ended without success at step 27. Final dist: 0.0359m
2026-04-24 13:30:17,215 - [ENV] - --- EPISODE START | Scenario: ASCEND | Start: [1.11485846 0.19707653 0.415     ] | Goal: [1.11485846 0.19707653 0.55      ] | DriftLimit: 0.0350 | FloorLimit: 0.4700 ---
2026-04-24 13:30:17,397 - [ENV] - TERMINATED (Ascend): Tube Drift = 0.0417m (Max 0.0350m) at step 3
2026-04-24 13:30:17,397 - [ENV] - Episode ended without success at step 3. Final dist: 0.1200m
2026-04-24 13:30:17,398 - [ENV] - --- EPISODE START | Scenario: TRANSIT | Start: [0.8905722  0.41192063 0.55      ] | Goal: [0.74833956 0.04156546 0.55      ] | DriftLimit: 0.0350 | FloorLimit: 0.4700 ---
2026-04-24 13:30:21,684 - [ENV] - --- EPISODE START | Scenario: TRANSIT | Start: [1.03630097 0.53724369 0.55      ] | Goal: [0.68879602 0.40460748 0.55      ] | DriftLimit: 0.0350 | FloorLimit: 0.4700 ---
2026-04-24 13:30:22,221 - [ENV] - SUCCESS: Goal reached in 13 steps. Dist = 0.0102m
2026-04-24 13:30:22,223 - [ENV] - --- EPISODE START | Scenario: ASCEND | Start: [0.77548311 0.44803005 0.415     ] | Goal: [0.77548311 0.44803005 0.55      ] | DriftLimit: 0.0350 | FloorLimit: 0.4700 ---
2026-04-24 13:31:21,995 - [ENV] - --- EPISODE START | Scenario: DESCEND | Start: [0.81726749 0.16892377 0.55      ] | Goal: [0.81726749 0.16892377 0.41      ] | DriftLimit: 0.0350 | FloorLimit: 0.4700 ---
2026-04-24 13:31:23,122 - [ENV] - SUCCESS: Goal reached in 31 steps. Dist = 0.0098m
2026-04-24 13:31:23,123 - [ENV] - --- EPISODE START | Scenario: ASCEND | Start: [0.84574871 0.36977226 0.415     ] | Goal: [0.84574871 0.36977226 0.55      ] | DriftLimit: 0.0350 | FloorLimit: 0.4700 ---
2026-04-24 13:31:23,445 - [ENV] - TERMINATED (Ascend): Tube Drift = 0.0455m (Max 0.0350m) at step 7
2026-04-24 13:31:23,446 - [ENV] - Episode ended without success at step 7. Final dist: 0.0556m
2026-04-24 13:31:23,446 - [ENV] - --- EPISODE START | Scenario: ASCEND | Start: [0.94754994 0.35263981 0.415     ] | Goal: [0.94754994 0.35263981 0.55      ] | DriftLimit: 0.0350 | FloorLimit: 0.4700 ---
2026-04-24 13:31:28,489 - [ENV] - --- EPISODE START | Scenario: ASCEND | Start: [1.10805914 0.10973693 0.415     ] | Goal: [1.10805914 0.10973693 0.55      ] | DriftLimit: 0.0350 | FloorLimit: 0.4700 ---
2026-04-24 13:31:28,639 - [ENV] - TERMINATED (Ascend): Tube Drift = 0.0613m (Max 0.0350m) at step 3
2026-04-24 13:31:28,639 - [ENV] - Episode ended without success at step 3. Final dist: 0.1097m
2026-04-24 13:31:28,640 - [ENV] - --- EPISODE START | Scenario: TRANSIT | Start: [1.01346184 0.51982307 0.55      ] | Goal: [0.81594125 0.02410478 0.55      ] | DriftLimit: 0.0350 | FloorLimit: 0.4700 ---
2026-04-24 13:31:32,833 - [ENV] - --- EPISODE START | Scenario: ASCEND | Start: [1.15523473 0.23786605 0.415     ] | Goal: [1.15523473 0.23786605 0.55      ] | DriftLimit: 0.0350 | FloorLimit: 0.4700 ---
2026-04-24 13:31:32,998 - [ENV] - TERMINATED (Ascend): Tube Drift = 0.0447m (Max 0.0350m) at step 3
2026-04-24 13:31:32,999 - [ENV] - Episode ended without success at step 3. Final dist: 0.1137m
2026-04-24 13:31:32,999 - [ENV] - --- EPISODE START | Scenario: DESCEND | Start: [1.06914472 0.41809658 0.55      ] | Goal: [1.06914472 0.41809658 0.41      ] | DriftLimit: 0.0350 | FloorLimit: 0.4700 ---
2026-04-24 13:31:33,106 - [ENV] - TERMINATED (Descend): Tube Drift = 0.0410m (Max 0.0350m) at step 2
2026-04-24 13:31:33,107 - [ENV] - Episode ended without success at step 2. Final dist: 0.0646m
2026-04-24 13:31:33,108 - [ENV] - --- EPISODE START | Scenario: ASCEND | Start: [0.9999428  0.31658021 0.415     ] | Goal: [0.9999428  0.31658021 0.55      ] | DriftLimit: 0.0350 | FloorLimit: 0.4700 ---
2026-04-24 13:31:37,679 - [ENV] - --- EPISODE START | Scenario: TRANSIT | Start: [0.95924591 0.21989169 0.55      ] | Goal: [ 1.10472524 -0.00371946  0.55      ] | DriftLimit: 0.0350 | FloorLimit: 0.4700 ---
2026-04-24 13:31:42,020 - [ENV] - --- EPISODE START | Scenario: TRANSIT | Start: [0.97972317 0.28824703 0.55      ] | Goal: [0.82779616 0.30975681 0.55      ] | DriftLimit: 0.0350 | FloorLimit: 0.4700 ---
2026-04-24 13:31:42,488 - [ENV] - SUCCESS: Goal reached in 13 steps. Dist = 0.0112m
2026-04-24 13:31:42,488 - [ENV] - --- EPISODE START | Scenario: ASCEND | Start: [1.04421926 0.45660965 0.415     ] | Goal: [1.04421926 0.45660965 0.55      ] | DriftLimit: 0.0350 | FloorLimit: 0.4700 ---
2026-04-24 13:31:42,675 - [ENV] - TERMINATED (Ascend): Tube Drift = 0.0472m (Max 0.0350m) at step 3
2026-04-24 13:31:42,675 - [ENV] - Episode ended without success at step 3. Final dist: 0.0996m
2026-04-24 13:31:42,676 - [ENV] - --- EPISODE START | Scenario: TRANSIT | Start: [1.08193495 0.44486389 0.55      ] | Goal: [0.97588028 0.46161486 0.55      ] | DriftLimit: 0.0350 | FloorLimit: 0.4700 ---
2026-04-24 13:31:46,940 - [ENV] - --- EPISODE START | Scenario: ASCEND | Start: [0.75854849 0.47064256 0.415     ] | Goal: [0.75854849 0.47064256 0.55      ] | DriftLimit: 0.0350 | FloorLimit: 0.4700 ---
2026-04-24 13:31:51,456 - [ENV] - --- EPISODE START | Scenario: DESCEND | Start: [1.04260911 0.13947438 0.55      ] | Goal: [1.04260911 0.13947438 0.41      ] | DriftLimit: 0.0350 | FloorLimit: 0.4700 ---
2026-04-24 13:31:55,866 - [ENV] - --- EPISODE START | Scenario: DESCEND | Start: [0.81795471 0.20377723 0.55      ] | Goal: [0.81795471 0.20377723 0.41      ] | DriftLimit: 0.0350 | FloorLimit: 0.4700 ---
2026-04-24 13:31:57,200 - [ENV] - SUCCESS: Goal reached in 51 steps. Dist = 0.0100m
2026-04-24 13:31:57,200 - [ENV] - --- EPISODE START | Scenario: ASCEND | Start: [0.81223087 0.17185744 0.415     ] | Goal: [0.81223087 0.17185744 0.55      ] | DriftLimit: 0.0350 | FloorLimit: 0.4700 ---
2026-04-24 13:32:01,577 - [ENV] - --- EPISODE START | Scenario: ASCEND | Start: [0.8329655  0.29087548 0.415     ] | Goal: [0.8329655  0.29087548 0.55      ] | DriftLimit: 0.0350 | FloorLimit: 0.4700 ---
2026-04-24 13:32:01,926 - [ENV] - TERMINATED (Ascend): Tube Drift = 0.0354m (Max 0.0350m) at step 6
2026-04-24 13:32:01,926 - [ENV] - Episode ended without success at step 6. Final dist: 0.0821m
2026-04-24 13:32:01,927 - [ENV] - --- EPISODE START | Scenario: DESCEND | Start: [1.13620217 0.01086208 0.55      ] | Goal: [1.13620217 0.01086208 0.415     ] | DriftLimit: 0.0350 | FloorLimit: 0.4700 ---
2026-04-24 13:32:02,034 - [ENV] - SUCCESS: Goal reached in 4 steps. Dist = 0.0081m
2026-04-24 13:32:02,035 - [ENV] - --- EPISODE START | Scenario: TRANSIT | Start: [1.08041389 0.48719649 0.55      ] | Goal: [0.70818596 0.29453165 0.55      ] | DriftLimit: 0.0350 | FloorLimit: 0.4700 ---
2026-04-24 13:32:06,623 - [ENV] - --- EPISODE START | Scenario: TRANSIT | Start: [1.06420006 0.49017011 0.55      ] | Goal: [0.88027795 0.34623897 0.55      ] | DriftLimit: 0.0350 | FloorLimit: 0.4700 ---
2026-04-24 13:32:06,932 - [ENV] - SUCCESS: Goal reached in 10 steps. Dist = 0.0121m
2026-04-24 13:32:06,932 - [ENV] - --- EPISODE START | Scenario: DESCEND | Start: [0.77484744 0.00449538 0.55      ] | Goal: [0.77484744 0.00449538 0.415     ] | DriftLimit: 0.0350 | FloorLimit: 0.4700 ---
2026-04-24 13:32:11,474 - [ENV] - --- EPISODE START | Scenario: TRANSIT | Start: [0.74534764 0.28538984 0.55      ] | Goal: [1.01216207 0.11496896 0.55      ] | DriftLimit: 0.0350 | FloorLimit: 0.4700 ---
2026-04-24 13:32:16,409 - [ENV] - --- EPISODE START | Scenario: TRANSIT | Start: [0.93913044 0.51093482 0.55      ] | Goal: [0.69575837 0.49186302 0.55      ] | DriftLimit: 0.0350 | FloorLimit: 0.4700 ---
2026-04-24 13:32:20,546 - [ENV] - --- EPISODE START | Scenario: DESCEND | Start: [1.10288692 0.36415973 0.55      ] | Goal: [1.10288692 0.36415973 0.415     ] | DriftLimit: 0.0350 | FloorLimit: 0.4700 ---
2026-04-24 13:32:20,664 - [ENV] - TERMINATED (Descend): Tube Drift = 0.0363m (Max 0.0350m) at step 2
2026-04-24 13:32:20,664 - [ENV] - Episode ended without success at step 2. Final dist: 0.0578m
2026-04-24 13:32:20,665 - [ENV] - --- EPISODE START | Scenario: ASCEND | Start: [0.67925964 0.44401876 0.415     ] | Goal: [0.67925964 0.44401876 0.55      ] | DriftLimit: 0.0350 | FloorLimit: 0.4700 ---
2026-04-24 13:32:20,875 - [ENV] - TERMINATED (Ascend): Tube Drift = 0.0445m (Max 0.0350m) at step 3
2026-04-24 13:32:20,875 - [ENV] - Episode ended without success at step 3. Final dist: 0.1314m
2026-04-24 13:32:20,876 - [ENV] - --- EPISODE START | Scenario: DESCEND | Start: [0.85198012 0.30671353 0.55      ] | Goal: [0.85198012 0.30671353 0.415     ] | DriftLimit: 0.0350 | FloorLimit: 0.4700 ---
2026-04-24 13:32:21,539 - [ENV] - SUCCESS: Goal reached in 24 steps. Dist = 0.0100m
2026-04-24 13:32:21,539 - [ENV] - --- EPISODE START | Scenario: DESCEND | Start: [0.62453742 0.12177835 0.55      ] | Goal: [0.62453742 0.12177835 0.41      ] | DriftLimit: 0.0350 | FloorLimit: 0.4700 ---
2026-04-24 13:32:26,285 - [ENV] - --- EPISODE START | Scenario: DESCEND | Start: [0.86486164 0.24304547 0.55      ] | Goal: [0.86486164 0.24304547 0.415     ] | DriftLimit: 0.0350 | FloorLimit: 0.4700 ---
2026-04-24 13:32:26,781 - [ENV] - SUCCESS: Goal reached in 19 steps. Dist = 0.0095m
2026-04-24 13:32:26,782 - [ENV] - --- EPISODE START | Scenario: DESCEND | Start: [0.94612323 0.23358675 0.55      ] | Goal: [0.94612323 0.23358675 0.41      ] | DriftLimit: 0.0350 | FloorLimit: 0.4700 ---
2026-04-24 13:33:18,032 - [ENV] - --- EPISODE START | Scenario: TRANSIT | Start: [0.69696263 0.26245267 0.55      ] | Goal: [0.90248745 0.03039375 0.55      ] | DriftLimit: 0.0350 | FloorLimit: 0.4700 ---
2026-04-24 13:33:22,535 - [ENV] - --- EPISODE START | Scenario: TRANSIT | Start: [ 0.77330177 -0.01126102  0.55      ] | Goal: [0.69440855 0.09104135 0.55      ] | DriftLimit: 0.0350 | FloorLimit: 0.4700 ---
2026-04-24 13:33:26,953 - [ENV] - --- EPISODE START | Scenario: TRANSIT | Start: [1.09153365 0.04691426 0.55      ] | Goal: [0.70521768 0.20102872 0.55      ] | DriftLimit: 0.0350 | FloorLimit: 0.4700 ---
2026-04-24 13:33:32,097 - [ENV] - --- EPISODE START | Scenario: DESCEND | Start: [0.85817319 0.53631453 0.55      ] | Goal: [0.85817319 0.53631453 0.415     ] | DriftLimit: 0.0350 | FloorLimit: 0.4700 ---
2026-04-24 13:33:32,313 - [ENV] - SUCCESS: Goal reached in 5 steps. Dist = 0.0086m
2026-04-24 13:33:32,314 - [ENV] - --- EPISODE START | Scenario: TRANSIT | Start: [0.72210491 0.05182357 0.55      ] | Goal: [0.87931572 0.16777191 0.55      ] | DriftLimit: 0.0350 | FloorLimit: 0.4700 ---
2026-04-24 13:33:36,976 - [ENV] - --- EPISODE START | Scenario: DESCEND | Start: [0.75690141 0.39279072 0.55      ] | Goal: [0.75690141 0.39279072 0.415     ] | DriftLimit: 0.0350 | FloorLimit: 0.4700 ---
2026-04-24 13:33:37,193 - [ENV] - TERMINATED (Descend): Tube Drift = 0.0383m (Max 0.0350m) at step 5
2026-04-24 13:33:37,193 - [ENV] - Episode ended without success at step 5. Final dist: 0.0385m
2026-04-24 13:33:37,194 - [ENV] - --- EPISODE START | Scenario: ASCEND | Start: [0.87625715 0.25079342 0.415     ] | Goal: [0.87625715 0.25079342 0.55      ] | DriftLimit: 0.0350 | FloorLimit: 0.4700 ---
2026-04-24 13:33:41,881 - [ENV] - --- EPISODE START | Scenario: DESCEND | Start: [1.05360917 0.05860605 0.55      ] | Goal: [1.05360917 0.05860605 0.415     ] | DriftLimit: 0.0350 | FloorLimit: 0.4700 ---
2026-04-24 13:33:42,021 - [ENV] - SUCCESS: Goal reached in 4 steps. Dist = 0.0073m
2026-04-24 13:33:42,022 - [ENV] - --- EPISODE START | Scenario: DESCEND | Start: [1.03183829 0.33606202 0.55      ] | Goal: [1.03183829 0.33606202 0.41      ] | DriftLimit: 0.0350 | FloorLimit: 0.4700 ---
2026-04-24 13:33:42,132 - [ENV] - TERMINATED (Descend): Tube Drift = 0.0371m (Max 0.0350m) at step 2
2026-04-24 13:33:42,132 - [ENV] - Episode ended without success at step 2. Final dist: 0.0659m
2026-04-24 13:33:42,133 - [ENV] - --- EPISODE START | Scenario: TRANSIT | Start: [0.79738671 0.15877744 0.55      ] | Goal: [0.81084578 0.49824724 0.55      ] | DriftLimit: 0.0350 | FloorLimit: 0.4700 ---
2026-04-24 13:33:47,092 - [ENV] - --- EPISODE START | Scenario: ASCEND | Start: [0.81858343 0.32937507 0.415     ] | Goal: [0.81858343 0.32937507 0.55      ] | DriftLimit: 0.0350 | FloorLimit: 0.4700 ---
2026-04-24 13:33:51,569 - [ENV] - --- EPISODE START | Scenario: DESCEND | Start: [0.63528126 0.37072968 0.55      ] | Goal: [0.63528126 0.37072968 0.415     ] | DriftLimit: 0.0350 | FloorLimit: 0.4700 ---
2026-04-24 13:33:51,786 - [ENV] - TERMINATED (Descend): Tube Drift = 0.0367m (Max 0.0350m) at step 6
2026-04-24 13:33:51,786 - [ENV] - Episode ended without success at step 6. Final dist: 0.0377m
2026-04-24 13:33:51,786 - [ENV] - --- EPISODE START | Scenario: DESCEND | Start: [0.75679207 0.22029077 0.55      ] | Goal: [0.75679207 0.22029077 0.415     ] | DriftLimit: 0.0350 | FloorLimit: 0.4700 ---
2026-04-24 13:33:56,528 - [ENV] - --- EPISODE START | Scenario: TRANSIT | Start: [0.61661017 0.44741917 0.55      ] | Goal: [0.99552237 0.26922705 0.55      ] | DriftLimit: 0.0350 | FloorLimit: 0.4700 ---
2026-04-24 13:34:01,021 - [ENV] - --- EPISODE START | Scenario: DESCEND | Start: [1.04227411 0.49785575 0.55      ] | Goal: [1.04227411 0.49785575 0.415     ] | DriftLimit: 0.0350 | FloorLimit: 0.4700 ---
2026-04-24 13:34:01,908 - [ENV] - TERMINATED (Descend): Tube Drift = 0.0352m (Max 0.0350m) at step 37
2026-04-24 13:34:01,908 - [ENV] - Episode ended without success at step 37. Final dist: 0.0352m
2026-04-24 13:34:01,909 - [ENV] - --- EPISODE START | Scenario: DESCEND | Start: [0.72719888 0.26243149 0.55      ] | Goal: [0.72719888 0.26243149 0.41      ] | DriftLimit: 0.0350 | FloorLimit: 0.4700 ---
2026-04-24 13:34:06,509 - [ENV] - --- EPISODE START | Scenario: ASCEND | Start: [0.82785042 0.39101335 0.415     ] | Goal: [0.82785042 0.39101335 0.55      ] | DriftLimit: 0.0350 | FloorLimit: 0.4700 ---
2026-04-24 13:34:06,690 - [ENV] - TERMINATED (Ascend): Tube Drift = 0.0495m (Max 0.0350m) at step 3
2026-04-24 13:34:06,690 - [ENV] - Episode ended without success at step 3. Final dist: 0.1250m
2026-04-24 13:34:06,691 - [ENV] - --- EPISODE START | Scenario: DESCEND | Start: [0.65376195 0.23264828 0.55      ] | Goal: [0.65376195 0.23264828 0.415     ] | DriftLimit: 0.0350 | FloorLimit: 0.4700 ---
2026-04-24 13:34:07,021 - [ENV] - TERMINATED (Descend): Tube Drift = 0.0354m (Max 0.0350m) at step 11
2026-04-24 13:34:07,022 - [ENV] - Episode ended without success at step 11. Final dist: 0.0354m
2026-04-24 13:34:07,022 - [ENV] - --- EPISODE START | Scenario: DESCEND | Start: [0.62064824 0.2175155  0.55      ] | Goal: [0.62064824 0.2175155  0.415     ] | DriftLimit: 0.0350 | FloorLimit: 0.4700 ---
2026-04-24 13:34:11,518 - [ENV] - --- EPISODE START | Scenario: DESCEND | Start: [1.02422423 0.05085079 0.55      ] | Goal: [1.02422423 0.05085079 0.41      ] | DriftLimit: 0.0350 | FloorLimit: 0.4700 ---
2026-04-24 13:34:15,587 - [ENV] - --- EPISODE START | Scenario: DESCEND | Start: [1.05163761 0.47920845 0.55      ] | Goal: [1.05163761 0.47920845 0.415     ] | DriftLimit: 0.0350 | FloorLimit: 0.4700 ---
2026-04-24 13:34:17,268 - [ENV] - TERMINATED (Descend): Tube Drift = 0.0351m (Max 0.0350m) at step 63
2026-04-24 13:34:17,269 - [ENV] - Episode ended without success at step 63. Final dist: 0.0352m
2026-04-24 13:34:17,269 - [ENV] - --- EPISODE START | Scenario: ASCEND | Start: [1.02452429 0.1637957  0.415     ] | Goal: [1.02452429 0.1637957  0.55      ] | DriftLimit: 0.0350 | FloorLimit: 0.4700 ---
2026-04-24 13:34:17,455 - [ENV] - TERMINATED (Ascend): Tube Drift = 0.0387m (Max 0.0350m) at step 4
2026-04-24 13:34:17,455 - [ENV] - Episode ended without success at step 4. Final dist: 0.1175m
2026-04-24 13:34:17,456 - [ENV] - --- EPISODE START | Scenario: TRANSIT | Start: [0.7377099  0.45845745 0.55      ] | Goal: [1.10937348 0.53301763 0.55      ] | DriftLimit: 0.0350 | FloorLimit: 0.4700 ---
2026-04-24 13:35:20,635 - [ENV] - --- EPISODE START | Scenario: DESCEND | Start: [1.01500119 0.48490092 0.55      ] | Goal: [1.01500119 0.48490092 0.415     ] | DriftLimit: 0.0350 | FloorLimit: 0.4700 ---
2026-04-24 13:35:25,071 - [ENV] - --- EPISODE START | Scenario: ASCEND | Start: [1.09752249 0.52333022 0.415     ] | Goal: [1.09752249 0.52333022 0.55      ] | DriftLimit: 0.0350 | FloorLimit: 0.4700 ---
2026-04-24 13:35:25,202 - [ENV] - TERMINATED (Ascend): Tube Drift = 0.0454m (Max 0.0350m) at step 2
2026-04-24 13:35:25,203 - [ENV] - Episode ended without success at step 2. Final dist: 0.1165m
2026-04-24 13:35:25,204 - [ENV] - --- EPISODE START | Scenario: TRANSIT | Start: [0.93182098 0.25041853 0.55      ] | Goal: [1.09445776 0.51868698 0.55      ] | DriftLimit: 0.0350 | FloorLimit: 0.4700 ---
2026-04-24 13:35:29,381 - [ENV] - --- EPISODE START | Scenario: DESCEND | Start: [0.74516485 0.15411907 0.55      ] | Goal: [0.74516485 0.15411907 0.415     ] | DriftLimit: 0.0350 | FloorLimit: 0.4700 ---
2026-04-24 13:35:34,028 - [ENV] - --- EPISODE START | Scenario: ASCEND | Start: [0.85610945 0.17220926 0.415     ] | Goal: [0.85610945 0.17220926 0.55      ] | DriftLimit: 0.0350 | FloorLimit: 0.4700 ---
2026-04-24 13:35:34,199 - [ENV] - TERMINATED (Ascend): Tube Drift = 0.0526m (Max 0.0350m) at step 4
2026-04-24 13:35:34,199 - [ENV] - Episode ended without success at step 4. Final dist: 0.1027m
2026-04-24 13:35:34,199 - [ENV] - --- EPISODE START | Scenario: ASCEND | Start: [0.79422993 0.40014182 0.415     ] | Goal: [0.79422993 0.40014182 0.55      ] | DriftLimit: 0.0350 | FloorLimit: 0.4700 ---
2026-04-24 13:35:38,558 - [ENV] - --- EPISODE START | Scenario: TRANSIT | Start: [0.60451835 0.05518571 0.55      ] | Goal: [0.8645834  0.10455757 0.55      ] | DriftLimit: 0.0350 | FloorLimit: 0.4700 ---
2026-04-24 13:35:43,197 - [ENV] - --- EPISODE START | Scenario: DESCEND | Start: [0.68459447 0.09420174 0.55      ] | Goal: [0.68459447 0.09420174 0.415     ] | DriftLimit: 0.0350 | FloorLimit: 0.4700 ---
2026-04-24 13:35:47,820 - [ENV] - --- EPISODE START | Scenario: ASCEND | Start: [0.74311243 0.22150217 0.415     ] | Goal: [0.74311243 0.22150217 0.55      ] | DriftLimit: 0.0350 | FloorLimit: 0.4700 ---
2026-04-24 13:35:48,118 - [ENV] - TERMINATED (Ascend): Tube Drift = 0.0416m (Max 0.0350m) at step 3
2026-04-24 13:35:48,119 - [ENV] - Episode ended without success at step 3. Final dist: 0.1342m
2026-04-24 13:35:48,120 - [ENV] - --- EPISODE START | Scenario: ASCEND | Start: [0.71031343 0.18965852 0.415     ] | Goal: [0.71031343 0.18965852 0.55      ] | DriftLimit: 0.0350 | FloorLimit: 0.4700 ---
2026-04-24 13:35:52,933 - [ENV] - --- EPISODE START | Scenario: DESCEND | Start: [1.02421582 0.40237194 0.55      ] | Goal: [1.02421582 0.40237194 0.415     ] | DriftLimit: 0.0350 | FloorLimit: 0.4700 ---
2026-04-24 13:35:55,354 - [ENV] - TERMINATED (Descend): Tube Drift = 0.0350m (Max 0.0350m) at step 89
2026-04-24 13:35:55,355 - [ENV] - Episode ended without success at step 89. Final dist: 0.0353m
2026-04-24 13:35:55,356 - [ENV] - --- EPISODE START | Scenario: ASCEND | Start: [0.76951619 0.05238937 0.415     ] | Goal: [0.76951619 0.05238937 0.55      ] | DriftLimit: 0.0350 | FloorLimit: 0.4700 ---
2026-04-24 13:35:59,988 - [ENV] - --- EPISODE START | Scenario: ASCEND | Start: [0.89024544 0.27907348 0.415     ] | Goal: [0.89024544 0.27907348 0.55      ] | DriftLimit: 0.0350 | FloorLimit: 0.4700 ---
2026-04-24 13:36:00,232 - [ENV] - TERMINATED (Ascend): Tube Drift = 0.0551m (Max 0.0350m) at step 3
2026-04-24 13:36:00,232 - [ENV] - Episode ended without success at step 3. Final dist: 0.1134m
2026-04-24 13:36:00,233 - [ENV] - --- EPISODE START | Scenario: TRANSIT | Start: [1.0946278  0.12851901 0.55      ] | Goal: [0.60466761 0.42707743 0.55      ] | DriftLimit: 0.0350 | FloorLimit: 0.4700 ---
2026-04-24 13:36:04,534 - [ENV] - --- EPISODE START | Scenario: TRANSIT | Start: [0.62008326 0.00149941 0.55      ] | Goal: [0.79213397 0.05672921 0.55      ] | DriftLimit: 0.0350 | FloorLimit: 0.4700 ---
2026-04-24 13:36:08,620 - [ENV] - --- EPISODE START | Scenario: ASCEND | Start: [0.81821902 0.50855033 0.415     ] | Goal: [0.81821902 0.50855033 0.55      ] | DriftLimit: 0.0350 | FloorLimit: 0.4700 ---
2026-04-24 13:36:08,736 - [ENV] - TERMINATED (Ascend): Tube Drift = 0.0450m (Max 0.0350m) at step 2
2026-04-24 13:36:08,736 - [ENV] - Episode ended without success at step 2. Final dist: 0.1200m
2026-04-24 13:36:08,737 - [ENV] - --- EPISODE START | Scenario: ASCEND | Start: [1.04702506 0.27850469 0.415     ] | Goal: [1.04702506 0.27850469 0.55      ] | DriftLimit: 0.0350 | FloorLimit: 0.4700 ---
2026-04-24 13:36:09,312 - [ENV] - TERMINATED (Ascend): Tube Drift = 0.0354m (Max 0.0350m) at step 14
2026-04-24 13:36:09,312 - [ENV] - Episode ended without success at step 14. Final dist: 0.0653m
2026-04-24 13:36:09,312 - [ENV] - --- EPISODE START | Scenario: ASCEND | Start: [0.79325004 0.0360927  0.415     ] | Goal: [0.79325004 0.0360927  0.55      ] | DriftLimit: 0.0350 | FloorLimit: 0.4700 ---
2026-04-24 13:36:09,473 - [ENV] - TERMINATED (Ascend): Tube Drift = 0.0570m (Max 0.0350m) at step 3
2026-04-24 13:36:09,473 - [ENV] - Episode ended without success at step 3. Final dist: 0.1247m
2026-04-24 13:36:09,473 - [ENV] - --- EPISODE START | Scenario: TRANSIT | Start: [9.79217849e-01 9.18464222e-04 5.50000000e-01] | Goal: [0.76946553 0.22068556 0.55      ] | DriftLimit: 0.0350 | FloorLimit: 0.4700 ---
2026-04-24 13:36:13,765 - [ENV] - --- EPISODE START | Scenario: TRANSIT | Start: [0.62057531 0.33648283 0.55      ] | Goal: [0.9028299  0.31207821 0.55      ] | DriftLimit: 0.0350 | FloorLimit: 0.4700 ---
2026-04-24 13:36:14,057 - [ENV] - SUCCESS: Goal reached in 9 steps. Dist = 0.0194m
2026-04-24 13:36:14,058 - [ENV] - --- EPISODE START | Scenario: TRANSIT | Start: [1.14250473 0.13240192 0.55      ] | Goal: [0.94165479 0.14652037 0.55      ] | DriftLimit: 0.0350 | FloorLimit: 0.4700 ---
2026-04-24 13:36:18,699 - [ENV] - --- EPISODE START | Scenario: ASCEND | Start: [0.77661345 0.38637297 0.415     ] | Goal: [0.77661345 0.38637297 0.55      ] | DriftLimit: 0.0350 | FloorLimit: 0.4700 ---
2026-04-24 13:36:19,152 - [ENV] - TERMINATED (Ascend): Tube Drift = 0.0354m (Max 0.0350m) at step 12
2026-04-24 13:36:19,153 - [ENV] - Episode ended without success at step 12. Final dist: 0.0366m
2026-04-24 13:36:19,153 - [ENV] - --- EPISODE START | Scenario: TRANSIT | Start: [1.08396597 0.30929223 0.55      ] | Goal: [1.00910983 0.15347371 0.55      ] | DriftLimit: 0.0350 | FloorLimit: 0.4700 ---
2026-04-24 13:36:23,442 - [ENV] - --- EPISODE START | Scenario: ASCEND | Start: [1.13595658 0.26085379 0.415     ] | Goal: [1.13595658 0.26085379 0.55      ] | DriftLimit: 0.0350 | FloorLimit: 0.4700 ---
2026-04-24 13:36:23,702 - [ENV] - TERMINATED (Ascend): Tube Drift = 0.0355m (Max 0.0350m) at step 7
2026-04-24 13:36:23,702 - [ENV] - Episode ended without success at step 7. Final dist: 0.0893m
2026-04-24 13:36:23,703 - [ENV] - --- EPISODE START | Scenario: ASCEND | Start: [0.70093524 0.46372734 0.415     ] | Goal: [0.70093524 0.46372734 0.55      ] | DriftLimit: 0.0350 | FloorLimit: 0.4700 ---
2026-04-24 13:36:23,858 - [ENV] - TERMINATED (Ascend): Tube Drift = 0.0517m (Max 0.0350m) at step 2
2026-04-24 13:36:23,859 - [ENV] - Episode ended without success at step 2. Final dist: 0.1318m
2026-04-24 13:36:23,859 - [ENV] - --- EPISODE START | Scenario: DESCEND | Start: [0.96917821 0.48476223 0.55      ] | Goal: [0.96917821 0.48476223 0.41      ] | DriftLimit: 0.0350 | FloorLimit: 0.4700 ---
2026-04-24 13:37:29,489 - [ENV] - --- EPISODE START | Scenario: DESCEND | Start: [0.8250947  0.37169015 0.55      ] | Goal: [0.8250947  0.37169015 0.415     ] | DriftLimit: 0.0350 | FloorLimit: 0.4700 ---
2026-04-24 13:37:30,462 - [ENV] - SUCCESS: Goal reached in 40 steps. Dist = 0.0099m
2026-04-24 13:37:30,463 - [ENV] - --- EPISODE START | Scenario: DESCEND | Start: [0.70912603 0.25796405 0.55      ] | Goal: [0.70912603 0.25796405 0.41      ] | DriftLimit: 0.0350 | FloorLimit: 0.4700 ---
2026-04-24 13:37:30,985 - [ENV] - TERMINATED (Descend): Tube Drift = 0.0353m (Max 0.0350m) at step 20
2026-04-24 13:37:30,985 - [ENV] - Episode ended without success at step 20. Final dist: 0.0367m
2026-04-24 13:37:30,986 - [ENV] - --- EPISODE START | Scenario: ASCEND | Start: [0.85907928 0.33109897 0.415     ] | Goal: [0.85907928 0.33109897 0.55      ] | DriftLimit: 0.0350 | FloorLimit: 0.4700 ---
2026-04-24 13:37:31,325 - [ENV] - TERMINATED (Ascend): Tube Drift = 0.0363m (Max 0.0350m) at step 10
2026-04-24 13:37:31,325 - [ENV] - Episode ended without success at step 10. Final dist: 0.0485m
2026-04-24 13:37:31,326 - [ENV] - --- EPISODE START | Scenario: TRANSIT | Start: [0.99376234 0.01201542 0.55      ] | Goal: [1.14041477 0.45099418 0.55      ] | DriftLimit: 0.0350 | FloorLimit: 0.4700 ---
2026-04-24 13:37:31,696 - [ENV] - SUCCESS: Goal reached in 16 steps. Dist = 0.0193m
2026-04-24 13:37:31,697 - [ENV] - --- EPISODE START | Scenario: DESCEND | Start: [0.62503748 0.48031063 0.55      ] | Goal: [0.62503748 0.48031063 0.41      ] | DriftLimit: 0.0350 | FloorLimit: 0.4700 ---
2026-04-24 13:37:36,321 - [ENV] - --- EPISODE START | Scenario: TRANSIT | Start: [ 1.05037917 -0.01498288  0.55      ] | Goal: [0.79089817 0.44431925 0.55      ] | DriftLimit: 0.0350 | FloorLimit: 0.4700 ---
2026-04-24 13:37:40,692 - [ENV] - --- EPISODE START | Scenario: DESCEND | Start: [1.05331997 0.41635415 0.55      ] | Goal: [1.05331997 0.41635415 0.415     ] | DriftLimit: 0.0350 | FloorLimit: 0.4700 ---
2026-04-24 13:37:45,111 - [ENV] - --- EPISODE START | Scenario: DESCEND | Start: [1.10784252 0.00517682 0.55      ] | Goal: [1.10784252 0.00517682 0.41      ] | DriftLimit: 0.0350 | FloorLimit: 0.4700 ---
2026-04-24 13:37:49,359 - [ENV] - --- EPISODE START | Scenario: ASCEND | Start: [0.79900983 0.13043509 0.415     ] | Goal: [0.79900983 0.13043509 0.55      ] | DriftLimit: 0.0350 | FloorLimit: 0.4700 ---
2026-04-24 13:37:53,726 - [ENV] - --- EPISODE START | Scenario: DESCEND | Start: [0.62563819 0.17078734 0.55      ] | Goal: [0.62563819 0.17078734 0.41      ] | DriftLimit: 0.0350 | FloorLimit: 0.4700 ---
2026-04-24 13:37:53,999 - [ENV] - TERMINATED (Descend): Tube Drift = 0.0353m (Max 0.0350m) at step 9
2026-04-24 13:37:53,999 - [ENV] - Episode ended without success at step 9. Final dist: 0.0378m
2026-04-24 13:37:53,999 - [ENV] - --- EPISODE START | Scenario: ASCEND | Start: [1.04415187 0.39590287 0.415     ] | Goal: [1.04415187 0.39590287 0.55      ] | DriftLimit: 0.0350 | FloorLimit: 0.4700 ---
2026-04-24 13:37:54,125 - [ENV] - TERMINATED (Ascend): Tube Drift = 0.0481m (Max 0.0350m) at step 2
2026-04-24 13:37:54,125 - [ENV] - Episode ended without success at step 2. Final dist: 0.1140m
2026-04-24 13:37:54,126 - [ENV] - --- EPISODE START | Scenario: TRANSIT | Start: [1.06241387 0.22904945 0.55      ] | Goal: [0.63258241 0.33479669 0.55      ] | DriftLimit: 0.0350 | FloorLimit: 0.4700 ---
2026-04-24 13:37:58,990 - [ENV] - --- EPISODE START | Scenario: DESCEND | Start: [1.05474805 0.14200402 0.55      ] | Goal: [1.05474805 0.14200402 0.41      ] | DriftLimit: 0.0350 | FloorLimit: 0.4700 ---
2026-04-24 13:38:03,395 - [ENV] - --- EPISODE START | Scenario: DESCEND | Start: [0.70554851 0.12628514 0.55      ] | Goal: [0.70554851 0.12628514 0.415     ] | DriftLimit: 0.0350 | FloorLimit: 0.4700 ---
2026-04-24 13:38:04,450 - [ENV] - SUCCESS: Goal reached in 44 steps. Dist = 0.0100m
2026-04-24 13:38:04,450 - [ENV] - --- EPISODE START | Scenario: ASCEND | Start: [1.11890192 0.13916129 0.415     ] | Goal: [1.11890192 0.13916129 0.55      ] | DriftLimit: 0.0350 | FloorLimit: 0.4700 ---
2026-04-24 13:38:08,877 - [ENV] - --- EPISODE START | Scenario: TRANSIT | Start: [1.1296865 0.365834  0.55     ] | Goal: [1.0072499  0.11606979 0.55      ] | DriftLimit: 0.0350 | FloorLimit: 0.4700 ---
2026-04-24 13:38:13,191 - [ENV] - --- EPISODE START | Scenario: TRANSIT | Start: [0.6675834  0.47260448 0.55      ] | Goal: [0.76455453 0.09488293 0.55      ] | DriftLimit: 0.0350 | FloorLimit: 0.4700 ---
2026-04-24 13:38:17,747 - [ENV] - --- EPISODE START | Scenario: ASCEND | Start: [0.67294074 0.070895   0.415     ] | Goal: [0.67294074 0.070895   0.55      ] | DriftLimit: 0.0350 | FloorLimit: 0.4700 ---
2026-04-24 13:38:22,261 - [ENV] - --- EPISODE START | Scenario: ASCEND | Start: [0.80255228 0.1626184  0.415     ] | Goal: [0.80255228 0.1626184  0.55      ] | DriftLimit: 0.0350 | FloorLimit: 0.4700 ---
2026-04-24 13:38:26,658 - [ENV] - --- EPISODE START | Scenario: DESCEND | Start: [0.85711581 0.48678528 0.55      ] | Goal: [0.85711581 0.48678528 0.41      ] | DriftLimit: 0.0350 | FloorLimit: 0.4700 ---
2026-04-24 13:39:35,960 - [ENV] - --- EPISODE START | Scenario: TRANSIT | Start: [0.8668844  0.53729628 0.55      ] | Goal: [1.04235086 0.02104775 0.55      ] | DriftLimit: 0.0350 | FloorLimit: 0.4700 ---
2026-04-24 13:39:40,365 - [ENV] - --- EPISODE START | Scenario: DESCEND | Start: [ 1.03513122 -0.00811994  0.55      ] | Goal: [ 1.03513122 -0.00811994  0.41      ] | DriftLimit: 0.0350 | FloorLimit: 0.4700 ---
2026-04-24 13:39:44,444 - [ENV] - --- EPISODE START | Scenario: DESCEND | Start: [0.85617617 0.54078246 0.55      ] | Goal: [0.85617617 0.54078246 0.41      ] | DriftLimit: 0.0350 | FloorLimit: 0.4700 ---
2026-04-24 13:39:44,838 - [ENV] - TERMINATED (Descend): Tube Drift = 0.0350m (Max 0.0350m) at step 14
2026-04-24 13:39:44,838 - [ENV] - Episode ended without success at step 14. Final dist: 0.0379m
2026-04-24 13:39:44,839 - [ENV] - --- EPISODE START | Scenario: ASCEND | Start: [0.60721214 0.22557063 0.415     ] | Goal: [0.60721214 0.22557063 0.55      ] | DriftLimit: 0.0350 | FloorLimit: 0.4700 ---
2026-04-24 13:39:45,229 - [ENV] - TERMINATED (Ascend): Tube Drift = 0.0492m (Max 0.0350m) at step 3
2026-04-24 13:39:45,229 - [ENV] - Episode ended without success at step 3. Final dist: 0.1247m
2026-04-24 13:39:45,230 - [ENV] - --- EPISODE START | Scenario: TRANSIT | Start: [1.09748734 0.03480936 0.55      ] | Goal: [0.76765745 0.08758895 0.55      ] | DriftLimit: 0.0350 | FloorLimit: 0.4700 ---
2026-04-24 13:39:49,410 - [ENV] - --- EPISODE START | Scenario: TRANSIT | Start: [0.92360114 0.49620098 0.55      ] | Goal: [1.01978847 0.19691131 0.55      ] | DriftLimit: 0.0350 | FloorLimit: 0.4700 ---
2026-04-24 13:39:54,185 - [ENV] - --- EPISODE START | Scenario: TRANSIT | Start: [0.70150163 0.46825412 0.55      ] | Goal: [0.7727114  0.33460904 0.55      ] | DriftLimit: 0.0350 | FloorLimit: 0.4700 ---
2026-04-24 13:39:58,365 - [ENV] - --- EPISODE START | Scenario: DESCEND | Start: [1.0934451  0.13889899 0.55      ] | Goal: [1.0934451  0.13889899 0.415     ] | DriftLimit: 0.0350 | FloorLimit: 0.4700 ---
2026-04-24 13:39:58,618 - [ENV] - SUCCESS: Goal reached in 7 steps. Dist = 0.0100m
2026-04-24 13:39:58,619 - [ENV] - --- EPISODE START | Scenario: ASCEND | Start: [0.82237701 0.44831222 0.415     ] | Goal: [0.82237701 0.44831222 0.55      ] | DriftLimit: 0.0350 | FloorLimit: 0.4700 ---
2026-04-24 13:40:03,110 - [ENV] - --- EPISODE START | Scenario: TRANSIT | Start: [0.72068317 0.09035252 0.55      ] | Goal: [0.92301488 0.13770425 0.55      ] | DriftLimit: 0.0350 | FloorLimit: 0.4700 ---
2026-04-24 13:40:07,363 - [ENV] - --- EPISODE START | Scenario: ASCEND | Start: [0.8275228  0.23400001 0.415     ] | Goal: [0.8275228  0.23400001 0.55      ] | DriftLimit: 0.0350 | FloorLimit: 0.4700 ---
2026-04-24 13:40:07,560 - [ENV] - TERMINATED (Ascend): Tube Drift = 0.0375m (Max 0.0350m) at step 2
2026-04-24 13:40:07,560 - [ENV] - Episode ended without success at step 2. Final dist: 0.1279m
2026-04-24 13:40:07,561 - [ENV] - --- EPISODE START | Scenario: DESCEND | Start: [0.67514389 0.02919479 0.55      ] | Goal: [0.67514389 0.02919479 0.41      ] | DriftLimit: 0.0350 | FloorLimit: 0.4700 ---
2026-04-24 13:40:11,965 - [ENV] - --- EPISODE START | Scenario: ASCEND | Start: [0.95174346 0.40923554 0.415     ] | Goal: [0.95174346 0.40923554 0.55      ] | DriftLimit: 0.0350 | FloorLimit: 0.4700 ---
2026-04-24 13:40:16,267 - [ENV] - --- EPISODE START | Scenario: DESCEND | Start: [0.96799876 0.34455191 0.55      ] | Goal: [0.96799876 0.34455191 0.41      ] | DriftLimit: 0.0350 | FloorLimit: 0.4700 ---
2026-04-24 13:40:17,666 - [ENV] - TERMINATED (Descend): Tube Drift = 0.0351m (Max 0.0350m) at step 54
2026-04-24 13:40:17,667 - [ENV] - Episode ended without success at step 54. Final dist: 0.0362m
2026-04-24 13:40:17,667 - [ENV] - --- EPISODE START | Scenario: TRANSIT | Start: [0.66426228 0.09312214 0.55      ] | Goal: [0.6333695  0.26543815 0.55      ] | DriftLimit: 0.0350 | FloorLimit: 0.4700 ---
2026-04-24 13:40:22,660 - [ENV] - --- EPISODE START | Scenario: ASCEND | Start: [0.69074752 0.20001018 0.415     ] | Goal: [0.69074752 0.20001018 0.55      ] | DriftLimit: 0.0350 | FloorLimit: 0.4700 ---
2026-04-24 13:40:27,269 - [ENV] - --- EPISODE START | Scenario: DESCEND | Start: [0.795295   0.33899715 0.55      ] | Goal: [0.795295   0.33899715 0.415     ] | DriftLimit: 0.0350 | FloorLimit: 0.4700 ---
2026-04-24 13:40:31,866 - [ENV] - --- EPISODE START | Scenario: ASCEND | Start: [0.72049818 0.23228244 0.415     ] | Goal: [0.72049818 0.23228244 0.55      ] | DriftLimit: 0.0350 | FloorLimit: 0.4700 ---
2026-04-24 13:40:32,204 - [ENV] - TERMINATED (Ascend): Tube Drift = 0.0414m (Max 0.0350m) at step 3
2026-04-24 13:40:32,204 - [ENV] - Episode ended without success at step 3. Final dist: 0.1328m
2026-04-24 13:40:32,205 - [ENV] - --- EPISODE START | Scenario: ASCEND | Start: [0.8876492  0.37646202 0.415     ] | Goal: [0.8876492  0.37646202 0.55      ] | DriftLimit: 0.0350 | FloorLimit: 0.4700 ---
2026-04-24 13:40:36,750 - [ENV] - --- EPISODE START | Scenario: DESCEND | Start: [1.04031859 0.32152303 0.55      ] | Goal: [1.04031859 0.32152303 0.415     ] | DriftLimit: 0.0350 | FloorLimit: 0.4700 ---
2026-04-24 13:41:44,856 - [ENV] - --- EPISODE START | Scenario: ASCEND | Start: [0.92392616 0.44975121 0.415     ] | Goal: [0.92392616 0.44975121 0.55      ] | DriftLimit: 0.0350 | FloorLimit: 0.4700 ---
2026-04-24 13:41:45,011 - [ENV] - TERMINATED (Ascend): Tube Drift = 0.0390m (Max 0.0350m) at step 2
2026-04-24 13:41:45,011 - [ENV] - Episode ended without success at step 2. Final dist: 0.1084m
2026-04-24 13:41:45,012 - [ENV] - --- EPISODE START | Scenario: ASCEND | Start: [1.06698593 0.43076302 0.415     ] | Goal: [1.06698593 0.43076302 0.55      ] | DriftLimit: 0.0350 | FloorLimit: 0.4700 ---
2026-04-24 13:41:45,265 - [ENV] - TERMINATED (Ascend): Tube Drift = 0.0420m (Max 0.0350m) at step 2
2026-04-24 13:41:45,265 - [ENV] - Episode ended without success at step 2. Final dist: 0.1117m
2026-04-24 13:41:45,266 - [ENV] - --- EPISODE START | Scenario: TRANSIT | Start: [1.12828638 0.43321018 0.55      ] | Goal: [0.92826119 0.11484389 0.55      ] | DriftLimit: 0.0350 | FloorLimit: 0.4700 ---
2026-04-24 13:41:49,779 - [ENV] - --- EPISODE START | Scenario: TRANSIT | Start: [0.77417793 0.15118079 0.55      ] | Goal: [1.11707067 0.34036756 0.55      ] | DriftLimit: 0.0350 | FloorLimit: 0.4700 ---
2026-04-24 13:41:54,336 - [ENV] - --- EPISODE START | Scenario: ASCEND | Start: [0.83584724 0.50079562 0.415     ] | Goal: [0.83584724 0.50079562 0.55      ] | DriftLimit: 0.0350 | FloorLimit: 0.4700 ---
2026-04-24 13:41:54,469 - [ENV] - TERMINATED (Ascend): Tube Drift = 0.0384m (Max 0.0350m) at step 2
2026-04-24 13:41:54,469 - [ENV] - Episode ended without success at step 2. Final dist: 0.1088m
2026-04-24 13:41:54,471 - [ENV] - --- EPISODE START | Scenario: DESCEND | Start: [0.70767795 0.10559628 0.55      ] | Goal: [0.70767795 0.10559628 0.415     ] | DriftLimit: 0.0350 | FloorLimit: 0.4700 ---
2026-04-24 13:41:59,238 - [ENV] - --- EPISODE START | Scenario: ASCEND | Start: [0.67358549 0.15976059 0.415     ] | Goal: [0.67358549 0.15976059 0.55      ] | DriftLimit: 0.0350 | FloorLimit: 0.4700 ---
2026-04-24 13:41:59,546 - [ENV] - TERMINATED (Ascend): Tube Drift = 0.0489m (Max 0.0350m) at step 4
2026-04-24 13:41:59,546 - [ENV] - Episode ended without success at step 4. Final dist: 0.1392m
2026-04-24 13:41:59,547 - [ENV] - --- EPISODE START | Scenario: ASCEND | Start: [0.73762571 0.35727909 0.415     ] | Goal: [0.73762571 0.35727909 0.55      ] | DriftLimit: 0.0350 | FloorLimit: 0.4700 ---
2026-04-24 13:42:04,356 - [ENV] - --- EPISODE START | Scenario: TRANSIT | Start: [0.87417604 0.4822997  0.55      ] | Goal: [ 0.79997867 -0.00697747  0.55      ] | DriftLimit: 0.0350 | FloorLimit: 0.4700 ---
2026-04-24 13:42:08,692 - [ENV] - --- EPISODE START | Scenario: DESCEND | Start: [0.97938236 0.2283929  0.55      ] | Goal: [0.97938236 0.2283929  0.415     ] | DriftLimit: 0.0350 | FloorLimit: 0.4700 ---
2026-04-24 13:42:08,923 - [ENV] - SUCCESS: Goal reached in 6 steps. Dist = 0.0097m
2026-04-24 13:42:08,924 - [ENV] - --- EPISODE START | Scenario: DESCEND | Start: [0.97477452 0.50430523 0.55      ] | Goal: [0.97477452 0.50430523 0.41      ] | DriftLimit: 0.0350 | FloorLimit: 0.4700 ---
2026-04-24 13:42:13,456 - [ENV] - --- EPISODE START | Scenario: TRANSIT | Start: [1.13258276 0.13424742 0.55      ] | Goal: [0.69997119 0.49671343 0.55      ] | DriftLimit: 0.0350 | FloorLimit: 0.4700 ---
2026-04-24 13:42:17,979 - [ENV] - --- EPISODE START | Scenario: TRANSIT | Start: [0.8644737  0.28089381 0.55      ] | Goal: [1.15035583 0.3592452  0.55      ] | DriftLimit: 0.0350 | FloorLimit: 0.4700 ---
2026-04-24 13:42:22,674 - [ENV] - --- EPISODE START | Scenario: TRANSIT | Start: [1.15527737 0.42456637 0.55      ] | Goal: [ 0.92555443 -0.00373718  0.55      ] | DriftLimit: 0.0350 | FloorLimit: 0.4700 ---
2026-04-24 13:42:27,311 - [ENV] - --- EPISODE START | Scenario: TRANSIT | Start: [0.98692908 0.20195782 0.55      ] | Goal: [0.98925949 0.4028835  0.55      ] | DriftLimit: 0.0350 | FloorLimit: 0.4700 ---
2026-04-24 13:42:31,848 - [ENV] - --- EPISODE START | Scenario: TRANSIT | Start: [0.6300728 0.4660848 0.55     ] | Goal: [0.75787947 0.10009083 0.55      ] | DriftLimit: 0.0350 | FloorLimit: 0.4700 ---
2026-04-24 13:42:36,249 - [ENV] - --- EPISODE START | Scenario: DESCEND | Start: [0.91613945 0.09164959 0.55      ] | Goal: [0.91613945 0.09164959 0.41      ] | DriftLimit: 0.0350 | FloorLimit: 0.4700 ---
2026-04-24 13:42:36,651 - [ENV] - SUCCESS: Goal reached in 11 steps. Dist = 0.0100m
2026-04-24 13:42:36,652 - [ENV] - --- EPISODE START | Scenario: DESCEND | Start: [0.602168   0.04694632 0.55      ] | Goal: [0.602168   0.04694632 0.41      ] | DriftLimit: 0.0350 | FloorLimit: 0.4700 ---
2026-04-24 13:42:40,955 - [ENV] - --- EPISODE START | Scenario: DESCEND | Start: [0.85766504 0.43050307 0.55      ] | Goal: [0.85766504 0.43050307 0.415     ] | DriftLimit: 0.0350 | FloorLimit: 0.4700 ---
2026-04-24 13:42:41,647 - [ENV] - TERMINATED (Descend): Tube Drift = 0.0362m (Max 0.0350m) at step 27
2026-04-24 13:42:41,647 - [ENV] - Episode ended without success at step 27. Final dist: 0.0372m
2026-04-24 13:42:41,648 - [ENV] - --- EPISODE START | Scenario: TRANSIT | Start: [1.0047443  0.46019898 0.55      ] | Goal: [0.62688953 0.5321358  0.55      ] | DriftLimit: 0.0350 | FloorLimit: 0.4700 ---
2026-04-24 13:42:46,119 - [ENV] - --- EPISODE START | Scenario: TRANSIT | Start: [0.75817609 0.53783645 0.55      ] | Goal: [0.67757969 0.14700961 0.55      ] | DriftLimit: 0.0350 | FloorLimit: 0.4700 ---
2026-04-24 13:43:49,911 - [ENV] - --- EPISODE START | Scenario: TRANSIT | Start: [0.6763986  0.06908396 0.55      ] | Goal: [1.07073297 0.06295426 0.55      ] | DriftLimit: 0.0350 | FloorLimit: 0.4700 ---
2026-04-24 13:43:54,465 - [ENV] - --- EPISODE START | Scenario: DESCEND | Start: [0.8724346  0.53753165 0.55      ] | Goal: [0.8724346  0.53753165 0.41      ] | DriftLimit: 0.0350 | FloorLimit: 0.4700 ---
2026-04-24 13:43:54,963 - [ENV] - TERMINATED (Descend): Tube Drift = 0.0381m (Max 0.0350m) at step 18
2026-04-24 13:43:54,963 - [ENV] - Episode ended without success at step 18. Final dist: 0.0411m
2026-04-24 13:43:54,964 - [ENV] - --- EPISODE START | Scenario: ASCEND | Start: [0.9043103  0.06191259 0.415     ] | Goal: [0.9043103  0.06191259 0.55      ] | DriftLimit: 0.0350 | FloorLimit: 0.4700 ---
2026-04-24 13:43:59,870 - [ENV] - --- EPISODE START | Scenario: ASCEND | Start: [0.6772233  0.41339601 0.415     ] | Goal: [0.6772233  0.41339601 0.55      ] | DriftLimit: 0.0350 | FloorLimit: 0.4700 ---
2026-04-24 13:44:04,675 - [ENV] - --- EPISODE START | Scenario: DESCEND | Start: [0.69756591 0.16131638 0.55      ] | Goal: [0.69756591 0.16131638 0.415     ] | DriftLimit: 0.0350 | FloorLimit: 0.4700 ---
2026-04-24 13:44:05,156 - [ENV] - TERMINATED (Descend): Tube Drift = 0.0350m (Max 0.0350m) at step 17
2026-04-24 13:44:05,156 - [ENV] - Episode ended without success at step 17. Final dist: 0.0352m
2026-04-24 13:44:05,157 - [ENV] - --- EPISODE START | Scenario: TRANSIT | Start: [0.99828538 0.26596353 0.55      ] | Goal: [0.95489123 0.06229604 0.55      ] | DriftLimit: 0.0350 | FloorLimit: 0.4700 ---
2026-04-24 13:44:10,086 - [ENV] - --- EPISODE START | Scenario: ASCEND | Start: [0.84089748 0.35242515 0.415     ] | Goal: [0.84089748 0.35242515 0.55      ] | DriftLimit: 0.0350 | FloorLimit: 0.4700 ---
2026-04-24 13:44:10,321 - [ENV] - TERMINATED (Ascend): Tube Drift = 0.0395m (Max 0.0350m) at step 2
2026-04-24 13:44:10,321 - [ENV] - Episode ended without success at step 2. Final dist: 0.1230m
2026-04-24 13:44:10,322 - [ENV] - --- EPISODE START | Scenario: TRANSIT | Start: [1.14383521 0.36719497 0.55      ] | Goal: [0.7518144  0.38469084 0.55      ] | DriftLimit: 0.0350 | FloorLimit: 0.4700 ---
2026-04-24 13:44:14,986 - [ENV] - --- EPISODE START | Scenario: TRANSIT | Start: [0.83986162 0.23618309 0.55      ] | Goal: [0.88329471 0.05434184 0.55      ] | DriftLimit: 0.0350 | FloorLimit: 0.4700 ---
2026-04-24 13:44:19,903 - [ENV] - --- EPISODE START | Scenario: ASCEND | Start: [0.92523432 0.28012964 0.415     ] | Goal: [0.92523432 0.28012964 0.55      ] | DriftLimit: 0.0350 | FloorLimit: 0.4700 ---
2026-04-24 13:44:24,646 - [ENV] - --- EPISODE START | Scenario: ASCEND | Start: [0.79436974 0.3732382  0.415     ] | Goal: [0.79436974 0.3732382  0.55      ] | DriftLimit: 0.0350 | FloorLimit: 0.4700 ---
2026-04-24 13:44:24,840 - [ENV] - TERMINATED (Ascend): Tube Drift = 0.0540m (Max 0.0350m) at step 3
2026-04-24 13:44:24,840 - [ENV] - Episode ended without success at step 3. Final dist: 0.1256m
2026-04-24 13:44:24,841 - [ENV] - --- EPISODE START | Scenario: ASCEND | Start: [0.92206737 0.21182389 0.415     ] | Goal: [0.92206737 0.21182389 0.55      ] | DriftLimit: 0.0350 | FloorLimit: 0.4700 ---
2026-04-24 13:44:29,690 - [ENV] - --- EPISODE START | Scenario: DESCEND | Start: [0.84799371 0.43001884 0.55      ] | Goal: [0.84799371 0.43001884 0.415     ] | DriftLimit: 0.0350 | FloorLimit: 0.4700 ---
2026-04-24 13:44:29,890 - [ENV] - SUCCESS: Goal reached in 4 steps. Dist = 0.0097m
2026-04-24 13:44:29,891 - [ENV] - --- EPISODE START | Scenario: TRANSIT | Start: [0.60125949 0.27893854 0.55      ] | Goal: [0.71516193 0.21276961 0.55      ] | DriftLimit: 0.0350 | FloorLimit: 0.4700 ---
2026-04-24 13:44:30,121 - [ENV] - SUCCESS: Goal reached in 6 steps. Dist = 0.0117m
2026-04-24 13:44:30,122 - [ENV] - --- EPISODE START | Scenario: TRANSIT | Start: [0.83496458 0.11146167 0.55      ] | Goal: [0.66966425 0.22990794 0.55      ] | DriftLimit: 0.0350 | FloorLimit: 0.4700 ---
2026-04-24 13:44:35,114 - [ENV] - --- EPISODE START | Scenario: TRANSIT | Start: [ 1.06909709 -0.00829388  0.55      ] | Goal: [0.63263784 0.03895512 0.55      ] | DriftLimit: 0.0350 | FloorLimit: 0.4700 ---
2026-04-24 13:44:40,232 - [ENV] - --- EPISODE START | Scenario: TRANSIT | Start: [0.75519621 0.04782564 0.55      ] | Goal: [0.94849156 0.45053343 0.55      ] | DriftLimit: 0.0350 | FloorLimit: 0.4700 ---
2026-04-24 13:44:44,744 - [ENV] - --- EPISODE START | Scenario: ASCEND | Start: [0.94213732 0.30901627 0.415     ] | Goal: [0.94213732 0.30901627 0.55      ] | DriftLimit: 0.0350 | FloorLimit: 0.4700 ---
2026-04-24 13:44:49,309 - [ENV] - --- EPISODE START | Scenario: TRANSIT | Start: [0.7741712  0.03316171 0.55      ] | Goal: [0.82315792 0.43274194 0.55      ] | DriftLimit: 0.0350 | FloorLimit: 0.4700 ---
2026-04-24 13:44:53,818 - [ENV] - --- EPISODE START | Scenario: DESCEND | Start: [0.82049221 0.01632944 0.55      ] | Goal: [0.82049221 0.01632944 0.41      ] | DriftLimit: 0.0350 | FloorLimit: 0.4700 ---
2026-04-24 13:45:51,839 - [ENV] - --- EPISODE START | Scenario: ASCEND | Start: [0.78453996 0.09327218 0.415     ] | Goal: [0.78453996 0.09327218 0.55      ] | DriftLimit: 0.0350 | FloorLimit: 0.4700 ---
2026-04-24 13:45:51,995 - [ENV] - TERMINATED (Ascend): Tube Drift = 0.0442m (Max 0.0350m) at step 3
2026-04-24 13:45:51,995 - [ENV] - Episode ended without success at step 3. Final dist: 0.1258m
2026-04-24 13:45:51,996 - [ENV] - --- EPISODE START | Scenario: DESCEND | Start: [0.82590318 0.47516539 0.55      ] | Goal: [0.82590318 0.47516539 0.41      ] | DriftLimit: 0.0350 | FloorLimit: 0.4700 ---
2026-04-24 13:45:57,285 - [ENV] - --- EPISODE START | Scenario: ASCEND | Start: [0.67784563 0.15045404 0.415     ] | Goal: [0.67784563 0.15045404 0.55      ] | DriftLimit: 0.0350 | FloorLimit: 0.4700 ---
2026-04-24 13:46:01,674 - [ENV] - --- EPISODE START | Scenario: TRANSIT | Start: [0.9342277 0.1472376 0.55     ] | Goal: [1.02378388 0.41988859 0.55      ] | DriftLimit: 0.0350 | FloorLimit: 0.4700 ---
2026-04-24 13:46:01,942 - [ENV] - SUCCESS: Goal reached in 9 steps. Dist = 0.0128m
2026-04-24 13:46:01,943 - [ENV] - --- EPISODE START | Scenario: TRANSIT | Start: [0.97682765 0.3608188  0.55      ] | Goal: [0.78803382 0.20344    0.55      ] | DriftLimit: 0.0350 | FloorLimit: 0.4700 ---
2026-04-24 13:46:06,213 - [ENV] - --- EPISODE START | Scenario: TRANSIT | Start: [0.79022668 0.48070479 0.55      ] | Goal: [0.64005259 0.50611095 0.55      ] | DriftLimit: 0.0350 | FloorLimit: 0.4700 ---
2026-04-24 13:46:10,843 - [ENV] - --- EPISODE START | Scenario: ASCEND | Start: [0.70954183 0.23969397 0.415     ] | Goal: [0.70954183 0.23969397 0.55      ] | DriftLimit: 0.0350 | FloorLimit: 0.4700 ---
2026-04-24 13:46:15,476 - [ENV] - --- EPISODE START | Scenario: TRANSIT | Start: [0.96001011 0.40891245 0.55      ] | Goal: [0.94927892 0.04797751 0.55      ] | DriftLimit: 0.0350 | FloorLimit: 0.4700 ---
2026-04-24 13:46:19,739 - [ENV] - --- EPISODE START | Scenario: ASCEND | Start: [ 1.02264312 -0.01077128  0.415     ] | Goal: [ 1.02264312 -0.01077128  0.55      ] | DriftLimit: 0.0350 | FloorLimit: 0.4700 ---
2026-04-24 13:46:24,078 - [ENV] - --- EPISODE START | Scenario: TRANSIT | Start: [1.12838026 0.24100505 0.55      ] | Goal: [0.99769058 0.41512174 0.55      ] | DriftLimit: 0.0350 | FloorLimit: 0.4700 ---
2026-04-24 13:46:28,667 - [ENV] - --- EPISODE START | Scenario: DESCEND | Start: [1.11861353 0.31913194 0.55      ] | Goal: [1.11861353 0.31913194 0.415     ] | DriftLimit: 0.0350 | FloorLimit: 0.4700 ---
2026-04-24 13:46:28,922 - [ENV] - SUCCESS: Goal reached in 8 steps. Dist = 0.0094m
2026-04-24 13:46:28,923 - [ENV] - --- EPISODE START | Scenario: ASCEND | Start: [0.98463311 0.2030357  0.415     ] | Goal: [0.98463311 0.2030357  0.55      ] | DriftLimit: 0.0350 | FloorLimit: 0.4700 ---
2026-04-24 13:46:29,090 - [ENV] - TERMINATED (Ascend): Tube Drift = 0.0392m (Max 0.0350m) at step 2
2026-04-24 13:46:29,090 - [ENV] - Episode ended without success at step 2. Final dist: 0.1191m
2026-04-24 13:46:29,091 - [ENV] - --- EPISODE START | Scenario: ASCEND | Start: [0.73319129 0.06473479 0.415     ] | Goal: [0.73319129 0.06473479 0.55      ] | DriftLimit: 0.0350 | FloorLimit: 0.4700 ---
2026-04-24 13:46:29,243 - [ENV] - TERMINATED (Ascend): Tube Drift = 0.0470m (Max 0.0350m) at step 3
2026-04-24 13:46:29,243 - [ENV] - Episode ended without success at step 3. Final dist: 0.1259m
2026-04-24 13:46:29,244 - [ENV] - --- EPISODE START | Scenario: DESCEND | Start: [0.77556356 0.28051647 0.55      ] | Goal: [0.77556356 0.28051647 0.415     ] | DriftLimit: 0.0350 | FloorLimit: 0.4700 ---
2026-04-24 13:46:29,705 - [ENV] - TERMINATED (Descend): Tube Drift = 0.0358m (Max 0.0350m) at step 14
2026-04-24 13:46:29,705 - [ENV] - Episode ended without success at step 14. Final dist: 0.0360m
2026-04-24 13:46:29,706 - [ENV] - --- EPISODE START | Scenario: DESCEND | Start: [ 0.95349449 -0.01138183  0.55      ] | Goal: [ 0.95349449 -0.01138183  0.415     ] | DriftLimit: 0.0350 | FloorLimit: 0.4700 ---
2026-04-24 13:46:30,891 - [ENV] - SUCCESS: Goal reached in 52 steps. Dist = 0.0100m
2026-04-24 13:46:30,891 - [ENV] - --- EPISODE START | Scenario: TRANSIT | Start: [0.70002105 0.24343315 0.55      ] | Goal: [1.0506166  0.27935036 0.55      ] | DriftLimit: 0.0350 | FloorLimit: 0.4700 ---
2026-04-24 13:46:35,600 - [ENV] - --- EPISODE START | Scenario: TRANSIT | Start: [1.02663515 0.38692042 0.55      ] | Goal: [1.11124706 0.20701719 0.55      ] | DriftLimit: 0.0350 | FloorLimit: 0.4700 ---
2026-04-24 13:46:40,082 - [ENV] - --- EPISODE START | Scenario: TRANSIT | Start: [0.81511794 0.19682762 0.55      ] | Goal: [1.03950448e+00 5.63007102e-04 5.50000000e-01] | DriftLimit: 0.0350 | FloorLimit: 0.4700 ---
2026-04-24 13:46:44,526 - [ENV] - --- EPISODE START | Scenario: DESCEND | Start: [0.61572058 0.39060915 0.55      ] | Goal: [0.61572058 0.39060915 0.415     ] | DriftLimit: 0.0350 | FloorLimit: 0.4700 ---
2026-04-24 13:46:44,759 - [ENV] - TERMINATED (Descend): Tube Drift = 0.0351m (Max 0.0350m) at step 6
2026-04-24 13:46:44,759 - [ENV] - Episode ended without success at step 6. Final dist: 0.0370m
2026-04-24 13:46:44,760 - [ENV] - --- EPISODE START | Scenario: ASCEND | Start: [1.07575344 0.1144543  0.415     ] | Goal: [1.07575344 0.1144543  0.55      ] | DriftLimit: 0.0350 | FloorLimit: 0.4700 ---
2026-04-24 13:46:49,504 - [ENV] - --- EPISODE START | Scenario: DESCEND | Start: [0.77259618 0.14797866 0.55      ] | Goal: [0.77259618 0.14797866 0.41      ] | DriftLimit: 0.0350 | FloorLimit: 0.4700 ---
2026-04-24 13:46:50,057 - [ENV] - TERMINATED (Descend): Tube Drift = 0.0354m (Max 0.0350m) at step 21
2026-04-24 13:46:50,057 - [ENV] - Episode ended without success at step 21. Final dist: 0.0363m
2026-04-24 13:46:50,058 - [ENV] - --- EPISODE START | Scenario: DESCEND | Start: [0.67746287 0.39378014 0.55      ] | Goal: [0.67746287 0.39378014 0.41      ] | DriftLimit: 0.0350 | FloorLimit: 0.4700 ---
2026-04-24 13:46:50,494 - [ENV] - TERMINATED (Descend): Tube Drift = 0.0350m (Max 0.0350m) at step 16
2026-04-24 13:46:50,495 - [ENV] - Episode ended without success at step 16. Final dist: 0.0363m
2026-04-24 13:46:50,495 - [ENV] - --- EPISODE START | Scenario: TRANSIT | Start: [1.15875192 0.34787803 0.55      ] | Goal: [0.7740878  0.22460422 0.55      ] | DriftLimit: 0.0350 | FloorLimit: 0.4700 ---
2026-04-24 13:46:50,847 - [ENV] - SUCCESS: Goal reached in 12 steps. Dist = 0.0149m
2026-04-24 13:46:50,847 - [ENV] - --- EPISODE START | Scenario: ASCEND | Start: [0.97647257 0.51971412 0.415     ] | Goal: [0.97647257 0.51971412 0.55      ] | DriftLimit: 0.0350 | FloorLimit: 0.4700 ---
2026-04-24 13:46:51,008 - [ENV] - TERMINATED (Ascend): Tube Drift = 0.0584m (Max 0.0350m) at step 3
2026-04-24 13:46:51,008 - [ENV] - Episode ended without success at step 3. Final dist: 0.0890m
2026-04-24 13:46:51,009 - [ENV] - --- EPISODE START | Scenario: ASCEND | Start: [0.868571   0.07296426 0.415     ] | Goal: [0.868571   0.07296426 0.55      ] | DriftLimit: 0.0350 | FloorLimit: 0.4700 ---
2026-04-24 13:47:43,166 - [ENV] - --- EPISODE START | Scenario: ASCEND | Start: [0.64439817 0.14819559 0.415     ] | Goal: [0.64439817 0.14819559 0.55      ] | DriftLimit: 0.0350 | FloorLimit: 0.4700 ---
2026-04-24 13:47:43,424 - [ENV] - TERMINATED (Ascend): Tube Drift = 0.0365m (Max 0.0350m) at step 3
2026-04-24 13:47:43,424 - [ENV] - Episode ended without success at step 3. Final dist: 0.1314m
2026-04-24 13:47:43,426 - [ENV] - --- EPISODE START | Scenario: TRANSIT | Start: [1.1372595  0.50620935 0.55      ] | Goal: [0.92197907 0.46738639 0.55      ] | DriftLimit: 0.0350 | FloorLimit: 0.4700 ---
2026-04-24 13:47:48,236 - [ENV] - --- EPISODE START | Scenario: ASCEND | Start: [0.77360102 0.24883383 0.415     ] | Goal: [0.77360102 0.24883383 0.55      ] | DriftLimit: 0.0350 | FloorLimit: 0.4700 ---
2026-04-24 13:47:48,568 - [ENV] - TERMINATED (Ascend): Tube Drift = 0.0573m (Max 0.0350m) at step 3
2026-04-24 13:47:48,568 - [ENV] - Episode ended without success at step 3. Final dist: 0.1295m
2026-04-24 13:47:48,570 - [ENV] - --- EPISODE START | Scenario: ASCEND | Start: [0.68860374 0.09464945 0.415     ] | Goal: [0.68860374 0.09464945 0.55      ] | DriftLimit: 0.0350 | FloorLimit: 0.4700 ---
2026-04-24 13:47:48,763 - [ENV] - TERMINATED (Ascend): Tube Drift = 0.0479m (Max 0.0350m) at step 3
2026-04-24 13:47:48,764 - [ENV] - Episode ended without success at step 3. Final dist: 0.1360m
2026-04-24 13:47:48,764 - [ENV] - --- EPISODE START | Scenario: DESCEND | Start: [0.71790939 0.50594667 0.55      ] | Goal: [0.71790939 0.50594667 0.415     ] | DriftLimit: 0.0350 | FloorLimit: 0.4700 ---
2026-04-24 13:47:49,042 - [ENV] - TERMINATED (Descend): Tube Drift = 0.0364m (Max 0.0350m) at step 9
2026-04-24 13:47:49,042 - [ENV] - Episode ended without success at step 9. Final dist: 0.0365m
2026-04-24 13:47:49,043 - [ENV] - --- EPISODE START | Scenario: TRANSIT | Start: [0.95590995 0.23658635 0.55      ] | Goal: [0.8453102  0.08679283 0.55      ] | DriftLimit: 0.0350 | FloorLimit: 0.4700 ---
2026-04-24 13:47:53,420 - [ENV] - --- EPISODE START | Scenario: ASCEND | Start: [0.63021704 0.00937144 0.415     ] | Goal: [0.63021704 0.00937144 0.55      ] | DriftLimit: 0.0350 | FloorLimit: 0.4700 ---
2026-04-24 13:47:53,599 - [ENV] - TERMINATED (Ascend): Tube Drift = 0.0447m (Max 0.0350m) at step 3
2026-04-24 13:47:53,599 - [ENV] - Episode ended without success at step 3. Final dist: 0.1301m
2026-04-24 13:47:53,600 - [ENV] - --- EPISODE START | Scenario: DESCEND | Start: [ 0.95713176 -0.0018285   0.55      ] | Goal: [ 0.95713176 -0.0018285   0.415     ] | DriftLimit: 0.0350 | FloorLimit: 0.4700 ---
2026-04-24 13:47:54,877 - [ENV] - SUCCESS: Goal reached in 46 steps. Dist = 0.0099m
2026-04-24 13:47:54,878 - [ENV] - --- EPISODE START | Scenario: DESCEND | Start: [0.82103921 0.16827181 0.55      ] | Goal: [0.82103921 0.16827181 0.415     ] | DriftLimit: 0.0350 | FloorLimit: 0.4700 ---
2026-04-24 13:47:55,570 - [ENV] - TERMINATED (Descend): Tube Drift = 0.0354m (Max 0.0350m) at step 23
2026-04-24 13:47:55,570 - [ENV] - Episode ended without success at step 23. Final dist: 0.0356m
2026-04-24 13:47:55,570 - [ENV] - --- EPISODE START | Scenario: ASCEND | Start: [0.8548325  0.25678209 0.415     ] | Goal: [0.8548325  0.25678209 0.55      ] | DriftLimit: 0.0350 | FloorLimit: 0.4700 ---
2026-04-24 13:47:55,845 - [ENV] - TERMINATED (Ascend): Tube Drift = 0.0501m (Max 0.0350m) at step 3
2026-04-24 13:47:55,845 - [ENV] - Episode ended without success at step 3. Final dist: 0.1061m
2026-04-24 13:47:55,847 - [ENV] - --- EPISODE START | Scenario: DESCEND | Start: [0.96338047 0.24036154 0.55      ] | Goal: [0.96338047 0.24036154 0.41      ] | DriftLimit: 0.0350 | FloorLimit: 0.4700 ---
2026-04-24 13:47:56,818 - [ENV] - TERMINATED (Descend): Tube Drift = 0.0352m (Max 0.0350m) at step 37
2026-04-24 13:47:56,818 - [ENV] - Episode ended without success at step 37. Final dist: 0.0362m
2026-04-24 13:47:56,819 - [ENV] - --- EPISODE START | Scenario: ASCEND | Start: [0.6537777  0.17430899 0.415     ] | Goal: [0.6537777  0.17430899 0.55      ] | DriftLimit: 0.0350 | FloorLimit: 0.4700 ---
2026-04-24 13:47:57,100 - [ENV] - TERMINATED (Ascend): Tube Drift = 0.0387m (Max 0.0350m) at step 3
2026-04-24 13:47:57,101 - [ENV] - Episode ended without success at step 3. Final dist: 0.1316m
2026-04-24 13:47:57,102 - [ENV] - --- EPISODE START | Scenario: ASCEND | Start: [1.10963679 0.35742169 0.415     ] | Goal: [1.10963679 0.35742169 0.55      ] | DriftLimit: 0.0350 | FloorLimit: 0.4700 ---
2026-04-24 13:48:01,662 - [ENV] - --- EPISODE START | Scenario: DESCEND | Start: [0.75490728 0.50345737 0.55      ] | Goal: [0.75490728 0.50345737 0.41      ] | DriftLimit: 0.0350 | FloorLimit: 0.4700 ---
2026-04-24 13:48:02,506 - [ENV] - TERMINATED (Descend): Tube Drift = 0.0364m (Max 0.0350m) at step 30
2026-04-24 13:48:02,506 - [ENV] - Episode ended without success at step 30. Final dist: 0.0371m
2026-04-24 13:48:02,507 - [ENV] - --- EPISODE START | Scenario: ASCEND | Start: [1.15157412 0.26836079 0.415     ] | Goal: [1.15157412 0.26836079 0.55      ] | DriftLimit: 0.0350 | FloorLimit: 0.4700 ---
2026-04-24 13:48:02,636 - [ENV] - TERMINATED (Ascend): Tube Drift = 0.0384m (Max 0.0350m) at step 2
2026-04-24 13:48:02,636 - [ENV] - Episode ended without success at step 2. Final dist: 0.1144m
2026-04-24 13:48:02,637 - [ENV] - --- EPISODE START | Scenario: TRANSIT | Start: [1.09903169 0.40985283 0.55      ] | Goal: [0.93569272 0.03498541 0.55      ] | DriftLimit: 0.0350 | FloorLimit: 0.4700 ---
2026-04-24 13:48:07,084 - [ENV] - --- EPISODE START | Scenario: TRANSIT | Start: [1.07645178 0.49756081 0.55      ] | Goal: [0.80332891 0.13180736 0.55      ] | DriftLimit: 0.0350 | FloorLimit: 0.4700 ---
2026-04-24 13:48:11,549 - [ENV] - --- EPISODE START | Scenario: DESCEND | Start: [0.83393281 0.280438   0.55      ] | Goal: [0.83393281 0.280438   0.415     ] | DriftLimit: 0.0350 | FloorLimit: 0.4700 ---
2026-04-24 13:48:12,068 - [ENV] - TERMINATED (Descend): Tube Drift = 0.0353m (Max 0.0350m) at step 17
2026-04-24 13:48:12,068 - [ENV] - Episode ended without success at step 17. Final dist: 0.0355m
2026-04-24 13:48:12,069 - [ENV] - --- EPISODE START | Scenario: DESCEND | Start: [0.95374963 0.54369874 0.55      ] | Goal: [0.95374963 0.54369874 0.415     ] | DriftLimit: 0.0350 | FloorLimit: 0.4700 ---
2026-04-24 13:48:12,628 - [ENV] - TERMINATED (Descend): Tube Drift = 0.0352m (Max 0.0350m) at step 17
2026-04-24 13:48:12,629 - [ENV] - Episode ended without success at step 17. Final dist: 0.0352m
2026-04-24 13:48:12,629 - [ENV] - --- EPISODE START | Scenario: DESCEND | Start: [0.95004032 0.44068127 0.55      ] | Goal: [0.95004032 0.44068127 0.415     ] | DriftLimit: 0.0350 | FloorLimit: 0.4700 ---
2026-04-24 13:48:17,220 - [ENV] - --- EPISODE START | Scenario: TRANSIT | Start: [1.13844154 0.4120763  0.55      ] | Goal: [1.13208712 0.05258042 0.55      ] | DriftLimit: 0.0350 | FloorLimit: 0.4700 ---
2026-04-24 13:48:21,717 - [ENV] - --- EPISODE START | Scenario: DESCEND | Start: [0.94291358 0.52347297 0.55      ] | Goal: [0.94291358 0.52347297 0.415     ] | DriftLimit: 0.0350 | FloorLimit: 0.4700 ---
2026-04-24 13:48:22,259 - [ENV] - TERMINATED (Descend): Tube Drift = 0.0350m (Max 0.0350m) at step 20
2026-04-24 13:48:22,260 - [ENV] - Episode ended without success at step 20. Final dist: 0.0352m
2026-04-24 13:48:22,260 - [ENV] - --- EPISODE START | Scenario: DESCEND | Start: [1.10777246 0.50924751 0.55      ] | Goal: [1.10777246 0.50924751 0.41      ] | DriftLimit: 0.0350 | FloorLimit: 0.4700 ---
2026-04-24 13:48:24,477 - [ENV] - TERMINATED (Descend): Tube Drift = 0.0358m (Max 0.0350m) at step 76
2026-04-24 13:48:24,477 - [ENV] - Episode ended without success at step 76. Final dist: 0.0362m
2026-04-24 13:48:24,478 - [ENV] - --- EPISODE START | Scenario: DESCEND | Start: [0.64627336 0.42393279 0.55      ] | Goal: [0.64627336 0.42393279 0.41      ] | DriftLimit: 0.0350 | FloorLimit: 0.4700 ---
2026-04-24 13:48:25,765 - [ENV] - TERMINATED (Descend): Tube Drift = 0.0354m (Max 0.0350m) at step 55
2026-04-24 13:48:25,765 - [ENV] - Episode ended without success at step 55. Final dist: 0.0366m
2026-04-24 13:48:25,765 - [ENV] - --- EPISODE START | Scenario: ASCEND | Start: [1.09670139 0.44267525 0.415     ] | Goal: [1.09670139 0.44267525 0.55      ] | DriftLimit: 0.0350 | FloorLimit: 0.4700 ---
2026-04-24 13:48:30,325 - [ENV] - --- EPISODE START | Scenario: DESCEND | Start: [0.62596512 0.43136404 0.55      ] | Goal: [0.62596512 0.43136404 0.41      ] | DriftLimit: 0.0350 | FloorLimit: 0.4700 ---
2026-04-24 13:48:31,993 - [ENV] - TERMINATED (Descend): Tube Drift = 0.0351m (Max 0.0350m) at step 65
2026-04-24 13:48:31,993 - [ENV] - Episode ended without success at step 65. Final dist: 0.0359m
2026-04-24 13:48:31,994 - [ENV] - --- EPISODE START | Scenario: ASCEND | Start: [1.1130651  0.32099505 0.415     ] | Goal: [1.1130651  0.32099505 0.55      ] | DriftLimit: 0.0350 | FloorLimit: 0.4700 ---
2026-04-24 13:48:36,470 - [ENV] - --- EPISODE START | Scenario: TRANSIT | Start: [0.6187739  0.24690142 0.55      ] | Goal: [0.84090004 0.43120586 0.55      ] | DriftLimit: 0.0350 | FloorLimit: 0.4700 ---
2026-04-24 13:48:41,216 - [ENV] - --- EPISODE START | Scenario: DESCEND | Start: [0.78037661 0.02606732 0.55      ] | Goal: [0.78037661 0.02606732 0.41      ] | DriftLimit: 0.0350 | FloorLimit: 0.4700 ---
2026-04-24 13:48:45,308 - [ENV] - --- EPISODE START | Scenario: TRANSIT | Start: [0.82572094 0.03198267 0.55      ] | Goal: [0.95246698 0.05723075 0.55      ] | DriftLimit: 0.0350 | FloorLimit: 0.4700 ---
2026-04-24 13:49:45,222 - [ENV] - --- EPISODE START | Scenario: DESCEND | Start: [0.79456483 0.0304296  0.55      ] | Goal: [0.79456483 0.0304296  0.415     ] | DriftLimit: 0.0350 | FloorLimit: 0.4700 ---
2026-04-24 13:49:49,480 - [ENV] - --- EPISODE START | Scenario: DESCEND | Start: [0.87225027 0.41817536 0.55      ] | Goal: [0.87225027 0.41817536 0.415     ] | DriftLimit: 0.0350 | FloorLimit: 0.4700 ---
2026-04-24 13:49:53,721 - [ENV] - --- EPISODE START | Scenario: DESCEND | Start: [0.97480629 0.1880709  0.55      ] | Goal: [0.97480629 0.1880709  0.41      ] | DriftLimit: 0.0350 | FloorLimit: 0.4700 ---
2026-04-24 13:49:58,131 - [ENV] - --- EPISODE START | Scenario: DESCEND | Start: [0.77096725 0.45370262 0.55      ] | Goal: [0.77096725 0.45370262 0.415     ] | DriftLimit: 0.0350 | FloorLimit: 0.4700 ---
2026-04-24 13:50:02,545 - [ENV] - --- EPISODE START | Scenario: TRANSIT | Start: [0.71391667 0.17493819 0.55      ] | Goal: [0.84065247 0.27570186 0.55      ] | DriftLimit: 0.0350 | FloorLimit: 0.4700 ---
2026-04-24 13:50:06,954 - [ENV] - --- EPISODE START | Scenario: DESCEND | Start: [1.05223071 0.11515268 0.55      ] | Goal: [1.05223071 0.11515268 0.415     ] | DriftLimit: 0.0350 | FloorLimit: 0.4700 ---
2026-04-24 13:50:07,118 - [ENV] - SUCCESS: Goal reached in 4 steps. Dist = 0.0079m
2026-04-24 13:50:07,119 - [ENV] - --- EPISODE START | Scenario: TRANSIT | Start: [1.08036542 0.4898867  0.55      ] | Goal: [0.7338256  0.12886151 0.55      ] | DriftLimit: 0.0350 | FloorLimit: 0.4700 ---
2026-04-24 13:50:11,664 - [ENV] - --- EPISODE START | Scenario: ASCEND | Start: [0.67428024 0.21383358 0.415     ] | Goal: [0.67428024 0.21383358 0.55      ] | DriftLimit: 0.0350 | FloorLimit: 0.4700 ---
2026-04-24 13:50:16,785 - [ENV] - --- EPISODE START | Scenario: ASCEND | Start: [ 0.66972915 -0.01337305  0.415     ] | Goal: [ 0.66972915 -0.01337305  0.55      ] | DriftLimit: 0.0350 | FloorLimit: 0.4700 ---
2026-04-24 13:50:21,147 - [ENV] - --- EPISODE START | Scenario: TRANSIT | Start: [1.12059392 0.50217481 0.55      ] | Goal: [0.94533801 0.06639587 0.55      ] | DriftLimit: 0.0350 | FloorLimit: 0.4700 ---
2026-04-24 13:50:26,241 - [ENV] - --- EPISODE START | Scenario: TRANSIT | Start: [0.69570149 0.30802962 0.55      ] | Goal: [1.02819314 0.21017048 0.55      ] | DriftLimit: 0.0350 | FloorLimit: 0.4700 ---
2026-04-24 13:50:30,482 - [ENV] - --- EPISODE START | Scenario: ASCEND | Start: [0.99009803 0.25960624 0.415     ] | Goal: [0.99009803 0.25960624 0.55      ] | DriftLimit: 0.0350 | FloorLimit: 0.4700 ---
2026-04-24 13:50:30,615 - [ENV] - TERMINATED (Ascend): Tube Drift = 0.0447m (Max 0.0350m) at step 2
2026-04-24 13:50:30,616 - [ENV] - Episode ended without success at step 2. Final dist: 0.1108m
2026-04-24 13:50:30,617 - [ENV] - --- EPISODE START | Scenario: DESCEND | Start: [0.81559625 0.15165679 0.55      ] | Goal: [0.81559625 0.15165679 0.415     ] | DriftLimit: 0.0350 | FloorLimit: 0.4700 ---
2026-04-24 13:50:30,810 - [ENV] - SUCCESS: Goal reached in 4 steps. Dist = 0.0097m
2026-04-24 13:50:30,811 - [ENV] - --- EPISODE START | Scenario: DESCEND | Start: [0.74204087 0.12261367 0.55      ] | Goal: [0.74204087 0.12261367 0.415     ] | DriftLimit: 0.0350 | FloorLimit: 0.4700 ---
2026-04-24 13:50:31,058 - [ENV] - SUCCESS: Goal reached in 9 steps. Dist = 0.0090m
2026-04-24 13:50:31,059 - [ENV] - --- EPISODE START | Scenario: ASCEND | Start: [0.82810525 0.02371244 0.415     ] | Goal: [0.82810525 0.02371244 0.55      ] | DriftLimit: 0.0350 | FloorLimit: 0.4700 ---
2026-04-24 13:50:31,164 - [ENV] - TERMINATED (Ascend): Tube Drift = 0.0352m (Max 0.0350m) at step 2
2026-04-24 13:50:31,164 - [ENV] - Episode ended without success at step 2. Final dist: 0.1183m
2026-04-24 13:50:31,166 - [ENV] - --- EPISODE START | Scenario: TRANSIT | Start: [0.95792897 0.51831657 0.55      ] | Goal: [1.08770101 0.37117222 0.55      ] | DriftLimit: 0.0350 | FloorLimit: 0.4700 ---
2026-04-24 13:50:35,619 - [ENV] - --- EPISODE START | Scenario: TRANSIT | Start: [0.81906039 0.0566794  0.55      ] | Goal: [1.03070578 0.09906662 0.55      ] | DriftLimit: 0.0350 | FloorLimit: 0.4700 ---
2026-04-24 13:50:40,013 - [ENV] - --- EPISODE START | Scenario: ASCEND | Start: [0.75105516 0.08544111 0.415     ] | Goal: [0.75105516 0.08544111 0.55      ] | DriftLimit: 0.0350 | FloorLimit: 0.4700 ---
2026-04-24 13:50:44,428 - [ENV] - --- EPISODE START | Scenario: DESCEND | Start: [0.81825828 0.386656   0.55      ] | Goal: [0.81825828 0.386656   0.41      ] | DriftLimit: 0.0350 | FloorLimit: 0.4700 ---
2026-04-24 13:51:44,711 - [ENV] - --- EPISODE START | Scenario: DESCEND | Start: [0.97915598 0.35110179 0.55      ] | Goal: [0.97915598 0.35110179 0.415     ] | DriftLimit: 0.0350 | FloorLimit: 0.4700 ---
2026-04-24 13:51:49,070 - [ENV] - --- EPISODE START | Scenario: ASCEND | Start: [0.84985791 0.53578596 0.415     ] | Goal: [0.84985791 0.53578596 0.55      ] | DriftLimit: 0.0350 | FloorLimit: 0.4700 ---
2026-04-24 13:51:49,480 - [ENV] - TERMINATED (Ascend): Tube Drift = 0.0351m (Max 0.0350m) at step 14
2026-04-24 13:51:49,480 - [ENV] - Episode ended without success at step 14. Final dist: 0.0405m
2026-04-24 13:51:49,481 - [ENV] - --- EPISODE START | Scenario: TRANSIT | Start: [1.14702867 0.02903338 0.55      ] | Goal: [0.62238353 0.02930668 0.55      ] | DriftLimit: 0.0350 | FloorLimit: 0.4700 ---
2026-04-24 13:51:53,756 - [ENV] - --- EPISODE START | Scenario: DESCEND | Start: [0.90735514 0.07629201 0.55      ] | Goal: [0.90735514 0.07629201 0.41      ] | DriftLimit: 0.0350 | FloorLimit: 0.4700 ---
2026-04-24 13:51:58,663 - [ENV] - --- EPISODE START | Scenario: DESCEND | Start: [0.68817382 0.49813035 0.55      ] | Goal: [0.68817382 0.49813035 0.41      ] | DriftLimit: 0.0350 | FloorLimit: 0.4700 ---
2026-04-24 13:51:59,816 - [ENV] - TERMINATED (Descend): Tube Drift = 0.0353m (Max 0.0350m) at step 48
2026-04-24 13:51:59,816 - [ENV] - Episode ended without success at step 48. Final dist: 0.0361m
2026-04-24 13:51:59,817 - [ENV] - --- EPISODE START | Scenario: TRANSIT | Start: [1.11039362 0.36226559 0.55      ] | Goal: [0.91370698 0.52270842 0.55      ] | DriftLimit: 0.0350 | FloorLimit: 0.4700 ---
2026-04-24 13:52:04,555 - [ENV] - --- EPISODE START | Scenario: ASCEND | Start: [0.97190997 0.44414232 0.415     ] | Goal: [0.97190997 0.44414232 0.55      ] | DriftLimit: 0.0350 | FloorLimit: 0.4700 ---
2026-04-24 13:52:05,144 - [ENV] - TERMINATED (Ascend): Tube Drift = 0.0353m (Max 0.0350m) at step 21
2026-04-24 13:52:05,145 - [ENV] - Episode ended without success at step 21. Final dist: 0.0357m
2026-04-24 13:52:05,145 - [ENV] - --- EPISODE START | Scenario: ASCEND | Start: [0.68706111 0.35384393 0.415     ] | Goal: [0.68706111 0.35384393 0.55      ] | DriftLimit: 0.0350 | FloorLimit: 0.4700 ---
2026-04-24 13:52:09,866 - [ENV] - --- EPISODE START | Scenario: TRANSIT | Start: [0.91846049 0.10744608 0.55      ] | Goal: [0.74283851 0.47307645 0.55      ] | DriftLimit: 0.0350 | FloorLimit: 0.4700 ---
2026-04-24 13:52:14,381 - [ENV] - --- EPISODE START | Scenario: ASCEND | Start: [0.93265862 0.23909927 0.415     ] | Goal: [0.93265862 0.23909927 0.55      ] | DriftLimit: 0.0350 | FloorLimit: 0.4700 ---
2026-04-24 13:52:19,521 - [ENV] - --- EPISODE START | Scenario: DESCEND | Start: [0.90004133 0.02048316 0.55      ] | Goal: [0.90004133 0.02048316 0.415     ] | DriftLimit: 0.0350 | FloorLimit: 0.4700 ---
2026-04-24 13:52:20,056 - [ENV] - SUCCESS: Goal reached in 23 steps. Dist = 0.0099m
2026-04-24 13:52:20,057 - [ENV] - --- EPISODE START | Scenario: DESCEND | Start: [0.82092178 0.41507219 0.55      ] | Goal: [0.82092178 0.41507219 0.415     ] | DriftLimit: 0.0350 | FloorLimit: 0.4700 ---
2026-04-24 13:52:20,772 - [ENV] - TERMINATED (Descend): Tube Drift = 0.0351m (Max 0.0350m) at step 29
2026-04-24 13:52:20,772 - [ENV] - Episode ended without success at step 29. Final dist: 0.0353m
2026-04-24 13:52:20,772 - [ENV] - --- EPISODE START | Scenario: ASCEND | Start: [1.08944942 0.34631115 0.415     ] | Goal: [1.08944942 0.34631115 0.55      ] | DriftLimit: 0.0350 | FloorLimit: 0.4700 ---
2026-04-24 13:52:25,154 - [ENV] - --- EPISODE START | Scenario: ASCEND | Start: [0.99313259 0.51681565 0.415     ] | Goal: [0.99313259 0.51681565 0.55      ] | DriftLimit: 0.0350 | FloorLimit: 0.4700 ---
2026-04-24 13:52:25,300 - [ENV] - TERMINATED (Ascend): Tube Drift = 0.0361m (Max 0.0350m) at step 2
2026-04-24 13:52:25,300 - [ENV] - Episode ended without success at step 2. Final dist: 0.1003m
2026-04-24 13:52:25,302 - [ENV] - --- EPISODE START | Scenario: TRANSIT | Start: [0.87248915 0.39522624 0.55      ] | Goal: [0.98976365 0.17412696 0.55      ] | DriftLimit: 0.0350 | FloorLimit: 0.4700 ---
2026-04-24 13:52:30,909 - [ENV] - --- EPISODE START | Scenario: TRANSIT | Start: [1.0521021  0.07904286 0.55      ] | Goal: [0.64788092 0.03937751 0.55      ] | DriftLimit: 0.0350 | FloorLimit: 0.4700 ---
2026-04-24 13:52:35,612 - [ENV] - --- EPISODE START | Scenario: DESCEND | Start: [0.95972408 0.17530032 0.55      ] | Goal: [0.95972408 0.17530032 0.415     ] | DriftLimit: 0.0350 | FloorLimit: 0.4700 ---
2026-04-24 13:52:35,868 - [ENV] - SUCCESS: Goal reached in 7 steps. Dist = 0.0090m
2026-04-24 13:52:35,869 - [ENV] - --- EPISODE START | Scenario: TRANSIT | Start: [0.92089154 0.39595899 0.55      ] | Goal: [1.03919207 0.32450188 0.55      ] | DriftLimit: 0.0350 | FloorLimit: 0.4700 ---
2026-04-24 13:52:40,432 - [ENV] - --- EPISODE START | Scenario: TRANSIT | Start: [0.793886   0.40541886 0.55      ] | Goal: [0.63721218 0.15104485 0.55      ] | DriftLimit: 0.0350 | FloorLimit: 0.4700 ---
2026-04-24 13:52:44,743 - [ENV] - --- EPISODE START | Scenario: DESCEND | Start: [0.95222084 0.27184636 0.55      ] | Goal: [0.95222084 0.27184636 0.415     ] | DriftLimit: 0.0350 | FloorLimit: 0.4700 ---
2026-04-24 13:52:49,078 - [ENV] - --- EPISODE START | Scenario: ASCEND | Start: [0.66740169 0.53794848 0.415     ] | Goal: [0.66740169 0.53794848 0.55      ] | DriftLimit: 0.0350 | FloorLimit: 0.4700 ---
2026-04-24 13:52:49,249 - [ENV] - TERMINATED (Ascend): Tube Drift = 0.0437m (Max 0.0350m) at step 3
2026-04-24 13:52:49,249 - [ENV] - Episode ended without success at step 3. Final dist: 0.1112m
2026-04-24 13:52:49,250 - [ENV] - --- EPISODE START | Scenario: DESCEND | Start: [1.06051439 0.33265519 0.55      ] | Goal: [1.06051439 0.33265519 0.41      ] | DriftLimit: 0.0350 | FloorLimit: 0.4700 ---
2026-04-24 13:53:50,282 - [ENV] - --- EPISODE START | Scenario: ASCEND | Start: [0.61372869 0.26071991 0.415     ] | Goal: [0.61372869 0.26071991 0.55      ] | DriftLimit: 0.0350 | FloorLimit: 0.4700 ---
2026-04-24 13:53:55,203 - [ENV] - --- EPISODE START | Scenario: TRANSIT | Start: [0.65789013 0.13604142 0.55      ] | Goal: [1.00645336 0.31221935 0.55      ] | DriftLimit: 0.0350 | FloorLimit: 0.4700 ---
2026-04-24 13:53:59,412 - [ENV] - --- EPISODE START | Scenario: DESCEND | Start: [0.90472128 0.11343609 0.55      ] | Goal: [0.90472128 0.11343609 0.415     ] | DriftLimit: 0.0350 | FloorLimit: 0.4700 ---
2026-04-24 13:53:59,860 - [ENV] - SUCCESS: Goal reached in 17 steps. Dist = 0.0098m
2026-04-24 13:53:59,861 - [ENV] - --- EPISODE START | Scenario: TRANSIT | Start: [1.05353446 0.46584287 0.55      ] | Goal: [0.73164883 0.06583836 0.55      ] | DriftLimit: 0.0350 | FloorLimit: 0.4700 ---
2026-04-24 13:54:04,346 - [ENV] - --- EPISODE START | Scenario: TRANSIT | Start: [0.72546821 0.49634036 0.55      ] | Goal: [0.84432736 0.2747634  0.55      ] | DriftLimit: 0.0350 | FloorLimit: 0.4700 ---
2026-04-24 13:54:08,652 - [ENV] - --- EPISODE START | Scenario: DESCEND | Start: [0.77199271 0.47574899 0.55      ] | Goal: [0.77199271 0.47574899 0.415     ] | DriftLimit: 0.0350 | FloorLimit: 0.4700 ---
2026-04-24 13:54:09,109 - [ENV] - TERMINATED (Descend): Tube Drift = 0.0357m (Max 0.0350m) at step 17
2026-04-24 13:54:09,110 - [ENV] - Episode ended without success at step 17. Final dist: 0.0359m
2026-04-24 13:54:09,110 - [ENV] - --- EPISODE START | Scenario: TRANSIT | Start: [1.15647756 0.53238703 0.55      ] | Goal: [0.70024191 0.28614776 0.55      ] | DriftLimit: 0.0350 | FloorLimit: 0.4700 ---
2026-04-24 13:54:09,526 - [ENV] - SUCCESS: Goal reached in 14 steps. Dist = 0.0068m
2026-04-24 13:54:09,527 - [ENV] - --- EPISODE START | Scenario: TRANSIT | Start: [0.67423007 0.19501814 0.55      ] | Goal: [1.06859219 0.29342793 0.55      ] | DriftLimit: 0.0350 | FloorLimit: 0.4700 ---
2026-04-24 13:54:13,992 - [ENV] - --- EPISODE START | Scenario: ASCEND | Start: [0.66391334 0.31527518 0.415     ] | Goal: [0.66391334 0.31527518 0.55      ] | DriftLimit: 0.0350 | FloorLimit: 0.4700 ---
2026-04-24 13:54:19,074 - [ENV] - --- EPISODE START | Scenario: ASCEND | Start: [1.04442317 0.25860032 0.415     ] | Goal: [1.04442317 0.25860032 0.55      ] | DriftLimit: 0.0350 | FloorLimit: 0.4700 ---
2026-04-24 13:54:19,231 - [ENV] - TERMINATED (Ascend): Tube Drift = 0.0400m (Max 0.0350m) at step 2
2026-04-24 13:54:19,232 - [ENV] - Episode ended without success at step 2. Final dist: 0.1096m
2026-04-24 13:54:19,233 - [ENV] - --- EPISODE START | Scenario: TRANSIT | Start: [0.61142329 0.3337501  0.55      ] | Goal: [0.90138137 0.02366536 0.55      ] | DriftLimit: 0.0350 | FloorLimit: 0.4700 ---
2026-04-24 13:54:23,458 - [ENV] - --- EPISODE START | Scenario: TRANSIT | Start: [0.7654608  0.25518899 0.55      ] | Goal: [0.92980526 0.38891743 0.55      ] | DriftLimit: 0.0350 | FloorLimit: 0.4700 ---
2026-04-24 13:54:28,022 - [ENV] - --- EPISODE START | Scenario: TRANSIT | Start: [1.07911693 0.33171368 0.55      ] | Goal: [1.09107377 0.03343609 0.55      ] | DriftLimit: 0.0350 | FloorLimit: 0.4700 ---
2026-04-24 13:54:32,461 - [ENV] - --- EPISODE START | Scenario: TRANSIT | Start: [1.03528142 0.30081331 0.55      ] | Goal: [ 1.13674184 -0.0112058   0.55      ] | DriftLimit: 0.0350 | FloorLimit: 0.4700 ---
2026-04-24 13:54:33,213 - [ENV] - SUCCESS: Goal reached in 29 steps. Dist = 0.0029m
2026-04-24 13:54:33,214 - [ENV] - --- EPISODE START | Scenario: DESCEND | Start: [0.7043452  0.07968911 0.55      ] | Goal: [0.7043452  0.07968911 0.415     ] | DriftLimit: 0.0350 | FloorLimit: 0.4700 ---
2026-04-24 13:54:37,433 - [ENV] - --- EPISODE START | Scenario: DESCEND | Start: [0.65716418 0.29907701 0.55      ] | Goal: [0.65716418 0.29907701 0.415     ] | DriftLimit: 0.0350 | FloorLimit: 0.4700 ---
2026-04-24 13:54:42,087 - [ENV] - --- EPISODE START | Scenario: ASCEND | Start: [1.0640813  0.53263256 0.415     ] | Goal: [1.0640813  0.53263256 0.55      ] | DriftLimit: 0.0350 | FloorLimit: 0.4700 ---
2026-04-24 13:54:42,455 - [ENV] - TERMINATED (Ascend): Tube Drift = 0.0353m (Max 0.0350m) at step 12
2026-04-24 13:54:42,456 - [ENV] - Episode ended without success at step 12. Final dist: 0.0353m
2026-04-24 13:54:42,456 - [ENV] - --- EPISODE START | Scenario: DESCEND | Start: [0.82377267 0.33073595 0.55      ] | Goal: [0.82377267 0.33073595 0.415     ] | DriftLimit: 0.0350 | FloorLimit: 0.4700 ---
2026-04-24 13:54:42,574 - [ENV] - TERMINATED (Descend): Tube Drift = 0.0474m (Max 0.0350m) at step 2
2026-04-24 13:54:42,574 - [ENV] - Episode ended without success at step 2. Final dist: 0.0960m
2026-04-24 13:54:42,576 - [ENV] - --- EPISODE START | Scenario: ASCEND | Start: [0.73503376 0.34882333 0.415     ] | Goal: [0.73503376 0.34882333 0.55      ] | DriftLimit: 0.0350 | FloorLimit: 0.4700 ---
2026-04-24 13:54:47,132 - [ENV] - --- EPISODE START | Scenario: DESCEND | Start: [0.90573288 0.52924986 0.55      ] | Goal: [0.90573288 0.52924986 0.415     ] | DriftLimit: 0.0350 | FloorLimit: 0.4700 ---
2026-04-24 13:54:47,714 - [ENV] - TERMINATED (Descend): Tube Drift = 0.0353m (Max 0.0350m) at step 18
2026-04-24 13:54:47,714 - [ENV] - Episode ended without success at step 18. Final dist: 0.0354m
2026-04-24 13:54:47,715 - [ENV] - --- EPISODE START | Scenario: TRANSIT | Start: [0.82032105 0.16925925 0.55      ] | Goal: [1.14583237 0.22844302 0.55      ] | DriftLimit: 0.0350 | FloorLimit: 0.4700 ---
2026-04-24 13:54:48,637 - [ENV] - SUCCESS: Goal reached in 21 steps. Dist = 0.0080m
2026-04-24 13:54:48,638 - [ENV] - --- EPISODE START | Scenario: ASCEND | Start: [0.88067384 0.06810476 0.415     ] | Goal: [0.88067384 0.06810476 0.55      ] | DriftLimit: 0.0350 | FloorLimit: 0.4700 ---
2026-04-24 13:55:52,721 - [ENV] - --- EPISODE START | Scenario: ASCEND | Start: [0.91782653 0.19311706 0.415     ] | Goal: [0.91782653 0.19311706 0.55      ] | DriftLimit: 0.0350 | FloorLimit: 0.4700 ---
2026-04-24 13:55:57,313 - [ENV] - --- EPISODE START | Scenario: DESCEND | Start: [1.15869166 0.17612844 0.55      ] | Goal: [1.15869166 0.17612844 0.41      ] | DriftLimit: 0.0350 | FloorLimit: 0.4700 ---
2026-04-24 13:55:57,516 - [ENV] - SUCCESS: Goal reached in 5 steps. Dist = 0.0096m
2026-04-24 13:55:57,517 - [ENV] - --- EPISODE START | Scenario: TRANSIT | Start: [0.79667797 0.00372509 0.55      ] | Goal: [0.97001853 0.48126299 0.55      ] | DriftLimit: 0.0350 | FloorLimit: 0.4700 ---
2026-04-24 13:56:01,766 - [ENV] - --- EPISODE START | Scenario: ASCEND | Start: [0.98005405 0.47861858 0.415     ] | Goal: [0.98005405 0.47861858 0.55      ] | DriftLimit: 0.0350 | FloorLimit: 0.4700 ---
2026-04-24 13:56:01,925 - [ENV] - TERMINATED (Ascend): Tube Drift = 0.0383m (Max 0.0350m) at step 2
2026-04-24 13:56:01,926 - [ENV] - Episode ended without success at step 2. Final dist: 0.1034m
2026-04-24 13:56:01,927 - [ENV] - --- EPISODE START | Scenario: DESCEND | Start: [1.04904475 0.30660762 0.55      ] | Goal: [1.04904475 0.30660762 0.41      ] | DriftLimit: 0.0350 | FloorLimit: 0.4700 ---
2026-04-24 13:56:06,143 - [ENV] - --- EPISODE START | Scenario: ASCEND | Start: [0.8206698  0.13384077 0.415     ] | Goal: [0.8206698  0.13384077 0.55      ] | DriftLimit: 0.0350 | FloorLimit: 0.4700 ---
2026-04-24 13:56:06,322 - [ENV] - TERMINATED (Ascend): Tube Drift = 0.0590m (Max 0.0350m) at step 3
2026-04-24 13:56:06,322 - [ENV] - Episode ended without success at step 3. Final dist: 0.1054m
2026-04-24 13:56:06,323 - [ENV] - --- EPISODE START | Scenario: TRANSIT | Start: [0.7457102  0.30314027 0.55      ] | Goal: [1.12520241 0.22287544 0.55      ] | DriftLimit: 0.0350 | FloorLimit: 0.4700 ---
2026-04-24 13:56:11,009 - [ENV] - --- EPISODE START | Scenario: DESCEND | Start: [0.67028212 0.47923407 0.55      ] | Goal: [0.67028212 0.47923407 0.41      ] | DriftLimit: 0.0350 | FloorLimit: 0.4700 ---
2026-04-24 13:56:13,873 - [ENV] - TERMINATED (Descend): Tube Drift = 0.0352m (Max 0.0350m) at step 105
2026-04-24 13:56:13,873 - [ENV] - Episode ended without success at step 105. Final dist: 0.0363m
2026-04-24 13:56:13,874 - [ENV] - --- EPISODE START | Scenario: TRANSIT | Start: [0.93132291 0.27622629 0.55      ] | Goal: [1.10076742 0.09117363 0.55      ] | DriftLimit: 0.0350 | FloorLimit: 0.4700 ---
2026-04-24 13:56:18,338 - [ENV] - --- EPISODE START | Scenario: TRANSIT | Start: [0.70824781 0.20584328 0.55      ] | Goal: [1.09013751 0.47463043 0.55      ] | DriftLimit: 0.0350 | FloorLimit: 0.4700 ---
2026-04-24 13:56:22,706 - [ENV] - --- EPISODE START | Scenario: DESCEND | Start: [0.60194605 0.00600732 0.55      ] | Goal: [0.60194605 0.00600732 0.415     ] | DriftLimit: 0.0350 | FloorLimit: 0.4700 ---
2026-04-24 13:56:26,985 - [ENV] - --- EPISODE START | Scenario: DESCEND | Start: [0.97595841 0.30734686 0.55      ] | Goal: [0.97595841 0.30734686 0.415     ] | DriftLimit: 0.0350 | FloorLimit: 0.4700 ---
2026-04-24 13:56:31,462 - [ENV] - --- EPISODE START | Scenario: DESCEND | Start: [0.7049157  0.25913835 0.55      ] | Goal: [0.7049157  0.25913835 0.415     ] | DriftLimit: 0.0350 | FloorLimit: 0.4700 ---
2026-04-24 13:56:31,625 - [ENV] - SUCCESS: Goal reached in 3 steps. Dist = 0.0090m
2026-04-24 13:56:31,626 - [ENV] - --- EPISODE START | Scenario: ASCEND | Start: [0.95363744 0.41180651 0.415     ] | Goal: [0.95363744 0.41180651 0.55      ] | DriftLimit: 0.0350 | FloorLimit: 0.4700 ---
2026-04-24 13:56:31,774 - [ENV] - TERMINATED (Ascend): Tube Drift = 0.0394m (Max 0.0350m) at step 2
2026-04-24 13:56:31,774 - [ENV] - Episode ended without success at step 2. Final dist: 0.1058m
2026-04-24 13:56:31,776 - [ENV] - --- EPISODE START | Scenario: DESCEND | Start: [1.02662079 0.43873063 0.55      ] | Goal: [1.02662079 0.43873063 0.41      ] | DriftLimit: 0.0350 | FloorLimit: 0.4700 ---
2026-04-24 13:56:32,977 - [ENV] - TERMINATED (Descend): Tube Drift = 0.0350m (Max 0.0350m) at step 46
2026-04-24 13:56:32,978 - [ENV] - Episode ended without success at step 46. Final dist: 0.0358m
2026-04-24 13:56:32,978 - [ENV] - --- EPISODE START | Scenario: TRANSIT | Start: [0.73909848 0.29440485 0.55      ] | Goal: [0.74178324 0.54209964 0.55      ] | DriftLimit: 0.0350 | FloorLimit: 0.4700 ---
2026-04-24 13:56:37,176 - [ENV] - --- EPISODE START | Scenario: ASCEND | Start: [0.8023464  0.44004735 0.415     ] | Goal: [0.8023464  0.44004735 0.55      ] | DriftLimit: 0.0350 | FloorLimit: 0.4700 ---
2026-04-24 13:56:37,694 - [ENV] - TERMINATED (Ascend): Tube Drift = 0.0380m (Max 0.0350m) at step 16
2026-04-24 13:56:37,695 - [ENV] - Episode ended without success at step 16. Final dist: 0.0443m
2026-04-24 13:56:37,695 - [ENV] - --- EPISODE START | Scenario: TRANSIT | Start: [1.13119146 0.10482624 0.55      ] | Goal: [1.01778461 0.13474098 0.55      ] | DriftLimit: 0.0350 | FloorLimit: 0.4700 ---
2026-04-24 13:56:41,971 - [ENV] - --- EPISODE START | Scenario: ASCEND | Start: [0.656157   0.08151785 0.415     ] | Goal: [0.656157   0.08151785 0.55      ] | DriftLimit: 0.0350 | FloorLimit: 0.4700 ---
2026-04-24 13:56:42,134 - [ENV] - TERMINATED (Ascend): Tube Drift = 0.0374m (Max 0.0350m) at step 3
2026-04-24 13:56:42,134 - [ENV] - Episode ended without success at step 3. Final dist: 0.1282m
2026-04-24 13:56:42,134 - [ENV] - --- EPISODE START | Scenario: ASCEND | Start: [0.78381721 0.09175316 0.415     ] | Goal: [0.78381721 0.09175316 0.55      ] | DriftLimit: 0.0350 | FloorLimit: 0.4700 ---
2026-04-24 13:56:42,270 - [ENV] - TERMINATED (Ascend): Tube Drift = 0.0358m (Max 0.0350m) at step 2
2026-04-24 13:56:42,271 - [ENV] - Episode ended without success at step 2. Final dist: 0.1261m
2026-04-24 13:56:42,272 - [ENV] - --- EPISODE START | Scenario: ASCEND | Start: [0.86413182 0.16601396 0.415     ] | Goal: [0.86413182 0.16601396 0.55      ] | DriftLimit: 0.0350 | FloorLimit: 0.4700 ---
2026-04-24 13:56:42,432 - [ENV] - TERMINATED (Ascend): Tube Drift = 0.0428m (Max 0.0350m) at step 3
2026-04-24 13:56:42,433 - [ENV] - Episode ended without success at step 3. Final dist: 0.1055m
2026-04-24 13:56:42,433 - [ENV] - --- EPISODE START | Scenario: DESCEND | Start: [0.71793349 0.49247573 0.55      ] | Goal: [0.71793349 0.49247573 0.41      ] | DriftLimit: 0.0350 | FloorLimit: 0.4700 ---
2026-04-24 13:56:43,801 - [ENV] - TERMINATED (Descend): Tube Drift = 0.0350m (Max 0.0350m) at step 49
2026-04-24 13:56:43,802 - [ENV] - Episode ended without success at step 49. Final dist: 0.0361m
2026-04-24 13:56:43,802 - [ENV] - --- EPISODE START | Scenario: ASCEND | Start: [0.75583445 0.12669065 0.415     ] | Goal: [0.75583445 0.12669065 0.55      ] | DriftLimit: 0.0350 | FloorLimit: 0.4700 ---
2026-04-24 13:56:43,992 - [ENV] - TERMINATED (Ascend): Tube Drift = 0.0509m (Max 0.0350m) at step 3
2026-04-24 13:56:43,992 - [ENV] - Episode ended without success at step 3. Final dist: 0.1216m
2026-04-24 13:56:43,992 - [ENV] - --- EPISODE START | Scenario: DESCEND | Start: [0.97312979 0.4809168  0.55      ] | Goal: [0.97312979 0.4809168  0.41      ] | DriftLimit: 0.0350 | FloorLimit: 0.4700 ---
2026-04-24 13:56:44,605 - [ENV] - TERMINATED (Descend): Tube Drift = 0.0354m (Max 0.0350m) at step 22
2026-04-24 13:56:44,605 - [ENV] - Episode ended without success at step 22. Final dist: 0.0362m
2026-04-24 13:56:44,606 - [ENV] - --- EPISODE START | Scenario: TRANSIT | Start: [0.8471102  0.11032116 0.55      ] | Goal: [0.90477522 0.01271283 0.55      ] | DriftLimit: 0.0350 | FloorLimit: 0.4700 ---
2026-04-24 13:56:49,323 - [ENV] - --- EPISODE START | Scenario: ASCEND | Start: [0.99438148 0.516289   0.415     ] | Goal: [0.99438148 0.516289   0.55      ] | DriftLimit: 0.0350 | FloorLimit: 0.4700 ---
2026-04-24 13:56:49,758 - [ENV] - TERMINATED (Ascend): Tube Drift = 0.0393m (Max 0.0350m) at step 11
2026-04-24 13:56:49,758 - [ENV] - Episode ended without success at step 11. Final dist: 0.0414m
2026-04-24 13:56:49,759 - [ENV] - --- EPISODE START | Scenario: TRANSIT | Start: [0.87870445 0.03785708 0.55      ] | Goal: [0.99980849 0.4672058  0.55      ] | DriftLimit: 0.0350 | FloorLimit: 0.4700 ---
2026-04-24 13:56:53,903 - [ENV] - --- EPISODE START | Scenario: TRANSIT | Start: [0.83889692 0.12376661 0.55      ] | Goal: [1.14901827 0.03091006 0.55      ] | DriftLimit: 0.0350 | FloorLimit: 0.4700 ---
2026-04-24 13:57:54,231 - [ENV] - --- EPISODE START | Scenario: DESCEND | Start: [0.91645366 0.05708966 0.55      ] | Goal: [0.91645366 0.05708966 0.415     ] | DriftLimit: 0.0350 | FloorLimit: 0.4700 ---
2026-04-24 13:57:55,432 - [ENV] - SUCCESS: Goal reached in 46 steps. Dist = 0.0100m
2026-04-24 13:57:55,434 - [ENV] - --- EPISODE START | Scenario: DESCEND | Start: [8.83114480e-01 6.93798727e-05 5.50000000e-01] | Goal: [8.83114480e-01 6.93798727e-05 4.10000000e-01] | DriftLimit: 0.0350 | FloorLimit: 0.4700 ---
2026-04-24 13:57:59,852 - [ENV] - --- EPISODE START | Scenario: DESCEND | Start: [1.11563767 0.12156035 0.55      ] | Goal: [1.11563767 0.12156035 0.41      ] | DriftLimit: 0.0350 | FloorLimit: 0.4700 ---
2026-04-24 13:58:04,293 - [ENV] - --- EPISODE START | Scenario: TRANSIT | Start: [1.14795466 0.19097625 0.55      ] | Goal: [1.02957943 0.32797897 0.55      ] | DriftLimit: 0.0350 | FloorLimit: 0.4700 ---
2026-04-24 13:58:08,618 - [ENV] - --- EPISODE START | Scenario: DESCEND | Start: [0.95282974 0.35768406 0.55      ] | Goal: [0.95282974 0.35768406 0.41      ] | DriftLimit: 0.0350 | FloorLimit: 0.4700 ---
2026-04-24 13:58:13,319 - [ENV] - --- EPISODE START | Scenario: ASCEND | Start: [0.89340343 0.23244385 0.415     ] | Goal: [0.89340343 0.23244385 0.55      ] | DriftLimit: 0.0350 | FloorLimit: 0.4700 ---
2026-04-24 13:58:13,538 - [ENV] - TERMINATED (Ascend): Tube Drift = 0.0427m (Max 0.0350m) at step 4
2026-04-24 13:58:13,538 - [ENV] - Episode ended without success at step 4. Final dist: 0.0830m
2026-04-24 13:58:13,539 - [ENV] - --- EPISODE START | Scenario: DESCEND | Start: [0.65752179 0.23268211 0.55      ] | Goal: [0.65752179 0.23268211 0.41      ] | DriftLimit: 0.0350 | FloorLimit: 0.4700 ---
2026-04-24 13:58:14,218 - [ENV] - TERMINATED (Descend): Tube Drift = 0.0358m (Max 0.0350m) at step 15
2026-04-24 13:58:14,218 - [ENV] - Episode ended without success at step 15. Final dist: 0.0363m
2026-04-24 13:58:14,218 - [ENV] - --- EPISODE START | Scenario: DESCEND | Start: [0.62080954 0.19033198 0.55      ] | Goal: [0.62080954 0.19033198 0.41      ] | DriftLimit: 0.0350 | FloorLimit: 0.4700 ---
2026-04-24 13:58:19,002 - [ENV] - --- EPISODE START | Scenario: TRANSIT | Start: [1.07411035 0.23067512 0.55      ] | Goal: [0.84564841 0.01972435 0.55      ] | DriftLimit: 0.0350 | FloorLimit: 0.4700 ---
2026-04-24 13:58:23,379 - [ENV] - --- EPISODE START | Scenario: ASCEND | Start: [0.71708617 0.30844499 0.415     ] | Goal: [0.71708617 0.30844499 0.55      ] | DriftLimit: 0.0350 | FloorLimit: 0.4700 ---
2026-04-24 13:58:23,711 - [ENV] - TERMINATED (Ascend): Tube Drift = 0.0360m (Max 0.0350m) at step 3
2026-04-24 13:58:23,712 - [ENV] - Episode ended without success at step 3. Final dist: 0.1319m
2026-04-24 13:58:23,713 - [ENV] - --- EPISODE START | Scenario: TRANSIT | Start: [1.12801988 0.08826675 0.55      ] | Goal: [0.96529562 0.33388858 0.55      ] | DriftLimit: 0.0350 | FloorLimit: 0.4700 ---
2026-04-24 13:58:24,194 - [ENV] - SUCCESS: Goal reached in 10 steps. Dist = 0.0112m
2026-04-24 13:58:24,195 - [ENV] - --- EPISODE START | Scenario: ASCEND | Start: [0.93166604 0.19339108 0.415     ] | Goal: [0.93166604 0.19339108 0.55      ] | DriftLimit: 0.0350 | FloorLimit: 0.4700 ---
2026-04-24 13:58:28,958 - [ENV] - --- EPISODE START | Scenario: TRANSIT | Start: [1.00329611 0.28934985 0.55      ] | Goal: [0.6340247  0.09878613 0.55      ] | DriftLimit: 0.0350 | FloorLimit: 0.4700 ---
2026-04-24 13:58:33,122 - [ENV] - --- EPISODE START | Scenario: ASCEND | Start: [0.82767679 0.3128951  0.415     ] | Goal: [0.82767679 0.3128951  0.55      ] | DriftLimit: 0.0350 | FloorLimit: 0.4700 ---
2026-04-24 13:58:37,681 - [ENV] - --- EPISODE START | Scenario: TRANSIT | Start: [0.65999236 0.38781551 0.55      ] | Goal: [0.83020432 0.51969044 0.55      ] | DriftLimit: 0.0350 | FloorLimit: 0.4700 ---
2026-04-24 13:58:41,914 - [ENV] - --- EPISODE START | Scenario: DESCEND | Start: [0.80196639 0.47532403 0.55      ] | Goal: [0.80196639 0.47532403 0.41      ] | DriftLimit: 0.0350 | FloorLimit: 0.4700 ---
2026-04-24 13:58:42,551 - [ENV] - TERMINATED (Descend): Tube Drift = 0.0357m (Max 0.0350m) at step 21
2026-04-24 13:58:42,551 - [ENV] - Episode ended without success at step 21. Final dist: 0.0369m
2026-04-24 13:58:42,552 - [ENV] - --- EPISODE START | Scenario: DESCEND | Start: [0.6468018  0.35519006 0.55      ] | Goal: [0.6468018  0.35519006 0.41      ] | DriftLimit: 0.0350 | FloorLimit: 0.4700 ---
2026-04-24 13:58:42,771 - [ENV] - TERMINATED (Descend): Tube Drift = 0.0357m (Max 0.0350m) at step 5
2026-04-24 13:58:42,771 - [ENV] - Episode ended without success at step 5. Final dist: 0.0383m
2026-04-24 13:58:42,772 - [ENV] - --- EPISODE START | Scenario: TRANSIT | Start: [0.6145586  0.26364051 0.55      ] | Goal: [0.62235209 0.37232007 0.55      ] | DriftLimit: 0.0350 | FloorLimit: 0.4700 ---
2026-04-24 13:58:47,041 - [ENV] - --- EPISODE START | Scenario: DESCEND | Start: [1.03168814 0.00188944 0.55      ] | Goal: [1.03168814 0.00188944 0.41      ] | DriftLimit: 0.0350 | FloorLimit: 0.4700 ---
2026-04-24 13:58:51,368 - [ENV] - --- EPISODE START | Scenario: DESCEND | Start: [0.67289863 0.15318215 0.55      ] | Goal: [0.67289863 0.15318215 0.41      ] | DriftLimit: 0.0350 | FloorLimit: 0.4700 ---
2026-04-24 13:58:55,808 - [ENV] - --- EPISODE START | Scenario: TRANSIT | Start: [1.05795822e+00 8.14992167e-04 5.50000000e-01] | Goal: [0.72475807 0.38620471 0.55      ] | DriftLimit: 0.0350 | FloorLimit: 0.4700 ---
2026-04-24 13:59:56,626 - [ENV] - --- EPISODE START | Scenario: ASCEND | Start: [0.7895869 0.2273269 0.415    ] | Goal: [0.7895869 0.2273269 0.55     ] | DriftLimit: 0.0350 | FloorLimit: 0.4700 ---
2026-04-24 14:00:01,092 - [ENV] - --- EPISODE START | Scenario: ASCEND | Start: [0.81948694 0.33045428 0.415     ] | Goal: [0.81948694 0.33045428 0.55      ] | DriftLimit: 0.0350 | FloorLimit: 0.4700 ---
2026-04-24 14:00:02,040 - [ENV] - TERMINATED (Ascend): Tube Drift = 0.0370m (Max 0.0350m) at step 31
2026-04-24 14:00:02,041 - [ENV] - Episode ended without success at step 31. Final dist: 0.0407m
2026-04-24 14:00:02,041 - [ENV] - --- EPISODE START | Scenario: TRANSIT | Start: [0.78054626 0.18169032 0.55      ] | Goal: [0.70453201 0.49387291 0.55      ] | DriftLimit: 0.0350 | FloorLimit: 0.4700 ---
2026-04-24 14:00:06,468 - [ENV] - --- EPISODE START | Scenario: TRANSIT | Start: [0.74712443 0.41658496 0.55      ] | Goal: [0.66127428 0.51642476 0.55      ] | DriftLimit: 0.0350 | FloorLimit: 0.4700 ---
2026-04-24 14:00:10,868 - [ENV] - --- EPISODE START | Scenario: TRANSIT | Start: [0.92257147 0.44167033 0.55      ] | Goal: [0.8375779  0.00834505 0.55      ] | DriftLimit: 0.0350 | FloorLimit: 0.4700 ---
2026-04-24 14:00:15,070 - [ENV] - --- EPISODE START | Scenario: DESCEND | Start: [0.86681203 0.33271147 0.55      ] | Goal: [0.86681203 0.33271147 0.41      ] | DriftLimit: 0.0350 | FloorLimit: 0.4700 ---
2026-04-24 14:00:19,299 - [ENV] - --- EPISODE START | Scenario: ASCEND | Start: [1.04332309 0.06349517 0.415     ] | Goal: [1.04332309 0.06349517 0.55      ] | DriftLimit: 0.0350 | FloorLimit: 0.4700 ---
2026-04-24 14:00:24,227 - [ENV] - --- EPISODE START | Scenario: DESCEND | Start: [1.1415763  0.31570539 0.55      ] | Goal: [1.1415763  0.31570539 0.41      ] | DriftLimit: 0.0350 | FloorLimit: 0.4700 ---
2026-04-24 14:00:24,751 - [ENV] - SUCCESS: Goal reached in 18 steps. Dist = 0.0100m
2026-04-24 14:00:24,751 - [ENV] - --- EPISODE START | Scenario: TRANSIT | Start: [0.64061124 0.27448927 0.55      ] | Goal: [ 0.85225824 -0.01237834  0.55      ] | DriftLimit: 0.0350 | FloorLimit: 0.4700 ---
2026-04-24 14:00:29,171 - [ENV] - --- EPISODE START | Scenario: ASCEND | Start: [0.91266917 0.45448555 0.415     ] | Goal: [0.91266917 0.45448555 0.55      ] | DriftLimit: 0.0350 | FloorLimit: 0.4700 ---
2026-04-24 14:00:29,540 - [ENV] - TERMINATED (Ascend): Tube Drift = 0.0418m (Max 0.0350m) at step 11
2026-04-24 14:00:29,540 - [ENV] - Episode ended without success at step 11. Final dist: 0.0614m
2026-04-24 14:00:29,541 - [ENV] - --- EPISODE START | Scenario: TRANSIT | Start: [1.07875499 0.00746357 0.55      ] | Goal: [0.99895344 0.33196215 0.55      ] | DriftLimit: 0.0350 | FloorLimit: 0.4700 ---
2026-04-24 14:00:33,803 - [ENV] - --- EPISODE START | Scenario: DESCEND | Start: [0.80223895 0.45658483 0.55      ] | Goal: [0.80223895 0.45658483 0.415     ] | DriftLimit: 0.0350 | FloorLimit: 0.4700 ---
2026-04-24 14:00:34,648 - [ENV] - TERMINATED (Descend): Tube Drift = 0.0350m (Max 0.0350m) at step 31
2026-04-24 14:00:34,648 - [ENV] - Episode ended without success at step 31. Final dist: 0.0352m
2026-04-24 14:00:34,649 - [ENV] - --- EPISODE START | Scenario: TRANSIT | Start: [1.05211646 0.41159454 0.55      ] | Goal: [1.15493641 0.28229668 0.55      ] | DriftLimit: 0.0350 | FloorLimit: 0.4700 ---
2026-04-24 14:00:38,973 - [ENV] - --- EPISODE START | Scenario: TRANSIT | Start: [ 0.97151916 -0.01014041  0.55      ] | Goal: [1.1543092  0.04337393 0.55      ] | DriftLimit: 0.0350 | FloorLimit: 0.4700 ---
2026-04-24 14:00:43,407 - [ENV] - --- EPISODE START | Scenario: ASCEND | Start: [1.14763107 0.53287433 0.415     ] | Goal: [1.14763107 0.53287433 0.55      ] | DriftLimit: 0.0350 | FloorLimit: 0.4700 ---
2026-04-24 14:00:43,541 - [ENV] - TERMINATED (Ascend): Tube Drift = 0.0472m (Max 0.0350m) at step 2
2026-04-24 14:00:43,541 - [ENV] - Episode ended without success at step 2. Final dist: 0.1059m
2026-04-24 14:00:43,542 - [ENV] - --- EPISODE START | Scenario: ASCEND | Start: [0.76812349 0.15432255 0.415     ] | Goal: [0.76812349 0.15432255 0.55      ] | DriftLimit: 0.0350 | FloorLimit: 0.4700 ---
2026-04-24 14:00:47,926 - [ENV] - --- EPISODE START | Scenario: DESCEND | Start: [1.05414595 0.28760499 0.55      ] | Goal: [1.05414595 0.28760499 0.415     ] | DriftLimit: 0.0350 | FloorLimit: 0.4700 ---
2026-04-24 14:00:52,150 - [ENV] - --- EPISODE START | Scenario: ASCEND | Start: [0.61443105 0.30357683 0.415     ] | Goal: [0.61443105 0.30357683 0.55      ] | DriftLimit: 0.0350 | FloorLimit: 0.4700 ---
2026-04-24 14:00:52,944 - [ENV] - TERMINATED (Ascend): Tube Drift = 0.0353m (Max 0.0350m) at step 17
2026-04-24 14:00:52,944 - [ENV] - Episode ended without success at step 17. Final dist: 0.1218m
2026-04-24 14:00:52,945 - [ENV] - --- EPISODE START | Scenario: DESCEND | Start: [0.60618592 0.05487965 0.55      ] | Goal: [0.60618592 0.05487965 0.415     ] | DriftLimit: 0.0350 | FloorLimit: 0.4700 ---
2026-04-24 14:00:53,314 - [ENV] - SUCCESS: Goal reached in 9 steps. Dist = 0.0094m
2026-04-24 14:00:53,315 - [ENV] - --- EPISODE START | Scenario: ASCEND | Start: [0.60222691 0.25534906 0.415     ] | Goal: [0.60222691 0.25534906 0.55      ] | DriftLimit: 0.0350 | FloorLimit: 0.4700 ---
2026-04-24 14:00:53,789 - [ENV] - TERMINATED (Ascend): Tube Drift = 0.0376m (Max 0.0350m) at step 3
2026-04-24 14:00:53,790 - [ENV] - Episode ended without success at step 3. Final dist: 0.1329m
2026-04-24 14:00:53,791 - [ENV] - --- EPISODE START | Scenario: DESCEND | Start: [0.97369366 0.51636449 0.55      ] | Goal: [0.97369366 0.51636449 0.41      ] | DriftLimit: 0.0350 | FloorLimit: 0.4700 ---
2026-04-24 14:00:54,296 - [ENV] - TERMINATED (Descend): Tube Drift = 0.0357m (Max 0.0350m) at step 14
2026-04-24 14:00:54,297 - [ENV] - Episode ended without success at step 14. Final dist: 0.0366m
2026-04-24 14:00:54,297 - [ENV] - --- EPISODE START | Scenario: TRANSIT | Start: [1.13768807 0.04236612 0.55      ] | Goal: [0.91623756 0.11439755 0.55      ] | DriftLimit: 0.0350 | FloorLimit: 0.4700 ---
2026-04-24 14:01:57,008 - [ENV] - --- EPISODE START | Scenario: DESCEND | Start: [0.91317884 0.46253444 0.55      ] | Goal: [0.91317884 0.46253444 0.415     ] | DriftLimit: 0.0350 | FloorLimit: 0.4700 ---
2026-04-24 14:01:58,804 - [ENV] - TERMINATED (Descend): Tube Drift = 0.0350m (Max 0.0350m) at step 46
2026-04-24 14:01:58,805 - [ENV] - Episode ended without success at step 46. Final dist: 0.0351m
2026-04-24 14:01:58,806 - [ENV] - --- EPISODE START | Scenario: TRANSIT | Start: [1.15943882 0.16499096 0.55      ] | Goal: [1.09910242 0.47815565 0.55      ] | DriftLimit: 0.0350 | FloorLimit: 0.4700 ---
2026-04-24 14:02:03,253 - [ENV] - --- EPISODE START | Scenario: ASCEND | Start: [0.93134856 0.04573993 0.415     ] | Goal: [0.93134856 0.04573993 0.55      ] | DriftLimit: 0.0350 | FloorLimit: 0.4700 ---
2026-04-24 14:02:03,394 - [ENV] - TERMINATED (Ascend): Tube Drift = 0.0351m (Max 0.0350m) at step 2
2026-04-24 14:02:03,394 - [ENV] - Episode ended without success at step 2. Final dist: 0.1227m
2026-04-24 14:02:03,395 - [ENV] - --- EPISODE START | Scenario: TRANSIT | Start: [1.03758873 0.40464916 0.55      ] | Goal: [0.81967774 0.37948547 0.55      ] | DriftLimit: 0.0350 | FloorLimit: 0.4700 ---
2026-04-24 14:02:07,550 - [ENV] - --- EPISODE START | Scenario: DESCEND | Start: [0.64365941 0.20547558 0.55      ] | Goal: [0.64365941 0.20547558 0.41      ] | DriftLimit: 0.0350 | FloorLimit: 0.4700 ---
2026-04-24 14:02:08,004 - [ENV] - TERMINATED (Descend): Tube Drift = 0.0357m (Max 0.0350m) at step 16
2026-04-24 14:02:08,004 - [ENV] - Episode ended without success at step 16. Final dist: 0.0391m
2026-04-24 14:02:08,005 - [ENV] - --- EPISODE START | Scenario: ASCEND | Start: [1.11855049 0.02781262 0.415     ] | Goal: [1.11855049 0.02781262 0.55      ] | DriftLimit: 0.0350 | FloorLimit: 0.4700 ---
2026-04-24 14:02:12,287 - [ENV] - --- EPISODE START | Scenario: TRANSIT | Start: [0.79615033 0.32080414 0.55      ] | Goal: [0.78859641 0.07511608 0.55      ] | DriftLimit: 0.0350 | FloorLimit: 0.4700 ---
2026-04-24 14:02:16,735 - [ENV] - --- EPISODE START | Scenario: TRANSIT | Start: [0.81700954 0.20310296 0.55      ] | Goal: [1.0413256  0.01329373 0.55      ] | DriftLimit: 0.0350 | FloorLimit: 0.4700 ---
2026-04-24 14:02:21,125 - [ENV] - --- EPISODE START | Scenario: TRANSIT | Start: [0.95439586 0.00185928 0.55      ] | Goal: [0.97243485 0.39305379 0.55      ] | DriftLimit: 0.0350 | FloorLimit: 0.4700 ---
2026-04-24 14:02:25,479 - [ENV] - --- EPISODE START | Scenario: ASCEND | Start: [0.9897897  0.40754477 0.415     ] | Goal: [0.9897897  0.40754477 0.55      ] | DriftLimit: 0.0350 | FloorLimit: 0.4700 ---
2026-04-24 14:02:26,002 - [ENV] - TERMINATED (Ascend): Tube Drift = 0.0422m (Max 0.0350m) at step 12
2026-04-24 14:02:26,003 - [ENV] - Episode ended without success at step 12. Final dist: 0.0581m
2026-04-24 14:02:26,004 - [ENV] - --- EPISODE START | Scenario: DESCEND | Start: [0.78422523 0.439581   0.55      ] | Goal: [0.78422523 0.439581   0.41      ] | DriftLimit: 0.0350 | FloorLimit: 0.4700 ---
2026-04-24 14:02:26,536 - [ENV] - TERMINATED (Descend): Tube Drift = 0.0351m (Max 0.0350m) at step 20
2026-04-24 14:02:26,536 - [ENV] - Episode ended without success at step 20. Final dist: 0.0361m
2026-04-24 14:02:26,536 - [ENV] - --- EPISODE START | Scenario: ASCEND | Start: [0.78333545 0.33951444 0.415     ] | Goal: [0.78333545 0.33951444 0.55      ] | DriftLimit: 0.0350 | FloorLimit: 0.4700 ---
2026-04-24 14:02:27,169 - [ENV] - TERMINATED (Ascend): Tube Drift = 0.0363m (Max 0.0350m) at step 23
2026-04-24 14:02:27,169 - [ENV] - Episode ended without success at step 23. Final dist: 0.0453m
2026-04-24 14:02:27,170 - [ENV] - --- EPISODE START | Scenario: ASCEND | Start: [0.93062912 0.30892153 0.415     ] | Goal: [0.93062912 0.30892153 0.55      ] | DriftLimit: 0.0350 | FloorLimit: 0.4700 ---
2026-04-24 14:02:27,329 - [ENV] - TERMINATED (Ascend): Tube Drift = 0.0430m (Max 0.0350m) at step 2
2026-04-24 14:02:27,329 - [ENV] - Episode ended without success at step 2. Final dist: 0.1115m
2026-04-24 14:02:27,330 - [ENV] - --- EPISODE START | Scenario: TRANSIT | Start: [0.85769443 0.01693805 0.55      ] | Goal: [0.97560135 0.27841191 0.55      ] | DriftLimit: 0.0350 | FloorLimit: 0.4700 ---
2026-04-24 14:02:31,633 - [ENV] - --- EPISODE START | Scenario: TRANSIT | Start: [0.85938187 0.08884499 0.55      ] | Goal: [0.66582174 0.07975083 0.55      ] | DriftLimit: 0.0350 | FloorLimit: 0.4700 ---
2026-04-24 14:02:35,993 - [ENV] - --- EPISODE START | Scenario: DESCEND | Start: [0.83441042 0.18583881 0.55      ] | Goal: [0.83441042 0.18583881 0.415     ] | DriftLimit: 0.0350 | FloorLimit: 0.4700 ---
2026-04-24 14:02:37,836 - [ENV] - SUCCESS: Goal reached in 66 steps. Dist = 0.0100m
2026-04-24 14:02:37,837 - [ENV] - --- EPISODE START | Scenario: ASCEND | Start: [0.72724137 0.22914056 0.415     ] | Goal: [0.72724137 0.22914056 0.55      ] | DriftLimit: 0.0350 | FloorLimit: 0.4700 ---
2026-04-24 14:02:42,644 - [ENV] - --- EPISODE START | Scenario: DESCEND | Start: [0.8923276 0.4175188 0.55     ] | Goal: [0.8923276 0.4175188 0.415    ] | DriftLimit: 0.0350 | FloorLimit: 0.4700 ---
2026-04-24 14:02:46,901 - [ENV] - --- EPISODE START | Scenario: ASCEND | Start: [0.90311504 0.36701334 0.415     ] | Goal: [0.90311504 0.36701334 0.55      ] | DriftLimit: 0.0350 | FloorLimit: 0.4700 ---
2026-04-24 14:02:47,031 - [ENV] - TERMINATED (Ascend): Tube Drift = 0.0372m (Max 0.0350m) at step 2
2026-04-24 14:02:47,031 - [ENV] - Episode ended without success at step 2. Final dist: 0.1085m
2026-04-24 14:02:47,032 - [ENV] - --- EPISODE START | Scenario: DESCEND | Start: [0.76681385 0.49217654 0.55      ] | Goal: [0.76681385 0.49217654 0.41      ] | DriftLimit: 0.0350 | FloorLimit: 0.4700 ---
2026-04-24 14:02:47,590 - [ENV] - TERMINATED (Descend): Tube Drift = 0.0353m (Max 0.0350m) at step 20
2026-04-24 14:02:47,590 - [ENV] - Episode ended without success at step 20. Final dist: 0.0364m
2026-04-24 14:02:47,591 - [ENV] - --- EPISODE START | Scenario: TRANSIT | Start: [0.91618805 0.38693873 0.55      ] | Goal: [0.67755954 0.2910548  0.55      ] | DriftLimit: 0.0350 | FloorLimit: 0.4700 ---
2026-04-24 14:02:52,457 - [ENV] - --- EPISODE START | Scenario: DESCEND | Start: [ 0.69413271 -0.01521908  0.55      ] | Goal: [ 0.69413271 -0.01521908  0.415     ] | DriftLimit: 0.0350 | FloorLimit: 0.4700 ---
2026-04-24 14:02:52,592 - [ENV] - TERMINATED (Descend): Tube Drift = 0.0379m (Max 0.0350m) at step 5
2026-04-24 14:02:52,593 - [ENV] - Episode ended without success at step 5. Final dist: 0.0481m
2026-04-24 14:02:52,593 - [ENV] - --- EPISODE START | Scenario: DESCEND | Start: [1.09348717 0.07777778 0.55      ] | Goal: [1.09348717 0.07777778 0.41      ] | DriftLimit: 0.0350 | FloorLimit: 0.4700 ---
2026-04-24 14:02:56,129 - [ENV] - SUCCESS: Goal reached in 144 steps. Dist = 0.0100m
2026-04-24 14:02:56,130 - [ENV] - --- EPISODE START | Scenario: ASCEND | Start: [0.62524874 0.04433296 0.415     ] | Goal: [0.62524874 0.04433296 0.55      ] | DriftLimit: 0.0350 | FloorLimit: 0.4700 ---
2026-04-24 14:02:56,326 - [ENV] - TERMINATED (Ascend): Tube Drift = 0.0369m (Max 0.0350m) at step 3
2026-04-24 14:02:56,326 - [ENV] - Episode ended without success at step 3. Final dist: 0.1234m
2026-04-24 14:02:56,326 - [ENV] - --- EPISODE START | Scenario: ASCEND | Start: [0.96251527 0.24705133 0.415     ] | Goal: [0.96251527 0.24705133 0.55      ] | DriftLimit: 0.0350 | FloorLimit: 0.4700 ---
2026-04-24 14:03:00,672 - [ENV] - --- EPISODE START | Scenario: DESCEND | Start: [0.77038627 0.31196115 0.55      ] | Goal: [0.77038627 0.31196115 0.415     ] | DriftLimit: 0.0350 | FloorLimit: 0.4700 ---
2026-04-24 14:04:02,734 - [ENV] - --- EPISODE START | Scenario: ASCEND | Start: [0.61314911 0.22247634 0.415     ] | Goal: [0.61314911 0.22247634 0.55      ] | DriftLimit: 0.0350 | FloorLimit: 0.4700 ---
2026-04-24 14:04:03,488 - [ENV] - TERMINATED (Ascend): Tube Drift = 0.0375m (Max 0.0350m) at step 8
2026-04-24 14:04:03,488 - [ENV] - Episode ended without success at step 8. Final dist: 0.0900m
2026-04-24 14:04:03,489 - [ENV] - --- EPISODE START | Scenario: ASCEND | Start: [0.68113644 0.10110465 0.415     ] | Goal: [0.68113644 0.10110465 0.55      ] | DriftLimit: 0.0350 | FloorLimit: 0.4700 ---
2026-04-24 14:04:03,633 - [ENV] - TERMINATED (Ascend): Tube Drift = 0.0391m (Max 0.0350m) at step 3
2026-04-24 14:04:03,634 - [ENV] - Episode ended without success at step 3. Final dist: 0.1343m
2026-04-24 14:04:03,634 - [ENV] - --- EPISODE START | Scenario: ASCEND | Start: [1.04976446 0.25922312 0.415     ] | Goal: [1.04976446 0.25922312 0.55      ] | DriftLimit: 0.0350 | FloorLimit: 0.4700 ---
2026-04-24 14:04:03,780 - [ENV] - TERMINATED (Ascend): Tube Drift = 0.0360m (Max 0.0350m) at step 2
2026-04-24 14:04:03,780 - [ENV] - Episode ended without success at step 2. Final dist: 0.1073m
2026-04-24 14:04:03,781 - [ENV] - --- EPISODE START | Scenario: ASCEND | Start: [0.9810702  0.35653172 0.415     ] | Goal: [0.9810702  0.35653172 0.55      ] | DriftLimit: 0.0350 | FloorLimit: 0.4700 ---
2026-04-24 14:04:04,367 - [ENV] - TERMINATED (Ascend): Tube Drift = 0.0368m (Max 0.0350m) at step 20
2026-04-24 14:04:04,367 - [ENV] - Episode ended without success at step 20. Final dist: 0.0494m
2026-04-24 14:04:04,367 - [ENV] - --- EPISODE START | Scenario: DESCEND | Start: [0.68895446 0.22071956 0.55      ] | Goal: [0.68895446 0.22071956 0.41      ] | DriftLimit: 0.0350 | FloorLimit: 0.4700 ---
2026-04-24 14:04:04,601 - [ENV] - TERMINATED (Descend): Tube Drift = 0.0379m (Max 0.0350m) at step 6
2026-04-24 14:04:04,601 - [ENV] - Episode ended without success at step 6. Final dist: 0.0386m
2026-04-24 14:04:04,601 - [ENV] - --- EPISODE START | Scenario: DESCEND | Start: [0.62166379 0.52909581 0.55      ] | Goal: [0.62166379 0.52909581 0.415     ] | DriftLimit: 0.0350 | FloorLimit: 0.4700 ---
2026-04-24 14:04:05,135 - [ENV] - TERMINATED (Descend): Tube Drift = 0.0352m (Max 0.0350m) at step 14
2026-04-24 14:04:05,135 - [ENV] - Episode ended without success at step 14. Final dist: 0.0364m
2026-04-24 14:04:05,137 - [ENV] - --- EPISODE START | Scenario: DESCEND | Start: [0.87410274 0.07978328 0.55      ] | Goal: [0.87410274 0.07978328 0.415     ] | DriftLimit: 0.0350 | FloorLimit: 0.4700 ---
2026-04-24 14:04:09,605 - [ENV] - --- EPISODE START | Scenario: TRANSIT | Start: [1.08590224 0.1963189  0.55      ] | Goal: [0.72242066 0.51694234 0.55      ] | DriftLimit: 0.0350 | FloorLimit: 0.4700 ---
2026-04-24 14:04:14,107 - [ENV] - --- EPISODE START | Scenario: ASCEND | Start: [0.69980654 0.13483421 0.415     ] | Goal: [0.69980654 0.13483421 0.55      ] | DriftLimit: 0.0350 | FloorLimit: 0.4700 ---
2026-04-24 14:04:18,452 - [ENV] - --- EPISODE START | Scenario: TRANSIT | Start: [0.79519743 0.31225842 0.55      ] | Goal: [0.73900652 0.20417534 0.55      ] | DriftLimit: 0.0350 | FloorLimit: 0.4700 ---
2026-04-24 14:04:18,767 - [ENV] - SUCCESS: Goal reached in 4 steps. Dist = 0.0082m
2026-04-24 14:04:18,768 - [ENV] - --- EPISODE START | Scenario: TRANSIT | Start: [0.77539584 0.48084941 0.55      ] | Goal: [1.07928585 0.30809293 0.55      ] | DriftLimit: 0.0350 | FloorLimit: 0.4700 ---
2026-04-24 14:04:23,069 - [ENV] - --- EPISODE START | Scenario: TRANSIT | Start: [0.92807931 0.45634787 0.55      ] | Goal: [0.69633068 0.44495973 0.55      ] | DriftLimit: 0.0350 | FloorLimit: 0.4700 ---
2026-04-24 14:04:27,332 - [ENV] - --- EPISODE START | Scenario: DESCEND | Start: [0.72400827 0.01105411 0.55      ] | Goal: [0.72400827 0.01105411 0.41      ] | DriftLimit: 0.0350 | FloorLimit: 0.4700 ---
2026-04-24 14:04:31,490 - [ENV] - --- EPISODE START | Scenario: ASCEND | Start: [ 0.68482265 -0.00170455  0.415     ] | Goal: [ 0.68482265 -0.00170455  0.55      ] | DriftLimit: 0.0350 | FloorLimit: 0.4700 ---
2026-04-24 14:04:31,874 - [ENV] - TERMINATED (Ascend): Tube Drift = 0.0357m (Max 0.0350m) at step 9
2026-04-24 14:04:31,874 - [ENV] - Episode ended without success at step 9. Final dist: 0.1325m
2026-04-24 14:04:31,875 - [ENV] - --- EPISODE START | Scenario: ASCEND | Start: [0.72446399 0.2368595  0.415     ] | Goal: [0.72446399 0.2368595  0.55      ] | DriftLimit: 0.0350 | FloorLimit: 0.4700 ---
2026-04-24 14:04:32,186 - [ENV] - TERMINATED (Ascend): Tube Drift = 0.0366m (Max 0.0350m) at step 3
2026-04-24 14:04:32,186 - [ENV] - Episode ended without success at step 3. Final dist: 0.1294m
2026-04-24 14:04:32,187 - [ENV] - --- EPISODE START | Scenario: DESCEND | Start: [ 7.82206660e-01 -1.74787388e-04  5.50000000e-01] | Goal: [ 7.82206660e-01 -1.74787388e-04  4.10000000e-01] | DriftLimit: 0.0350 | FloorLimit: 0.4700 ---
2026-04-24 14:04:36,488 - [ENV] - --- EPISODE START | Scenario: ASCEND | Start: [1.03584594 0.30469853 0.415     ] | Goal: [1.03584594 0.30469853 0.55      ] | DriftLimit: 0.0350 | FloorLimit: 0.4700 ---
2026-04-24 14:04:40,891 - [ENV] - --- EPISODE START | Scenario: DESCEND | Start: [0.89466731 0.3259078  0.55      ] | Goal: [0.89466731 0.3259078  0.41      ] | DriftLimit: 0.0350 | FloorLimit: 0.4700 ---
2026-04-24 14:04:45,485 - [ENV] - --- EPISODE START | Scenario: TRANSIT | Start: [0.7194773  0.04162293 0.55      ] | Goal: [ 0.97811708 -0.01238378  0.55      ] | DriftLimit: 0.0350 | FloorLimit: 0.4700 ---
2026-04-24 14:04:49,849 - [ENV] - --- EPISODE START | Scenario: ASCEND | Start: [0.74623306 0.08534843 0.415     ] | Goal: [0.74623306 0.08534843 0.55      ] | DriftLimit: 0.0350 | FloorLimit: 0.4700 ---
2026-04-24 14:04:54,256 - [ENV] - --- EPISODE START | Scenario: TRANSIT | Start: [1.071669   0.33513285 0.55      ] | Goal: [0.92722485 0.53378719 0.55      ] | DriftLimit: 0.0350 | FloorLimit: 0.4700 ---
2026-04-24 14:04:58,630 - [ENV] - --- EPISODE START | Scenario: ASCEND | Start: [0.73449279 0.26916784 0.415     ] | Goal: [0.73449279 0.26916784 0.55      ] | DriftLimit: 0.0350 | FloorLimit: 0.4700 ---
2026-04-24 14:04:58,932 - [ENV] - TERMINATED (Ascend): Tube Drift = 0.0384m (Max 0.0350m) at step 3
2026-04-24 14:04:58,932 - [ENV] - Episode ended without success at step 3. Final dist: 0.1293m
2026-04-24 14:04:58,933 - [ENV] - --- EPISODE START | Scenario: DESCEND | Start: [0.60714878 0.52555711 0.55      ] | Goal: [0.60714878 0.52555711 0.41      ] | DriftLimit: 0.0350 | FloorLimit: 0.4700 ---
2026-04-24 14:06:03,337 - [ENV] - --- EPISODE START | Scenario: ASCEND | Start: [0.96669518 0.14466917 0.415     ] | Goal: [0.96669518 0.14466917 0.55      ] | DriftLimit: 0.0350 | FloorLimit: 0.4700 ---
2026-04-24 14:06:07,972 - [ENV] - --- EPISODE START | Scenario: TRANSIT | Start: [1.10001203 0.22841356 0.55      ] | Goal: [0.67195154 0.34641643 0.55      ] | DriftLimit: 0.0350 | FloorLimit: 0.4700 ---
2026-04-24 14:06:12,921 - [ENV] - --- EPISODE START | Scenario: TRANSIT | Start: [0.87369784 0.44059584 0.55      ] | Goal: [0.70560583 0.04010923 0.55      ] | DriftLimit: 0.0350 | FloorLimit: 0.4700 ---
2026-04-24 14:06:17,262 - [ENV] - --- EPISODE START | Scenario: ASCEND | Start: [0.70036992 0.46042601 0.415     ] | Goal: [0.70036992 0.46042601 0.55      ] | DriftLimit: 0.0350 | FloorLimit: 0.4700 ---
2026-04-24 14:06:17,391 - [ENV] - TERMINATED (Ascend): Tube Drift = 0.0404m (Max 0.0350m) at step 2
2026-04-24 14:06:17,391 - [ENV] - Episode ended without success at step 2. Final dist: 0.1244m
2026-04-24 14:06:17,391 - [ENV] - --- EPISODE START | Scenario: DESCEND | Start: [0.9533863  0.54011967 0.55      ] | Goal: [0.9533863  0.54011967 0.415     ] | DriftLimit: 0.0350 | FloorLimit: 0.4700 ---
2026-04-24 14:06:18,096 - [ENV] - TERMINATED (Descend): Tube Drift = 0.0353m (Max 0.0350m) at step 22
2026-04-24 14:06:18,096 - [ENV] - Episode ended without success at step 22. Final dist: 0.0354m
2026-04-24 14:06:18,097 - [ENV] - --- EPISODE START | Scenario: DESCEND | Start: [0.90390241 0.52268617 0.55      ] | Goal: [0.90390241 0.52268617 0.41      ] | DriftLimit: 0.0350 | FloorLimit: 0.4700 ---
2026-04-24 14:06:19,085 - [ENV] - TERMINATED (Descend): Tube Drift = 0.0351m (Max 0.0350m) at step 31
2026-04-24 14:06:19,085 - [ENV] - Episode ended without success at step 31. Final dist: 0.0362m
2026-04-24 14:06:19,086 - [ENV] - --- EPISODE START | Scenario: ASCEND | Start: [1.07176093 0.11898906 0.415     ] | Goal: [1.07176093 0.11898906 0.55      ] | DriftLimit: 0.0350 | FloorLimit: 0.4700 ---
2026-04-24 14:06:19,211 - [ENV] - TERMINATED (Ascend): Tube Drift = 0.0367m (Max 0.0350m) at step 2
2026-04-24 14:06:19,212 - [ENV] - Episode ended without success at step 2. Final dist: 0.1170m
2026-04-24 14:06:19,213 - [ENV] - --- EPISODE START | Scenario: ASCEND | Start: [0.94931321 0.29330708 0.415     ] | Goal: [0.94931321 0.29330708 0.55      ] | DriftLimit: 0.0350 | FloorLimit: 0.4700 ---
2026-04-24 14:06:19,420 - [ENV] - TERMINATED (Ascend): Tube Drift = 0.0423m (Max 0.0350m) at step 2
2026-04-24 14:06:19,420 - [ENV] - Episode ended without success at step 2. Final dist: 0.1115m
2026-04-24 14:06:19,422 - [ENV] - --- EPISODE START | Scenario: DESCEND | Start: [0.93011717 0.26144993 0.55      ] | Goal: [0.93011717 0.26144993 0.41      ] | DriftLimit: 0.0350 | FloorLimit: 0.4700 ---
2026-04-24 14:06:24,111 - [ENV] - --- EPISODE START | Scenario: DESCEND | Start: [0.93591021 0.33672916 0.55      ] | Goal: [0.93591021 0.33672916 0.415     ] | DriftLimit: 0.0350 | FloorLimit: 0.4700 ---
2026-04-24 14:06:28,361 - [ENV] - --- EPISODE START | Scenario: DESCEND | Start: [0.64844693 0.36639138 0.55      ] | Goal: [0.64844693 0.36639138 0.41      ] | DriftLimit: 0.0350 | FloorLimit: 0.4700 ---
2026-04-24 14:06:28,587 - [ENV] - TERMINATED (Descend): Tube Drift = 0.0386m (Max 0.0350m) at step 5
2026-04-24 14:06:28,587 - [ENV] - Episode ended without success at step 5. Final dist: 0.0409m
2026-04-24 14:06:28,587 - [ENV] - --- EPISODE START | Scenario: DESCEND | Start: [0.82116244 0.29058632 0.55      ] | Goal: [0.82116244 0.29058632 0.41      ] | DriftLimit: 0.0350 | FloorLimit: 0.4700 ---
2026-04-24 14:06:32,894 - [ENV] - --- EPISODE START | Scenario: DESCEND | Start: [0.69621293 0.04120351 0.55      ] | Goal: [0.69621293 0.04120351 0.415     ] | DriftLimit: 0.0350 | FloorLimit: 0.4700 ---
2026-04-24 14:06:37,199 - [ENV] - --- EPISODE START | Scenario: TRANSIT | Start: [0.86309275 0.11781234 0.55      ] | Goal: [0.61471514 0.06378011 0.55      ] | DriftLimit: 0.0350 | FloorLimit: 0.4700 ---
2026-04-24 14:06:41,646 - [ENV] - --- EPISODE START | Scenario: DESCEND | Start: [1.13050737 0.14699117 0.55      ] | Goal: [1.13050737 0.14699117 0.41      ] | DriftLimit: 0.0350 | FloorLimit: 0.4700 ---
2026-04-24 14:06:41,923 - [ENV] - SUCCESS: Goal reached in 7 steps. Dist = 0.0098m
2026-04-24 14:06:41,924 - [ENV] - --- EPISODE START | Scenario: DESCEND | Start: [0.84914851 0.00446283 0.55      ] | Goal: [0.84914851 0.00446283 0.41      ] | DriftLimit: 0.0350 | FloorLimit: 0.4700 ---
2026-04-24 14:06:46,000 - [ENV] - --- EPISODE START | Scenario: ASCEND | Start: [0.94621794 0.41295627 0.415     ] | Goal: [0.94621794 0.41295627 0.55      ] | DriftLimit: 0.0350 | FloorLimit: 0.4700 ---
2026-04-24 14:06:46,414 - [ENV] - TERMINATED (Ascend): Tube Drift = 0.0406m (Max 0.0350m) at step 13
2026-04-24 14:06:46,414 - [ENV] - Episode ended without success at step 13. Final dist: 0.0668m
2026-04-24 14:06:46,415 - [ENV] - --- EPISODE START | Scenario: ASCEND | Start: [0.78534324 0.36288521 0.415     ] | Goal: [0.78534324 0.36288521 0.55      ] | DriftLimit: 0.0350 | FloorLimit: 0.4700 ---
2026-04-24 14:06:46,611 - [ENV] - TERMINATED (Ascend): Tube Drift = 0.0622m (Max 0.0350m) at step 3
2026-04-24 14:06:46,612 - [ENV] - Episode ended without success at step 3. Final dist: 0.1399m
2026-04-24 14:06:46,612 - [ENV] - --- EPISODE START | Scenario: ASCEND | Start: [0.74537665 0.4604302  0.415     ] | Goal: [0.74537665 0.4604302  0.55      ] | DriftLimit: 0.0350 | FloorLimit: 0.4700 ---
2026-04-24 14:06:46,928 - [ENV] - SUCCESS: Goal reached in 9 steps. Dist = 0.0064m
2026-04-24 14:06:46,929 - [ENV] - --- EPISODE START | Scenario: DESCEND | Start: [0.8107455  0.37458861 0.55      ] | Goal: [0.8107455  0.37458861 0.415     ] | DriftLimit: 0.0350 | FloorLimit: 0.4700 ---
2026-04-24 14:06:51,179 - [ENV] - --- EPISODE START | Scenario: TRANSIT | Start: [0.61673759 0.52602405 0.55      ] | Goal: [0.72877756 0.33152306 0.55      ] | DriftLimit: 0.0350 | FloorLimit: 0.4700 ---
2026-04-24 14:06:55,816 - [ENV] - --- EPISODE START | Scenario: DESCEND | Start: [0.78499022 0.41621026 0.55      ] | Goal: [0.78499022 0.41621026 0.41      ] | DriftLimit: 0.0350 | FloorLimit: 0.4700 ---
2026-04-24 14:06:56,163 - [ENV] - TERMINATED (Descend): Tube Drift = 0.0350m (Max 0.0350m) at step 11
2026-04-24 14:06:56,163 - [ENV] - Episode ended without success at step 11. Final dist: 0.0359m
2026-04-24 14:06:56,164 - [ENV] - --- EPISODE START | Scenario: DESCEND | Start: [0.75566066 0.39900035 0.55      ] | Goal: [0.75566066 0.39900035 0.41      ] | DriftLimit: 0.0350 | FloorLimit: 0.4700 ---
2026-04-24 14:06:56,372 - [ENV] - TERMINATED (Descend): Tube Drift = 0.0369m (Max 0.0350m) at step 5
2026-04-24 14:06:56,373 - [ENV] - Episode ended without success at step 5. Final dist: 0.0396m
2026-04-24 14:06:56,374 - [ENV] - --- EPISODE START | Scenario: TRANSIT | Start: [0.81078471 0.15751929 0.55      ] | Goal: [0.61890975 0.22989777 0.55      ] | DriftLimit: 0.0350 | FloorLimit: 0.4700 ---
2026-04-24 14:07:01,023 - [ENV] - --- EPISODE START | Scenario: DESCEND | Start: [0.98446149 0.08709673 0.55      ] | Goal: [0.98446149 0.08709673 0.415     ] | DriftLimit: 0.0350 | FloorLimit: 0.4700 ---
2026-04-24 14:07:01,353 - [ENV] - SUCCESS: Goal reached in 11 steps. Dist = 0.0097m
2026-04-24 14:07:01,353 - [ENV] - --- EPISODE START | Scenario: DESCEND | Start: [0.88917918 0.24943275 0.55      ] | Goal: [0.88917918 0.24943275 0.41      ] | DriftLimit: 0.0350 | FloorLimit: 0.4700 ---
2026-04-24 14:07:05,532 - [ENV] - --- EPISODE START | Scenario: DESCEND | Start: [0.96739184 0.06332883 0.55      ] | Goal: [0.96739184 0.06332883 0.41      ] | DriftLimit: 0.0350 | FloorLimit: 0.4700 ---
2026-04-24 14:07:05,934 - [ENV] - SUCCESS: Goal reached in 15 steps. Dist = 0.0099m
2026-04-24 14:07:05,934 - [ENV] - --- EPISODE START | Scenario: DESCEND | Start: [0.78119189 0.00341654 0.55      ] | Goal: [0.78119189 0.00341654 0.415     ] | DriftLimit: 0.0350 | FloorLimit: 0.4700 ---
2026-04-24 14:08:08,363 - [ENV] - --- EPISODE START | Scenario: ASCEND | Start: [1.03744736 0.37012547 0.415     ] | Goal: [1.03744736 0.37012547 0.55      ] | DriftLimit: 0.0350 | FloorLimit: 0.4700 ---
2026-04-24 14:08:08,532 - [ENV] - TERMINATED (Ascend): Tube Drift = 0.0384m (Max 0.0350m) at step 2
2026-04-24 14:08:08,533 - [ENV] - Episode ended without success at step 2. Final dist: 0.1052m
2026-04-24 14:08:08,534 - [ENV] - --- EPISODE START | Scenario: TRANSIT | Start: [0.94539843 0.43887859 0.55      ] | Goal: [0.64252312 0.36426716 0.55      ] | DriftLimit: 0.0350 | FloorLimit: 0.4700 ---
2026-04-24 14:08:12,973 - [ENV] - --- EPISODE START | Scenario: DESCEND | Start: [0.85889134 0.4331177  0.55      ] | Goal: [0.85889134 0.4331177  0.415     ] | DriftLimit: 0.0350 | FloorLimit: 0.4700 ---
2026-04-24 14:08:17,142 - [ENV] - --- EPISODE START | Scenario: DESCEND | Start: [0.77396042 0.35832263 0.55      ] | Goal: [0.77396042 0.35832263 0.41      ] | DriftLimit: 0.0350 | FloorLimit: 0.4700 ---
2026-04-24 14:08:21,610 - [ENV] - --- EPISODE START | Scenario: DESCEND | Start: [0.68420536 0.16331824 0.55      ] | Goal: [0.68420536 0.16331824 0.41      ] | DriftLimit: 0.0350 | FloorLimit: 0.4700 ---
2026-04-24 14:08:26,084 - [ENV] - --- EPISODE START | Scenario: DESCEND | Start: [ 0.82858202 -0.01259477  0.55      ] | Goal: [ 0.82858202 -0.01259477  0.41      ] | DriftLimit: 0.0350 | FloorLimit: 0.4700 ---
2026-04-24 14:08:30,618 - [ENV] - --- EPISODE START | Scenario: ASCEND | Start: [1.09911876 0.14962746 0.415     ] | Goal: [1.09911876 0.14962746 0.55      ] | DriftLimit: 0.0350 | FloorLimit: 0.4700 ---
2026-04-24 14:08:30,780 - [ENV] - TERMINATED (Ascend): Tube Drift = 0.0529m (Max 0.0350m) at step 3
2026-04-24 14:08:30,780 - [ENV] - Episode ended without success at step 3. Final dist: 0.1071m
2026-04-24 14:08:30,781 - [ENV] - --- EPISODE START | Scenario: ASCEND | Start: [1.11092165 0.44816462 0.415     ] | Goal: [1.11092165 0.44816462 0.55      ] | DriftLimit: 0.0350 | FloorLimit: 0.4700 ---
2026-04-24 14:08:30,920 - [ENV] - TERMINATED (Ascend): Tube Drift = 0.0417m (Max 0.0350m) at step 2
2026-04-24 14:08:30,921 - [ENV] - Episode ended without success at step 2. Final dist: 0.1053m
2026-04-24 14:08:30,922 - [ENV] - --- EPISODE START | Scenario: ASCEND | Start: [0.90743995 0.08445435 0.415     ] | Goal: [0.90743995 0.08445435 0.55      ] | DriftLimit: 0.0350 | FloorLimit: 0.4700 ---
2026-04-24 14:08:31,096 - [ENV] - TERMINATED (Ascend): Tube Drift = 0.0493m (Max 0.0350m) at step 2
2026-04-24 14:08:31,096 - [ENV] - Episode ended without success at step 2. Final dist: 0.1197m
2026-04-24 14:08:31,098 - [ENV] - --- EPISODE START | Scenario: ASCEND | Start: [1.11228837 0.50445936 0.415     ] | Goal: [1.11228837 0.50445936 0.55      ] | DriftLimit: 0.0350 | FloorLimit: 0.4700 ---
2026-04-24 14:08:31,517 - [ENV] - SUCCESS: Goal reached in 10 steps. Dist = 0.0066m
2026-04-24 14:08:31,518 - [ENV] - --- EPISODE START | Scenario: ASCEND | Start: [0.7985624  0.41998924 0.415     ] | Goal: [0.7985624  0.41998924 0.55      ] | DriftLimit: 0.0350 | FloorLimit: 0.4700 ---
2026-04-24 14:08:31,858 - [ENV] - SUCCESS: Goal reached in 9 steps. Dist = 0.0072m
2026-04-24 14:08:31,859 - [ENV] - --- EPISODE START | Scenario: TRANSIT | Start: [0.67570373 0.19098998 0.55      ] | Goal: [0.76801652 0.47850884 0.55      ] | DriftLimit: 0.0350 | FloorLimit: 0.4700 ---
2026-04-24 14:08:36,183 - [ENV] - --- EPISODE START | Scenario: ASCEND | Start: [1.05804226 0.05254025 0.415     ] | Goal: [1.05804226 0.05254025 0.55      ] | DriftLimit: 0.0350 | FloorLimit: 0.4700 ---
2026-04-24 14:08:36,295 - [ENV] - TERMINATED (Ascend): Tube Drift = 0.0554m (Max 0.0350m) at step 2
2026-04-24 14:08:36,295 - [ENV] - Episode ended without success at step 2. Final dist: 0.1253m
2026-04-24 14:08:36,296 - [ENV] - --- EPISODE START | Scenario: TRANSIT | Start: [0.78512139 0.46561114 0.55      ] | Goal: [1.02250986 0.28906791 0.55      ] | DriftLimit: 0.0350 | FloorLimit: 0.4700 ---
2026-04-24 14:08:40,973 - [ENV] - --- EPISODE START | Scenario: ASCEND | Start: [0.65327383 0.12578104 0.415     ] | Goal: [0.65327383 0.12578104 0.55      ] | DriftLimit: 0.0350 | FloorLimit: 0.4700 ---
2026-04-24 14:08:41,180 - [ENV] - TERMINATED (Ascend): Tube Drift = 0.0516m (Max 0.0350m) at step 3
2026-04-24 14:08:41,180 - [ENV] - Episode ended without success at step 3. Final dist: 0.1395m
2026-04-24 14:08:41,182 - [ENV] - --- EPISODE START | Scenario: DESCEND | Start: [0.82148958 0.19583559 0.55      ] | Goal: [0.82148958 0.19583559 0.415     ] | DriftLimit: 0.0350 | FloorLimit: 0.4700 ---
2026-04-24 14:08:45,388 - [ENV] - --- EPISODE START | Scenario: ASCEND | Start: [0.87842289 0.37242268 0.415     ] | Goal: [0.87842289 0.37242268 0.55      ] | DriftLimit: 0.0350 | FloorLimit: 0.4700 ---
2026-04-24 14:08:45,541 - [ENV] - TERMINATED (Ascend): Tube Drift = 0.0390m (Max 0.0350m) at step 2
2026-04-24 14:08:45,541 - [ENV] - Episode ended without success at step 2. Final dist: 0.1104m
2026-04-24 14:08:45,542 - [ENV] - --- EPISODE START | Scenario: DESCEND | Start: [0.83914866 0.54150429 0.55      ] | Goal: [0.83914866 0.54150429 0.41      ] | DriftLimit: 0.0350 | FloorLimit: 0.4700 ---
2026-04-24 14:08:49,803 - [ENV] - --- EPISODE START | Scenario: TRANSIT | Start: [ 1.06011437e+00 -5.38701968e-04  5.50000000e-01] | Goal: [0.61907583 0.06552031 0.55      ] | DriftLimit: 0.0350 | FloorLimit: 0.4700 ---
2026-04-24 14:08:54,008 - [ENV] - --- EPISODE START | Scenario: ASCEND | Start: [1.02982596 0.27086699 0.415     ] | Goal: [1.02982596 0.27086699 0.55      ] | DriftLimit: 0.0350 | FloorLimit: 0.4700 ---
2026-04-24 14:08:54,226 - [ENV] - TERMINATED (Ascend): Tube Drift = 0.0523m (Max 0.0350m) at step 3
2026-04-24 14:08:54,226 - [ENV] - Episode ended without success at step 3. Final dist: 0.1014m
2026-04-24 14:08:54,228 - [ENV] - --- EPISODE START | Scenario: DESCEND | Start: [0.79398863 0.33468552 0.55      ] | Goal: [0.79398863 0.33468552 0.41      ] | DriftLimit: 0.0350 | FloorLimit: 0.4700 ---
2026-04-24 14:08:58,898 - [ENV] - --- EPISODE START | Scenario: TRANSIT | Start: [0.63293596 0.12988845 0.55      ] | Goal: [1.10183569 0.10835171 0.55      ] | DriftLimit: 0.0350 | FloorLimit: 0.4700 ---
2026-04-24 14:09:03,232 - [ENV] - --- EPISODE START | Scenario: ASCEND | Start: [0.8470919  0.26928292 0.415     ] | Goal: [0.8470919  0.26928292 0.55      ] | DriftLimit: 0.0350 | FloorLimit: 0.4700 ---
2026-04-24 14:09:08,072 - [ENV] - --- EPISODE START | Scenario: DESCEND | Start: [1.09344483 0.44088328 0.55      ] | Goal: [1.09344483 0.44088328 0.41      ] | DriftLimit: 0.0350 | FloorLimit: 0.4700 ---
2026-04-24 14:10:07,800 - [ENV] - --- EPISODE START | Scenario: TRANSIT | Start: [0.74779412 0.12420497 0.55      ] | Goal: [1.07165543 0.08264807 0.55      ] | DriftLimit: 0.0350 | FloorLimit: 0.4700 ---
2026-04-24 14:10:08,273 - [ENV] - SUCCESS: Goal reached in 12 steps. Dist = 0.0081m
2026-04-24 14:10:08,274 - [ENV] - --- EPISODE START | Scenario: DESCEND | Start: [0.71093338 0.31703957 0.55      ] | Goal: [0.71093338 0.31703957 0.415     ] | DriftLimit: 0.0350 | FloorLimit: 0.4700 ---
2026-04-24 14:10:12,839 - [ENV] - --- EPISODE START | Scenario: DESCEND | Start: [0.87502016 0.50441273 0.55      ] | Goal: [0.87502016 0.50441273 0.41      ] | DriftLimit: 0.0350 | FloorLimit: 0.4700 ---
2026-04-24 14:10:14,177 - [ENV] - TERMINATED (Descend): Tube Drift = 0.0350m (Max 0.0350m) at step 55
2026-04-24 14:10:14,177 - [ENV] - Episode ended without success at step 55. Final dist: 0.0360m
2026-04-24 14:10:14,178 - [ENV] - --- EPISODE START | Scenario: ASCEND | Start: [0.74822248 0.43418481 0.415     ] | Goal: [0.74822248 0.43418481 0.55      ] | DriftLimit: 0.0350 | FloorLimit: 0.4700 ---
2026-04-24 14:10:14,598 - [ENV] - TERMINATED (Ascend): Tube Drift = 0.0420m (Max 0.0350m) at step 14
2026-04-24 14:10:14,599 - [ENV] - Episode ended without success at step 14. Final dist: 0.0974m
2026-04-24 14:10:14,599 - [ENV] - --- EPISODE START | Scenario: TRANSIT | Start: [0.93144563 0.51629764 0.55      ] | Goal: [0.73622338 0.20469821 0.55      ] | DriftLimit: 0.0350 | FloorLimit: 0.4700 ---
2026-04-24 14:10:19,366 - [ENV] - --- EPISODE START | Scenario: TRANSIT | Start: [0.77233251 0.1716008  0.55      ] | Goal: [0.72298552 0.03055148 0.55      ] | DriftLimit: 0.0350 | FloorLimit: 0.4700 ---
2026-04-24 14:10:23,934 - [ENV] - --- EPISODE START | Scenario: TRANSIT | Start: [1.14814507 0.1483427  0.55      ] | Goal: [0.99773207 0.42521552 0.55      ] | DriftLimit: 0.0350 | FloorLimit: 0.4700 ---
2026-04-24 14:10:28,069 - [ENV] - --- EPISODE START | Scenario: ASCEND | Start: [0.61835946 0.10043549 0.415     ] | Goal: [0.61835946 0.10043549 0.55      ] | DriftLimit: 0.0350 | FloorLimit: 0.4700 ---
2026-04-24 14:10:28,238 - [ENV] - TERMINATED (Ascend): Tube Drift = 0.0419m (Max 0.0350m) at step 3
2026-04-24 14:10:28,238 - [ENV] - Episode ended without success at step 3. Final dist: 0.1298m
2026-04-24 14:10:28,239 - [ENV] - --- EPISODE START | Scenario: DESCEND | Start: [1.03530633 0.28150907 0.55      ] | Goal: [1.03530633 0.28150907 0.41      ] | DriftLimit: 0.0350 | FloorLimit: 0.4700 ---
2026-04-24 14:10:32,739 - [ENV] - --- EPISODE START | Scenario: ASCEND | Start: [1.0976027  0.32575773 0.415     ] | Goal: [1.0976027  0.32575773 0.55      ] | DriftLimit: 0.0350 | FloorLimit: 0.4700 ---
2026-04-24 14:10:32,866 - [ENV] - TERMINATED (Ascend): Tube Drift = 0.0380m (Max 0.0350m) at step 2
2026-04-24 14:10:32,866 - [ENV] - Episode ended without success at step 2. Final dist: 0.1051m
2026-04-24 14:10:32,867 - [ENV] - --- EPISODE START | Scenario: DESCEND | Start: [1.13304592 0.35706143 0.55      ] | Goal: [1.13304592 0.35706143 0.41      ] | DriftLimit: 0.0350 | FloorLimit: 0.4700 ---
2026-04-24 14:10:37,256 - [ENV] - --- EPISODE START | Scenario: TRANSIT | Start: [1.09616001 0.2965356  0.55      ] | Goal: [0.84623413 0.18783226 0.55      ] | DriftLimit: 0.0350 | FloorLimit: 0.4700 ---
2026-04-24 14:10:41,474 - [ENV] - --- EPISODE START | Scenario: ASCEND | Start: [0.76041685 0.48973783 0.415     ] | Goal: [0.76041685 0.48973783 0.55      ] | DriftLimit: 0.0350 | FloorLimit: 0.4700 ---
2026-04-24 14:10:41,855 - [ENV] - TERMINATED (Ascend): Tube Drift = 0.0366m (Max 0.0350m) at step 12
2026-04-24 14:10:41,855 - [ENV] - Episode ended without success at step 12. Final dist: 0.0571m
2026-04-24 14:10:41,856 - [ENV] - --- EPISODE START | Scenario: DESCEND | Start: [0.92504292 0.25205293 0.55      ] | Goal: [0.92504292 0.25205293 0.415     ] | DriftLimit: 0.0350 | FloorLimit: 0.4700 ---
2026-04-24 14:10:42,009 - [ENV] - SUCCESS: Goal reached in 4 steps. Dist = 0.0098m
2026-04-24 14:10:42,009 - [ENV] - --- EPISODE START | Scenario: TRANSIT | Start: [0.82105583 0.31796062 0.55      ] | Goal: [0.60540486 0.13276154 0.55      ] | DriftLimit: 0.0350 | FloorLimit: 0.4700 ---
2026-04-24 14:10:46,602 - [ENV] - --- EPISODE START | Scenario: DESCEND | Start: [0.6693903  0.52835653 0.55      ] | Goal: [0.6693903  0.52835653 0.41      ] | DriftLimit: 0.0350 | FloorLimit: 0.4700 ---
2026-04-24 14:10:50,915 - [ENV] - --- EPISODE START | Scenario: DESCEND | Start: [0.85391663 0.00778693 0.55      ] | Goal: [0.85391663 0.00778693 0.41      ] | DriftLimit: 0.0350 | FloorLimit: 0.4700 ---
2026-04-24 14:10:55,520 - [ENV] - --- EPISODE START | Scenario: DESCEND | Start: [1.04127968 0.20546406 0.55      ] | Goal: [1.04127968 0.20546406 0.41      ] | DriftLimit: 0.0350 | FloorLimit: 0.4700 ---
2026-04-24 14:11:00,184 - [ENV] - --- EPISODE START | Scenario: TRANSIT | Start: [0.8281705  0.06137896 0.55      ] | Goal: [ 1.15424802 -0.01010974  0.55      ] | DriftLimit: 0.0350 | FloorLimit: 0.4700 ---
2026-04-24 14:11:00,590 - [ENV] - SUCCESS: Goal reached in 15 steps. Dist = 0.0188m
2026-04-24 14:11:00,591 - [ENV] - --- EPISODE START | Scenario: DESCEND | Start: [0.96216907 0.20833024 0.55      ] | Goal: [0.96216907 0.20833024 0.415     ] | DriftLimit: 0.0350 | FloorLimit: 0.4700 ---
2026-04-24 14:11:00,753 - [ENV] - SUCCESS: Goal reached in 4 steps. Dist = 0.0075m
2026-04-24 14:11:00,753 - [ENV] - --- EPISODE START | Scenario: ASCEND | Start: [0.99021633 0.13505241 0.415     ] | Goal: [0.99021633 0.13505241 0.55      ] | DriftLimit: 0.0350 | FloorLimit: 0.4700 ---
2026-04-24 14:11:00,870 - [ENV] - TERMINATED (Ascend): Tube Drift = 0.0419m (Max 0.0350m) at step 2
2026-04-24 14:11:00,870 - [ENV] - Episode ended without success at step 2. Final dist: 0.1171m
2026-04-24 14:11:00,871 - [ENV] - --- EPISODE START | Scenario: TRANSIT | Start: [1.04347585 0.12251684 0.55      ] | Goal: [0.69350802 0.12863157 0.55      ] | DriftLimit: 0.0350 | FloorLimit: 0.4700 ---
2026-04-24 14:11:05,531 - [ENV] - --- EPISODE START | Scenario: DESCEND | Start: [0.70108444 0.08254582 0.55      ] | Goal: [0.70108444 0.08254582 0.415     ] | DriftLimit: 0.0350 | FloorLimit: 0.4700 ---
2026-04-24 14:11:06,044 - [ENV] - SUCCESS: Goal reached in 20 steps. Dist = 0.0098m
2026-04-24 14:11:06,045 - [ENV] - --- EPISODE START | Scenario: TRANSIT | Start: [1.09438843 0.31246935 0.55      ] | Goal: [0.92835    0.03998078 0.55      ] | DriftLimit: 0.0350 | FloorLimit: 0.4700 ---
2026-04-24 14:11:59,318 - [ENV] - --- EPISODE START | Scenario: ASCEND | Start: [1.04318832 0.00995984 0.415     ] | Goal: [1.04318832 0.00995984 0.55      ] | DriftLimit: 0.0350 | FloorLimit: 0.4700 ---
2026-04-24 14:11:59,427 - [ENV] - TERMINATED (Ascend): Tube Drift = 0.0661m (Max 0.0350m) at step 2
2026-04-24 14:11:59,428 - [ENV] - Episode ended without success at step 2. Final dist: 0.1355m
2026-04-24 14:11:59,429 - [ENV] - --- EPISODE START | Scenario: ASCEND | Start: [1.13674774 0.3538312  0.415     ] | Goal: [1.13674774 0.3538312  0.55      ] | DriftLimit: 0.0350 | FloorLimit: 0.4700 ---
2026-04-24 14:11:59,579 - [ENV] - TERMINATED (Ascend): Tube Drift = 0.0390m (Max 0.0350m) at step 2
2026-04-24 14:11:59,580 - [ENV] - Episode ended without success at step 2. Final dist: 0.1078m
2026-04-24 14:11:59,581 - [ENV] - --- EPISODE START | Scenario: DESCEND | Start: [0.80289214 0.31411844 0.55      ] | Goal: [0.80289214 0.31411844 0.41      ] | DriftLimit: 0.0350 | FloorLimit: 0.4700 ---
2026-04-24 14:12:04,055 - [ENV] - --- EPISODE START | Scenario: TRANSIT | Start: [0.70889253 0.27499305 0.55      ] | Goal: [0.70368446 0.38119382 0.55      ] | DriftLimit: 0.0350 | FloorLimit: 0.4700 ---
2026-04-24 14:12:08,526 - [ENV] - --- EPISODE START | Scenario: TRANSIT | Start: [0.6766964  0.10736367 0.55      ] | Goal: [0.97124241 0.31342373 0.55      ] | DriftLimit: 0.0350 | FloorLimit: 0.4700 ---
2026-04-24 14:12:12,873 - [ENV] - --- EPISODE START | Scenario: TRANSIT | Start: [0.92392025 0.08495374 0.55      ] | Goal: [0.61859682 0.27986562 0.55      ] | DriftLimit: 0.0350 | FloorLimit: 0.4700 ---
2026-04-24 14:12:17,922 - [ENV] - --- EPISODE START | Scenario: TRANSIT | Start: [1.08936986 0.1447263  0.55      ] | Goal: [0.61467196 0.17223533 0.55      ] | DriftLimit: 0.0350 | FloorLimit: 0.4700 ---
2026-04-24 14:12:22,305 - [ENV] - --- EPISODE START | Scenario: TRANSIT | Start: [ 1.05503292 -0.00387174  0.55      ] | Goal: [1.09776189 0.41201656 0.55      ] | DriftLimit: 0.0350 | FloorLimit: 0.4700 ---
2026-04-24 14:12:26,593 - [ENV] - --- EPISODE START | Scenario: DESCEND | Start: [1.04672887 0.16870871 0.55      ] | Goal: [1.04672887 0.16870871 0.415     ] | DriftLimit: 0.0350 | FloorLimit: 0.4700 ---
2026-04-24 14:12:26,778 - [ENV] - SUCCESS: Goal reached in 4 steps. Dist = 0.0099m
2026-04-24 14:12:26,778 - [ENV] - --- EPISODE START | Scenario: TRANSIT | Start: [0.6952823  0.46765034 0.55      ] | Goal: [0.67999114 0.07324577 0.55      ] | DriftLimit: 0.0350 | FloorLimit: 0.4700 ---
2026-04-24 14:12:31,197 - [ENV] - --- EPISODE START | Scenario: DESCEND | Start: [0.60068098 0.27401773 0.55      ] | Goal: [0.60068098 0.27401773 0.41      ] | DriftLimit: 0.0350 | FloorLimit: 0.4700 ---
2026-04-24 14:12:31,961 - [ENV] - TERMINATED (Descend): Tube Drift = 0.0361m (Max 0.0350m) at step 24
2026-04-24 14:12:31,961 - [ENV] - Episode ended without success at step 24. Final dist: 0.0426m
2026-04-24 14:12:31,962 - [ENV] - --- EPISODE START | Scenario: TRANSIT | Start: [1.07329135 0.42003278 0.55      ] | Goal: [0.69000799 0.26757064 0.55      ] | DriftLimit: 0.0350 | FloorLimit: 0.4700 ---
2026-04-24 14:12:32,337 - [ENV] - SUCCESS: Goal reached in 13 steps. Dist = 0.0212m
2026-04-24 14:12:32,338 - [ENV] - --- EPISODE START | Scenario: TRANSIT | Start: [1.06157275 0.07142565 0.55      ] | Goal: [1.10561412 0.46933441 0.55      ] | DriftLimit: 0.0350 | FloorLimit: 0.4700 ---
2026-04-24 14:12:36,618 - [ENV] - --- EPISODE START | Scenario: DESCEND | Start: [0.85717939 0.16375096 0.55      ] | Goal: [0.85717939 0.16375096 0.415     ] | DriftLimit: 0.0350 | FloorLimit: 0.4700 ---
2026-04-24 14:12:36,799 - [ENV] - SUCCESS: Goal reached in 4 steps. Dist = 0.0085m
2026-04-24 14:12:36,800 - [ENV] - --- EPISODE START | Scenario: DESCEND | Start: [0.93257438 0.2224576  0.55      ] | Goal: [0.93257438 0.2224576  0.41      ] | DriftLimit: 0.0350 | FloorLimit: 0.4700 ---
2026-04-24 14:12:40,982 - [ENV] - --- EPISODE START | Scenario: DESCEND | Start: [0.74526882 0.52667318 0.55      ] | Goal: [0.74526882 0.52667318 0.41      ] | DriftLimit: 0.0350 | FloorLimit: 0.4700 ---
2026-04-24 14:12:45,348 - [ENV] - --- EPISODE START | Scenario: TRANSIT | Start: [1.10000325 0.13046143 0.55      ] | Goal: [0.6101249  0.39626374 0.55      ] | DriftLimit: 0.0350 | FloorLimit: 0.4700 ---
2026-04-24 14:12:49,746 - [ENV] - --- EPISODE START | Scenario: DESCEND | Start: [1.10151064 0.06969887 0.55      ] | Goal: [1.10151064 0.06969887 0.415     ] | DriftLimit: 0.0350 | FloorLimit: 0.4700 ---
2026-04-24 14:12:50,062 - [ENV] - SUCCESS: Goal reached in 12 steps. Dist = 0.0099m
2026-04-24 14:12:50,062 - [ENV] - --- EPISODE START | Scenario: ASCEND | Start: [0.88814508 0.42245025 0.415     ] | Goal: [0.88814508 0.42245025 0.55      ] | DriftLimit: 0.0350 | FloorLimit: 0.4700 ---
2026-04-24 14:12:50,403 - [ENV] - SUCCESS: Goal reached in 10 steps. Dist = 0.0073m
2026-04-24 14:12:50,404 - [ENV] - --- EPISODE START | Scenario: DESCEND | Start: [0.93998651 0.32795622 0.55      ] | Goal: [0.93998651 0.32795622 0.415     ] | DriftLimit: 0.0350 | FloorLimit: 0.4700 ---
2026-04-24 14:12:54,778 - [ENV] - --- EPISODE START | Scenario: TRANSIT | Start: [0.74741594 0.21032118 0.55      ] | Goal: [0.61824554 0.35593488 0.55      ] | DriftLimit: 0.0350 | FloorLimit: 0.4700 ---
2026-04-24 14:12:59,381 - [ENV] - --- EPISODE START | Scenario: TRANSIT | Start: [0.67890012 0.30553491 0.55      ] | Goal: [0.90869694 0.29802269 0.55      ] | DriftLimit: 0.0350 | FloorLimit: 0.4700 ---
2026-04-24 14:14:00,639 - [ENV] - --- EPISODE START | Scenario: DESCEND | Start: [0.8782988  0.07245574 0.55      ] | Goal: [0.8782988  0.07245574 0.41      ] | DriftLimit: 0.0350 | FloorLimit: 0.4700 ---
2026-04-24 14:14:01,138 - [ENV] - SUCCESS: Goal reached in 19 steps. Dist = 0.0100m
2026-04-24 14:14:01,138 - [ENV] - --- EPISODE START | Scenario: ASCEND | Start: [1.03242535 0.43936605 0.415     ] | Goal: [1.03242535 0.43936605 0.55      ] | DriftLimit: 0.0350 | FloorLimit: 0.4700 ---
2026-04-24 14:14:01,631 - [ENV] - TERMINATED (Ascend): Tube Drift = 0.0405m (Max 0.0350m) at step 17
2026-04-24 14:14:01,631 - [ENV] - Episode ended without success at step 17. Final dist: 0.0626m
2026-04-24 14:14:01,632 - [ENV] - --- EPISODE START | Scenario: DESCEND | Start: [0.91568888 0.23591141 0.55      ] | Goal: [0.91568888 0.23591141 0.41      ] | DriftLimit: 0.0350 | FloorLimit: 0.4700 ---
2026-04-24 14:14:05,875 - [ENV] - --- EPISODE START | Scenario: TRANSIT | Start: [ 0.99260307 -0.01092262  0.55      ] | Goal: [0.77894063 0.17697153 0.55      ] | DriftLimit: 0.0350 | FloorLimit: 0.4700 ---
2026-04-24 14:14:10,167 - [ENV] - --- EPISODE START | Scenario: TRANSIT | Start: [0.94217436 0.14363643 0.55      ] | Goal: [0.96673332 0.38819414 0.55      ] | DriftLimit: 0.0350 | FloorLimit: 0.4700 ---
2026-04-24 14:14:14,501 - [ENV] - --- EPISODE START | Scenario: ASCEND | Start: [1.15247607 0.04427333 0.415     ] | Goal: [1.15247607 0.04427333 0.55      ] | DriftLimit: 0.0350 | FloorLimit: 0.4700 ---
2026-04-24 14:14:15,294 - [ENV] - TERMINATED (Ascend): Tube Drift = 0.0356m (Max 0.0350m) at step 23
2026-04-24 14:14:15,294 - [ENV] - Episode ended without success at step 23. Final dist: 0.0541m
2026-04-24 14:14:15,295 - [ENV] - --- EPISODE START | Scenario: TRANSIT | Start: [0.69186746 0.06915242 0.55      ] | Goal: [1.06357391 0.01790033 0.55      ] | DriftLimit: 0.0350 | FloorLimit: 0.4700 ---
2026-04-24 14:14:20,109 - [ENV] - --- EPISODE START | Scenario: ASCEND | Start: [0.73568066 0.24384899 0.415     ] | Goal: [0.73568066 0.24384899 0.55      ] | DriftLimit: 0.0350 | FloorLimit: 0.4700 ---
2026-04-24 14:14:24,545 - [ENV] - --- EPISODE START | Scenario: ASCEND | Start: [ 0.73628375 -0.01061567  0.415     ] | Goal: [ 0.73628375 -0.01061567  0.55      ] | DriftLimit: 0.0350 | FloorLimit: 0.4700 ---
2026-04-24 14:14:28,844 - [ENV] - --- EPISODE START | Scenario: ASCEND | Start: [0.92864002 0.26809824 0.415     ] | Goal: [0.92864002 0.26809824 0.55      ] | DriftLimit: 0.0350 | FloorLimit: 0.4700 ---
2026-04-24 14:14:29,033 - [ENV] - TERMINATED (Ascend): Tube Drift = 0.0531m (Max 0.0350m) at step 3
2026-04-24 14:14:29,033 - [ENV] - Episode ended without success at step 3. Final dist: 0.1030m
2026-04-24 14:14:29,034 - [ENV] - --- EPISODE START | Scenario: TRANSIT | Start: [1.03342375 0.09882283 0.55      ] | Goal: [0.70181229 0.29469152 0.55      ] | DriftLimit: 0.0350 | FloorLimit: 0.4700 ---
2026-04-24 14:14:29,359 - [ENV] - SUCCESS: Goal reached in 11 steps. Dist = 0.0207m
2026-04-24 14:14:29,360 - [ENV] - --- EPISODE START | Scenario: DESCEND | Start: [8.24093986e-01 5.92713523e-04 5.50000000e-01] | Goal: [8.24093986e-01 5.92713523e-04 4.15000000e-01] | DriftLimit: 0.0350 | FloorLimit: 0.4700 ---
2026-04-24 14:14:29,673 - [ENV] - SUCCESS: Goal reached in 13 steps. Dist = 0.0098m
2026-04-24 14:14:29,673 - [ENV] - --- EPISODE START | Scenario: TRANSIT | Start: [1.08674094 0.40869238 0.55      ] | Goal: [0.86149286 0.39179599 0.55      ] | DriftLimit: 0.0350 | FloorLimit: 0.4700 ---
2026-04-24 14:14:34,072 - [ENV] - --- EPISODE START | Scenario: TRANSIT | Start: [0.76258699 0.26665548 0.55      ] | Goal: [0.74582972 0.39991235 0.55      ] | DriftLimit: 0.0350 | FloorLimit: 0.4700 ---
2026-04-24 14:14:38,560 - [ENV] - --- EPISODE START | Scenario: TRANSIT | Start: [1.15031108 0.40509773 0.55      ] | Goal: [0.70220298 0.20937083 0.55      ] | DriftLimit: 0.0350 | FloorLimit: 0.4700 ---
2026-04-24 14:14:42,861 - [ENV] - --- EPISODE START | Scenario: TRANSIT | Start: [0.61949182 0.52529345 0.55      ] | Goal: [0.88096056 0.30796763 0.55      ] | DriftLimit: 0.0350 | FloorLimit: 0.4700 ---
2026-04-24 14:14:47,206 - [ENV] - --- EPISODE START | Scenario: TRANSIT | Start: [1.04345289 0.23687423 0.55      ] | Goal: [1.03700026 0.48190512 0.55      ] | DriftLimit: 0.0350 | FloorLimit: 0.4700 ---
2026-04-24 14:14:51,615 - [ENV] - --- EPISODE START | Scenario: ASCEND | Start: [0.9921924  0.21382058 0.415     ] | Goal: [0.9921924  0.21382058 0.55      ] | DriftLimit: 0.0350 | FloorLimit: 0.4700 ---
2026-04-24 14:14:51,793 - [ENV] - TERMINATED (Ascend): Tube Drift = 0.0444m (Max 0.0350m) at step 3
2026-04-24 14:14:51,793 - [ENV] - Episode ended without success at step 3. Final dist: 0.1034m
2026-04-24 14:14:51,794 - [ENV] - --- EPISODE START | Scenario: DESCEND | Start: [0.8228885  0.02571828 0.55      ] | Goal: [0.8228885  0.02571828 0.415     ] | DriftLimit: 0.0350 | FloorLimit: 0.4700 ---
2026-04-24 14:14:52,198 - [ENV] - SUCCESS: Goal reached in 15 steps. Dist = 0.0099m
2026-04-24 14:14:52,199 - [ENV] - --- EPISODE START | Scenario: DESCEND | Start: [1.1533516  0.33789341 0.55      ] | Goal: [1.1533516  0.33789341 0.415     ] | DriftLimit: 0.0350 | FloorLimit: 0.4700 ---
2026-04-24 14:14:52,389 - [ENV] - SUCCESS: Goal reached in 5 steps. Dist = 0.0081m
2026-04-24 14:14:52,390 - [ENV] - --- EPISODE START | Scenario: DESCEND | Start: [1.08950917 0.26756471 0.55      ] | Goal: [1.08950917 0.26756471 0.415     ] | DriftLimit: 0.0350 | FloorLimit: 0.4700 ---
2026-04-24 14:14:52,534 - [ENV] - SUCCESS: Goal reached in 4 steps. Dist = 0.0092m
2026-04-24 14:14:52,535 - [ENV] - --- EPISODE START | Scenario: DESCEND | Start: [0.9319096 0.3248981 0.55     ] | Goal: [0.9319096 0.3248981 0.41     ] | DriftLimit: 0.0350 | FloorLimit: 0.4700 ---
2026-04-24 14:14:57,099 - [ENV] - --- EPISODE START | Scenario: TRANSIT | Start: [1.0460257  0.16424455 0.55      ] | Goal: [0.83274251 0.06870085 0.55      ] | DriftLimit: 0.0350 | FloorLimit: 0.4700 ---
2026-04-24 14:15:01,353 - [ENV] - --- EPISODE START | Scenario: DESCEND | Start: [0.8821349  0.16931786 0.55      ] | Goal: [0.8821349  0.16931786 0.415     ] | DriftLimit: 0.0350 | FloorLimit: 0.4700 ---
2026-04-24 14:15:01,531 - [ENV] - SUCCESS: Goal reached in 4 steps. Dist = 0.0085m
2026-04-24 14:15:01,532 - [ENV] - --- EPISODE START | Scenario: ASCEND | Start: [0.97318922 0.32083162 0.415     ] | Goal: [0.97318922 0.32083162 0.55      ] | DriftLimit: 0.0350 | FloorLimit: 0.4700 ---
2026-04-24 14:15:01,659 - [ENV] - TERMINATED (Ascend): Tube Drift = 0.0408m (Max 0.0350m) at step 2
2026-04-24 14:15:01,659 - [ENV] - Episode ended without success at step 2. Final dist: 0.1078m
2026-04-24 14:15:01,660 - [ENV] - --- EPISODE START | Scenario: DESCEND | Start: [0.68419297 0.03160405 0.55      ] | Goal: [0.68419297 0.03160405 0.415     ] | DriftLimit: 0.0350 | FloorLimit: 0.4700 ---
2026-04-24 14:15:02,234 - [ENV] - SUCCESS: Goal reached in 22 steps. Dist = 0.0100m
2026-04-24 14:15:02,235 - [ENV] - --- EPISODE START | Scenario: ASCEND | Start: [0.81947082 0.3015439  0.415     ] | Goal: [0.81947082 0.3015439  0.55      ] | DriftLimit: 0.0350 | FloorLimit: 0.4700 ---
2026-04-24 14:15:02,533 - [ENV] - TERMINATED (Ascend): Tube Drift = 0.0478m (Max 0.0350m) at step 3
2026-04-24 14:15:02,533 - [ENV] - Episode ended without success at step 3. Final dist: 0.1291m
2026-04-24 14:15:02,534 - [ENV] - --- EPISODE START | Scenario: TRANSIT | Start: [1.0658546 0.1817828 0.55     ] | Goal: [0.76412379 0.30048762 0.55      ] | DriftLimit: 0.0350 | FloorLimit: 0.4700 ---
2026-04-24 14:16:08,521 - [ENV] - --- EPISODE START | Scenario: DESCEND | Start: [1.12526884 0.14103894 0.55      ] | Goal: [1.12526884 0.14103894 0.41      ] | DriftLimit: 0.0350 | FloorLimit: 0.4700 ---
2026-04-24 14:16:08,851 - [ENV] - SUCCESS: Goal reached in 6 steps. Dist = 0.0094m
2026-04-24 14:16:08,852 - [ENV] - --- EPISODE START | Scenario: ASCEND | Start: [0.91575282 0.19784936 0.415     ] | Goal: [0.91575282 0.19784936 0.55      ] | DriftLimit: 0.0350 | FloorLimit: 0.4700 ---
2026-04-24 14:16:09,038 - [ENV] - TERMINATED (Ascend): Tube Drift = 0.0470m (Max 0.0350m) at step 3
2026-04-24 14:16:09,039 - [ENV] - Episode ended without success at step 3. Final dist: 0.1150m
2026-04-24 14:16:09,039 - [ENV] - --- EPISODE START | Scenario: ASCEND | Start: [1.06354143 0.48850636 0.415     ] | Goal: [1.06354143 0.48850636 0.55      ] | DriftLimit: 0.0350 | FloorLimit: 0.4700 ---
2026-04-24 14:16:09,223 - [ENV] - TERMINATED (Ascend): Tube Drift = 0.0390m (Max 0.0350m) at step 2
2026-04-24 14:16:09,223 - [ENV] - Episode ended without success at step 2. Final dist: 0.1056m
2026-04-24 14:16:09,224 - [ENV] - --- EPISODE START | Scenario: TRANSIT | Start: [1.04140382 0.27249153 0.55      ] | Goal: [1.11422379 0.41536494 0.55      ] | DriftLimit: 0.0350 | FloorLimit: 0.4700 ---
2026-04-24 14:16:13,490 - [ENV] - --- EPISODE START | Scenario: ASCEND | Start: [0.75131582 0.10592306 0.415     ] | Goal: [0.75131582 0.10592306 0.55      ] | DriftLimit: 0.0350 | FloorLimit: 0.4700 ---
2026-04-24 14:16:17,762 - [ENV] - --- EPISODE START | Scenario: TRANSIT | Start: [0.82704286 0.42501765 0.55      ] | Goal: [0.6271442 0.5130012 0.55     ] | DriftLimit: 0.0350 | FloorLimit: 0.4700 ---
2026-04-24 14:16:22,240 - [ENV] - --- EPISODE START | Scenario: ASCEND | Start: [0.95880948 0.1426404  0.415     ] | Goal: [0.95880948 0.1426404  0.55      ] | DriftLimit: 0.0350 | FloorLimit: 0.4700 ---
2026-04-24 14:16:26,770 - [ENV] - --- EPISODE START | Scenario: TRANSIT | Start: [1.06080038 0.47750055 0.55      ] | Goal: [0.7723807  0.03892362 0.55      ] | DriftLimit: 0.0350 | FloorLimit: 0.4700 ---
2026-04-24 14:16:31,375 - [ENV] - --- EPISODE START | Scenario: DESCEND | Start: [0.78023914 0.22644871 0.55      ] | Goal: [0.78023914 0.22644871 0.415     ] | DriftLimit: 0.0350 | FloorLimit: 0.4700 ---
2026-04-24 14:16:35,904 - [ENV] - --- EPISODE START | Scenario: ASCEND | Start: [0.80630593 0.30653808 0.415     ] | Goal: [0.80630593 0.30653808 0.55      ] | DriftLimit: 0.0350 | FloorLimit: 0.4700 ---
2026-04-24 14:16:40,652 - [ENV] - --- EPISODE START | Scenario: DESCEND | Start: [0.94086552 0.19284589 0.55      ] | Goal: [0.94086552 0.19284589 0.41      ] | DriftLimit: 0.0350 | FloorLimit: 0.4700 ---
2026-04-24 14:16:44,942 - [ENV] - --- EPISODE START | Scenario: TRANSIT | Start: [0.69038816 0.1146615  0.55      ] | Goal: [1.13756026 0.14691511 0.55      ] | DriftLimit: 0.0350 | FloorLimit: 0.4700 ---
2026-04-24 14:16:49,324 - [ENV] - --- EPISODE START | Scenario: DESCEND | Start: [0.97540489 0.20336153 0.55      ] | Goal: [0.97540489 0.20336153 0.41      ] | DriftLimit: 0.0350 | FloorLimit: 0.4700 ---
2026-04-24 14:16:53,689 - [ENV] - --- EPISODE START | Scenario: ASCEND | Start: [1.08986743 0.41826077 0.415     ] | Goal: [1.08986743 0.41826077 0.55      ] | DriftLimit: 0.0350 | FloorLimit: 0.4700 ---
2026-04-24 14:16:58,255 - [ENV] - --- EPISODE START | Scenario: TRANSIT | Start: [0.80617272 0.21178153 0.55      ] | Goal: [0.97322473 0.4106999  0.55      ] | DriftLimit: 0.0350 | FloorLimit: 0.4700 ---
2026-04-24 14:17:02,537 - [ENV] - --- EPISODE START | Scenario: TRANSIT | Start: [0.7333281 0.5396342 0.55     ] | Goal: [1.04946571 0.03243478 0.55      ] | DriftLimit: 0.0350 | FloorLimit: 0.4700 ---
2026-04-24 14:17:06,706 - [ENV] - --- EPISODE START | Scenario: ASCEND | Start: [0.60058746 0.23354707 0.415     ] | Goal: [0.60058746 0.23354707 0.55      ] | DriftLimit: 0.0350 | FloorLimit: 0.4700 ---
2026-04-24 14:17:07,221 - [ENV] - TERMINATED (Ascend): Tube Drift = 0.0363m (Max 0.0350m) at step 10
2026-04-24 14:17:07,221 - [ENV] - Episode ended without success at step 10. Final dist: 0.1049m
2026-04-24 14:17:07,221 - [ENV] - --- EPISODE START | Scenario: DESCEND | Start: [0.69091774 0.22789481 0.55      ] | Goal: [0.69091774 0.22789481 0.41      ] | DriftLimit: 0.0350 | FloorLimit: 0.4700 ---
2026-04-24 14:17:07,556 - [ENV] - TERMINATED (Descend): Tube Drift = 0.0350m (Max 0.0350m) at step 6
2026-04-24 14:17:07,557 - [ENV] - Episode ended without success at step 6. Final dist: 0.0359m
2026-04-24 14:17:07,557 - [ENV] - --- EPISODE START | Scenario: TRANSIT | Start: [1.04681901 0.07724753 0.55      ] | Goal: [0.83612662 0.26970415 0.55      ] | DriftLimit: 0.0350 | FloorLimit: 0.4700 ---
2026-04-24 14:18:05,287 - [ENV] - --- EPISODE START | Scenario: ASCEND | Start: [1.04883536 0.52912729 0.415     ] | Goal: [1.04883536 0.52912729 0.55      ] | DriftLimit: 0.0350 | FloorLimit: 0.4700 ---
2026-04-24 14:18:05,440 - [ENV] - TERMINATED (Ascend): Tube Drift = 0.0363m (Max 0.0350m) at step 2
2026-04-24 14:18:05,441 - [ENV] - Episode ended without success at step 2. Final dist: 0.1063m
2026-04-24 14:18:05,442 - [ENV] - --- EPISODE START | Scenario: DESCEND | Start: [0.73531996 0.36973038 0.55      ] | Goal: [0.73531996 0.36973038 0.415     ] | DriftLimit: 0.0350 | FloorLimit: 0.4700 ---
2026-04-24 14:18:05,699 - [ENV] - TERMINATED (Descend): Tube Drift = 0.0368m (Max 0.0350m) at step 7
2026-04-24 14:18:05,699 - [ENV] - Episode ended without success at step 7. Final dist: 0.0369m
2026-04-24 14:18:05,700 - [ENV] - --- EPISODE START | Scenario: DESCEND | Start: [0.79680138 0.5333604  0.55      ] | Goal: [0.79680138 0.5333604  0.41      ] | DriftLimit: 0.0350 | FloorLimit: 0.4700 ---
2026-04-24 14:18:10,262 - [ENV] - --- EPISODE START | Scenario: ASCEND | Start: [0.65121726 0.45850543 0.415     ] | Goal: [0.65121726 0.45850543 0.55      ] | DriftLimit: 0.0350 | FloorLimit: 0.4700 ---
2026-04-24 14:18:10,409 - [ENV] - TERMINATED (Ascend): Tube Drift = 0.0398m (Max 0.0350m) at step 2
2026-04-24 14:18:10,410 - [ENV] - Episode ended without success at step 2. Final dist: 0.1236m
2026-04-24 14:18:10,411 - [ENV] - --- EPISODE START | Scenario: ASCEND | Start: [0.95802716 0.40098515 0.415     ] | Goal: [0.95802716 0.40098515 0.55      ] | DriftLimit: 0.0350 | FloorLimit: 0.4700 ---
2026-04-24 14:18:10,558 - [ENV] - TERMINATED (Ascend): Tube Drift = 0.0389m (Max 0.0350m) at step 2
2026-04-24 14:18:10,558 - [ENV] - Episode ended without success at step 2. Final dist: 0.1075m
2026-04-24 14:18:10,559 - [ENV] - --- EPISODE START | Scenario: DESCEND | Start: [0.85209901 0.44926304 0.55      ] | Goal: [0.85209901 0.44926304 0.415     ] | DriftLimit: 0.0350 | FloorLimit: 0.4700 ---
2026-04-24 14:18:15,058 - [ENV] - --- EPISODE START | Scenario: TRANSIT | Start: [0.64098792 0.4538809  0.55      ] | Goal: [0.77910431 0.25685768 0.55      ] | DriftLimit: 0.0350 | FloorLimit: 0.4700 ---
2026-04-24 14:18:19,270 - [ENV] - --- EPISODE START | Scenario: DESCEND | Start: [1.0958253  0.47145079 0.55      ] | Goal: [1.0958253  0.47145079 0.41      ] | DriftLimit: 0.0350 | FloorLimit: 0.4700 ---
2026-04-24 14:18:23,460 - [ENV] - TERMINATED (Descend): Tube Drift = 0.0350m (Max 0.0350m) at step 155
2026-04-24 14:18:23,460 - [ENV] - Episode ended without success at step 155. Final dist: 0.0359m
2026-04-24 14:18:23,461 - [ENV] - --- EPISODE START | Scenario: TRANSIT | Start: [0.68087719 0.37120107 0.55      ] | Goal: [1.1196101  0.30680803 0.55      ] | DriftLimit: 0.0350 | FloorLimit: 0.4700 ---
2026-04-24 14:18:28,067 - [ENV] - --- EPISODE START | Scenario: DESCEND | Start: [0.89045633 0.30572841 0.55      ] | Goal: [0.89045633 0.30572841 0.41      ] | DriftLimit: 0.0350 | FloorLimit: 0.4700 ---
2026-04-24 14:18:32,458 - [ENV] - --- EPISODE START | Scenario: TRANSIT | Start: [0.65736831 0.04321263 0.55      ] | Goal: [0.99504606 0.19854428 0.55      ] | DriftLimit: 0.0350 | FloorLimit: 0.4700 ---
2026-04-24 14:18:37,263 - [ENV] - --- EPISODE START | Scenario: ASCEND | Start: [0.65119595 0.11556541 0.415     ] | Goal: [0.65119595 0.11556541 0.55      ] | DriftLimit: 0.0350 | FloorLimit: 0.4700 ---
2026-04-24 14:18:41,883 - [ENV] - --- EPISODE START | Scenario: DESCEND | Start: [0.68766065 0.49751915 0.55      ] | Goal: [0.68766065 0.49751915 0.415     ] | DriftLimit: 0.0350 | FloorLimit: 0.4700 ---
2026-04-24 14:18:42,546 - [ENV] - SUCCESS: Goal reached in 25 steps. Dist = 0.0100m
2026-04-24 14:18:42,547 - [ENV] - --- EPISODE START | Scenario: ASCEND | Start: [0.72372944 0.39828942 0.415     ] | Goal: [0.72372944 0.39828942 0.55      ] | DriftLimit: 0.0350 | FloorLimit: 0.4700 ---
2026-04-24 14:18:43,169 - [ENV] - TERMINATED (Ascend): Tube Drift = 0.0366m (Max 0.0350m) at step 16
2026-04-24 14:18:43,169 - [ENV] - Episode ended without success at step 16. Final dist: 0.1272m
2026-04-24 14:18:43,170 - [ENV] - --- EPISODE START | Scenario: TRANSIT | Start: [0.9452971  0.32609305 0.55      ] | Goal: [1.07058667 0.16301875 0.55      ] | DriftLimit: 0.0350 | FloorLimit: 0.4700 ---
2026-04-24 14:18:47,427 - [ENV] - --- EPISODE START | Scenario: DESCEND | Start: [0.76667486 0.23212303 0.55      ] | Goal: [0.76667486 0.23212303 0.41      ] | DriftLimit: 0.0350 | FloorLimit: 0.4700 ---
2026-04-24 14:18:51,720 - [ENV] - --- EPISODE START | Scenario: DESCEND | Start: [0.73233966 0.0116577  0.55      ] | Goal: [0.73233966 0.0116577  0.415     ] | DriftLimit: 0.0350 | FloorLimit: 0.4700 ---
2026-04-24 14:18:56,009 - [ENV] - --- EPISODE START | Scenario: TRANSIT | Start: [0.985401   0.04163636 0.55      ] | Goal: [0.73128779 0.17929624 0.55      ] | DriftLimit: 0.0350 | FloorLimit: 0.4700 ---
2026-04-24 14:19:00,447 - [ENV] - --- EPISODE START | Scenario: TRANSIT | Start: [1.06463148 0.00877422 0.55      ] | Goal: [0.88450693 0.29315232 0.55      ] | DriftLimit: 0.0350 | FloorLimit: 0.4700 ---
2026-04-24 14:19:04,604 - [ENV] - --- EPISODE START | Scenario: TRANSIT | Start: [0.67517462 0.21482416 0.55      ] | Goal: [0.76589746 0.39112365 0.55      ] | DriftLimit: 0.0350 | FloorLimit: 0.4700 ---
2026-04-24 14:20:09,108 - [ENV] - --- EPISODE START | Scenario: TRANSIT | Start: [0.89934081 0.44264714 0.55      ] | Goal: [0.73318811 0.06384062 0.55      ] | DriftLimit: 0.0350 | FloorLimit: 0.4700 ---
2026-04-24 14:20:13,516 - [ENV] - --- EPISODE START | Scenario: DESCEND | Start: [0.90054881 0.46924448 0.55      ] | Goal: [0.90054881 0.46924448 0.415     ] | DriftLimit: 0.0350 | FloorLimit: 0.4700 ---
2026-04-24 14:20:18,340 - [ENV] - --- EPISODE START | Scenario: DESCEND | Start: [0.94417175 0.53480456 0.55      ] | Goal: [0.94417175 0.53480456 0.41      ] | DriftLimit: 0.0350 | FloorLimit: 0.4700 ---
2026-04-24 14:20:23,174 - [ENV] - --- EPISODE START | Scenario: DESCEND | Start: [0.75024587 0.1192456  0.55      ] | Goal: [0.75024587 0.1192456  0.415     ] | DriftLimit: 0.0350 | FloorLimit: 0.4700 ---
2026-04-24 14:20:23,368 - [ENV] - SUCCESS: Goal reached in 6 steps. Dist = 0.0094m
2026-04-24 14:20:23,369 - [ENV] - --- EPISODE START | Scenario: ASCEND | Start: [0.73143854 0.51270427 0.415     ] | Goal: [0.73143854 0.51270427 0.55      ] | DriftLimit: 0.0350 | FloorLimit: 0.4700 ---
2026-04-24 14:20:23,815 - [ENV] - TERMINATED (Ascend): Tube Drift = 0.0364m (Max 0.0350m) at step 16
2026-04-24 14:20:23,815 - [ENV] - Episode ended without success at step 16. Final dist: 0.0691m
2026-04-24 14:20:23,816 - [ENV] - --- EPISODE START | Scenario: TRANSIT | Start: [1.08759336 0.19183748 0.55      ] | Goal: [0.91173422 0.32237945 0.55      ] | DriftLimit: 0.0350 | FloorLimit: 0.4700 ---
2026-04-24 14:20:26,043 - [ENV] - SUCCESS: Goal reached in 82 steps. Dist = 0.0178m
2026-04-24 14:20:26,044 - [ENV] - --- EPISODE START | Scenario: TRANSIT | Start: [0.99160241 0.34915497 0.55      ] | Goal: [1.13944756 0.25975477 0.55      ] | DriftLimit: 0.0350 | FloorLimit: 0.4700 ---
2026-04-24 14:20:30,548 - [ENV] - --- EPISODE START | Scenario: ASCEND | Start: [1.00552167 0.32442335 0.415     ] | Goal: [1.00552167 0.32442335 0.55      ] | DriftLimit: 0.0350 | FloorLimit: 0.4700 ---
2026-04-24 14:20:30,677 - [ENV] - TERMINATED (Ascend): Tube Drift = 0.0407m (Max 0.0350m) at step 2
2026-04-24 14:20:30,678 - [ENV] - Episode ended without success at step 2. Final dist: 0.1092m
2026-04-24 14:20:30,679 - [ENV] - --- EPISODE START | Scenario: DESCEND | Start: [0.7567203  0.47185772 0.55      ] | Goal: [0.7567203  0.47185772 0.41      ] | DriftLimit: 0.0350 | FloorLimit: 0.4700 ---
2026-04-24 14:20:30,774 - [ENV] - TERMINATED (Descend): Tube Drift = 0.0359m (Max 0.0350m) at step 1
2026-04-24 14:20:30,774 - [ENV] - Episode ended without success at step 1. Final dist: 0.0953m
2026-04-24 14:20:30,776 - [ENV] - --- EPISODE START | Scenario: ASCEND | Start: [0.68507307 0.54194106 0.415     ] | Goal: [0.68507307 0.54194106 0.55      ] | DriftLimit: 0.0350 | FloorLimit: 0.4700 ---
2026-04-24 14:20:30,971 - [ENV] - TERMINATED (Ascend): Tube Drift = 0.0519m (Max 0.0350m) at step 3
2026-04-24 14:20:30,971 - [ENV] - Episode ended without success at step 3. Final dist: 0.1191m
2026-04-24 14:20:30,972 - [ENV] - --- EPISODE START | Scenario: TRANSIT | Start: [1.10669494 0.12605724 0.55      ] | Goal: [0.76392831 0.08004218 0.55      ] | DriftLimit: 0.0350 | FloorLimit: 0.4700 ---
2026-04-24 14:20:35,480 - [ENV] - --- EPISODE START | Scenario: ASCEND | Start: [0.60195121 0.38128034 0.415     ] | Goal: [0.60195121 0.38128034 0.55      ] | DriftLimit: 0.0350 | FloorLimit: 0.4700 ---
2026-04-24 14:20:35,903 - [ENV] - SUCCESS: Goal reached in 12 steps. Dist = 0.0091m
2026-04-24 14:20:35,904 - [ENV] - --- EPISODE START | Scenario: DESCEND | Start: [0.71216144 0.28147996 0.55      ] | Goal: [0.71216144 0.28147996 0.415     ] | DriftLimit: 0.0350 | FloorLimit: 0.4700 ---
2026-04-24 14:20:37,286 - [ENV] - TERMINATED (Descend): Tube Drift = 0.0350m (Max 0.0350m) at step 53
2026-04-24 14:20:37,287 - [ENV] - Episode ended without success at step 53. Final dist: 0.0353m
2026-04-24 14:20:37,287 - [ENV] - --- EPISODE START | Scenario: DESCEND | Start: [1.07954787 0.53918024 0.55      ] | Goal: [1.07954787 0.53918024 0.41      ] | DriftLimit: 0.0350 | FloorLimit: 0.4700 ---
2026-04-24 14:20:37,636 - [ENV] - SUCCESS: Goal reached in 11 steps. Dist = 0.0096m
2026-04-24 14:20:37,637 - [ENV] - --- EPISODE START | Scenario: ASCEND | Start: [0.81239255 0.28161968 0.415     ] | Goal: [0.81239255 0.28161968 0.55      ] | DriftLimit: 0.0350 | FloorLimit: 0.4700 ---
2026-04-24 14:20:37,879 - [ENV] - TERMINATED (Ascend): Tube Drift = 0.0372m (Max 0.0350m) at step 2
2026-04-24 14:20:37,879 - [ENV] - Episode ended without success at step 2. Final dist: 0.1311m
2026-04-24 14:20:37,880 - [ENV] - --- EPISODE START | Scenario: TRANSIT | Start: [1.10682578 0.27276927 0.55      ] | Goal: [0.68290521 0.07001657 0.55      ] | DriftLimit: 0.0350 | FloorLimit: 0.4700 ---
2026-04-24 14:20:42,483 - [ENV] - --- EPISODE START | Scenario: DESCEND | Start: [0.64101864 0.49395423 0.55      ] | Goal: [0.64101864 0.49395423 0.41      ] | DriftLimit: 0.0350 | FloorLimit: 0.4700 ---
2026-04-24 14:20:46,903 - [ENV] - --- EPISODE START | Scenario: TRANSIT | Start: [1.11018238 0.08040831 0.55      ] | Goal: [0.85143618 0.53301954 0.55      ] | DriftLimit: 0.0350 | FloorLimit: 0.4700 ---
2026-04-24 14:20:51,254 - [ENV] - --- EPISODE START | Scenario: ASCEND | Start: [1.04968249 0.16606226 0.415     ] | Goal: [1.04968249 0.16606226 0.55      ] | DriftLimit: 0.0350 | FloorLimit: 0.4700 ---
2026-04-24 14:20:51,376 - [ENV] - TERMINATED (Ascend): Tube Drift = 0.0569m (Max 0.0350m) at step 2
2026-04-24 14:20:51,376 - [ENV] - Episode ended without success at step 2. Final dist: 0.1227m
2026-04-24 14:20:51,377 - [ENV] - --- EPISODE START | Scenario: TRANSIT | Start: [1.05315082 0.34178775 0.55      ] | Goal: [0.76189443 0.23282772 0.55      ] | DriftLimit: 0.0350 | FloorLimit: 0.4700 ---
2026-04-24 14:20:55,572 - [ENV] - --- EPISODE START | Scenario: DESCEND | Start: [0.83491283 0.25578812 0.55      ] | Goal: [0.83491283 0.25578812 0.415     ] | DriftLimit: 0.0350 | FloorLimit: 0.4700 ---
2026-04-24 14:21:00,264 - [ENV] - --- EPISODE START | Scenario: DESCEND | Start: [1.02379354 0.07453902 0.55      ] | Goal: [1.02379354 0.07453902 0.415     ] | DriftLimit: 0.0350 | FloorLimit: 0.4700 ---
2026-04-24 14:21:04,438 - [ENV] - --- EPISODE START | Scenario: ASCEND | Start: [0.70094034 0.33405617 0.415     ] | Goal: [0.70094034 0.33405617 0.55      ] | DriftLimit: 0.0350 | FloorLimit: 0.4700 ---
2026-04-24 14:21:08,429 - [ENV] - SUCCESS: Goal reached in 137 steps. Dist = 0.0073m
2026-04-24 14:21:08,429 - [ENV] - --- EPISODE START | Scenario: DESCEND | Start: [0.79903997 0.17087851 0.55      ] | Goal: [0.79903997 0.17087851 0.415     ] | DriftLimit: 0.0350 | FloorLimit: 0.4700 ---
2026-04-24 14:22:14,915 - [ENV] - --- EPISODE START | Scenario: TRANSIT | Start: [1.09909604 0.03805936 0.55      ] | Goal: [0.96964389 0.02906257 0.55      ] | DriftLimit: 0.0350 | FloorLimit: 0.4700 ---
2026-04-24 14:22:19,142 - [ENV] - --- EPISODE START | Scenario: ASCEND | Start: [0.81357906 0.50774871 0.415     ] | Goal: [0.81357906 0.50774871 0.55      ] | DriftLimit: 0.0350 | FloorLimit: 0.4700 ---
2026-04-24 14:22:19,276 - [ENV] - TERMINATED (Ascend): Tube Drift = 0.0368m (Max 0.0350m) at step 2
2026-04-24 14:22:19,276 - [ENV] - Episode ended without success at step 2. Final dist: 0.1118m
2026-04-24 14:22:19,277 - [ENV] - --- EPISODE START | Scenario: ASCEND | Start: [0.7548738  0.34500064 0.415     ] | Goal: [0.7548738  0.34500064 0.55      ] | DriftLimit: 0.0350 | FloorLimit: 0.4700 ---
2026-04-24 14:22:19,871 - [ENV] - SUCCESS: Goal reached in 21 steps. Dist = 0.0056m
2026-04-24 14:22:19,872 - [ENV] - --- EPISODE START | Scenario: DESCEND | Start: [ 1.02385182 -0.01176309  0.55      ] | Goal: [ 1.02385182 -0.01176309  0.41      ] | DriftLimit: 0.0350 | FloorLimit: 0.4700 ---
2026-04-24 14:22:24,166 - [ENV] - --- EPISODE START | Scenario: TRANSIT | Start: [1.1510893  0.49391394 0.55      ] | Goal: [0.9768769  0.25360277 0.55      ] | DriftLimit: 0.0350 | FloorLimit: 0.4700 ---
2026-04-24 14:22:28,600 - [ENV] - --- EPISODE START | Scenario: DESCEND | Start: [0.67953601 0.52562588 0.55      ] | Goal: [0.67953601 0.52562588 0.41      ] | DriftLimit: 0.0350 | FloorLimit: 0.4700 ---
2026-04-24 14:22:32,766 - [ENV] - --- EPISODE START | Scenario: DESCEND | Start: [1.13513019 0.38802163 0.55      ] | Goal: [1.13513019 0.38802163 0.41      ] | DriftLimit: 0.0350 | FloorLimit: 0.4700 ---
2026-04-24 14:22:34,907 - [ENV] - TERMINATED (Descend): Tube Drift = 0.0350m (Max 0.0350m) at step 92
2026-04-24 14:22:34,907 - [ENV] - Episode ended without success at step 92. Final dist: 0.0359m
2026-04-24 14:22:34,908 - [ENV] - --- EPISODE START | Scenario: DESCEND | Start: [0.89206883 0.19708503 0.55      ] | Goal: [0.89206883 0.19708503 0.415     ] | DriftLimit: 0.0350 | FloorLimit: 0.4700 ---
2026-04-24 14:22:35,079 - [ENV] - SUCCESS: Goal reached in 4 steps. Dist = 0.0074m
2026-04-24 14:22:35,080 - [ENV] - --- EPISODE START | Scenario: DESCEND | Start: [0.90691319 0.22640647 0.55      ] | Goal: [0.90691319 0.22640647 0.41      ] | DriftLimit: 0.0350 | FloorLimit: 0.4700 ---
2026-04-24 14:22:39,693 - [ENV] - --- EPISODE START | Scenario: DESCEND | Start: [0.62919519 0.16420828 0.55      ] | Goal: [0.62919519 0.16420828 0.41      ] | DriftLimit: 0.0350 | FloorLimit: 0.4700 ---
2026-04-24 14:22:44,406 - [ENV] - --- EPISODE START | Scenario: ASCEND | Start: [0.79405884 0.54314879 0.415     ] | Goal: [0.79405884 0.54314879 0.55      ] | DriftLimit: 0.0350 | FloorLimit: 0.4700 ---
2026-04-24 14:22:44,574 - [ENV] - TERMINATED (Ascend): Tube Drift = 0.0423m (Max 0.0350m) at step 3
2026-04-24 14:22:44,574 - [ENV] - Episode ended without success at step 3. Final dist: 0.0978m
2026-04-24 14:22:44,575 - [ENV] - --- EPISODE START | Scenario: ASCEND | Start: [0.86168493 0.52340939 0.415     ] | Goal: [0.86168493 0.52340939 0.55      ] | DriftLimit: 0.0350 | FloorLimit: 0.4700 ---
2026-04-24 14:22:44,720 - [ENV] - TERMINATED (Ascend): Tube Drift = 0.0473m (Max 0.0350m) at step 3
2026-04-24 14:22:44,721 - [ENV] - Episode ended without success at step 3. Final dist: 0.0946m
2026-04-24 14:22:44,721 - [ENV] - --- EPISODE START | Scenario: DESCEND | Start: [1.14753641 0.0274081  0.55      ] | Goal: [1.14753641 0.0274081  0.41      ] | DriftLimit: 0.0350 | FloorLimit: 0.4700 ---
2026-04-24 14:22:45,272 - [ENV] - TERMINATED (Descend): Tube Drift = 0.0350m (Max 0.0350m) at step 22
2026-04-24 14:22:45,272 - [ENV] - Episode ended without success at step 22. Final dist: 0.0359m
2026-04-24 14:22:45,273 - [ENV] - --- EPISODE START | Scenario: DESCEND | Start: [0.98827259 0.33069648 0.55      ] | Goal: [0.98827259 0.33069648 0.41      ] | DriftLimit: 0.0350 | FloorLimit: 0.4700 ---
2026-04-24 14:22:49,512 - [ENV] - --- EPISODE START | Scenario: TRANSIT | Start: [1.09371043 0.0146119  0.55      ] | Goal: [0.6364483  0.00339212 0.55      ] | DriftLimit: 0.0350 | FloorLimit: 0.4700 ---
2026-04-24 14:22:53,735 - [ENV] - --- EPISODE START | Scenario: TRANSIT | Start: [1.13579241 0.01629188 0.55      ] | Goal: [0.72658966 0.02662046 0.55      ] | DriftLimit: 0.0350 | FloorLimit: 0.4700 ---
2026-04-24 14:22:58,303 - [ENV] - --- EPISODE START | Scenario: TRANSIT | Start: [0.63877031 0.45016388 0.55      ] | Goal: [1.0748234  0.14079975 0.55      ] | DriftLimit: 0.0350 | FloorLimit: 0.4700 ---
2026-04-24 14:23:02,613 - [ENV] - --- EPISODE START | Scenario: DESCEND | Start: [0.99590505 0.18089236 0.55      ] | Goal: [0.99590505 0.18089236 0.41      ] | DriftLimit: 0.0350 | FloorLimit: 0.4700 ---
2026-04-24 14:23:06,871 - [ENV] - --- EPISODE START | Scenario: ASCEND | Start: [1.11540987 0.14368175 0.415     ] | Goal: [1.11540987 0.14368175 0.55      ] | DriftLimit: 0.0350 | FloorLimit: 0.4700 ---
2026-04-24 14:23:11,240 - [ENV] - --- EPISODE START | Scenario: ASCEND | Start: [0.91874728 0.06834525 0.415     ] | Goal: [0.91874728 0.06834525 0.55      ] | DriftLimit: 0.0350 | FloorLimit: 0.4700 ---
2026-04-24 14:23:11,343 - [ENV] - TERMINATED (Ascend): Tube Drift = 0.0630m (Max 0.0350m) at step 2
2026-04-24 14:23:11,344 - [ENV] - Episode ended without success at step 2. Final dist: 0.1403m
2026-04-24 14:23:11,345 - [ENV] - --- EPISODE START | Scenario: DESCEND | Start: [1.05146057 0.20390536 0.55      ] | Goal: [1.05146057 0.20390536 0.415     ] | DriftLimit: 0.0350 | FloorLimit: 0.4700 ---
2026-04-24 14:23:11,540 - [ENV] - SUCCESS: Goal reached in 4 steps. Dist = 0.0057m
2026-04-24 14:23:11,540 - [ENV] - --- EPISODE START | Scenario: TRANSIT | Start: [1.00097817 0.15153682 0.55      ] | Goal: [0.95384443 0.42195418 0.55      ] | DriftLimit: 0.0350 | FloorLimit: 0.4700 ---
2026-04-24 14:23:15,910 - [ENV] - --- EPISODE START | Scenario: ASCEND | Start: [0.90912485 0.27187905 0.415     ] | Goal: [0.90912485 0.27187905 0.55      ] | DriftLimit: 0.0350 | FloorLimit: 0.4700 ---
2026-04-24 14:24:20,967 - [ENV] - --- EPISODE START | Scenario: ASCEND | Start: [0.93739879 0.26870053 0.415     ] | Goal: [0.93739879 0.26870053 0.55      ] | DriftLimit: 0.0350 | FloorLimit: 0.4700 ---
2026-04-24 14:24:21,105 - [ENV] - TERMINATED (Ascend): Tube Drift = 0.0434m (Max 0.0350m) at step 2
2026-04-24 14:24:21,105 - [ENV] - Episode ended without success at step 2. Final dist: 0.1190m
2026-04-24 14:24:21,107 - [ENV] - --- EPISODE START | Scenario: DESCEND | Start: [0.93061488 0.30324744 0.55      ] | Goal: [0.93061488 0.30324744 0.415     ] | DriftLimit: 0.0350 | FloorLimit: 0.4700 ---
2026-04-24 14:24:25,320 - [ENV] - --- EPISODE START | Scenario: DESCEND | Start: [0.95164672 0.14174437 0.55      ] | Goal: [0.95164672 0.14174437 0.41      ] | DriftLimit: 0.0350 | FloorLimit: 0.4700 ---
2026-04-24 14:24:29,687 - [ENV] - --- EPISODE START | Scenario: ASCEND | Start: [0.61831311 0.30324168 0.415     ] | Goal: [0.61831311 0.30324168 0.55      ] | DriftLimit: 0.0350 | FloorLimit: 0.4700 ---
2026-04-24 14:24:30,342 - [ENV] - TERMINATED (Ascend): Tube Drift = 0.0353m (Max 0.0350m) at step 8
2026-04-24 14:24:30,342 - [ENV] - Episode ended without success at step 8. Final dist: 0.1350m
2026-04-24 14:24:30,343 - [ENV] - --- EPISODE START | Scenario: ASCEND | Start: [0.9504623  0.21698849 0.415     ] | Goal: [0.9504623  0.21698849 0.55      ] | DriftLimit: 0.0350 | FloorLimit: 0.4700 ---
2026-04-24 14:24:30,532 - [ENV] - TERMINATED (Ascend): Tube Drift = 0.0524m (Max 0.0350m) at step 2
2026-04-24 14:24:30,532 - [ENV] - Episode ended without success at step 2. Final dist: 0.1250m
2026-04-24 14:24:30,533 - [ENV] - --- EPISODE START | Scenario: DESCEND | Start: [0.90607012 0.14593871 0.55      ] | Goal: [0.90607012 0.14593871 0.41      ] | DriftLimit: 0.0350 | FloorLimit: 0.4700 ---
2026-04-24 14:24:34,881 - [ENV] - --- EPISODE START | Scenario: DESCEND | Start: [0.9406381  0.05248129 0.55      ] | Goal: [0.9406381  0.05248129 0.41      ] | DriftLimit: 0.0350 | FloorLimit: 0.4700 ---
2026-04-24 14:24:35,372 - [ENV] - SUCCESS: Goal reached in 17 steps. Dist = 0.0098m
2026-04-24 14:24:35,373 - [ENV] - --- EPISODE START | Scenario: TRANSIT | Start: [1.07231009 0.27968441 0.55      ] | Goal: [1.14049938 0.37613503 0.55      ] | DriftLimit: 0.0350 | FloorLimit: 0.4700 ---
2026-04-24 14:24:39,985 - [ENV] - --- EPISODE START | Scenario: ASCEND | Start: [0.77535956 0.44556713 0.415     ] | Goal: [0.77535956 0.44556713 0.55      ] | DriftLimit: 0.0350 | FloorLimit: 0.4700 ---
2026-04-24 14:24:40,517 - [ENV] - TERMINATED (Ascend): Tube Drift = 0.0351m (Max 0.0350m) at step 15
2026-04-24 14:24:40,517 - [ENV] - Episode ended without success at step 15. Final dist: 0.0621m
2026-04-24 14:24:40,518 - [ENV] - --- EPISODE START | Scenario: ASCEND | Start: [1.04497616 0.27081914 0.415     ] | Goal: [1.04497616 0.27081914 0.55      ] | DriftLimit: 0.0350 | FloorLimit: 0.4700 ---
2026-04-24 14:24:40,652 - [ENV] - TERMINATED (Ascend): Tube Drift = 0.0383m (Max 0.0350m) at step 2
2026-04-24 14:24:40,653 - [ENV] - Episode ended without success at step 2. Final dist: 0.1176m
2026-04-24 14:24:40,654 - [ENV] - --- EPISODE START | Scenario: DESCEND | Start: [0.70189123 0.36167931 0.55      ] | Goal: [0.70189123 0.36167931 0.41      ] | DriftLimit: 0.0350 | FloorLimit: 0.4700 ---
2026-04-24 14:24:40,954 - [ENV] - TERMINATED (Descend): Tube Drift = 0.0368m (Max 0.0350m) at step 8
2026-04-24 14:24:40,954 - [ENV] - Episode ended without success at step 8. Final dist: 0.0390m
2026-04-24 14:24:40,955 - [ENV] - --- EPISODE START | Scenario: TRANSIT | Start: [1.09012007 0.42670011 0.55      ] | Goal: [0.77352527 0.44744387 0.55      ] | DriftLimit: 0.0350 | FloorLimit: 0.4700 ---
2026-04-24 14:24:45,184 - [ENV] - --- EPISODE START | Scenario: ASCEND | Start: [0.69298838 0.50899394 0.415     ] | Goal: [0.69298838 0.50899394 0.55      ] | DriftLimit: 0.0350 | FloorLimit: 0.4700 ---
2026-04-24 14:24:45,423 - [ENV] - TERMINATED (Ascend): Tube Drift = 0.0472m (Max 0.0350m) at step 3
2026-04-24 14:24:45,423 - [ENV] - Episode ended without success at step 3. Final dist: 0.1207m
2026-04-24 14:24:45,425 - [ENV] - --- EPISODE START | Scenario: TRANSIT | Start: [0.71552748 0.06518081 0.55      ] | Goal: [1.07319947 0.35172117 0.55      ] | DriftLimit: 0.0350 | FloorLimit: 0.4700 ---
2026-04-24 14:24:49,992 - [ENV] - --- EPISODE START | Scenario: DESCEND | Start: [1.09300066 0.22833716 0.55      ] | Goal: [1.09300066 0.22833716 0.41      ] | DriftLimit: 0.0350 | FloorLimit: 0.4700 ---
2026-04-24 14:24:54,347 - [ENV] - --- EPISODE START | Scenario: TRANSIT | Start: [0.65992144 0.08250396 0.55      ] | Goal: [ 0.74912223 -0.00444607  0.55      ] | DriftLimit: 0.0350 | FloorLimit: 0.4700 ---
2026-04-24 14:24:58,890 - [ENV] - --- EPISODE START | Scenario: TRANSIT | Start: [0.87045189 0.14443184 0.55      ] | Goal: [0.67083617 0.11912403 0.55      ] | DriftLimit: 0.0350 | FloorLimit: 0.4700 ---
2026-04-24 14:25:03,231 - [ENV] - --- EPISODE START | Scenario: DESCEND | Start: [0.67138663 0.17274549 0.55      ] | Goal: [0.67138663 0.17274549 0.41      ] | DriftLimit: 0.0350 | FloorLimit: 0.4700 ---
2026-04-24 14:25:07,384 - [ENV] - --- EPISODE START | Scenario: ASCEND | Start: [0.90403516 0.25158085 0.415     ] | Goal: [0.90403516 0.25158085 0.55      ] | DriftLimit: 0.0350 | FloorLimit: 0.4700 ---
2026-04-24 14:25:12,020 - [ENV] - --- EPISODE START | Scenario: DESCEND | Start: [0.63892671 0.10956326 0.55      ] | Goal: [0.63892671 0.10956326 0.41      ] | DriftLimit: 0.0350 | FloorLimit: 0.4700 ---
2026-04-24 14:25:16,230 - [ENV] - --- EPISODE START | Scenario: TRANSIT | Start: [0.96934669 0.19504362 0.55      ] | Goal: [0.63747802 0.06740227 0.55      ] | DriftLimit: 0.0350 | FloorLimit: 0.4700 ---
2026-04-24 14:25:20,505 - [ENV] - --- EPISODE START | Scenario: TRANSIT | Start: [0.89776088 0.53295153 0.55      ] | Goal: [0.96658994 0.39026516 0.55      ] | DriftLimit: 0.0350 | FloorLimit: 0.4700 ---
2026-04-24 14:26:26,618 - [ENV] - --- EPISODE START | Scenario: TRANSIT | Start: [1.12038728 0.28403169 0.55      ] | Goal: [1.0052968  0.21900005 0.55      ] | DriftLimit: 0.0350 | FloorLimit: 0.4700 ---
2026-04-24 14:26:31,346 - [ENV] - --- EPISODE START | Scenario: DESCEND | Start: [0.66979046 0.36991465 0.55      ] | Goal: [0.66979046 0.36991465 0.415     ] | DriftLimit: 0.0350 | FloorLimit: 0.4700 ---
2026-04-24 14:26:31,568 - [ENV] - TERMINATED (Descend): Tube Drift = 0.0387m (Max 0.0350m) at step 6
2026-04-24 14:26:31,568 - [ENV] - Episode ended without success at step 6. Final dist: 0.0398m
2026-04-24 14:26:31,569 - [ENV] - --- EPISODE START | Scenario: DESCEND | Start: [0.78510834 0.13705801 0.55      ] | Goal: [0.78510834 0.13705801 0.415     ] | DriftLimit: 0.0350 | FloorLimit: 0.4700 ---
2026-04-24 14:26:35,913 - [ENV] - --- EPISODE START | Scenario: TRANSIT | Start: [0.99254904 0.51573115 0.55      ] | Goal: [0.85469293 0.23566687 0.55      ] | DriftLimit: 0.0350 | FloorLimit: 0.4700 ---
2026-04-24 14:26:40,255 - [ENV] - --- EPISODE START | Scenario: DESCEND | Start: [1.00244997 0.50852589 0.55      ] | Goal: [1.00244997 0.50852589 0.41      ] | DriftLimit: 0.0350 | FloorLimit: 0.4700 ---
2026-04-24 14:26:44,707 - [ENV] - --- EPISODE START | Scenario: ASCEND | Start: [1.11542773 0.45075304 0.415     ] | Goal: [1.11542773 0.45075304 0.55      ] | DriftLimit: 0.0350 | FloorLimit: 0.4700 ---
2026-04-24 14:26:44,850 - [ENV] - TERMINATED (Ascend): Tube Drift = 0.0377m (Max 0.0350m) at step 2
2026-04-24 14:26:44,850 - [ENV] - Episode ended without success at step 2. Final dist: 0.1125m
2026-04-24 14:26:44,852 - [ENV] - --- EPISODE START | Scenario: ASCEND | Start: [0.9832289  0.49654251 0.415     ] | Goal: [0.9832289  0.49654251 0.55      ] | DriftLimit: 0.0350 | FloorLimit: 0.4700 ---
2026-04-24 14:26:45,004 - [ENV] - TERMINATED (Ascend): Tube Drift = 0.0480m (Max 0.0350m) at step 3
2026-04-24 14:26:45,004 - [ENV] - Episode ended without success at step 3. Final dist: 0.0946m
2026-04-24 14:26:45,005 - [ENV] - --- EPISODE START | Scenario: DESCEND | Start: [0.80127335 0.45295804 0.55      ] | Goal: [0.80127335 0.45295804 0.415     ] | DriftLimit: 0.0350 | FloorLimit: 0.4700 ---
2026-04-24 14:26:49,590 - [ENV] - --- EPISODE START | Scenario: ASCEND | Start: [1.11597186 0.44269321 0.415     ] | Goal: [1.11597186 0.44269321 0.55      ] | DriftLimit: 0.0350 | FloorLimit: 0.4700 ---
2026-04-24 14:26:50,228 - [ENV] - SUCCESS: Goal reached in 25 steps. Dist = 0.0099m
2026-04-24 14:26:50,229 - [ENV] - --- EPISODE START | Scenario: TRANSIT | Start: [0.73214801 0.05444616 0.55      ] | Goal: [0.63798804 0.42415767 0.55      ] | DriftLimit: 0.0350 | FloorLimit: 0.4700 ---
2026-04-24 14:26:54,401 - [ENV] - --- EPISODE START | Scenario: DESCEND | Start: [1.02213588 0.14405102 0.55      ] | Goal: [1.02213588 0.14405102 0.415     ] | DriftLimit: 0.0350 | FloorLimit: 0.4700 ---
2026-04-24 14:26:54,717 - [ENV] - SUCCESS: Goal reached in 11 steps. Dist = 0.0096m
2026-04-24 14:26:54,718 - [ENV] - --- EPISODE START | Scenario: TRANSIT | Start: [0.65908106 0.26913344 0.55      ] | Goal: [1.05205507 0.05051345 0.55      ] | DriftLimit: 0.0350 | FloorLimit: 0.4700 ---
2026-04-24 14:26:59,265 - [ENV] - --- EPISODE START | Scenario: ASCEND | Start: [0.82744276 0.42727991 0.415     ] | Goal: [0.82744276 0.42727991 0.55      ] | DriftLimit: 0.0350 | FloorLimit: 0.4700 ---
2026-04-24 14:26:59,437 - [ENV] - TERMINATED (Ascend): Tube Drift = 0.0407m (Max 0.0350m) at step 2
2026-04-24 14:26:59,438 - [ENV] - Episode ended without success at step 2. Final dist: 0.1198m
2026-04-24 14:26:59,439 - [ENV] - --- EPISODE START | Scenario: DESCEND | Start: [0.69856129 0.22902141 0.55      ] | Goal: [0.69856129 0.22902141 0.415     ] | DriftLimit: 0.0350 | FloorLimit: 0.4700 ---
2026-04-24 14:26:59,781 - [ENV] - TERMINATED (Descend): Tube Drift = 0.0354m (Max 0.0350m) at step 10
2026-04-24 14:26:59,781 - [ENV] - Episode ended without success at step 10. Final dist: 0.0357m
2026-04-24 14:26:59,782 - [ENV] - --- EPISODE START | Scenario: TRANSIT | Start: [1.02863786 0.29412049 0.55      ] | Goal: [0.79224116 0.21957889 0.55      ] | DriftLimit: 0.0350 | FloorLimit: 0.4700 ---
2026-04-24 14:27:04,135 - [ENV] - --- EPISODE START | Scenario: ASCEND | Start: [0.69341631 0.25072579 0.415     ] | Goal: [0.69341631 0.25072579 0.55      ] | DriftLimit: 0.0350 | FloorLimit: 0.4700 ---
2026-04-24 14:27:04,787 - [ENV] - TERMINATED (Ascend): Tube Drift = 0.0442m (Max 0.0350m) at step 20
2026-04-24 14:27:04,787 - [ENV] - Episode ended without success at step 20. Final dist: 0.0880m
2026-04-24 14:27:04,787 - [ENV] - --- EPISODE START | Scenario: TRANSIT | Start: [0.91731205 0.32287782 0.55      ] | Goal: [1.01320218 0.08483416 0.55      ] | DriftLimit: 0.0350 | FloorLimit: 0.4700 ---
2026-04-24 14:27:09,127 - [ENV] - --- EPISODE START | Scenario: ASCEND | Start: [0.85519988 0.0490096  0.415     ] | Goal: [0.85519988 0.0490096  0.55      ] | DriftLimit: 0.0350 | FloorLimit: 0.4700 ---
2026-04-24 14:27:09,245 - [ENV] - TERMINATED (Ascend): Tube Drift = 0.0473m (Max 0.0350m) at step 2
2026-04-24 14:27:09,246 - [ENV] - Episode ended without success at step 2. Final dist: 0.1347m
2026-04-24 14:27:09,247 - [ENV] - --- EPISODE START | Scenario: ASCEND | Start: [0.92920598 0.09686704 0.415     ] | Goal: [0.92920598 0.09686704 0.55      ] | DriftLimit: 0.0350 | FloorLimit: 0.4700 ---
2026-04-24 14:27:09,411 - [ENV] - TERMINATED (Ascend): Tube Drift = 0.0589m (Max 0.0350m) at step 2
2026-04-24 14:27:09,411 - [ENV] - Episode ended without success at step 2. Final dist: 0.1390m
2026-04-24 14:27:09,413 - [ENV] - --- EPISODE START | Scenario: ASCEND | Start: [0.77033352 0.43938826 0.415     ] | Goal: [0.77033352 0.43938826 0.55      ] | DriftLimit: 0.0350 | FloorLimit: 0.4700 ---
2026-04-24 14:27:09,908 - [ENV] - TERMINATED (Ascend): Tube Drift = 0.0388m (Max 0.0350m) at step 16
2026-04-24 14:27:09,908 - [ENV] - Episode ended without success at step 16. Final dist: 0.0660m
2026-04-24 14:27:09,909 - [ENV] - --- EPISODE START | Scenario: ASCEND | Start: [0.99958104 0.28527576 0.415     ] | Goal: [0.99958104 0.28527576 0.55      ] | DriftLimit: 0.0350 | FloorLimit: 0.4700 ---
2026-04-24 14:27:10,037 - [ENV] - TERMINATED (Ascend): Tube Drift = 0.0479m (Max 0.0350m) at step 2
2026-04-24 14:27:10,037 - [ENV] - Episode ended without success at step 2. Final dist: 0.1216m
2026-04-24 14:27:10,038 - [ENV] - --- EPISODE START | Scenario: DESCEND | Start: [ 1.08461655 -0.0098088   0.55      ] | Goal: [ 1.08461655 -0.0098088   0.41      ] | DriftLimit: 0.0350 | FloorLimit: 0.4700 ---
2026-04-24 14:27:10,558 - [ENV] - TERMINATED (Descend): Tube Drift = 0.0351m (Max 0.0350m) at step 20
2026-04-24 14:27:10,558 - [ENV] - Episode ended without success at step 20. Final dist: 0.0352m
2026-04-24 14:27:10,559 - [ENV] - --- EPISODE START | Scenario: TRANSIT | Start: [1.00565008 0.00917236 0.55      ] | Goal: [0.60701434 0.49156553 0.55      ] | DriftLimit: 0.0350 | FloorLimit: 0.4700 ---
2026-04-24 14:27:14,815 - [ENV] - --- EPISODE START | Scenario: ASCEND | Start: [1.12035081 0.51390906 0.415     ] | Goal: [1.12035081 0.51390906 0.55      ] | DriftLimit: 0.0350 | FloorLimit: 0.4700 ---
2026-04-24 14:27:15,003 - [ENV] - TERMINATED (Ascend): Tube Drift = 0.0397m (Max 0.0350m) at step 3
2026-04-24 14:27:15,004 - [ENV] - Episode ended without success at step 3. Final dist: 0.0998m
2026-04-24 14:27:15,005 - [ENV] - --- EPISODE START | Scenario: ASCEND | Start: [0.69445548 0.32832264 0.415     ] | Goal: [0.69445548 0.32832264 0.55      ] | DriftLimit: 0.0350 | FloorLimit: 0.4700 ---
2026-04-24 14:27:19,383 - [ENV] - SUCCESS: Goal reached in 155 steps. Dist = 0.0094m
2026-04-24 14:27:19,384 - [ENV] - --- EPISODE START | Scenario: DESCEND | Start: [1.02102608 0.50557708 0.55      ] | Goal: [1.02102608 0.50557708 0.41      ] | DriftLimit: 0.0350 | FloorLimit: 0.4700 ---
2026-04-24 14:27:23,846 - [ENV] - --- EPISODE START | Scenario: TRANSIT | Start: [1.08112993 0.25750961 0.55      ] | Goal: [0.75660852 0.3188169  0.55      ] | DriftLimit: 0.0350 | FloorLimit: 0.4700 ---
2026-04-24 14:27:24,455 - [ENV] - SUCCESS: Goal reached in 25 steps. Dist = 0.0210m
2026-04-24 14:27:24,456 - [ENV] - --- EPISODE START | Scenario: DESCEND | Start: [0.71745943 0.33082222 0.55      ] | Goal: [0.71745943 0.33082222 0.415     ] | DriftLimit: 0.0350 | FloorLimit: 0.4700 ---
2026-04-24 14:27:24,772 - [ENV] - TERMINATED (Descend): Tube Drift = 0.0370m (Max 0.0350m) at step 10
2026-04-24 14:27:24,772 - [ENV] - Episode ended without success at step 10. Final dist: 0.0371m
2026-04-24 14:27:24,773 - [ENV] - --- EPISODE START | Scenario: DESCEND | Start: [0.62772275 0.28322326 0.55      ] | Goal: [0.62772275 0.28322326 0.41      ] | DriftLimit: 0.0350 | FloorLimit: 0.4700 ---
2026-04-24 14:27:26,345 - [ENV] - TERMINATED (Descend): Tube Drift = 0.0351m (Max 0.0350m) at step 46
2026-04-24 14:27:26,345 - [ENV] - Episode ended without success at step 46. Final dist: 0.0358m
2026-04-24 14:27:26,346 - [ENV] - --- EPISODE START | Scenario: TRANSIT | Start: [1.02265174 0.18644304 0.55      ] | Goal: [0.87980209 0.33472835 0.55      ] | DriftLimit: 0.0350 | FloorLimit: 0.4700 ---
2026-04-24 14:27:26,664 - [ENV] - SUCCESS: Goal reached in 8 steps. Dist = 0.0129m
2026-04-24 14:27:26,665 - [ENV] - --- EPISODE START | Scenario: DESCEND | Start: [1.00872665 0.43127594 0.55      ] | Goal: [1.00872665 0.43127594 0.41      ] | DriftLimit: 0.0350 | FloorLimit: 0.4700 ---
2026-04-24 14:28:31,785 - [ENV] - --- EPISODE START | Scenario: DESCEND | Start: [1.14797239 0.31600331 0.55      ] | Goal: [1.14797239 0.31600331 0.415     ] | DriftLimit: 0.0350 | FloorLimit: 0.4700 ---
2026-04-24 14:28:32,065 - [ENV] - SUCCESS: Goal reached in 8 steps. Dist = 0.0099m
2026-04-24 14:28:32,066 - [ENV] - --- EPISODE START | Scenario: TRANSIT | Start: [1.09423878 0.30062652 0.55      ] | Goal: [0.75710637 0.09532263 0.55      ] | DriftLimit: 0.0350 | FloorLimit: 0.4700 ---
2026-04-24 14:28:36,295 - [ENV] - --- EPISODE START | Scenario: TRANSIT | Start: [0.72807423 0.37510368 0.55      ] | Goal: [0.73651236 0.18890838 0.55      ] | DriftLimit: 0.0350 | FloorLimit: 0.4700 ---
2026-04-24 14:28:40,476 - [ENV] - --- EPISODE START | Scenario: ASCEND | Start: [1.08177399 0.51452448 0.415     ] | Goal: [1.08177399 0.51452448 0.55      ] | DriftLimit: 0.0350 | FloorLimit: 0.4700 ---
2026-04-24 14:28:40,917 - [ENV] - SUCCESS: Goal reached in 15 steps. Dist = 0.0090m
2026-04-24 14:28:40,917 - [ENV] - --- EPISODE START | Scenario: ASCEND | Start: [1.04583373 0.35062777 0.415     ] | Goal: [1.04583373 0.35062777 0.55      ] | DriftLimit: 0.0350 | FloorLimit: 0.4700 ---
2026-04-24 14:28:41,062 - [ENV] - TERMINATED (Ascend): Tube Drift = 0.0458m (Max 0.0350m) at step 2
2026-04-24 14:28:41,062 - [ENV] - Episode ended without success at step 2. Final dist: 0.1159m
2026-04-24 14:28:41,063 - [ENV] - --- EPISODE START | Scenario: ASCEND | Start: [0.86864001 0.17549557 0.415     ] | Goal: [0.86864001 0.17549557 0.55      ] | DriftLimit: 0.0350 | FloorLimit: 0.4700 ---
2026-04-24 14:28:41,218 - [ENV] - TERMINATED (Ascend): Tube Drift = 0.0579m (Max 0.0350m) at step 2
2026-04-24 14:28:41,219 - [ENV] - Episode ended without success at step 2. Final dist: 0.1380m
2026-04-24 14:28:41,220 - [ENV] - --- EPISODE START | Scenario: TRANSIT | Start: [0.71053654 0.13669466 0.55      ] | Goal: [0.6401379 0.2271021 0.55     ] | DriftLimit: 0.0350 | FloorLimit: 0.4700 ---
2026-04-24 14:28:45,981 - [ENV] - --- EPISODE START | Scenario: TRANSIT | Start: [1.06985074 0.05453219 0.55      ] | Goal: [0.64974476 0.10774411 0.55      ] | DriftLimit: 0.0350 | FloorLimit: 0.4700 ---
2026-04-24 14:28:50,314 - [ENV] - --- EPISODE START | Scenario: ASCEND | Start: [1.13679957 0.07468925 0.415     ] | Goal: [1.13679957 0.07468925 0.55      ] | DriftLimit: 0.0350 | FloorLimit: 0.4700 ---
2026-04-24 14:28:50,435 - [ENV] - TERMINATED (Ascend): Tube Drift = 0.0473m (Max 0.0350m) at step 2
2026-04-24 14:28:50,436 - [ENV] - Episode ended without success at step 2. Final dist: 0.1348m
2026-04-24 14:28:50,437 - [ENV] - --- EPISODE START | Scenario: DESCEND | Start: [0.60436947 0.44296291 0.55      ] | Goal: [0.60436947 0.44296291 0.415     ] | DriftLimit: 0.0350 | FloorLimit: 0.4700 ---
2026-04-24 14:28:55,658 - [ENV] - --- EPISODE START | Scenario: ASCEND | Start: [0.76730137 0.27930957 0.415     ] | Goal: [0.76730137 0.27930957 0.55      ] | DriftLimit: 0.0350 | FloorLimit: 0.4700 ---
2026-04-24 14:28:55,982 - [ENV] - TERMINATED (Ascend): Tube Drift = 0.0455m (Max 0.0350m) at step 2
2026-04-24 14:28:55,982 - [ENV] - Episode ended without success at step 2. Final dist: 0.1346m
2026-04-24 14:28:55,983 - [ENV] - --- EPISODE START | Scenario: TRANSIT | Start: [1.01118161 0.007253   0.55      ] | Goal: [0.82199425 0.10976056 0.55      ] | DriftLimit: 0.0350 | FloorLimit: 0.4700 ---
2026-04-24 14:29:00,635 - [ENV] - --- EPISODE START | Scenario: TRANSIT | Start: [0.6549791 0.05827   0.55     ] | Goal: [0.6077226  0.16245749 0.55      ] | DriftLimit: 0.0350 | FloorLimit: 0.4700 ---
2026-04-24 14:29:04,974 - [ENV] - --- EPISODE START | Scenario: DESCEND | Start: [1.11079141 0.11812565 0.55      ] | Goal: [1.11079141 0.11812565 0.415     ] | DriftLimit: 0.0350 | FloorLimit: 0.4700 ---
2026-04-24 14:29:05,235 - [ENV] - SUCCESS: Goal reached in 6 steps. Dist = 0.0098m
2026-04-24 14:29:05,236 - [ENV] - --- EPISODE START | Scenario: DESCEND | Start: [1.11154617 0.17615488 0.55      ] | Goal: [1.11154617 0.17615488 0.415     ] | DriftLimit: 0.0350 | FloorLimit: 0.4700 ---
2026-04-24 14:29:05,415 - [ENV] - SUCCESS: Goal reached in 4 steps. Dist = 0.0075m
2026-04-24 14:29:05,416 - [ENV] - --- EPISODE START | Scenario: ASCEND | Start: [0.65869125 0.17205997 0.415     ] | Goal: [0.65869125 0.17205997 0.55      ] | DriftLimit: 0.0350 | FloorLimit: 0.4700 ---
2026-04-24 14:29:07,090 - [ENV] - TERMINATED (Ascend): Tube Drift = 0.0355m (Max 0.0350m) at step 55
2026-04-24 14:29:07,090 - [ENV] - Episode ended without success at step 55. Final dist: 0.1214m
2026-04-24 14:29:07,091 - [ENV] - --- EPISODE START | Scenario: DESCEND | Start: [0.81730949 0.53759865 0.55      ] | Goal: [0.81730949 0.53759865 0.41      ] | DriftLimit: 0.0350 | FloorLimit: 0.4700 ---
2026-04-24 14:29:11,418 - [ENV] - --- EPISODE START | Scenario: TRANSIT | Start: [0.73605341 0.40872427 0.55      ] | Goal: [0.6901162  0.03815162 0.55      ] | DriftLimit: 0.0350 | FloorLimit: 0.4700 ---
2026-04-24 14:29:15,601 - [ENV] - --- EPISODE START | Scenario: ASCEND | Start: [0.74950253 0.47106977 0.415     ] | Goal: [0.74950253 0.47106977 0.55      ] | DriftLimit: 0.0350 | FloorLimit: 0.4700 ---
2026-04-24 14:29:15,804 - [ENV] - TERMINATED (Ascend): Tube Drift = 0.0465m (Max 0.0350m) at step 3
2026-04-24 14:29:15,805 - [ENV] - Episode ended without success at step 3. Final dist: 0.1078m
2026-04-24 14:29:15,807 - [ENV] - --- EPISODE START | Scenario: TRANSIT | Start: [0.80002985 0.29778602 0.55      ] | Goal: [1.07883407 0.52379198 0.55      ] | DriftLimit: 0.0350 | FloorLimit: 0.4700 ---
2026-04-24 14:29:20,239 - [ENV] - --- EPISODE START | Scenario: ASCEND | Start: [0.7110698  0.15908124 0.415     ] | Goal: [0.7110698  0.15908124 0.55      ] | DriftLimit: 0.0350 | FloorLimit: 0.4700 ---
2026-04-24 14:29:20,378 - [ENV] - TERMINATED (Ascend): Tube Drift = 0.0399m (Max 0.0350m) at step 2
2026-04-24 14:29:20,378 - [ENV] - Episode ended without success at step 2. Final dist: 0.1358m
2026-04-24 14:29:20,378 - [ENV] - --- EPISODE START | Scenario: DESCEND | Start: [1.00295095 0.30142767 0.55      ] | Goal: [1.00295095 0.30142767 0.415     ] | DriftLimit: 0.0350 | FloorLimit: 0.4700 ---
2026-04-24 14:29:24,932 - [ENV] - --- EPISODE START | Scenario: TRANSIT | Start: [1.0451807  0.09485018 0.55      ] | Goal: [0.62126565 0.06565362 0.55      ] | DriftLimit: 0.0350 | FloorLimit: 0.4700 ---
2026-04-24 14:29:29,131 - [ENV] - --- EPISODE START | Scenario: TRANSIT | Start: [1.01432927 0.11055642 0.55      ] | Goal: [0.7715999 0.2642679 0.55     ] | DriftLimit: 0.0350 | FloorLimit: 0.4700 ---
2026-04-24 14:29:33,525 - [ENV] - --- EPISODE START | Scenario: TRANSIT | Start: [0.63301743 0.08470378 0.55      ] | Goal: [0.69195385 0.45234057 0.55      ] | DriftLimit: 0.0350 | FloorLimit: 0.4700 ---
2026-04-24 14:30:34,519 - [ENV] - --- EPISODE START | Scenario: DESCEND | Start: [0.73012142 0.43982842 0.55      ] | Goal: [0.73012142 0.43982842 0.41      ] | DriftLimit: 0.0350 | FloorLimit: 0.4700 ---
2026-04-24 14:30:38,866 - [ENV] - --- EPISODE START | Scenario: ASCEND | Start: [0.84401094 0.32318305 0.415     ] | Goal: [0.84401094 0.32318305 0.55      ] | DriftLimit: 0.0350 | FloorLimit: 0.4700 ---
2026-04-24 14:30:39,452 - [ENV] - SUCCESS: Goal reached in 20 steps. Dist = 0.0046m
2026-04-24 14:30:39,452 - [ENV] - --- EPISODE START | Scenario: TRANSIT | Start: [0.89847373 0.06095689 0.55      ] | Goal: [0.80144975 0.2394386  0.55      ] | DriftLimit: 0.0350 | FloorLimit: 0.4700 ---
2026-04-24 14:30:44,134 - [ENV] - --- EPISODE START | Scenario: TRANSIT | Start: [0.9318017  0.01142536 0.55      ] | Goal: [1.13337794 0.46354571 0.55      ] | DriftLimit: 0.0350 | FloorLimit: 0.4700 ---
2026-04-24 14:30:48,266 - [ENV] - --- EPISODE START | Scenario: ASCEND | Start: [1.0492202  0.07598671 0.415     ] | Goal: [1.0492202  0.07598671 0.55      ] | DriftLimit: 0.0350 | FloorLimit: 0.4700 ---
2026-04-24 14:30:49,777 - [ENV] - TERMINATED (Ascend): Tube Drift = 0.0350m (Max 0.0350m) at step 63
2026-04-24 14:30:49,778 - [ENV] - Episode ended without success at step 63. Final dist: 0.0444m
2026-04-24 14:30:49,778 - [ENV] - --- EPISODE START | Scenario: TRANSIT | Start: [0.82715533 0.46236325 0.55      ] | Goal: [0.63778223 0.21355214 0.55      ] | DriftLimit: 0.0350 | FloorLimit: 0.4700 ---
2026-04-24 14:30:54,019 - [ENV] - --- EPISODE START | Scenario: ASCEND | Start: [1.11388443 0.03713218 0.415     ] | Goal: [1.11388443 0.03713218 0.55      ] | DriftLimit: 0.0350 | FloorLimit: 0.4700 ---
2026-04-24 14:30:58,772 - [ENV] - --- EPISODE START | Scenario: DESCEND | Start: [1.13732627 0.41104234 0.55      ] | Goal: [1.13732627 0.41104234 0.415     ] | DriftLimit: 0.0350 | FloorLimit: 0.4700 ---
2026-04-24 14:30:59,182 - [ENV] - SUCCESS: Goal reached in 11 steps. Dist = 0.0090m
2026-04-24 14:30:59,184 - [ENV] - --- EPISODE START | Scenario: TRANSIT | Start: [1.09667277 0.45422283 0.55      ] | Goal: [0.95240796 0.30107256 0.55      ] | DriftLimit: 0.0350 | FloorLimit: 0.4700 ---
2026-04-24 14:31:03,410 - [ENV] - --- EPISODE START | Scenario: TRANSIT | Start: [1.08731622 0.2124476  0.55      ] | Goal: [ 0.80441122 -0.00350631  0.55      ] | DriftLimit: 0.0350 | FloorLimit: 0.4700 ---
2026-04-24 14:31:07,974 - [ENV] - --- EPISODE START | Scenario: DESCEND | Start: [1.13050098 0.47399898 0.55      ] | Goal: [1.13050098 0.47399898 0.415     ] | DriftLimit: 0.0350 | FloorLimit: 0.4700 ---
2026-04-24 14:31:08,263 - [ENV] - SUCCESS: Goal reached in 9 steps. Dist = 0.0099m
2026-04-24 14:31:08,264 - [ENV] - --- EPISODE START | Scenario: ASCEND | Start: [0.81198963 0.32575299 0.415     ] | Goal: [0.81198963 0.32575299 0.55      ] | DriftLimit: 0.0350 | FloorLimit: 0.4700 ---
2026-04-24 14:31:08,923 - [ENV] - SUCCESS: Goal reached in 18 steps. Dist = 0.0037m
2026-04-24 14:31:08,924 - [ENV] - --- EPISODE START | Scenario: ASCEND | Start: [0.9250316  0.32621383 0.415     ] | Goal: [0.9250316  0.32621383 0.55      ] | DriftLimit: 0.0350 | FloorLimit: 0.4700 ---
2026-04-24 14:31:10,058 - [ENV] - SUCCESS: Goal reached in 30 steps. Dist = 0.0089m
2026-04-24 14:31:10,059 - [ENV] - --- EPISODE START | Scenario: DESCEND | Start: [0.8812176  0.12535303 0.55      ] | Goal: [0.8812176  0.12535303 0.41      ] | DriftLimit: 0.0350 | FloorLimit: 0.4700 ---
2026-04-24 14:31:10,375 - [ENV] - SUCCESS: Goal reached in 10 steps. Dist = 0.0098m
2026-04-24 14:31:10,376 - [ENV] - --- EPISODE START | Scenario: TRANSIT | Start: [0.61253817 0.19344448 0.55      ] | Goal: [0.81513139 0.41255346 0.55      ] | DriftLimit: 0.0350 | FloorLimit: 0.4700 ---
2026-04-24 14:31:14,903 - [ENV] - --- EPISODE START | Scenario: ASCEND | Start: [1.102424   0.45483667 0.415     ] | Goal: [1.102424   0.45483667 0.55      ] | DriftLimit: 0.0350 | FloorLimit: 0.4700 ---
2026-04-24 14:31:15,493 - [ENV] - SUCCESS: Goal reached in 20 steps. Dist = 0.0091m
2026-04-24 14:31:15,494 - [ENV] - --- EPISODE START | Scenario: ASCEND | Start: [1.02891761 0.3470246  0.415     ] | Goal: [1.02891761 0.3470246  0.55      ] | DriftLimit: 0.0350 | FloorLimit: 0.4700 ---
2026-04-24 14:31:20,224 - [ENV] - --- EPISODE START | Scenario: DESCEND | Start: [0.90383898 0.39250779 0.55      ] | Goal: [0.90383898 0.39250779 0.41      ] | DriftLimit: 0.0350 | FloorLimit: 0.4700 ---
2026-04-24 14:31:24,488 - [ENV] - --- EPISODE START | Scenario: DESCEND | Start: [0.99085859 0.19903801 0.55      ] | Goal: [0.99085859 0.19903801 0.415     ] | DriftLimit: 0.0350 | FloorLimit: 0.4700 ---
2026-04-24 14:31:24,741 - [ENV] - SUCCESS: Goal reached in 4 steps. Dist = 0.0069m
2026-04-24 14:31:24,742 - [ENV] - --- EPISODE START | Scenario: TRANSIT | Start: [0.74588021 0.49211762 0.55      ] | Goal: [0.73703567 0.18877822 0.55      ] | DriftLimit: 0.0350 | FloorLimit: 0.4700 ---
2026-04-24 14:31:29,213 - [ENV] - --- EPISODE START | Scenario: DESCEND | Start: [0.81903324 0.4307731  0.55      ] | Goal: [0.81903324 0.4307731  0.415     ] | DriftLimit: 0.0350 | FloorLimit: 0.4700 ---
2026-04-24 14:31:29,287 - [ENV] - TERMINATED (Descend): Tube Drift = 0.0375m (Max 0.0350m) at step 1
2026-04-24 14:31:29,287 - [ENV] - Episode ended without success at step 1. Final dist: 0.0918m
2026-04-24 14:31:29,289 - [ENV] - --- EPISODE START | Scenario: ASCEND | Start: [0.87340755 0.19429914 0.415     ] | Goal: [0.87340755 0.19429914 0.55      ] | DriftLimit: 0.0350 | FloorLimit: 0.4700 ---
2026-04-24 14:31:29,448 - [ENV] - TERMINATED (Ascend): Tube Drift = 0.0379m (Max 0.0350m) at step 2
2026-04-24 14:31:29,448 - [ENV] - Episode ended without success at step 2. Final dist: 0.1325m
2026-04-24 14:31:29,449 - [ENV] - --- EPISODE START | Scenario: TRANSIT | Start: [1.01934955 0.43793287 0.55      ] | Goal: [1.1153897  0.13893073 0.55      ] | DriftLimit: 0.0350 | FloorLimit: 0.4700 ---
2026-04-24 14:31:34,089 - [ENV] - --- EPISODE START | Scenario: DESCEND | Start: [1.12636623 0.33355984 0.55      ] | Goal: [1.12636623 0.33355984 0.41      ] | DriftLimit: 0.0350 | FloorLimit: 0.4700 ---
2026-04-24 14:31:35,583 - [ENV] - SUCCESS: Goal reached in 35 steps. Dist = 0.0100m
2026-04-24 14:31:35,584 - [ENV] - --- EPISODE START | Scenario: ASCEND | Start: [0.82056002 0.49671797 0.415     ] | Goal: [0.82056002 0.49671797 0.55      ] | DriftLimit: 0.0350 | FloorLimit: 0.4700 ---
2026-04-24 14:31:35,734 - [ENV] - TERMINATED (Ascend): Tube Drift = 0.0461m (Max 0.0350m) at step 3
2026-04-24 14:31:35,734 - [ENV] - Episode ended without success at step 3. Final dist: 0.1026m
2026-04-24 14:31:35,735 - [ENV] - --- EPISODE START | Scenario: DESCEND | Start: [1.01041143 0.10240954 0.55      ] | Goal: [1.01041143 0.10240954 0.41      ] | DriftLimit: 0.0350 | FloorLimit: 0.4700 ---
2026-04-24 14:31:36,071 - [ENV] - SUCCESS: Goal reached in 11 steps. Dist = 0.0098m
2026-04-24 14:31:36,072 - [ENV] - --- EPISODE START | Scenario: DESCEND | Start: [0.90521998 0.54395147 0.55      ] | Goal: [0.90521998 0.54395147 0.415     ] | DriftLimit: 0.0350 | FloorLimit: 0.4700 ---
2026-04-24 14:32:36,136 - [ENV] - TERMINATED (Descend): Tube Drift = 0.0350m (Max 0.0350m) at step 66
2026-04-24 14:32:36,136 - [ENV] - Episode ended without success at step 66. Final dist: 0.0353m
2026-04-24 14:32:36,137 - [ENV] - --- EPISODE START | Scenario: ASCEND | Start: [0.83665205 0.25694755 0.415     ] | Goal: [0.83665205 0.25694755 0.55      ] | DriftLimit: 0.0350 | FloorLimit: 0.4700 ---
2026-04-24 14:32:36,774 - [ENV] - SUCCESS: Goal reached in 18 steps. Dist = 0.0083m
2026-04-24 14:32:36,775 - [ENV] - --- EPISODE START | Scenario: DESCEND | Start: [1.13993631 0.23211599 0.55      ] | Goal: [1.13993631 0.23211599 0.415     ] | DriftLimit: 0.0350 | FloorLimit: 0.4700 ---
2026-04-24 14:32:36,948 - [ENV] - SUCCESS: Goal reached in 4 steps. Dist = 0.0096m
2026-04-24 14:32:36,948 - [ENV] - --- EPISODE START | Scenario: TRANSIT | Start: [1.01311252 0.48462059 0.55      ] | Goal: [0.78946532 0.21833786 0.55      ] | DriftLimit: 0.0350 | FloorLimit: 0.4700 ---
2026-04-24 14:32:42,077 - [ENV] - --- EPISODE START | Scenario: ASCEND | Start: [1.13185051 0.03691064 0.415     ] | Goal: [1.13185051 0.03691064 0.55      ] | DriftLimit: 0.0350 | FloorLimit: 0.4700 ---
2026-04-24 14:32:42,203 - [ENV] - TERMINATED (Ascend): Tube Drift = 0.0487m (Max 0.0350m) at step 2
2026-04-24 14:32:42,203 - [ENV] - Episode ended without success at step 2. Final dist: 0.1356m
2026-04-24 14:32:42,204 - [ENV] - --- EPISODE START | Scenario: TRANSIT | Start: [0.76826918 0.4956282  0.55      ] | Goal: [0.86419471 0.07596285 0.55      ] | DriftLimit: 0.0350 | FloorLimit: 0.4700 ---
2026-04-24 14:32:47,377 - [ENV] - --- EPISODE START | Scenario: DESCEND | Start: [0.60938722 0.52131353 0.55      ] | Goal: [0.60938722 0.52131353 0.41      ] | DriftLimit: 0.0350 | FloorLimit: 0.4700 ---
2026-04-24 14:32:47,937 - [ENV] - TERMINATED (Descend): Tube Drift = 0.0354m (Max 0.0350m) at step 15
2026-04-24 14:32:47,938 - [ENV] - Episode ended without success at step 15. Final dist: 0.0356m
2026-04-24 14:32:47,939 - [ENV] - --- EPISODE START | Scenario: DESCEND | Start: [0.70698752 0.10915255 0.55      ] | Goal: [0.70698752 0.10915255 0.41      ] | DriftLimit: 0.0350 | FloorLimit: 0.4700 ---
2026-04-24 14:32:52,399 - [ENV] - --- EPISODE START | Scenario: DESCEND | Start: [1.06883703 0.33925094 0.55      ] | Goal: [1.06883703 0.33925094 0.41      ] | DriftLimit: 0.0350 | FloorLimit: 0.4700 ---
2026-04-24 14:32:57,105 - [ENV] - --- EPISODE START | Scenario: DESCEND | Start: [1.11959663 0.18800179 0.55      ] | Goal: [1.11959663 0.18800179 0.415     ] | DriftLimit: 0.0350 | FloorLimit: 0.4700 ---
2026-04-24 14:32:57,328 - [ENV] - SUCCESS: Goal reached in 4 steps. Dist = 0.0090m
2026-04-24 14:32:57,329 - [ENV] - --- EPISODE START | Scenario: TRANSIT | Start: [0.79430535 0.4422412  0.55      ] | Goal: [0.63242444 0.27144695 0.55      ] | DriftLimit: 0.0350 | FloorLimit: 0.4700 ---
2026-04-24 14:33:02,791 - [ENV] - --- EPISODE START | Scenario: TRANSIT | Start: [0.72292042 0.38750113 0.55      ] | Goal: [1.11881091 0.28170783 0.55      ] | DriftLimit: 0.0350 | FloorLimit: 0.4700 ---
2026-04-24 14:33:07,605 - [ENV] - --- EPISODE START | Scenario: DESCEND | Start: [1.04748916 0.2136676  0.55      ] | Goal: [1.04748916 0.2136676  0.41      ] | DriftLimit: 0.0350 | FloorLimit: 0.4700 ---
2026-04-24 14:33:08,188 - [ENV] - SUCCESS: Goal reached in 16 steps. Dist = 0.0100m
2026-04-24 14:33:08,189 - [ENV] - --- EPISODE START | Scenario: DESCEND | Start: [0.89888896 0.35751567 0.55      ] | Goal: [0.89888896 0.35751567 0.41      ] | DriftLimit: 0.0350 | FloorLimit: 0.4700 ---
2026-04-24 14:33:12,642 - [ENV] - --- EPISODE START | Scenario: DESCEND | Start: [0.99439458 0.3642758  0.55      ] | Goal: [0.99439458 0.3642758  0.415     ] | DriftLimit: 0.0350 | FloorLimit: 0.4700 ---
2026-04-24 14:33:17,103 - [ENV] - --- EPISODE START | Scenario: DESCEND | Start: [1.00371351 0.21655256 0.55      ] | Goal: [1.00371351 0.21655256 0.41      ] | DriftLimit: 0.0350 | FloorLimit: 0.4700 ---
2026-04-24 14:33:17,383 - [ENV] - SUCCESS: Goal reached in 6 steps. Dist = 0.0100m
2026-04-24 14:33:17,384 - [ENV] - --- EPISODE START | Scenario: ASCEND | Start: [1.04512392 0.26485402 0.415     ] | Goal: [1.04512392 0.26485402 0.55      ] | DriftLimit: 0.0350 | FloorLimit: 0.4700 ---
2026-04-24 14:33:21,828 - [ENV] - --- EPISODE START | Scenario: DESCEND | Start: [0.81225291 0.18180852 0.55      ] | Goal: [0.81225291 0.18180852 0.415     ] | DriftLimit: 0.0350 | FloorLimit: 0.4700 ---
2026-04-24 14:33:22,329 - [ENV] - SUCCESS: Goal reached in 8 steps. Dist = 0.0093m
2026-04-24 14:33:22,330 - [ENV] - --- EPISODE START | Scenario: ASCEND | Start: [0.98832353 0.01262512 0.415     ] | Goal: [0.98832353 0.01262512 0.55      ] | DriftLimit: 0.0350 | FloorLimit: 0.4700 ---
2026-04-24 14:33:22,469 - [ENV] - TERMINATED (Ascend): Tube Drift = 0.0558m (Max 0.0350m) at step 2
2026-04-24 14:33:22,469 - [ENV] - Episode ended without success at step 2. Final dist: 0.1389m
2026-04-24 14:33:22,471 - [ENV] - --- EPISODE START | Scenario: TRANSIT | Start: [1.13433769 0.5336886  0.55      ] | Goal: [0.71032453 0.48242754 0.55      ] | DriftLimit: 0.0350 | FloorLimit: 0.4700 ---
2026-04-24 14:33:26,961 - [ENV] - --- EPISODE START | Scenario: TRANSIT | Start: [0.79808924 0.43491249 0.55      ] | Goal: [0.71648584 0.08215719 0.55      ] | DriftLimit: 0.0350 | FloorLimit: 0.4700 ---
2026-04-24 14:33:31,334 - [ENV] - --- EPISODE START | Scenario: TRANSIT | Start: [0.66179062 0.39889035 0.55      ] | Goal: [1.0092763  0.51926894 0.55      ] | DriftLimit: 0.0350 | FloorLimit: 0.4700 ---
2026-04-24 14:33:35,759 - [ENV] - --- EPISODE START | Scenario: DESCEND | Start: [1.08364921 0.17838286 0.55      ] | Goal: [1.08364921 0.17838286 0.415     ] | DriftLimit: 0.0350 | FloorLimit: 0.4700 ---
2026-04-24 14:33:35,950 - [ENV] - SUCCESS: Goal reached in 4 steps. Dist = 0.0065m
2026-04-24 14:33:35,951 - [ENV] - --- EPISODE START | Scenario: TRANSIT | Start: [1.03854395 0.26154729 0.55      ] | Goal: [1.08579816 0.42123267 0.55      ] | DriftLimit: 0.0350 | FloorLimit: 0.4700 ---
2026-04-24 14:33:36,428 - [ENV] - SUCCESS: Goal reached in 16 steps. Dist = 0.0219m
2026-04-24 14:33:36,429 - [ENV] - --- EPISODE START | Scenario: TRANSIT | Start: [1.05846684 0.54353114 0.55      ] | Goal: [0.72601699 0.36049872 0.55      ] | DriftLimit: 0.0350 | FloorLimit: 0.4700 ---
2026-04-24 14:33:40,923 - [ENV] - --- EPISODE START | Scenario: TRANSIT | Start: [1.14919476 0.2005173  0.55      ] | Goal: [1.12938437 0.04433674 0.55      ] | DriftLimit: 0.0350 | FloorLimit: 0.4700 ---
2026-04-24 14:34:42,950 - [ENV] - --- EPISODE START | Scenario: ASCEND | Start: [0.64991054 0.18601381 0.415     ] | Goal: [0.64991054 0.18601381 0.55      ] | DriftLimit: 0.0350 | FloorLimit: 0.4700 ---
2026-04-24 14:34:43,151 - [ENV] - TERMINATED (Ascend): Tube Drift = 0.0363m (Max 0.0350m) at step 2
2026-04-24 14:34:43,151 - [ENV] - Episode ended without success at step 2. Final dist: 0.1349m
2026-04-24 14:34:43,152 - [ENV] - --- EPISODE START | Scenario: TRANSIT | Start: [0.60062322 0.47793751 0.55      ] | Goal: [1.06963346 0.14924206 0.55      ] | DriftLimit: 0.0350 | FloorLimit: 0.4700 ---
2026-04-24 14:34:47,751 - [ENV] - --- EPISODE START | Scenario: DESCEND | Start: [ 0.6719155  -0.00697279  0.55      ] | Goal: [ 0.6719155  -0.00697279  0.41      ] | DriftLimit: 0.0350 | FloorLimit: 0.4700 ---
2026-04-24 14:34:52,678 - [ENV] - --- EPISODE START | Scenario: ASCEND | Start: [1.08447727 0.48961475 0.415     ] | Goal: [1.08447727 0.48961475 0.55      ] | DriftLimit: 0.0350 | FloorLimit: 0.4700 ---
2026-04-24 14:34:52,863 - [ENV] - TERMINATED (Ascend): Tube Drift = 0.0413m (Max 0.0350m) at step 4
2026-04-24 14:34:52,863 - [ENV] - Episode ended without success at step 4. Final dist: 0.0762m
2026-04-24 14:34:52,864 - [ENV] - --- EPISODE START | Scenario: ASCEND | Start: [1.04329122 0.33266976 0.415     ] | Goal: [1.04329122 0.33266976 0.55      ] | DriftLimit: 0.0350 | FloorLimit: 0.4700 ---
2026-04-24 14:34:53,003 - [ENV] - TERMINATED (Ascend): Tube Drift = 0.0450m (Max 0.0350m) at step 2
2026-04-24 14:34:53,004 - [ENV] - Episode ended without success at step 2. Final dist: 0.1209m
2026-04-24 14:34:53,005 - [ENV] - --- EPISODE START | Scenario: ASCEND | Start: [0.76920304 0.12100902 0.415     ] | Goal: [0.76920304 0.12100902 0.55      ] | DriftLimit: 0.0350 | FloorLimit: 0.4700 ---
2026-04-24 14:34:57,518 - [ENV] - --- EPISODE START | Scenario: DESCEND | Start: [0.68960067 0.49559155 0.55      ] | Goal: [0.68960067 0.49559155 0.415     ] | DriftLimit: 0.0350 | FloorLimit: 0.4700 ---
2026-04-24 14:35:02,022 - [ENV] - --- EPISODE START | Scenario: TRANSIT | Start: [0.80026055 0.49064885 0.55      ] | Goal: [1.11109773 0.41257079 0.55      ] | DriftLimit: 0.0350 | FloorLimit: 0.4700 ---
2026-04-24 14:35:03,537 - [ENV] - SUCCESS: Goal reached in 60 steps. Dist = 0.0192m
2026-04-24 14:35:03,552 - [ENV] - --- EPISODE START | Scenario: TRANSIT | Start: [1.15871991 0.11011952 0.55      ] | Goal: [0.93323394 0.16570726 0.55      ] | DriftLimit: 0.0350 | FloorLimit: 0.4700 ---
2026-04-24 14:35:08,574 - [ENV] - --- EPISODE START | Scenario: TRANSIT | Start: [1.04924318 0.52070931 0.55      ] | Goal: [0.76931303 0.04102456 0.55      ] | DriftLimit: 0.0350 | FloorLimit: 0.4700 ---
2026-04-24 14:35:13,012 - [ENV] - --- EPISODE START | Scenario: ASCEND | Start: [1.00793097 0.43169934 0.415     ] | Goal: [1.00793097 0.43169934 0.55      ] | DriftLimit: 0.0350 | FloorLimit: 0.4700 ---
2026-04-24 14:35:13,169 - [ENV] - TERMINATED (Ascend): Tube Drift = 0.0385m (Max 0.0350m) at step 2
2026-04-24 14:35:13,169 - [ENV] - Episode ended without success at step 2. Final dist: 0.1150m
2026-04-24 14:35:13,170 - [ENV] - --- EPISODE START | Scenario: DESCEND | Start: [1.14967606 0.12034185 0.55      ] | Goal: [1.14967606 0.12034185 0.415     ] | DriftLimit: 0.0350 | FloorLimit: 0.4700 ---
2026-04-24 14:35:17,319 - [ENV] - --- EPISODE START | Scenario: DESCEND | Start: [1.10686349 0.09310579 0.55      ] | Goal: [1.10686349 0.09310579 0.415     ] | DriftLimit: 0.0350 | FloorLimit: 0.4700 ---
2026-04-24 14:35:21,816 - [ENV] - --- EPISODE START | Scenario: ASCEND | Start: [0.79230797 0.21245648 0.415     ] | Goal: [0.79230797 0.21245648 0.55      ] | DriftLimit: 0.0350 | FloorLimit: 0.4700 ---
2026-04-24 14:35:26,852 - [ENV] - --- EPISODE START | Scenario: DESCEND | Start: [1.12716844 0.43294194 0.55      ] | Goal: [1.12716844 0.43294194 0.41      ] | DriftLimit: 0.0350 | FloorLimit: 0.4700 ---
2026-04-24 14:35:27,097 - [ENV] - SUCCESS: Goal reached in 9 steps. Dist = 0.0097m
2026-04-24 14:35:27,098 - [ENV] - --- EPISODE START | Scenario: DESCEND | Start: [0.90556834 0.21134286 0.55      ] | Goal: [0.90556834 0.21134286 0.415     ] | DriftLimit: 0.0350 | FloorLimit: 0.4700 ---
2026-04-24 14:35:27,280 - [ENV] - SUCCESS: Goal reached in 4 steps. Dist = 0.0097m
2026-04-24 14:35:27,281 - [ENV] - --- EPISODE START | Scenario: TRANSIT | Start: [1.14764649 0.3796654  0.55      ] | Goal: [0.61153288 0.04444823 0.55      ] | DriftLimit: 0.0350 | FloorLimit: 0.4700 ---
2026-04-24 14:35:32,035 - [ENV] - --- EPISODE START | Scenario: DESCEND | Start: [0.76335051 0.12651213 0.55      ] | Goal: [0.76335051 0.12651213 0.415     ] | DriftLimit: 0.0350 | FloorLimit: 0.4700 ---
2026-04-24 14:35:32,223 - [ENV] - SUCCESS: Goal reached in 7 steps. Dist = 0.0075m
2026-04-24 14:35:32,224 - [ENV] - --- EPISODE START | Scenario: TRANSIT | Start: [0.6674142  0.28552335 0.55      ] | Goal: [0.93926198 0.27792527 0.55      ] | DriftLimit: 0.0350 | FloorLimit: 0.4700 ---
2026-04-24 14:35:36,508 - [ENV] - --- EPISODE START | Scenario: TRANSIT | Start: [0.97876401 0.16499038 0.55      ] | Goal: [0.72143003 0.48582198 0.55      ] | DriftLimit: 0.0350 | FloorLimit: 0.4700 ---
2026-04-24 14:35:41,167 - [ENV] - --- EPISODE START | Scenario: DESCEND | Start: [0.66084213 0.31457616 0.55      ] | Goal: [0.66084213 0.31457616 0.41      ] | DriftLimit: 0.0350 | FloorLimit: 0.4700 ---
2026-04-24 14:35:45,553 - [ENV] - --- EPISODE START | Scenario: DESCEND | Start: [1.05768417 0.18831133 0.55      ] | Goal: [1.05768417 0.18831133 0.415     ] | DriftLimit: 0.0350 | FloorLimit: 0.4700 ---
2026-04-24 14:35:45,726 - [ENV] - SUCCESS: Goal reached in 4 steps. Dist = 0.0082m
2026-04-24 14:35:45,727 - [ENV] - --- EPISODE START | Scenario: DESCEND | Start: [0.89913845 0.2137833  0.55      ] | Goal: [0.89913845 0.2137833  0.41      ] | DriftLimit: 0.0350 | FloorLimit: 0.4700 ---
2026-04-24 14:35:45,920 - [ENV] - SUCCESS: Goal reached in 5 steps. Dist = 0.0091m
2026-04-24 14:35:45,921 - [ENV] - --- EPISODE START | Scenario: ASCEND | Start: [1.15717182 0.17953048 0.415     ] | Goal: [1.15717182 0.17953048 0.55      ] | DriftLimit: 0.0350 | FloorLimit: 0.4700 ---
2026-04-24 14:36:43,202 - [ENV] - --- EPISODE START | Scenario: DESCEND | Start: [1.14576589 0.15646885 0.55      ] | Goal: [1.14576589 0.15646885 0.415     ] | DriftLimit: 0.0350 | FloorLimit: 0.4700 ---
2026-04-24 14:36:43,403 - [ENV] - SUCCESS: Goal reached in 4 steps. Dist = 0.0081m
2026-04-24 14:36:43,404 - [ENV] - --- EPISODE START | Scenario: ASCEND | Start: [0.65786594 0.53359324 0.415     ] | Goal: [0.65786594 0.53359324 0.55      ] | DriftLimit: 0.0350 | FloorLimit: 0.4700 ---
2026-04-24 14:36:43,659 - [ENV] - TERMINATED (Ascend): Tube Drift = 0.0461m (Max 0.0350m) at step 4
2026-04-24 14:36:43,659 - [ENV] - Episode ended without success at step 4. Final dist: 0.1199m
2026-04-24 14:36:43,660 - [ENV] - --- EPISODE START | Scenario: DESCEND | Start: [0.73784609 0.02960831 0.55      ] | Goal: [0.73784609 0.02960831 0.415     ] | DriftLimit: 0.0350 | FloorLimit: 0.4700 ---
2026-04-24 14:36:44,668 - [ENV] - SUCCESS: Goal reached in 41 steps. Dist = 0.0100m
2026-04-24 14:36:44,668 - [ENV] - --- EPISODE START | Scenario: ASCEND | Start: [1.12136267 0.2882743  0.415     ] | Goal: [1.12136267 0.2882743  0.55      ] | DriftLimit: 0.0350 | FloorLimit: 0.4700 ---
2026-04-24 14:36:44,776 - [ENV] - TERMINATED (Ascend): Tube Drift = 0.0529m (Max 0.0350m) at step 2
2026-04-24 14:36:44,776 - [ENV] - Episode ended without success at step 2. Final dist: 0.1316m
2026-04-24 14:36:44,777 - [ENV] - --- EPISODE START | Scenario: TRANSIT | Start: [1.08697496 0.15080236 0.55      ] | Goal: [0.95405907 0.19236351 0.55      ] | DriftLimit: 0.0350 | FloorLimit: 0.4700 ---
2026-04-24 14:36:49,138 - [ENV] - --- EPISODE START | Scenario: TRANSIT | Start: [1.14626541 0.52889543 0.55      ] | Goal: [0.7797146  0.26281129 0.55      ] | DriftLimit: 0.0350 | FloorLimit: 0.4700 ---
2026-04-24 14:36:53,718 - [ENV] - --- EPISODE START | Scenario: DESCEND | Start: [1.10964691 0.25029122 0.55      ] | Goal: [1.10964691 0.25029122 0.415     ] | DriftLimit: 0.0350 | FloorLimit: 0.4700 ---
2026-04-24 14:36:53,895 - [ENV] - SUCCESS: Goal reached in 5 steps. Dist = 0.0077m
2026-04-24 14:36:53,896 - [ENV] - --- EPISODE START | Scenario: ASCEND | Start: [0.78602417 0.05029612 0.415     ] | Goal: [0.78602417 0.05029612 0.55      ] | DriftLimit: 0.0350 | FloorLimit: 0.4700 ---
2026-04-24 14:36:54,066 - [ENV] - TERMINATED (Ascend): Tube Drift = 0.0391m (Max 0.0350m) at step 3
2026-04-24 14:36:54,066 - [ENV] - Episode ended without success at step 3. Final dist: 0.1325m
2026-04-24 14:36:54,067 - [ENV] - --- EPISODE START | Scenario: DESCEND | Start: [0.80246172 0.29512175 0.55      ] | Goal: [0.80246172 0.29512175 0.41      ] | DriftLimit: 0.0350 | FloorLimit: 0.4700 ---
2026-04-24 14:36:54,148 - [ENV] - TERMINATED (Descend): Tube Drift = 0.0350m (Max 0.0350m) at step 1
2026-04-24 14:36:54,148 - [ENV] - Episode ended without success at step 1. Final dist: 0.0934m
2026-04-24 14:36:54,149 - [ENV] - --- EPISODE START | Scenario: TRANSIT | Start: [0.69324105 0.37858191 0.55      ] | Goal: [1.01036033 0.32656361 0.55      ] | DriftLimit: 0.0350 | FloorLimit: 0.4700 ---
2026-04-24 14:36:59,305 - [ENV] - --- EPISODE START | Scenario: DESCEND | Start: [ 0.84626039 -0.00156379  0.55      ] | Goal: [ 0.84626039 -0.00156379  0.415     ] | DriftLimit: 0.0350 | FloorLimit: 0.4700 ---
2026-04-24 14:37:11,399 - [ENV] - --- EPISODE START | Scenario: DESCEND | Start: [ 0.91326243 -0.00799189  0.55      ] | Goal: [ 0.91326243 -0.00799189  0.41      ] | DriftLimit: 0.0350 | FloorLimit: 0.4700 ---
2026-04-24 14:37:25,274 - [ENV] - --- EPISODE START | Scenario: ASCEND | Start: [1.10288911 0.11416089 0.415     ] | Goal: [1.10288911 0.11416089 0.55      ] | DriftLimit: 0.0350 | FloorLimit: 0.4700 ---
2026-04-24 14:37:25,445 - [ENV] - TERMINATED (Ascend): Tube Drift = 0.0568m (Max 0.0350m) at step 2
2026-04-24 14:37:25,445 - [ENV] - Episode ended without success at step 2. Final dist: 0.1385m
2026-04-24 14:37:25,446 - [ENV] - --- EPISODE START | Scenario: TRANSIT | Start: [1.07871822 0.29879298 0.55      ] | Goal: [0.93672532 0.53326596 0.55      ] | DriftLimit: 0.0350 | FloorLimit: 0.4700 ---
2026-04-24 14:37:31,754 - [ENV] - --- EPISODE START | Scenario: TRANSIT | Start: [0.87603318 0.18862439 0.55      ] | Goal: [0.76756691 0.35114075 0.55      ] | DriftLimit: 0.0350 | FloorLimit: 0.4700 ---
2026-04-24 14:37:38,474 - [ENV] - --- EPISODE START | Scenario: ASCEND | Start: [1.15090335 0.52146221 0.415     ] | Goal: [1.15090335 0.52146221 0.55      ] | DriftLimit: 0.0350 | FloorLimit: 0.4700 ---
2026-04-24 14:37:38,999 - [ENV] - SUCCESS: Goal reached in 12 steps. Dist = 0.0091m
2026-04-24 14:37:39,000 - [ENV] - --- EPISODE START | Scenario: TRANSIT | Start: [0.79271504 0.29875574 0.55      ] | Goal: [1.01337787 0.28362178 0.55      ] | DriftLimit: 0.0350 | FloorLimit: 0.4700 ---
2026-04-24 14:37:44,750 - [ENV] - --- EPISODE START | Scenario: DESCEND | Start: [1.10550284 0.43819539 0.55      ] | Goal: [1.10550284 0.43819539 0.415     ] | DriftLimit: 0.0350 | FloorLimit: 0.4700 ---
2026-04-24 14:37:45,189 - [ENV] - SUCCESS: Goal reached in 12 steps. Dist = 0.0100m
2026-04-24 14:37:45,190 - [ENV] - --- EPISODE START | Scenario: TRANSIT | Start: [0.64182074 0.2016744  0.55      ] | Goal: [0.74994223 0.46647415 0.55      ] | DriftLimit: 0.0350 | FloorLimit: 0.4700 ---
2026-04-24 14:37:50,989 - [ENV] - --- EPISODE START | Scenario: ASCEND | Start: [0.9359896  0.16928539 0.415     ] | Goal: [0.9359896  0.16928539 0.55      ] | DriftLimit: 0.0350 | FloorLimit: 0.4700 ---
2026-04-24 14:37:51,171 - [ENV] - TERMINATED (Ascend): Tube Drift = 0.0483m (Max 0.0350m) at step 2
2026-04-24 14:37:51,172 - [ENV] - Episode ended without success at step 2. Final dist: 0.1353m
2026-04-24 14:37:51,172 - [ENV] - --- EPISODE START | Scenario: ASCEND | Start: [1.15561735 0.34240732 0.415     ] | Goal: [1.15561735 0.34240732 0.55      ] | DriftLimit: 0.0350 | FloorLimit: 0.4700 ---
2026-04-24 14:37:51,491 - [ENV] - TERMINATED (Ascend): Tube Drift = 0.0417m (Max 0.0350m) at step 6
2026-04-24 14:37:51,491 - [ENV] - Episode ended without success at step 6. Final dist: 0.0870m
2026-04-24 14:37:51,492 - [ENV] - --- EPISODE START | Scenario: TRANSIT | Start: [0.71321156 0.13026356 0.55      ] | Goal: [1.12026512 0.22099965 0.55      ] | DriftLimit: 0.0350 | FloorLimit: 0.4700 ---
2026-04-24 14:37:57,290 - [ENV] - --- EPISODE START | Scenario: ASCEND | Start: [0.61295063 0.53508632 0.415     ] | Goal: [0.61295063 0.53508632 0.55      ] | DriftLimit: 0.0350 | FloorLimit: 0.4700 ---
2026-04-24 14:37:57,509 - [ENV] - TERMINATED (Ascend): Tube Drift = 0.0447m (Max 0.0350m) at step 4
2026-04-24 14:37:57,510 - [ENV] - Episode ended without success at step 4. Final dist: 0.1218m
2026-04-24 14:37:57,510 - [ENV] - --- EPISODE START | Scenario: TRANSIT | Start: [0.81204935 0.31397291 0.55      ] | Goal: [0.97680265 0.0755787  0.55      ] | DriftLimit: 0.0350 | FloorLimit: 0.4700 ---
2026-04-24 14:38:02,751 - [ENV] - --- EPISODE START | Scenario: DESCEND | Start: [0.96034241 0.1257052  0.55      ] | Goal: [0.96034241 0.1257052  0.41      ] | DriftLimit: 0.0350 | FloorLimit: 0.4700 ---
