2026-04-23 23:58:36,681 - [ENV] - --- EPISODE START | Scenario: DESCEND | Start: [1.03643022 0.42992345 0.55      ] | Goal: [1.03643022 0.42992345 0.415     ] | DriftLimit: 0.0800 | FloorLimit: 0.4500 ---
2026-04-23 23:58:36,738 - [ENV] - TERMINATED (Descend): Tube Drift = 0.0809m (Max 0.0800m) at step 7
2026-04-23 23:58:36,738 - [ENV] - Episode ended without success at step 7. Final dist: 0.1192m
2026-04-23 23:58:36,739 - [ENV] - --- EPISODE START | Scenario: ASCEND | Start: [1.13987692 0.24660236 0.41      ] | Goal: [1.13987692 0.24660236 0.55      ] | DriftLimit: 0.0800 | FloorLimit: 0.4500 ---
2026-04-23 23:58:36,846 - [ENV] - TERMINATED (Ascend): Tube Drift = 0.0846m (Max 0.0800m) at step 8
2026-04-23 23:58:36,846 - [ENV] - Episode ended without success at step 8. Final dist: 0.1588m
2026-04-23 23:58:36,846 - [ENV] - --- EPISODE START | Scenario: DESCEND | Start: [0.95271204 0.01037052 0.55      ] | Goal: [0.95271204 0.01037052 0.41      ] | DriftLimit: 0.0800 | FloorLimit: 0.4500 ---
2026-04-23 23:58:37,086 - [ENV] - TERMINATED (Descend): Tube Drift = 0.0842m (Max 0.0800m) at step 18
2026-04-23 23:58:37,087 - [ENV] - Episode ended without success at step 18. Final dist: 0.1547m
2026-04-23 23:58:37,087 - [ENV] - --- EPISODE START | Scenario: TRANSIT | Start: [0.62468233 0.3762158  0.55      ] | Goal: [0.83513024 0.19094818 0.55      ] | DriftLimit: 0.0800 | FloorLimit: 0.4500 ---
2026-04-23 23:58:39,145 - [ENV] - --- EPISODE START | Scenario: TRANSIT | Start: [1.03557376 0.08186255 0.55      ] | Goal: [0.99744715 0.37715052 0.55      ] | DriftLimit: 0.0798 | FloorLimit: 0.4501 ---
2026-04-23 23:58:41,028 - [ENV] - --- EPISODE START | Scenario: DESCEND | Start: [0.61984776 0.26153076 0.55      ] | Goal: [0.61984776 0.26153076 0.41      ] | DriftLimit: 0.0797 | FloorLimit: 0.4502 ---
2026-04-23 23:58:41,086 - [ENV] - TERMINATED (Descend): Tube Drift = 0.0994m (Max 0.0797m) at step 6
2026-04-23 23:58:41,086 - [ENV] - Episode ended without success at step 6. Final dist: 0.1059m
2026-04-23 23:58:41,086 - [ENV] - --- EPISODE START | Scenario: TRANSIT | Start: [0.80072429 0.3717299  0.55      ] | Goal: [ 0.71777912 -0.00830064  0.55      ] | DriftLimit: 0.0797 | FloorLimit: 0.4502 ---
2026-04-23 23:58:41,162 - [ENV] - TERMINATED (Transit): Floor collision. Z = 0.4398m (Min 0.450m) at step 9
2026-04-23 23:58:41,162 - [ENV] - Episode ended without success at step 9. Final dist: 0.4003m
2026-04-23 23:58:41,162 - [ENV] - --- EPISODE START | Scenario: ASCEND | Start: [0.84433184 0.19406556 0.41      ] | Goal: [0.84433184 0.19406556 0.55      ] | DriftLimit: 0.0797 | FloorLimit: 0.4502 ---
2026-04-23 23:58:41,313 - [ENV] - TERMINATED (Ascend): Tube Drift = 0.0910m (Max 0.0797m) at step 14
2026-04-23 23:58:41,313 - [ENV] - Episode ended without success at step 14. Final dist: 0.1078m
2026-04-23 23:58:41,314 - [ENV] - --- EPISODE START | Scenario: TRANSIT | Start: [1.02040841 0.3269068  0.55      ] | Goal: [0.89693834 0.06319553 0.55      ] | DriftLimit: 0.0797 | FloorLimit: 0.4502 ---
2026-04-23 23:58:43,234 - [ENV] - TERMINATED (Transit): Floor collision. Z = 0.4362m (Min 0.450m) at step 126
2026-04-23 23:58:43,234 - [ENV] - Episode ended without success at step 126. Final dist: 0.4998m
2026-04-23 23:58:43,234 - [ENV] - --- EPISODE START | Scenario: DESCEND | Start: [1.05476671 0.36312157 0.55      ] | Goal: [1.05476671 0.36312157 0.41      ] | DriftLimit: 0.0796 | FloorLimit: 0.4502 ---
2026-04-23 23:58:43,518 - [ENV] - TERMINATED (Descend): Tube Drift = 0.1133m (Max 0.0796m) at step 3
2026-04-23 23:58:43,519 - [ENV] - Episode ended without success at step 3. Final dist: 0.1156m
2026-04-23 23:58:43,520 - [ENV] - --- EPISODE START | Scenario: TRANSIT | Start: [0.82888784 0.33287914 0.55      ] | Goal: [0.76612225 0.02676108 0.55      ] | DriftLimit: 0.0796 | FloorLimit: 0.4502 ---
2026-04-23 23:58:43,910 - [ENV] - TERMINATED (Transit): Floor collision. Z = 0.4356m (Min 0.450m) at step 4
2026-04-23 23:58:43,911 - [ENV] - Episode ended without success at step 4. Final dist: 0.4581m
2026-04-23 23:58:43,912 - [ENV] - --- EPISODE START | Scenario: TRANSIT | Start: [0.88838554 0.12166729 0.55      ] | Goal: [1.04183978 0.18749505 0.55      ] | DriftLimit: 0.0796 | FloorLimit: 0.4502 ---
2026-04-23 23:58:44,257 - [ENV] - TERMINATED (Transit): Floor collision. Z = 0.4232m (Min 0.450m) at step 3
2026-04-23 23:58:44,258 - [ENV] - Episode ended without success at step 3. Final dist: 0.1431m
2026-04-23 23:58:44,258 - [ENV] - --- EPISODE START | Scenario: TRANSIT | Start: [1.06256744 0.37925808 0.55      ] | Goal: [0.88944374 0.49478229 0.55      ] | DriftLimit: 0.0796 | FloorLimit: 0.4502 ---
2026-04-23 23:58:44,525 - [ENV] - TERMINATED (Transit): Floor collision. Z = 0.4262m (Min 0.450m) at step 3
2026-04-23 23:58:44,526 - [ENV] - Episode ended without success at step 3. Final dist: 0.2894m
2026-04-23 23:58:44,528 - [ENV] - --- EPISODE START | Scenario: TRANSIT | Start: [1.03137143 0.23224934 0.55      ] | Goal: [1.11550019 0.45471405 0.55      ] | DriftLimit: 0.0796 | FloorLimit: 0.4502 ---
2026-04-23 23:58:44,748 - [ENV] - TERMINATED (Transit): Floor collision. Z = 0.4250m (Min 0.450m) at step 3
2026-04-23 23:58:44,749 - [ENV] - Episode ended without success at step 3. Final dist: 0.1760m
2026-04-23 23:58:44,750 - [ENV] - --- EPISODE START | Scenario: ASCEND | Start: [0.66561165 0.05191316 0.41      ] | Goal: [0.66561165 0.05191316 0.55      ] | DriftLimit: 0.0796 | FloorLimit: 0.4502 ---
2026-04-23 23:58:45,034 - [ENV] - TERMINATED (Ascend): Tube Drift = 0.1060m (Max 0.0796m) at step 3
2026-04-23 23:58:45,034 - [ENV] - Episode ended without success at step 3. Final dist: 0.1328m
2026-04-23 23:58:45,036 - [ENV] - --- EPISODE START | Scenario: DESCEND | Start: [0.68320046 0.37527197 0.55      ] | Goal: [0.68320046 0.37527197 0.41      ] | DriftLimit: 0.0796 | FloorLimit: 0.4502 ---
2026-04-23 23:58:45,203 - [ENV] - TERMINATED (Descend): Tube Drift = 0.0909m (Max 0.0796m) at step 2
2026-04-23 23:58:45,203 - [ENV] - Episode ended without success at step 2. Final dist: 0.0967m
2026-04-23 23:58:45,203 - [ENV] - --- EPISODE START | Scenario: DESCEND | Start: [0.72768273 0.26798362 0.55      ] | Goal: [0.72768273 0.26798362 0.415     ] | DriftLimit: 0.0796 | FloorLimit: 0.4502 ---
2026-04-23 23:58:45,386 - [ENV] - TERMINATED (Descend): Tube Drift = 0.0943m (Max 0.0796m) at step 2
2026-04-23 23:58:45,386 - [ENV] - Episode ended without success at step 2. Final dist: 0.0990m
2026-04-23 23:58:45,387 - [ENV] - --- EPISODE START | Scenario: TRANSIT | Start: [0.93121796 0.26879319 0.55      ] | Goal: [0.72604541 0.50956903 0.55      ] | DriftLimit: 0.0796 | FloorLimit: 0.4502 ---
2026-04-23 23:58:45,711 - [ENV] - TERMINATED (Transit): Floor collision. Z = 0.4256m (Min 0.450m) at step 3
2026-04-23 23:58:45,711 - [ENV] - Episode ended without success at step 3. Final dist: 0.3520m
2026-04-23 23:58:45,713 - [ENV] - --- EPISODE START | Scenario: TRANSIT | Start: [0.66057125 0.44386416 0.55      ] | Goal: [0.94074257 0.442402   0.55      ] | DriftLimit: 0.0796 | FloorLimit: 0.4502 ---
2026-04-23 23:58:45,970 - [ENV] - TERMINATED (Transit): Floor collision. Z = 0.4196m (Min 0.450m) at step 3
2026-04-23 23:58:45,971 - [ENV] - Episode ended without success at step 3. Final dist: 0.2546m
2026-04-23 23:58:45,972 - [ENV] - --- EPISODE START | Scenario: TRANSIT | Start: [1.09600132 0.1596304  0.55      ] | Goal: [1.04035582 0.36998339 0.55      ] | DriftLimit: 0.0796 | FloorLimit: 0.4502 ---
2026-04-23 23:58:46,310 - [ENV] - TERMINATED (Transit): Floor collision. Z = 0.4301m (Min 0.450m) at step 3
2026-04-23 23:58:46,311 - [ENV] - Episode ended without success at step 3. Final dist: 0.2222m
2026-04-23 23:58:46,312 - [ENV] - --- EPISODE START | Scenario: DESCEND | Start: [0.72521918 0.32649771 0.55      ] | Goal: [0.72521918 0.32649771 0.415     ] | DriftLimit: 0.0796 | FloorLimit: 0.4502 ---
2026-04-23 23:58:46,486 - [ENV] - TERMINATED (Descend): Tube Drift = 0.0931m (Max 0.0796m) at step 2
2026-04-23 23:58:46,486 - [ENV] - Episode ended without success at step 2. Final dist: 0.0960m
2026-04-23 23:58:46,486 - [ENV] - --- EPISODE START | Scenario: ASCEND | Start: [0.64568021 0.3323925  0.41      ] | Goal: [0.64568021 0.3323925  0.55      ] | DriftLimit: 0.0796 | FloorLimit: 0.4502 ---
2026-04-23 23:58:46,847 - [ENV] - TERMINATED (Ascend): Tube Drift = 0.0848m (Max 0.0796m) at step 2
2026-04-23 23:58:46,847 - [ENV] - Episode ended without success at step 2. Final dist: 0.1397m
2026-04-23 23:58:46,849 - [ENV] - --- EPISODE START | Scenario: ASCEND | Start: [1.01464165 0.14582915 0.41      ] | Goal: [1.01464165 0.14582915 0.55      ] | DriftLimit: 0.0796 | FloorLimit: 0.4502 ---
2026-04-23 23:58:47,051 - [ENV] - TERMINATED (Ascend): Tube Drift = 0.0838m (Max 0.0796m) at step 2
2026-04-23 23:58:47,051 - [ENV] - Episode ended without success at step 2. Final dist: 0.1262m
2026-04-23 23:58:47,052 - [ENV] - --- EPISODE START | Scenario: DESCEND | Start: [1.15696098 0.06407087 0.55      ] | Goal: [1.15696098 0.06407087 0.415     ] | DriftLimit: 0.0796 | FloorLimit: 0.4502 ---
2026-04-23 23:58:47,272 - [ENV] - TERMINATED (Descend): Tube Drift = 0.0881m (Max 0.0796m) at step 2
2026-04-23 23:58:47,272 - [ENV] - Episode ended without success at step 2. Final dist: 0.1024m
2026-04-23 23:58:47,273 - [ENV] - --- EPISODE START | Scenario: ASCEND | Start: [0.65255931 0.48135672 0.41      ] | Goal: [0.65255931 0.48135672 0.55      ] | DriftLimit: 0.0796 | FloorLimit: 0.4502 ---
2026-04-23 23:58:47,491 - [ENV] - TERMINATED (Ascend): Tube Drift = 0.0825m (Max 0.0796m) at step 2
2026-04-23 23:58:47,491 - [ENV] - Episode ended without success at step 2. Final dist: 0.1384m
2026-04-23 23:58:47,492 - [ENV] - --- EPISODE START | Scenario: ASCEND | Start: [0.76029311 0.33643219 0.41      ] | Goal: [0.76029311 0.33643219 0.55      ] | DriftLimit: 0.0796 | FloorLimit: 0.4502 ---
2026-04-23 23:58:47,674 - [ENV] - TERMINATED (Ascend): Tube Drift = 0.0857m (Max 0.0796m) at step 2
2026-04-23 23:58:47,675 - [ENV] - Episode ended without success at step 2. Final dist: 0.1349m
2026-04-23 23:58:47,676 - [ENV] - --- EPISODE START | Scenario: ASCEND | Start: [0.91753635 0.43356234 0.41      ] | Goal: [0.91753635 0.43356234 0.55      ] | DriftLimit: 0.0796 | FloorLimit: 0.4502 ---
2026-04-23 23:58:47,880 - [ENV] - TERMINATED (Ascend): Tube Drift = 0.0833m (Max 0.0796m) at step 2
2026-04-23 23:58:47,880 - [ENV] - Episode ended without success at step 2. Final dist: 0.1251m
2026-04-23 23:58:47,882 - [ENV] - --- EPISODE START | Scenario: DESCEND | Start: [1.11183471 0.52685119 0.55      ] | Goal: [1.11183471 0.52685119 0.415     ] | DriftLimit: 0.0796 | FloorLimit: 0.4502 ---
2026-04-23 23:58:48,054 - [ENV] - TERMINATED (Descend): Tube Drift = 0.0819m (Max 0.0796m) at step 2
2026-04-23 23:58:48,055 - [ENV] - Episode ended without success at step 2. Final dist: 0.0940m
2026-04-23 23:58:48,056 - [ENV] - --- EPISODE START | Scenario: ASCEND | Start: [0.87965016 0.09529663 0.41      ] | Goal: [0.87965016 0.09529663 0.55      ] | DriftLimit: 0.0796 | FloorLimit: 0.4502 ---
2026-04-23 23:58:48,232 - [ENV] - TERMINATED (Ascend): Tube Drift = 0.0840m (Max 0.0796m) at step 2
2026-04-23 23:58:48,232 - [ENV] - Episode ended without success at step 2. Final dist: 0.1261m
2026-04-23 23:58:48,234 - [ENV] - --- EPISODE START | Scenario: DESCEND | Start: [1.03593595 0.09575924 0.55      ] | Goal: [1.03593595 0.09575924 0.415     ] | DriftLimit: 0.0796 | FloorLimit: 0.4502 ---
2026-04-23 23:58:48,378 - [ENV] - TERMINATED (Descend): Tube Drift = 0.0872m (Max 0.0796m) at step 2
2026-04-23 23:58:48,378 - [ENV] - Episode ended without success at step 2. Final dist: 0.1007m
2026-04-23 23:58:48,380 - [ENV] - --- EPISODE START | Scenario: ASCEND | Start: [0.86468275 0.08000165 0.41      ] | Goal: [0.86468275 0.08000165 0.55      ] | DriftLimit: 0.0796 | FloorLimit: 0.4502 ---
2026-04-23 23:58:48,550 - [ENV] - TERMINATED (Ascend): Tube Drift = 0.0841m (Max 0.0796m) at step 2
2026-04-23 23:58:48,550 - [ENV] - Episode ended without success at step 2. Final dist: 0.1262m
2026-04-23 23:58:48,552 - [ENV] - --- EPISODE START | Scenario: TRANSIT | Start: [1.10995907 0.51183572 0.55      ] | Goal: [0.92436435 0.23152181 0.55      ] | DriftLimit: 0.0796 | FloorLimit: 0.4502 ---
2026-04-23 23:58:50,161 - [ENV] - TERMINATED (Transit): Floor collision. Z = 0.4502m (Min 0.450m) at step 64
2026-04-23 23:58:50,161 - [ENV] - Episode ended without success at step 64. Final dist: 0.4437m
2026-04-23 23:58:50,162 - [ENV] - --- EPISODE START | Scenario: DESCEND | Start: [0.96150717 0.54279965 0.55      ] | Goal: [0.96150717 0.54279965 0.41      ] | DriftLimit: 0.0795 | FloorLimit: 0.4503 ---
2026-04-23 23:58:50,362 - [ENV] - TERMINATED (Descend): Tube Drift = 0.0978m (Max 0.0795m) at step 4
2026-04-23 23:58:50,362 - [ENV] - Episode ended without success at step 4. Final dist: 0.1002m
2026-04-23 23:58:50,362 - [ENV] - --- EPISODE START | Scenario: TRANSIT | Start: [0.87807231 0.01496349 0.55      ] | Goal: [0.8328876  0.24033626 0.55      ] | DriftLimit: 0.0795 | FloorLimit: 0.4503 ---
2026-04-23 23:58:50,454 - [ENV] - TERMINATED (Transit): Floor collision. Z = 0.4235m (Min 0.450m) at step 3
2026-04-23 23:58:50,454 - [ENV] - Episode ended without success at step 3. Final dist: 0.2413m
2026-04-23 23:58:50,454 - [ENV] - --- EPISODE START | Scenario: TRANSIT | Start: [1.03022015 0.35575625 0.55      ] | Goal: [0.93225668 0.14997693 0.55      ] | DriftLimit: 0.0795 | FloorLimit: 0.4503 ---
2026-04-23 23:58:50,627 - [ENV] - TERMINATED (Transit): Floor collision. Z = 0.4273m (Min 0.450m) at step 3
2026-04-23 23:58:50,627 - [ENV] - Episode ended without success at step 3. Final dist: 0.2488m
2026-04-23 23:58:50,628 - [ENV] - --- EPISODE START | Scenario: TRANSIT | Start: [0.74182068 0.24254099 0.55      ] | Goal: [0.80525327 0.39517576 0.55      ] | DriftLimit: 0.0795 | FloorLimit: 0.4503 ---
2026-04-23 23:58:50,820 - [ENV] - TERMINATED (Transit): Floor collision. Z = 0.4184m (Min 0.450m) at step 3
2026-04-23 23:58:50,821 - [ENV] - Episode ended without success at step 3. Final dist: 0.1754m
2026-04-23 23:58:50,821 - [ENV] - --- EPISODE START | Scenario: ASCEND | Start: [0.61146328 0.02122032 0.41      ] | Goal: [0.61146328 0.02122032 0.55      ] | DriftLimit: 0.0795 | FloorLimit: 0.4503 ---
2026-04-23 23:58:51,007 - [ENV] - TERMINATED (Ascend): Tube Drift = 0.1114m (Max 0.0795m) at step 3
2026-04-23 23:58:51,007 - [ENV] - Episode ended without success at step 3. Final dist: 0.1365m
2026-04-23 23:58:51,007 - [ENV] - --- EPISODE START | Scenario: TRANSIT | Start: [0.61992586 0.27605667 0.55      ] | Goal: [0.87080844 0.46413399 0.55      ] | DriftLimit: 0.0795 | FloorLimit: 0.4503 ---
2026-04-23 23:58:51,150 - [ENV] - TERMINATED (Transit): Floor collision. Z = 0.4360m (Min 0.450m) at step 2
2026-04-23 23:58:51,150 - [ENV] - Episode ended without success at step 2. Final dist: 0.2572m
2026-04-23 23:58:51,152 - [ENV] - --- EPISODE START | Scenario: DESCEND | Start: [0.66700226 0.53349513 0.55      ] | Goal: [0.66700226 0.53349513 0.41      ] | DriftLimit: 0.0795 | FloorLimit: 0.4503 ---
2026-04-23 23:58:51,412 - [ENV] - TERMINATED (Descend): Tube Drift = 0.0864m (Max 0.0795m) at step 6
2026-04-23 23:58:51,412 - [ENV] - Episode ended without success at step 6. Final dist: 0.0869m
2026-04-23 23:58:51,412 - [ENV] - --- EPISODE START | Scenario: ASCEND | Start: [0.66805794 0.01546275 0.41      ] | Goal: [0.66805794 0.01546275 0.55      ] | DriftLimit: 0.0795 | FloorLimit: 0.4503 ---
2026-04-23 23:58:51,612 - [ENV] - TERMINATED (Ascend): Tube Drift = 0.1028m (Max 0.0795m) at step 3
2026-04-23 23:58:51,612 - [ENV] - Episode ended without success at step 3. Final dist: 0.1266m
2026-04-23 23:58:51,613 - [ENV] - --- EPISODE START | Scenario: DESCEND | Start: [0.60750455 0.41777901 0.55      ] | Goal: [0.60750455 0.41777901 0.41      ] | DriftLimit: 0.0795 | FloorLimit: 0.4503 ---
2026-04-23 23:58:51,948 - [ENV] - TERMINATED (Descend): Tube Drift = 0.0858m (Max 0.0795m) at step 10
2026-04-23 23:58:51,948 - [ENV] - Episode ended without success at step 10. Final dist: 0.0863m
2026-04-23 23:58:51,949 - [ENV] - --- EPISODE START | Scenario: ASCEND | Start: [0.86948497 0.51302138 0.41      ] | Goal: [0.86948497 0.51302138 0.55      ] | DriftLimit: 0.0795 | FloorLimit: 0.4503 ---
2026-04-23 23:58:52,167 - [ENV] - TERMINATED (Ascend): Tube Drift = 0.1181m (Max 0.0795m) at step 3
2026-04-23 23:58:52,167 - [ENV] - Episode ended without success at step 3. Final dist: 0.1414m
2026-04-23 23:58:52,168 - [ENV] - --- EPISODE START | Scenario: TRANSIT | Start: [0.60131282 0.47841033 0.55      ] | Goal: [1.13869608 0.31991614 0.55      ] | DriftLimit: 0.0795 | FloorLimit: 0.4503 ---
2026-04-23 23:58:52,321 - [ENV] - TERMINATED (Transit): Floor collision. Z = 0.4494m (Min 0.450m) at step 2
2026-04-23 23:58:52,322 - [ENV] - Episode ended without success at step 2. Final dist: 0.5042m
2026-04-23 23:58:52,322 - [ENV] - --- EPISODE START | Scenario: ASCEND | Start: [1.14151432 0.49849316 0.41      ] | Goal: [1.14151432 0.49849316 0.55      ] | DriftLimit: 0.0795 | FloorLimit: 0.4503 ---
2026-04-23 23:58:52,497 - [ENV] - TERMINATED (Ascend): Tube Drift = 0.0827m (Max 0.0795m) at step 2
2026-04-23 23:58:52,497 - [ENV] - Episode ended without success at step 2. Final dist: 0.1244m
2026-04-23 23:58:52,498 - [ENV] - --- EPISODE START | Scenario: DESCEND | Start: [0.78193095 0.33905635 0.55      ] | Goal: [0.78193095 0.33905635 0.415     ] | DriftLimit: 0.0795 | FloorLimit: 0.4503 ---
2026-04-23 23:58:52,710 - [ENV] - TERMINATED (Descend): Tube Drift = 0.0891m (Max 0.0795m) at step 4
2026-04-23 23:58:52,710 - [ENV] - Episode ended without success at step 4. Final dist: 0.0893m
2026-04-23 23:58:52,710 - [ENV] - --- EPISODE START | Scenario: ASCEND | Start: [0.74665253 0.15386329 0.41      ] | Goal: [0.74665253 0.15386329 0.55      ] | DriftLimit: 0.0795 | FloorLimit: 0.4503 ---
2026-04-23 23:58:52,940 - [ENV] - TERMINATED (Ascend): Tube Drift = 0.1097m (Max 0.0795m) at step 3
2026-04-23 23:58:52,940 - [ENV] - Episode ended without success at step 3. Final dist: 0.1638m
2026-04-23 23:58:52,941 - [ENV] - --- EPISODE START | Scenario: DESCEND | Start: [1.00057563 0.12764634 0.55      ] | Goal: [1.00057563 0.12764634 0.41      ] | DriftLimit: 0.0795 | FloorLimit: 0.4503 ---
2026-04-23 23:58:53,146 - [ENV] - TERMINATED (Descend): Tube Drift = 0.0819m (Max 0.0795m) at step 2
2026-04-23 23:58:53,146 - [ENV] - Episode ended without success at step 2. Final dist: 0.0988m
2026-04-23 23:58:53,147 - [ENV] - --- EPISODE START | Scenario: ASCEND | Start: [0.62937821 0.42976978 0.41      ] | Goal: [0.62937821 0.42976978 0.55      ] | DriftLimit: 0.0795 | FloorLimit: 0.4503 ---
2026-04-23 23:58:53,407 - [ENV] - TERMINATED (Ascend): Tube Drift = 0.1206m (Max 0.0795m) at step 3
2026-04-23 23:58:53,408 - [ENV] - Episode ended without success at step 3. Final dist: 0.1582m
2026-04-23 23:58:53,432 - [ENV] - --- EPISODE START | Scenario: TRANSIT | Start: [0.71795724 0.10064446 0.55      ] | Goal: [1.03989901 0.16674342 0.55      ] | DriftLimit: 0.0795 | FloorLimit: 0.4503 ---
2026-04-23 23:58:53,611 - [ENV] - TERMINATED (Transit): Floor collision. Z = 0.4341m (Min 0.450m) at step 2
2026-04-23 23:58:53,611 - [ENV] - Episode ended without success at step 2. Final dist: 0.3455m
2026-04-23 23:58:53,613 - [ENV] - --- EPISODE START | Scenario: TRANSIT | Start: [0.86917267 0.45228521 0.55      ] | Goal: [0.75778576 0.47630624 0.55      ] | DriftLimit: 0.0795 | FloorLimit: 0.4503 ---
2026-04-23 23:58:53,867 - [ENV] - TERMINATED (Transit): Floor collision. Z = 0.4227m (Min 0.450m) at step 3
2026-04-23 23:58:53,868 - [ENV] - Episode ended without success at step 3. Final dist: 0.1385m
2026-04-23 23:58:53,869 - [ENV] - --- EPISODE START | Scenario: ASCEND | Start: [0.87525991 0.00574575 0.41      ] | Goal: [0.87525991 0.00574575 0.55      ] | DriftLimit: 0.0795 | FloorLimit: 0.4503 ---
2026-04-23 23:58:54,047 - [ENV] - TERMINATED (Ascend): Tube Drift = 0.0892m (Max 0.0795m) at step 2
2026-04-23 23:58:54,048 - [ENV] - Episode ended without success at step 2. Final dist: 0.1289m
2026-04-23 23:58:54,049 - [ENV] - --- EPISODE START | Scenario: DESCEND | Start: [1.08988411 0.07158209 0.55      ] | Goal: [1.08988411 0.07158209 0.41      ] | DriftLimit: 0.0795 | FloorLimit: 0.4503 ---
2026-04-23 23:58:54,263 - [ENV] - TERMINATED (Descend): Tube Drift = 0.0812m (Max 0.0795m) at step 2
2026-04-23 23:58:54,263 - [ENV] - Episode ended without success at step 2. Final dist: 0.0981m
2026-04-23 23:58:54,264 - [ENV] - --- EPISODE START | Scenario: TRANSIT | Start: [1.04148743 0.32926696 0.55      ] | Goal: [1.15440554 0.48057261 0.55      ] | DriftLimit: 0.0795 | FloorLimit: 0.4503 ---
2026-04-23 23:58:54,489 - [ENV] - TERMINATED (Transit): Floor collision. Z = 0.4255m (Min 0.450m) at step 3
2026-04-23 23:58:54,490 - [ENV] - Episode ended without success at step 3. Final dist: 0.1425m
2026-04-23 23:58:54,490 - [ENV] - --- EPISODE START | Scenario: ASCEND | Start: [0.81385617 0.04785759 0.41      ] | Goal: [0.81385617 0.04785759 0.55      ] | DriftLimit: 0.0795 | FloorLimit: 0.4503 ---
2026-04-23 23:58:54,684 - [ENV] - TERMINATED (Ascend): Tube Drift = 0.0884m (Max 0.0795m) at step 2
2026-04-23 23:58:54,684 - [ENV] - Episode ended without success at step 2. Final dist: 0.1299m
2026-04-23 23:58:54,685 - [ENV] - --- EPISODE START | Scenario: ASCEND | Start: [0.76422338 0.36846228 0.41      ] | Goal: [0.76422338 0.36846228 0.55      ] | DriftLimit: 0.0795 | FloorLimit: 0.4503 ---
2026-04-23 23:58:55,020 - [ENV] - TERMINATED (Ascend): Tube Drift = 0.1117m (Max 0.0795m) at step 3
2026-04-23 23:58:55,021 - [ENV] - Episode ended without success at step 3. Final dist: 0.1545m
2026-04-23 23:58:55,022 - [ENV] - --- EPISODE START | Scenario: ASCEND | Start: [0.62923757 0.1182012  0.41      ] | Goal: [0.62923757 0.1182012  0.55      ] | DriftLimit: 0.0795 | FloorLimit: 0.4503 ---
2026-04-23 23:58:55,314 - [ENV] - TERMINATED (Ascend): Tube Drift = 0.0870m (Max 0.0795m) at step 2
2026-04-23 23:58:55,314 - [ENV] - Episode ended without success at step 2. Final dist: 0.1414m
2026-04-23 23:58:55,316 - [ENV] - --- EPISODE START | Scenario: DESCEND | Start: [0.8067974  0.04881871 0.55      ] | Goal: [0.8067974  0.04881871 0.415     ] | DriftLimit: 0.0795 | FloorLimit: 0.4503 ---
2026-04-23 23:58:55,566 - [ENV] - TERMINATED (Descend): Tube Drift = 0.0802m (Max 0.0795m) at step 2
2026-04-23 23:58:55,566 - [ENV] - Episode ended without success at step 2. Final dist: 0.0883m
2026-04-23 23:58:55,567 - [ENV] - --- EPISODE START | Scenario: DESCEND | Start: [1.0149102 0.2779503 0.55     ] | Goal: [1.0149102 0.2779503 0.415    ] | DriftLimit: 0.0795 | FloorLimit: 0.4503 ---
2026-04-23 23:58:55,823 - [ENV] - TERMINATED (Descend): Tube Drift = 0.0856m (Max 0.0795m) at step 3
2026-04-23 23:58:55,824 - [ENV] - Episode ended without success at step 3. Final dist: 0.0867m
2026-04-23 23:58:55,825 - [ENV] - --- EPISODE START | Scenario: TRANSIT | Start: [ 1.05341813 -0.01434668  0.55      ] | Goal: [0.67320323 0.4992592  0.55      ] | DriftLimit: 0.0795 | FloorLimit: 0.4503 ---
2026-04-23 23:59:01,792 - [ENV] - --- EPISODE START | Scenario: TRANSIT | Start: [1.07505029 0.20864809 0.55      ] | Goal: [0.91252011 0.33558315 0.55      ] | DriftLimit: 0.0793 | FloorLimit: 0.4504 ---
2026-04-23 23:59:08,045 - [ENV] - --- EPISODE START | Scenario: DESCEND | Start: [0.97828675 0.48455693 0.55      ] | Goal: [0.97828675 0.48455693 0.41      ] | DriftLimit: 0.0792 | FloorLimit: 0.4504 ---
2026-04-23 23:59:12,740 - [ENV] - --- EPISODE START | Scenario: ASCEND | Start: [0.62231546 0.00992384 0.41      ] | Goal: [0.62231546 0.00992384 0.55      ] | DriftLimit: 0.0791 | FloorLimit: 0.4505 ---
2026-04-23 23:59:12,944 - [ENV] - TERMINATED (Ascend): Tube Drift = 0.1063m (Max 0.0791m) at step 3
2026-04-23 23:59:12,944 - [ENV] - Episode ended without success at step 3. Final dist: 0.1521m
2026-04-23 23:59:12,945 - [ENV] - --- EPISODE START | Scenario: TRANSIT | Start: [1.12966099 0.47984407 0.55      ] | Goal: [0.9131549  0.05229311 0.55      ] | DriftLimit: 0.0791 | FloorLimit: 0.4505 ---
2026-04-23 23:59:18,326 - [ENV] - --- EPISODE START | Scenario: DESCEND | Start: [1.00260572 0.09850998 0.55      ] | Goal: [1.00260572 0.09850998 0.41      ] | DriftLimit: 0.0789 | FloorLimit: 0.4506 ---
2026-04-23 23:59:19,133 - [ENV] - SUCCESS: Goal reached in 29 steps. Dist = 0.0099m
2026-04-23 23:59:19,134 - [ENV] - --- EPISODE START | Scenario: ASCEND | Start: [0.66045596 0.35097546 0.41      ] | Goal: [0.66045596 0.35097546 0.55      ] | DriftLimit: 0.0789 | FloorLimit: 0.4506 ---
2026-04-23 23:59:19,457 - [ENV] - TERMINATED (Ascend): Tube Drift = 0.1137m (Max 0.0789m) at step 3
2026-04-23 23:59:19,458 - [ENV] - Episode ended without success at step 3. Final dist: 0.1520m
2026-04-23 23:59:19,459 - [ENV] - --- EPISODE START | Scenario: TRANSIT | Start: [1.06320653 0.39697255 0.55      ] | Goal: [1.11504436 0.0965697  0.55      ] | DriftLimit: 0.0789 | FloorLimit: 0.4506 ---
2026-04-23 23:59:24,817 - [ENV] - --- EPISODE START | Scenario: DESCEND | Start: [0.82682447 0.1834384  0.55      ] | Goal: [0.82682447 0.1834384  0.415     ] | DriftLimit: 0.0788 | FloorLimit: 0.4507 ---
2026-04-23 23:59:25,439 - [ENV] - SUCCESS: Goal reached in 13 steps. Dist = 0.0098m
2026-04-23 23:59:25,440 - [ENV] - --- EPISODE START | Scenario: ASCEND | Start: [0.71189951 0.40407173 0.41      ] | Goal: [0.71189951 0.40407173 0.55      ] | DriftLimit: 0.0788 | FloorLimit: 0.4507 ---
2026-04-23 23:59:25,765 - [ENV] - TERMINATED (Ascend): Tube Drift = 0.1118m (Max 0.0788m) at step 4
2026-04-23 23:59:25,765 - [ENV] - Episode ended without success at step 4. Final dist: 0.1616m
2026-04-23 23:59:25,765 - [ENV] - --- EPISODE START | Scenario: DESCEND | Start: [1.12054119 0.26886254 0.55      ] | Goal: [1.12054119 0.26886254 0.41      ] | DriftLimit: 0.0788 | FloorLimit: 0.4507 ---
2026-04-23 23:59:30,967 - [ENV] - --- EPISODE START | Scenario: TRANSIT | Start: [0.7377901  0.15925967 0.55      ] | Goal: [1.05524958 0.15242329 0.55      ] | DriftLimit: 0.0787 | FloorLimit: 0.4507 ---
2026-04-23 23:59:36,396 - [ENV] - --- EPISODE START | Scenario: DESCEND | Start: [0.68706891 0.31669412 0.55      ] | Goal: [0.68706891 0.31669412 0.41      ] | DriftLimit: 0.0785 | FloorLimit: 0.4508 ---
2026-04-23 23:59:41,439 - [ENV] - --- EPISODE START | Scenario: ASCEND | Start: [0.96006986 0.34081536 0.41      ] | Goal: [0.96006986 0.34081536 0.55      ] | DriftLimit: 0.0784 | FloorLimit: 0.4509 ---
2026-04-23 23:59:41,699 - [ENV] - TERMINATED (Ascend): Tube Drift = 0.0785m (Max 0.0784m) at step 4
2026-04-23 23:59:41,700 - [ENV] - Episode ended without success at step 4. Final dist: 0.1492m
2026-04-23 23:59:41,700 - [ENV] - --- EPISODE START | Scenario: DESCEND | Start: [0.84341685 0.32296579 0.55      ] | Goal: [0.84341685 0.32296579 0.415     ] | DriftLimit: 0.0784 | FloorLimit: 0.4509 ---
2026-04-23 23:59:46,910 - [ENV] - --- EPISODE START | Scenario: ASCEND | Start: [1.00514174 0.38571899 0.41      ] | Goal: [1.00514174 0.38571899 0.55      ] | DriftLimit: 0.0783 | FloorLimit: 0.4509 ---
2026-04-23 23:59:47,067 - [ENV] - TERMINATED (Ascend): Tube Drift = 0.0829m (Max 0.0783m) at step 2
2026-04-23 23:59:47,068 - [ENV] - Episode ended without success at step 2. Final dist: 0.1258m
2026-04-23 23:59:47,069 - [ENV] - --- EPISODE START | Scenario: DESCEND | Start: [0.93000232 0.48115554 0.55      ] | Goal: [0.93000232 0.48115554 0.415     ] | DriftLimit: 0.0783 | FloorLimit: 0.4509 ---
2026-04-23 23:59:49,337 - [ENV] - SUCCESS: Goal reached in 83 steps. Dist = 0.0099m
2026-04-23 23:59:49,339 - [ENV] - --- EPISODE START | Scenario: DESCEND | Start: [0.67272451 0.36844676 0.55      ] | Goal: [0.67272451 0.36844676 0.415     ] | DriftLimit: 0.0782 | FloorLimit: 0.4510 ---
2026-04-24 00:00:23,507 - [ENV] - --- EPISODE START | Scenario: DESCEND | Start: [0.99825399 0.41136661 0.55      ] | Goal: [0.99825399 0.41136661 0.41      ] | DriftLimit: 0.0781 | FloorLimit: 0.4511 ---
2026-04-24 00:00:28,584 - [ENV] - --- EPISODE START | Scenario: ASCEND | Start: [1.0689781  0.29278804 0.41      ] | Goal: [1.0689781  0.29278804 0.55      ] | DriftLimit: 0.0779 | FloorLimit: 0.4511 ---
2026-04-24 00:00:28,816 - [ENV] - TERMINATED (Ascend): Tube Drift = 0.0803m (Max 0.0779m) at step 2
2026-04-24 00:00:28,816 - [ENV] - Episode ended without success at step 2. Final dist: 0.1232m
2026-04-24 00:00:28,818 - [ENV] - --- EPISODE START | Scenario: DESCEND | Start: [1.01316176 0.00131665 0.55      ] | Goal: [1.01316176 0.00131665 0.41      ] | DriftLimit: 0.0779 | FloorLimit: 0.4511 ---
2026-04-24 00:00:29,199 - [ENV] - SUCCESS: Goal reached in 8 steps. Dist = 0.0099m
2026-04-24 00:00:29,200 - [ENV] - --- EPISODE START | Scenario: TRANSIT | Start: [0.66576025 0.46791106 0.55      ] | Goal: [1.12410679 0.33858769 0.55      ] | DriftLimit: 0.0779 | FloorLimit: 0.4511 ---
2026-04-24 00:00:34,472 - [ENV] - --- EPISODE START | Scenario: ASCEND | Start: [0.99145705 0.09753191 0.41      ] | Goal: [0.99145705 0.09753191 0.55      ] | DriftLimit: 0.0778 | FloorLimit: 0.4512 ---
2026-04-24 00:00:34,739 - [ENV] - TERMINATED (Ascend): Tube Drift = 0.1114m (Max 0.0778m) at step 3
2026-04-24 00:00:34,739 - [ENV] - Episode ended without success at step 3. Final dist: 0.1287m
2026-04-24 00:00:34,740 - [ENV] - --- EPISODE START | Scenario: DESCEND | Start: [1.06071186 0.24084047 0.55      ] | Goal: [1.06071186 0.24084047 0.415     ] | DriftLimit: 0.0778 | FloorLimit: 0.4512 ---
2026-04-24 00:00:34,980 - [ENV] - SUCCESS: Goal reached in 5 steps. Dist = 0.0092m
2026-04-24 00:00:34,981 - [ENV] - --- EPISODE START | Scenario: TRANSIT | Start: [0.64725498 0.32293565 0.55      ] | Goal: [0.88782868 0.27996484 0.55      ] | DriftLimit: 0.0778 | FloorLimit: 0.4512 ---
2026-04-24 00:00:40,203 - [ENV] - --- EPISODE START | Scenario: ASCEND | Start: [0.99104753 0.438847   0.41      ] | Goal: [0.99104753 0.438847   0.55      ] | DriftLimit: 0.0777 | FloorLimit: 0.4513 ---
2026-04-24 00:00:40,403 - [ENV] - TERMINATED (Ascend): Tube Drift = 0.0832m (Max 0.0777m) at step 2
2026-04-24 00:00:40,403 - [ENV] - Episode ended without success at step 2. Final dist: 0.1250m
2026-04-24 00:00:40,405 - [ENV] - --- EPISODE START | Scenario: DESCEND | Start: [0.8131664  0.04690664 0.55      ] | Goal: [0.8131664  0.04690664 0.415     ] | DriftLimit: 0.0777 | FloorLimit: 0.4513 ---
2026-04-24 00:00:40,636 - [ENV] - SUCCESS: Goal reached in 5 steps. Dist = 0.0098m
2026-04-24 00:00:40,636 - [ENV] - --- EPISODE START | Scenario: TRANSIT | Start: [0.73226209 0.49842137 0.55      ] | Goal: [ 1.00694636 -0.01245152  0.55      ] | DriftLimit: 0.0777 | FloorLimit: 0.4513 ---
2026-04-24 00:00:46,241 - [ENV] - --- EPISODE START | Scenario: TRANSIT | Start: [0.72233979 0.08432393 0.55      ] | Goal: [0.66862375 0.50287441 0.55      ] | DriftLimit: 0.0775 | FloorLimit: 0.4513 ---
2026-04-24 00:00:52,371 - [ENV] - --- EPISODE START | Scenario: TRANSIT | Start: [0.90335385 0.08701193 0.55      ] | Goal: [0.61778423 0.12591146 0.55      ] | DriftLimit: 0.0774 | FloorLimit: 0.4514 ---
2026-04-24 00:00:57,996 - [ENV] - --- EPISODE START | Scenario: DESCEND | Start: [0.71611597 0.04175124 0.55      ] | Goal: [0.71611597 0.04175124 0.41      ] | DriftLimit: 0.0773 | FloorLimit: 0.4515 ---
2026-04-24 00:01:04,677 - [ENV] - --- EPISODE START | Scenario: DESCEND | Start: [0.60765075 0.03075071 0.55      ] | Goal: [0.60765075 0.03075071 0.41      ] | DriftLimit: 0.0772 | FloorLimit: 0.4516 ---
2026-04-24 00:01:09,916 - [ENV] - --- EPISODE START | Scenario: TRANSIT | Start: [0.6209755  0.52640444 0.55      ] | Goal: [0.93218517 0.5033343  0.55      ] | DriftLimit: 0.0770 | FloorLimit: 0.4516 ---
2026-04-24 00:01:15,305 - [ENV] - --- EPISODE START | Scenario: DESCEND | Start: [1.04030832 0.19329042 0.55      ] | Goal: [1.04030832 0.19329042 0.415     ] | DriftLimit: 0.0769 | FloorLimit: 0.4517 ---
2026-04-24 00:01:15,577 - [ENV] - SUCCESS: Goal reached in 6 steps. Dist = 0.0096m
2026-04-24 00:01:15,577 - [ENV] - --- EPISODE START | Scenario: DESCEND | Start: [1.01707718 0.41857069 0.55      ] | Goal: [1.01707718 0.41857069 0.415     ] | DriftLimit: 0.0769 | FloorLimit: 0.4517 ---
2026-04-24 00:01:21,036 - [ENV] - --- EPISODE START | Scenario: TRANSIT | Start: [1.11827634 0.54291279 0.55      ] | Goal: [1.12548279 0.34494707 0.55      ] | DriftLimit: 0.0768 | FloorLimit: 0.4518 ---
2026-04-24 00:01:26,706 - [ENV] - --- EPISODE START | Scenario: ASCEND | Start: [ 1.01212842 -0.01188009  0.41      ] | Goal: [ 1.01212842 -0.01188009  0.55      ] | DriftLimit: 0.0766 | FloorLimit: 0.4518 ---
2026-04-24 00:01:26,865 - [ENV] - TERMINATED (Ascend): Tube Drift = 0.0784m (Max 0.0766m) at step 2
2026-04-24 00:01:26,865 - [ENV] - Episode ended without success at step 2. Final dist: 0.1212m
2026-04-24 00:01:26,865 - [ENV] - --- EPISODE START | Scenario: DESCEND | Start: [0.71437015 0.25986243 0.55      ] | Goal: [0.71437015 0.25986243 0.41      ] | DriftLimit: 0.0766 | FloorLimit: 0.4518 ---
2026-04-24 00:01:32,533 - [ENV] - --- EPISODE START | Scenario: ASCEND | Start: [0.61171391 0.4688575  0.41      ] | Goal: [0.61171391 0.4688575  0.55      ] | DriftLimit: 0.0765 | FloorLimit: 0.4519 ---
2026-04-24 00:01:32,765 - [ENV] - TERMINATED (Ascend): Tube Drift = 0.1089m (Max 0.0765m) at step 3
2026-04-24 00:01:32,765 - [ENV] - Episode ended without success at step 3. Final dist: 0.1320m
2026-04-24 00:01:32,765 - [ENV] - --- EPISODE START | Scenario: TRANSIT | Start: [0.71211032 0.19415175 0.55      ] | Goal: [0.83570382 0.08554221 0.55      ] | DriftLimit: 0.0765 | FloorLimit: 0.4519 ---
2026-04-24 00:01:38,154 - [ENV] - --- EPISODE START | Scenario: DESCEND | Start: [1.0809107  0.34844151 0.55      ] | Goal: [1.0809107  0.34844151 0.41      ] | DriftLimit: 0.0764 | FloorLimit: 0.4520 ---
2026-04-24 00:02:22,644 - [ENV] - --- EPISODE START | Scenario: TRANSIT | Start: [0.93333447 0.43058566 0.55      ] | Goal: [0.76555189 0.21075215 0.55      ] | DriftLimit: 0.0763 | FloorLimit: 0.4520 ---
2026-04-24 00:02:28,212 - [ENV] - --- EPISODE START | Scenario: ASCEND | Start: [1.05033289 0.5065443  0.41      ] | Goal: [1.05033289 0.5065443  0.55      ] | DriftLimit: 0.0761 | FloorLimit: 0.4521 ---
2026-04-24 00:02:28,506 - [ENV] - TERMINATED (Ascend): Tube Drift = 0.1040m (Max 0.0761m) at step 3
2026-04-24 00:02:28,506 - [ENV] - Episode ended without success at step 3. Final dist: 0.1395m
2026-04-24 00:02:28,507 - [ENV] - --- EPISODE START | Scenario: ASCEND | Start: [0.66550818 0.21199137 0.41      ] | Goal: [0.66550818 0.21199137 0.55      ] | DriftLimit: 0.0761 | FloorLimit: 0.4521 ---
2026-04-24 00:02:29,250 - [ENV] - TERMINATED (Ascend): Tube Drift = 0.0842m (Max 0.0761m) at step 16
2026-04-24 00:02:29,250 - [ENV] - Episode ended without success at step 16. Final dist: 0.1246m
2026-04-24 00:02:29,251 - [ENV] - --- EPISODE START | Scenario: TRANSIT | Start: [1.09849157 0.31599161 0.55      ] | Goal: [0.98505832 0.20387802 0.55      ] | DriftLimit: 0.0761 | FloorLimit: 0.4521 ---
2026-04-24 00:02:33,897 - [ENV] - SUCCESS: Goal reached in 144 steps. Dist = 0.0098m
2026-04-24 00:02:33,898 - [ENV] - --- EPISODE START | Scenario: ASCEND | Start: [1.09150967 0.02223637 0.41      ] | Goal: [1.09150967 0.02223637 0.55      ] | DriftLimit: 0.0760 | FloorLimit: 0.4522 ---
2026-04-24 00:02:34,118 - [ENV] - TERMINATED (Ascend): Tube Drift = 0.0809m (Max 0.0760m) at step 2
2026-04-24 00:02:34,119 - [ENV] - Episode ended without success at step 2. Final dist: 0.1220m
2026-04-24 00:02:34,120 - [ENV] - --- EPISODE START | Scenario: DESCEND | Start: [1.06045075 0.28013641 0.55      ] | Goal: [1.06045075 0.28013641 0.415     ] | DriftLimit: 0.0760 | FloorLimit: 0.4522 ---
2026-04-24 00:02:40,013 - [ENV] - --- EPISODE START | Scenario: TRANSIT | Start: [0.60712772 0.5372661  0.55      ] | Goal: [1.00372236 0.41928406 0.55      ] | DriftLimit: 0.0759 | FloorLimit: 0.4523 ---
2026-04-24 00:02:45,963 - [ENV] - --- EPISODE START | Scenario: ASCEND | Start: [0.77897286 0.16412912 0.41      ] | Goal: [0.77897286 0.16412912 0.55      ] | DriftLimit: 0.0757 | FloorLimit: 0.4523 ---
2026-04-24 00:02:46,217 - [ENV] - TERMINATED (Ascend): Tube Drift = 0.0778m (Max 0.0757m) at step 4
2026-04-24 00:02:46,217 - [ENV] - Episode ended without success at step 4. Final dist: 0.1333m
2026-04-24 00:02:46,217 - [ENV] - --- EPISODE START | Scenario: ASCEND | Start: [0.61849093 0.12992538 0.41      ] | Goal: [0.61849093 0.12992538 0.55      ] | DriftLimit: 0.0757 | FloorLimit: 0.4523 ---
2026-04-24 00:02:46,769 - [ENV] - TERMINATED (Ascend): Tube Drift = 0.0783m (Max 0.0757m) at step 9
2026-04-24 00:02:46,769 - [ENV] - Episode ended without success at step 9. Final dist: 0.1121m
2026-04-24 00:02:46,769 - [ENV] - --- EPISODE START | Scenario: ASCEND | Start: [1.05201533 0.39155938 0.41      ] | Goal: [1.05201533 0.39155938 0.55      ] | DriftLimit: 0.0757 | FloorLimit: 0.4523 ---
2026-04-24 00:02:46,991 - [ENV] - TERMINATED (Ascend): Tube Drift = 0.0990m (Max 0.0757m) at step 3
2026-04-24 00:02:46,991 - [ENV] - Episode ended without success at step 3. Final dist: 0.1294m
2026-04-24 00:02:46,992 - [ENV] - --- EPISODE START | Scenario: TRANSIT | Start: [0.71256958 0.41333208 0.55      ] | Goal: [0.93727848 0.32071517 0.55      ] | DriftLimit: 0.0757 | FloorLimit: 0.4523 ---
2026-04-24 00:02:47,866 - [ENV] - SUCCESS: Goal reached in 26 steps. Dist = 0.0092m
2026-04-24 00:02:47,867 - [ENV] - --- EPISODE START | Scenario: ASCEND | Start: [0.72301177 0.30695684 0.41      ] | Goal: [0.72301177 0.30695684 0.55      ] | DriftLimit: 0.0757 | FloorLimit: 0.4523 ---
2026-04-24 00:02:48,226 - [ENV] - TERMINATED (Ascend): Tube Drift = 0.0892m (Max 0.0757m) at step 7
2026-04-24 00:02:48,226 - [ENV] - Episode ended without success at step 7. Final dist: 0.1501m
2026-04-24 00:02:48,226 - [ENV] - --- EPISODE START | Scenario: ASCEND | Start: [1.03861022 0.25459729 0.41      ] | Goal: [1.03861022 0.25459729 0.55      ] | DriftLimit: 0.0757 | FloorLimit: 0.4523 ---
2026-04-24 00:02:48,459 - [ENV] - TERMINATED (Ascend): Tube Drift = 0.0828m (Max 0.0757m) at step 3
2026-04-24 00:02:48,460 - [ENV] - Episode ended without success at step 3. Final dist: 0.1310m
2026-04-24 00:02:48,461 - [ENV] - --- EPISODE START | Scenario: DESCEND | Start: [0.94463716 0.34229384 0.55      ] | Goal: [0.94463716 0.34229384 0.415     ] | DriftLimit: 0.0757 | FloorLimit: 0.4523 ---
2026-04-24 00:02:54,692 - [ENV] - --- EPISODE START | Scenario: TRANSIT | Start: [0.78879024 0.47756997 0.55      ] | Goal: [0.64945611 0.30219509 0.55      ] | DriftLimit: 0.0756 | FloorLimit: 0.4524 ---
2026-04-24 00:03:00,549 - [ENV] - --- EPISODE START | Scenario: ASCEND | Start: [0.68851264 0.10068499 0.41      ] | Goal: [0.68851264 0.10068499 0.55      ] | DriftLimit: 0.0754 | FloorLimit: 0.4525 ---
2026-04-24 00:03:00,754 - [ENV] - TERMINATED (Ascend): Tube Drift = 0.0910m (Max 0.0754m) at step 3
2026-04-24 00:03:00,754 - [ENV] - Episode ended without success at step 3. Final dist: 0.1473m
2026-04-24 00:03:00,755 - [ENV] - --- EPISODE START | Scenario: ASCEND | Start: [0.91192535 0.29405632 0.41      ] | Goal: [0.91192535 0.29405632 0.55      ] | DriftLimit: 0.0754 | FloorLimit: 0.4525 ---
2026-04-24 00:03:00,984 - [ENV] - TERMINATED (Ascend): Tube Drift = 0.0876m (Max 0.0754m) at step 3
2026-04-24 00:03:00,984 - [ENV] - Episode ended without success at step 3. Final dist: 0.1129m
2026-04-24 00:03:00,984 - [ENV] - --- EPISODE START | Scenario: TRANSIT | Start: [1.13414686 0.05253884 0.55      ] | Goal: [0.89933127 0.23853875 0.55      ] | DriftLimit: 0.0754 | FloorLimit: 0.4525 ---
2026-04-24 00:03:01,936 - [ENV] - SUCCESS: Goal reached in 27 steps. Dist = 0.0100m
2026-04-24 00:03:01,937 - [ENV] - --- EPISODE START | Scenario: DESCEND | Start: [0.7486136  0.46301317 0.55      ] | Goal: [0.7486136  0.46301317 0.41      ] | DriftLimit: 0.0754 | FloorLimit: 0.4525 ---
2026-04-24 00:03:07,685 - [ENV] - --- EPISODE START | Scenario: DESCEND | Start: [0.8537706  0.03713662 0.55      ] | Goal: [0.8537706  0.03713662 0.415     ] | DriftLimit: 0.0753 | FloorLimit: 0.4526 ---
2026-04-24 00:03:13,021 - [ENV] - --- EPISODE START | Scenario: DESCEND | Start: [1.08681714 0.28542728 0.55      ] | Goal: [1.08681714 0.28542728 0.41      ] | DriftLimit: 0.0752 | FloorLimit: 0.4526 ---
2026-04-24 00:03:18,906 - [ENV] - --- EPISODE START | Scenario: DESCEND | Start: [0.97752091 0.13940337 0.55      ] | Goal: [0.97752091 0.13940337 0.415     ] | DriftLimit: 0.0750 | FloorLimit: 0.4527 ---
2026-04-24 00:03:24,838 - [ENV] - --- EPISODE START | Scenario: ASCEND | Start: [0.60825684 0.21883362 0.41      ] | Goal: [0.60825684 0.21883362 0.55      ] | DriftLimit: 0.0749 | FloorLimit: 0.4528 ---
2026-04-24 00:03:25,349 - [ENV] - TERMINATED (Ascend): Tube Drift = 0.0897m (Max 0.0749m) at step 10
2026-04-24 00:03:25,349 - [ENV] - Episode ended without success at step 10. Final dist: 0.1061m
2026-04-24 00:03:25,350 - [ENV] - --- EPISODE START | Scenario: DESCEND | Start: [0.83089179 0.25879799 0.55      ] | Goal: [0.83089179 0.25879799 0.41      ] | DriftLimit: 0.0749 | FloorLimit: 0.4528 ---
2026-04-24 00:03:30,757 - [ENV] - --- EPISODE START | Scenario: ASCEND | Start: [0.65687114 0.33851145 0.41      ] | Goal: [0.65687114 0.33851145 0.55      ] | DriftLimit: 0.0748 | FloorLimit: 0.4528 ---
2026-04-24 00:03:31,067 - [ENV] - TERMINATED (Ascend): Tube Drift = 0.0770m (Max 0.0748m) at step 3
2026-04-24 00:03:31,068 - [ENV] - Episode ended without success at step 3. Final dist: 0.1314m
2026-04-24 00:03:31,068 - [ENV] - --- EPISODE START | Scenario: TRANSIT | Start: [0.83320928 0.0434465  0.55      ] | Goal: [1.0139205  0.43859337 0.55      ] | DriftLimit: 0.0748 | FloorLimit: 0.4529 ---
2026-04-24 00:03:32,275 - [ENV] - SUCCESS: Goal reached in 37 steps. Dist = 0.0089m
2026-04-24 00:03:32,275 - [ENV] - --- EPISODE START | Scenario: DESCEND | Start: [0.66012728 0.02806179 0.55      ] | Goal: [0.66012728 0.02806179 0.415     ] | DriftLimit: 0.0747 | FloorLimit: 0.4529 ---
2026-04-24 00:03:32,982 - [ENV] - SUCCESS: Goal reached in 20 steps. Dist = 0.0098m
2026-04-24 00:03:32,983 - [ENV] - --- EPISODE START | Scenario: DESCEND | Start: [0.82984558 0.44144697 0.55      ] | Goal: [0.82984558 0.44144697 0.41      ] | DriftLimit: 0.0747 | FloorLimit: 0.4529 ---
2026-04-24 00:03:38,471 - [ENV] - --- EPISODE START | Scenario: DESCEND | Start: [0.62973172 0.06455821 0.55      ] | Goal: [0.62973172 0.06455821 0.415     ] | DriftLimit: 0.0746 | FloorLimit: 0.4529 ---
2026-04-24 00:03:39,227 - [ENV] - SUCCESS: Goal reached in 25 steps. Dist = 0.0097m
2026-04-24 00:03:39,228 - [ENV] - --- EPISODE START | Scenario: TRANSIT | Start: [1.15765753 0.1968667  0.55      ] | Goal: [1.02540611 0.07433898 0.55      ] | DriftLimit: 0.0746 | FloorLimit: 0.4530 ---
2026-04-24 00:04:20,270 - [ENV] - --- EPISODE START | Scenario: TRANSIT | Start: [0.99228865 0.21583123 0.55      ] | Goal: [1.08676226 0.26070529 0.55      ] | DriftLimit: 0.0745 | FloorLimit: 0.4530 ---
2026-04-24 00:04:25,591 - [ENV] - --- EPISODE START | Scenario: ASCEND | Start: [1.13609349 0.03180738 0.41      ] | Goal: [1.13609349 0.03180738 0.55      ] | DriftLimit: 0.0743 | FloorLimit: 0.4531 ---
2026-04-24 00:04:25,792 - [ENV] - TERMINATED (Ascend): Tube Drift = 0.1061m (Max 0.0743m) at step 3
2026-04-24 00:04:25,793 - [ENV] - Episode ended without success at step 3. Final dist: 0.1231m
2026-04-24 00:04:25,793 - [ENV] - --- EPISODE START | Scenario: ASCEND | Start: [1.08818797 0.046885   0.41      ] | Goal: [1.08818797 0.046885   0.55      ] | DriftLimit: 0.0743 | FloorLimit: 0.4531 ---
2026-04-24 00:04:25,992 - [ENV] - TERMINATED (Ascend): Tube Drift = 0.1086m (Max 0.0743m) at step 3
2026-04-24 00:04:25,992 - [ENV] - Episode ended without success at step 3. Final dist: 0.1252m
2026-04-24 00:04:25,993 - [ENV] - --- EPISODE START | Scenario: DESCEND | Start: [0.88012085 0.1167635  0.55      ] | Goal: [0.88012085 0.1167635  0.415     ] | DriftLimit: 0.0743 | FloorLimit: 0.4531 ---
2026-04-24 00:04:31,677 - [ENV] - --- EPISODE START | Scenario: TRANSIT | Start: [0.70739826 0.22403635 0.55      ] | Goal: [0.65937445 0.38624712 0.55      ] | DriftLimit: 0.0742 | FloorLimit: 0.4532 ---
2026-04-24 00:04:33,891 - [ENV] - TERMINATED (Transit): Floor collision. Z = 0.4527m (Min 0.453m) at step 71
2026-04-24 00:04:33,891 - [ENV] - Episode ended without success at step 71. Final dist: 0.1117m
2026-04-24 00:04:33,891 - [ENV] - --- EPISODE START | Scenario: ASCEND | Start: [0.8841776  0.01885124 0.41      ] | Goal: [0.8841776  0.01885124 0.55      ] | DriftLimit: 0.0741 | FloorLimit: 0.4532 ---
2026-04-24 00:04:34,064 - [ENV] - TERMINATED (Ascend): Tube Drift = 0.0761m (Max 0.0741m) at step 2
2026-04-24 00:04:34,065 - [ENV] - Episode ended without success at step 2. Final dist: 0.1202m
2026-04-24 00:04:34,066 - [ENV] - --- EPISODE START | Scenario: TRANSIT | Start: [0.61103265 0.50121908 0.55      ] | Goal: [0.88047228 0.01244769 0.55      ] | DriftLimit: 0.0741 | FloorLimit: 0.4532 ---
2026-04-24 00:04:39,484 - [ENV] - --- EPISODE START | Scenario: TRANSIT | Start: [0.62064051 0.04677282 0.55      ] | Goal: [0.98468983 0.4859756  0.55      ] | DriftLimit: 0.0740 | FloorLimit: 0.4533 ---
2026-04-24 00:04:41,826 - [ENV] - SUCCESS: Goal reached in 53 steps. Dist = 0.0099m
2026-04-24 00:04:41,826 - [ENV] - --- EPISODE START | Scenario: DESCEND | Start: [0.80607676 0.4345405  0.55      ] | Goal: [0.80607676 0.4345405  0.41      ] | DriftLimit: 0.0740 | FloorLimit: 0.4533 ---
2026-04-24 00:04:47,006 - [ENV] - --- EPISODE START | Scenario: ASCEND | Start: [1.08032944 0.00536193 0.41      ] | Goal: [1.08032944 0.00536193 0.55      ] | DriftLimit: 0.0738 | FloorLimit: 0.4534 ---
2026-04-24 00:04:47,230 - [ENV] - TERMINATED (Ascend): Tube Drift = 0.1149m (Max 0.0738m) at step 3
2026-04-24 00:04:47,230 - [ENV] - Episode ended without success at step 3. Final dist: 0.1302m
2026-04-24 00:04:47,231 - [ENV] - --- EPISODE START | Scenario: ASCEND | Start: [0.70465134 0.5047285  0.41      ] | Goal: [0.70465134 0.5047285  0.55      ] | DriftLimit: 0.0738 | FloorLimit: 0.4534 ---
2026-04-24 00:04:47,413 - [ENV] - TERMINATED (Ascend): Tube Drift = 0.0943m (Max 0.0738m) at step 3
2026-04-24 00:04:47,413 - [ENV] - Episode ended without success at step 3. Final dist: 0.1280m
2026-04-24 00:04:47,414 - [ENV] - --- EPISODE START | Scenario: DESCEND | Start: [0.80393735 0.21397721 0.55      ] | Goal: [0.80393735 0.21397721 0.415     ] | DriftLimit: 0.0738 | FloorLimit: 0.4534 ---
2026-04-24 00:04:52,928 - [ENV] - --- EPISODE START | Scenario: TRANSIT | Start: [1.10429412 0.02891757 0.55      ] | Goal: [0.9669693  0.14432311 0.55      ] | DriftLimit: 0.0737 | FloorLimit: 0.4534 ---
2026-04-24 00:04:53,783 - [ENV] - SUCCESS: Goal reached in 23 steps. Dist = 0.0098m
2026-04-24 00:04:53,784 - [ENV] - --- EPISODE START | Scenario: DESCEND | Start: [0.92826912 0.00272653 0.55      ] | Goal: [0.92826912 0.00272653 0.415     ] | DriftLimit: 0.0737 | FloorLimit: 0.4534 ---
2026-04-24 00:04:59,066 - [ENV] - --- EPISODE START | Scenario: TRANSIT | Start: [0.82969583 0.32290648 0.55      ] | Goal: [0.83043176 0.53907738 0.55      ] | DriftLimit: 0.0736 | FloorLimit: 0.4535 ---
2026-04-24 00:05:04,283 - [ENV] - --- EPISODE START | Scenario: DESCEND | Start: [0.73931691 0.37569777 0.55      ] | Goal: [0.73931691 0.37569777 0.41      ] | DriftLimit: 0.0734 | FloorLimit: 0.4536 ---
2026-04-24 00:05:09,759 - [ENV] - --- EPISODE START | Scenario: ASCEND | Start: [0.98111991 0.45457037 0.41      ] | Goal: [0.98111991 0.45457037 0.55      ] | DriftLimit: 0.0733 | FloorLimit: 0.4536 ---
2026-04-24 00:05:09,970 - [ENV] - TERMINATED (Ascend): Tube Drift = 0.0948m (Max 0.0733m) at step 3
2026-04-24 00:05:09,970 - [ENV] - Episode ended without success at step 3. Final dist: 0.1184m
2026-04-24 00:05:09,971 - [ENV] - --- EPISODE START | Scenario: TRANSIT | Start: [0.60944602 0.46820434 0.55      ] | Goal: [0.74943388 0.50828546 0.55      ] | DriftLimit: 0.0733 | FloorLimit: 0.4536 ---
2026-04-24 00:05:10,957 - [ENV] - SUCCESS: Goal reached in 32 steps. Dist = 0.0069m
2026-04-24 00:05:10,958 - [ENV] - --- EPISODE START | Scenario: TRANSIT | Start: [0.94067285 0.0290238  0.55      ] | Goal: [1.15228242 0.21146999 0.55      ] | DriftLimit: 0.0733 | FloorLimit: 0.4537 ---
2026-04-24 00:05:16,569 - [ENV] - --- EPISODE START | Scenario: TRANSIT | Start: [0.96351188 0.17467876 0.55      ] | Goal: [0.67013725 0.02500296 0.55      ] | DriftLimit: 0.0732 | FloorLimit: 0.4537 ---
2026-04-24 00:05:22,505 - [ENV] - --- EPISODE START | Scenario: DESCEND | Start: [0.60510092 0.20906142 0.55      ] | Goal: [0.60510092 0.20906142 0.41      ] | DriftLimit: 0.0730 | FloorLimit: 0.4538 ---
2026-04-24 00:05:28,074 - [ENV] - --- EPISODE START | Scenario: DESCEND | Start: [0.69655714 0.20908013 0.55      ] | Goal: [0.69655714 0.20908013 0.415     ] | DriftLimit: 0.0729 | FloorLimit: 0.4539 ---
2026-04-24 00:05:33,656 - [ENV] - --- EPISODE START | Scenario: ASCEND | Start: [0.72868858 0.52739052 0.41      ] | Goal: [0.72868858 0.52739052 0.55      ] | DriftLimit: 0.0728 | FloorLimit: 0.4539 ---
2026-04-24 00:05:33,841 - [ENV] - TERMINATED (Ascend): Tube Drift = 0.0903m (Max 0.0728m) at step 3
2026-04-24 00:05:33,842 - [ENV] - Episode ended without success at step 3. Final dist: 0.1464m
2026-04-24 00:05:33,842 - [ENV] - --- EPISODE START | Scenario: DESCEND | Start: [0.81048784 0.24946723 0.55      ] | Goal: [0.81048784 0.24946723 0.41      ] | DriftLimit: 0.0728 | FloorLimit: 0.4539 ---
2026-04-24 00:06:15,117 - [ENV] - --- EPISODE START | Scenario: ASCEND | Start: [0.95972303 0.06572508 0.41      ] | Goal: [0.95972303 0.06572508 0.55      ] | DriftLimit: 0.0726 | FloorLimit: 0.4540 ---
2026-04-24 00:06:15,299 - [ENV] - TERMINATED (Ascend): Tube Drift = 0.1068m (Max 0.0726m) at step 3
2026-04-24 00:06:15,299 - [ENV] - Episode ended without success at step 3. Final dist: 0.1263m
2026-04-24 00:06:15,300 - [ENV] - --- EPISODE START | Scenario: DESCEND | Start: [0.91144189 0.12399355 0.55      ] | Goal: [0.91144189 0.12399355 0.41      ] | DriftLimit: 0.0726 | FloorLimit: 0.4540 ---
2026-04-24 00:06:20,802 - [ENV] - --- EPISODE START | Scenario: ASCEND | Start: [0.72922177 0.03108699 0.41      ] | Goal: [0.72922177 0.03108699 0.55      ] | DriftLimit: 0.0725 | FloorLimit: 0.4541 ---
2026-04-24 00:06:21,004 - [ENV] - TERMINATED (Ascend): Tube Drift = 0.0969m (Max 0.0725m) at step 3
2026-04-24 00:06:21,005 - [ENV] - Episode ended without success at step 3. Final dist: 0.1369m
2026-04-24 00:06:21,005 - [ENV] - --- EPISODE START | Scenario: ASCEND | Start: [0.81158452 0.4277728  0.41      ] | Goal: [0.81158452 0.4277728  0.55      ] | DriftLimit: 0.0725 | FloorLimit: 0.4541 ---
2026-04-24 00:06:21,288 - [ENV] - TERMINATED (Ascend): Tube Drift = 0.0922m (Max 0.0725m) at step 5
2026-04-24 00:06:21,288 - [ENV] - Episode ended without success at step 5. Final dist: 0.1355m
2026-04-24 00:06:21,289 - [ENV] - --- EPISODE START | Scenario: DESCEND | Start: [0.67892374 0.21795893 0.55      ] | Goal: [0.67892374 0.21795893 0.415     ] | DriftLimit: 0.0725 | FloorLimit: 0.4541 ---
2026-04-24 00:06:26,838 - [ENV] - --- EPISODE START | Scenario: ASCEND | Start: [1.11226327 0.29210394 0.41      ] | Goal: [1.11226327 0.29210394 0.55      ] | DriftLimit: 0.0724 | FloorLimit: 0.4542 ---
2026-04-24 00:06:27,023 - [ENV] - TERMINATED (Ascend): Tube Drift = 0.1015m (Max 0.0724m) at step 3
2026-04-24 00:06:27,024 - [ENV] - Episode ended without success at step 3. Final dist: 0.1204m
2026-04-24 00:06:27,025 - [ENV] - --- EPISODE START | Scenario: ASCEND | Start: [0.88445844 0.18729048 0.41      ] | Goal: [0.88445844 0.18729048 0.55      ] | DriftLimit: 0.0724 | FloorLimit: 0.4542 ---
2026-04-24 00:06:27,264 - [ENV] - TERMINATED (Ascend): Tube Drift = 0.0851m (Max 0.0724m) at step 3
2026-04-24 00:06:27,264 - [ENV] - Episode ended without success at step 3. Final dist: 0.1235m
2026-04-24 00:06:27,265 - [ENV] - --- EPISODE START | Scenario: ASCEND | Start: [0.60656933 0.44176911 0.41      ] | Goal: [0.60656933 0.44176911 0.55      ] | DriftLimit: 0.0724 | FloorLimit: 0.4542 ---
2026-04-24 00:06:27,486 - [ENV] - TERMINATED (Ascend): Tube Drift = 0.0964m (Max 0.0724m) at step 3
2026-04-24 00:06:27,486 - [ENV] - Episode ended without success at step 3. Final dist: 0.1373m
2026-04-24 00:06:27,487 - [ENV] - --- EPISODE START | Scenario: DESCEND | Start: [1.13922974 0.08275129 0.55      ] | Goal: [1.13922974 0.08275129 0.41      ] | DriftLimit: 0.0724 | FloorLimit: 0.4542 ---
2026-04-24 00:06:32,731 - [ENV] - --- EPISODE START | Scenario: DESCEND | Start: [0.87824974 0.13515867 0.55      ] | Goal: [0.87824974 0.13515867 0.41      ] | DriftLimit: 0.0722 | FloorLimit: 0.4542 ---
2026-04-24 00:06:38,519 - [ENV] - --- EPISODE START | Scenario: DESCEND | Start: [0.95175222 0.25423537 0.55      ] | Goal: [0.95175222 0.25423537 0.415     ] | DriftLimit: 0.0721 | FloorLimit: 0.4543 ---
2026-04-24 00:06:44,026 - [ENV] - --- EPISODE START | Scenario: ASCEND | Start: [0.83064406 0.34201108 0.41      ] | Goal: [0.83064406 0.34201108 0.55      ] | DriftLimit: 0.0720 | FloorLimit: 0.4544 ---
2026-04-24 00:06:44,371 - [ENV] - TERMINATED (Ascend): Tube Drift = 0.0768m (Max 0.0720m) at step 4
2026-04-24 00:06:44,371 - [ENV] - Episode ended without success at step 4. Final dist: 0.1389m
2026-04-24 00:06:44,372 - [ENV] - --- EPISODE START | Scenario: DESCEND | Start: [1.10173572 0.45046138 0.55      ] | Goal: [1.10173572 0.45046138 0.415     ] | DriftLimit: 0.0720 | FloorLimit: 0.4544 ---
2026-04-24 00:06:49,751 - [ENV] - --- EPISODE START | Scenario: ASCEND | Start: [0.94514354 0.344982   0.41      ] | Goal: [0.94514354 0.344982   0.55      ] | DriftLimit: 0.0719 | FloorLimit: 0.4544 ---
2026-04-24 00:06:50,008 - [ENV] - TERMINATED (Ascend): Tube Drift = 0.0950m (Max 0.0719m) at step 3
2026-04-24 00:06:50,008 - [ENV] - Episode ended without success at step 3. Final dist: 0.1201m
2026-04-24 00:06:50,009 - [ENV] - --- EPISODE START | Scenario: ASCEND | Start: [1.13541701 0.1465972  0.41      ] | Goal: [1.13541701 0.1465972  0.55      ] | DriftLimit: 0.0719 | FloorLimit: 0.4544 ---
2026-04-24 00:06:50,201 - [ENV] - TERMINATED (Ascend): Tube Drift = 0.1005m (Max 0.0719m) at step 3
2026-04-24 00:06:50,201 - [ENV] - Episode ended without success at step 3. Final dist: 0.1189m
2026-04-24 00:06:50,202 - [ENV] - --- EPISODE START | Scenario: TRANSIT | Start: [0.63143767 0.4514634  0.55      ] | Goal: [0.90744508 0.42579801 0.55      ] | DriftLimit: 0.0719 | FloorLimit: 0.4544 ---
2026-04-24 00:06:55,850 - [ENV] - --- EPISODE START | Scenario: ASCEND | Start: [0.99647402 0.22113852 0.41      ] | Goal: [0.99647402 0.22113852 0.55      ] | DriftLimit: 0.0717 | FloorLimit: 0.4545 ---
2026-04-24 00:06:56,093 - [ENV] - TERMINATED (Ascend): Tube Drift = 0.0992m (Max 0.0717m) at step 3
2026-04-24 00:06:56,093 - [ENV] - Episode ended without success at step 3. Final dist: 0.1200m
2026-04-24 00:06:56,093 - [ENV] - --- EPISODE START | Scenario: TRANSIT | Start: [0.61583038 0.50016038 0.55      ] | Goal: [1.02339163 0.18828034 0.55      ] | DriftLimit: 0.0717 | FloorLimit: 0.4545 ---
2026-04-24 00:07:01,661 - [ENV] - --- EPISODE START | Scenario: TRANSIT | Start: [0.93121124 0.24686781 0.55      ] | Goal: [1.01798385e+00 2.36552244e-04 5.50000000e-01] | DriftLimit: 0.0716 | FloorLimit: 0.4546 ---
2026-04-24 00:07:07,028 - [ENV] - --- EPISODE START | Scenario: DESCEND | Start: [0.67914989 0.35348507 0.55      ] | Goal: [0.67914989 0.35348507 0.415     ] | DriftLimit: 0.0715 | FloorLimit: 0.4547 ---
2026-04-24 00:07:07,254 - [ENV] - SUCCESS: Goal reached in 5 steps. Dist = 0.0075m
2026-04-24 00:07:07,255 - [ENV] - --- EPISODE START | Scenario: ASCEND | Start: [0.70723388 0.3611826  0.41      ] | Goal: [0.70723388 0.3611826  0.55      ] | DriftLimit: 0.0715 | FloorLimit: 0.4547 ---
2026-04-24 00:07:07,517 - [ENV] - TERMINATED (Ascend): Tube Drift = 0.0725m (Max 0.0715m) at step 3
2026-04-24 00:07:07,517 - [ENV] - Episode ended without success at step 3. Final dist: 0.1364m
2026-04-24 00:07:07,518 - [ENV] - --- EPISODE START | Scenario: TRANSIT | Start: [0.81310831 0.02098309 0.55      ] | Goal: [1.1430876 0.0259169 0.55     ] | DriftLimit: 0.0715 | FloorLimit: 0.4547 ---
2026-04-24 00:07:12,727 - [ENV] - --- EPISODE START | Scenario: TRANSIT | Start: [0.76541814 0.01117544 0.55      ] | Goal: [0.81659042 0.3988491  0.55      ] | DriftLimit: 0.0713 | FloorLimit: 0.4547 ---
2026-04-24 00:07:18,020 - [ENV] - --- EPISODE START | Scenario: ASCEND | Start: [0.99943936 0.37676431 0.41      ] | Goal: [0.99943936 0.37676431 0.55      ] | DriftLimit: 0.0712 | FloorLimit: 0.4548 ---
2026-04-24 00:07:18,214 - [ENV] - TERMINATED (Ascend): Tube Drift = 0.0961m (Max 0.0712m) at step 3
2026-04-24 00:07:18,214 - [ENV] - Episode ended without success at step 3. Final dist: 0.1163m
2026-04-24 00:07:18,215 - [ENV] - --- EPISODE START | Scenario: DESCEND | Start: [0.7710426  0.14540964 0.55      ] | Goal: [0.7710426  0.14540964 0.415     ] | DriftLimit: 0.0712 | FloorLimit: 0.4548 ---
2026-04-24 00:07:23,460 - [ENV] - --- EPISODE START | Scenario: DESCEND | Start: [0.8340133  0.12603868 0.55      ] | Goal: [0.8340133  0.12603868 0.415     ] | DriftLimit: 0.0711 | FloorLimit: 0.4549 ---
2026-04-24 00:07:29,633 - [ENV] - --- EPISODE START | Scenario: TRANSIT | Start: [0.77782057 0.14162326 0.55      ] | Goal: [0.68650367 0.40522862 0.55      ] | DriftLimit: 0.0709 | FloorLimit: 0.4549 ---
2026-04-24 00:07:30,073 - [ENV] - TERMINATED (Transit): Floor collision. Z = 0.4508m (Min 0.455m) at step 13
2026-04-24 00:07:30,074 - [ENV] - Episode ended without success at step 13. Final dist: 0.1299m
2026-04-24 00:07:30,074 - [ENV] - --- EPISODE START | Scenario: TRANSIT | Start: [0.93379763 0.32442678 0.55      ] | Goal: [0.65958826 0.40429165 0.55      ] | DriftLimit: 0.0709 | FloorLimit: 0.4549 ---
2026-04-24 00:08:20,555 - [ENV] - --- EPISODE START | Scenario: TRANSIT | Start: [1.09961961 0.43038438 0.55      ] | Goal: [0.84935537 0.50118809 0.55      ] | DriftLimit: 0.0708 | FloorLimit: 0.4550 ---
2026-04-24 00:08:25,863 - [ENV] - --- EPISODE START | Scenario: ASCEND | Start: [0.72563362 0.05836821 0.41      ] | Goal: [0.72563362 0.05836821 0.55      ] | DriftLimit: 0.0707 | FloorLimit: 0.4551 ---
2026-04-24 00:08:26,063 - [ENV] - TERMINATED (Ascend): Tube Drift = 0.0902m (Max 0.0707m) at step 3
2026-04-24 00:08:26,063 - [ENV] - Episode ended without success at step 3. Final dist: 0.1388m
2026-04-24 00:08:26,064 - [ENV] - --- EPISODE START | Scenario: TRANSIT | Start: [1.06291871 0.38946973 0.55      ] | Goal: [1.13351172 0.2937917  0.55      ] | DriftLimit: 0.0707 | FloorLimit: 0.4551 ---
2026-04-24 00:08:31,609 - [ENV] - --- EPISODE START | Scenario: DESCEND | Start: [0.62652925 0.03550904 0.55      ] | Goal: [0.62652925 0.03550904 0.415     ] | DriftLimit: 0.0705 | FloorLimit: 0.4552 ---
2026-04-24 00:08:37,045 - [ENV] - --- EPISODE START | Scenario: ASCEND | Start: [1.01161617 0.44019823 0.41      ] | Goal: [1.01161617 0.44019823 0.55      ] | DriftLimit: 0.0704 | FloorLimit: 0.4552 ---
2026-04-24 00:08:37,282 - [ENV] - TERMINATED (Ascend): Tube Drift = 0.0952m (Max 0.0704m) at step 3
2026-04-24 00:08:37,282 - [ENV] - Episode ended without success at step 3. Final dist: 0.1166m
2026-04-24 00:08:37,284 - [ENV] - --- EPISODE START | Scenario: DESCEND | Start: [0.71715502 0.24950327 0.55      ] | Goal: [0.71715502 0.24950327 0.41      ] | DriftLimit: 0.0704 | FloorLimit: 0.4552 ---
2026-04-24 00:08:42,536 - [ENV] - SUCCESS: Goal reached in 153 steps. Dist = 0.0100m
2026-04-24 00:08:42,537 - [ENV] - --- EPISODE START | Scenario: DESCEND | Start: [1.03138374 0.42700746 0.55      ] | Goal: [1.03138374 0.42700746 0.41      ] | DriftLimit: 0.0703 | FloorLimit: 0.4553 ---
2026-04-24 00:08:48,067 - [ENV] - --- EPISODE START | Scenario: TRANSIT | Start: [1.02898433 0.44948429 0.55      ] | Goal: [ 0.64615948 -0.00981705  0.55      ] | DriftLimit: 0.0702 | FloorLimit: 0.4554 ---
2026-04-24 00:08:53,354 - [ENV] - --- EPISODE START | Scenario: DESCEND | Start: [0.97138249 0.06882841 0.55      ] | Goal: [0.97138249 0.06882841 0.415     ] | DriftLimit: 0.0700 | FloorLimit: 0.4554 ---
2026-04-24 00:08:58,790 - [ENV] - --- EPISODE START | Scenario: DESCEND | Start: [1.15506777 0.50468015 0.55      ] | Goal: [1.15506777 0.50468015 0.41      ] | DriftLimit: 0.0699 | FloorLimit: 0.4555 ---
2026-04-24 00:09:04,303 - [ENV] - --- EPISODE START | Scenario: DESCEND | Start: [1.11487899 0.05713969 0.55      ] | Goal: [1.11487899 0.05713969 0.41      ] | DriftLimit: 0.0698 | FloorLimit: 0.4556 ---
2026-04-24 00:09:09,670 - [ENV] - --- EPISODE START | Scenario: DESCEND | Start: [0.92722124 0.51413205 0.55      ] | Goal: [0.92722124 0.51413205 0.41      ] | DriftLimit: 0.0697 | FloorLimit: 0.4556 ---
2026-04-24 00:09:15,009 - [ENV] - --- EPISODE START | Scenario: ASCEND | Start: [0.67736215 0.15088541 0.41      ] | Goal: [0.67736215 0.15088541 0.55      ] | DriftLimit: 0.0695 | FloorLimit: 0.4557 ---
2026-04-24 00:09:15,304 - [ENV] - TERMINATED (Ascend): Tube Drift = 0.0854m (Max 0.0695m) at step 6
2026-04-24 00:09:15,304 - [ENV] - Episode ended without success at step 6. Final dist: 0.1530m
2026-04-24 00:09:15,305 - [ENV] - --- EPISODE START | Scenario: ASCEND | Start: [ 0.98475237 -0.00492199  0.41      ] | Goal: [ 0.98475237 -0.00492199  0.55      ] | DriftLimit: 0.0695 | FloorLimit: 0.4557 ---
2026-04-24 00:09:15,517 - [ENV] - TERMINATED (Ascend): Tube Drift = 0.0941m (Max 0.0695m) at step 3
2026-04-24 00:09:15,517 - [ENV] - Episode ended without success at step 3. Final dist: 0.1172m
2026-04-24 00:09:15,518 - [ENV] - --- EPISODE START | Scenario: TRANSIT | Start: [0.79180174 0.52154709 0.55      ] | Goal: [0.9080189  0.23401705 0.55      ] | DriftLimit: 0.0695 | FloorLimit: 0.4557 ---
2026-04-24 00:09:21,172 - [ENV] - --- EPISODE START | Scenario: DESCEND | Start: [0.94209777 0.01066307 0.55      ] | Goal: [0.94209777 0.01066307 0.415     ] | DriftLimit: 0.0694 | FloorLimit: 0.4558 ---
2026-04-24 00:09:26,677 - [ENV] - --- EPISODE START | Scenario: TRANSIT | Start: [0.60905828 0.46345733 0.55      ] | Goal: [0.93920677 0.09528918 0.55      ] | DriftLimit: 0.0693 | FloorLimit: 0.4559 ---
2026-04-24 00:09:31,905 - [ENV] - --- EPISODE START | Scenario: ASCEND | Start: [0.64324586 0.47398453 0.41      ] | Goal: [0.64324586 0.47398453 0.55      ] | DriftLimit: 0.0691 | FloorLimit: 0.4559 ---
2026-04-24 00:09:32,103 - [ENV] - TERMINATED (Ascend): Tube Drift = 0.0812m (Max 0.0691m) at step 3
2026-04-24 00:09:32,103 - [ENV] - Episode ended without success at step 3. Final dist: 0.1505m
2026-04-24 00:09:32,104 - [ENV] - --- EPISODE START | Scenario: TRANSIT | Start: [1.08084203 0.39891646 0.55      ] | Goal: [1.00861367 0.3243279  0.55      ] | DriftLimit: 0.0691 | FloorLimit: 0.4559 ---
2026-04-24 00:09:32,437 - [ENV] - SUCCESS: Goal reached in 9 steps. Dist = 0.0087m
2026-04-24 00:09:32,437 - [ENV] - --- EPISODE START | Scenario: DESCEND | Start: [1.11767469 0.33591703 0.55      ] | Goal: [1.11767469 0.33591703 0.415     ] | DriftLimit: 0.0691 | FloorLimit: 0.4559 ---
2026-04-24 00:09:37,803 - [ENV] - --- EPISODE START | Scenario: DESCEND | Start: [0.84578081 0.35349137 0.55      ] | Goal: [0.84578081 0.35349137 0.41      ] | DriftLimit: 0.0690 | FloorLimit: 0.4560 ---
2026-04-24 00:10:38,580 - [ENV] - --- EPISODE START | Scenario: ASCEND | Start: [0.647177   0.35333989 0.41      ] | Goal: [0.647177   0.35333989 0.55      ] | DriftLimit: 0.0689 | FloorLimit: 0.4561 ---
2026-04-24 00:10:38,902 - [ENV] - TERMINATED (Ascend): Tube Drift = 0.0705m (Max 0.0689m) at step 3
2026-04-24 00:10:38,903 - [ENV] - Episode ended without success at step 3. Final dist: 0.1400m
2026-04-24 00:10:38,903 - [ENV] - --- EPISODE START | Scenario: TRANSIT | Start: [ 0.91625828 -0.0025945   0.55      ] | Goal: [0.93517814 0.2145781  0.55      ] | DriftLimit: 0.0689 | FloorLimit: 0.4561 ---
2026-04-24 00:10:44,403 - [ENV] - --- EPISODE START | Scenario: ASCEND | Start: [0.95643272 0.27489923 0.41      ] | Goal: [0.95643272 0.27489923 0.55      ] | DriftLimit: 0.0687 | FloorLimit: 0.4561 ---
2026-04-24 00:10:44,624 - [ENV] - TERMINATED (Ascend): Tube Drift = 0.0959m (Max 0.0687m) at step 3
2026-04-24 00:10:44,624 - [ENV] - Episode ended without success at step 3. Final dist: 0.1180m
2026-04-24 00:10:44,625 - [ENV] - --- EPISODE START | Scenario: DESCEND | Start: [0.9600151  0.32535786 0.55      ] | Goal: [0.9600151  0.32535786 0.41      ] | DriftLimit: 0.0687 | FloorLimit: 0.4561 ---
2026-04-24 00:10:50,380 - [ENV] - --- EPISODE START | Scenario: TRANSIT | Start: [0.93892915 0.47978788 0.55      ] | Goal: [1.00677266 0.28764913 0.55      ] | DriftLimit: 0.0686 | FloorLimit: 0.4562 ---
2026-04-24 00:10:52,198 - [ENV] - SUCCESS: Goal reached in 39 steps. Dist = 0.0098m
2026-04-24 00:10:52,199 - [ENV] - --- EPISODE START | Scenario: TRANSIT | Start: [0.94716131 0.10768269 0.55      ] | Goal: [1.12289179 0.2119918  0.55      ] | DriftLimit: 0.0686 | FloorLimit: 0.4562 ---
2026-04-24 00:10:58,586 - [ENV] - --- EPISODE START | Scenario: ASCEND | Start: [0.69952539 0.13340956 0.41      ] | Goal: [0.69952539 0.13340956 0.55      ] | DriftLimit: 0.0685 | FloorLimit: 0.4563 ---
2026-04-24 00:10:58,847 - [ENV] - TERMINATED (Ascend): Tube Drift = 0.0722m (Max 0.0685m) at step 3
2026-04-24 00:10:58,847 - [ENV] - Episode ended without success at step 3. Final dist: 0.1473m
2026-04-24 00:10:58,849 - [ENV] - --- EPISODE START | Scenario: TRANSIT | Start: [0.89494067 0.00627396 0.55      ] | Goal: [0.81878356 0.47814403 0.55      ] | DriftLimit: 0.0685 | FloorLimit: 0.4563 ---
2026-04-24 00:11:04,787 - [ENV] - --- EPISODE START | Scenario: TRANSIT | Start: [1.14801374 0.42404072 0.55      ] | Goal: [0.89451457 0.06770096 0.55      ] | DriftLimit: 0.0683 | FloorLimit: 0.4564 ---
2026-04-24 00:11:10,842 - [ENV] - --- EPISODE START | Scenario: DESCEND | Start: [0.92977443 0.38456474 0.55      ] | Goal: [0.92977443 0.38456474 0.415     ] | DriftLimit: 0.0682 | FloorLimit: 0.4564 ---
2026-04-24 00:11:11,539 - [ENV] - SUCCESS: Goal reached in 15 steps. Dist = 0.0097m
2026-04-24 00:11:11,541 - [ENV] - --- EPISODE START | Scenario: ASCEND | Start: [0.80762825 0.54336509 0.41      ] | Goal: [0.80762825 0.54336509 0.55      ] | DriftLimit: 0.0682 | FloorLimit: 0.4564 ---
2026-04-24 00:11:11,825 - [ENV] - TERMINATED (Ascend): Tube Drift = 0.0841m (Max 0.0682m) at step 3
2026-04-24 00:11:11,826 - [ENV] - Episode ended without success at step 3. Final dist: 0.1290m
2026-04-24 00:11:11,827 - [ENV] - --- EPISODE START | Scenario: DESCEND | Start: [0.86165963 0.15678665 0.55      ] | Goal: [0.86165963 0.15678665 0.41      ] | DriftLimit: 0.0682 | FloorLimit: 0.4564 ---
2026-04-24 00:11:18,104 - [ENV] - --- EPISODE START | Scenario: ASCEND | Start: [1.07513218 0.38982815 0.41      ] | Goal: [1.07513218 0.38982815 0.55      ] | DriftLimit: 0.0681 | FloorLimit: 0.4565 ---
2026-04-24 00:11:18,320 - [ENV] - TERMINATED (Ascend): Tube Drift = 0.0927m (Max 0.0681m) at step 3
2026-04-24 00:11:18,321 - [ENV] - Episode ended without success at step 3. Final dist: 0.1135m
2026-04-24 00:11:18,322 - [ENV] - --- EPISODE START | Scenario: DESCEND | Start: [0.61958114 0.21677638 0.55      ] | Goal: [0.61958114 0.21677638 0.41      ] | DriftLimit: 0.0681 | FloorLimit: 0.4565 ---
2026-04-24 00:11:24,288 - [ENV] - --- EPISODE START | Scenario: TRANSIT | Start: [0.90064458 0.09235874 0.55      ] | Goal: [0.61046028 0.21176045 0.55      ] | DriftLimit: 0.0679 | FloorLimit: 0.4566 ---
2026-04-24 00:11:30,302 - [ENV] - --- EPISODE START | Scenario: ASCEND | Start: [0.74336358 0.31224625 0.41      ] | Goal: [0.74336358 0.31224625 0.55      ] | DriftLimit: 0.0678 | FloorLimit: 0.4567 ---
2026-04-24 00:11:30,781 - [ENV] - TERMINATED (Ascend): Tube Drift = 0.0687m (Max 0.0678m) at step 9
2026-04-24 00:11:30,782 - [ENV] - Episode ended without success at step 9. Final dist: 0.1448m
2026-04-24 00:11:30,782 - [ENV] - --- EPISODE START | Scenario: DESCEND | Start: [0.76504162 0.3357673  0.55      ] | Goal: [0.76504162 0.3357673  0.41      ] | DriftLimit: 0.0678 | FloorLimit: 0.4567 ---
2026-04-24 00:11:36,767 - [ENV] - --- EPISODE START | Scenario: TRANSIT | Start: [1.04272026 0.34709449 0.55      ] | Goal: [0.73473882 0.18348492 0.55      ] | DriftLimit: 0.0677 | FloorLimit: 0.4567 ---
2026-04-24 00:11:41,802 - [ENV] - SUCCESS: Goal reached in 121 steps. Dist = 0.0097m
2026-04-24 00:11:41,803 - [ENV] - --- EPISODE START | Scenario: ASCEND | Start: [0.87621761 0.38463251 0.41      ] | Goal: [0.87621761 0.38463251 0.55      ] | DriftLimit: 0.0676 | FloorLimit: 0.4568 ---
2026-04-24 00:11:42,077 - [ENV] - TERMINATED (Ascend): Tube Drift = 0.0753m (Max 0.0676m) at step 3
2026-04-24 00:11:42,078 - [ENV] - Episode ended without success at step 3. Final dist: 0.1232m
2026-04-24 00:11:42,079 - [ENV] - --- EPISODE START | Scenario: TRANSIT | Start: [1.09248292 0.04026797 0.55      ] | Goal: [0.80999261 0.45084279 0.55      ] | DriftLimit: 0.0676 | FloorLimit: 0.4568 ---
2026-04-24 00:11:48,453 - [ENV] - --- EPISODE START | Scenario: TRANSIT | Start: [1.02738896 0.2614185  0.55      ] | Goal: [0.64760063 0.05389056 0.55      ] | DriftLimit: 0.0674 | FloorLimit: 0.4568 ---
2026-04-24 00:11:55,144 - [ENV] - --- EPISODE START | Scenario: ASCEND | Start: [0.98299886 0.40287323 0.41      ] | Goal: [0.98299886 0.40287323 0.55      ] | DriftLimit: 0.0673 | FloorLimit: 0.4569 ---
2026-04-24 00:11:55,395 - [ENV] - TERMINATED (Ascend): Tube Drift = 0.0958m (Max 0.0673m) at step 3
2026-04-24 00:11:55,395 - [ENV] - Episode ended without success at step 3. Final dist: 0.1173m
2026-04-24 00:11:55,395 - [ENV] - --- EPISODE START | Scenario: ASCEND | Start: [0.78460229 0.11119872 0.41      ] | Goal: [0.78460229 0.11119872 0.55      ] | DriftLimit: 0.0673 | FloorLimit: 0.4569 ---
2026-04-24 00:11:55,617 - [ENV] - TERMINATED (Ascend): Tube Drift = 0.0735m (Max 0.0673m) at step 3
2026-04-24 00:11:55,617 - [ENV] - Episode ended without success at step 3. Final dist: 0.1314m
2026-04-24 00:11:55,618 - [ENV] - --- EPISODE START | Scenario: TRANSIT | Start: [0.74553131 0.44209756 0.55      ] | Goal: [0.93861773 0.41215487 0.55      ] | DriftLimit: 0.0673 | FloorLimit: 0.4569 ---
2026-04-24 00:11:56,502 - [ENV] - SUCCESS: Goal reached in 21 steps. Dist = 0.0099m
2026-04-24 00:11:56,503 - [ENV] - --- EPISODE START | Scenario: ASCEND | Start: [0.77787074 0.31309868 0.41      ] | Goal: [0.77787074 0.31309868 0.55      ] | DriftLimit: 0.0673 | FloorLimit: 0.4569 ---
2026-04-24 00:11:56,866 - [ENV] - TERMINATED (Ascend): Tube Drift = 0.0927m (Max 0.0673m) at step 4
2026-04-24 00:11:56,866 - [ENV] - Episode ended without success at step 4. Final dist: 0.1497m
2026-04-24 00:11:56,867 - [ENV] - --- EPISODE START | Scenario: TRANSIT | Start: [0.71370309 0.26510326 0.55      ] | Goal: [0.63327906 0.15690912 0.55      ] | DriftLimit: 0.0673 | FloorLimit: 0.4569 ---
2026-04-24 00:12:47,462 - [ENV] - --- EPISODE START | Scenario: DESCEND | Start: [1.0975582  0.39569817 0.55      ] | Goal: [1.0975582  0.39569817 0.41      ] | DriftLimit: 0.0672 | FloorLimit: 0.4570 ---
2026-04-24 00:12:52,807 - [ENV] - --- EPISODE START | Scenario: TRANSIT | Start: [0.862718   0.09341992 0.55      ] | Goal: [1.09121947 0.34500141 0.55      ] | DriftLimit: 0.0670 | FloorLimit: 0.4571 ---
2026-04-24 00:12:53,643 - [ENV] - SUCCESS: Goal reached in 23 steps. Dist = 0.0085m
2026-04-24 00:12:53,643 - [ENV] - --- EPISODE START | Scenario: DESCEND | Start: [1.07067977 0.25655159 0.55      ] | Goal: [1.07067977 0.25655159 0.41      ] | DriftLimit: 0.0670 | FloorLimit: 0.4571 ---
2026-04-24 00:12:59,820 - [ENV] - --- EPISODE START | Scenario: ASCEND | Start: [0.63848932 0.03771859 0.41      ] | Goal: [0.63848932 0.03771859 0.55      ] | DriftLimit: 0.0669 | FloorLimit: 0.4572 ---
2026-04-24 00:13:00,051 - [ENV] - TERMINATED (Ascend): Tube Drift = 0.0965m (Max 0.0669m) at step 3
2026-04-24 00:13:00,052 - [ENV] - Episode ended without success at step 3. Final dist: 0.1562m
2026-04-24 00:13:00,052 - [ENV] - --- EPISODE START | Scenario: TRANSIT | Start: [0.80853179 0.22515812 0.55      ] | Goal: [0.74882004 0.09840971 0.55      ] | DriftLimit: 0.0669 | FloorLimit: 0.4572 ---
2026-04-24 00:13:05,569 - [ENV] - --- EPISODE START | Scenario: DESCEND | Start: [0.67301211 0.3599881  0.55      ] | Goal: [0.67301211 0.3599881  0.41      ] | DriftLimit: 0.0668 | FloorLimit: 0.4572 ---
2026-04-24 00:13:06,732 - [ENV] - SUCCESS: Goal reached in 34 steps. Dist = 0.0094m
2026-04-24 00:13:06,733 - [ENV] - --- EPISODE START | Scenario: TRANSIT | Start: [0.62066891 0.10982977 0.55      ] | Goal: [1.08851317 0.01615601 0.55      ] | DriftLimit: 0.0667 | FloorLimit: 0.4572 ---
2026-04-24 00:13:12,221 - [ENV] - --- EPISODE START | Scenario: ASCEND | Start: [1.11712366 0.1361107  0.41      ] | Goal: [1.11712366 0.1361107  0.55      ] | DriftLimit: 0.0666 | FloorLimit: 0.4573 ---
2026-04-24 00:13:12,393 - [ENV] - TERMINATED (Ascend): Tube Drift = 0.0975m (Max 0.0666m) at step 3
2026-04-24 00:13:12,394 - [ENV] - Episode ended without success at step 3. Final dist: 0.1180m
2026-04-24 00:13:12,394 - [ENV] - --- EPISODE START | Scenario: TRANSIT | Start: [0.71139419 0.25375465 0.55      ] | Goal: [0.6845866  0.36759351 0.55      ] | DriftLimit: 0.0666 | FloorLimit: 0.4573 ---
2026-04-24 00:13:19,154 - [ENV] - --- EPISODE START | Scenario: TRANSIT | Start: [0.95740087 0.3102781  0.55      ] | Goal: [1.12932853 0.12713661 0.55      ] | DriftLimit: 0.0665 | FloorLimit: 0.4574 ---
2026-04-24 00:13:19,720 - [ENV] - SUCCESS: Goal reached in 17 steps. Dist = 0.0096m
2026-04-24 00:13:19,721 - [ENV] - --- EPISODE START | Scenario: ASCEND | Start: [0.72260432 0.3258582  0.41      ] | Goal: [0.72260432 0.3258582  0.55      ] | DriftLimit: 0.0665 | FloorLimit: 0.4574 ---
2026-04-24 00:13:20,021 - [ENV] - TERMINATED (Ascend): Tube Drift = 0.0752m (Max 0.0665m) at step 4
2026-04-24 00:13:20,021 - [ENV] - Episode ended without success at step 4. Final dist: 0.1488m
2026-04-24 00:13:20,022 - [ENV] - --- EPISODE START | Scenario: TRANSIT | Start: [0.96082779 0.28527677 0.55      ] | Goal: [1.0199216 0.4476889 0.55     ] | DriftLimit: 0.0665 | FloorLimit: 0.4574 ---
2026-04-24 00:13:25,759 - [ENV] - --- EPISODE START | Scenario: DESCEND | Start: [1.07322875 0.3816527  0.55      ] | Goal: [1.07322875 0.3816527  0.415     ] | DriftLimit: 0.0663 | FloorLimit: 0.4575 ---
2026-04-24 00:13:26,359 - [ENV] - SUCCESS: Goal reached in 17 steps. Dist = 0.0098m
2026-04-24 00:13:26,360 - [ENV] - --- EPISODE START | Scenario: TRANSIT | Start: [0.63439589 0.08226211 0.55      ] | Goal: [0.67658443 0.32787257 0.55      ] | DriftLimit: 0.0663 | FloorLimit: 0.4575 ---
2026-04-24 00:13:32,320 - [ENV] - --- EPISODE START | Scenario: DESCEND | Start: [0.85887023 0.04711052 0.55      ] | Goal: [0.85887023 0.04711052 0.41      ] | DriftLimit: 0.0662 | FloorLimit: 0.4575 ---
2026-04-24 00:13:38,440 - [ENV] - --- EPISODE START | Scenario: TRANSIT | Start: [0.71855829 0.3251326  0.55      ] | Goal: [0.67741797 0.45703989 0.55      ] | DriftLimit: 0.0661 | FloorLimit: 0.4576 ---
2026-04-24 00:13:44,855 - [ENV] - --- EPISODE START | Scenario: TRANSIT | Start: [0.97900076 0.17140271 0.55      ] | Goal: [0.87716735 0.43201511 0.55      ] | DriftLimit: 0.0659 | FloorLimit: 0.4577 ---
2026-04-24 00:13:46,667 - [ENV] - SUCCESS: Goal reached in 41 steps. Dist = 0.0095m
2026-04-24 00:13:46,668 - [ENV] - --- EPISODE START | Scenario: ASCEND | Start: [0.94945688 0.16920193 0.41      ] | Goal: [0.94945688 0.16920193 0.55      ] | DriftLimit: 0.0659 | FloorLimit: 0.4577 ---
2026-04-24 00:13:46,906 - [ENV] - TERMINATED (Ascend): Tube Drift = 0.1050m (Max 0.0659m) at step 3
2026-04-24 00:13:46,907 - [ENV] - Episode ended without success at step 3. Final dist: 0.1335m
2026-04-24 00:13:46,909 - [ENV] - --- EPISODE START | Scenario: TRANSIT | Start: [1.06776617 0.25294277 0.55      ] | Goal: [0.89064291 0.47169636 0.55      ] | DriftLimit: 0.0659 | FloorLimit: 0.4577 ---
2026-04-24 00:13:53,479 - [ENV] - --- EPISODE START | Scenario: ASCEND | Start: [1.0803484  0.42175626 0.41      ] | Goal: [1.0803484  0.42175626 0.55      ] | DriftLimit: 0.0658 | FloorLimit: 0.4578 ---
2026-04-24 00:13:53,750 - [ENV] - TERMINATED (Ascend): Tube Drift = 0.1011m (Max 0.0658m) at step 3
2026-04-24 00:13:53,751 - [ENV] - Episode ended without success at step 3. Final dist: 0.1231m
2026-04-24 00:13:53,751 - [ENV] - --- EPISODE START | Scenario: ASCEND | Start: [0.96722173 0.14955518 0.41      ] | Goal: [0.96722173 0.14955518 0.55      ] | DriftLimit: 0.0658 | FloorLimit: 0.4578 ---
2026-04-24 00:13:54,026 - [ENV] - TERMINATED (Ascend): Tube Drift = 0.0961m (Max 0.0658m) at step 3
2026-04-24 00:13:54,026 - [ENV] - Episode ended without success at step 3. Final dist: 0.1185m
2026-04-24 00:13:54,027 - [ENV] - --- EPISODE START | Scenario: TRANSIT | Start: [1.15319238 0.39664801 0.55      ] | Goal: [1.06859985 0.03614102 0.55      ] | DriftLimit: 0.0658 | FloorLimit: 0.4578 ---
2026-04-24 00:13:55,941 - [ENV] - SUCCESS: Goal reached in 40 steps. Dist = 0.0097m
2026-04-24 00:13:55,941 - [ENV] - --- EPISODE START | Scenario: DESCEND | Start: [ 1.00883621 -0.00901383  0.55      ] | Goal: [ 1.00883621 -0.00901383  0.415     ] | DriftLimit: 0.0657 | FloorLimit: 0.4578 ---
2026-04-24 00:13:56,508 - [ENV] - SUCCESS: Goal reached in 19 steps. Dist = 0.0099m
2026-04-24 00:13:56,509 - [ENV] - --- EPISODE START | Scenario: ASCEND | Start: [0.64048825 0.0360486  0.41      ] | Goal: [0.64048825 0.0360486  0.55      ] | DriftLimit: 0.0657 | FloorLimit: 0.4578 ---
2026-04-24 00:13:56,724 - [ENV] - TERMINATED (Ascend): Tube Drift = 0.0979m (Max 0.0657m) at step 3
2026-04-24 00:13:56,725 - [ENV] - Episode ended without success at step 3. Final dist: 0.1622m
2026-04-24 00:13:56,728 - [ENV] - --- EPISODE START | Scenario: ASCEND | Start: [0.66661218 0.0713874  0.41      ] | Goal: [0.66661218 0.0713874  0.55      ] | DriftLimit: 0.0657 | FloorLimit: 0.4578 ---
2026-04-24 00:13:56,949 - [ENV] - TERMINATED (Ascend): Tube Drift = 0.0917m (Max 0.0657m) at step 3
2026-04-24 00:13:56,949 - [ENV] - Episode ended without success at step 3. Final dist: 0.1550m
2026-04-24 00:13:56,950 - [ENV] - --- EPISODE START | Scenario: ASCEND | Start: [1.09240232 0.49480795 0.41      ] | Goal: [1.09240232 0.49480795 0.55      ] | DriftLimit: 0.0657 | FloorLimit: 0.4578 ---
2026-04-24 00:13:57,152 - [ENV] - TERMINATED (Ascend): Tube Drift = 0.0989m (Max 0.0657m) at step 3
2026-04-24 00:13:57,153 - [ENV] - Episode ended without success at step 3. Final dist: 0.1225m
2026-04-24 00:13:57,176 - [ENV] - --- EPISODE START | Scenario: ASCEND | Start: [0.72545032 0.12220239 0.41      ] | Goal: [0.72545032 0.12220239 0.55      ] | DriftLimit: 0.0657 | FloorLimit: 0.4578 ---
2026-04-24 00:13:57,391 - [ENV] - TERMINATED (Ascend): Tube Drift = 0.0669m (Max 0.0657m) at step 3
2026-04-24 00:13:57,391 - [ENV] - Episode ended without success at step 3. Final dist: 0.1448m
2026-04-24 00:13:57,392 - [ENV] - --- EPISODE START | Scenario: TRANSIT | Start: [1.07121164 0.2860655  0.55      ] | Goal: [0.88417834 0.25292279 0.55      ] | DriftLimit: 0.0657 | FloorLimit: 0.4578 ---
2026-04-24 00:14:02,891 - [ENV] - --- EPISODE START | Scenario: TRANSIT | Start: [0.66978617 0.30677201 0.55      ] | Goal: [0.66063874 0.07792909 0.55      ] | DriftLimit: 0.0656 | FloorLimit: 0.4579 ---
2026-04-24 00:14:08,278 - [ENV] - --- EPISODE START | Scenario: DESCEND | Start: [0.8608161  0.00732644 0.55      ] | Goal: [0.8608161  0.00732644 0.415     ] | DriftLimit: 0.0655 | FloorLimit: 0.4579 ---
2026-04-24 00:14:14,068 - [ENV] - --- EPISODE START | Scenario: ASCEND | Start: [0.63717037 0.16517826 0.41      ] | Goal: [0.63717037 0.16517826 0.55      ] | DriftLimit: 0.0653 | FloorLimit: 0.4580 ---
2026-04-24 00:14:58,480 - [ENV] - TERMINATED (Ascend): Tube Drift = 0.0721m (Max 0.0653m) at step 9
2026-04-24 00:14:58,480 - [ENV] - Episode ended without success at step 9. Final dist: 0.1090m
2026-04-24 00:14:58,481 - [ENV] - --- EPISODE START | Scenario: ASCEND | Start: [0.96269716 0.30350531 0.41      ] | Goal: [0.96269716 0.30350531 0.55      ] | DriftLimit: 0.0653 | FloorLimit: 0.4580 ---
2026-04-24 00:14:58,678 - [ENV] - TERMINATED (Ascend): Tube Drift = 0.0965m (Max 0.0653m) at step 3
2026-04-24 00:14:58,678 - [ENV] - Episode ended without success at step 3. Final dist: 0.1290m
2026-04-24 00:14:58,678 - [ENV] - --- EPISODE START | Scenario: DESCEND | Start: [0.86880918 0.05099893 0.55      ] | Goal: [0.86880918 0.05099893 0.41      ] | DriftLimit: 0.0653 | FloorLimit: 0.4580 ---
2026-04-24 00:15:04,600 - [ENV] - --- EPISODE START | Scenario: ASCEND | Start: [1.15878188 0.17905196 0.41      ] | Goal: [1.15878188 0.17905196 0.55      ] | DriftLimit: 0.0652 | FloorLimit: 0.4581 ---
2026-04-24 00:15:04,799 - [ENV] - TERMINATED (Ascend): Tube Drift = 0.0956m (Max 0.0652m) at step 3
2026-04-24 00:15:04,799 - [ENV] - Episode ended without success at step 3. Final dist: 0.1159m
2026-04-24 00:15:04,800 - [ENV] - --- EPISODE START | Scenario: ASCEND | Start: [0.71520977 0.46653326 0.41      ] | Goal: [0.71520977 0.46653326 0.55      ] | DriftLimit: 0.0652 | FloorLimit: 0.4581 ---
2026-04-24 00:15:05,052 - [ENV] - TERMINATED (Ascend): Tube Drift = 0.0869m (Max 0.0652m) at step 3
2026-04-24 00:15:05,052 - [ENV] - Episode ended without success at step 3. Final dist: 0.1503m
2026-04-24 00:15:05,053 - [ENV] - --- EPISODE START | Scenario: DESCEND | Start: [0.83728581 0.13358296 0.55      ] | Goal: [0.83728581 0.13358296 0.41      ] | DriftLimit: 0.0652 | FloorLimit: 0.4581 ---
2026-04-24 00:15:10,641 - [ENV] - --- EPISODE START | Scenario: DESCEND | Start: [1.10732574 0.52336689 0.55      ] | Goal: [1.10732574 0.52336689 0.41      ] | DriftLimit: 0.0651 | FloorLimit: 0.4581 ---
2026-04-24 00:15:10,936 - [ENV] - SUCCESS: Goal reached in 7 steps. Dist = 0.0100m
2026-04-24 00:15:10,936 - [ENV] - --- EPISODE START | Scenario: ASCEND | Start: [0.80578458 0.38326313 0.41      ] | Goal: [0.80578458 0.38326313 0.55      ] | DriftLimit: 0.0651 | FloorLimit: 0.4581 ---
2026-04-24 00:15:11,189 - [ENV] - TERMINATED (Ascend): Tube Drift = 0.0789m (Max 0.0651m) at step 4
2026-04-24 00:15:11,189 - [ENV] - Episode ended without success at step 4. Final dist: 0.1451m
2026-04-24 00:15:11,189 - [ENV] - --- EPISODE START | Scenario: DESCEND | Start: [0.8140165  0.45394198 0.55      ] | Goal: [0.8140165  0.45394198 0.41      ] | DriftLimit: 0.0651 | FloorLimit: 0.4582 ---
2026-04-24 00:15:11,763 - [ENV] - SUCCESS: Goal reached in 19 steps. Dist = 0.0100m
2026-04-24 00:15:11,764 - [ENV] - --- EPISODE START | Scenario: ASCEND | Start: [0.87141627 0.29742819 0.41      ] | Goal: [0.87141627 0.29742819 0.55      ] | DriftLimit: 0.0650 | FloorLimit: 0.4582 ---
2026-04-24 00:15:12,092 - [ENV] - TERMINATED (Ascend): Tube Drift = 0.0999m (Max 0.0650m) at step 4
2026-04-24 00:15:12,092 - [ENV] - Episode ended without success at step 4. Final dist: 0.1379m
2026-04-24 00:15:12,092 - [ENV] - --- EPISODE START | Scenario: TRANSIT | Start: [0.96221565 0.15793724 0.55      ] | Goal: [0.60258478 0.38336039 0.55      ] | DriftLimit: 0.0650 | FloorLimit: 0.4582 ---
2026-04-24 00:15:17,642 - [ENV] - --- EPISODE START | Scenario: TRANSIT | Start: [0.72451881 0.03291472 0.55      ] | Goal: [1.06793771 0.41277291 0.55      ] | DriftLimit: 0.0649 | FloorLimit: 0.4582 ---
2026-04-24 00:15:19,377 - [ENV] - SUCCESS: Goal reached in 40 steps. Dist = 0.0097m
2026-04-24 00:15:19,378 - [ENV] - --- EPISODE START | Scenario: DESCEND | Start: [0.97917681 0.13344778 0.55      ] | Goal: [0.97917681 0.13344778 0.41      ] | DriftLimit: 0.0649 | FloorLimit: 0.4582 ---
2026-04-24 00:15:25,467 - [ENV] - --- EPISODE START | Scenario: DESCEND | Start: [0.90191022 0.48270258 0.55      ] | Goal: [0.90191022 0.48270258 0.41      ] | DriftLimit: 0.0648 | FloorLimit: 0.4583 ---
2026-04-24 00:15:31,036 - [ENV] - --- EPISODE START | Scenario: DESCEND | Start: [0.60389866 0.52617779 0.55      ] | Goal: [0.60389866 0.52617779 0.41      ] | DriftLimit: 0.0646 | FloorLimit: 0.4584 ---
2026-04-24 00:15:36,825 - [ENV] - --- EPISODE START | Scenario: ASCEND | Start: [0.8572033  0.34331866 0.41      ] | Goal: [0.8572033  0.34331866 0.55      ] | DriftLimit: 0.0645 | FloorLimit: 0.4585 ---
2026-04-24 00:15:37,166 - [ENV] - TERMINATED (Ascend): Tube Drift = 0.0952m (Max 0.0645m) at step 4
2026-04-24 00:15:37,166 - [ENV] - Episode ended without success at step 4. Final dist: 0.1300m
2026-04-24 00:15:37,166 - [ENV] - --- EPISODE START | Scenario: DESCEND | Start: [0.99839024 0.27660072 0.55      ] | Goal: [0.99839024 0.27660072 0.415     ] | DriftLimit: 0.0645 | FloorLimit: 0.4585 ---
2026-04-24 00:15:38,553 - [ENV] - SUCCESS: Goal reached in 45 steps. Dist = 0.0100m
2026-04-24 00:15:38,554 - [ENV] - --- EPISODE START | Scenario: DESCEND | Start: [0.99751026 0.31163625 0.55      ] | Goal: [0.99751026 0.31163625 0.415     ] | DriftLimit: 0.0645 | FloorLimit: 0.4585 ---
2026-04-24 00:15:43,900 - [ENV] - --- EPISODE START | Scenario: ASCEND | Start: [0.89668704 0.49707673 0.41      ] | Goal: [0.89668704 0.49707673 0.55      ] | DriftLimit: 0.0643 | FloorLimit: 0.4585 ---
2026-04-24 00:15:44,098 - [ENV] - TERMINATED (Ascend): Tube Drift = 0.1029m (Max 0.0643m) at step 3
2026-04-24 00:15:44,098 - [ENV] - Episode ended without success at step 3. Final dist: 0.1272m
2026-04-24 00:15:44,098 - [ENV] - --- EPISODE START | Scenario: ASCEND | Start: [0.95929697 0.32635732 0.41      ] | Goal: [0.95929697 0.32635732 0.55      ] | DriftLimit: 0.0643 | FloorLimit: 0.4585 ---
2026-04-24 00:15:44,308 - [ENV] - TERMINATED (Ascend): Tube Drift = 0.0967m (Max 0.0643m) at step 3
2026-04-24 00:15:44,308 - [ENV] - Episode ended without success at step 3. Final dist: 0.1280m
2026-04-24 00:15:44,309 - [ENV] - --- EPISODE START | Scenario: ASCEND | Start: [1.09836485 0.19366333 0.41      ] | Goal: [1.09836485 0.19366333 0.55      ] | DriftLimit: 0.0643 | FloorLimit: 0.4585 ---
2026-04-24 00:15:44,537 - [ENV] - TERMINATED (Ascend): Tube Drift = 0.0979m (Max 0.0643m) at step 3
2026-04-24 00:15:44,537 - [ENV] - Episode ended without success at step 3. Final dist: 0.1188m
2026-04-24 00:15:44,537 - [ENV] - --- EPISODE START | Scenario: DESCEND | Start: [1.08486689 0.04745834 0.55      ] | Goal: [1.08486689 0.04745834 0.41      ] | DriftLimit: 0.0643 | FloorLimit: 0.4585 ---
2026-04-24 00:15:47,951 - [ENV] - SUCCESS: Goal reached in 78 steps. Dist = 0.0100m
2026-04-24 00:15:47,952 - [ENV] - --- EPISODE START | Scenario: ASCEND | Start: [0.67080884 0.04329328 0.41      ] | Goal: [0.67080884 0.04329328 0.55      ] | DriftLimit: 0.0643 | FloorLimit: 0.4586 ---
2026-04-24 00:15:48,125 - [ENV] - TERMINATED (Ascend): Tube Drift = 0.0948m (Max 0.0643m) at step 3
2026-04-24 00:15:48,125 - [ENV] - Episode ended without success at step 3. Final dist: 0.1589m
2026-04-24 00:15:48,126 - [ENV] - --- EPISODE START | Scenario: TRANSIT | Start: [0.61850044 0.17241351 0.55      ] | Goal: [0.86483817 0.4678255  0.55      ] | DriftLimit: 0.0643 | FloorLimit: 0.4586 ---
2026-04-24 00:15:54,031 - [ENV] - --- EPISODE START | Scenario: ASCEND | Start: [0.60313521 0.47770483 0.41      ] | Goal: [0.60313521 0.47770483 0.55      ] | DriftLimit: 0.0641 | FloorLimit: 0.4587 ---
2026-04-24 00:15:54,244 - [ENV] - TERMINATED (Ascend): Tube Drift = 0.0701m (Max 0.0641m) at step 3
2026-04-24 00:15:54,244 - [ENV] - Episode ended without success at step 3. Final dist: 0.1388m
2026-04-24 00:15:54,244 - [ENV] - --- EPISODE START | Scenario: ASCEND | Start: [0.84203423 0.28461073 0.41      ] | Goal: [0.84203423 0.28461073 0.55      ] | DriftLimit: 0.0641 | FloorLimit: 0.4587 ---
2026-04-24 00:15:54,554 - [ENV] - TERMINATED (Ascend): Tube Drift = 0.0975m (Max 0.0641m) at step 4
2026-04-24 00:15:54,554 - [ENV] - Episode ended without success at step 4. Final dist: 0.1353m
2026-04-24 00:15:54,555 - [ENV] - --- EPISODE START | Scenario: TRANSIT | Start: [1.01826229 0.39639437 0.55      ] | Goal: [1.01417389 0.53452129 0.55      ] | DriftLimit: 0.0641 | FloorLimit: 0.4587 ---
2026-04-24 00:16:01,048 - [ENV] - --- EPISODE START | Scenario: TRANSIT | Start: [1.00486778 0.51372582 0.55      ] | Goal: [ 0.84533785 -0.00228067  0.55      ] | DriftLimit: 0.0640 | FloorLimit: 0.4587 ---
2026-04-24 00:16:02,799 - [ENV] - SUCCESS: Goal reached in 58 steps. Dist = 0.0097m
2026-04-24 00:16:02,799 - [ENV] - --- EPISODE START | Scenario: ASCEND | Start: [0.70179983 0.01259136 0.41      ] | Goal: [0.70179983 0.01259136 0.55      ] | DriftLimit: 0.0640 | FloorLimit: 0.4587 ---
2026-04-24 00:16:02,987 - [ENV] - TERMINATED (Ascend): Tube Drift = 0.0991m (Max 0.0640m) at step 3
2026-04-24 00:16:02,987 - [ENV] - Episode ended without success at step 3. Final dist: 0.1511m
2026-04-24 00:16:02,987 - [ENV] - --- EPISODE START | Scenario: DESCEND | Start: [0.64837281 0.01912484 0.55      ] | Goal: [0.64837281 0.01912484 0.41      ] | DriftLimit: 0.0640 | FloorLimit: 0.4587 ---
2026-04-24 00:16:08,185 - [ENV] - --- EPISODE START | Scenario: ASCEND | Start: [0.76417888 0.35447867 0.41      ] | Goal: [0.76417888 0.35447867 0.55      ] | DriftLimit: 0.0638 | FloorLimit: 0.4588 ---
2026-04-24 00:16:08,503 - [ENV] - TERMINATED (Ascend): Tube Drift = 0.0793m (Max 0.0638m) at step 3
2026-04-24 00:16:08,504 - [ENV] - Episode ended without success at step 3. Final dist: 0.1352m
2026-04-24 00:16:08,505 - [ENV] - --- EPISODE START | Scenario: TRANSIT | Start: [1.13353627 0.18170164 0.55      ] | Goal: [0.8879581  0.13648301 0.55      ] | DriftLimit: 0.0638 | FloorLimit: 0.4588 ---
2026-04-24 00:16:10,070 - [ENV] - SUCCESS: Goal reached in 52 steps. Dist = 0.0089m
2026-04-24 00:16:10,071 - [ENV] - --- EPISODE START | Scenario: TRANSIT | Start: [0.81411779 0.18328317 0.55      ] | Goal: [0.84282515 0.44248806 0.55      ] | DriftLimit: 0.0638 | FloorLimit: 0.4588 ---
2026-04-24 00:16:15,775 - [ENV] - --- EPISODE START | Scenario: TRANSIT | Start: [0.62886079 0.4558506  0.55      ] | Goal: [0.69762635 0.36406171 0.55      ] | DriftLimit: 0.0637 | FloorLimit: 0.4589 ---
2026-04-24 00:16:21,641 - [ENV] - SUCCESS: Goal reached in 160 steps. Dist = 0.0100m
2026-04-24 00:16:21,641 - [ENV] - --- EPISODE START | Scenario: DESCEND | Start: [1.02467312 0.04072138 0.55      ] | Goal: [1.02467312 0.04072138 0.41      ] | DriftLimit: 0.0635 | FloorLimit: 0.4590 ---
2026-04-24 00:17:05,366 - [ENV] - --- EPISODE START | Scenario: ASCEND | Start: [0.67932084 0.33135112 0.41      ] | Goal: [0.67932084 0.33135112 0.55      ] | DriftLimit: 0.0634 | FloorLimit: 0.4590 ---
2026-04-24 00:17:05,817 - [ENV] - TERMINATED (Ascend): Tube Drift = 0.0692m (Max 0.0634m) at step 9
2026-04-24 00:17:05,817 - [ENV] - Episode ended without success at step 9. Final dist: 0.1339m
2026-04-24 00:17:05,818 - [ENV] - --- EPISODE START | Scenario: TRANSIT | Start: [0.98348401 0.19393919 0.55      ] | Goal: [0.64133928 0.07823672 0.55      ] | DriftLimit: 0.0634 | FloorLimit: 0.4590 ---
2026-04-24 00:17:11,695 - [ENV] - --- EPISODE START | Scenario: ASCEND | Start: [0.707871   0.41183635 0.41      ] | Goal: [0.707871   0.41183635 0.55      ] | DriftLimit: 0.0633 | FloorLimit: 0.4591 ---
2026-04-24 00:17:11,983 - [ENV] - TERMINATED (Ascend): Tube Drift = 0.0838m (Max 0.0633m) at step 3
2026-04-24 00:17:11,983 - [ENV] - Episode ended without success at step 3. Final dist: 0.1414m
2026-04-24 00:17:11,984 - [ENV] - --- EPISODE START | Scenario: DESCEND | Start: [0.67634002 0.30138006 0.55      ] | Goal: [0.67634002 0.30138006 0.41      ] | DriftLimit: 0.0633 | FloorLimit: 0.4591 ---
2026-04-24 00:17:18,478 - [ENV] - --- EPISODE START | Scenario: TRANSIT | Start: [0.79502657 0.45864194 0.55      ] | Goal: [0.98156923 0.15893778 0.55      ] | DriftLimit: 0.0632 | FloorLimit: 0.4592 ---
2026-04-24 00:17:19,620 - [ENV] - SUCCESS: Goal reached in 26 steps. Dist = 0.0094m
2026-04-24 00:17:19,621 - [ENV] - --- EPISODE START | Scenario: TRANSIT | Start: [0.63590485 0.49580562 0.55      ] | Goal: [0.67521921 0.29426155 0.55      ] | DriftLimit: 0.0631 | FloorLimit: 0.4592 ---
2026-04-24 00:17:21,558 - [ENV] - SUCCESS: Goal reached in 63 steps. Dist = 0.0096m
2026-04-24 00:17:21,558 - [ENV] - --- EPISODE START | Scenario: ASCEND | Start: [0.64250646 0.48678344 0.41      ] | Goal: [0.64250646 0.48678344 0.55      ] | DriftLimit: 0.0631 | FloorLimit: 0.4592 ---
2026-04-24 00:17:21,800 - [ENV] - TERMINATED (Ascend): Tube Drift = 0.0954m (Max 0.0631m) at step 3
2026-04-24 00:17:21,800 - [ENV] - Episode ended without success at step 3. Final dist: 0.1288m
2026-04-24 00:17:21,801 - [ENV] - --- EPISODE START | Scenario: DESCEND | Start: [0.74230765 0.34034611 0.55      ] | Goal: [0.74230765 0.34034611 0.415     ] | DriftLimit: 0.0631 | FloorLimit: 0.4592 ---
2026-04-24 00:17:22,657 - [ENV] - SUCCESS: Goal reached in 19 steps. Dist = 0.0099m
2026-04-24 00:17:22,658 - [ENV] - --- EPISODE START | Scenario: DESCEND | Start: [0.67083218 0.06998087 0.55      ] | Goal: [0.67083218 0.06998087 0.41      ] | DriftLimit: 0.0631 | FloorLimit: 0.4592 ---
2026-04-24 00:17:29,078 - [ENV] - --- EPISODE START | Scenario: DESCEND | Start: [0.75065735 0.11270126 0.55      ] | Goal: [0.75065735 0.11270126 0.415     ] | DriftLimit: 0.0629 | FloorLimit: 0.4593 ---
2026-04-24 00:17:34,884 - [ENV] - --- EPISODE START | Scenario: TRANSIT | Start: [0.71787097 0.28509834 0.55      ] | Goal: [1.02938818 0.14631043 0.55      ] | DriftLimit: 0.0628 | FloorLimit: 0.4594 ---
2026-04-24 00:17:35,540 - [ENV] - SUCCESS: Goal reached in 21 steps. Dist = 0.0090m
2026-04-24 00:17:35,541 - [ENV] - --- EPISODE START | Scenario: DESCEND | Start: [0.60242312 0.07132454 0.55      ] | Goal: [0.60242312 0.07132454 0.415     ] | DriftLimit: 0.0628 | FloorLimit: 0.4594 ---
2026-04-24 00:17:35,971 - [ENV] - SUCCESS: Goal reached in 12 steps. Dist = 0.0090m
2026-04-24 00:17:35,972 - [ENV] - --- EPISODE START | Scenario: DESCEND | Start: [1.13165437 0.11712493 0.55      ] | Goal: [1.13165437 0.11712493 0.41      ] | DriftLimit: 0.0628 | FloorLimit: 0.4594 ---
2026-04-24 00:17:36,545 - [ENV] - SUCCESS: Goal reached in 9 steps. Dist = 0.0085m
2026-04-24 00:17:36,546 - [ENV] - --- EPISODE START | Scenario: DESCEND | Start: [0.82712194 0.09126316 0.55      ] | Goal: [0.82712194 0.09126316 0.415     ] | DriftLimit: 0.0628 | FloorLimit: 0.4594 ---
2026-04-24 00:17:37,700 - [ENV] - SUCCESS: Goal reached in 35 steps. Dist = 0.0098m
2026-04-24 00:17:37,701 - [ENV] - --- EPISODE START | Scenario: TRANSIT | Start: [0.84214494 0.06198715 0.55      ] | Goal: [0.98142927 0.28066319 0.55      ] | DriftLimit: 0.0628 | FloorLimit: 0.4594 ---
2026-04-24 00:17:38,485 - [ENV] - SUCCESS: Goal reached in 20 steps. Dist = 0.0099m
2026-04-24 00:17:38,486 - [ENV] - --- EPISODE START | Scenario: TRANSIT | Start: [1.03308786 0.33960501 0.55      ] | Goal: [0.97264706 0.49276808 0.55      ] | DriftLimit: 0.0627 | FloorLimit: 0.4594 ---
2026-04-24 00:17:44,724 - [ENV] - --- EPISODE START | Scenario: ASCEND | Start: [1.005181   0.25417204 0.41      ] | Goal: [1.005181   0.25417204 0.55      ] | DriftLimit: 0.0626 | FloorLimit: 0.4595 ---
2026-04-24 00:17:44,964 - [ENV] - TERMINATED (Ascend): Tube Drift = 0.0987m (Max 0.0626m) at step 3
2026-04-24 00:17:44,964 - [ENV] - Episode ended without success at step 3. Final dist: 0.1255m
2026-04-24 00:17:44,965 - [ENV] - --- EPISODE START | Scenario: DESCEND | Start: [1.14284261 0.09002449 0.55      ] | Goal: [1.14284261 0.09002449 0.41      ] | DriftLimit: 0.0626 | FloorLimit: 0.4595 ---
2026-04-24 00:17:50,963 - [ENV] - --- EPISODE START | Scenario: TRANSIT | Start: [0.71220146 0.1180059  0.55      ] | Goal: [1.10208545 0.5259214  0.55      ] | DriftLimit: 0.0625 | FloorLimit: 0.4596 ---
2026-04-24 00:17:56,878 - [ENV] - --- EPISODE START | Scenario: DESCEND | Start: [1.1034659  0.09473647 0.55      ] | Goal: [1.1034659  0.09473647 0.415     ] | DriftLimit: 0.0624 | FloorLimit: 0.4596 ---
2026-04-24 00:17:57,138 - [ENV] - SUCCESS: Goal reached in 5 steps. Dist = 0.0075m
2026-04-24 00:17:57,138 - [ENV] - --- EPISODE START | Scenario: DESCEND | Start: [0.62300612 0.00862227 0.55      ] | Goal: [0.62300612 0.00862227 0.415     ] | DriftLimit: 0.0624 | FloorLimit: 0.4596 ---
2026-04-24 00:17:57,386 - [ENV] - SUCCESS: Goal reached in 4 steps. Dist = 0.0098m
2026-04-24 00:17:57,387 - [ENV] - --- EPISODE START | Scenario: DESCEND | Start: [0.6182858 0.4581111 0.55     ] | Goal: [0.6182858 0.4581111 0.41     ] | DriftLimit: 0.0623 | FloorLimit: 0.4596 ---
2026-04-24 00:18:03,036 - [ENV] - --- EPISODE START | Scenario: ASCEND | Start: [0.68341987 0.35887579 0.41      ] | Goal: [0.68341987 0.35887579 0.55      ] | DriftLimit: 0.0622 | FloorLimit: 0.4597 ---
2026-04-24 00:18:03,312 - [ENV] - TERMINATED (Ascend): Tube Drift = 0.0901m (Max 0.0622m) at step 5
2026-04-24 00:18:03,313 - [ENV] - Episode ended without success at step 5. Final dist: 0.1397m
2026-04-24 00:18:03,313 - [ENV] - --- EPISODE START | Scenario: DESCEND | Start: [0.64875257 0.36036797 0.55      ] | Goal: [0.64875257 0.36036797 0.41      ] | DriftLimit: 0.0622 | FloorLimit: 0.4597 ---
2026-04-24 00:18:10,131 - [ENV] - --- EPISODE START | Scenario: DESCEND | Start: [1.13083399 0.52364239 0.55      ] | Goal: [1.13083399 0.52364239 0.415     ] | DriftLimit: 0.0621 | FloorLimit: 0.4598 ---
2026-04-24 00:18:10,363 - [ENV] - SUCCESS: Goal reached in 5 steps. Dist = 0.0069m
2026-04-24 00:18:10,363 - [ENV] - --- EPISODE START | Scenario: ASCEND | Start: [0.95347299 0.09394686 0.41      ] | Goal: [0.95347299 0.09394686 0.55      ] | DriftLimit: 0.0621 | FloorLimit: 0.4598 ---
2026-04-24 00:18:10,576 - [ENV] - TERMINATED (Ascend): Tube Drift = 0.0965m (Max 0.0621m) at step 3
2026-04-24 00:18:10,577 - [ENV] - Episode ended without success at step 3. Final dist: 0.1208m
2026-04-24 00:18:10,578 - [ENV] - --- EPISODE START | Scenario: DESCEND | Start: [0.6586051 0.1344176 0.55     ] | Goal: [0.6586051 0.1344176 0.415    ] | DriftLimit: 0.0621 | FloorLimit: 0.4598 ---
2026-04-24 00:18:10,951 - [ENV] - SUCCESS: Goal reached in 10 steps. Dist = 0.0083m
2026-04-24 00:18:10,951 - [ENV] - --- EPISODE START | Scenario: DESCEND | Start: [0.80699963 0.01238688 0.55      ] | Goal: [0.80699963 0.01238688 0.415     ] | DriftLimit: 0.0621 | FloorLimit: 0.4598 ---
2026-04-24 00:18:11,261 - [ENV] - SUCCESS: Goal reached in 4 steps. Dist = 0.0052m
2026-04-24 00:18:11,262 - [ENV] - --- EPISODE START | Scenario: DESCEND | Start: [1.08688261 0.16176108 0.55      ] | Goal: [1.08688261 0.16176108 0.41      ] | DriftLimit: 0.0621 | FloorLimit: 0.4598 ---
2026-04-24 00:18:11,606 - [ENV] - SUCCESS: Goal reached in 6 steps. Dist = 0.0093m
2026-04-24 00:18:11,606 - [ENV] - --- EPISODE START | Scenario: DESCEND | Start: [0.68918207 0.05670673 0.55      ] | Goal: [0.68918207 0.05670673 0.415     ] | DriftLimit: 0.0621 | FloorLimit: 0.4598 ---
2026-04-24 00:18:11,824 - [ENV] - SUCCESS: Goal reached in 5 steps. Dist = 0.0062m
2026-04-24 00:18:11,825 - [ENV] - --- EPISODE START | Scenario: TRANSIT | Start: [0.89425631 0.22841885 0.55      ] | Goal: [0.91090661 0.10894471 0.55      ] | DriftLimit: 0.0621 | FloorLimit: 0.4598 ---
2026-04-24 00:18:16,505 - [ENV] - SUCCESS: Goal reached in 118 steps. Dist = 0.0097m
2026-04-24 00:18:16,506 - [ENV] - --- EPISODE START | Scenario: DESCEND | Start: [0.77500152 0.20996894 0.55      ] | Goal: [0.77500152 0.20996894 0.415     ] | DriftLimit: 0.0620 | FloorLimit: 0.4598 ---
2026-04-24 00:18:16,847 - [ENV] - SUCCESS: Goal reached in 10 steps. Dist = 0.0093m
2026-04-24 00:18:16,847 - [ENV] - --- EPISODE START | Scenario: TRANSIT | Start: [0.80794769 0.41309582 0.55      ] | Goal: [0.75948052 0.17449642 0.55      ] | DriftLimit: 0.0620 | FloorLimit: 0.4598 ---
2026-04-24 00:18:22,828 - [ENV] - --- EPISODE START | Scenario: TRANSIT | Start: [0.85904568 0.48666137 0.55      ] | Goal: [0.82673835 0.21455076 0.55      ] | DriftLimit: 0.0618 | FloorLimit: 0.4599 ---
2026-04-24 00:18:23,967 - [ENV] - SUCCESS: Goal reached in 25 steps. Dist = 0.0094m
2026-04-24 00:18:23,968 - [ENV] - --- EPISODE START | Scenario: TRANSIT | Start: [0.65465561 0.44594095 0.55      ] | Goal: [ 0.96126569 -0.00296366  0.55      ] | DriftLimit: 0.0618 | FloorLimit: 0.4599 ---
2026-04-24 00:18:25,011 - [ENV] - SUCCESS: Goal reached in 30 steps. Dist = 0.0091m
2026-04-24 00:18:25,012 - [ENV] - --- EPISODE START | Scenario: DESCEND | Start: [1.12139664 0.19639617 0.55      ] | Goal: [1.12139664 0.19639617 0.415     ] | DriftLimit: 0.0618 | FloorLimit: 0.4599 ---
2026-04-24 00:18:25,357 - [ENV] - SUCCESS: Goal reached in 6 steps. Dist = 0.0049m
2026-04-24 00:18:25,358 - [ENV] - --- EPISODE START | Scenario: DESCEND | Start: [0.80963514 0.23728412 0.55      ] | Goal: [0.80963514 0.23728412 0.41      ] | DriftLimit: 0.0618 | FloorLimit: 0.4599 ---
2026-04-24 00:18:31,094 - [ENV] - --- EPISODE START | Scenario: ASCEND | Start: [0.83166412 0.42850436 0.41      ] | Goal: [0.83166412 0.42850436 0.55      ] | DriftLimit: 0.0617 | FloorLimit: 0.4600 ---
2026-04-24 00:18:31,316 - [ENV] - TERMINATED (Ascend): Tube Drift = 0.0638m (Max 0.0617m) at step 3
2026-04-24 00:18:31,316 - [ENV] - Episode ended without success at step 3. Final dist: 0.1297m
2026-04-24 00:18:31,316 - [ENV] - --- EPISODE START | Scenario: DESCEND | Start: [0.63688744 0.02262161 0.55      ] | Goal: [0.63688744 0.02262161 0.415     ] | DriftLimit: 0.0617 | FloorLimit: 0.4600 ---
2026-04-24 00:19:13,335 - [ENV] - SUCCESS: Goal reached in 99 steps. Dist = 0.0098m
2026-04-24 00:19:13,336 - [ENV] - --- EPISODE START | Scenario: ASCEND | Start: [0.74932911 0.08957644 0.41      ] | Goal: [0.74932911 0.08957644 0.55      ] | DriftLimit: 0.0616 | FloorLimit: 0.4600 ---
2026-04-24 00:19:13,546 - [ENV] - TERMINATED (Ascend): Tube Drift = 0.0828m (Max 0.0616m) at step 3
2026-04-24 00:19:13,547 - [ENV] - Episode ended without success at step 3. Final dist: 0.1292m
2026-04-24 00:19:13,547 - [ENV] - --- EPISODE START | Scenario: DESCEND | Start: [0.69243745 0.0228162  0.55      ] | Goal: [0.69243745 0.0228162  0.41      ] | DriftLimit: 0.0616 | FloorLimit: 0.4600 ---
2026-04-24 00:19:13,780 - [ENV] - SUCCESS: Goal reached in 6 steps. Dist = 0.0090m
2026-04-24 00:19:13,781 - [ENV] - --- EPISODE START | Scenario: TRANSIT | Start: [0.61876443 0.4940466  0.55      ] | Goal: [0.79700818 0.33466436 0.55      ] | DriftLimit: 0.0616 | FloorLimit: 0.4600 ---
2026-04-24 00:19:14,979 - [ENV] - SUCCESS: Goal reached in 31 steps. Dist = 0.0097m
2026-04-24 00:19:14,980 - [ENV] - --- EPISODE START | Scenario: DESCEND | Start: [0.79599279 0.28751378 0.55      ] | Goal: [0.79599279 0.28751378 0.41      ] | DriftLimit: 0.0616 | FloorLimit: 0.4601 ---
2026-04-24 00:19:20,386 - [ENV] - --- EPISODE START | Scenario: DESCEND | Start: [0.78612625 0.47675915 0.55      ] | Goal: [0.78612625 0.47675915 0.415     ] | DriftLimit: 0.0614 | FloorLimit: 0.4601 ---
2026-04-24 00:19:20,633 - [ENV] - SUCCESS: Goal reached in 6 steps. Dist = 0.0084m
2026-04-24 00:19:20,634 - [ENV] - --- EPISODE START | Scenario: TRANSIT | Start: [1.00279321 0.17012307 0.55      ] | Goal: [0.74624944 0.53522495 0.55      ] | DriftLimit: 0.0614 | FloorLimit: 0.4601 ---
2026-04-24 00:19:26,495 - [ENV] - --- EPISODE START | Scenario: TRANSIT | Start: [0.98097505 0.01328954 0.55      ] | Goal: [ 0.74860202 -0.01319268  0.55      ] | DriftLimit: 0.0613 | FloorLimit: 0.4602 ---
2026-04-24 00:19:31,628 - [ENV] - --- EPISODE START | Scenario: ASCEND | Start: [1.12207534 0.44467018 0.41      ] | Goal: [1.12207534 0.44467018 0.55      ] | DriftLimit: 0.0612 | FloorLimit: 0.4603 ---
2026-04-24 00:19:31,833 - [ENV] - TERMINATED (Ascend): Tube Drift = 0.1011m (Max 0.0612m) at step 3
2026-04-24 00:19:31,833 - [ENV] - Episode ended without success at step 3. Final dist: 0.1235m
2026-04-24 00:19:31,834 - [ENV] - --- EPISODE START | Scenario: ASCEND | Start: [0.72924488 0.02328102 0.41      ] | Goal: [0.72924488 0.02328102 0.55      ] | DriftLimit: 0.0612 | FloorLimit: 0.4603 ---
2026-04-24 00:19:32,042 - [ENV] - TERMINATED (Ascend): Tube Drift = 0.0936m (Max 0.0612m) at step 3
2026-04-24 00:19:32,043 - [ENV] - Episode ended without success at step 3. Final dist: 0.1321m
2026-04-24 00:19:32,044 - [ENV] - --- EPISODE START | Scenario: TRANSIT | Start: [0.61895698 0.22136125 0.55      ] | Goal: [0.85864231 0.51528997 0.55      ] | DriftLimit: 0.0612 | FloorLimit: 0.4603 ---
2026-04-24 00:19:32,934 - [ENV] - SUCCESS: Goal reached in 22 steps. Dist = 0.0089m
2026-04-24 00:19:32,935 - [ENV] - --- EPISODE START | Scenario: ASCEND | Start: [1.05774433 0.19594751 0.41      ] | Goal: [1.05774433 0.19594751 0.55      ] | DriftLimit: 0.0612 | FloorLimit: 0.4603 ---
2026-04-24 00:19:33,200 - [ENV] - TERMINATED (Ascend): Tube Drift = 0.0935m (Max 0.0612m) at step 3
2026-04-24 00:19:33,200 - [ENV] - Episode ended without success at step 3. Final dist: 0.1168m
2026-04-24 00:19:33,201 - [ENV] - --- EPISODE START | Scenario: TRANSIT | Start: [0.99736664 0.276553   0.55      ] | Goal: [0.83684526 0.16085308 0.55      ] | DriftLimit: 0.0612 | FloorLimit: 0.4603 ---
2026-04-24 00:19:38,552 - [ENV] - --- EPISODE START | Scenario: TRANSIT | Start: [1.13295386 0.24845641 0.55      ] | Goal: [0.76625001 0.08846388 0.55      ] | DriftLimit: 0.0610 | FloorLimit: 0.4604 ---
2026-04-24 00:19:44,323 - [ENV] - --- EPISODE START | Scenario: TRANSIT | Start: [0.9440256  0.30198807 0.55      ] | Goal: [1.13189222 0.06964716 0.55      ] | DriftLimit: 0.0609 | FloorLimit: 0.4604 ---
2026-04-24 00:19:48,171 - [ENV] - SUCCESS: Goal reached in 131 steps. Dist = 0.0099m
2026-04-24 00:19:48,171 - [ENV] - --- EPISODE START | Scenario: DESCEND | Start: [0.93054247 0.34413694 0.55      ] | Goal: [0.93054247 0.34413694 0.415     ] | DriftLimit: 0.0608 | FloorLimit: 0.4605 ---
2026-04-24 00:19:54,846 - [ENV] - --- EPISODE START | Scenario: TRANSIT | Start: [0.68137042 0.25072877 0.55      ] | Goal: [0.90138363 0.09692495 0.55      ] | DriftLimit: 0.0607 | FloorLimit: 0.4605 ---
2026-04-24 00:19:55,481 - [ENV] - SUCCESS: Goal reached in 20 steps. Dist = 0.0096m
2026-04-24 00:19:55,482 - [ENV] - --- EPISODE START | Scenario: DESCEND | Start: [0.65086719 0.12838379 0.55      ] | Goal: [0.65086719 0.12838379 0.415     ] | DriftLimit: 0.0607 | FloorLimit: 0.4606 ---
2026-04-24 00:20:01,011 - [ENV] - --- EPISODE START | Scenario: ASCEND | Start: [0.92577061 0.00114021 0.41      ] | Goal: [0.92577061 0.00114021 0.55      ] | DriftLimit: 0.0605 | FloorLimit: 0.4606 ---
2026-04-24 00:20:01,215 - [ENV] - TERMINATED (Ascend): Tube Drift = 0.0975m (Max 0.0605m) at step 3
2026-04-24 00:20:01,215 - [ENV] - Episode ended without success at step 3. Final dist: 0.1301m
2026-04-24 00:20:01,216 - [ENV] - --- EPISODE START | Scenario: DESCEND | Start: [1.08973637 0.00455135 0.55      ] | Goal: [1.08973637 0.00455135 0.41      ] | DriftLimit: 0.0605 | FloorLimit: 0.4606 ---
2026-04-24 00:20:06,532 - [ENV] - --- EPISODE START | Scenario: DESCEND | Start: [0.91363336 0.01893017 0.55      ] | Goal: [0.91363336 0.01893017 0.415     ] | DriftLimit: 0.0604 | FloorLimit: 0.4607 ---
2026-04-24 00:20:12,615 - [ENV] - --- EPISODE START | Scenario: TRANSIT | Start: [0.60272633 0.30977033 0.55      ] | Goal: [0.66550386 0.39492256 0.55      ] | DriftLimit: 0.0603 | FloorLimit: 0.4608 ---
2026-04-24 00:20:18,496 - [ENV] - --- EPISODE START | Scenario: TRANSIT | Start: [0.62772831 0.54365813 0.55      ] | Goal: [0.83592289 0.28275633 0.55      ] | DriftLimit: 0.0601 | FloorLimit: 0.4608 ---
2026-04-24 00:20:20,168 - [ENV] - SUCCESS: Goal reached in 54 steps. Dist = 0.0100m
2026-04-24 00:20:20,169 - [ENV] - --- EPISODE START | Scenario: ASCEND | Start: [0.73513608 0.10903568 0.41      ] | Goal: [0.73513608 0.10903568 0.55      ] | DriftLimit: 0.0601 | FloorLimit: 0.4609 ---
2026-04-24 00:20:20,445 - [ENV] - TERMINATED (Ascend): Tube Drift = 0.0666m (Max 0.0601m) at step 3
2026-04-24 00:20:20,446 - [ENV] - Episode ended without success at step 3. Final dist: 0.1392m
2026-04-24 00:20:20,447 - [ENV] - --- EPISODE START | Scenario: TRANSIT | Start: [0.62879987 0.4243828  0.55      ] | Goal: [0.795346   0.03043435 0.55      ] | DriftLimit: 0.0601 | FloorLimit: 0.4609 ---
2026-04-24 00:20:26,365 - [ENV] - --- EPISODE START | Scenario: TRANSIT | Start: [1.15172268 0.00334765 0.55      ] | Goal: [0.71177254 0.24541417 0.55      ] | DriftLimit: 0.0600 | FloorLimit: 0.4609 ---
2026-04-24 00:20:31,710 - [ENV] - --- EPISODE START | Scenario: TRANSIT | Start: [0.70532164 0.19234048 0.55      ] | Goal: [0.93099783 0.27077726 0.55      ] | DriftLimit: 0.0598 | FloorLimit: 0.4610 ---
2026-04-24 00:21:13,330 - [ENV] - SUCCESS: Goal reached in 20 steps. Dist = 0.0093m
2026-04-24 00:21:13,331 - [ENV] - --- EPISODE START | Scenario: ASCEND | Start: [0.93098858 0.28296152 0.41      ] | Goal: [0.93098858 0.28296152 0.55      ] | DriftLimit: 0.0598 | FloorLimit: 0.4610 ---
2026-04-24 00:21:13,522 - [ENV] - TERMINATED (Ascend): Tube Drift = 0.0889m (Max 0.0598m) at step 3
2026-04-24 00:21:13,523 - [ENV] - Episode ended without success at step 3. Final dist: 0.1223m
2026-04-24 00:21:13,523 - [ENV] - --- EPISODE START | Scenario: TRANSIT | Start: [1.05069131 0.31494484 0.55      ] | Goal: [0.7601715  0.16317011 0.55      ] | DriftLimit: 0.0598 | FloorLimit: 0.4610 ---
2026-04-24 00:21:18,667 - [ENV] - --- EPISODE START | Scenario: ASCEND | Start: [ 0.89473576 -0.00727535  0.41      ] | Goal: [ 0.89473576 -0.00727535  0.55      ] | DriftLimit: 0.0597 | FloorLimit: 0.4611 ---
2026-04-24 00:21:18,809 - [ENV] - TERMINATED (Ascend): Tube Drift = 0.0625m (Max 0.0597m) at step 2
2026-04-24 00:21:18,809 - [ENV] - Episode ended without success at step 2. Final dist: 0.1119m
2026-04-24 00:21:18,810 - [ENV] - --- EPISODE START | Scenario: DESCEND | Start: [ 0.98511959 -0.00281231  0.55      ] | Goal: [ 0.98511959 -0.00281231  0.415     ] | DriftLimit: 0.0597 | FloorLimit: 0.4611 ---
2026-04-24 00:21:24,124 - [ENV] - --- EPISODE START | Scenario: DESCEND | Start: [0.79664735 0.02616195 0.55      ] | Goal: [0.79664735 0.02616195 0.415     ] | DriftLimit: 0.0596 | FloorLimit: 0.4611 ---
2026-04-24 00:21:29,854 - [ENV] - --- EPISODE START | Scenario: DESCEND | Start: [0.82613982 0.37817707 0.55      ] | Goal: [0.82613982 0.37817707 0.415     ] | DriftLimit: 0.0594 | FloorLimit: 0.4612 ---
2026-04-24 00:21:33,283 - [ENV] - SUCCESS: Goal reached in 117 steps. Dist = 0.0100m
2026-04-24 00:21:33,284 - [ENV] - --- EPISODE START | Scenario: DESCEND | Start: [1.04428303 0.36864919 0.55      ] | Goal: [1.04428303 0.36864919 0.415     ] | DriftLimit: 0.0594 | FloorLimit: 0.4613 ---
2026-04-24 00:21:38,637 - [ENV] - --- EPISODE START | Scenario: DESCEND | Start: [0.66463359 0.24690728 0.55      ] | Goal: [0.66463359 0.24690728 0.41      ] | DriftLimit: 0.0592 | FloorLimit: 0.4613 ---
2026-04-24 00:21:43,942 - [ENV] - --- EPISODE START | Scenario: ASCEND | Start: [1.03410699 0.10907382 0.41      ] | Goal: [1.03410699 0.10907382 0.55      ] | DriftLimit: 0.0591 | FloorLimit: 0.4614 ---
2026-04-24 00:21:44,103 - [ENV] - TERMINATED (Ascend): Tube Drift = 0.0603m (Max 0.0591m) at step 2
2026-04-24 00:21:44,104 - [ENV] - Episode ended without success at step 2. Final dist: 0.1096m
2026-04-24 00:21:44,105 - [ENV] - --- EPISODE START | Scenario: ASCEND | Start: [0.67651406 0.06921945 0.41      ] | Goal: [0.67651406 0.06921945 0.55      ] | DriftLimit: 0.0591 | FloorLimit: 0.4614 ---
2026-04-24 00:21:44,292 - [ENV] - TERMINATED (Ascend): Tube Drift = 0.0883m (Max 0.0591m) at step 3
2026-04-24 00:21:44,292 - [ENV] - Episode ended without success at step 3. Final dist: 0.1392m
2026-04-24 00:21:44,293 - [ENV] - --- EPISODE START | Scenario: TRANSIT | Start: [0.798269   0.09252846 0.55      ] | Goal: [0.99294048 0.52321035 0.55      ] | DriftLimit: 0.0591 | FloorLimit: 0.4614 ---
2026-04-24 00:21:50,219 - [ENV] - --- EPISODE START | Scenario: DESCEND | Start: [0.88059702 0.44357992 0.55      ] | Goal: [0.88059702 0.44357992 0.41      ] | DriftLimit: 0.0590 | FloorLimit: 0.4615 ---
2026-04-24 00:21:56,063 - [ENV] - --- EPISODE START | Scenario: TRANSIT | Start: [0.69087553 0.03564436 0.55      ] | Goal: [0.73334554 0.41458986 0.55      ] | DriftLimit: 0.0588 | FloorLimit: 0.4615 ---
2026-04-24 00:22:01,674 - [ENV] - --- EPISODE START | Scenario: ASCEND | Start: [1.09092346 0.29172909 0.41      ] | Goal: [1.09092346 0.29172909 0.55      ] | DriftLimit: 0.0587 | FloorLimit: 0.4616 ---
2026-04-24 00:22:01,863 - [ENV] - TERMINATED (Ascend): Tube Drift = 0.0623m (Max 0.0587m) at step 2
2026-04-24 00:22:01,863 - [ENV] - Episode ended without success at step 2. Final dist: 0.1136m
2026-04-24 00:22:01,864 - [ENV] - --- EPISODE START | Scenario: TRANSIT | Start: [0.85174846 0.37820144 0.55      ] | Goal: [0.78766983 0.28374416 0.55      ] | DriftLimit: 0.0587 | FloorLimit: 0.4616 ---
2026-04-24 00:22:07,688 - [ENV] - --- EPISODE START | Scenario: TRANSIT | Start: [0.74248956 0.08855252 0.55      ] | Goal: [0.71160291 0.44614531 0.55      ] | DriftLimit: 0.0586 | FloorLimit: 0.4617 ---
2026-04-24 00:22:13,042 - [ENV] - --- EPISODE START | Scenario: TRANSIT | Start: [0.78631757 0.44992661 0.55      ] | Goal: [0.76669011 0.16804593 0.55      ] | DriftLimit: 0.0585 | FloorLimit: 0.4618 ---
2026-04-24 00:22:13,716 - [ENV] - SUCCESS: Goal reached in 21 steps. Dist = 0.0099m
2026-04-24 00:22:13,717 - [ENV] - --- EPISODE START | Scenario: DESCEND | Start: [0.61473251 0.295819   0.55      ] | Goal: [0.61473251 0.295819   0.415     ] | DriftLimit: 0.0584 | FloorLimit: 0.4618 ---
2026-04-24 00:22:14,404 - [ENV] - SUCCESS: Goal reached in 21 steps. Dist = 0.0087m
2026-04-24 00:22:14,404 - [ENV] - --- EPISODE START | Scenario: ASCEND | Start: [0.8717362  0.34276969 0.41      ] | Goal: [0.8717362  0.34276969 0.55      ] | DriftLimit: 0.0584 | FloorLimit: 0.4618 ---
2026-04-24 00:22:14,676 - [ENV] - TERMINATED (Ascend): Tube Drift = 0.0886m (Max 0.0584m) at step 3
2026-04-24 00:22:14,676 - [ENV] - Episode ended without success at step 3. Final dist: 0.1254m
2026-04-24 00:22:14,677 - [ENV] - --- EPISODE START | Scenario: DESCEND | Start: [0.60310421 0.40144308 0.55      ] | Goal: [0.60310421 0.40144308 0.415     ] | DriftLimit: 0.0584 | FloorLimit: 0.4618 ---
2026-04-24 00:22:15,181 - [ENV] - SUCCESS: Goal reached in 15 steps. Dist = 0.0088m
2026-04-24 00:22:15,182 - [ENV] - --- EPISODE START | Scenario: TRANSIT | Start: [1.04477226 0.34766039 0.55      ] | Goal: [0.71369349 0.15417396 0.55      ] | DriftLimit: 0.0584 | FloorLimit: 0.4618 ---
2026-04-24 00:22:21,228 - [ENV] - --- EPISODE START | Scenario: DESCEND | Start: [0.62759126 0.06847602 0.55      ] | Goal: [0.62759126 0.06847602 0.41      ] | DriftLimit: 0.0583 | FloorLimit: 0.4618 ---
2026-04-24 00:22:27,010 - [ENV] - --- EPISODE START | Scenario: ASCEND | Start: [0.60288892 0.51982806 0.41      ] | Goal: [0.60288892 0.51982806 0.55      ] | DriftLimit: 0.0581 | FloorLimit: 0.4619 ---
2026-04-24 00:22:27,162 - [ENV] - TERMINATED (Ascend): Tube Drift = 0.0706m (Max 0.0581m) at step 2
2026-04-24 00:22:27,163 - [ENV] - Episode ended without success at step 2. Final dist: 0.1332m
2026-04-24 00:22:27,163 - [ENV] - --- EPISODE START | Scenario: ASCEND | Start: [0.81133102 0.27584729 0.41      ] | Goal: [0.81133102 0.27584729 0.55      ] | DriftLimit: 0.0581 | FloorLimit: 0.4619 ---
2026-04-24 00:22:27,466 - [ENV] - TERMINATED (Ascend): Tube Drift = 0.0726m (Max 0.0581m) at step 4
2026-04-24 00:22:27,467 - [ENV] - Episode ended without success at step 4. Final dist: 0.1412m
2026-04-24 00:22:27,467 - [ENV] - --- EPISODE START | Scenario: DESCEND | Start: [0.78863804 0.29038577 0.55      ] | Goal: [0.78863804 0.29038577 0.415     ] | DriftLimit: 0.0581 | FloorLimit: 0.4619 ---
2026-04-24 00:22:33,870 - [ENV] - --- EPISODE START | Scenario: DESCEND | Start: [0.6466045  0.17788273 0.55      ] | Goal: [0.6466045  0.17788273 0.415     ] | DriftLimit: 0.0580 | FloorLimit: 0.4620 ---
2026-04-24 00:23:32,455 - [ENV] - --- EPISODE START | Scenario: TRANSIT | Start: [1.05510771 0.27674629 0.55      ] | Goal: [0.91323893 0.06687601 0.55      ] | DriftLimit: 0.0579 | FloorLimit: 0.4621 ---
2026-04-24 00:23:38,091 - [ENV] - --- EPISODE START | Scenario: ASCEND | Start: [1.03430126 0.48034415 0.41      ] | Goal: [1.03430126 0.48034415 0.55      ] | DriftLimit: 0.0578 | FloorLimit: 0.4621 ---
2026-04-24 00:23:38,257 - [ENV] - TERMINATED (Ascend): Tube Drift = 0.0614m (Max 0.0578m) at step 2
2026-04-24 00:23:38,257 - [ENV] - Episode ended without success at step 2. Final dist: 0.1124m
2026-04-24 00:23:38,258 - [ENV] - --- EPISODE START | Scenario: TRANSIT | Start: [0.60737598 0.23565686 0.55      ] | Goal: [0.61122766 0.53941591 0.55      ] | DriftLimit: 0.0578 | FloorLimit: 0.4621 ---
2026-04-24 00:23:43,956 - [ENV] - --- EPISODE START | Scenario: DESCEND | Start: [1.03366189 0.43642629 0.55      ] | Goal: [1.03366189 0.43642629 0.415     ] | DriftLimit: 0.0576 | FloorLimit: 0.4622 ---
2026-04-24 00:23:49,393 - [ENV] - --- EPISODE START | Scenario: ASCEND | Start: [0.96467649 0.38590997 0.41      ] | Goal: [0.96467649 0.38590997 0.55      ] | DriftLimit: 0.0575 | FloorLimit: 0.4623 ---
2026-04-24 00:23:49,550 - [ENV] - TERMINATED (Ascend): Tube Drift = 0.0600m (Max 0.0575m) at step 2
2026-04-24 00:23:49,551 - [ENV] - Episode ended without success at step 2. Final dist: 0.1119m
2026-04-24 00:23:49,552 - [ENV] - --- EPISODE START | Scenario: DESCEND | Start: [0.97497323 0.44226631 0.55      ] | Goal: [0.97497323 0.44226631 0.41      ] | DriftLimit: 0.0575 | FloorLimit: 0.4623 ---
2026-04-24 00:23:55,093 - [ENV] - --- EPISODE START | Scenario: DESCEND | Start: [1.06696393 0.46028236 0.55      ] | Goal: [1.06696393 0.46028236 0.41      ] | DriftLimit: 0.0574 | FloorLimit: 0.4623 ---
2026-04-24 00:24:00,939 - [ENV] - --- EPISODE START | Scenario: ASCEND | Start: [0.67927066 0.19714384 0.41      ] | Goal: [0.67927066 0.19714384 0.55      ] | DriftLimit: 0.0572 | FloorLimit: 0.4624 ---
2026-04-24 00:24:01,271 - [ENV] - TERMINATED (Ascend): Tube Drift = 0.0712m (Max 0.0572m) at step 6
2026-04-24 00:24:01,272 - [ENV] - Episode ended without success at step 6. Final dist: 0.1427m
2026-04-24 00:24:01,272 - [ENV] - --- EPISODE START | Scenario: DESCEND | Start: [0.91608886 0.31933181 0.55      ] | Goal: [0.91608886 0.31933181 0.415     ] | DriftLimit: 0.0572 | FloorLimit: 0.4624 ---
2026-04-24 00:24:07,131 - [ENV] - --- EPISODE START | Scenario: ASCEND | Start: [1.11501511 0.06182691 0.41      ] | Goal: [1.11501511 0.06182691 0.55      ] | DriftLimit: 0.0571 | FloorLimit: 0.4625 ---
2026-04-24 00:24:07,265 - [ENV] - TERMINATED (Ascend): Tube Drift = 0.0659m (Max 0.0571m) at step 2
2026-04-24 00:24:07,265 - [ENV] - Episode ended without success at step 2. Final dist: 0.1123m
2026-04-24 00:24:07,266 - [ENV] - --- EPISODE START | Scenario: TRANSIT | Start: [0.6364424  0.32772648 0.55      ] | Goal: [0.95450104 0.07946643 0.55      ] | DriftLimit: 0.0571 | FloorLimit: 0.4625 ---
2026-04-24 00:24:08,011 - [ENV] - SUCCESS: Goal reached in 23 steps. Dist = 0.0091m
2026-04-24 00:24:08,012 - [ENV] - --- EPISODE START | Scenario: ASCEND | Start: [0.83272263 0.16729758 0.41      ] | Goal: [0.83272263 0.16729758 0.55      ] | DriftLimit: 0.0571 | FloorLimit: 0.4625 ---
2026-04-24 00:24:08,217 - [ENV] - TERMINATED (Ascend): Tube Drift = 0.0772m (Max 0.0571m) at step 3
2026-04-24 00:24:08,217 - [ENV] - Episode ended without success at step 3. Final dist: 0.1319m
2026-04-24 00:24:08,218 - [ENV] - --- EPISODE START | Scenario: ASCEND | Start: [0.76648721 0.38636798 0.41      ] | Goal: [0.76648721 0.38636798 0.55      ] | DriftLimit: 0.0571 | FloorLimit: 0.4625 ---
2026-04-24 00:24:08,438 - [ENV] - TERMINATED (Ascend): Tube Drift = 0.0816m (Max 0.0571m) at step 3
2026-04-24 00:24:08,438 - [ENV] - Episode ended without success at step 3. Final dist: 0.1319m
2026-04-24 00:24:08,439 - [ENV] - --- EPISODE START | Scenario: ASCEND | Start: [1.07509938 0.06586119 0.41      ] | Goal: [1.07509938 0.06586119 0.55      ] | DriftLimit: 0.0571 | FloorLimit: 0.4625 ---
2026-04-24 00:24:08,578 - [ENV] - TERMINATED (Ascend): Tube Drift = 0.0617m (Max 0.0571m) at step 2
2026-04-24 00:24:08,579 - [ENV] - Episode ended without success at step 2. Final dist: 0.1097m
2026-04-24 00:24:08,580 - [ENV] - --- EPISODE START | Scenario: ASCEND | Start: [0.71799143 0.25309006 0.41      ] | Goal: [0.71799143 0.25309006 0.55      ] | DriftLimit: 0.0571 | FloorLimit: 0.4625 ---
2026-04-24 00:24:09,258 - [ENV] - TERMINATED (Ascend): Tube Drift = 0.0613m (Max 0.0571m) at step 13
2026-04-24 00:24:09,259 - [ENV] - Episode ended without success at step 13. Final dist: 0.1414m
2026-04-24 00:24:09,259 - [ENV] - --- EPISODE START | Scenario: ASCEND | Start: [1.00325546 0.15961464 0.41      ] | Goal: [1.00325546 0.15961464 0.55      ] | DriftLimit: 0.0571 | FloorLimit: 0.4625 ---
2026-04-24 00:24:09,436 - [ENV] - TERMINATED (Ascend): Tube Drift = 0.0609m (Max 0.0571m) at step 2
2026-04-24 00:24:09,436 - [ENV] - Episode ended without success at step 2. Final dist: 0.1116m
2026-04-24 00:24:09,437 - [ENV] - --- EPISODE START | Scenario: TRANSIT | Start: [1.12309218 0.41150807 0.55      ] | Goal: [1.04431194 0.12449398 0.55      ] | DriftLimit: 0.0571 | FloorLimit: 0.4625 ---
2026-04-24 00:24:14,705 - [ENV] - --- EPISODE START | Scenario: TRANSIT | Start: [0.92892777 0.37683767 0.55      ] | Goal: [1.09288049 0.14331561 0.55      ] | DriftLimit: 0.0569 | FloorLimit: 0.4626 ---
2026-04-24 00:24:15,922 - [ENV] - SUCCESS: Goal reached in 42 steps. Dist = 0.0099m
2026-04-24 00:24:15,923 - [ENV] - --- EPISODE START | Scenario: DESCEND | Start: [0.7527813  0.20182472 0.55      ] | Goal: [0.7527813  0.20182472 0.415     ] | DriftLimit: 0.0569 | FloorLimit: 0.4626 ---
2026-04-24 00:24:22,014 - [ENV] - --- EPISODE START | Scenario: ASCEND | Start: [1.14312732 0.09821949 0.41      ] | Goal: [1.14312732 0.09821949 0.55      ] | DriftLimit: 0.0568 | FloorLimit: 0.4627 ---
2026-04-24 00:24:22,184 - [ENV] - TERMINATED (Ascend): Tube Drift = 0.0636m (Max 0.0568m) at step 2
2026-04-24 00:24:22,184 - [ENV] - Episode ended without success at step 2. Final dist: 0.1112m
2026-04-24 00:24:22,185 - [ENV] - --- EPISODE START | Scenario: ASCEND | Start: [1.04727046 0.19272071 0.41      ] | Goal: [1.04727046 0.19272071 0.55      ] | DriftLimit: 0.0568 | FloorLimit: 0.4627 ---
2026-04-24 00:24:22,372 - [ENV] - TERMINATED (Ascend): Tube Drift = 0.0580m (Max 0.0568m) at step 2
2026-04-24 00:24:22,373 - [ENV] - Episode ended without success at step 2. Final dist: 0.1093m
2026-04-24 00:24:22,373 - [ENV] - --- EPISODE START | Scenario: TRANSIT | Start: [0.95080308 0.3788692  0.55      ] | Goal: [0.78066282 0.4163697  0.55      ] | DriftLimit: 0.0568 | FloorLimit: 0.4627 ---
2026-04-24 00:24:22,721 - [ENV] - SUCCESS: Goal reached in 9 steps. Dist = 0.0092m
2026-04-24 00:24:22,722 - [ENV] - --- EPISODE START | Scenario: TRANSIT | Start: [1.00991381 0.12101809 0.55      ] | Goal: [0.96660273 0.32646703 0.55      ] | DriftLimit: 0.0568 | FloorLimit: 0.4627 ---
2026-04-24 00:24:23,165 - [ENV] - SUCCESS: Goal reached in 13 steps. Dist = 0.0094m
2026-04-24 00:24:23,166 - [ENV] - --- EPISODE START | Scenario: DESCEND | Start: [0.97915967 0.12862547 0.55      ] | Goal: [0.97915967 0.12862547 0.41      ] | DriftLimit: 0.0568 | FloorLimit: 0.4627 ---
2026-04-24 00:24:28,389 - [ENV] - --- EPISODE START | Scenario: DESCEND | Start: [1.12499915 0.30959469 0.55      ] | Goal: [1.12499915 0.30959469 0.41      ] | DriftLimit: 0.0566 | FloorLimit: 0.4627 ---
2026-04-24 00:24:33,982 - [ENV] - --- EPISODE START | Scenario: ASCEND | Start: [ 1.05542426 -0.00582238  0.41      ] | Goal: [ 1.05542426 -0.00582238  0.55      ] | DriftLimit: 0.0565 | FloorLimit: 0.4628 ---
2026-04-24 00:24:34,132 - [ENV] - TERMINATED (Ascend): Tube Drift = 0.0640m (Max 0.0565m) at step 2
2026-04-24 00:24:34,133 - [ENV] - Episode ended without success at step 2. Final dist: 0.1102m
2026-04-24 00:24:34,134 - [ENV] - --- EPISODE START | Scenario: DESCEND | Start: [0.86528289 0.37203374 0.55      ] | Goal: [0.86528289 0.37203374 0.41      ] | DriftLimit: 0.0565 | FloorLimit: 0.4628 ---
2026-04-24 00:24:39,948 - [ENV] - --- EPISODE START | Scenario: DESCEND | Start: [ 1.15192526 -0.00844414  0.55      ] | Goal: [ 1.15192526 -0.00844414  0.41      ] | DriftLimit: 0.0564 | FloorLimit: 0.4629 ---
2026-04-24 00:24:45,210 - [ENV] - --- EPISODE START | Scenario: TRANSIT | Start: [0.62048271 0.11459846 0.55      ] | Goal: [0.60267794 0.33584388 0.55      ] | DriftLimit: 0.0563 | FloorLimit: 0.4630 ---
2026-04-24 00:25:21,869 - [ENV] - --- EPISODE START | Scenario: ASCEND | Start: [1.10428132 0.02941384 0.41      ] | Goal: [1.10428132 0.02941384 0.55      ] | DriftLimit: 0.0561 | FloorLimit: 0.4630 ---
2026-04-24 00:25:22,021 - [ENV] - TERMINATED (Ascend): Tube Drift = 0.0657m (Max 0.0561m) at step 2
2026-04-24 00:25:22,021 - [ENV] - Episode ended without success at step 2. Final dist: 0.1122m
2026-04-24 00:25:22,022 - [ENV] - --- EPISODE START | Scenario: DESCEND | Start: [0.98613115 0.47554196 0.55      ] | Goal: [0.98613115 0.47554196 0.41      ] | DriftLimit: 0.0561 | FloorLimit: 0.4630 ---
2026-04-24 00:25:27,271 - [ENV] - --- EPISODE START | Scenario: TRANSIT | Start: [1.01781353 0.48005508 0.55      ] | Goal: [0.92373133 0.31938945 0.55      ] | DriftLimit: 0.0560 | FloorLimit: 0.4631 ---
2026-04-24 00:25:27,931 - [ENV] - SUCCESS: Goal reached in 20 steps. Dist = 0.0089m
2026-04-24 00:25:27,932 - [ENV] - --- EPISODE START | Scenario: DESCEND | Start: [0.61177255 0.41129729 0.55      ] | Goal: [0.61177255 0.41129729 0.415     ] | DriftLimit: 0.0560 | FloorLimit: 0.4631 ---
2026-04-24 00:25:28,598 - [ENV] - SUCCESS: Goal reached in 20 steps. Dist = 0.0099m
2026-04-24 00:25:28,599 - [ENV] - --- EPISODE START | Scenario: TRANSIT | Start: [0.70176653 0.17056825 0.55      ] | Goal: [1.06059785 0.30241834 0.55      ] | DriftLimit: 0.0560 | FloorLimit: 0.4631 ---
2026-04-24 00:25:33,815 - [ENV] - --- EPISODE START | Scenario: DESCEND | Start: [0.88237228 0.52181222 0.55      ] | Goal: [0.88237228 0.52181222 0.41      ] | DriftLimit: 0.0558 | FloorLimit: 0.4632 ---
2026-04-24 00:25:35,453 - [ENV] - SUCCESS: Goal reached in 52 steps. Dist = 0.0100m
2026-04-24 00:25:35,454 - [ENV] - --- EPISODE START | Scenario: DESCEND | Start: [0.76457393 0.03614562 0.55      ] | Goal: [0.76457393 0.03614562 0.41      ] | DriftLimit: 0.0558 | FloorLimit: 0.4632 ---
2026-04-24 00:25:41,248 - [ENV] - --- EPISODE START | Scenario: TRANSIT | Start: [0.88095637 0.45046529 0.55      ] | Goal: [0.82049382 0.24255856 0.55      ] | DriftLimit: 0.0557 | FloorLimit: 0.4633 ---
2026-04-24 00:25:41,748 - [ENV] - SUCCESS: Goal reached in 14 steps. Dist = 0.0083m
2026-04-24 00:25:41,749 - [ENV] - --- EPISODE START | Scenario: DESCEND | Start: [0.79153443 0.50361737 0.55      ] | Goal: [0.79153443 0.50361737 0.415     ] | DriftLimit: 0.0557 | FloorLimit: 0.4633 ---
2026-04-24 00:25:42,104 - [ENV] - SUCCESS: Goal reached in 7 steps. Dist = 0.0098m
2026-04-24 00:25:42,106 - [ENV] - --- EPISODE START | Scenario: TRANSIT | Start: [0.71297588 0.04910294 0.55      ] | Goal: [0.68180886 0.14505071 0.55      ] | DriftLimit: 0.0557 | FloorLimit: 0.4633 ---
2026-04-24 00:25:42,825 - [ENV] - SUCCESS: Goal reached in 21 steps. Dist = 0.0099m
2026-04-24 00:25:42,826 - [ENV] - --- EPISODE START | Scenario: ASCEND | Start: [0.82488264 0.46725771 0.41      ] | Goal: [0.82488264 0.46725771 0.55      ] | DriftLimit: 0.0556 | FloorLimit: 0.4633 ---
2026-04-24 00:25:43,006 - [ENV] - TERMINATED (Ascend): Tube Drift = 0.0582m (Max 0.0556m) at step 2
2026-04-24 00:25:43,007 - [ENV] - Episode ended without success at step 2. Final dist: 0.1198m
2026-04-24 00:25:43,008 - [ENV] - --- EPISODE START | Scenario: ASCEND | Start: [0.72634439 0.47209525 0.41      ] | Goal: [0.72634439 0.47209525 0.55      ] | DriftLimit: 0.0556 | FloorLimit: 0.4633 ---
2026-04-24 00:25:43,177 - [ENV] - TERMINATED (Ascend): Tube Drift = 0.0589m (Max 0.0556m) at step 2
2026-04-24 00:25:43,177 - [ENV] - Episode ended without success at step 2. Final dist: 0.1290m
2026-04-24 00:25:43,179 - [ENV] - --- EPISODE START | Scenario: ASCEND | Start: [0.62572378 0.08070815 0.41      ] | Goal: [0.62572378 0.08070815 0.55      ] | DriftLimit: 0.0556 | FloorLimit: 0.4633 ---
2026-04-24 00:25:43,387 - [ENV] - TERMINATED (Ascend): Tube Drift = 0.0619m (Max 0.0556m) at step 2
2026-04-24 00:25:43,387 - [ENV] - Episode ended without success at step 2. Final dist: 0.1338m
2026-04-24 00:25:43,388 - [ENV] - --- EPISODE START | Scenario: ASCEND | Start: [0.75316217 0.12560077 0.41      ] | Goal: [0.75316217 0.12560077 0.55      ] | DriftLimit: 0.0556 | FloorLimit: 0.4633 ---
2026-04-24 00:25:43,662 - [ENV] - TERMINATED (Ascend): Tube Drift = 0.0664m (Max 0.0556m) at step 4
2026-04-24 00:25:43,662 - [ENV] - Episode ended without success at step 4. Final dist: 0.1408m
2026-04-24 00:25:43,663 - [ENV] - --- EPISODE START | Scenario: ASCEND | Start: [0.62497651 0.24130641 0.41      ] | Goal: [0.62497651 0.24130641 0.55      ] | DriftLimit: 0.0556 | FloorLimit: 0.4633 ---
2026-04-24 00:25:43,945 - [ENV] - TERMINATED (Ascend): Tube Drift = 0.0847m (Max 0.0556m) at step 3
2026-04-24 00:25:43,945 - [ENV] - Episode ended without success at step 3. Final dist: 0.1331m
2026-04-24 00:25:43,946 - [ENV] - --- EPISODE START | Scenario: TRANSIT | Start: [0.67464379 0.43662054 0.55      ] | Goal: [0.89384684 0.09625633 0.55      ] | DriftLimit: 0.0556 | FloorLimit: 0.4633 ---
2026-04-24 00:25:44,866 - [ENV] - SUCCESS: Goal reached in 27 steps. Dist = 0.0097m
2026-04-24 00:25:44,866 - [ENV] - --- EPISODE START | Scenario: DESCEND | Start: [0.92369293 0.10703231 0.55      ] | Goal: [0.92369293 0.10703231 0.415     ] | DriftLimit: 0.0556 | FloorLimit: 0.4633 ---
2026-04-24 00:25:45,097 - [ENV] - SUCCESS: Goal reached in 5 steps. Dist = 0.0080m
2026-04-24 00:25:45,098 - [ENV] - --- EPISODE START | Scenario: TRANSIT | Start: [1.07306163 0.05159818 0.55      ] | Goal: [0.82137922 0.06525229 0.55      ] | DriftLimit: 0.0556 | FloorLimit: 0.4633 ---
2026-04-24 00:25:45,633 - [ENV] - SUCCESS: Goal reached in 18 steps. Dist = 0.0094m
2026-04-24 00:25:45,634 - [ENV] - --- EPISODE START | Scenario: TRANSIT | Start: [0.90739017 0.35015843 0.55      ] | Goal: [1.01623178 0.27108483 0.55      ] | DriftLimit: 0.0556 | FloorLimit: 0.4633 ---
2026-04-24 00:25:51,971 - [ENV] - --- EPISODE START | Scenario: DESCEND | Start: [0.99288005 0.02802204 0.55      ] | Goal: [0.99288005 0.02802204 0.415     ] | DriftLimit: 0.0555 | FloorLimit: 0.4634 ---
2026-04-24 00:25:52,534 - [ENV] - SUCCESS: Goal reached in 6 steps. Dist = 0.0092m
2026-04-24 00:25:52,536 - [ENV] - --- EPISODE START | Scenario: ASCEND | Start: [1.11117542 0.07860629 0.41      ] | Goal: [1.11117542 0.07860629 0.55      ] | DriftLimit: 0.0555 | FloorLimit: 0.4634 ---
2026-04-24 00:25:52,870 - [ENV] - TERMINATED (Ascend): Tube Drift = 0.0643m (Max 0.0555m) at step 2
2026-04-24 00:25:52,871 - [ENV] - Episode ended without success at step 2. Final dist: 0.1112m
2026-04-24 00:25:52,872 - [ENV] - --- EPISODE START | Scenario: ASCEND | Start: [0.75373384 0.14909731 0.41      ] | Goal: [0.75373384 0.14909731 0.55      ] | DriftLimit: 0.0555 | FloorLimit: 0.4634 ---
2026-04-24 00:25:53,239 - [ENV] - TERMINATED (Ascend): Tube Drift = 0.0557m (Max 0.0555m) at step 3
2026-04-24 00:25:53,239 - [ENV] - Episode ended without success at step 3. Final dist: 0.1355m
2026-04-24 00:25:53,240 - [ENV] - --- EPISODE START | Scenario: DESCEND | Start: [0.93126507 0.06046352 0.55      ] | Goal: [0.93126507 0.06046352 0.415     ] | DriftLimit: 0.0555 | FloorLimit: 0.4634 ---
2026-04-24 00:25:53,580 - [ENV] - SUCCESS: Goal reached in 5 steps. Dist = 0.0095m
2026-04-24 00:25:53,581 - [ENV] - --- EPISODE START | Scenario: ASCEND | Start: [0.6661263  0.47716917 0.41      ] | Goal: [0.6661263  0.47716917 0.55      ] | DriftLimit: 0.0555 | FloorLimit: 0.4634 ---
2026-04-24 00:25:53,763 - [ENV] - TERMINATED (Ascend): Tube Drift = 0.0670m (Max 0.0555m) at step 2
2026-04-24 00:25:53,764 - [ENV] - Episode ended without success at step 2. Final dist: 0.1263m
2026-04-24 00:25:53,764 - [ENV] - --- EPISODE START | Scenario: TRANSIT | Start: [0.63469892 0.20454829 0.55      ] | Goal: [0.77591786 0.18141277 0.55      ] | DriftLimit: 0.0555 | FloorLimit: 0.4634 ---
2026-04-24 00:25:54,426 - [ENV] - SUCCESS: Goal reached in 13 steps. Dist = 0.0095m
2026-04-24 00:25:54,427 - [ENV] - --- EPISODE START | Scenario: DESCEND | Start: [1.08713873 0.37812663 0.55      ] | Goal: [1.08713873 0.37812663 0.415     ] | DriftLimit: 0.0554 | FloorLimit: 0.4634 ---
2026-04-24 00:25:59,929 - [ENV] - --- EPISODE START | Scenario: TRANSIT | Start: [1.08524408 0.32925519 0.55      ] | Goal: [0.89990574 0.24386623 0.55      ] | DriftLimit: 0.0553 | FloorLimit: 0.4635 ---
2026-04-24 00:26:00,462 - [ENV] - SUCCESS: Goal reached in 7 steps. Dist = 0.0079m
2026-04-24 00:26:00,463 - [ENV] - --- EPISODE START | Scenario: TRANSIT | Start: [0.66792516 0.38843129 0.55      ] | Goal: [1.00360311 0.19552244 0.55      ] | DriftLimit: 0.0553 | FloorLimit: 0.4635 ---
2026-04-24 00:26:01,591 - [ENV] - SUCCESS: Goal reached in 24 steps. Dist = 0.0096m
2026-04-24 00:26:01,592 - [ENV] - --- EPISODE START | Scenario: ASCEND | Start: [0.91726722 0.11808695 0.41      ] | Goal: [0.91726722 0.11808695 0.55      ] | DriftLimit: 0.0553 | FloorLimit: 0.4635 ---
2026-04-24 00:26:01,771 - [ENV] - TERMINATED (Ascend): Tube Drift = 0.0592m (Max 0.0553m) at step 2
2026-04-24 00:26:01,772 - [ENV] - Episode ended without success at step 2. Final dist: 0.1128m
2026-04-24 00:26:01,773 - [ENV] - --- EPISODE START | Scenario: DESCEND | Start: [1.09898606 0.51796012 0.55      ] | Goal: [1.09898606 0.51796012 0.415     ] | DriftLimit: 0.0553 | FloorLimit: 0.4635 ---
2026-04-24 00:26:07,443 - [ENV] - --- EPISODE START | Scenario: DESCEND | Start: [1.03580873 0.02371476 0.55      ] | Goal: [1.03580873 0.02371476 0.41      ] | DriftLimit: 0.0552 | FloorLimit: 0.4635 ---
2026-04-24 00:26:12,863 - [ENV] - --- EPISODE START | Scenario: ASCEND | Start: [0.64121549 0.1893993  0.41      ] | Goal: [0.64121549 0.1893993  0.55      ] | DriftLimit: 0.0550 | FloorLimit: 0.4636 ---
2026-04-24 00:26:13,458 - [ENV] - TERMINATED (Ascend): Tube Drift = 0.0678m (Max 0.0550m) at step 14
2026-04-24 00:26:13,458 - [ENV] - Episode ended without success at step 14. Final dist: 0.1229m
2026-04-24 00:26:13,459 - [ENV] - --- EPISODE START | Scenario: TRANSIT | Start: [1.08302504 0.48475338 0.55      ] | Goal: [0.72379529 0.50520421 0.55      ] | DriftLimit: 0.0550 | FloorLimit: 0.4636 ---
2026-04-24 00:26:19,595 - [ENV] - --- EPISODE START | Scenario: TRANSIT | Start: [0.69284877 0.12904429 0.55      ] | Goal: [0.93949299 0.0928134  0.55      ] | DriftLimit: 0.0549 | FloorLimit: 0.4637 ---
2026-04-24 00:26:20,491 - [ENV] - SUCCESS: Goal reached in 25 steps. Dist = 0.0093m
2026-04-24 00:26:20,492 - [ENV] - --- EPISODE START | Scenario: DESCEND | Start: [1.14893543 0.07627118 0.55      ] | Goal: [1.14893543 0.07627118 0.41      ] | DriftLimit: 0.0549 | FloorLimit: 0.4637 ---
2026-04-24 00:26:26,170 - [ENV] - --- EPISODE START | Scenario: TRANSIT | Start: [0.8694328  0.42071348 0.55      ] | Goal: [0.80212617 0.50264693 0.55      ] | DriftLimit: 0.0547 | FloorLimit: 0.4638 ---
2026-04-24 00:26:26,930 - [ENV] - SUCCESS: Goal reached in 22 steps. Dist = 0.0095m
2026-04-24 00:26:26,931 - [ENV] - --- EPISODE START | Scenario: ASCEND | Start: [1.03330912 0.14805339 0.41      ] | Goal: [1.03330912 0.14805339 0.55      ] | DriftLimit: 0.0547 | FloorLimit: 0.4638 ---
2026-04-24 00:26:27,075 - [ENV] - TERMINATED (Ascend): Tube Drift = 0.0637m (Max 0.0547m) at step 2
2026-04-24 00:26:27,075 - [ENV] - Episode ended without success at step 2. Final dist: 0.1129m
2026-04-24 00:26:27,076 - [ENV] - --- EPISODE START | Scenario: ASCEND | Start: [0.77529128 0.11466671 0.41      ] | Goal: [0.77529128 0.11466671 0.55      ] | DriftLimit: 0.0547 | FloorLimit: 0.4638 ---
2026-04-24 00:26:27,326 - [ENV] - TERMINATED (Ascend): Tube Drift = 0.0586m (Max 0.0547m) at step 3
2026-04-24 00:26:27,326 - [ENV] - Episode ended without success at step 3. Final dist: 0.1287m
2026-04-24 00:26:27,327 - [ENV] - --- EPISODE START | Scenario: DESCEND | Start: [0.8232956  0.32053244 0.55      ] | Goal: [0.8232956  0.32053244 0.415     ] | DriftLimit: 0.0547 | FloorLimit: 0.4638 ---
2026-04-24 00:26:33,593 - [ENV] - --- EPISODE START | Scenario: DESCEND | Start: [0.78865049 0.0288452  0.55      ] | Goal: [0.78865049 0.0288452  0.415     ] | DriftLimit: 0.0546 | FloorLimit: 0.4639 ---
2026-04-24 00:26:33,772 - [ENV] - SUCCESS: Goal reached in 5 steps. Dist = 0.0057m
2026-04-24 00:26:33,773 - [ENV] - --- EPISODE START | Scenario: ASCEND | Start: [0.82226583 0.19129793 0.41      ] | Goal: [0.82226583 0.19129793 0.55      ] | DriftLimit: 0.0546 | FloorLimit: 0.4639 ---
2026-04-24 00:26:34,011 - [ENV] - TERMINATED (Ascend): Tube Drift = 0.0762m (Max 0.0546m) at step 3
2026-04-24 00:26:34,011 - [ENV] - Episode ended without success at step 3. Final dist: 0.1323m
2026-04-24 00:26:34,013 - [ENV] - --- EPISODE START | Scenario: TRANSIT | Start: [0.66891769 0.50461072 0.55      ] | Goal: [0.83354764 0.24633748 0.55      ] | DriftLimit: 0.0546 | FloorLimit: 0.4639 ---
2026-04-24 00:26:34,683 - [ENV] - SUCCESS: Goal reached in 17 steps. Dist = 0.0095m
2026-04-24 00:26:34,683 - [ENV] - --- EPISODE START | Scenario: DESCEND | Start: [0.60166019 0.39725852 0.55      ] | Goal: [0.60166019 0.39725852 0.415     ] | DriftLimit: 0.0546 | FloorLimit: 0.4639 ---
2026-04-24 00:26:35,451 - [ENV] - SUCCESS: Goal reached in 23 steps. Dist = 0.0099m
2026-04-24 00:26:35,451 - [ENV] - --- EPISODE START | Scenario: DESCEND | Start: [0.65042821 0.31990092 0.55      ] | Goal: [0.65042821 0.31990092 0.415     ] | DriftLimit: 0.0546 | FloorLimit: 0.4639 ---
2026-04-24 00:26:35,842 - [ENV] - SUCCESS: Goal reached in 11 steps. Dist = 0.0098m
2026-04-24 00:26:35,843 - [ENV] - --- EPISODE START | Scenario: DESCEND | Start: [0.83954264 0.10657276 0.55      ] | Goal: [0.83954264 0.10657276 0.41      ] | DriftLimit: 0.0546 | FloorLimit: 0.4639 ---
2026-04-24 00:26:36,641 - [ENV] - SUCCESS: Goal reached in 27 steps. Dist = 0.0099m
2026-04-24 00:26:36,642 - [ENV] - --- EPISODE START | Scenario: ASCEND | Start: [0.82806536 0.39642727 0.41      ] | Goal: [0.82806536 0.39642727 0.55      ] | DriftLimit: 0.0545 | FloorLimit: 0.4639 ---
2026-04-24 00:26:36,882 - [ENV] - TERMINATED (Ascend): Tube Drift = 0.0822m (Max 0.0545m) at step 3
2026-04-24 00:26:36,882 - [ENV] - Episode ended without success at step 3. Final dist: 0.1183m
2026-04-24 00:26:36,883 - [ENV] - --- EPISODE START | Scenario: TRANSIT | Start: [0.80099873 0.26384    0.55      ] | Goal: [0.77093313 0.45374262 0.55      ] | DriftLimit: 0.0545 | FloorLimit: 0.4639 ---
2026-04-24 00:26:38,019 - [ENV] - SUCCESS: Goal reached in 37 steps. Dist = 0.0081m
2026-04-24 00:26:38,020 - [ENV] - --- EPISODE START | Scenario: DESCEND | Start: [0.80388801 0.16984895 0.55      ] | Goal: [0.80388801 0.16984895 0.415     ] | DriftLimit: 0.0545 | FloorLimit: 0.4639 ---
2026-04-24 00:26:38,839 - [ENV] - SUCCESS: Goal reached in 26 steps. Dist = 0.0099m
2026-04-24 00:26:38,840 - [ENV] - --- EPISODE START | Scenario: TRANSIT | Start: [0.99021509 0.50838289 0.55      ] | Goal: [1.11955426 0.38648147 0.55      ] | DriftLimit: 0.0545 | FloorLimit: 0.4639 ---
2026-04-24 00:26:45,216 - [ENV] - --- EPISODE START | Scenario: ASCEND | Start: [1.13394703 0.49531659 0.41      ] | Goal: [1.13394703 0.49531659 0.55      ] | DriftLimit: 0.0544 | FloorLimit: 0.4640 ---
2026-04-24 00:26:45,367 - [ENV] - TERMINATED (Ascend): Tube Drift = 0.0590m (Max 0.0544m) at step 2
2026-04-24 00:26:45,368 - [ENV] - Episode ended without success at step 2. Final dist: 0.1103m
2026-04-24 00:26:45,369 - [ENV] - --- EPISODE START | Scenario: DESCEND | Start: [0.80059968 0.21785151 0.55      ] | Goal: [0.80059968 0.21785151 0.415     ] | DriftLimit: 0.0544 | FloorLimit: 0.4640 ---
2026-04-24 00:26:46,154 - [ENV] - SUCCESS: Goal reached in 15 steps. Dist = 0.0098m
2026-04-24 00:26:46,155 - [ENV] - --- EPISODE START | Scenario: TRANSIT | Start: [0.94143068 0.2238224  0.55      ] | Goal: [0.71059231 0.0399273  0.55      ] | DriftLimit: 0.0543 | FloorLimit: 0.4640 ---
2026-04-24 00:27:20,096 - [ENV] - --- EPISODE START | Scenario: TRANSIT | Start: [0.64986983 0.23435002 0.55      ] | Goal: [0.94387275 0.28089904 0.55      ] | DriftLimit: 0.0542 | FloorLimit: 0.4641 ---
2026-04-24 00:27:21,148 - [ENV] - SUCCESS: Goal reached in 31 steps. Dist = 0.0098m
2026-04-24 00:27:21,149 - [ENV] - --- EPISODE START | Scenario: TRANSIT | Start: [0.70647742 0.0752775  0.55      ] | Goal: [0.81674524 0.42525984 0.55      ] | DriftLimit: 0.0542 | FloorLimit: 0.4641 ---
2026-04-24 00:27:22,392 - [ENV] - SUCCESS: Goal reached in 37 steps. Dist = 0.0097m
2026-04-24 00:27:22,393 - [ENV] - --- EPISODE START | Scenario: TRANSIT | Start: [1.07965137 0.12129354 0.55      ] | Goal: [0.6190621  0.03730815 0.55      ] | DriftLimit: 0.0542 | FloorLimit: 0.4641 ---
2026-04-24 00:27:28,152 - [ENV] - --- EPISODE START | Scenario: TRANSIT | Start: [0.79391704 0.26850626 0.55      ] | Goal: [1.02819362 0.0600686  0.55      ] | DriftLimit: 0.0540 | FloorLimit: 0.4642 ---
2026-04-24 00:27:28,716 - [ENV] - SUCCESS: Goal reached in 13 steps. Dist = 0.0089m
2026-04-24 00:27:28,717 - [ENV] - --- EPISODE START | Scenario: DESCEND | Start: [0.82966314 0.3115177  0.55      ] | Goal: [0.82966314 0.3115177  0.41      ] | DriftLimit: 0.0540 | FloorLimit: 0.4642 ---
2026-04-24 00:27:34,671 - [ENV] - --- EPISODE START | Scenario: DESCEND | Start: [0.96306534 0.20601376 0.55      ] | Goal: [0.96306534 0.20601376 0.41      ] | DriftLimit: 0.0539 | FloorLimit: 0.4642 ---
2026-04-24 00:27:35,274 - [ENV] - SUCCESS: Goal reached in 18 steps. Dist = 0.0100m
2026-04-24 00:27:35,275 - [ENV] - --- EPISODE START | Scenario: DESCEND | Start: [1.07960714 0.1527918  0.55      ] | Goal: [1.07960714 0.1527918  0.415     ] | DriftLimit: 0.0539 | FloorLimit: 0.4642 ---
2026-04-24 00:27:35,785 - [ENV] - SUCCESS: Goal reached in 5 steps. Dist = 0.0064m
2026-04-24 00:27:35,786 - [ENV] - --- EPISODE START | Scenario: DESCEND | Start: [0.83297689 0.17931627 0.55      ] | Goal: [0.83297689 0.17931627 0.41      ] | DriftLimit: 0.0539 | FloorLimit: 0.4642 ---
2026-04-24 00:27:36,770 - [ENV] - SUCCESS: Goal reached in 23 steps. Dist = 0.0099m
2026-04-24 00:27:36,771 - [ENV] - --- EPISODE START | Scenario: ASCEND | Start: [1.09740501 0.47476193 0.41      ] | Goal: [1.09740501 0.47476193 0.55      ] | DriftLimit: 0.0539 | FloorLimit: 0.4643 ---
2026-04-24 00:27:36,959 - [ENV] - TERMINATED (Ascend): Tube Drift = 0.0579m (Max 0.0539m) at step 2
2026-04-24 00:27:36,960 - [ENV] - Episode ended without success at step 2. Final dist: 0.1107m
2026-04-24 00:27:36,961 - [ENV] - --- EPISODE START | Scenario: ASCEND | Start: [0.65476967 0.06524978 0.41      ] | Goal: [0.65476967 0.06524978 0.55      ] | DriftLimit: 0.0539 | FloorLimit: 0.4643 ---
2026-04-24 00:27:37,167 - [ENV] - TERMINATED (Ascend): Tube Drift = 0.0620m (Max 0.0539m) at step 2
2026-04-24 00:27:37,168 - [ENV] - Episode ended without success at step 2. Final dist: 0.1346m
2026-04-24 00:27:37,169 - [ENV] - --- EPISODE START | Scenario: DESCEND | Start: [1.11008156 0.1474821  0.55      ] | Goal: [1.11008156 0.1474821  0.415     ] | DriftLimit: 0.0539 | FloorLimit: 0.4643 ---
2026-04-24 00:27:37,470 - [ENV] - SUCCESS: Goal reached in 6 steps. Dist = 0.0096m
2026-04-24 00:27:37,471 - [ENV] - --- EPISODE START | Scenario: DESCEND | Start: [0.62207512 0.29090098 0.55      ] | Goal: [0.62207512 0.29090098 0.41      ] | DriftLimit: 0.0539 | FloorLimit: 0.4643 ---
2026-04-24 00:27:38,437 - [ENV] - SUCCESS: Goal reached in 24 steps. Dist = 0.0100m
2026-04-24 00:27:38,438 - [ENV] - --- EPISODE START | Scenario: DESCEND | Start: [1.05314734 0.25164659 0.55      ] | Goal: [1.05314734 0.25164659 0.415     ] | DriftLimit: 0.0538 | FloorLimit: 0.4643 ---
2026-04-24 00:27:39,465 - [ENV] - SUCCESS: Goal reached in 32 steps. Dist = 0.0098m
2026-04-24 00:27:39,466 - [ENV] - --- EPISODE START | Scenario: TRANSIT | Start: [1.02012685 0.25714057 0.55      ] | Goal: [0.7079874  0.40317848 0.55      ] | DriftLimit: 0.0538 | FloorLimit: 0.4643 ---
2026-04-24 00:27:40,133 - [ENV] - SUCCESS: Goal reached in 19 steps. Dist = 0.0092m
2026-04-24 00:27:40,133 - [ENV] - --- EPISODE START | Scenario: TRANSIT | Start: [0.86890775 0.39621843 0.55      ] | Goal: [0.77307358 0.02010799 0.55      ] | DriftLimit: 0.0538 | FloorLimit: 0.4643 ---
2026-04-24 00:27:42,474 - [ENV] - SUCCESS: Goal reached in 39 steps. Dist = 0.0098m
2026-04-24 00:27:42,474 - [ENV] - --- EPISODE START | Scenario: TRANSIT | Start: [0.79983647 0.0151031  0.55      ] | Goal: [0.64975649 0.34800895 0.55      ] | DriftLimit: 0.0538 | FloorLimit: 0.4643 ---
2026-04-24 00:27:44,072 - [ENV] - SUCCESS: Goal reached in 26 steps. Dist = 0.0095m
2026-04-24 00:27:44,075 - [ENV] - --- EPISODE START | Scenario: DESCEND | Start: [0.81151375 0.41255394 0.55      ] | Goal: [0.81151375 0.41255394 0.41      ] | DriftLimit: 0.0538 | FloorLimit: 0.4643 ---
2026-04-24 00:27:45,188 - [ENV] - SUCCESS: Goal reached in 25 steps. Dist = 0.0100m
2026-04-24 00:27:45,189 - [ENV] - --- EPISODE START | Scenario: ASCEND | Start: [0.85648713 0.21928266 0.41      ] | Goal: [0.85648713 0.21928266 0.55      ] | DriftLimit: 0.0537 | FloorLimit: 0.4643 ---
2026-04-24 00:27:45,428 - [ENV] - TERMINATED (Ascend): Tube Drift = 0.0709m (Max 0.0537m) at step 3
2026-04-24 00:27:45,428 - [ENV] - Episode ended without success at step 3. Final dist: 0.1170m
2026-04-24 00:27:45,429 - [ENV] - --- EPISODE START | Scenario: DESCEND | Start: [0.87672472 0.25121005 0.55      ] | Goal: [0.87672472 0.25121005 0.415     ] | DriftLimit: 0.0537 | FloorLimit: 0.4643 ---
2026-04-24 00:27:45,851 - [ENV] - SUCCESS: Goal reached in 11 steps. Dist = 0.0100m
2026-04-24 00:27:45,852 - [ENV] - --- EPISODE START | Scenario: ASCEND | Start: [0.69885485 0.50547651 0.41      ] | Goal: [0.69885485 0.50547651 0.55      ] | DriftLimit: 0.0537 | FloorLimit: 0.4643 ---
2026-04-24 00:27:46,020 - [ENV] - TERMINATED (Ascend): Tube Drift = 0.0680m (Max 0.0537m) at step 2
2026-04-24 00:27:46,020 - [ENV] - Episode ended without success at step 2. Final dist: 0.1298m
2026-04-24 00:27:46,021 - [ENV] - --- EPISODE START | Scenario: TRANSIT | Start: [1.11751715 0.27792137 0.55      ] | Goal: [0.98945509 0.23022736 0.55      ] | DriftLimit: 0.0537 | FloorLimit: 0.4643 ---
2026-04-24 00:27:47,672 - [ENV] - SUCCESS: Goal reached in 40 steps. Dist = 0.0097m
2026-04-24 00:27:47,673 - [ENV] - --- EPISODE START | Scenario: ASCEND | Start: [0.64277142 0.3053439  0.41      ] | Goal: [0.64277142 0.3053439  0.55      ] | DriftLimit: 0.0537 | FloorLimit: 0.4643 ---
2026-04-24 00:27:48,159 - [ENV] - TERMINATED (Ascend): Tube Drift = 0.0619m (Max 0.0537m) at step 6
2026-04-24 00:27:48,159 - [ENV] - Episode ended without success at step 6. Final dist: 0.1308m
2026-04-24 00:27:48,160 - [ENV] - --- EPISODE START | Scenario: DESCEND | Start: [0.96069642 0.44435375 0.55      ] | Goal: [0.96069642 0.44435375 0.415     ] | DriftLimit: 0.0537 | FloorLimit: 0.4643 ---
2026-04-24 00:27:53,606 - [ENV] - SUCCESS: Goal reached in 134 steps. Dist = 0.0098m
2026-04-24 00:27:53,608 - [ENV] - --- EPISODE START | Scenario: DESCEND | Start: [0.97384059 0.02460716 0.55      ] | Goal: [0.97384059 0.02460716 0.41      ] | DriftLimit: 0.0536 | FloorLimit: 0.4644 ---
2026-04-24 00:27:54,424 - [ENV] - SUCCESS: Goal reached in 21 steps. Dist = 0.0090m
2026-04-24 00:27:54,424 - [ENV] - --- EPISODE START | Scenario: TRANSIT | Start: [0.95820652 0.42127427 0.55      ] | Goal: [0.82040737 0.21838401 0.55      ] | DriftLimit: 0.0536 | FloorLimit: 0.4644 ---
2026-04-24 00:27:55,154 - [ENV] - SUCCESS: Goal reached in 12 steps. Dist = 0.0093m
2026-04-24 00:27:55,155 - [ENV] - --- EPISODE START | Scenario: DESCEND | Start: [0.84008722 0.05808892 0.55      ] | Goal: [0.84008722 0.05808892 0.41      ] | DriftLimit: 0.0536 | FloorLimit: 0.4644 ---
2026-04-24 00:27:55,435 - [ENV] - SUCCESS: Goal reached in 9 steps. Dist = 0.0098m
2026-04-24 00:27:55,436 - [ENV] - --- EPISODE START | Scenario: DESCEND | Start: [0.73299361 0.45179098 0.55      ] | Goal: [0.73299361 0.45179098 0.41      ] | DriftLimit: 0.0536 | FloorLimit: 0.4644 ---
2026-04-24 00:27:55,930 - [ENV] - SUCCESS: Goal reached in 14 steps. Dist = 0.0100m
2026-04-24 00:27:55,931 - [ENV] - --- EPISODE START | Scenario: ASCEND | Start: [0.67752207 0.43775462 0.41      ] | Goal: [0.67752207 0.43775462 0.55      ] | DriftLimit: 0.0536 | FloorLimit: 0.4644 ---
2026-04-24 00:27:56,133 - [ENV] - TERMINATED (Ascend): Tube Drift = 0.0644m (Max 0.0536m) at step 2
2026-04-24 00:27:56,134 - [ENV] - Episode ended without success at step 2. Final dist: 0.1278m
2026-04-24 00:27:56,134 - [ENV] - --- EPISODE START | Scenario: ASCEND | Start: [0.71994181 0.02439394 0.41      ] | Goal: [0.71994181 0.02439394 0.55      ] | DriftLimit: 0.0536 | FloorLimit: 0.4644 ---
2026-04-24 00:27:56,292 - [ENV] - TERMINATED (Ascend): Tube Drift = 0.0601m (Max 0.0536m) at step 2
2026-04-24 00:27:56,293 - [ENV] - Episode ended without success at step 2. Final dist: 0.1265m
2026-04-24 00:27:56,294 - [ENV] - --- EPISODE START | Scenario: ASCEND | Start: [1.00580347 0.47731603 0.41      ] | Goal: [1.00580347 0.47731603 0.55      ] | DriftLimit: 0.0536 | FloorLimit: 0.4644 ---
2026-04-24 00:27:56,487 - [ENV] - TERMINATED (Ascend): Tube Drift = 0.0598m (Max 0.0536m) at step 2
2026-04-24 00:27:56,487 - [ENV] - Episode ended without success at step 2. Final dist: 0.1108m
2026-04-24 00:27:56,488 - [ENV] - --- EPISODE START | Scenario: DESCEND | Start: [0.62498601 0.1357852  0.55      ] | Goal: [0.62498601 0.1357852  0.415     ] | DriftLimit: 0.0536 | FloorLimit: 0.4644 ---
2026-04-24 00:27:56,900 - [ENV] - SUCCESS: Goal reached in 11 steps. Dist = 0.0096m
2026-04-24 00:27:56,901 - [ENV] - --- EPISODE START | Scenario: DESCEND | Start: [0.75408965 0.18940759 0.55      ] | Goal: [0.75408965 0.18940759 0.41      ] | DriftLimit: 0.0535 | FloorLimit: 0.4644 ---
2026-04-24 00:27:57,376 - [ENV] - SUCCESS: Goal reached in 13 steps. Dist = 0.0098m
2026-04-24 00:27:57,377 - [ENV] - --- EPISODE START | Scenario: TRANSIT | Start: [0.72828206 0.12147773 0.55      ] | Goal: [0.86002975 0.06434943 0.55      ] | DriftLimit: 0.0535 | FloorLimit: 0.4644 ---
2026-04-24 00:27:57,763 - [ENV] - SUCCESS: Goal reached in 10 steps. Dist = 0.0096m
2026-04-24 00:27:57,763 - [ENV] - --- EPISODE START | Scenario: ASCEND | Start: [1.1389825  0.21422159 0.41      ] | Goal: [1.1389825  0.21422159 0.55      ] | DriftLimit: 0.0535 | FloorLimit: 0.4644 ---
2026-04-24 00:27:57,935 - [ENV] - TERMINATED (Ascend): Tube Drift = 0.0677m (Max 0.0535m) at step 2
2026-04-24 00:27:57,935 - [ENV] - Episode ended without success at step 2. Final dist: 0.1152m
2026-04-24 00:27:57,936 - [ENV] - --- EPISODE START | Scenario: DESCEND | Start: [0.90621757 0.27456744 0.55      ] | Goal: [0.90621757 0.27456744 0.41      ] | DriftLimit: 0.0535 | FloorLimit: 0.4644 ---
2026-04-24 00:28:04,119 - [ENV] - --- EPISODE START | Scenario: DESCEND | Start: [0.85027375 0.2584044  0.55      ] | Goal: [0.85027375 0.2584044  0.415     ] | DriftLimit: 0.0534 | FloorLimit: 0.4645 ---
2026-04-24 00:28:04,632 - [ENV] - SUCCESS: Goal reached in 14 steps. Dist = 0.0099m
2026-04-24 00:28:04,633 - [ENV] - --- EPISODE START | Scenario: TRANSIT | Start: [0.74839425 0.53941281 0.55      ] | Goal: [0.76166707 0.24959036 0.55      ] | DriftLimit: 0.0534 | FloorLimit: 0.4645 ---
2026-04-24 00:28:05,169 - [ENV] - SUCCESS: Goal reached in 16 steps. Dist = 0.0092m
2026-04-24 00:28:05,170 - [ENV] - --- EPISODE START | Scenario: DESCEND | Start: [1.11175781 0.34431354 0.55      ] | Goal: [1.11175781 0.34431354 0.415     ] | DriftLimit: 0.0534 | FloorLimit: 0.4645 ---
2026-04-24 00:28:12,624 - [ENV] - --- EPISODE START | Scenario: ASCEND | Start: [0.82357264 0.47805309 0.41      ] | Goal: [0.82357264 0.47805309 0.55      ] | DriftLimit: 0.0532 | FloorLimit: 0.4646 ---
2026-04-24 00:28:12,829 - [ENV] - TERMINATED (Ascend): Tube Drift = 0.0542m (Max 0.0532m) at step 2
2026-04-24 00:28:12,829 - [ENV] - Episode ended without success at step 2. Final dist: 0.1185m
2026-04-24 00:28:12,830 - [ENV] - --- EPISODE START | Scenario: DESCEND | Start: [1.06373223 0.19668707 0.55      ] | Goal: [1.06373223 0.19668707 0.41      ] | DriftLimit: 0.0532 | FloorLimit: 0.4646 ---
2026-04-24 00:28:13,742 - [ENV] - SUCCESS: Goal reached in 28 steps. Dist = 0.0100m
2026-04-24 00:28:13,742 - [ENV] - --- EPISODE START | Scenario: ASCEND | Start: [0.68621479 0.49320348 0.41      ] | Goal: [0.68621479 0.49320348 0.55      ] | DriftLimit: 0.0532 | FloorLimit: 0.4646 ---
2026-04-24 00:28:13,927 - [ENV] - TERMINATED (Ascend): Tube Drift = 0.0650m (Max 0.0532m) at step 2
2026-04-24 00:28:13,928 - [ENV] - Episode ended without success at step 2. Final dist: 0.1249m
2026-04-24 00:28:13,929 - [ENV] - --- EPISODE START | Scenario: ASCEND | Start: [0.94697507 0.35268393 0.41      ] | Goal: [0.94697507 0.35268393 0.55      ] | DriftLimit: 0.0532 | FloorLimit: 0.4646 ---
2026-04-24 00:28:14,158 - [ENV] - TERMINATED (Ascend): Tube Drift = 0.0616m (Max 0.0532m) at step 2
2026-04-24 00:28:14,158 - [ENV] - Episode ended without success at step 2. Final dist: 0.1142m
2026-04-24 00:28:14,159 - [ENV] - --- EPISODE START | Scenario: TRANSIT | Start: [0.75174519 0.51667265 0.55      ] | Goal: [1.11313853 0.26088907 0.55      ] | DriftLimit: 0.0532 | FloorLimit: 0.4646 ---
2026-04-24 00:28:15,123 - [ENV] - SUCCESS: Goal reached in 25 steps. Dist = 0.0092m
2026-04-24 00:28:15,123 - [ENV] - --- EPISODE START | Scenario: DESCEND | Start: [1.06833498 0.42627736 0.55      ] | Goal: [1.06833498 0.42627736 0.415     ] | DriftLimit: 0.0532 | FloorLimit: 0.4646 ---
2026-04-24 00:28:20,156 - [ENV] - SUCCESS: Goal reached in 125 steps. Dist = 0.0099m
2026-04-24 00:28:20,157 - [ENV] - --- EPISODE START | Scenario: ASCEND | Start: [0.7893132  0.06142106 0.41      ] | Goal: [0.7893132  0.06142106 0.55      ] | DriftLimit: 0.0531 | FloorLimit: 0.4647 ---
2026-04-24 00:28:20,361 - [ENV] - TERMINATED (Ascend): Tube Drift = 0.0840m (Max 0.0531m) at step 3
2026-04-24 00:28:20,361 - [ENV] - Episode ended without success at step 3. Final dist: 0.1199m
2026-04-24 00:28:20,362 - [ENV] - --- EPISODE START | Scenario: ASCEND | Start: [0.6268848  0.44739213 0.41      ] | Goal: [0.6268848  0.44739213 0.55      ] | DriftLimit: 0.0531 | FloorLimit: 0.4647 ---
2026-04-24 00:28:20,595 - [ENV] - TERMINATED (Ascend): Tube Drift = 0.0635m (Max 0.0531m) at step 2
2026-04-24 00:28:20,595 - [ENV] - Episode ended without success at step 2. Final dist: 0.1288m
2026-04-24 00:28:20,596 - [ENV] - --- EPISODE START | Scenario: ASCEND | Start: [0.73433814 0.41755977 0.41      ] | Goal: [0.73433814 0.41755977 0.55      ] | DriftLimit: 0.0531 | FloorLimit: 0.4647 ---
2026-04-24 00:28:20,828 - [ENV] - TERMINATED (Ascend): Tube Drift = 0.0552m (Max 0.0531m) at step 2
2026-04-24 00:28:20,829 - [ENV] - Episode ended without success at step 2. Final dist: 0.1329m
2026-04-24 00:28:20,830 - [ENV] - --- EPISODE START | Scenario: TRANSIT | Start: [0.6362833  0.23685824 0.55      ] | Goal: [0.74672484 0.52923253 0.55      ] | DriftLimit: 0.0531 | FloorLimit: 0.4647 ---
2026-04-24 00:28:21,517 - [ENV] - TERMINATED (Transit): Floor collision. Z = 0.4640m (Min 0.465m) at step 13
2026-04-24 00:28:21,518 - [ENV] - Episode ended without success at step 13. Final dist: 0.0878m
2026-04-24 00:28:21,519 - [ENV] - --- EPISODE START | Scenario: ASCEND | Start: [0.9826633  0.41744601 0.41      ] | Goal: [0.9826633  0.41744601 0.55      ] | DriftLimit: 0.0531 | FloorLimit: 0.4647 ---
2026-04-24 00:28:21,775 - [ENV] - TERMINATED (Ascend): Tube Drift = 0.0597m (Max 0.0531m) at step 2
2026-04-24 00:28:21,775 - [ENV] - Episode ended without success at step 2. Final dist: 0.1110m
2026-04-24 00:28:21,776 - [ENV] - --- EPISODE START | Scenario: ASCEND | Start: [0.8688064 0.4928183 0.41     ] | Goal: [0.8688064 0.4928183 0.55     ] | DriftLimit: 0.0531 | FloorLimit: 0.4647 ---
2026-04-24 00:28:21,981 - [ENV] - TERMINATED (Ascend): Tube Drift = 0.0582m (Max 0.0531m) at step 2
2026-04-24 00:28:21,981 - [ENV] - Episode ended without success at step 2. Final dist: 0.1132m
2026-04-24 00:28:21,982 - [ENV] - --- EPISODE START | Scenario: DESCEND | Start: [0.83320061 0.15985158 0.55      ] | Goal: [0.83320061 0.15985158 0.41      ] | DriftLimit: 0.0531 | FloorLimit: 0.4647 ---
2026-04-24 00:28:25,419 - [ENV] - SUCCESS: Goal reached in 101 steps. Dist = 0.0098m
2026-04-24 00:28:25,420 - [ENV] - --- EPISODE START | Scenario: ASCEND | Start: [0.90913133 0.18783872 0.41      ] | Goal: [0.90913133 0.18783872 0.55      ] | DriftLimit: 0.0530 | FloorLimit: 0.4647 ---
2026-04-24 00:28:25,620 - [ENV] - TERMINATED (Ascend): Tube Drift = 0.0609m (Max 0.0530m) at step 2
2026-04-24 00:28:25,620 - [ENV] - Episode ended without success at step 2. Final dist: 0.1168m
2026-04-24 00:28:25,621 - [ENV] - --- EPISODE START | Scenario: ASCEND | Start: [0.64776551 0.15464947 0.41      ] | Goal: [0.64776551 0.15464947 0.55      ] | DriftLimit: 0.0530 | FloorLimit: 0.4647 ---
2026-04-24 00:28:26,460 - [ENV] - TERMINATED (Ascend): Tube Drift = 0.0612m (Max 0.0530m) at step 13
2026-04-24 00:28:26,460 - [ENV] - Episode ended without success at step 13. Final dist: 0.1099m
2026-04-24 00:28:26,461 - [ENV] - --- EPISODE START | Scenario: DESCEND | Start: [1.14291818 0.35128876 0.55      ] | Goal: [1.14291818 0.35128876 0.415     ] | DriftLimit: 0.0530 | FloorLimit: 0.4647 ---
2026-04-24 00:28:33,556 - [ENV] - SUCCESS: Goal reached in 165 steps. Dist = 0.0099m
2026-04-24 00:28:33,557 - [ENV] - --- EPISODE START | Scenario: ASCEND | Start: [1.00881691 0.2516485  0.41      ] | Goal: [1.00881691 0.2516485  0.55      ] | DriftLimit: 0.0529 | FloorLimit: 0.4648 ---
2026-04-24 00:28:33,807 - [ENV] - TERMINATED (Ascend): Tube Drift = 0.0587m (Max 0.0529m) at step 2
2026-04-24 00:28:33,807 - [ENV] - Episode ended without success at step 2. Final dist: 0.1102m
2026-04-24 00:28:33,808 - [ENV] - --- EPISODE START | Scenario: ASCEND | Start: [0.8275267  0.11244988 0.41      ] | Goal: [0.8275267  0.11244988 0.55      ] | DriftLimit: 0.0529 | FloorLimit: 0.4648 ---
2026-04-24 00:28:34,053 - [ENV] - TERMINATED (Ascend): Tube Drift = 0.0729m (Max 0.0529m) at step 3
2026-04-24 00:28:34,053 - [ENV] - Episode ended without success at step 3. Final dist: 0.1213m
2026-04-24 00:28:34,054 - [ENV] - --- EPISODE START | Scenario: DESCEND | Start: [1.13414096 0.1036049  0.55      ] | Goal: [1.13414096 0.1036049  0.415     ] | DriftLimit: 0.0529 | FloorLimit: 0.4648 ---
2026-04-24 00:28:34,618 - [ENV] - SUCCESS: Goal reached in 7 steps. Dist = 0.0089m
2026-04-24 00:28:34,619 - [ENV] - --- EPISODE START | Scenario: TRANSIT | Start: [1.15612247 0.40215259 0.55      ] | Goal: [1.14925032 0.28670066 0.55      ] | DriftLimit: 0.0529 | FloorLimit: 0.4648 ---
2026-04-24 00:28:35,447 - [ENV] - SUCCESS: Goal reached in 21 steps. Dist = 0.0095m
2026-04-24 00:28:35,448 - [ENV] - --- EPISODE START | Scenario: ASCEND | Start: [0.86722654 0.26648247 0.41      ] | Goal: [0.86722654 0.26648247 0.55      ] | DriftLimit: 0.0529 | FloorLimit: 0.4648 ---
2026-04-24 00:28:35,853 - [ENV] - TERMINATED (Ascend): Tube Drift = 0.0714m (Max 0.0529m) at step 3
2026-04-24 00:28:35,853 - [ENV] - Episode ended without success at step 3. Final dist: 0.1199m
2026-04-24 00:28:35,854 - [ENV] - --- EPISODE START | Scenario: DESCEND | Start: [0.83611503 0.37611414 0.55      ] | Goal: [0.83611503 0.37611414 0.415     ] | DriftLimit: 0.0529 | FloorLimit: 0.4648 ---
2026-04-24 00:28:36,743 - [ENV] - SUCCESS: Goal reached in 19 steps. Dist = 0.0099m
2026-04-24 00:28:36,744 - [ENV] - --- EPISODE START | Scenario: DESCEND | Start: [1.08972487 0.51149353 0.55      ] | Goal: [1.08972487 0.51149353 0.415     ] | DriftLimit: 0.0528 | FloorLimit: 0.4648 ---
2026-04-24 00:28:38,094 - [ENV] - SUCCESS: Goal reached in 22 steps. Dist = 0.0095m
2026-04-24 00:28:38,095 - [ENV] - --- EPISODE START | Scenario: DESCEND | Start: [0.78639158 0.44828086 0.55      ] | Goal: [0.78639158 0.44828086 0.415     ] | DriftLimit: 0.0528 | FloorLimit: 0.4648 ---
2026-04-24 00:28:38,383 - [ENV] - SUCCESS: Goal reached in 6 steps. Dist = 0.0099m
2026-04-24 00:28:38,383 - [ENV] - --- EPISODE START | Scenario: TRANSIT | Start: [0.80171877 0.13522361 0.55      ] | Goal: [1.10931571 0.27087367 0.55      ] | DriftLimit: 0.0528 | FloorLimit: 0.4648 ---
2026-04-24 00:28:39,478 - [ENV] - SUCCESS: Goal reached in 27 steps. Dist = 0.0097m
2026-04-24 00:28:39,479 - [ENV] - --- EPISODE START | Scenario: TRANSIT | Start: [0.69156686 0.0774288  0.55      ] | Goal: [0.68384849 0.4408193  0.55      ] | DriftLimit: 0.0528 | FloorLimit: 0.4648 ---
2026-04-24 00:28:45,316 - [ENV] - --- EPISODE START | Scenario: DESCEND | Start: [0.97729106 0.426568   0.55      ] | Goal: [0.97729106 0.426568   0.415     ] | DriftLimit: 0.0527 | FloorLimit: 0.4649 ---
2026-04-24 00:28:46,372 - [ENV] - SUCCESS: Goal reached in 27 steps. Dist = 0.0100m
2026-04-24 00:28:46,373 - [ENV] - --- EPISODE START | Scenario: DESCEND | Start: [0.67494493 0.41812347 0.55      ] | Goal: [0.67494493 0.41812347 0.41      ] | DriftLimit: 0.0527 | FloorLimit: 0.4649 ---
2026-04-24 00:28:47,100 - [ENV] - SUCCESS: Goal reached in 18 steps. Dist = 0.0098m
2026-04-24 00:28:47,101 - [ENV] - --- EPISODE START | Scenario: DESCEND | Start: [0.76390044 0.37002472 0.55      ] | Goal: [0.76390044 0.37002472 0.415     ] | DriftLimit: 0.0526 | FloorLimit: 0.4649 ---
2026-04-24 00:28:48,664 - [ENV] - SUCCESS: Goal reached in 52 steps. Dist = 0.0099m
2026-04-24 00:28:48,665 - [ENV] - --- EPISODE START | Scenario: ASCEND | Start: [1.00129275 0.50072134 0.41      ] | Goal: [1.00129275 0.50072134 0.55      ] | DriftLimit: 0.0526 | FloorLimit: 0.4649 ---
2026-04-24 00:28:48,826 - [ENV] - TERMINATED (Ascend): Tube Drift = 0.0614m (Max 0.0526m) at step 2
2026-04-24 00:28:48,826 - [ENV] - Episode ended without success at step 2. Final dist: 0.1115m
2026-04-24 00:28:48,827 - [ENV] - --- EPISODE START | Scenario: ASCEND | Start: [1.11778359 0.4447426  0.41      ] | Goal: [1.11778359 0.4447426  0.55      ] | DriftLimit: 0.0526 | FloorLimit: 0.4649 ---
2026-04-24 00:28:49,005 - [ENV] - TERMINATED (Ascend): Tube Drift = 0.0592m (Max 0.0526m) at step 2
2026-04-24 00:28:49,006 - [ENV] - Episode ended without success at step 2. Final dist: 0.1097m
2026-04-24 00:28:49,006 - [ENV] - --- EPISODE START | Scenario: DESCEND | Start: [0.93214669 0.08710589 0.55      ] | Goal: [0.93214669 0.08710589 0.415     ] | DriftLimit: 0.0526 | FloorLimit: 0.4649 ---
2026-04-24 00:28:49,289 - [ENV] - SUCCESS: Goal reached in 6 steps. Dist = 0.0093m
2026-04-24 00:28:49,290 - [ENV] - --- EPISODE START | Scenario: ASCEND | Start: [0.89414479 0.21412763 0.41      ] | Goal: [0.89414479 0.21412763 0.55      ] | DriftLimit: 0.0526 | FloorLimit: 0.4649 ---
2026-04-24 00:28:49,465 - [ENV] - TERMINATED (Ascend): Tube Drift = 0.0579m (Max 0.0526m) at step 2
2026-04-24 00:28:49,466 - [ENV] - Episode ended without success at step 2. Final dist: 0.1163m
2026-04-24 00:28:49,467 - [ENV] - --- EPISODE START | Scenario: TRANSIT | Start: [1.11308016 0.03414624 0.55      ] | Goal: [0.94429248 0.50655686 0.55      ] | DriftLimit: 0.0526 | FloorLimit: 0.4649 ---
2026-04-24 00:28:50,142 - [ENV] - SUCCESS: Goal reached in 19 steps. Dist = 0.0094m
2026-04-24 00:28:50,142 - [ENV] - --- EPISODE START | Scenario: ASCEND | Start: [1.10928667 0.38966331 0.41      ] | Goal: [1.10928667 0.38966331 0.55      ] | DriftLimit: 0.0526 | FloorLimit: 0.4650 ---
2026-04-24 00:28:50,329 - [ENV] - TERMINATED (Ascend): Tube Drift = 0.0603m (Max 0.0526m) at step 2
2026-04-24 00:28:50,329 - [ENV] - Episode ended without success at step 2. Final dist: 0.1107m
2026-04-24 00:28:50,330 - [ENV] - --- EPISODE START | Scenario: ASCEND | Start: [0.992895  0.2879109 0.41     ] | Goal: [0.992895  0.2879109 0.55     ] | DriftLimit: 0.0526 | FloorLimit: 0.4650 ---
2026-04-24 00:28:50,557 - [ENV] - TERMINATED (Ascend): Tube Drift = 0.0625m (Max 0.0526m) at step 2
2026-04-24 00:28:50,557 - [ENV] - Episode ended without success at step 2. Final dist: 0.1122m
2026-04-24 00:28:50,559 - [ENV] - --- EPISODE START | Scenario: DESCEND | Start: [0.68491147 0.34410513 0.55      ] | Goal: [0.68491147 0.34410513 0.415     ] | DriftLimit: 0.0526 | FloorLimit: 0.4650 ---
2026-04-24 00:28:51,071 - [ENV] - SUCCESS: Goal reached in 13 steps. Dist = 0.0097m
2026-04-24 00:28:51,072 - [ENV] - --- EPISODE START | Scenario: ASCEND | Start: [0.60971298 0.34284054 0.41      ] | Goal: [0.60971298 0.34284054 0.55      ] | DriftLimit: 0.0526 | FloorLimit: 0.4650 ---
2026-04-24 00:28:51,468 - [ENV] - TERMINATED (Ascend): Tube Drift = 0.0664m (Max 0.0526m) at step 2
2026-04-24 00:28:51,469 - [ENV] - Episode ended without success at step 2. Final dist: 0.1292m
2026-04-24 00:28:51,470 - [ENV] - --- EPISODE START | Scenario: DESCEND | Start: [1.09265652 0.20403704 0.55      ] | Goal: [1.09265652 0.20403704 0.415     ] | DriftLimit: 0.0526 | FloorLimit: 0.4650 ---
2026-04-24 00:28:51,743 - [ENV] - SUCCESS: Goal reached in 5 steps. Dist = 0.0074m
2026-04-24 00:28:51,743 - [ENV] - --- EPISODE START | Scenario: DESCEND | Start: [0.70304221 0.11836616 0.55      ] | Goal: [0.70304221 0.11836616 0.41      ] | DriftLimit: 0.0526 | FloorLimit: 0.4650 ---
2026-04-24 00:28:52,493 - [ENV] - SUCCESS: Goal reached in 16 steps. Dist = 0.0100m
2026-04-24 00:28:52,495 - [ENV] - --- EPISODE START | Scenario: DESCEND | Start: [0.81148162 0.30817689 0.55      ] | Goal: [0.81148162 0.30817689 0.41      ] | DriftLimit: 0.0526 | FloorLimit: 0.4650 ---
2026-04-24 00:29:26,373 - [ENV] - --- EPISODE START | Scenario: TRANSIT | Start: [0.64693292 0.30059359 0.55      ] | Goal: [1.10048588 0.48477307 0.55      ] | DriftLimit: 0.0524 | FloorLimit: 0.4650 ---
2026-04-24 00:29:27,218 - [ENV] - SUCCESS: Goal reached in 22 steps. Dist = 0.0094m
2026-04-24 00:29:27,219 - [ENV] - --- EPISODE START | Scenario: ASCEND | Start: [0.94769195 0.20799885 0.41      ] | Goal: [0.94769195 0.20799885 0.55      ] | DriftLimit: 0.0524 | FloorLimit: 0.4650 ---
2026-04-24 00:29:27,411 - [ENV] - TERMINATED (Ascend): Tube Drift = 0.0576m (Max 0.0524m) at step 2
2026-04-24 00:29:27,411 - [ENV] - Episode ended without success at step 2. Final dist: 0.1134m
2026-04-24 00:29:27,412 - [ENV] - --- EPISODE START | Scenario: DESCEND | Start: [0.62506383 0.20845986 0.55      ] | Goal: [0.62506383 0.20845986 0.41      ] | DriftLimit: 0.0524 | FloorLimit: 0.4650 ---
2026-04-24 00:29:28,368 - [ENV] - SUCCESS: Goal reached in 25 steps. Dist = 0.0100m
2026-04-24 00:29:28,369 - [ENV] - --- EPISODE START | Scenario: ASCEND | Start: [1.12427744 0.11086716 0.41      ] | Goal: [1.12427744 0.11086716 0.55      ] | DriftLimit: 0.0524 | FloorLimit: 0.4651 ---
2026-04-24 00:29:28,550 - [ENV] - TERMINATED (Ascend): Tube Drift = 0.0683m (Max 0.0524m) at step 2
2026-04-24 00:29:28,551 - [ENV] - Episode ended without success at step 2. Final dist: 0.1141m
2026-04-24 00:29:28,552 - [ENV] - --- EPISODE START | Scenario: DESCEND | Start: [0.65493285 0.2812656  0.55      ] | Goal: [0.65493285 0.2812656  0.41      ] | DriftLimit: 0.0524 | FloorLimit: 0.4651 ---
2026-04-24 00:29:29,884 - [ENV] - SUCCESS: Goal reached in 28 steps. Dist = 0.0099m
2026-04-24 00:29:29,885 - [ENV] - --- EPISODE START | Scenario: DESCEND | Start: [1.01031477 0.4806346  0.55      ] | Goal: [1.01031477 0.4806346  0.415     ] | DriftLimit: 0.0524 | FloorLimit: 0.4651 ---
2026-04-24 00:29:31,010 - [ENV] - SUCCESS: Goal reached in 18 steps. Dist = 0.0100m
2026-04-24 00:29:31,011 - [ENV] - --- EPISODE START | Scenario: ASCEND | Start: [0.6755533  0.42793712 0.41      ] | Goal: [0.6755533  0.42793712 0.55      ] | DriftLimit: 0.0524 | FloorLimit: 0.4651 ---
2026-04-24 00:29:31,269 - [ENV] - TERMINATED (Ascend): Tube Drift = 0.0620m (Max 0.0524m) at step 2
2026-04-24 00:29:31,270 - [ENV] - Episode ended without success at step 2. Final dist: 0.1323m
2026-04-24 00:29:31,271 - [ENV] - --- EPISODE START | Scenario: ASCEND | Start: [0.96950615 0.25891363 0.41      ] | Goal: [0.96950615 0.25891363 0.55      ] | DriftLimit: 0.0524 | FloorLimit: 0.4651 ---
2026-04-24 00:29:31,503 - [ENV] - TERMINATED (Ascend): Tube Drift = 0.0644m (Max 0.0524m) at step 2
2026-04-24 00:29:31,503 - [ENV] - Episode ended without success at step 2. Final dist: 0.1132m
2026-04-24 00:29:31,504 - [ENV] - --- EPISODE START | Scenario: TRANSIT | Start: [1.07025183 0.50808748 0.55      ] | Goal: [0.97920583 0.10979493 0.55      ] | DriftLimit: 0.0524 | FloorLimit: 0.4651 ---
2026-04-24 00:29:32,223 - [ENV] - SUCCESS: Goal reached in 21 steps. Dist = 0.0093m
2026-04-24 00:29:32,224 - [ENV] - --- EPISODE START | Scenario: TRANSIT | Start: [1.03830801 0.16802365 0.55      ] | Goal: [1.06471865 0.43815845 0.55      ] | DriftLimit: 0.0523 | FloorLimit: 0.4651 ---
2026-04-24 00:29:32,885 - [ENV] - SUCCESS: Goal reached in 14 steps. Dist = 0.0091m
2026-04-24 00:29:32,886 - [ENV] - --- EPISODE START | Scenario: TRANSIT | Start: [1.04219728 0.13805599 0.55      ] | Goal: [1.03452343 0.28471533 0.55      ] | DriftLimit: 0.0523 | FloorLimit: 0.4651 ---
2026-04-24 00:29:33,374 - [ENV] - SUCCESS: Goal reached in 9 steps. Dist = 0.0096m
2026-04-24 00:29:33,374 - [ENV] - --- EPISODE START | Scenario: TRANSIT | Start: [0.89698801 0.01131633 0.55      ] | Goal: [0.7072009  0.51541939 0.55      ] | DriftLimit: 0.0523 | FloorLimit: 0.4651 ---
2026-04-24 00:29:34,371 - [ENV] - SUCCESS: Goal reached in 22 steps. Dist = 0.0076m
2026-04-24 00:29:34,371 - [ENV] - --- EPISODE START | Scenario: DESCEND | Start: [0.82081285 0.27288202 0.55      ] | Goal: [0.82081285 0.27288202 0.415     ] | DriftLimit: 0.0523 | FloorLimit: 0.4651 ---
2026-04-24 00:29:34,879 - [ENV] - SUCCESS: Goal reached in 10 steps. Dist = 0.0099m
2026-04-24 00:29:34,880 - [ENV] - --- EPISODE START | Scenario: DESCEND | Start: [0.63094059 0.12356647 0.55      ] | Goal: [0.63094059 0.12356647 0.41      ] | DriftLimit: 0.0523 | FloorLimit: 0.4651 ---
2026-04-24 00:29:35,637 - [ENV] - SUCCESS: Goal reached in 14 steps. Dist = 0.0098m
2026-04-24 00:29:35,637 - [ENV] - --- EPISODE START | Scenario: TRANSIT | Start: [0.77482889 0.02599823 0.55      ] | Goal: [0.79588719 0.1405381  0.55      ] | DriftLimit: 0.0523 | FloorLimit: 0.4651 ---
2026-04-24 00:29:35,906 - [ENV] - SUCCESS: Goal reached in 8 steps. Dist = 0.0097m
2026-04-24 00:29:35,907 - [ENV] - --- EPISODE START | Scenario: DESCEND | Start: [0.9463934  0.52336409 0.55      ] | Goal: [0.9463934  0.52336409 0.41      ] | DriftLimit: 0.0523 | FloorLimit: 0.4651 ---
2026-04-24 00:29:43,377 - [ENV] - --- EPISODE START | Scenario: DESCEND | Start: [0.65578494 0.48007952 0.55      ] | Goal: [0.65578494 0.48007952 0.41      ] | DriftLimit: 0.0522 | FloorLimit: 0.4652 ---
2026-04-24 00:29:49,496 - [ENV] - --- EPISODE START | Scenario: ASCEND | Start: [0.82136943 0.19417623 0.41      ] | Goal: [0.82136943 0.19417623 0.55      ] | DriftLimit: 0.0520 | FloorLimit: 0.4653 ---
2026-04-24 00:29:49,756 - [ENV] - TERMINATED (Ascend): Tube Drift = 0.0717m (Max 0.0520m) at step 3
2026-04-24 00:29:49,757 - [ENV] - Episode ended without success at step 3. Final dist: 0.1309m
2026-04-24 00:29:49,758 - [ENV] - --- EPISODE START | Scenario: ASCEND | Start: [0.98597366 0.46341755 0.41      ] | Goal: [0.98597366 0.46341755 0.55      ] | DriftLimit: 0.0520 | FloorLimit: 0.4653 ---
2026-04-24 00:29:49,940 - [ENV] - TERMINATED (Ascend): Tube Drift = 0.0593m (Max 0.0520m) at step 2
2026-04-24 00:29:49,940 - [ENV] - Episode ended without success at step 2. Final dist: 0.1106m
2026-04-24 00:29:49,941 - [ENV] - --- EPISODE START | Scenario: ASCEND | Start: [0.71871447 0.3052317  0.41      ] | Goal: [0.71871447 0.3052317  0.55      ] | DriftLimit: 0.0520 | FloorLimit: 0.4653 ---
2026-04-24 00:29:50,433 - [ENV] - TERMINATED (Ascend): Tube Drift = 0.0548m (Max 0.0520m) at step 10
2026-04-24 00:29:50,434 - [ENV] - Episode ended without success at step 10. Final dist: 0.1377m
2026-04-24 00:29:50,434 - [ENV] - --- EPISODE START | Scenario: ASCEND | Start: [1.08147274 0.17633968 0.41      ] | Goal: [1.08147274 0.17633968 0.55      ] | DriftLimit: 0.0520 | FloorLimit: 0.4653 ---
2026-04-24 00:29:50,605 - [ENV] - TERMINATED (Ascend): Tube Drift = 0.0697m (Max 0.0520m) at step 2
2026-04-24 00:29:50,605 - [ENV] - Episode ended without success at step 2. Final dist: 0.1160m
2026-04-24 00:29:50,606 - [ENV] - --- EPISODE START | Scenario: DESCEND | Start: [1.01735844 0.11752181 0.55      ] | Goal: [1.01735844 0.11752181 0.415     ] | DriftLimit: 0.0520 | FloorLimit: 0.4653 ---
2026-04-24 00:29:52,069 - [ENV] - SUCCESS: Goal reached in 36 steps. Dist = 0.0099m
2026-04-24 00:29:52,070 - [ENV] - --- EPISODE START | Scenario: DESCEND | Start: [0.83545056 0.03183844 0.55      ] | Goal: [0.83545056 0.03183844 0.41      ] | DriftLimit: 0.0520 | FloorLimit: 0.4653 ---
2026-04-24 00:29:53,275 - [ENV] - SUCCESS: Goal reached in 26 steps. Dist = 0.0100m
2026-04-24 00:29:53,277 - [ENV] - --- EPISODE START | Scenario: DESCEND | Start: [0.86914704 0.32625043 0.55      ] | Goal: [0.86914704 0.32625043 0.41      ] | DriftLimit: 0.0520 | FloorLimit: 0.4653 ---
2026-04-24 00:30:02,878 - [ENV] - --- EPISODE START | Scenario: TRANSIT | Start: [1.10859991 0.06888037 0.55      ] | Goal: [0.77678501 0.25134121 0.55      ] | DriftLimit: 0.0518 | FloorLimit: 0.4654 ---
2026-04-24 00:30:04,364 - [ENV] - SUCCESS: Goal reached in 35 steps. Dist = 0.0099m
2026-04-24 00:30:04,365 - [ENV] - --- EPISODE START | Scenario: TRANSIT | Start: [0.95861051 0.35945947 0.55      ] | Goal: [0.75699297 0.16712648 0.55      ] | DriftLimit: 0.0518 | FloorLimit: 0.4654 ---
2026-04-24 00:30:04,964 - [ENV] - SUCCESS: Goal reached in 13 steps. Dist = 0.0099m
2026-04-24 00:30:04,965 - [ENV] - --- EPISODE START | Scenario: TRANSIT | Start: [0.69930561 0.23292979 0.55      ] | Goal: [1.09126906 0.35236259 0.55      ] | DriftLimit: 0.0518 | FloorLimit: 0.4654 ---
2026-04-24 00:30:07,039 - [ENV] - SUCCESS: Goal reached in 51 steps. Dist = 0.0097m
2026-04-24 00:30:07,040 - [ENV] - --- EPISODE START | Scenario: TRANSIT | Start: [0.85779716 0.23269021 0.55      ] | Goal: [0.70926694 0.3292247  0.55      ] | DriftLimit: 0.0518 | FloorLimit: 0.4654 ---
2026-04-24 00:30:11,770 - [ENV] - TERMINATED (Transit): Floor collision. Z = 0.4652m (Min 0.465m) at step 121
2026-04-24 00:30:11,770 - [ENV] - Episode ended without success at step 121. Final dist: 0.0867m
2026-04-24 00:30:11,770 - [ENV] - --- EPISODE START | Scenario: DESCEND | Start: [1.08369187 0.08575483 0.55      ] | Goal: [1.08369187 0.08575483 0.415     ] | DriftLimit: 0.0517 | FloorLimit: 0.4654 ---
2026-04-24 00:30:12,021 - [ENV] - SUCCESS: Goal reached in 4 steps. Dist = 0.0096m
2026-04-24 00:30:12,022 - [ENV] - --- EPISODE START | Scenario: ASCEND | Start: [0.93118685 0.53543722 0.41      ] | Goal: [0.93118685 0.53543722 0.55      ] | DriftLimit: 0.0517 | FloorLimit: 0.4654 ---
2026-04-24 00:30:12,241 - [ENV] - TERMINATED (Ascend): Tube Drift = 0.0634m (Max 0.0517m) at step 2
2026-04-24 00:30:12,242 - [ENV] - Episode ended without success at step 2. Final dist: 0.1122m
2026-04-24 00:30:12,243 - [ENV] - --- EPISODE START | Scenario: DESCEND | Start: [0.80093752 0.16149273 0.55      ] | Goal: [0.80093752 0.16149273 0.415     ] | DriftLimit: 0.0517 | FloorLimit: 0.4654 ---
2026-04-24 00:30:15,694 - [ENV] - SUCCESS: Goal reached in 77 steps. Dist = 0.0100m
2026-04-24 00:30:15,695 - [ENV] - --- EPISODE START | Scenario: ASCEND | Start: [0.8325863  0.25489808 0.41      ] | Goal: [0.8325863  0.25489808 0.55      ] | DriftLimit: 0.0516 | FloorLimit: 0.4655 ---
2026-04-24 00:30:16,057 - [ENV] - TERMINATED (Ascend): Tube Drift = 0.0607m (Max 0.0516m) at step 3
2026-04-24 00:30:16,057 - [ENV] - Episode ended without success at step 3. Final dist: 0.1276m
2026-04-24 00:30:16,058 - [ENV] - --- EPISODE START | Scenario: ASCEND | Start: [0.90863056 0.23411709 0.41      ] | Goal: [0.90863056 0.23411709 0.55      ] | DriftLimit: 0.0516 | FloorLimit: 0.4655 ---
2026-04-24 00:30:16,361 - [ENV] - TERMINATED (Ascend): Tube Drift = 0.0823m (Max 0.0516m) at step 3
2026-04-24 00:30:16,361 - [ENV] - Episode ended without success at step 3. Final dist: 0.1160m
2026-04-24 00:30:16,362 - [ENV] - --- EPISODE START | Scenario: ASCEND | Start: [1.10498468 0.36518902 0.41      ] | Goal: [1.10498468 0.36518902 0.55      ] | DriftLimit: 0.0516 | FloorLimit: 0.4655 ---
2026-04-24 00:30:16,582 - [ENV] - TERMINATED (Ascend): Tube Drift = 0.0588m (Max 0.0516m) at step 2
2026-04-24 00:30:16,582 - [ENV] - Episode ended without success at step 2. Final dist: 0.1090m
2026-04-24 00:30:16,583 - [ENV] - --- EPISODE START | Scenario: ASCEND | Start: [0.9391844  0.23670127 0.41      ] | Goal: [0.9391844  0.23670127 0.55      ] | DriftLimit: 0.0516 | FloorLimit: 0.4655 ---
2026-04-24 00:30:16,913 - [ENV] - TERMINATED (Ascend): Tube Drift = 0.0631m (Max 0.0516m) at step 2
2026-04-24 00:30:16,914 - [ENV] - Episode ended without success at step 2. Final dist: 0.1128m
2026-04-24 00:30:16,914 - [ENV] - --- EPISODE START | Scenario: ASCEND | Start: [0.96628688 0.0612166  0.41      ] | Goal: [0.96628688 0.0612166  0.55      ] | DriftLimit: 0.0516 | FloorLimit: 0.4655 ---
2026-04-24 00:30:17,187 - [ENV] - TERMINATED (Ascend): Tube Drift = 0.0692m (Max 0.0516m) at step 2
2026-04-24 00:30:17,187 - [ENV] - Episode ended without success at step 2. Final dist: 0.1162m
2026-04-24 00:30:17,188 - [ENV] - --- EPISODE START | Scenario: TRANSIT | Start: [0.79087007 0.32372911 0.55      ] | Goal: [0.79926411 0.46688544 0.55      ] | DriftLimit: 0.0516 | FloorLimit: 0.4655 ---
2026-04-24 00:30:21,731 - [ENV] - SUCCESS: Goal reached in 139 steps. Dist = 0.0097m
2026-04-24 00:30:21,733 - [ENV] - --- EPISODE START | Scenario: DESCEND | Start: [1.07099265 0.30065316 0.55      ] | Goal: [1.07099265 0.30065316 0.415     ] | DriftLimit: 0.0515 | FloorLimit: 0.4655 ---
2026-04-24 00:30:29,380 - [ENV] - --- EPISODE START | Scenario: TRANSIT | Start: [1.01271349 0.03666217 0.55      ] | Goal: [0.67746882 0.28728302 0.55      ] | DriftLimit: 0.0514 | FloorLimit: 0.4656 ---
2026-04-24 00:30:30,367 - [ENV] - SUCCESS: Goal reached in 29 steps. Dist = 0.0100m
2026-04-24 00:30:30,368 - [ENV] - --- EPISODE START | Scenario: TRANSIT | Start: [0.81392154 0.27827846 0.55      ] | Goal: [1.0287466  0.44172756 0.55      ] | DriftLimit: 0.0514 | FloorLimit: 0.4656 ---
2026-04-24 00:30:30,721 - [ENV] - SUCCESS: Goal reached in 9 steps. Dist = 0.0066m
2026-04-24 00:30:30,722 - [ENV] - --- EPISODE START | Scenario: ASCEND | Start: [0.65461926 0.5068302  0.41      ] | Goal: [0.65461926 0.5068302  0.55      ] | DriftLimit: 0.0514 | FloorLimit: 0.4656 ---
2026-04-24 00:30:30,913 - [ENV] - TERMINATED (Ascend): Tube Drift = 0.0614m (Max 0.0514m) at step 2
2026-04-24 00:30:30,914 - [ENV] - Episode ended without success at step 2. Final dist: 0.1276m
2026-04-24 00:30:30,915 - [ENV] - --- EPISODE START | Scenario: TRANSIT | Start: [0.91413228 0.17915776 0.55      ] | Goal: [1.09758973 0.51099484 0.55      ] | DriftLimit: 0.0514 | FloorLimit: 0.4656 ---
2026-04-24 00:30:31,430 - [ENV] - SUCCESS: Goal reached in 14 steps. Dist = 0.0097m
2026-04-24 00:30:31,431 - [ENV] - --- EPISODE START | Scenario: ASCEND | Start: [0.65112256 0.12846972 0.41      ] | Goal: [0.65112256 0.12846972 0.55      ] | DriftLimit: 0.0513 | FloorLimit: 0.4656 ---
2026-04-24 00:30:31,676 - [ENV] - TERMINATED (Ascend): Tube Drift = 0.0550m (Max 0.0513m) at step 2
2026-04-24 00:30:31,677 - [ENV] - Episode ended without success at step 2. Final dist: 0.1276m
2026-04-24 00:30:31,678 - [ENV] - --- EPISODE START | Scenario: ASCEND | Start: [1.09397335 0.44800539 0.41      ] | Goal: [1.09397335 0.44800539 0.55      ] | DriftLimit: 0.0513 | FloorLimit: 0.4656 ---
2026-04-24 00:30:31,880 - [ENV] - TERMINATED (Ascend): Tube Drift = 0.0591m (Max 0.0513m) at step 2
2026-04-24 00:30:31,881 - [ENV] - Episode ended without success at step 2. Final dist: 0.1107m
2026-04-24 00:30:31,882 - [ENV] - --- EPISODE START | Scenario: DESCEND | Start: [0.86917091 0.23733695 0.55      ] | Goal: [0.86917091 0.23733695 0.41      ] | DriftLimit: 0.0513 | FloorLimit: 0.4656 ---
2026-04-24 00:30:32,416 - [ENV] - SUCCESS: Goal reached in 15 steps. Dist = 0.0100m
2026-04-24 00:30:32,417 - [ENV] - --- EPISODE START | Scenario: TRANSIT | Start: [0.68310291 0.5040639  0.55      ] | Goal: [0.84992102 0.29246977 0.55      ] | DriftLimit: 0.0513 | FloorLimit: 0.4656 ---
2026-04-24 00:30:33,066 - [ENV] - SUCCESS: Goal reached in 19 steps. Dist = 0.0094m
2026-04-24 00:30:33,067 - [ENV] - --- EPISODE START | Scenario: DESCEND | Start: [1.10685858 0.20226569 0.55      ] | Goal: [1.10685858 0.20226569 0.41      ] | DriftLimit: 0.0513 | FloorLimit: 0.4656 ---
2026-04-24 00:30:40,860 - [ENV] - --- EPISODE START | Scenario: DESCEND | Start: [0.66692183 0.12431273 0.55      ] | Goal: [0.66692183 0.12431273 0.415     ] | DriftLimit: 0.0512 | FloorLimit: 0.4657 ---
2026-04-24 00:30:41,211 - [ENV] - SUCCESS: Goal reached in 9 steps. Dist = 0.0075m
2026-04-24 00:30:41,212 - [ENV] - --- EPISODE START | Scenario: ASCEND | Start: [0.7766175  0.41428506 0.41      ] | Goal: [0.7766175  0.41428506 0.55      ] | DriftLimit: 0.0512 | FloorLimit: 0.4657 ---
2026-04-24 00:30:41,466 - [ENV] - TERMINATED (Ascend): Tube Drift = 0.0694m (Max 0.0512m) at step 3
2026-04-24 00:30:41,466 - [ENV] - Episode ended without success at step 3. Final dist: 0.1301m
2026-04-24 00:30:41,467 - [ENV] - --- EPISODE START | Scenario: DESCEND | Start: [1.06814634 0.2517583  0.55      ] | Goal: [1.06814634 0.2517583  0.415     ] | DriftLimit: 0.0512 | FloorLimit: 0.4657 ---
2026-04-24 00:30:48,431 - [ENV] - --- EPISODE START | Scenario: DESCEND | Start: [1.0210216  0.20353677 0.55      ] | Goal: [1.0210216  0.20353677 0.415     ] | DriftLimit: 0.0510 | FloorLimit: 0.4658 ---
2026-04-24 00:30:48,725 - [ENV] - SUCCESS: Goal reached in 5 steps. Dist = 0.0071m
2026-04-24 00:30:48,726 - [ENV] - --- EPISODE START | Scenario: DESCEND | Start: [0.70981184 0.18205534 0.55      ] | Goal: [0.70981184 0.18205534 0.41      ] | DriftLimit: 0.0510 | FloorLimit: 0.4658 ---
2026-04-24 00:30:49,955 - [ENV] - SUCCESS: Goal reached in 20 steps. Dist = 0.0096m
2026-04-24 00:30:49,956 - [ENV] - --- EPISODE START | Scenario: DESCEND | Start: [0.87890793 0.23627096 0.55      ] | Goal: [0.87890793 0.23627096 0.41      ] | DriftLimit: 0.0510 | FloorLimit: 0.4658 ---
2026-04-24 00:30:52,686 - [ENV] - SUCCESS: Goal reached in 56 steps. Dist = 0.0100m
2026-04-24 00:30:52,688 - [ENV] - --- EPISODE START | Scenario: DESCEND | Start: [0.99816315 0.01524124 0.55      ] | Goal: [0.99816315 0.01524124 0.415     ] | DriftLimit: 0.0510 | FloorLimit: 0.4658 ---
2026-04-24 00:30:53,082 - [ENV] - SUCCESS: Goal reached in 9 steps. Dist = 0.0083m
2026-04-24 00:30:53,083 - [ENV] - --- EPISODE START | Scenario: TRANSIT | Start: [1.08521111 0.02969976 0.55      ] | Goal: [1.10067198 0.53311522 0.55      ] | DriftLimit: 0.0510 | FloorLimit: 0.4658 ---
2026-04-24 00:30:54,072 - [ENV] - SUCCESS: Goal reached in 19 steps. Dist = 0.0082m
2026-04-24 00:30:54,073 - [ENV] - --- EPISODE START | Scenario: TRANSIT | Start: [1.08386694 0.4755957  0.55      ] | Goal: [0.66240157 0.5319078  0.55      ] | DriftLimit: 0.0510 | FloorLimit: 0.4658 ---
2026-04-24 00:31:01,329 - [ENV] - --- EPISODE START | Scenario: ASCEND | Start: [0.71379318 0.19233951 0.41      ] | Goal: [0.71379318 0.19233951 0.55      ] | DriftLimit: 0.0508 | FloorLimit: 0.4659 ---
2026-04-24 00:31:01,648 - [ENV] - TERMINATED (Ascend): Tube Drift = 0.0543m (Max 0.0508m) at step 4
2026-04-24 00:31:01,648 - [ENV] - Episode ended without success at step 4. Final dist: 0.1268m
2026-04-24 00:31:01,649 - [ENV] - --- EPISODE START | Scenario: ASCEND | Start: [1.00892215 0.2965821  0.41      ] | Goal: [1.00892215 0.2965821  0.55      ] | DriftLimit: 0.0508 | FloorLimit: 0.4659 ---
2026-04-24 00:31:01,839 - [ENV] - TERMINATED (Ascend): Tube Drift = 0.0617m (Max 0.0508m) at step 2
2026-04-24 00:31:01,840 - [ENV] - Episode ended without success at step 2. Final dist: 0.1117m
2026-04-24 00:31:01,840 - [ENV] - --- EPISODE START | Scenario: TRANSIT | Start: [0.95469077 0.35606699 0.55      ] | Goal: [0.85166672 0.31263632 0.55      ] | DriftLimit: 0.0508 | FloorLimit: 0.4659 ---
2026-04-24 00:31:02,453 - [ENV] - SUCCESS: Goal reached in 8 steps. Dist = 0.0099m
2026-04-24 00:31:02,454 - [ENV] - --- EPISODE START | Scenario: DESCEND | Start: [0.64975428 0.04248577 0.55      ] | Goal: [0.64975428 0.04248577 0.41      ] | DriftLimit: 0.0508 | FloorLimit: 0.4659 ---
2026-04-24 00:31:09,177 - [ENV] - --- EPISODE START | Scenario: ASCEND | Start: [0.76359524 0.43205193 0.41      ] | Goal: [0.76359524 0.43205193 0.55      ] | DriftLimit: 0.0507 | FloorLimit: 0.4660 ---
2026-04-24 00:31:09,401 - [ENV] - TERMINATED (Ascend): Tube Drift = 0.0566m (Max 0.0507m) at step 2
2026-04-24 00:31:09,401 - [ENV] - Episode ended without success at step 2. Final dist: 0.1241m
2026-04-24 00:31:09,402 - [ENV] - --- EPISODE START | Scenario: TRANSIT | Start: [0.9961299  0.03865409 0.55      ] | Goal: [0.72663482 0.21765475 0.55      ] | DriftLimit: 0.0507 | FloorLimit: 0.4660 ---
2026-04-24 00:31:10,180 - [ENV] - SUCCESS: Goal reached in 23 steps. Dist = 0.0097m
2026-04-24 00:31:10,181 - [ENV] - --- EPISODE START | Scenario: TRANSIT | Start: [1.15433764 0.17425228 0.55      ] | Goal: [0.94585892 0.29578087 0.55      ] | DriftLimit: 0.0507 | FloorLimit: 0.4660 ---
2026-04-24 00:31:10,683 - [ENV] - SUCCESS: Goal reached in 13 steps. Dist = 0.0095m
2026-04-24 00:31:10,684 - [ENV] - --- EPISODE START | Scenario: TRANSIT | Start: [0.88115803 0.17966578 0.55      ] | Goal: [0.80052217 0.07760731 0.55      ] | DriftLimit: 0.0507 | FloorLimit: 0.4660 ---
2026-04-24 00:31:42,629 - [ENV] - SUCCESS: Goal reached in 17 steps. Dist = 0.0092m
2026-04-24 00:31:42,629 - [ENV] - --- EPISODE START | Scenario: DESCEND | Start: [0.80825719 0.15967207 0.55      ] | Goal: [0.80825719 0.15967207 0.41      ] | DriftLimit: 0.0507 | FloorLimit: 0.4660 ---
2026-04-24 00:31:48,065 - [ENV] - --- EPISODE START | Scenario: DESCEND | Start: [1.00033733 0.04630972 0.55      ] | Goal: [1.00033733 0.04630972 0.41      ] | DriftLimit: 0.0505 | FloorLimit: 0.4661 ---
2026-04-24 00:31:54,063 - [ENV] - --- EPISODE START | Scenario: ASCEND | Start: [0.70562901 0.53114388 0.41      ] | Goal: [0.70562901 0.53114388 0.55      ] | DriftLimit: 0.0504 | FloorLimit: 0.4661 ---
2026-04-24 00:31:54,273 - [ENV] - TERMINATED (Ascend): Tube Drift = 0.0706m (Max 0.0504m) at step 2
2026-04-24 00:31:54,274 - [ENV] - Episode ended without success at step 2. Final dist: 0.1302m
2026-04-24 00:31:54,275 - [ENV] - --- EPISODE START | Scenario: TRANSIT | Start: [0.71858666 0.15433699 0.55      ] | Goal: [1.15392257 0.20659354 0.55      ] | DriftLimit: 0.0504 | FloorLimit: 0.4661 ---
2026-04-24 00:32:01,021 - [ENV] - --- EPISODE START | Scenario: TRANSIT | Start: [0.81491883 0.35542851 0.55      ] | Goal: [0.82132142 0.51216902 0.55      ] | DriftLimit: 0.0503 | FloorLimit: 0.4662 ---
2026-04-24 00:32:01,295 - [ENV] - SUCCESS: Goal reached in 7 steps. Dist = 0.0093m
2026-04-24 00:32:01,295 - [ENV] - --- EPISODE START | Scenario: TRANSIT | Start: [0.65051797 0.32274785 0.55      ] | Goal: [0.90718091 0.51078169 0.55      ] | DriftLimit: 0.0503 | FloorLimit: 0.4662 ---
2026-04-24 00:32:01,937 - [ENV] - SUCCESS: Goal reached in 20 steps. Dist = 0.0100m
2026-04-24 00:32:01,938 - [ENV] - --- EPISODE START | Scenario: DESCEND | Start: [0.94044629 0.43177715 0.55      ] | Goal: [0.94044629 0.43177715 0.415     ] | DriftLimit: 0.0503 | FloorLimit: 0.4662 ---
2026-04-24 00:32:02,399 - [ENV] - SUCCESS: Goal reached in 11 steps. Dist = 0.0099m
2026-04-24 00:32:02,400 - [ENV] - --- EPISODE START | Scenario: TRANSIT | Start: [1.01563846 0.26308797 0.55      ] | Goal: [0.91944883 0.49661314 0.55      ] | DriftLimit: 0.0502 | FloorLimit: 0.4662 ---
2026-04-24 00:32:03,125 - [ENV] - SUCCESS: Goal reached in 13 steps. Dist = 0.0089m
2026-04-24 00:32:03,125 - [ENV] - --- EPISODE START | Scenario: TRANSIT | Start: [0.94281199 0.35621908 0.55      ] | Goal: [0.62620027 0.07893276 0.55      ] | DriftLimit: 0.0502 | FloorLimit: 0.4662 ---
2026-04-24 00:32:03,635 - [ENV] - SUCCESS: Goal reached in 15 steps. Dist = 0.0098m
2026-04-24 00:32:03,636 - [ENV] - --- EPISODE START | Scenario: ASCEND | Start: [0.74915615 0.51293571 0.41      ] | Goal: [0.74915615 0.51293571 0.55      ] | DriftLimit: 0.0502 | FloorLimit: 0.4662 ---
2026-04-24 00:32:03,921 - [ENV] - TERMINATED (Ascend): Tube Drift = 0.0637m (Max 0.0502m) at step 2
2026-04-24 00:32:03,922 - [ENV] - Episode ended without success at step 2. Final dist: 0.1201m
2026-04-24 00:32:03,923 - [ENV] - --- EPISODE START | Scenario: DESCEND | Start: [1.09262781 0.30515679 0.55      ] | Goal: [1.09262781 0.30515679 0.415     ] | DriftLimit: 0.0502 | FloorLimit: 0.4662 ---
2026-04-24 00:32:04,194 - [ENV] - SUCCESS: Goal reached in 5 steps. Dist = 0.0094m
2026-04-24 00:32:04,195 - [ENV] - --- EPISODE START | Scenario: DESCEND | Start: [1.14897621 0.1235284  0.55      ] | Goal: [1.14897621 0.1235284  0.415     ] | DriftLimit: 0.0502 | FloorLimit: 0.4662 ---
2026-04-24 00:32:04,478 - [ENV] - SUCCESS: Goal reached in 6 steps. Dist = 0.0096m
2026-04-24 00:32:04,479 - [ENV] - --- EPISODE START | Scenario: TRANSIT | Start: [0.86762191 0.3806103  0.55      ] | Goal: [0.66761729 0.52430011 0.55      ] | DriftLimit: 0.0502 | FloorLimit: 0.4662 ---
2026-04-24 00:32:08,388 - [ENV] - TERMINATED (Transit): Floor collision. Z = 0.4658m (Min 0.466m) at step 82
2026-04-24 00:32:08,388 - [ENV] - Episode ended without success at step 82. Final dist: 0.0869m
2026-04-24 00:32:08,388 - [ENV] - --- EPISODE START | Scenario: DESCEND | Start: [1.15419198 0.41160525 0.55      ] | Goal: [1.15419198 0.41160525 0.41      ] | DriftLimit: 0.0502 | FloorLimit: 0.4663 ---
2026-04-24 00:32:08,758 - [ENV] - SUCCESS: Goal reached in 6 steps. Dist = 0.0095m
2026-04-24 00:32:08,759 - [ENV] - --- EPISODE START | Scenario: ASCEND | Start: [0.98015624 0.36378598 0.41      ] | Goal: [0.98015624 0.36378598 0.55      ] | DriftLimit: 0.0502 | FloorLimit: 0.4663 ---
2026-04-24 00:32:08,979 - [ENV] - TERMINATED (Ascend): Tube Drift = 0.0586m (Max 0.0501m) at step 2
2026-04-24 00:32:08,979 - [ENV] - Episode ended without success at step 2. Final dist: 0.1118m
2026-04-24 00:32:08,980 - [ENV] - --- EPISODE START | Scenario: DESCEND | Start: [0.6948383  0.51409016 0.55      ] | Goal: [0.6948383  0.51409016 0.41      ] | DriftLimit: 0.0501 | FloorLimit: 0.4663 ---
2026-04-24 00:32:14,880 - [ENV] - --- EPISODE START | Scenario: TRANSIT | Start: [0.88955829 0.47166099 0.55      ] | Goal: [1.12360656 0.40235598 0.55      ] | DriftLimit: 0.0500 | FloorLimit: 0.4664 ---
2026-04-24 00:32:22,763 - [ENV] - --- EPISODE START | Scenario: ASCEND | Start: [0.81105226 0.12883563 0.41      ] | Goal: [0.81105226 0.12883563 0.55      ] | DriftLimit: 0.0499 | FloorLimit: 0.4664 ---
2026-04-24 00:32:23,319 - [ENV] - TERMINATED (Ascend): Tube Drift = 0.0678m (Max 0.0499m) at step 4
2026-04-24 00:32:23,319 - [ENV] - Episode ended without success at step 4. Final dist: 0.0891m
2026-04-24 00:32:23,320 - [ENV] - --- EPISODE START | Scenario: DESCEND | Start: [0.99357076 0.12409074 0.55      ] | Goal: [0.99357076 0.12409074 0.41      ] | DriftLimit: 0.0499 | FloorLimit: 0.4664 ---
2026-04-24 00:32:29,991 - [ENV] - --- EPISODE START | Scenario: DESCEND | Start: [0.84040621 0.49091273 0.55      ] | Goal: [0.84040621 0.49091273 0.415     ] | DriftLimit: 0.0498 | FloorLimit: 0.4665 ---
2026-04-24 00:32:30,302 - [ENV] - SUCCESS: Goal reached in 4 steps. Dist = 0.0071m
2026-04-24 00:32:30,303 - [ENV] - --- EPISODE START | Scenario: TRANSIT | Start: [0.94872522 0.37890601 0.55      ] | Goal: [0.65110439 0.1880393  0.55      ] | DriftLimit: 0.0498 | FloorLimit: 0.4665 ---
2026-04-24 00:32:30,884 - [ENV] - SUCCESS: Goal reached in 12 steps. Dist = 0.0092m
2026-04-24 00:32:30,884 - [ENV] - --- EPISODE START | Scenario: TRANSIT | Start: [0.92475332 0.48941226 0.55      ] | Goal: [1.08829056 0.13666822 0.55      ] | DriftLimit: 0.0497 | FloorLimit: 0.4665 ---
2026-04-24 00:32:31,822 - [ENV] - SUCCESS: Goal reached in 23 steps. Dist = 0.0097m
2026-04-24 00:32:31,823 - [ENV] - --- EPISODE START | Scenario: TRANSIT | Start: [0.81832731 0.291372   0.55      ] | Goal: [0.88802002 0.03920004 0.55      ] | DriftLimit: 0.0497 | FloorLimit: 0.4665 ---
2026-04-24 00:32:32,757 - [ENV] - SUCCESS: Goal reached in 17 steps. Dist = 0.0086m
2026-04-24 00:32:32,758 - [ENV] - --- EPISODE START | Scenario: TRANSIT | Start: [0.82645855 0.02259852 0.55      ] | Goal: [0.68822736 0.12588223 0.55      ] | DriftLimit: 0.0497 | FloorLimit: 0.4665 ---
2026-04-24 00:32:33,469 - [ENV] - SUCCESS: Goal reached in 20 steps. Dist = 0.0097m
2026-04-24 00:32:33,470 - [ENV] - --- EPISODE START | Scenario: DESCEND | Start: [0.6516384  0.36127449 0.55      ] | Goal: [0.6516384  0.36127449 0.41      ] | DriftLimit: 0.0497 | FloorLimit: 0.4665 ---
2026-04-24 00:32:40,532 - [ENV] - --- EPISODE START | Scenario: TRANSIT | Start: [0.87296106 0.49054389 0.55      ] | Goal: [1.07398604 0.09461065 0.55      ] | DriftLimit: 0.0496 | FloorLimit: 0.4666 ---
2026-04-24 00:32:41,483 - [ENV] - SUCCESS: Goal reached in 22 steps. Dist = 0.0094m
2026-04-24 00:32:41,484 - [ENV] - --- EPISODE START | Scenario: TRANSIT | Start: [1.03261736 0.35576242 0.55      ] | Goal: [0.87008651 0.09410269 0.55      ] | DriftLimit: 0.0496 | FloorLimit: 0.4666 ---
2026-04-24 00:32:42,456 - [ENV] - SUCCESS: Goal reached in 17 steps. Dist = 0.0097m
2026-04-24 00:32:42,457 - [ENV] - --- EPISODE START | Scenario: TRANSIT | Start: [0.97865275 0.35977614 0.55      ] | Goal: [0.8150479  0.45275155 0.55      ] | DriftLimit: 0.0495 | FloorLimit: 0.4666 ---
2026-04-24 00:32:42,692 - [ENV] - SUCCESS: Goal reached in 6 steps. Dist = 0.0070m
2026-04-24 00:32:42,693 - [ENV] - --- EPISODE START | Scenario: TRANSIT | Start: [0.69639541 0.29585221 0.55      ] | Goal: [1.05878043 0.54295655 0.55      ] | DriftLimit: 0.0495 | FloorLimit: 0.4666 ---
2026-04-24 00:32:43,439 - [ENV] - SUCCESS: Goal reached in 13 steps. Dist = 0.0075m
2026-04-24 00:32:43,441 - [ENV] - --- EPISODE START | Scenario: ASCEND | Start: [0.905628   0.38822069 0.41      ] | Goal: [0.905628   0.38822069 0.55      ] | DriftLimit: 0.0495 | FloorLimit: 0.4666 ---
2026-04-24 00:32:43,658 - [ENV] - TERMINATED (Ascend): Tube Drift = 0.0529m (Max 0.0495m) at step 2
2026-04-24 00:32:43,658 - [ENV] - Episode ended without success at step 2. Final dist: 0.1163m
2026-04-24 00:32:43,659 - [ENV] - --- EPISODE START | Scenario: DESCEND | Start: [1.02144178 0.52097698 0.55      ] | Goal: [1.02144178 0.52097698 0.41      ] | DriftLimit: 0.0495 | FloorLimit: 0.4666 ---
2026-04-24 00:32:50,956 - [ENV] - --- EPISODE START | Scenario: ASCEND | Start: [1.00513471 0.29429239 0.41      ] | Goal: [1.00513471 0.29429239 0.55      ] | DriftLimit: 0.0494 | FloorLimit: 0.4667 ---
2026-04-24 00:32:51,151 - [ENV] - TERMINATED (Ascend): Tube Drift = 0.0618m (Max 0.0494m) at step 2
2026-04-24 00:32:51,152 - [ENV] - Episode ended without success at step 2. Final dist: 0.1118m
2026-04-24 00:32:51,153 - [ENV] - --- EPISODE START | Scenario: DESCEND | Start: [0.63324589 0.10426621 0.55      ] | Goal: [0.63324589 0.10426621 0.415     ] | DriftLimit: 0.0494 | FloorLimit: 0.4667 ---
2026-04-24 00:32:51,486 - [ENV] - SUCCESS: Goal reached in 8 steps. Dist = 0.0094m
2026-04-24 00:32:51,487 - [ENV] - --- EPISODE START | Scenario: TRANSIT | Start: [1.07193527 0.47301538 0.55      ] | Goal: [0.78522522 0.210112   0.55      ] | DriftLimit: 0.0494 | FloorLimit: 0.4667 ---
2026-04-24 00:32:51,946 - [ENV] - SUCCESS: Goal reached in 12 steps. Dist = 0.0083m
2026-04-24 00:32:51,947 - [ENV] - --- EPISODE START | Scenario: DESCEND | Start: [0.75270348 0.27589266 0.55      ] | Goal: [0.75270348 0.27589266 0.415     ] | DriftLimit: 0.0494 | FloorLimit: 0.4667 ---
2026-04-24 00:32:58,764 - [ENV] - SUCCESS: Goal reached in 175 steps. Dist = 0.0100m
2026-04-24 00:32:58,765 - [ENV] - --- EPISODE START | Scenario: DESCEND | Start: [0.92242142 0.44201961 0.55      ] | Goal: [0.92242142 0.44201961 0.415     ] | DriftLimit: 0.0493 | FloorLimit: 0.4668 ---
2026-04-24 00:32:58,991 - [ENV] - SUCCESS: Goal reached in 4 steps. Dist = 0.0088m
2026-04-24 00:32:58,992 - [ENV] - --- EPISODE START | Scenario: TRANSIT | Start: [1.03817402 0.16303612 0.55      ] | Goal: [0.76427155 0.1367112  0.55      ] | DriftLimit: 0.0493 | FloorLimit: 0.4668 ---
2026-04-24 00:33:00,114 - [ENV] - SUCCESS: Goal reached in 28 steps. Dist = 0.0091m
2026-04-24 00:33:00,115 - [ENV] - --- EPISODE START | Scenario: DESCEND | Start: [0.86576078 0.29533776 0.55      ] | Goal: [0.86576078 0.29533776 0.415     ] | DriftLimit: 0.0492 | FloorLimit: 0.4668 ---
2026-04-24 00:33:00,352 - [ENV] - SUCCESS: Goal reached in 3 steps. Dist = 0.0092m
2026-04-24 00:33:00,354 - [ENV] - --- EPISODE START | Scenario: DESCEND | Start: [0.9685372  0.04756455 0.55      ] | Goal: [0.9685372  0.04756455 0.41      ] | DriftLimit: 0.0492 | FloorLimit: 0.4668 ---
2026-04-24 00:33:08,395 - [ENV] - --- EPISODE START | Scenario: TRANSIT | Start: [0.82024394 0.21731359 0.55      ] | Goal: [0.7178674  0.34458576 0.55      ] | DriftLimit: 0.0491 | FloorLimit: 0.4669 ---
2026-04-24 00:33:16,574 - [ENV] - --- EPISODE START | Scenario: TRANSIT | Start: [1.00567083 0.26009959 0.55      ] | Goal: [0.80927001 0.33555735 0.55      ] | DriftLimit: 0.0490 | FloorLimit: 0.4669 ---
2026-04-24 00:33:17,288 - [ENV] - SUCCESS: Goal reached in 16 steps. Dist = 0.0095m
2026-04-24 00:33:17,289 - [ENV] - --- EPISODE START | Scenario: ASCEND | Start: [0.88818643 0.11093908 0.41      ] | Goal: [0.88818643 0.11093908 0.55      ] | DriftLimit: 0.0490 | FloorLimit: 0.4669 ---
2026-04-24 00:33:17,468 - [ENV] - TERMINATED (Ascend): Tube Drift = 0.0558m (Max 0.0490m) at step 2
2026-04-24 00:33:17,468 - [ENV] - Episode ended without success at step 2. Final dist: 0.1138m
2026-04-24 00:33:17,469 - [ENV] - --- EPISODE START | Scenario: ASCEND | Start: [0.99690398 0.43615111 0.41      ] | Goal: [0.99690398 0.43615111 0.55      ] | DriftLimit: 0.0490 | FloorLimit: 0.4669 ---
2026-04-24 00:33:17,735 - [ENV] - TERMINATED (Ascend): Tube Drift = 0.0582m (Max 0.0490m) at step 2
2026-04-24 00:33:17,735 - [ENV] - Episode ended without success at step 2. Final dist: 0.1103m
2026-04-24 00:33:17,737 - [ENV] - --- EPISODE START | Scenario: ASCEND | Start: [1.03053778 0.33941964 0.41      ] | Goal: [1.03053778 0.33941964 0.55      ] | DriftLimit: 0.0490 | FloorLimit: 0.4669 ---
2026-04-24 00:33:18,016 - [ENV] - TERMINATED (Ascend): Tube Drift = 0.0580m (Max 0.0490m) at step 2
2026-04-24 00:33:18,016 - [ENV] - Episode ended without success at step 2. Final dist: 0.1089m
2026-04-24 00:33:18,018 - [ENV] - --- EPISODE START | Scenario: TRANSIT | Start: [0.85023384 0.44887971 0.55      ] | Goal: [0.80036239 0.24332817 0.55      ] | DriftLimit: 0.0490 | FloorLimit: 0.4669 ---
2026-04-24 00:33:18,406 - [ENV] - SUCCESS: Goal reached in 9 steps. Dist = 0.0084m
2026-04-24 00:33:18,406 - [ENV] - --- EPISODE START | Scenario: ASCEND | Start: [1.1471862  0.39322352 0.41      ] | Goal: [1.1471862  0.39322352 0.55      ] | DriftLimit: 0.0490 | FloorLimit: 0.4669 ---
2026-04-24 00:33:18,568 - [ENV] - TERMINATED (Ascend): Tube Drift = 0.0607m (Max 0.0490m) at step 2
2026-04-24 00:33:18,569 - [ENV] - Episode ended without success at step 2. Final dist: 0.1103m
2026-04-24 00:33:18,570 - [ENV] - --- EPISODE START | Scenario: ASCEND | Start: [1.14584472 0.3660124  0.41      ] | Goal: [1.14584472 0.3660124  0.55      ] | DriftLimit: 0.0490 | FloorLimit: 0.4669 ---
2026-04-24 00:33:18,788 - [ENV] - TERMINATED (Ascend): Tube Drift = 0.0626m (Max 0.0490m) at step 2
2026-04-24 00:33:18,788 - [ENV] - Episode ended without success at step 2. Final dist: 0.1113m
2026-04-24 00:33:18,789 - [ENV] - --- EPISODE START | Scenario: TRANSIT | Start: [1.1185269  0.02977948 0.55      ] | Goal: [0.74672218 0.44652992 0.55      ] | DriftLimit: 0.0490 | FloorLimit: 0.4669 ---
2026-04-24 00:33:20,169 - [ENV] - SUCCESS: Goal reached in 34 steps. Dist = 0.0097m
2026-04-24 00:33:20,170 - [ENV] - --- EPISODE START | Scenario: TRANSIT | Start: [0.87245673 0.51913602 0.55      ] | Goal: [1.04448493 0.29031837 0.55      ] | DriftLimit: 0.0489 | FloorLimit: 0.4669 ---
2026-04-24 00:33:59,968 - [ENV] - --- EPISODE START | Scenario: DESCEND | Start: [1.04784132 0.06625727 0.55      ] | Goal: [1.04784132 0.06625727 0.415     ] | DriftLimit: 0.0488 | FloorLimit: 0.4670 ---
2026-04-24 00:34:00,183 - [ENV] - SUCCESS: Goal reached in 5 steps. Dist = 0.0065m
2026-04-24 00:34:00,184 - [ENV] - --- EPISODE START | Scenario: TRANSIT | Start: [1.01245731 0.09366515 0.55      ] | Goal: [ 0.81922412 -0.01334797  0.55      ] | DriftLimit: 0.0488 | FloorLimit: 0.4670 ---
2026-04-24 00:34:01,721 - [ENV] - SUCCESS: Goal reached in 45 steps. Dist = 0.0095m
2026-04-24 00:34:01,722 - [ENV] - --- EPISODE START | Scenario: TRANSIT | Start: [0.73583813 0.32978664 0.55      ] | Goal: [1.02151129 0.2656193  0.55      ] | DriftLimit: 0.0488 | FloorLimit: 0.4670 ---
2026-04-24 00:34:02,612 - [ENV] - SUCCESS: Goal reached in 27 steps. Dist = 0.0100m
2026-04-24 00:34:02,613 - [ENV] - --- EPISODE START | Scenario: DESCEND | Start: [0.84921378 0.19485798 0.55      ] | Goal: [0.84921378 0.19485798 0.415     ] | DriftLimit: 0.0487 | FloorLimit: 0.4670 ---
2026-04-24 00:34:02,769 - [ENV] - SUCCESS: Goal reached in 3 steps. Dist = 0.0094m
2026-04-24 00:34:02,769 - [ENV] - --- EPISODE START | Scenario: ASCEND | Start: [ 6.35772436e-01 -2.18386152e-04  4.10000000e-01] | Goal: [ 6.35772436e-01 -2.18386152e-04  5.50000000e-01] | DriftLimit: 0.0487 | FloorLimit: 0.4671 ---
2026-04-24 00:34:02,913 - [ENV] - TERMINATED (Ascend): Tube Drift = 0.0622m (Max 0.0487m) at step 2
2026-04-24 00:34:02,913 - [ENV] - Episode ended without success at step 2. Final dist: 0.1240m
2026-04-24 00:34:02,915 - [ENV] - --- EPISODE START | Scenario: TRANSIT | Start: [1.15835438 0.52781586 0.55      ] | Goal: [1.13252912 0.24504291 0.55      ] | DriftLimit: 0.0487 | FloorLimit: 0.4671 ---
2026-04-24 00:34:03,778 - [ENV] - SUCCESS: Goal reached in 26 steps. Dist = 0.0098m
2026-04-24 00:34:03,778 - [ENV] - --- EPISODE START | Scenario: DESCEND | Start: [0.81066902 0.24964463 0.55      ] | Goal: [0.81066902 0.24964463 0.41      ] | DriftLimit: 0.0487 | FloorLimit: 0.4671 ---
2026-04-24 00:34:03,958 - [ENV] - SUCCESS: Goal reached in 3 steps. Dist = 0.0084m
2026-04-24 00:34:03,959 - [ENV] - --- EPISODE START | Scenario: TRANSIT | Start: [0.64549286 0.34115449 0.55      ] | Goal: [1.12626474 0.13932456 0.55      ] | DriftLimit: 0.0487 | FloorLimit: 0.4671 ---
2026-04-24 00:34:12,204 - [ENV] - --- EPISODE START | Scenario: DESCEND | Start: [9.56550332e-01 4.40062685e-04 5.50000000e-01] | Goal: [9.56550332e-01 4.40062685e-04 4.10000000e-01] | DriftLimit: 0.0486 | FloorLimit: 0.4671 ---
2026-04-24 00:34:12,550 - [ENV] - SUCCESS: Goal reached in 8 steps. Dist = 0.0090m
2026-04-24 00:34:12,550 - [ENV] - --- EPISODE START | Scenario: ASCEND | Start: [0.84751712 0.40363447 0.41      ] | Goal: [0.84751712 0.40363447 0.55      ] | DriftLimit: 0.0486 | FloorLimit: 0.4671 ---
2026-04-24 00:34:12,765 - [ENV] - TERMINATED (Ascend): Tube Drift = 0.0572m (Max 0.0486m) at step 2
2026-04-24 00:34:12,766 - [ENV] - Episode ended without success at step 2. Final dist: 0.1190m
2026-04-24 00:34:12,767 - [ENV] - --- EPISODE START | Scenario: ASCEND | Start: [0.71965271 0.32279115 0.41      ] | Goal: [0.71965271 0.32279115 0.55      ] | DriftLimit: 0.0486 | FloorLimit: 0.4671 ---
2026-04-24 00:34:13,184 - [ENV] - TERMINATED (Ascend): Tube Drift = 0.0508m (Max 0.0486m) at step 6
2026-04-24 00:34:13,184 - [ENV] - Episode ended without success at step 6. Final dist: 0.1380m
2026-04-24 00:34:13,185 - [ENV] - --- EPISODE START | Scenario: ASCEND | Start: [0.98978136 0.34956602 0.41      ] | Goal: [0.98978136 0.34956602 0.55      ] | DriftLimit: 0.0486 | FloorLimit: 0.4671 ---
2026-04-24 00:34:13,362 - [ENV] - TERMINATED (Ascend): Tube Drift = 0.0583m (Max 0.0486m) at step 2
2026-04-24 00:34:13,363 - [ENV] - Episode ended without success at step 2. Final dist: 0.1116m
2026-04-24 00:34:13,364 - [ENV] - --- EPISODE START | Scenario: DESCEND | Start: [0.61340005 0.09464706 0.55      ] | Goal: [0.61340005 0.09464706 0.415     ] | DriftLimit: 0.0486 | FloorLimit: 0.4671 ---
2026-04-24 00:34:13,688 - [ENV] - SUCCESS: Goal reached in 8 steps. Dist = 0.0097m
2026-04-24 00:34:13,689 - [ENV] - --- EPISODE START | Scenario: ASCEND | Start: [1.08920669 0.35129689 0.41      ] | Goal: [1.08920669 0.35129689 0.55      ] | DriftLimit: 0.0486 | FloorLimit: 0.4671 ---
2026-04-24 00:34:13,856 - [ENV] - TERMINATED (Ascend): Tube Drift = 0.0574m (Max 0.0486m) at step 2
2026-04-24 00:34:13,856 - [ENV] - Episode ended without success at step 2. Final dist: 0.1085m
2026-04-24 00:34:13,857 - [ENV] - --- EPISODE START | Scenario: ASCEND | Start: [1.06316288 0.53479276 0.41      ] | Goal: [1.06316288 0.53479276 0.55      ] | DriftLimit: 0.0486 | FloorLimit: 0.4671 ---
2026-04-24 00:34:14,079 - [ENV] - TERMINATED (Ascend): Tube Drift = 0.0596m (Max 0.0486m) at step 2
2026-04-24 00:34:14,079 - [ENV] - Episode ended without success at step 2. Final dist: 0.1097m
2026-04-24 00:34:14,081 - [ENV] - --- EPISODE START | Scenario: DESCEND | Start: [0.87025745 0.11593677 0.55      ] | Goal: [0.87025745 0.11593677 0.41      ] | DriftLimit: 0.0486 | FloorLimit: 0.4671 ---
2026-04-24 00:34:15,139 - [ENV] - SUCCESS: Goal reached in 12 steps. Dist = 0.0096m
2026-04-24 00:34:15,141 - [ENV] - --- EPISODE START | Scenario: TRANSIT | Start: [1.06707945 0.35406026 0.55      ] | Goal: [0.65470665 0.44169758 0.55      ] | DriftLimit: 0.0486 | FloorLimit: 0.4672 ---
2026-04-24 00:34:15,954 - [ENV] - SUCCESS: Goal reached in 21 steps. Dist = 0.0090m
2026-04-24 00:34:15,955 - [ENV] - --- EPISODE START | Scenario: DESCEND | Start: [0.62189185 0.22377633 0.55      ] | Goal: [0.62189185 0.22377633 0.415     ] | DriftLimit: 0.0485 | FloorLimit: 0.4672 ---
2026-04-24 00:34:16,624 - [ENV] - SUCCESS: Goal reached in 20 steps. Dist = 0.0099m
2026-04-24 00:34:16,625 - [ENV] - --- EPISODE START | Scenario: DESCEND | Start: [0.82331581 0.42840913 0.55      ] | Goal: [0.82331581 0.42840913 0.415     ] | DriftLimit: 0.0485 | FloorLimit: 0.4672 ---
2026-04-24 00:34:16,818 - [ENV] - SUCCESS: Goal reached in 3 steps. Dist = 0.0094m
2026-04-24 00:34:16,818 - [ENV] - --- EPISODE START | Scenario: TRANSIT | Start: [1.13051671 0.00586432 0.55      ] | Goal: [0.95494152 0.42027315 0.55      ] | DriftLimit: 0.0485 | FloorLimit: 0.4672 ---
2026-04-24 00:34:18,154 - [ENV] - SUCCESS: Goal reached in 36 steps. Dist = 0.0093m
2026-04-24 00:34:18,154 - [ENV] - --- EPISODE START | Scenario: DESCEND | Start: [0.9649965  0.33700064 0.55      ] | Goal: [0.9649965  0.33700064 0.415     ] | DriftLimit: 0.0485 | FloorLimit: 0.4672 ---
2026-04-24 00:34:18,362 - [ENV] - SUCCESS: Goal reached in 4 steps. Dist = 0.0041m
2026-04-24 00:34:18,363 - [ENV] - --- EPISODE START | Scenario: ASCEND | Start: [1.09084032 0.32353323 0.41      ] | Goal: [1.09084032 0.32353323 0.55      ] | DriftLimit: 0.0485 | FloorLimit: 0.4672 ---
2026-04-24 00:34:18,582 - [ENV] - TERMINATED (Ascend): Tube Drift = 0.0634m (Max 0.0485m) at step 2
2026-04-24 00:34:18,582 - [ENV] - Episode ended without success at step 2. Final dist: 0.1127m
2026-04-24 00:34:18,583 - [ENV] - --- EPISODE START | Scenario: DESCEND | Start: [0.95005947 0.0370818  0.55      ] | Goal: [0.95005947 0.0370818  0.415     ] | DriftLimit: 0.0485 | FloorLimit: 0.4672 ---
2026-04-24 00:34:18,785 - [ENV] - SUCCESS: Goal reached in 4 steps. Dist = 0.0095m
2026-04-24 00:34:18,786 - [ENV] - --- EPISODE START | Scenario: DESCEND | Start: [0.62974006 0.06823364 0.55      ] | Goal: [0.62974006 0.06823364 0.41      ] | DriftLimit: 0.0485 | FloorLimit: 0.4672 ---
2026-04-24 00:34:19,067 - [ENV] - SUCCESS: Goal reached in 7 steps. Dist = 0.0095m
2026-04-24 00:34:19,068 - [ENV] - --- EPISODE START | Scenario: TRANSIT | Start: [0.82967369 0.32488956 0.55      ] | Goal: [0.72991971 0.26306383 0.55      ] | DriftLimit: 0.0485 | FloorLimit: 0.4672 ---
2026-04-24 00:34:19,482 - [ENV] - TERMINATED (Transit): Floor collision. Z = 0.4662m (Min 0.467m) at step 12
2026-04-24 00:34:19,482 - [ENV] - Episode ended without success at step 12. Final dist: 0.0867m
2026-04-24 00:34:19,483 - [ENV] - --- EPISODE START | Scenario: DESCEND | Start: [1.1038938  0.47908642 0.55      ] | Goal: [1.1038938  0.47908642 0.415     ] | DriftLimit: 0.0485 | FloorLimit: 0.4672 ---
2026-04-24 00:34:19,690 - [ENV] - SUCCESS: Goal reached in 4 steps. Dist = 0.0089m
2026-04-24 00:34:19,691 - [ENV] - --- EPISODE START | Scenario: ASCEND | Start: [0.71002367 0.16968201 0.41      ] | Goal: [0.71002367 0.16968201 0.55      ] | DriftLimit: 0.0485 | FloorLimit: 0.4672 ---
2026-04-24 00:34:19,962 - [ENV] - TERMINATED (Ascend): Tube Drift = 0.0787m (Max 0.0485m) at step 3
2026-04-24 00:34:19,962 - [ENV] - Episode ended without success at step 3. Final dist: 0.1054m
2026-04-24 00:34:19,964 - [ENV] - --- EPISODE START | Scenario: TRANSIT | Start: [0.78787516 0.44079251 0.55      ] | Goal: [0.64693117 0.1756123  0.55      ] | DriftLimit: 0.0485 | FloorLimit: 0.4672 ---
2026-04-24 00:34:21,423 - [ENV] - SUCCESS: Goal reached in 21 steps. Dist = 0.0090m
2026-04-24 00:34:21,424 - [ENV] - --- EPISODE START | Scenario: DESCEND | Start: [0.92068352 0.50014142 0.55      ] | Goal: [0.92068352 0.50014142 0.415     ] | DriftLimit: 0.0485 | FloorLimit: 0.4672 ---
2026-04-24 00:34:21,620 - [ENV] - SUCCESS: Goal reached in 4 steps. Dist = 0.0053m
2026-04-24 00:34:21,621 - [ENV] - --- EPISODE START | Scenario: DESCEND | Start: [0.8466493  0.21219403 0.55      ] | Goal: [0.8466493  0.21219403 0.415     ] | DriftLimit: 0.0485 | FloorLimit: 0.4672 ---
2026-04-24 00:34:21,818 - [ENV] - SUCCESS: Goal reached in 3 steps. Dist = 0.0062m
2026-04-24 00:34:21,819 - [ENV] - --- EPISODE START | Scenario: ASCEND | Start: [0.86124235 0.44816025 0.41      ] | Goal: [0.86124235 0.44816025 0.55      ] | DriftLimit: 0.0485 | FloorLimit: 0.4672 ---
2026-04-24 00:34:22,044 - [ENV] - TERMINATED (Ascend): Tube Drift = 0.0591m (Max 0.0485m) at step 2
2026-04-24 00:34:22,044 - [ENV] - Episode ended without success at step 2. Final dist: 0.1179m
2026-04-24 00:34:22,045 - [ENV] - --- EPISODE START | Scenario: ASCEND | Start: [0.72477488 0.1313935  0.41      ] | Goal: [0.72477488 0.1313935  0.55      ] | DriftLimit: 0.0485 | FloorLimit: 0.4672 ---
2026-04-24 00:34:22,367 - [ENV] - TERMINATED (Ascend): Tube Drift = 0.0659m (Max 0.0484m) at step 3
2026-04-24 00:34:22,367 - [ENV] - Episode ended without success at step 3. Final dist: 0.1362m
2026-04-24 00:34:22,368 - [ENV] - --- EPISODE START | Scenario: ASCEND | Start: [0.9072008  0.19376603 0.41      ] | Goal: [0.9072008  0.19376603 0.55      ] | DriftLimit: 0.0484 | FloorLimit: 0.4672 ---
2026-04-24 00:34:22,602 - [ENV] - TERMINATED (Ascend): Tube Drift = 0.0570m (Max 0.0484m) at step 2
2026-04-24 00:34:22,602 - [ENV] - Episode ended without success at step 2. Final dist: 0.1143m
2026-04-24 00:34:22,604 - [ENV] - --- EPISODE START | Scenario: TRANSIT | Start: [1.03794389 0.48121113 0.55      ] | Goal: [1.05632705 0.11925055 0.55      ] | DriftLimit: 0.0484 | FloorLimit: 0.4672 ---
2026-04-24 00:34:23,787 - [ENV] - SUCCESS: Goal reached in 29 steps. Dist = 0.0100m
2026-04-24 00:34:23,787 - [ENV] - --- EPISODE START | Scenario: DESCEND | Start: [0.67393527 0.24247806 0.55      ] | Goal: [0.67393527 0.24247806 0.415     ] | DriftLimit: 0.0484 | FloorLimit: 0.4672 ---
2026-04-24 00:34:24,019 - [ENV] - SUCCESS: Goal reached in 4 steps. Dist = 0.0096m
2026-04-24 00:34:24,020 - [ENV] - --- EPISODE START | Scenario: TRANSIT | Start: [0.65540263 0.26886423 0.55      ] | Goal: [1.10161832 0.33960453 0.55      ] | DriftLimit: 0.0484 | FloorLimit: 0.4672 ---
2026-04-24 00:34:31,375 - [ENV] - --- EPISODE START | Scenario: DESCEND | Start: [1.04173495 0.44495289 0.55      ] | Goal: [1.04173495 0.44495289 0.41      ] | DriftLimit: 0.0483 | FloorLimit: 0.4673 ---
2026-04-24 00:34:38,702 - [ENV] - --- EPISODE START | Scenario: ASCEND | Start: [0.62801065 0.14353118 0.41      ] | Goal: [0.62801065 0.14353118 0.55      ] | DriftLimit: 0.0482 | FloorLimit: 0.4674 ---
2026-04-24 00:34:39,741 - [ENV] - TERMINATED (Ascend): Tube Drift = 0.0619m (Max 0.0481m) at step 25
2026-04-24 00:34:39,741 - [ENV] - Episode ended without success at step 25. Final dist: 0.1108m
2026-04-24 00:34:39,742 - [ENV] - --- EPISODE START | Scenario: TRANSIT | Start: [1.05701876 0.00289683 0.55      ] | Goal: [0.91967813 0.10979138 0.55      ] | DriftLimit: 0.0481 | FloorLimit: 0.4674 ---
2026-04-24 00:34:40,067 - [ENV] - SUCCESS: Goal reached in 7 steps. Dist = 0.0094m
2026-04-24 00:34:40,068 - [ENV] - --- EPISODE START | Scenario: DESCEND | Start: [0.70566854 0.03422302 0.55      ] | Goal: [0.70566854 0.03422302 0.415     ] | DriftLimit: 0.0481 | FloorLimit: 0.4674 ---
2026-04-24 00:34:41,072 - [ENV] - SUCCESS: Goal reached in 26 steps. Dist = 0.0099m
2026-04-24 00:34:41,073 - [ENV] - --- EPISODE START | Scenario: DESCEND | Start: [ 0.93059319 -0.01118255  0.55      ] | Goal: [ 0.93059319 -0.01118255  0.415     ] | DriftLimit: 0.0481 | FloorLimit: 0.4674 ---
2026-04-24 00:34:41,342 - [ENV] - SUCCESS: Goal reached in 6 steps. Dist = 0.0069m
2026-04-24 00:34:41,342 - [ENV] - --- EPISODE START | Scenario: ASCEND | Start: [0.72505782 0.34564467 0.41      ] | Goal: [0.72505782 0.34564467 0.55      ] | DriftLimit: 0.0481 | FloorLimit: 0.4674 ---
2026-04-24 00:34:41,562 - [ENV] - TERMINATED (Ascend): Tube Drift = 0.0488m (Max 0.0481m) at step 2
2026-04-24 00:34:41,562 - [ENV] - Episode ended without success at step 2. Final dist: 0.1339m
2026-04-24 00:34:41,562 - [ENV] - --- EPISODE START | Scenario: TRANSIT | Start: [0.82756525 0.34965072 0.55      ] | Goal: [0.8110794 0.1157049 0.55     ] | DriftLimit: 0.0481 | FloorLimit: 0.4674 ---
2026-04-24 00:34:43,096 - [ENV] - SUCCESS: Goal reached in 20 steps. Dist = 0.0095m
2026-04-24 00:34:43,097 - [ENV] - --- EPISODE START | Scenario: DESCEND | Start: [0.75021336 0.37841092 0.55      ] | Goal: [0.75021336 0.37841092 0.415     ] | DriftLimit: 0.0481 | FloorLimit: 0.4674 ---
2026-04-24 00:34:50,342 - [ENV] - --- EPISODE START | Scenario: ASCEND | Start: [0.94900053 0.03763493 0.41      ] | Goal: [0.94900053 0.03763493 0.55      ] | DriftLimit: 0.0480 | FloorLimit: 0.4675 ---
2026-04-24 00:34:50,515 - [ENV] - TERMINATED (Ascend): Tube Drift = 0.0582m (Max 0.0480m) at step 2
2026-04-24 00:34:50,516 - [ENV] - Episode ended without success at step 2. Final dist: 0.1117m
2026-04-24 00:34:50,517 - [ENV] - --- EPISODE START | Scenario: ASCEND | Start: [0.67653943 0.20477003 0.41      ] | Goal: [0.67653943 0.20477003 0.55      ] | DriftLimit: 0.0480 | FloorLimit: 0.4675 ---
2026-04-24 00:34:50,941 - [ENV] - TERMINATED (Ascend): Tube Drift = 0.0488m (Max 0.0480m) at step 6
2026-04-24 00:34:50,941 - [ENV] - Episode ended without success at step 6. Final dist: 0.1334m
2026-04-24 00:34:50,941 - [ENV] - --- EPISODE START | Scenario: ASCEND | Start: [0.98244002 0.18983878 0.41      ] | Goal: [0.98244002 0.18983878 0.55      ] | DriftLimit: 0.0480 | FloorLimit: 0.4675 ---
2026-04-24 00:34:51,117 - [ENV] - TERMINATED (Ascend): Tube Drift = 0.0614m (Max 0.0480m) at step 2
2026-04-24 00:34:51,117 - [ENV] - Episode ended without success at step 2. Final dist: 0.1120m
2026-04-24 00:34:51,118 - [ENV] - --- EPISODE START | Scenario: DESCEND | Start: [0.64658425 0.07651717 0.55      ] | Goal: [0.64658425 0.07651717 0.41      ] | DriftLimit: 0.0480 | FloorLimit: 0.4675 ---
2026-04-24 00:34:51,450 - [ENV] - SUCCESS: Goal reached in 7 steps. Dist = 0.0082m
2026-04-24 00:34:51,451 - [ENV] - --- EPISODE START | Scenario: TRANSIT | Start: [0.81368896 0.16495105 0.55      ] | Goal: [1.02297947 0.41035417 0.55      ] | DriftLimit: 0.0480 | FloorLimit: 0.4675 ---
2026-04-24 00:34:58,158 - [ENV] - --- EPISODE START | Scenario: TRANSIT | Start: [1.00766883 0.5318875  0.55      ] | Goal: [1.04994493 0.40469982 0.55      ] | DriftLimit: 0.0478 | FloorLimit: 0.4675 ---
2026-04-24 00:34:59,698 - [ENV] - SUCCESS: Goal reached in 43 steps. Dist = 0.0095m
2026-04-24 00:34:59,698 - [ENV] - --- EPISODE START | Scenario: TRANSIT | Start: [0.8691372  0.04462249 0.55      ] | Goal: [1.09883474 0.35235057 0.55      ] | DriftLimit: 0.0478 | FloorLimit: 0.4676 ---
2026-04-24 00:35:06,390 - [ENV] - --- EPISODE START | Scenario: DESCEND | Start: [0.80428038 0.3951418  0.55      ] | Goal: [0.80428038 0.3951418  0.415     ] | DriftLimit: 0.0477 | FloorLimit: 0.4676 ---
2026-04-24 00:35:06,593 - [ENV] - SUCCESS: Goal reached in 3 steps. Dist = 0.0090m
2026-04-24 00:35:06,593 - [ENV] - --- EPISODE START | Scenario: TRANSIT | Start: [1.08762966 0.0327735  0.55      ] | Goal: [0.88656074 0.04488521 0.55      ] | DriftLimit: 0.0477 | FloorLimit: 0.4676 ---
2026-04-24 00:35:07,451 - [ENV] - SUCCESS: Goal reached in 22 steps. Dist = 0.0099m
2026-04-24 00:35:07,452 - [ENV] - --- EPISODE START | Scenario: DESCEND | Start: [1.03581609 0.23687372 0.55      ] | Goal: [1.03581609 0.23687372 0.41      ] | DriftLimit: 0.0477 | FloorLimit: 0.4676 ---
2026-04-24 00:35:07,711 - [ENV] - SUCCESS: Goal reached in 5 steps. Dist = 0.0097m
2026-04-24 00:35:07,711 - [ENV] - --- EPISODE START | Scenario: ASCEND | Start: [0.80139315 0.2176287  0.41      ] | Goal: [0.80139315 0.2176287  0.55      ] | DriftLimit: 0.0477 | FloorLimit: 0.4676 ---
2026-04-24 00:35:07,981 - [ENV] - TERMINATED (Ascend): Tube Drift = 0.0638m (Max 0.0477m) at step 3
2026-04-24 00:35:07,982 - [ENV] - Episode ended without success at step 3. Final dist: 0.1360m
2026-04-24 00:35:07,983 - [ENV] - --- EPISODE START | Scenario: ASCEND | Start: [0.82750777 0.35393227 0.41      ] | Goal: [0.82750777 0.35393227 0.55      ] | DriftLimit: 0.0477 | FloorLimit: 0.4676 ---
2026-04-24 00:35:08,339 - [ENV] - TERMINATED (Ascend): Tube Drift = 0.0553m (Max 0.0476m) at step 3
2026-04-24 00:35:08,339 - [ENV] - Episode ended without success at step 3. Final dist: 0.1316m
2026-04-24 00:35:08,340 - [ENV] - --- EPISODE START | Scenario: ASCEND | Start: [0.61591061 0.30456805 0.41      ] | Goal: [0.61591061 0.30456805 0.55      ] | DriftLimit: 0.0476 | FloorLimit: 0.4676 ---
2026-04-24 00:35:09,561 - [ENV] - TERMINATED (Ascend): Tube Drift = 0.0481m (Max 0.0476m) at step 24
2026-04-24 00:35:09,561 - [ENV] - Episode ended without success at step 24. Final dist: 0.1346m
2026-04-24 00:35:09,562 - [ENV] - --- EPISODE START | Scenario: DESCEND | Start: [0.91438091 0.25702387 0.55      ] | Goal: [0.91438091 0.25702387 0.415     ] | DriftLimit: 0.0476 | FloorLimit: 0.4677 ---
2026-04-24 00:35:09,919 - [ENV] - SUCCESS: Goal reached in 5 steps. Dist = 0.0085m
2026-04-24 00:35:09,920 - [ENV] - --- EPISODE START | Scenario: ASCEND | Start: [0.88354969 0.14011261 0.41      ] | Goal: [0.88354969 0.14011261 0.55      ] | DriftLimit: 0.0476 | FloorLimit: 0.4677 ---
2026-04-24 00:35:10,100 - [ENV] - TERMINATED (Ascend): Tube Drift = 0.0586m (Max 0.0476m) at step 2
2026-04-24 00:35:10,100 - [ENV] - Episode ended without success at step 2. Final dist: 0.1133m
2026-04-24 00:35:10,101 - [ENV] - --- EPISODE START | Scenario: TRANSIT | Start: [1.15106784 0.46774434 0.55      ] | Goal: [0.92727776 0.10372273 0.55      ] | DriftLimit: 0.0476 | FloorLimit: 0.4677 ---
2026-04-24 00:35:11,358 - [ENV] - SUCCESS: Goal reached in 24 steps. Dist = 0.0095m
2026-04-24 00:35:11,359 - [ENV] - --- EPISODE START | Scenario: TRANSIT | Start: [0.89203904 0.07396559 0.55      ] | Goal: [0.63927256 0.54220172 0.55      ] | DriftLimit: 0.0476 | FloorLimit: 0.4677 ---
2026-04-24 00:35:12,104 - [ENV] - SUCCESS: Goal reached in 22 steps. Dist = 0.0073m
2026-04-24 00:35:12,104 - [ENV] - --- EPISODE START | Scenario: TRANSIT | Start: [0.92911302 0.07913612 0.55      ] | Goal: [1.08099883 0.25405117 0.55      ] | DriftLimit: 0.0476 | FloorLimit: 0.4677 ---
2026-04-24 00:35:15,281 - [ENV] - SUCCESS: Goal reached in 81 steps. Dist = 0.0099m
2026-04-24 00:35:15,282 - [ENV] - --- EPISODE START | Scenario: DESCEND | Start: [1.12681467 0.07654348 0.55      ] | Goal: [1.12681467 0.07654348 0.41      ] | DriftLimit: 0.0475 | FloorLimit: 0.4677 ---
2026-04-24 00:35:15,475 - [ENV] - SUCCESS: Goal reached in 4 steps. Dist = 0.0097m
2026-04-24 00:35:15,476 - [ENV] - --- EPISODE START | Scenario: DESCEND | Start: [ 0.97268376 -0.0046753   0.55      ] | Goal: [ 0.97268376 -0.0046753   0.415     ] | DriftLimit: 0.0475 | FloorLimit: 0.4677 ---
2026-04-24 00:35:15,743 - [ENV] - SUCCESS: Goal reached in 7 steps. Dist = 0.0075m
2026-04-24 00:35:15,744 - [ENV] - --- EPISODE START | Scenario: TRANSIT | Start: [0.82703846 0.22805183 0.55      ] | Goal: [0.97674536 0.08654728 0.55      ] | DriftLimit: 0.0475 | FloorLimit: 0.4677 ---
2026-04-24 00:35:18,689 - [ENV] - SUCCESS: Goal reached in 78 steps. Dist = 0.0096m
2026-04-24 00:35:18,690 - [ENV] - --- EPISODE START | Scenario: ASCEND | Start: [0.74466369 0.4762166  0.41      ] | Goal: [0.74466369 0.4762166  0.55      ] | DriftLimit: 0.0475 | FloorLimit: 0.4677 ---
2026-04-24 00:35:18,902 - [ENV] - TERMINATED (Ascend): Tube Drift = 0.0551m (Max 0.0475m) at step 2
2026-04-24 00:35:18,902 - [ENV] - Episode ended without success at step 2. Final dist: 0.1278m
2026-04-24 00:35:18,903 - [ENV] - --- EPISODE START | Scenario: ASCEND | Start: [1.13526501 0.05943628 0.41      ] | Goal: [1.13526501 0.05943628 0.55      ] | DriftLimit: 0.0475 | FloorLimit: 0.4677 ---
2026-04-24 00:35:19,127 - [ENV] - TERMINATED (Ascend): Tube Drift = 0.0605m (Max 0.0475m) at step 2
2026-04-24 00:35:19,127 - [ENV] - Episode ended without success at step 2. Final dist: 0.1093m
2026-04-24 00:35:19,129 - [ENV] - --- EPISODE START | Scenario: TRANSIT | Start: [0.76591507 0.00371691 0.55      ] | Goal: [1.01536618 0.32342683 0.55      ] | DriftLimit: 0.0475 | FloorLimit: 0.4677 ---
2026-04-24 00:35:25,979 - [ENV] - --- EPISODE START | Scenario: TRANSIT | Start: [0.73468245 0.32024785 0.55      ] | Goal: [0.98317909 0.47583934 0.55      ] | DriftLimit: 0.0473 | FloorLimit: 0.4678 ---
2026-04-24 00:35:27,636 - [ENV] - SUCCESS: Goal reached in 47 steps. Dist = 0.0100m
2026-04-24 00:35:27,637 - [ENV] - --- EPISODE START | Scenario: TRANSIT | Start: [0.71236468 0.19802138 0.55      ] | Goal: [0.66096258 0.29108888 0.55      ] | DriftLimit: 0.0473 | FloorLimit: 0.4678 ---
2026-04-24 00:35:28,365 - [ENV] - TERMINATED (Transit): Floor collision. Z = 0.4627m (Min 0.468m) at step 10
2026-04-24 00:35:28,365 - [ENV] - Episode ended without success at step 10. Final dist: 0.0951m
2026-04-24 00:35:28,366 - [ENV] - --- EPISODE START | Scenario: DESCEND | Start: [0.73326438 0.36446141 0.55      ] | Goal: [0.73326438 0.36446141 0.415     ] | DriftLimit: 0.0473 | FloorLimit: 0.4678 ---
2026-04-24 00:35:34,792 - [ENV] - --- EPISODE START | Scenario: ASCEND | Start: [0.76990527 0.24988918 0.41      ] | Goal: [0.76990527 0.24988918 0.55      ] | DriftLimit: 0.0472 | FloorLimit: 0.4679 ---
2026-04-24 00:35:35,084 - [ENV] - TERMINATED (Ascend): Tube Drift = 0.0643m (Max 0.0472m) at step 3
2026-04-24 00:35:35,085 - [ENV] - Episode ended without success at step 3. Final dist: 0.1311m
2026-04-24 00:35:35,085 - [ENV] - --- EPISODE START | Scenario: ASCEND | Start: [0.94511544 0.22153084 0.41      ] | Goal: [0.94511544 0.22153084 0.55      ] | DriftLimit: 0.0472 | FloorLimit: 0.4679 ---
2026-04-24 00:35:35,356 - [ENV] - TERMINATED (Ascend): Tube Drift = 0.0592m (Max 0.0472m) at step 2
2026-04-24 00:35:35,357 - [ENV] - Episode ended without success at step 2. Final dist: 0.1123m
2026-04-24 00:35:35,358 - [ENV] - --- EPISODE START | Scenario: DESCEND | Start: [0.79419589 0.05693402 0.55      ] | Goal: [0.79419589 0.05693402 0.415     ] | DriftLimit: 0.0472 | FloorLimit: 0.4679 ---
2026-04-24 00:35:35,804 - [ENV] - SUCCESS: Goal reached in 5 steps. Dist = 0.0085m
2026-04-24 00:35:35,805 - [ENV] - --- EPISODE START | Scenario: ASCEND | Start: [0.614179   0.17524429 0.41      ] | Goal: [0.614179   0.17524429 0.55      ] | DriftLimit: 0.0472 | FloorLimit: 0.4679 ---
2026-04-24 00:35:37,409 - [ENV] - TERMINATED (Ascend): Tube Drift = 0.0527m (Max 0.0471m) at step 31
2026-04-24 00:35:37,409 - [ENV] - Episode ended without success at step 31. Final dist: 0.1501m
2026-04-24 00:35:37,410 - [ENV] - --- EPISODE START | Scenario: DESCEND | Start: [1.03606088 0.1065942  0.55      ] | Goal: [1.03606088 0.1065942  0.415     ] | DriftLimit: 0.0471 | FloorLimit: 0.4679 ---
2026-04-24 00:35:37,633 - [ENV] - SUCCESS: Goal reached in 4 steps. Dist = 0.0072m
2026-04-24 00:35:37,634 - [ENV] - --- EPISODE START | Scenario: TRANSIT | Start: [0.81697414 0.54258869 0.55      ] | Goal: [0.71184352 0.38100862 0.55      ] | DriftLimit: 0.0471 | FloorLimit: 0.4679 ---
2026-04-24 00:35:38,166 - [ENV] - SUCCESS: Goal reached in 9 steps. Dist = 0.0084m
2026-04-24 00:35:38,167 - [ENV] - --- EPISODE START | Scenario: DESCEND | Start: [0.64894676 0.46076034 0.55      ] | Goal: [0.64894676 0.46076034 0.41      ] | DriftLimit: 0.0471 | FloorLimit: 0.4679 ---
2026-04-24 00:36:12,933 - [ENV] - --- EPISODE START | Scenario: TRANSIT | Start: [1.03811644 0.0453123  0.55      ] | Goal: [1.12884328 0.1371842  0.55      ] | DriftLimit: 0.0470 | FloorLimit: 0.4680 ---
2026-04-24 00:36:18,811 - [ENV] - --- EPISODE START | Scenario: TRANSIT | Start: [1.03437441 0.18968653 0.55      ] | Goal: [0.97381702 0.08034693 0.55      ] | DriftLimit: 0.0469 | FloorLimit: 0.4681 ---
2026-04-24 00:36:19,638 - [ENV] - SUCCESS: Goal reached in 24 steps. Dist = 0.0093m
2026-04-24 00:36:19,639 - [ENV] - --- EPISODE START | Scenario: ASCEND | Start: [0.7051502  0.36329086 0.41      ] | Goal: [0.7051502  0.36329086 0.55      ] | DriftLimit: 0.0469 | FloorLimit: 0.4681 ---
2026-04-24 00:36:19,885 - [ENV] - TERMINATED (Ascend): Tube Drift = 0.0510m (Max 0.0469m) at step 2
2026-04-24 00:36:19,886 - [ENV] - Episode ended without success at step 2. Final dist: 0.1257m
2026-04-24 00:36:19,887 - [ENV] - --- EPISODE START | Scenario: TRANSIT | Start: [0.62247058 0.13013944 0.55      ] | Goal: [0.91877519 0.04824927 0.55      ] | DriftLimit: 0.0469 | FloorLimit: 0.4681 ---
2026-04-24 00:36:21,162 - [ENV] - SUCCESS: Goal reached in 37 steps. Dist = 0.0098m
2026-04-24 00:36:21,163 - [ENV] - --- EPISODE START | Scenario: ASCEND | Start: [0.82548471 0.1456425  0.41      ] | Goal: [0.82548471 0.1456425  0.55      ] | DriftLimit: 0.0468 | FloorLimit: 0.4681 ---
2026-04-24 00:36:21,338 - [ENV] - TERMINATED (Ascend): Tube Drift = 0.0545m (Max 0.0468m) at step 2
2026-04-24 00:36:21,339 - [ENV] - Episode ended without success at step 2. Final dist: 0.1116m
2026-04-24 00:36:21,340 - [ENV] - --- EPISODE START | Scenario: ASCEND | Start: [0.85041142 0.49950136 0.41      ] | Goal: [0.85041142 0.49950136 0.55      ] | DriftLimit: 0.0468 | FloorLimit: 0.4681 ---
2026-04-24 00:36:21,523 - [ENV] - TERMINATED (Ascend): Tube Drift = 0.0599m (Max 0.0468m) at step 2
2026-04-24 00:36:21,523 - [ENV] - Episode ended without success at step 2. Final dist: 0.1159m
2026-04-24 00:36:21,524 - [ENV] - --- EPISODE START | Scenario: DESCEND | Start: [0.81110656 0.12984386 0.55      ] | Goal: [0.81110656 0.12984386 0.41      ] | DriftLimit: 0.0468 | FloorLimit: 0.4681 ---
2026-04-24 00:36:24,671 - [ENV] - SUCCESS: Goal reached in 80 steps. Dist = 0.0099m
2026-04-24 00:36:24,672 - [ENV] - --- EPISODE START | Scenario: ASCEND | Start: [0.819278   0.01625281 0.41      ] | Goal: [0.819278   0.01625281 0.55      ] | DriftLimit: 0.0468 | FloorLimit: 0.4681 ---
2026-04-24 00:36:24,809 - [ENV] - TERMINATED (Ascend): Tube Drift = 0.0590m (Max 0.0468m) at step 2
2026-04-24 00:36:24,809 - [ENV] - Episode ended without success at step 2. Final dist: 0.1136m
2026-04-24 00:36:24,810 - [ENV] - --- EPISODE START | Scenario: DESCEND | Start: [1.00598227 0.38495703 0.55      ] | Goal: [1.00598227 0.38495703 0.415     ] | DriftLimit: 0.0468 | FloorLimit: 0.4681 ---
2026-04-24 00:36:25,293 - [ENV] - SUCCESS: Goal reached in 5 steps. Dist = 0.0092m
2026-04-24 00:36:25,294 - [ENV] - --- EPISODE START | Scenario: ASCEND | Start: [0.85704898 0.16295704 0.41      ] | Goal: [0.85704898 0.16295704 0.55      ] | DriftLimit: 0.0468 | FloorLimit: 0.4681 ---
2026-04-24 00:36:25,558 - [ENV] - TERMINATED (Ascend): Tube Drift = 0.0512m (Max 0.0468m) at step 2
2026-04-24 00:36:25,558 - [ENV] - Episode ended without success at step 2. Final dist: 0.1189m
2026-04-24 00:36:25,559 - [ENV] - --- EPISODE START | Scenario: DESCEND | Start: [0.60439705 0.23377448 0.55      ] | Goal: [0.60439705 0.23377448 0.41      ] | DriftLimit: 0.0468 | FloorLimit: 0.4681 ---
2026-04-24 00:36:31,359 - [ENV] - --- EPISODE START | Scenario: DESCEND | Start: [1.03492425 0.19623711 0.55      ] | Goal: [1.03492425 0.19623711 0.415     ] | DriftLimit: 0.0466 | FloorLimit: 0.4682 ---
2026-04-24 00:36:31,654 - [ENV] - SUCCESS: Goal reached in 5 steps. Dist = 0.0065m
2026-04-24 00:36:31,654 - [ENV] - --- EPISODE START | Scenario: TRANSIT | Start: [0.67510075 0.39689986 0.55      ] | Goal: [0.80088871 0.37014759 0.55      ] | DriftLimit: 0.0466 | FloorLimit: 0.4682 ---
2026-04-24 00:36:31,838 - [ENV] - SUCCESS: Goal reached in 4 steps. Dist = 0.0095m
2026-04-24 00:36:31,839 - [ENV] - --- EPISODE START | Scenario: TRANSIT | Start: [0.69922512 0.46575797 0.55      ] | Goal: [1.14699723 0.37959413 0.55      ] | DriftLimit: 0.0466 | FloorLimit: 0.4682 ---
2026-04-24 00:36:37,506 - [ENV] - --- EPISODE START | Scenario: TRANSIT | Start: [0.65849036 0.18736396 0.55      ] | Goal: [0.67362397 0.37284252 0.55      ] | DriftLimit: 0.0465 | FloorLimit: 0.4683 ---
2026-04-24 00:36:38,137 - [ENV] - TERMINATED (Transit): Floor collision. Z = 0.4674m (Min 0.468m) at step 19
2026-04-24 00:36:38,137 - [ENV] - Episode ended without success at step 19. Final dist: 0.0829m
2026-04-24 00:36:38,138 - [ENV] - --- EPISODE START | Scenario: TRANSIT | Start: [0.60043902 0.10474288 0.55      ] | Goal: [0.62601189 0.52957216 0.55      ] | DriftLimit: 0.0465 | FloorLimit: 0.4683 ---
2026-04-24 00:36:45,120 - [ENV] - --- EPISODE START | Scenario: TRANSIT | Start: [0.78038523 0.03648493 0.55      ] | Goal: [0.99830728 0.20483273 0.55      ] | DriftLimit: 0.0463 | FloorLimit: 0.4684 ---
2026-04-24 00:36:52,118 - [ENV] - --- EPISODE START | Scenario: TRANSIT | Start: [1.03916988 0.43255214 0.55      ] | Goal: [0.88585931 0.22459659 0.55      ] | DriftLimit: 0.0462 | FloorLimit: 0.4684 ---
2026-04-24 00:36:53,099 - [ENV] - SUCCESS: Goal reached in 14 steps. Dist = 0.0099m
2026-04-24 00:36:53,100 - [ENV] - --- EPISODE START | Scenario: ASCEND | Start: [0.96127171 0.32875805 0.41      ] | Goal: [0.96127171 0.32875805 0.55      ] | DriftLimit: 0.0462 | FloorLimit: 0.4684 ---
2026-04-24 00:36:53,468 - [ENV] - TERMINATED (Ascend): Tube Drift = 0.0591m (Max 0.0462m) at step 4
2026-04-24 00:36:53,468 - [ENV] - Episode ended without success at step 4. Final dist: 0.0717m
2026-04-24 00:36:53,469 - [ENV] - --- EPISODE START | Scenario: ASCEND | Start: [0.99059381 0.16148242 0.41      ] | Goal: [0.99059381 0.16148242 0.55      ] | DriftLimit: 0.0462 | FloorLimit: 0.4684 ---
2026-04-24 00:36:53,662 - [ENV] - TERMINATED (Ascend): Tube Drift = 0.0615m (Max 0.0462m) at step 2
2026-04-24 00:36:53,663 - [ENV] - Episode ended without success at step 2. Final dist: 0.1115m
2026-04-24 00:36:53,664 - [ENV] - --- EPISODE START | Scenario: DESCEND | Start: [1.02703129 0.33028372 0.55      ] | Goal: [1.02703129 0.33028372 0.41      ] | DriftLimit: 0.0462 | FloorLimit: 0.4684 ---
2026-04-24 00:36:54,004 - [ENV] - SUCCESS: Goal reached in 7 steps. Dist = 0.0097m
2026-04-24 00:36:54,004 - [ENV] - --- EPISODE START | Scenario: ASCEND | Start: [0.79079722 0.04594727 0.41      ] | Goal: [0.79079722 0.04594727 0.55      ] | DriftLimit: 0.0462 | FloorLimit: 0.4684 ---
2026-04-24 00:36:54,188 - [ENV] - TERMINATED (Ascend): Tube Drift = 0.0544m (Max 0.0462m) at step 2
2026-04-24 00:36:54,188 - [ENV] - Episode ended without success at step 2. Final dist: 0.1182m
2026-04-24 00:36:54,190 - [ENV] - --- EPISODE START | Scenario: DESCEND | Start: [1.06034459 0.0357566  0.55      ] | Goal: [1.06034459 0.0357566  0.415     ] | DriftLimit: 0.0462 | FloorLimit: 0.4684 ---
2026-04-24 00:36:55,455 - [ENV] - SUCCESS: Goal reached in 28 steps. Dist = 0.0096m
2026-04-24 00:36:55,456 - [ENV] - --- EPISODE START | Scenario: ASCEND | Start: [0.94713388 0.00538202 0.41      ] | Goal: [0.94713388 0.00538202 0.55      ] | DriftLimit: 0.0462 | FloorLimit: 0.4684 ---
2026-04-24 00:36:55,703 - [ENV] - TERMINATED (Ascend): Tube Drift = 0.0548m (Max 0.0462m) at step 2
2026-04-24 00:36:55,704 - [ENV] - Episode ended without success at step 2. Final dist: 0.1114m
2026-04-24 00:36:55,705 - [ENV] - --- EPISODE START | Scenario: ASCEND | Start: [0.6572371  0.30895265 0.41      ] | Goal: [0.6572371  0.30895265 0.55      ] | DriftLimit: 0.0462 | FloorLimit: 0.4684 ---
2026-04-24 00:36:56,144 - [ENV] - TERMINATED (Ascend): Tube Drift = 0.0493m (Max 0.0462m) at step 5
2026-04-24 00:36:56,144 - [ENV] - Episode ended without success at step 5. Final dist: 0.1359m
2026-04-24 00:36:56,145 - [ENV] - --- EPISODE START | Scenario: DESCEND | Start: [1.00605396 0.39096631 0.55      ] | Goal: [1.00605396 0.39096631 0.41      ] | DriftLimit: 0.0462 | FloorLimit: 0.4685 ---
2026-04-24 00:36:56,615 - [ENV] - SUCCESS: Goal reached in 9 steps. Dist = 0.0099m
2026-04-24 00:36:56,616 - [ENV] - --- EPISODE START | Scenario: TRANSIT | Start: [0.65743259 0.32624678 0.55      ] | Goal: [0.76718357 0.0864262  0.55      ] | DriftLimit: 0.0462 | FloorLimit: 0.4685 ---
2026-04-24 00:36:57,152 - [ENV] - SUCCESS: Goal reached in 12 steps. Dist = 0.0099m
2026-04-24 00:36:57,153 - [ENV] - --- EPISODE START | Scenario: ASCEND | Start: [0.97662561 0.33804615 0.41      ] | Goal: [0.97662561 0.33804615 0.55      ] | DriftLimit: 0.0462 | FloorLimit: 0.4685 ---
2026-04-24 00:36:57,506 - [ENV] - TERMINATED (Ascend): Tube Drift = 0.0551m (Max 0.0462m) at step 2
2026-04-24 00:36:57,507 - [ENV] - Episode ended without success at step 2. Final dist: 0.1105m
2026-04-24 00:36:57,508 - [ENV] - --- EPISODE START | Scenario: ASCEND | Start: [0.60273014 0.4029264  0.41      ] | Goal: [0.60273014 0.4029264  0.55      ] | DriftLimit: 0.0462 | FloorLimit: 0.4685 ---
2026-04-24 00:36:57,910 - [ENV] - TERMINATED (Ascend): Tube Drift = 0.0661m (Max 0.0462m) at step 2
2026-04-24 00:36:57,910 - [ENV] - Episode ended without success at step 2. Final dist: 0.1298m
2026-04-24 00:36:57,911 - [ENV] - --- EPISODE START | Scenario: DESCEND | Start: [0.98862605 0.26755103 0.55      ] | Goal: [0.98862605 0.26755103 0.41      ] | DriftLimit: 0.0462 | FloorLimit: 0.4685 ---
2026-04-24 00:37:00,988 - [ENV] - SUCCESS: Goal reached in 39 steps. Dist = 0.0099m
2026-04-24 00:37:00,989 - [ENV] - --- EPISODE START | Scenario: TRANSIT | Start: [0.67601612 0.48162097 0.55      ] | Goal: [0.70337609 0.12005944 0.55      ] | DriftLimit: 0.0461 | FloorLimit: 0.4685 ---
2026-04-24 00:37:01,854 - [ENV] - SUCCESS: Goal reached in 21 steps. Dist = 0.0093m
2026-04-24 00:37:01,855 - [ENV] - --- EPISODE START | Scenario: DESCEND | Start: [0.75095723 0.14137181 0.55      ] | Goal: [0.75095723 0.14137181 0.415     ] | DriftLimit: 0.0461 | FloorLimit: 0.4685 ---
2026-04-24 00:37:02,026 - [ENV] - SUCCESS: Goal reached in 3 steps. Dist = 0.0081m
2026-04-24 00:37:02,026 - [ENV] - --- EPISODE START | Scenario: TRANSIT | Start: [1.06731593 0.50007582 0.55      ] | Goal: [0.6342858  0.49769187 0.55      ] | DriftLimit: 0.0461 | FloorLimit: 0.4685 ---
2026-04-24 00:37:08,165 - [ENV] - --- EPISODE START | Scenario: ASCEND | Start: [0.72280947 0.37474433 0.41      ] | Goal: [0.72280947 0.37474433 0.55      ] | DriftLimit: 0.0460 | FloorLimit: 0.4686 ---
2026-04-24 00:37:08,334 - [ENV] - TERMINATED (Ascend): Tube Drift = 0.0574m (Max 0.0460m) at step 2
2026-04-24 00:37:08,334 - [ENV] - Episode ended without success at step 2. Final dist: 0.1261m
2026-04-24 00:37:08,335 - [ENV] - --- EPISODE START | Scenario: DESCEND | Start: [1.09657707 0.334782   0.55      ] | Goal: [1.09657707 0.334782   0.415     ] | DriftLimit: 0.0460 | FloorLimit: 0.4686 ---
2026-04-24 00:37:15,511 - [ENV] - --- EPISODE START | Scenario: DESCEND | Start: [1.11629935 0.50167619 0.55      ] | Goal: [1.11629935 0.50167619 0.415     ] | DriftLimit: 0.0459 | FloorLimit: 0.4686 ---
2026-04-24 00:37:15,721 - [ENV] - SUCCESS: Goal reached in 4 steps. Dist = 0.0094m
2026-04-24 00:37:15,722 - [ENV] - --- EPISODE START | Scenario: DESCEND | Start: [0.60374074 0.40293663 0.55      ] | Goal: [0.60374074 0.40293663 0.415     ] | DriftLimit: 0.0458 | FloorLimit: 0.4686 ---
2026-04-24 00:37:22,762 - [ENV] - --- EPISODE START | Scenario: DESCEND | Start: [1.04573529 0.02964506 0.55      ] | Goal: [1.04573529 0.02964506 0.41      ] | DriftLimit: 0.0457 | FloorLimit: 0.4687 ---
2026-04-24 00:37:23,381 - [ENV] - SUCCESS: Goal reached in 17 steps. Dist = 0.0099m
2026-04-24 00:37:23,382 - [ENV] - --- EPISODE START | Scenario: ASCEND | Start: [0.84850761 0.06934625 0.41      ] | Goal: [0.84850761 0.06934625 0.55      ] | DriftLimit: 0.0457 | FloorLimit: 0.4687 ---
2026-04-24 00:37:23,545 - [ENV] - TERMINATED (Ascend): Tube Drift = 0.0567m (Max 0.0457m) at step 2
2026-04-24 00:37:23,545 - [ENV] - Episode ended without success at step 2. Final dist: 0.1142m
2026-04-24 00:37:23,546 - [ENV] - --- EPISODE START | Scenario: DESCEND | Start: [0.94203195 0.28674794 0.55      ] | Goal: [0.94203195 0.28674794 0.415     ] | DriftLimit: 0.0457 | FloorLimit: 0.4687 ---
2026-04-24 00:37:23,833 - [ENV] - SUCCESS: Goal reached in 6 steps. Dist = 0.0081m
2026-04-24 00:37:23,834 - [ENV] - --- EPISODE START | Scenario: TRANSIT | Start: [1.0238938  0.28213408 0.55      ] | Goal: [0.76639145 0.10399002 0.55      ] | DriftLimit: 0.0457 | FloorLimit: 0.4687 ---
2026-04-24 00:37:24,508 - [ENV] - SUCCESS: Goal reached in 16 steps. Dist = 0.0089m
2026-04-24 00:37:24,509 - [ENV] - --- EPISODE START | Scenario: ASCEND | Start: [0.77473888 0.24817794 0.41      ] | Goal: [0.77473888 0.24817794 0.55      ] | DriftLimit: 0.0457 | FloorLimit: 0.4687 ---
2026-04-24 00:37:24,748 - [ENV] - TERMINATED (Ascend): Tube Drift = 0.0633m (Max 0.0457m) at step 3
2026-04-24 00:37:24,748 - [ENV] - Episode ended without success at step 3. Final dist: 0.1312m
2026-04-24 00:37:24,748 - [ENV] - --- EPISODE START | Scenario: ASCEND | Start: [0.62874013 0.17484285 0.41      ] | Goal: [0.62874013 0.17484285 0.55      ] | DriftLimit: 0.0457 | FloorLimit: 0.4687 ---
2026-04-24 00:37:25,250 - [ENV] - TERMINATED (Ascend): Tube Drift = 0.0470m (Max 0.0457m) at step 10
2026-04-24 00:37:25,251 - [ENV] - Episode ended without success at step 10. Final dist: 0.0808m
2026-04-24 00:37:25,251 - [ENV] - --- EPISODE START | Scenario: ASCEND | Start: [0.71911883 0.31836387 0.41      ] | Goal: [0.71911883 0.31836387 0.55      ] | DriftLimit: 0.0457 | FloorLimit: 0.4687 ---
2026-04-24 00:37:25,546 - [ENV] - TERMINATED (Ascend): Tube Drift = 0.0478m (Max 0.0457m) at step 6
2026-04-24 00:37:25,547 - [ENV] - Episode ended without success at step 6. Final dist: 0.1366m
2026-04-24 00:37:25,547 - [ENV] - --- EPISODE START | Scenario: ASCEND | Start: [0.99153839 0.47011797 0.41      ] | Goal: [0.99153839 0.47011797 0.55      ] | DriftLimit: 0.0457 | FloorLimit: 0.4687 ---
2026-04-24 00:37:25,706 - [ENV] - TERMINATED (Ascend): Tube Drift = 0.0605m (Max 0.0457m) at step 2
2026-04-24 00:37:25,707 - [ENV] - Episode ended without success at step 2. Final dist: 0.1112m
2026-04-24 00:37:25,708 - [ENV] - --- EPISODE START | Scenario: TRANSIT | Start: [1.15029554 0.1793647  0.55      ] | Goal: [0.85514135 0.15767086 0.55      ] | DriftLimit: 0.0457 | FloorLimit: 0.4687 ---
2026-04-24 00:37:27,828 - [ENV] - SUCCESS: Goal reached in 56 steps. Dist = 0.0100m
2026-04-24 00:37:27,829 - [ENV] - --- EPISODE START | Scenario: DESCEND | Start: [ 0.63718951 -0.00371686  0.55      ] | Goal: [ 0.63718951 -0.00371686  0.41      ] | DriftLimit: 0.0456 | FloorLimit: 0.4687 ---
2026-04-24 00:37:33,288 - [ENV] - --- EPISODE START | Scenario: ASCEND | Start: [0.61637257 0.16964439 0.41      ] | Goal: [0.61637257 0.16964439 0.55      ] | DriftLimit: 0.0455 | FloorLimit: 0.4688 ---
2026-04-24 00:37:33,928 - [ENV] - SUCCESS: Goal reached in 16 steps. Dist = 0.0066m
2026-04-24 00:37:33,928 - [ENV] - --- EPISODE START | Scenario: DESCEND | Start: [1.08042432 0.53173106 0.55      ] | Goal: [1.08042432 0.53173106 0.415     ] | DriftLimit: 0.0455 | FloorLimit: 0.4688 ---
2026-04-24 00:37:34,125 - [ENV] - SUCCESS: Goal reached in 4 steps. Dist = 0.0073m
2026-04-24 00:37:34,126 - [ENV] - --- EPISODE START | Scenario: TRANSIT | Start: [0.79906069 0.42615414 0.55      ] | Goal: [1.06761467 0.24577582 0.55      ] | DriftLimit: 0.0455 | FloorLimit: 0.4688 ---
2026-04-24 00:37:40,442 - [ENV] - --- EPISODE START | Scenario: ASCEND | Start: [0.88432784 0.44148784 0.41      ] | Goal: [0.88432784 0.44148784 0.55      ] | DriftLimit: 0.0454 | FloorLimit: 0.4689 ---
2026-04-24 00:37:40,612 - [ENV] - TERMINATED (Ascend): Tube Drift = 0.0537m (Max 0.0454m) at step 2
2026-04-24 00:37:40,612 - [ENV] - Episode ended without success at step 2. Final dist: 0.1145m
2026-04-24 00:37:40,614 - [ENV] - --- EPISODE START | Scenario: ASCEND | Start: [0.97833717 0.50831734 0.41      ] | Goal: [0.97833717 0.50831734 0.55      ] | DriftLimit: 0.0454 | FloorLimit: 0.4689 ---
2026-04-24 00:37:40,776 - [ENV] - TERMINATED (Ascend): Tube Drift = 0.0630m (Max 0.0454m) at step 2
2026-04-24 00:37:40,776 - [ENV] - Episode ended without success at step 2. Final dist: 0.1117m
2026-04-24 00:37:40,777 - [ENV] - --- EPISODE START | Scenario: ASCEND | Start: [ 1.06664068 -0.00221368  0.41      ] | Goal: [ 1.06664068 -0.00221368  0.55      ] | DriftLimit: 0.0454 | FloorLimit: 0.4689 ---
2026-04-24 00:37:40,916 - [ENV] - TERMINATED (Ascend): Tube Drift = 0.0604m (Max 0.0454m) at step 2
2026-04-24 00:37:40,916 - [ENV] - Episode ended without success at step 2. Final dist: 0.1082m
2026-04-24 00:37:40,917 - [ENV] - --- EPISODE START | Scenario: ASCEND | Start: [0.99456825 0.44788661 0.41      ] | Goal: [0.99456825 0.44788661 0.55      ] | DriftLimit: 0.0454 | FloorLimit: 0.4689 ---
2026-04-24 00:37:41,098 - [ENV] - TERMINATED (Ascend): Tube Drift = 0.0589m (Max 0.0454m) at step 2
2026-04-24 00:37:41,099 - [ENV] - Episode ended without success at step 2. Final dist: 0.1105m
2026-04-24 00:37:41,100 - [ENV] - --- EPISODE START | Scenario: TRANSIT | Start: [0.73647123 0.17276656 0.55      ] | Goal: [1.06313629 0.14474402 0.55      ] | DriftLimit: 0.0454 | FloorLimit: 0.4689 ---
2026-04-24 00:37:43,323 - [ENV] - SUCCESS: Goal reached in 56 steps. Dist = 0.0097m
2026-04-24 00:37:43,323 - [ENV] - --- EPISODE START | Scenario: TRANSIT | Start: [0.72162397 0.21656569 0.55      ] | Goal: [0.83405508 0.05823552 0.55      ] | DriftLimit: 0.0453 | FloorLimit: 0.4689 ---
2026-04-24 00:37:44,005 - [ENV] - SUCCESS: Goal reached in 16 steps. Dist = 0.0087m
2026-04-24 00:37:44,005 - [ENV] - --- EPISODE START | Scenario: DESCEND | Start: [1.11059614 0.37049271 0.55      ] | Goal: [1.11059614 0.37049271 0.41      ] | DriftLimit: 0.0453 | FloorLimit: 0.4689 ---
2026-04-24 00:37:44,529 - [ENV] - SUCCESS: Goal reached in 12 steps. Dist = 0.0097m
2026-04-24 00:37:44,529 - [ENV] - --- EPISODE START | Scenario: TRANSIT | Start: [1.14463263 0.01541165 0.55      ] | Goal: [1.04701855 0.2105806  0.55      ] | DriftLimit: 0.0453 | FloorLimit: 0.4689 ---
2026-04-24 00:37:51,245 - [ENV] - --- EPISODE START | Scenario: ASCEND | Start: [1.07646295 0.48416975 0.41      ] | Goal: [1.07646295 0.48416975 0.55      ] | DriftLimit: 0.0452 | FloorLimit: 0.4690 ---
2026-04-24 00:38:24,034 - [ENV] - TERMINATED (Ascend): Tube Drift = 0.0591m (Max 0.0452m) at step 2
2026-04-24 00:38:24,034 - [ENV] - Episode ended without success at step 2. Final dist: 0.1102m
2026-04-24 00:38:24,035 - [ENV] - --- EPISODE START | Scenario: TRANSIT | Start: [0.65803015 0.32005036 0.55      ] | Goal: [0.94927183 0.16163415 0.55      ] | DriftLimit: 0.0452 | FloorLimit: 0.4690 ---
2026-04-24 00:38:26,214 - [ENV] - SUCCESS: Goal reached in 70 steps. Dist = 0.0096m
2026-04-24 00:38:26,215 - [ENV] - --- EPISODE START | Scenario: ASCEND | Start: [1.07784367 0.39862151 0.41      ] | Goal: [1.07784367 0.39862151 0.55      ] | DriftLimit: 0.0451 | FloorLimit: 0.4690 ---
2026-04-24 00:38:26,371 - [ENV] - TERMINATED (Ascend): Tube Drift = 0.0600m (Max 0.0451m) at step 2
2026-04-24 00:38:26,372 - [ENV] - Episode ended without success at step 2. Final dist: 0.1106m
2026-04-24 00:38:26,373 - [ENV] - --- EPISODE START | Scenario: ASCEND | Start: [1.03327752 0.11558536 0.41      ] | Goal: [1.03327752 0.11558536 0.55      ] | DriftLimit: 0.0451 | FloorLimit: 0.4690 ---
2026-04-24 00:38:26,581 - [ENV] - TERMINATED (Ascend): Tube Drift = 0.0603m (Max 0.0451m) at step 2
2026-04-24 00:38:26,582 - [ENV] - Episode ended without success at step 2. Final dist: 0.1090m
2026-04-24 00:38:26,583 - [ENV] - --- EPISODE START | Scenario: DESCEND | Start: [0.73102717 0.22848637 0.55      ] | Goal: [0.73102717 0.22848637 0.41      ] | DriftLimit: 0.0451 | FloorLimit: 0.4690 ---
2026-04-24 00:38:26,848 - [ENV] - SUCCESS: Goal reached in 5 steps. Dist = 0.0096m
2026-04-24 00:38:26,849 - [ENV] - --- EPISODE START | Scenario: TRANSIT | Start: [1.02361941 0.05097424 0.55      ] | Goal: [0.7489386  0.40723349 0.55      ] | DriftLimit: 0.0451 | FloorLimit: 0.4690 ---
2026-04-24 00:38:28,408 - [ENV] - SUCCESS: Goal reached in 43 steps. Dist = 0.0097m
2026-04-24 00:38:28,409 - [ENV] - --- EPISODE START | Scenario: DESCEND | Start: [0.62449352 0.15582396 0.55      ] | Goal: [0.62449352 0.15582396 0.415     ] | DriftLimit: 0.0451 | FloorLimit: 0.4690 ---
2026-04-24 00:38:29,191 - [ENV] - SUCCESS: Goal reached in 14 steps. Dist = 0.0084m
2026-04-24 00:38:29,192 - [ENV] - --- EPISODE START | Scenario: DESCEND | Start: [0.949226   0.41153088 0.55      ] | Goal: [0.949226   0.41153088 0.415     ] | DriftLimit: 0.0451 | FloorLimit: 0.4691 ---
2026-04-24 00:38:29,506 - [ENV] - SUCCESS: Goal reached in 4 steps. Dist = 0.0081m
2026-04-24 00:38:29,507 - [ENV] - --- EPISODE START | Scenario: TRANSIT | Start: [0.87110851 0.08672854 0.55      ] | Goal: [1.08557036 0.19203042 0.55      ] | DriftLimit: 0.0451 | FloorLimit: 0.4691 ---
2026-04-24 00:38:36,001 - [ENV] - --- EPISODE START | Scenario: ASCEND | Start: [0.69847497 0.20455887 0.41      ] | Goal: [0.69847497 0.20455887 0.55      ] | DriftLimit: 0.0449 | FloorLimit: 0.4691 ---
2026-04-24 00:38:36,387 - [ENV] - TERMINATED (Ascend): Tube Drift = 0.0451m (Max 0.0449m) at step 8
2026-04-24 00:38:36,387 - [ENV] - Episode ended without success at step 8. Final dist: 0.1102m
2026-04-24 00:38:36,388 - [ENV] - --- EPISODE START | Scenario: TRANSIT | Start: [0.64086396 0.02285752 0.55      ] | Goal: [1.03356349 0.1521671  0.55      ] | DriftLimit: 0.0449 | FloorLimit: 0.4691 ---
2026-04-24 00:38:36,959 - [ENV] - SUCCESS: Goal reached in 17 steps. Dist = 0.0098m
2026-04-24 00:38:36,960 - [ENV] - --- EPISODE START | Scenario: ASCEND | Start: [0.9416426  0.29739507 0.41      ] | Goal: [0.9416426  0.29739507 0.55      ] | DriftLimit: 0.0449 | FloorLimit: 0.4691 ---
2026-04-24 00:38:37,127 - [ENV] - TERMINATED (Ascend): Tube Drift = 0.0535m (Max 0.0449m) at step 2
2026-04-24 00:38:37,127 - [ENV] - Episode ended without success at step 2. Final dist: 0.1103m
2026-04-24 00:38:37,128 - [ENV] - --- EPISODE START | Scenario: ASCEND | Start: [0.82694178 0.25799799 0.41      ] | Goal: [0.82694178 0.25799799 0.55      ] | DriftLimit: 0.0449 | FloorLimit: 0.4691 ---
2026-04-24 00:38:37,422 - [ENV] - TERMINATED (Ascend): Tube Drift = 0.0563m (Max 0.0449m) at step 3
2026-04-24 00:38:37,422 - [ENV] - Episode ended without success at step 3. Final dist: 0.1299m
2026-04-24 00:38:37,423 - [ENV] - --- EPISODE START | Scenario: TRANSIT | Start: [1.01676899 0.517059   0.55      ] | Goal: [0.7163152  0.41097067 0.55      ] | DriftLimit: 0.0449 | FloorLimit: 0.4691 ---
2026-04-24 00:38:39,945 - [ENV] - SUCCESS: Goal reached in 70 steps. Dist = 0.0098m
2026-04-24 00:38:39,946 - [ENV] - --- EPISODE START | Scenario: TRANSIT | Start: [0.88484489 0.44759298 0.55      ] | Goal: [ 0.9338066  -0.00515945  0.55      ] | DriftLimit: 0.0449 | FloorLimit: 0.4692 ---
2026-04-24 00:38:43,297 - [ENV] - SUCCESS: Goal reached in 98 steps. Dist = 0.0098m
2026-04-24 00:38:43,298 - [ENV] - --- EPISODE START | Scenario: ASCEND | Start: [0.93756472 0.21814727 0.41      ] | Goal: [0.93756472 0.21814727 0.55      ] | DriftLimit: 0.0448 | FloorLimit: 0.4692 ---
2026-04-24 00:38:43,466 - [ENV] - TERMINATED (Ascend): Tube Drift = 0.0598m (Max 0.0448m) at step 2
2026-04-24 00:38:43,466 - [ENV] - Episode ended without success at step 2. Final dist: 0.1116m
2026-04-24 00:38:43,467 - [ENV] - --- EPISODE START | Scenario: ASCEND | Start: [0.76880224 0.21355961 0.41      ] | Goal: [0.76880224 0.21355961 0.55      ] | DriftLimit: 0.0448 | FloorLimit: 0.4692 ---
2026-04-24 00:38:43,678 - [ENV] - TERMINATED (Ascend): Tube Drift = 0.0470m (Max 0.0448m) at step 2
2026-04-24 00:38:43,679 - [ENV] - Episode ended without success at step 2. Final dist: 0.1278m
2026-04-24 00:38:43,680 - [ENV] - --- EPISODE START | Scenario: TRANSIT | Start: [0.86944007 0.04262491 0.55      ] | Goal: [0.68385532 0.46078542 0.55      ] | DriftLimit: 0.0448 | FloorLimit: 0.4692 ---
2026-04-24 00:38:49,024 - [ENV] - --- EPISODE START | Scenario: DESCEND | Start: [0.64603499 0.14315087 0.55      ] | Goal: [0.64603499 0.14315087 0.41      ] | DriftLimit: 0.0447 | FloorLimit: 0.4693 ---
2026-04-24 00:38:54,737 - [ENV] - --- EPISODE START | Scenario: ASCEND | Start: [1.11052837 0.02624421 0.41      ] | Goal: [1.11052837 0.02624421 0.55      ] | DriftLimit: 0.0445 | FloorLimit: 0.4693 ---
2026-04-24 00:38:54,924 - [ENV] - TERMINATED (Ascend): Tube Drift = 0.0626m (Max 0.0445m) at step 2
2026-04-24 00:38:54,924 - [ENV] - Episode ended without success at step 2. Final dist: 0.1105m
2026-04-24 00:38:54,925 - [ENV] - --- EPISODE START | Scenario: DESCEND | Start: [0.64076303 0.36686093 0.55      ] | Goal: [0.64076303 0.36686093 0.41      ] | DriftLimit: 0.0445 | FloorLimit: 0.4693 ---
2026-04-24 00:39:01,040 - [ENV] - --- EPISODE START | Scenario: DESCEND | Start: [1.10601476 0.53356656 0.55      ] | Goal: [1.10601476 0.53356656 0.41      ] | DriftLimit: 0.0444 | FloorLimit: 0.4694 ---
2026-04-24 00:39:01,511 - [ENV] - SUCCESS: Goal reached in 13 steps. Dist = 0.0096m
2026-04-24 00:39:01,512 - [ENV] - --- EPISODE START | Scenario: ASCEND | Start: [0.9124905  0.49667289 0.41      ] | Goal: [0.9124905  0.49667289 0.55      ] | DriftLimit: 0.0444 | FloorLimit: 0.4694 ---
2026-04-24 00:39:01,644 - [ENV] - TERMINATED (Ascend): Tube Drift = 0.0644m (Max 0.0444m) at step 2
2026-04-24 00:39:01,644 - [ENV] - Episode ended without success at step 2. Final dist: 0.1131m
2026-04-24 00:39:01,645 - [ENV] - --- EPISODE START | Scenario: DESCEND | Start: [0.61489354 0.36843119 0.55      ] | Goal: [0.61489354 0.36843119 0.41      ] | DriftLimit: 0.0444 | FloorLimit: 0.4694 ---
2026-04-24 00:39:02,094 - [ENV] - TERMINATED (Descend): Tube Drift = 0.0452m (Max 0.0444m) at step 11
2026-04-24 00:39:02,095 - [ENV] - Episode ended without success at step 11. Final dist: 0.0462m
2026-04-24 00:39:02,095 - [ENV] - --- EPISODE START | Scenario: DESCEND | Start: [0.87423346 0.11975651 0.55      ] | Goal: [0.87423346 0.11975651 0.415     ] | DriftLimit: 0.0444 | FloorLimit: 0.4694 ---
2026-04-24 00:39:02,549 - [ENV] - SUCCESS: Goal reached in 13 steps. Dist = 0.0095m
2026-04-24 00:39:02,550 - [ENV] - --- EPISODE START | Scenario: ASCEND | Start: [0.64546847 0.50670759 0.41      ] | Goal: [0.64546847 0.50670759 0.55      ] | DriftLimit: 0.0444 | FloorLimit: 0.4694 ---
2026-04-24 00:39:02,708 - [ENV] - TERMINATED (Ascend): Tube Drift = 0.0749m (Max 0.0444m) at step 2
2026-04-24 00:39:02,708 - [ENV] - Episode ended without success at step 2. Final dist: 0.1253m
2026-04-24 00:39:02,709 - [ENV] - --- EPISODE START | Scenario: ASCEND | Start: [0.92594415 0.36543825 0.41      ] | Goal: [0.92594415 0.36543825 0.55      ] | DriftLimit: 0.0444 | FloorLimit: 0.4694 ---
2026-04-24 00:39:02,920 - [ENV] - TERMINATED (Ascend): Tube Drift = 0.0832m (Max 0.0444m) at step 2
2026-04-24 00:39:02,920 - [ENV] - Episode ended without success at step 2. Final dist: 0.1381m
2026-04-24 00:39:02,921 - [ENV] - --- EPISODE START | Scenario: DESCEND | Start: [0.78606181 0.14501897 0.55      ] | Goal: [0.78606181 0.14501897 0.415     ] | DriftLimit: 0.0444 | FloorLimit: 0.4694 ---
2026-04-24 00:39:03,169 - [ENV] - SUCCESS: Goal reached in 5 steps. Dist = 0.0095m
2026-04-24 00:39:03,169 - [ENV] - --- EPISODE START | Scenario: ASCEND | Start: [1.07300316 0.51065178 0.41      ] | Goal: [1.07300316 0.51065178 0.55      ] | DriftLimit: 0.0444 | FloorLimit: 0.4694 ---
2026-04-24 00:39:03,326 - [ENV] - TERMINATED (Ascend): Tube Drift = 0.0586m (Max 0.0444m) at step 2
2026-04-24 00:39:03,327 - [ENV] - Episode ended without success at step 2. Final dist: 0.1100m
2026-04-24 00:39:03,328 - [ENV] - --- EPISODE START | Scenario: DESCEND | Start: [1.02292577 0.25424679 0.55      ] | Goal: [1.02292577 0.25424679 0.41      ] | DriftLimit: 0.0444 | FloorLimit: 0.4694 ---
2026-04-24 00:39:09,012 - [ENV] - SUCCESS: Goal reached in 175 steps. Dist = 0.0098m
2026-04-24 00:39:09,013 - [ENV] - --- EPISODE START | Scenario: TRANSIT | Start: [1.06035948 0.30113353 0.55      ] | Goal: [0.88738197 0.03940933 0.55      ] | DriftLimit: 0.0442 | FloorLimit: 0.4695 ---
2026-04-24 00:39:09,752 - [ENV] - SUCCESS: Goal reached in 24 steps. Dist = 0.0099m
2026-04-24 00:39:09,753 - [ENV] - --- EPISODE START | Scenario: DESCEND | Start: [0.93702581 0.02774956 0.55      ] | Goal: [0.93702581 0.02774956 0.41      ] | DriftLimit: 0.0442 | FloorLimit: 0.4695 ---
2026-04-24 00:39:15,488 - [ENV] - --- EPISODE START | Scenario: ASCEND | Start: [0.90654213 0.29991877 0.41      ] | Goal: [0.90654213 0.29991877 0.55      ] | DriftLimit: 0.0441 | FloorLimit: 0.4696 ---
2026-04-24 00:39:15,627 - [ENV] - TERMINATED (Ascend): Tube Drift = 0.0551m (Max 0.0441m) at step 2
2026-04-24 00:39:15,627 - [ENV] - Episode ended without success at step 2. Final dist: 0.1097m
2026-04-24 00:39:15,628 - [ENV] - --- EPISODE START | Scenario: TRANSIT | Start: [0.9890027  0.29200627 0.55      ] | Goal: [0.90216423 0.0915933  0.55      ] | DriftLimit: 0.0441 | FloorLimit: 0.4696 ---
2026-04-24 00:39:15,971 - [ENV] - SUCCESS: Goal reached in 8 steps. Dist = 0.0087m
2026-04-24 00:39:15,971 - [ENV] - --- EPISODE START | Scenario: TRANSIT | Start: [0.72319331 0.45881103 0.55      ] | Goal: [0.95674475 0.14627358 0.55      ] | DriftLimit: 0.0441 | FloorLimit: 0.4696 ---
2026-04-24 00:39:22,172 - [ENV] - --- EPISODE START | Scenario: DESCEND | Start: [0.97468006 0.26083259 0.55      ] | Goal: [0.97468006 0.26083259 0.41      ] | DriftLimit: 0.0440 | FloorLimit: 0.4697 ---
2026-04-24 00:39:23,444 - [ENV] - SUCCESS: Goal reached in 37 steps. Dist = 0.0098m
2026-04-24 00:39:23,445 - [ENV] - --- EPISODE START | Scenario: TRANSIT | Start: [0.91747818 0.30169577 0.55      ] | Goal: [0.74292361 0.53902177 0.55      ] | DriftLimit: 0.0439 | FloorLimit: 0.4697 ---
2026-04-24 00:39:29,200 - [ENV] - --- EPISODE START | Scenario: TRANSIT | Start: [0.78912378 0.28329426 0.55      ] | Goal: [0.87599439 0.33331751 0.55      ] | DriftLimit: 0.0438 | FloorLimit: 0.4697 ---
2026-04-24 00:39:29,764 - [ENV] - SUCCESS: Goal reached in 14 steps. Dist = 0.0094m
2026-04-24 00:39:29,765 - [ENV] - --- EPISODE START | Scenario: ASCEND | Start: [0.70175769 0.05221547 0.41      ] | Goal: [0.70175769 0.05221547 0.55      ] | DriftLimit: 0.0438 | FloorLimit: 0.4698 ---
2026-04-24 00:39:29,921 - [ENV] - TERMINATED (Ascend): Tube Drift = 0.0549m (Max 0.0438m) at step 2
2026-04-24 00:39:29,921 - [ENV] - Episode ended without success at step 2. Final dist: 0.1282m
2026-04-24 00:39:29,923 - [ENV] - --- EPISODE START | Scenario: TRANSIT | Start: [0.68102477 0.18562052 0.55      ] | Goal: [0.96499641 0.17819054 0.55      ] | DriftLimit: 0.0438 | FloorLimit: 0.4698 ---
2026-04-24 00:39:35,511 - [ENV] - --- EPISODE START | Scenario: ASCEND | Start: [1.09276799 0.43087156 0.41      ] | Goal: [1.09276799 0.43087156 0.55      ] | DriftLimit: 0.0437 | FloorLimit: 0.4698 ---
2026-04-24 00:39:35,666 - [ENV] - TERMINATED (Ascend): Tube Drift = 0.0626m (Max 0.0437m) at step 2
2026-04-24 00:39:35,667 - [ENV] - Episode ended without success at step 2. Final dist: 0.1118m
2026-04-24 00:39:35,668 - [ENV] - --- EPISODE START | Scenario: ASCEND | Start: [0.65991082 0.3056405  0.41      ] | Goal: [0.65991082 0.3056405  0.55      ] | DriftLimit: 0.0437 | FloorLimit: 0.4698 ---
2026-04-24 00:39:36,354 - [ENV] - TERMINATED (Ascend): Tube Drift = 0.0462m (Max 0.0436m) at step 12
2026-04-24 00:39:36,354 - [ENV] - Episode ended without success at step 12. Final dist: 0.1394m
2026-04-24 00:39:36,355 - [ENV] - --- EPISODE START | Scenario: DESCEND | Start: [0.71271065 0.39130797 0.55      ] | Goal: [0.71271065 0.39130797 0.41      ] | DriftLimit: 0.0436 | FloorLimit: 0.4698 ---
2026-04-24 00:39:41,783 - [ENV] - --- EPISODE START | Scenario: ASCEND | Start: [1.02640363 0.03436921 0.41      ] | Goal: [1.02640363 0.03436921 0.55      ] | DriftLimit: 0.0435 | FloorLimit: 0.4699 ---
2026-04-24 00:39:41,958 - [ENV] - TERMINATED (Ascend): Tube Drift = 0.0652m (Max 0.0435m) at step 2
2026-04-24 00:39:41,958 - [ENV] - Episode ended without success at step 2. Final dist: 0.1119m
2026-04-24 00:39:41,959 - [ENV] - --- EPISODE START | Scenario: ASCEND | Start: [0.77945036 0.08381092 0.41      ] | Goal: [0.77945036 0.08381092 0.55      ] | DriftLimit: 0.0435 | FloorLimit: 0.4699 ---
2026-04-24 00:39:42,161 - [ENV] - TERMINATED (Ascend): Tube Drift = 0.0474m (Max 0.0435m) at step 2
2026-04-24 00:39:42,162 - [ENV] - Episode ended without success at step 2. Final dist: 0.1246m
2026-04-24 00:39:42,163 - [ENV] - --- EPISODE START | Scenario: ASCEND | Start: [0.68483195 0.17506209 0.41      ] | Goal: [0.68483195 0.17506209 0.55      ] | DriftLimit: 0.0435 | FloorLimit: 0.4699 ---
2026-04-24 00:39:42,821 - [ENV] - TERMINATED (Ascend): Tube Drift = 0.0502m (Max 0.0435m) at step 13
2026-04-24 00:39:42,822 - [ENV] - Episode ended without success at step 13. Final dist: 0.1301m
2026-04-24 00:39:42,822 - [ENV] - --- EPISODE START | Scenario: DESCEND | Start: [0.62593843 0.31723976 0.55      ] | Goal: [0.62593843 0.31723976 0.415     ] | DriftLimit: 0.0435 | FloorLimit: 0.4699 ---
2026-04-24 00:39:49,291 - [ENV] - --- EPISODE START | Scenario: TRANSIT | Start: [0.96964287 0.21559243 0.55      ] | Goal: [0.91399206 0.0116725  0.55      ] | DriftLimit: 0.0434 | FloorLimit: 0.4700 ---
2026-04-24 00:39:51,182 - [ENV] - SUCCESS: Goal reached in 58 steps. Dist = 0.0093m
2026-04-24 00:39:51,183 - [ENV] - --- EPISODE START | Scenario: ASCEND | Start: [1.14337757 0.5372944  0.41      ] | Goal: [1.14337757 0.5372944  0.55      ] | DriftLimit: 0.0433 | FloorLimit: 0.4700 ---
2026-04-24 00:39:51,371 - [ENV] - TERMINATED (Ascend): Tube Drift = 0.0543m (Max 0.0433m) at step 2
2026-04-24 00:39:51,372 - [ENV] - Episode ended without success at step 2. Final dist: 0.1070m
2026-04-24 00:39:51,373 - [ENV] - --- EPISODE START | Scenario: ASCEND | Start: [1.07002644 0.48419687 0.41      ] | Goal: [1.07002644 0.48419687 0.55      ] | DriftLimit: 0.0433 | FloorLimit: 0.4700 ---
2026-04-24 00:40:25,655 - [ENV] - TERMINATED (Ascend): Tube Drift = 0.0586m (Max 0.0433m) at step 2
2026-04-24 00:40:25,655 - [ENV] - Episode ended without success at step 2. Final dist: 0.1100m
2026-04-24 00:40:25,656 - [ENV] - --- EPISODE START | Scenario: DESCEND | Start: [0.68019438 0.21399626 0.55      ] | Goal: [0.68019438 0.21399626 0.415     ] | DriftLimit: 0.0433 | FloorLimit: 0.4700 ---
2026-04-24 00:40:26,114 - [ENV] - TERMINATED (Descend): Tube Drift = 0.0447m (Max 0.0433m) at step 7
2026-04-24 00:40:26,114 - [ENV] - Episode ended without success at step 7. Final dist: 0.0461m
2026-04-24 00:40:26,115 - [ENV] - --- EPISODE START | Scenario: DESCEND | Start: [0.63284235 0.27371537 0.55      ] | Goal: [0.63284235 0.27371537 0.415     ] | DriftLimit: 0.0433 | FloorLimit: 0.4700 ---
2026-04-24 00:40:31,798 - [ENV] - --- EPISODE START | Scenario: ASCEND | Start: [1.10278219 0.05225015 0.41      ] | Goal: [1.10278219 0.05225015 0.55      ] | DriftLimit: 0.0432 | FloorLimit: 0.4701 ---
2026-04-24 00:40:31,954 - [ENV] - TERMINATED (Ascend): Tube Drift = 0.0626m (Max 0.0432m) at step 2
2026-04-24 00:40:31,955 - [ENV] - Episode ended without success at step 2. Final dist: 0.1106m
2026-04-24 00:40:31,956 - [ENV] - --- EPISODE START | Scenario: TRANSIT | Start: [1.03676969 0.31606079 0.55      ] | Goal: [0.78845831 0.33716962 0.55      ] | DriftLimit: 0.0432 | FloorLimit: 0.4701 ---
2026-04-24 00:40:38,083 - [ENV] - --- EPISODE START | Scenario: TRANSIT | Start: [1.02703408 0.424743   0.55      ] | Goal: [0.96183289 0.14295073 0.55      ] | DriftLimit: 0.0431 | FloorLimit: 0.4701 ---
2026-04-24 00:40:38,567 - [ENV] - SUCCESS: Goal reached in 14 steps. Dist = 0.0097m
2026-04-24 00:40:38,567 - [ENV] - --- EPISODE START | Scenario: ASCEND | Start: [0.84560212 0.07204311 0.41      ] | Goal: [0.84560212 0.07204311 0.55      ] | DriftLimit: 0.0431 | FloorLimit: 0.4701 ---
2026-04-24 00:40:38,727 - [ENV] - TERMINATED (Ascend): Tube Drift = 0.0554m (Max 0.0431m) at step 2
2026-04-24 00:40:38,728 - [ENV] - Episode ended without success at step 2. Final dist: 0.1162m
2026-04-24 00:40:38,729 - [ENV] - --- EPISODE START | Scenario: DESCEND | Start: [0.9530991  0.33665903 0.55      ] | Goal: [0.9530991  0.33665903 0.41      ] | DriftLimit: 0.0431 | FloorLimit: 0.4702 ---
2026-04-24 00:40:44,812 - [ENV] - --- EPISODE START | Scenario: DESCEND | Start: [0.62263399 0.39681718 0.55      ] | Goal: [0.62263399 0.39681718 0.415     ] | DriftLimit: 0.0429 | FloorLimit: 0.4702 ---
2026-04-24 00:40:51,183 - [ENV] - --- EPISODE START | Scenario: TRANSIT | Start: [0.71776854 0.50364446 0.55      ] | Goal: [0.68117999 0.11375112 0.55      ] | DriftLimit: 0.0428 | FloorLimit: 0.4703 ---
2026-04-24 00:40:52,318 - [ENV] - SUCCESS: Goal reached in 32 steps. Dist = 0.0098m
2026-04-24 00:40:52,319 - [ENV] - --- EPISODE START | Scenario: DESCEND | Start: [ 0.72149145 -0.00122861  0.55      ] | Goal: [ 0.72149145 -0.00122861  0.41      ] | DriftLimit: 0.0428 | FloorLimit: 0.4703 ---
2026-04-24 00:40:52,680 - [ENV] - SUCCESS: Goal reached in 9 steps. Dist = 0.0099m
2026-04-24 00:40:52,681 - [ENV] - --- EPISODE START | Scenario: TRANSIT | Start: [0.61602686 0.3230041  0.55      ] | Goal: [1.00936181 0.39467928 0.55      ] | DriftLimit: 0.0428 | FloorLimit: 0.4703 ---
2026-04-24 00:40:59,915 - [ENV] - --- EPISODE START | Scenario: ASCEND | Start: [ 1.0276396  -0.00398346  0.41      ] | Goal: [ 1.0276396  -0.00398346  0.55      ] | DriftLimit: 0.0426 | FloorLimit: 0.4704 ---
2026-04-24 00:41:00,116 - [ENV] - TERMINATED (Ascend): Tube Drift = 0.0670m (Max 0.0426m) at step 2
2026-04-24 00:41:00,116 - [ENV] - Episode ended without success at step 2. Final dist: 0.1123m
2026-04-24 00:41:00,118 - [ENV] - --- EPISODE START | Scenario: TRANSIT | Start: [0.65082016 0.4614949  0.55      ] | Goal: [0.93336068 0.41207212 0.55      ] | DriftLimit: 0.0426 | FloorLimit: 0.4704 ---
2026-04-24 00:41:01,298 - [ENV] - SUCCESS: Goal reached in 29 steps. Dist = 0.0097m
2026-04-24 00:41:01,299 - [ENV] - --- EPISODE START | Scenario: DESCEND | Start: [0.76429205 0.07818033 0.55      ] | Goal: [0.76429205 0.07818033 0.415     ] | DriftLimit: 0.0426 | FloorLimit: 0.4704 ---
2026-04-24 00:41:01,624 - [ENV] - SUCCESS: Goal reached in 5 steps. Dist = 0.0087m
2026-04-24 00:41:01,625 - [ENV] - --- EPISODE START | Scenario: ASCEND | Start: [0.63277265 0.32374043 0.41      ] | Goal: [0.63277265 0.32374043 0.55      ] | DriftLimit: 0.0426 | FloorLimit: 0.4704 ---
2026-04-24 00:41:02,204 - [ENV] - TERMINATED (Ascend): Tube Drift = 0.0470m (Max 0.0426m) at step 6
2026-04-24 00:41:02,204 - [ENV] - Episode ended without success at step 6. Final dist: 0.1352m
2026-04-24 00:41:02,205 - [ENV] - --- EPISODE START | Scenario: ASCEND | Start: [1.00990674 0.09100256 0.41      ] | Goal: [1.00990674 0.09100256 0.55      ] | DriftLimit: 0.0426 | FloorLimit: 0.4704 ---
2026-04-24 00:41:02,362 - [ENV] - TERMINATED (Ascend): Tube Drift = 0.0627m (Max 0.0426m) at step 2
2026-04-24 00:41:02,362 - [ENV] - Episode ended without success at step 2. Final dist: 0.1110m
2026-04-24 00:41:02,363 - [ENV] - --- EPISODE START | Scenario: ASCEND | Start: [0.78431148 0.02347606 0.41      ] | Goal: [0.78431148 0.02347606 0.55      ] | DriftLimit: 0.0426 | FloorLimit: 0.4704 ---
2026-04-24 00:41:02,526 - [ENV] - TERMINATED (Ascend): Tube Drift = 0.0583m (Max 0.0426m) at step 2
2026-04-24 00:41:02,527 - [ENV] - Episode ended without success at step 2. Final dist: 0.1193m
2026-04-24 00:41:02,528 - [ENV] - --- EPISODE START | Scenario: TRANSIT | Start: [0.65202744 0.44176253 0.55      ] | Goal: [0.99400896 0.01251547 0.55      ] | DriftLimit: 0.0426 | FloorLimit: 0.4704 ---
2026-04-24 00:41:08,886 - [ENV] - --- EPISODE START | Scenario: DESCEND | Start: [0.9569007 0.0620179 0.55     ] | Goal: [0.9569007 0.0620179 0.415    ] | DriftLimit: 0.0425 | FloorLimit: 0.4705 ---
2026-04-24 00:41:09,383 - [ENV] - SUCCESS: Goal reached in 14 steps. Dist = 0.0098m
2026-04-24 00:41:09,384 - [ENV] - --- EPISODE START | Scenario: ASCEND | Start: [1.05133039 0.402496   0.41      ] | Goal: [1.05133039 0.402496   0.55      ] | DriftLimit: 0.0425 | FloorLimit: 0.4705 ---
2026-04-24 00:41:09,632 - [ENV] - TERMINATED (Ascend): Tube Drift = 0.0589m (Max 0.0425m) at step 2
2026-04-24 00:41:09,632 - [ENV] - Episode ended without success at step 2. Final dist: 0.1143m
2026-04-24 00:41:09,633 - [ENV] - --- EPISODE START | Scenario: ASCEND | Start: [1.01330637 0.01741509 0.41      ] | Goal: [1.01330637 0.01741509 0.55      ] | DriftLimit: 0.0425 | FloorLimit: 0.4705 ---
2026-04-24 00:41:09,801 - [ENV] - TERMINATED (Ascend): Tube Drift = 0.0657m (Max 0.0425m) at step 2
2026-04-24 00:41:09,801 - [ENV] - Episode ended without success at step 2. Final dist: 0.1122m
2026-04-24 00:41:09,802 - [ENV] - --- EPISODE START | Scenario: DESCEND | Start: [0.63926148 0.26608679 0.55      ] | Goal: [0.63926148 0.26608679 0.415     ] | DriftLimit: 0.0425 | FloorLimit: 0.4705 ---
2026-04-24 00:41:16,403 - [ENV] - --- EPISODE START | Scenario: TRANSIT | Start: [0.97555534 0.50834696 0.55      ] | Goal: [0.82778653 0.37071758 0.55      ] | DriftLimit: 0.0423 | FloorLimit: 0.4705 ---
2026-04-24 00:41:17,164 - [ENV] - SUCCESS: Goal reached in 20 steps. Dist = 0.0091m
2026-04-24 00:41:17,165 - [ENV] - --- EPISODE START | Scenario: ASCEND | Start: [0.69319436 0.02645368 0.41      ] | Goal: [0.69319436 0.02645368 0.55      ] | DriftLimit: 0.0423 | FloorLimit: 0.4706 ---
2026-04-24 00:41:17,315 - [ENV] - TERMINATED (Ascend): Tube Drift = 0.0633m (Max 0.0423m) at step 2
2026-04-24 00:41:17,316 - [ENV] - Episode ended without success at step 2. Final dist: 0.1290m
2026-04-24 00:41:17,317 - [ENV] - --- EPISODE START | Scenario: ASCEND | Start: [0.68188472 0.47651346 0.41      ] | Goal: [0.68188472 0.47651346 0.55      ] | DriftLimit: 0.0423 | FloorLimit: 0.4706 ---
2026-04-24 00:41:17,490 - [ENV] - TERMINATED (Ascend): Tube Drift = 0.0814m (Max 0.0423m) at step 2
2026-04-24 00:41:17,491 - [ENV] - Episode ended without success at step 2. Final dist: 0.1341m
2026-04-24 00:41:17,491 - [ENV] - --- EPISODE START | Scenario: ASCEND | Start: [0.90123666 0.07806349 0.41      ] | Goal: [0.90123666 0.07806349 0.55      ] | DriftLimit: 0.0423 | FloorLimit: 0.4706 ---
2026-04-24 00:41:17,672 - [ENV] - TERMINATED (Ascend): Tube Drift = 0.0661m (Max 0.0423m) at step 2
2026-04-24 00:41:17,672 - [ENV] - Episode ended without success at step 2. Final dist: 0.1164m
2026-04-24 00:41:17,674 - [ENV] - --- EPISODE START | Scenario: DESCEND | Start: [0.97554314 0.2273567  0.55      ] | Goal: [0.97554314 0.2273567  0.415     ] | DriftLimit: 0.0423 | FloorLimit: 0.4706 ---
2026-04-24 00:41:19,086 - [ENV] - SUCCESS: Goal reached in 43 steps. Dist = 0.0098m
2026-04-24 00:41:19,087 - [ENV] - --- EPISODE START | Scenario: ASCEND | Start: [1.08569386 0.35610215 0.41      ] | Goal: [1.08569386 0.35610215 0.55      ] | DriftLimit: 0.0423 | FloorLimit: 0.4706 ---
2026-04-24 00:41:19,289 - [ENV] - TERMINATED (Ascend): Tube Drift = 0.0588m (Max 0.0423m) at step 2
2026-04-24 00:41:19,289 - [ENV] - Episode ended without success at step 2. Final dist: 0.1093m
2026-04-24 00:41:19,290 - [ENV] - --- EPISODE START | Scenario: TRANSIT | Start: [0.63401699 0.1817837  0.55      ] | Goal: [0.82188562 0.31767036 0.55      ] | DriftLimit: 0.0423 | FloorLimit: 0.4706 ---
2026-04-24 00:41:19,635 - [ENV] - SUCCESS: Goal reached in 9 steps. Dist = 0.0095m
2026-04-24 00:41:19,635 - [ENV] - --- EPISODE START | Scenario: ASCEND | Start: [0.82247435 0.38556669 0.41      ] | Goal: [0.82247435 0.38556669 0.55      ] | DriftLimit: 0.0423 | FloorLimit: 0.4706 ---
2026-04-24 00:41:19,834 - [ENV] - TERMINATED (Ascend): Tube Drift = 0.0433m (Max 0.0423m) at step 2
2026-04-24 00:41:19,834 - [ENV] - Episode ended without success at step 2. Final dist: 0.1291m
2026-04-24 00:41:19,835 - [ENV] - --- EPISODE START | Scenario: DESCEND | Start: [0.75579471 0.14780248 0.55      ] | Goal: [0.75579471 0.14780248 0.415     ] | DriftLimit: 0.0423 | FloorLimit: 0.4706 ---
2026-04-24 00:41:20,181 - [ENV] - SUCCESS: Goal reached in 8 steps. Dist = 0.0099m
2026-04-24 00:41:20,182 - [ENV] - --- EPISODE START | Scenario: DESCEND | Start: [0.89856302 0.13055153 0.55      ] | Goal: [0.89856302 0.13055153 0.415     ] | DriftLimit: 0.0423 | FloorLimit: 0.4706 ---
2026-04-24 00:41:20,375 - [ENV] - SUCCESS: Goal reached in 5 steps. Dist = 0.0063m
2026-04-24 00:41:20,376 - [ENV] - --- EPISODE START | Scenario: TRANSIT | Start: [1.04803688 0.0556355  0.55      ] | Goal: [1.15023407 0.21602284 0.55      ] | DriftLimit: 0.0423 | FloorLimit: 0.4706 ---
2026-04-24 00:41:26,221 - [ENV] - --- EPISODE START | Scenario: DESCEND | Start: [0.98616785 0.4185757  0.55      ] | Goal: [0.98616785 0.4185757  0.41      ] | DriftLimit: 0.0421 | FloorLimit: 0.4707 ---
2026-04-24 00:41:27,934 - [ENV] - TERMINATED (Descend): Tube Drift = 0.0426m (Max 0.0421m) at step 51
2026-04-24 00:41:27,934 - [ENV] - Episode ended without success at step 51. Final dist: 0.0447m
2026-04-24 00:41:27,935 - [ENV] - --- EPISODE START | Scenario: TRANSIT | Start: [0.8864056  0.32592736 0.55      ] | Goal: [0.7730163  0.34723403 0.55      ] | DriftLimit: 0.0421 | FloorLimit: 0.4707 ---
2026-04-24 00:41:28,329 - [ENV] - SUCCESS: Goal reached in 9 steps. Dist = 0.0086m
2026-04-24 00:41:28,330 - [ENV] - --- EPISODE START | Scenario: ASCEND | Start: [0.82946121 0.37283876 0.41      ] | Goal: [0.82946121 0.37283876 0.55      ] | DriftLimit: 0.0421 | FloorLimit: 0.4707 ---
2026-04-24 00:41:28,626 - [ENV] - TERMINATED (Ascend): Tube Drift = 0.0473m (Max 0.0421m) at step 2
2026-04-24 00:41:28,626 - [ENV] - Episode ended without success at step 2. Final dist: 0.1304m
2026-04-24 00:41:28,627 - [ENV] - --- EPISODE START | Scenario: ASCEND | Start: [0.7322744  0.32522351 0.41      ] | Goal: [0.7322744  0.32522351 0.55      ] | DriftLimit: 0.0421 | FloorLimit: 0.4707 ---
2026-04-24 00:41:28,992 - [ENV] - TERMINATED (Ascend): Tube Drift = 0.0551m (Max 0.0421m) at step 2
2026-04-24 00:41:28,992 - [ENV] - Episode ended without success at step 2. Final dist: 0.1374m
2026-04-24 00:41:28,993 - [ENV] - --- EPISODE START | Scenario: DESCEND | Start: [0.6991719  0.47102761 0.55      ] | Goal: [0.6991719  0.47102761 0.415     ] | DriftLimit: 0.0421 | FloorLimit: 0.4707 ---
2026-04-24 00:41:35,178 - [ENV] - --- EPISODE START | Scenario: DESCEND | Start: [0.705592   0.42857683 0.55      ] | Goal: [0.705592   0.42857683 0.415     ] | DriftLimit: 0.0420 | FloorLimit: 0.4707 ---
2026-04-24 00:41:41,187 - [ENV] - --- EPISODE START | Scenario: DESCEND | Start: [0.8230128  0.51469352 0.55      ] | Goal: [0.8230128  0.51469352 0.41      ] | DriftLimit: 0.0418 | FloorLimit: 0.4708 ---
2026-04-24 00:41:47,836 - [ENV] - --- EPISODE START | Scenario: TRANSIT | Start: [1.1422882  0.49312752 0.55      ] | Goal: [1.12180114 0.15396402 0.55      ] | DriftLimit: 0.0417 | FloorLimit: 0.4709 ---
2026-04-24 00:41:50,086 - [ENV] - SUCCESS: Goal reached in 46 steps. Dist = 0.0099m
2026-04-24 00:41:50,086 - [ENV] - --- EPISODE START | Scenario: DESCEND | Start: [0.80651467 0.11555873 0.55      ] | Goal: [0.80651467 0.11555873 0.415     ] | DriftLimit: 0.0417 | FloorLimit: 0.4709 ---
2026-04-24 00:41:50,572 - [ENV] - SUCCESS: Goal reached in 15 steps. Dist = 0.0098m
2026-04-24 00:41:50,573 - [ENV] - --- EPISODE START | Scenario: TRANSIT | Start: [ 0.84415095 -0.00457503  0.55      ] | Goal: [0.74490355 0.35946491 0.55      ] | DriftLimit: 0.0417 | FloorLimit: 0.4709 ---
2026-04-24 00:41:51,644 - [ENV] - SUCCESS: Goal reached in 35 steps. Dist = 0.0096m
2026-04-24 00:41:51,645 - [ENV] - --- EPISODE START | Scenario: DESCEND | Start: [0.9171204  0.30086708 0.55      ] | Goal: [0.9171204  0.30086708 0.415     ] | DriftLimit: 0.0416 | FloorLimit: 0.4709 ---
2026-04-24 00:41:51,884 - [ENV] - SUCCESS: Goal reached in 5 steps. Dist = 0.0086m
2026-04-24 00:41:51,885 - [ENV] - --- EPISODE START | Scenario: ASCEND | Start: [0.65151947 0.04738718 0.41      ] | Goal: [0.65151947 0.04738718 0.55      ] | DriftLimit: 0.0416 | FloorLimit: 0.4709 ---
2026-04-24 00:41:52,031 - [ENV] - TERMINATED (Ascend): Tube Drift = 0.0569m (Max 0.0416m) at step 2
2026-04-24 00:41:52,032 - [ENV] - Episode ended without success at step 2. Final dist: 0.1286m
2026-04-24 00:41:52,032 - [ENV] - --- EPISODE START | Scenario: TRANSIT | Start: [1.0151334  0.36616065 0.55      ] | Goal: [1.03137557 0.1712542  0.55      ] | DriftLimit: 0.0416 | FloorLimit: 0.4709 ---
2026-04-24 00:41:53,613 - [ENV] - SUCCESS: Goal reached in 46 steps. Dist = 0.0099m
2026-04-24 00:41:53,614 - [ENV] - --- EPISODE START | Scenario: DESCEND | Start: [0.8555445  0.25515386 0.55      ] | Goal: [0.8555445  0.25515386 0.415     ] | DriftLimit: 0.0416 | FloorLimit: 0.4709 ---
2026-04-24 00:41:53,888 - [ENV] - SUCCESS: Goal reached in 5 steps. Dist = 0.0075m
2026-04-24 00:41:53,889 - [ENV] - --- EPISODE START | Scenario: ASCEND | Start: [0.73336481 0.51520268 0.41      ] | Goal: [0.73336481 0.51520268 0.55      ] | DriftLimit: 0.0416 | FloorLimit: 0.4709 ---
2026-04-24 00:41:54,074 - [ENV] - TERMINATED (Ascend): Tube Drift = 0.0728m (Max 0.0416m) at step 2
2026-04-24 00:41:54,075 - [ENV] - Episode ended without success at step 2. Final dist: 0.1305m
2026-04-24 00:41:54,076 - [ENV] - --- EPISODE START | Scenario: ASCEND | Start: [0.86673266 0.3340453  0.41      ] | Goal: [0.86673266 0.3340453  0.55      ] | DriftLimit: 0.0416 | FloorLimit: 0.4709 ---
2026-04-24 00:41:54,312 - [ENV] - TERMINATED (Ascend): Tube Drift = 0.0554m (Max 0.0416m) at step 2
2026-04-24 00:41:54,312 - [ENV] - Episode ended without success at step 2. Final dist: 0.1213m
2026-04-24 00:41:54,312 - [ENV] - --- EPISODE START | Scenario: DESCEND | Start: [0.76657559 0.46824088 0.55      ] | Goal: [0.76657559 0.46824088 0.415     ] | DriftLimit: 0.0416 | FloorLimit: 0.4709 ---
2026-04-24 00:42:30,307 - [ENV] - --- EPISODE START | Scenario: DESCEND | Start: [1.10585511 0.43073874 0.55      ] | Goal: [1.10585511 0.43073874 0.41      ] | DriftLimit: 0.0415 | FloorLimit: 0.4710 ---
2026-04-24 00:42:33,303 - [ENV] - TERMINATED (Descend): Tube Drift = 0.0415m (Max 0.0414m) at step 99
2026-04-24 00:42:33,303 - [ENV] - Episode ended without success at step 99. Final dist: 0.0442m
2026-04-24 00:42:33,304 - [ENV] - --- EPISODE START | Scenario: TRANSIT | Start: [1.01535265 0.10920675 0.55      ] | Goal: [0.63098243 0.3625289  0.55      ] | DriftLimit: 0.0414 | FloorLimit: 0.4711 ---
2026-04-24 00:42:38,706 - [ENV] - --- EPISODE START | Scenario: DESCEND | Start: [0.65368939 0.49150671 0.55      ] | Goal: [0.65368939 0.49150671 0.415     ] | DriftLimit: 0.0413 | FloorLimit: 0.4711 ---
2026-04-24 00:42:46,030 - [ENV] - --- EPISODE START | Scenario: TRANSIT | Start: [0.67800788 0.41137816 0.55      ] | Goal: [0.81120023 0.08975935 0.55      ] | DriftLimit: 0.0411 | FloorLimit: 0.4712 ---
2026-04-24 00:42:46,648 - [ENV] - SUCCESS: Goal reached in 15 steps. Dist = 0.0095m
2026-04-24 00:42:46,649 - [ENV] - --- EPISODE START | Scenario: ASCEND | Start: [0.88378516 0.45294829 0.41      ] | Goal: [0.88378516 0.45294829 0.55      ] | DriftLimit: 0.0411 | FloorLimit: 0.4712 ---
2026-04-24 00:42:46,922 - [ENV] - TERMINATED (Ascend): Tube Drift = 0.0512m (Max 0.0411m) at step 2
2026-04-24 00:42:46,922 - [ENV] - Episode ended without success at step 2. Final dist: 0.1133m
2026-04-24 00:42:46,923 - [ENV] - --- EPISODE START | Scenario: DESCEND | Start: [0.63398059 0.23100436 0.55      ] | Goal: [0.63398059 0.23100436 0.415     ] | DriftLimit: 0.0411 | FloorLimit: 0.4712 ---
2026-04-24 00:42:49,045 - [ENV] - SUCCESS: Goal reached in 51 steps. Dist = 0.0099m
2026-04-24 00:42:49,046 - [ENV] - --- EPISODE START | Scenario: TRANSIT | Start: [0.73009855 0.31682737 0.55      ] | Goal: [0.70126983 0.17090952 0.55      ] | DriftLimit: 0.0411 | FloorLimit: 0.4712 ---
2026-04-24 00:42:49,492 - [ENV] - TERMINATED (Transit): Floor collision. Z = 0.4700m (Min 0.471m) at step 10
2026-04-24 00:42:49,492 - [ENV] - Episode ended without success at step 10. Final dist: 0.0803m
2026-04-24 00:42:49,492 - [ENV] - --- EPISODE START | Scenario: DESCEND | Start: [0.70284224 0.36300321 0.55      ] | Goal: [0.70284224 0.36300321 0.415     ] | DriftLimit: 0.0411 | FloorLimit: 0.4712 ---
2026-04-24 00:42:51,642 - [ENV] - SUCCESS: Goal reached in 54 steps. Dist = 0.0098m
2026-04-24 00:42:51,644 - [ENV] - --- EPISODE START | Scenario: DESCEND | Start: [0.71685639 0.15113993 0.55      ] | Goal: [0.71685639 0.15113993 0.415     ] | DriftLimit: 0.0410 | FloorLimit: 0.4713 ---
2026-04-24 00:42:51,909 - [ENV] - SUCCESS: Goal reached in 6 steps. Dist = 0.0093m
2026-04-24 00:42:51,910 - [ENV] - --- EPISODE START | Scenario: ASCEND | Start: [0.77182045 0.3903757  0.41      ] | Goal: [0.77182045 0.3903757  0.55      ] | DriftLimit: 0.0410 | FloorLimit: 0.4713 ---
2026-04-24 00:42:52,112 - [ENV] - TERMINATED (Ascend): Tube Drift = 0.0587m (Max 0.0410m) at step 2
2026-04-24 00:42:52,112 - [ENV] - Episode ended without success at step 2. Final dist: 0.1222m
2026-04-24 00:42:52,113 - [ENV] - --- EPISODE START | Scenario: TRANSIT | Start: [0.85144513 0.07636051 0.55      ] | Goal: [0.9006469  0.40238616 0.55      ] | DriftLimit: 0.0410 | FloorLimit: 0.4713 ---
2026-04-24 00:42:58,729 - [ENV] - --- EPISODE START | Scenario: ASCEND | Start: [1.04999934 0.30021151 0.41      ] | Goal: [1.04999934 0.30021151 0.55      ] | DriftLimit: 0.0409 | FloorLimit: 0.4713 ---
2026-04-24 00:42:58,958 - [ENV] - TERMINATED (Ascend): Tube Drift = 0.0597m (Max 0.0409m) at step 2
2026-04-24 00:42:58,959 - [ENV] - Episode ended without success at step 2. Final dist: 0.1112m
2026-04-24 00:42:58,961 - [ENV] - --- EPISODE START | Scenario: DESCEND | Start: [1.04857894 0.28118951 0.55      ] | Goal: [1.04857894 0.28118951 0.41      ] | DriftLimit: 0.0409 | FloorLimit: 0.4713 ---
2026-04-24 00:43:04,833 - [ENV] - SUCCESS: Goal reached in 152 steps. Dist = 0.0099m
2026-04-24 00:43:04,834 - [ENV] - --- EPISODE START | Scenario: DESCEND | Start: [0.67536873 0.51465397 0.55      ] | Goal: [0.67536873 0.51465397 0.415     ] | DriftLimit: 0.0408 | FloorLimit: 0.4714 ---
2026-04-24 00:43:10,787 - [ENV] - --- EPISODE START | Scenario: TRANSIT | Start: [0.97005778 0.16153533 0.55      ] | Goal: [1.05023001 0.48117144 0.55      ] | DriftLimit: 0.0407 | FloorLimit: 0.4715 ---
2026-04-24 00:43:17,211 - [ENV] - --- EPISODE START | Scenario: DESCEND | Start: [0.61108667 0.18509955 0.55      ] | Goal: [0.61108667 0.18509955 0.41      ] | DriftLimit: 0.0405 | FloorLimit: 0.4715 ---
2026-04-24 00:43:23,482 - [ENV] - --- EPISODE START | Scenario: TRANSIT | Start: [0.72654005 0.25977144 0.55      ] | Goal: [0.77014479 0.11533874 0.55      ] | DriftLimit: 0.0404 | FloorLimit: 0.4716 ---
2026-04-24 00:43:23,923 - [ENV] - TERMINATED (Transit): Floor collision. Z = 0.4664m (Min 0.472m) at step 9
2026-04-24 00:43:23,923 - [ENV] - Episode ended without success at step 9. Final dist: 0.0840m
2026-04-24 00:43:23,924 - [ENV] - --- EPISODE START | Scenario: DESCEND | Start: [0.72532482 0.43295832 0.55      ] | Goal: [0.72532482 0.43295832 0.415     ] | DriftLimit: 0.0404 | FloorLimit: 0.4716 ---
2026-04-24 00:43:26,672 - [ENV] - SUCCESS: Goal reached in 68 steps. Dist = 0.0098m
2026-04-24 00:43:26,674 - [ENV] - --- EPISODE START | Scenario: TRANSIT | Start: [0.73896274 0.2056011  0.55      ] | Goal: [0.61691245 0.04784286 0.55      ] | DriftLimit: 0.0404 | FloorLimit: 0.4716 ---
2026-04-24 00:43:27,094 - [ENV] - TERMINATED (Transit): Floor collision. Z = 0.4715m (Min 0.472m) at step 9
2026-04-24 00:43:27,095 - [ENV] - Episode ended without success at step 9. Final dist: 0.0898m
2026-04-24 00:43:27,095 - [ENV] - --- EPISODE START | Scenario: ASCEND | Start: [1.09926513 0.03233072 0.41      ] | Goal: [1.09926513 0.03233072 0.55      ] | DriftLimit: 0.0403 | FloorLimit: 0.4716 ---
2026-04-24 00:43:27,223 - [ENV] - TERMINATED (Ascend): Tube Drift = 0.0653m (Max 0.0403m) at step 2
2026-04-24 00:43:27,223 - [ENV] - Episode ended without success at step 2. Final dist: 0.1126m
2026-04-24 00:43:27,224 - [ENV] - --- EPISODE START | Scenario: TRANSIT | Start: [1.0703147  0.05811554 0.55      ] | Goal: [0.6263886  0.06407075 0.55      ] | DriftLimit: 0.0403 | FloorLimit: 0.4716 ---
2026-04-24 00:43:33,633 - [ENV] - --- EPISODE START | Scenario: ASCEND | Start: [1.01786174 0.02625665 0.41      ] | Goal: [1.01786174 0.02625665 0.55      ] | DriftLimit: 0.0402 | FloorLimit: 0.4717 ---
2026-04-24 00:43:33,796 - [ENV] - TERMINATED (Ascend): Tube Drift = 0.0686m (Max 0.0402m) at step 2
2026-04-24 00:43:33,796 - [ENV] - Episode ended without success at step 2. Final dist: 0.1142m
2026-04-24 00:43:33,797 - [ENV] - --- EPISODE START | Scenario: ASCEND | Start: [0.79322185 0.41648207 0.41      ] | Goal: [0.79322185 0.41648207 0.55      ] | DriftLimit: 0.0402 | FloorLimit: 0.4717 ---
2026-04-24 00:43:34,030 - [ENV] - TERMINATED (Ascend): Tube Drift = 0.0581m (Max 0.0402m) at step 2
2026-04-24 00:43:34,030 - [ENV] - Episode ended without success at step 2. Final dist: 0.1305m
2026-04-24 00:43:34,031 - [ENV] - --- EPISODE START | Scenario: TRANSIT | Start: [0.74092021 0.44160627 0.55      ] | Goal: [0.61248433 0.10722924 0.55      ] | DriftLimit: 0.0402 | FloorLimit: 0.4717 ---
2026-04-24 00:43:41,632 - [ENV] - --- EPISODE START | Scenario: ASCEND | Start: [0.65345912 0.09178114 0.41      ] | Goal: [0.65345912 0.09178114 0.55      ] | DriftLimit: 0.0401 | FloorLimit: 0.4718 ---
2026-04-24 00:43:41,855 - [ENV] - TERMINATED (Ascend): Tube Drift = 0.0553m (Max 0.0401m) at step 2
2026-04-24 00:43:41,856 - [ENV] - Episode ended without success at step 2. Final dist: 0.1333m
2026-04-24 00:43:41,857 - [ENV] - --- EPISODE START | Scenario: ASCEND | Start: [0.78999406 0.06299344 0.41      ] | Goal: [0.78999406 0.06299344 0.55      ] | DriftLimit: 0.0401 | FloorLimit: 0.4718 ---
2026-04-24 00:43:42,066 - [ENV] - TERMINATED (Ascend): Tube Drift = 0.0498m (Max 0.0401m) at step 2
2026-04-24 00:43:42,066 - [ENV] - Episode ended without success at step 2. Final dist: 0.1233m
2026-04-24 00:43:42,067 - [ENV] - --- EPISODE START | Scenario: ASCEND | Start: [0.82672238 0.26908975 0.41      ] | Goal: [0.82672238 0.26908975 0.55      ] | DriftLimit: 0.0401 | FloorLimit: 0.4718 ---
2026-04-24 00:43:42,408 - [ENV] - TERMINATED (Ascend): Tube Drift = 0.0588m (Max 0.0401m) at step 3
2026-04-24 00:43:42,408 - [ENV] - Episode ended without success at step 3. Final dist: 0.1284m
2026-04-24 00:43:42,409 - [ENV] - --- EPISODE START | Scenario: DESCEND | Start: [0.7027466  0.12924959 0.55      ] | Goal: [0.7027466  0.12924959 0.41      ] | DriftLimit: 0.0401 | FloorLimit: 0.4718 ---
2026-04-24 00:43:42,945 - [ENV] - SUCCESS: Goal reached in 16 steps. Dist = 0.0096m
2026-04-24 00:43:42,946 - [ENV] - --- EPISODE START | Scenario: ASCEND | Start: [0.82430469 0.22799575 0.41      ] | Goal: [0.82430469 0.22799575 0.55      ] | DriftLimit: 0.0401 | FloorLimit: 0.4718 ---
2026-04-24 00:43:43,169 - [ENV] - TERMINATED (Ascend): Tube Drift = 0.0408m (Max 0.0401m) at step 2
2026-04-24 00:43:43,169 - [ENV] - Episode ended without success at step 2. Final dist: 0.1285m
2026-04-24 00:43:43,171 - [ENV] - --- EPISODE START | Scenario: DESCEND | Start: [0.82032724 0.35880934 0.55      ] | Goal: [0.82032724 0.35880934 0.41      ] | DriftLimit: 0.0401 | FloorLimit: 0.4718 ---
2026-04-24 00:43:43,537 - [ENV] - SUCCESS: Goal reached in 9 steps. Dist = 0.0100m
2026-04-24 00:43:43,538 - [ENV] - --- EPISODE START | Scenario: DESCEND | Start: [0.84579627 0.30082944 0.55      ] | Goal: [0.84579627 0.30082944 0.41      ] | DriftLimit: 0.0401 | FloorLimit: 0.4718 ---
2026-04-24 00:43:43,851 - [ENV] - SUCCESS: Goal reached in 8 steps. Dist = 0.0100m
2026-04-24 00:43:43,852 - [ENV] - --- EPISODE START | Scenario: DESCEND | Start: [0.80558668 0.01313162 0.55      ] | Goal: [0.80558668 0.01313162 0.415     ] | DriftLimit: 0.0401 | FloorLimit: 0.4718 ---
2026-04-24 00:43:47,483 - [ENV] - SUCCESS: Goal reached in 84 steps. Dist = 0.0098m
2026-04-24 00:43:47,484 - [ENV] - --- EPISODE START | Scenario: TRANSIT | Start: [1.13265774 0.52988894 0.55      ] | Goal: [1.12211194 0.37018111 0.55      ] | DriftLimit: 0.0400 | FloorLimit: 0.4718 ---
2026-04-24 00:43:54,145 - [ENV] - --- EPISODE START | Scenario: TRANSIT | Start: [0.83007622 0.17122923 0.55      ] | Goal: [0.69836887 0.18580059 0.55      ] | DriftLimit: 0.0399 | FloorLimit: 0.4719 ---
2026-04-24 00:43:54,602 - [ENV] - SUCCESS: Goal reached in 9 steps. Dist = 0.0092m
2026-04-24 00:43:54,603 - [ENV] - --- EPISODE START | Scenario: DESCEND | Start: [0.92454114 0.1142672  0.55      ] | Goal: [0.92454114 0.1142672  0.41      ] | DriftLimit: 0.0399 | FloorLimit: 0.4719 ---
2026-04-24 00:43:55,406 - [ENV] - SUCCESS: Goal reached in 22 steps. Dist = 0.0098m
2026-04-24 00:43:55,406 - [ENV] - --- EPISODE START | Scenario: DESCEND | Start: [1.11681559 0.08969379 0.55      ] | Goal: [1.11681559 0.08969379 0.415     ] | DriftLimit: 0.0398 | FloorLimit: 0.4719 ---
2026-04-24 00:44:01,835 - [ENV] - --- EPISODE START | Scenario: ASCEND | Start: [1.03845585 0.4323678  0.41      ] | Goal: [1.03845585 0.4323678  0.55      ] | DriftLimit: 0.0397 | FloorLimit: 0.4720 ---
2026-04-24 00:44:02,042 - [ENV] - TERMINATED (Ascend): Tube Drift = 0.0605m (Max 0.0397m) at step 2
2026-04-24 00:44:02,042 - [ENV] - Episode ended without success at step 2. Final dist: 0.1132m
2026-04-24 00:44:02,043 - [ENV] - --- EPISODE START | Scenario: DESCEND | Start: [1.01128129 0.53806397 0.55      ] | Goal: [1.01128129 0.53806397 0.415     ] | DriftLimit: 0.0397 | FloorLimit: 0.4720 ---
2026-04-24 00:44:36,399 - [ENV] - --- EPISODE START | Scenario: TRANSIT | Start: [0.91670547 0.50561245 0.55      ] | Goal: [1.08855094 0.26503189 0.55      ] | DriftLimit: 0.0396 | FloorLimit: 0.4720 ---
2026-04-24 00:44:42,366 - [ENV] - --- EPISODE START | Scenario: ASCEND | Start: [0.87094941 0.12513664 0.41      ] | Goal: [0.87094941 0.12513664 0.55      ] | DriftLimit: 0.0395 | FloorLimit: 0.4721 ---
2026-04-24 00:44:42,571 - [ENV] - TERMINATED (Ascend): Tube Drift = 0.0578m (Max 0.0395m) at step 2
2026-04-24 00:44:42,572 - [ENV] - Episode ended without success at step 2. Final dist: 0.1183m
2026-04-24 00:44:42,572 - [ENV] - --- EPISODE START | Scenario: TRANSIT | Start: [0.71639277 0.29026676 0.55      ] | Goal: [1.03739681 0.41223399 0.55      ] | DriftLimit: 0.0395 | FloorLimit: 0.4721 ---
2026-04-24 00:44:49,552 - [ENV] - --- EPISODE START | Scenario: TRANSIT | Start: [0.89177305 0.22197052 0.55      ] | Goal: [0.85341652 0.51776609 0.55      ] | DriftLimit: 0.0393 | FloorLimit: 0.4722 ---
2026-04-24 00:44:55,207 - [ENV] - --- EPISODE START | Scenario: DESCEND | Start: [0.69423992 0.31593004 0.55      ] | Goal: [0.69423992 0.31593004 0.41      ] | DriftLimit: 0.0392 | FloorLimit: 0.4723 ---
2026-04-24 00:44:57,755 - [ENV] - SUCCESS: Goal reached in 53 steps. Dist = 0.0088m
2026-04-24 00:44:57,755 - [ENV] - --- EPISODE START | Scenario: ASCEND | Start: [0.67009493 0.48853784 0.41      ] | Goal: [0.67009493 0.48853784 0.55      ] | DriftLimit: 0.0392 | FloorLimit: 0.4723 ---
2026-04-24 00:44:57,999 - [ENV] - TERMINATED (Ascend): Tube Drift = 0.0809m (Max 0.0392m) at step 2
2026-04-24 00:44:57,999 - [ENV] - Episode ended without success at step 2. Final dist: 0.1365m
2026-04-24 00:44:58,000 - [ENV] - --- EPISODE START | Scenario: TRANSIT | Start: [0.9860676  0.11993481 0.55      ] | Goal: [0.89553046 0.27035393 0.55      ] | DriftLimit: 0.0392 | FloorLimit: 0.4723 ---
2026-04-24 00:45:02,171 - [ENV] - SUCCESS: Goal reached in 110 steps. Dist = 0.0100m
2026-04-24 00:45:02,172 - [ENV] - --- EPISODE START | Scenario: TRANSIT | Start: [0.80600383 0.01344864 0.55      ] | Goal: [0.8892625  0.12719602 0.55      ] | DriftLimit: 0.0391 | FloorLimit: 0.4723 ---
2026-04-24 00:45:03,823 - [ENV] - SUCCESS: Goal reached in 37 steps. Dist = 0.0097m
2026-04-24 00:45:03,823 - [ENV] - --- EPISODE START | Scenario: ASCEND | Start: [0.98491838 0.45468277 0.41      ] | Goal: [0.98491838 0.45468277 0.55      ] | DriftLimit: 0.0390 | FloorLimit: 0.4723 ---
2026-04-24 00:45:04,017 - [ENV] - TERMINATED (Ascend): Tube Drift = 0.0652m (Max 0.0390m) at step 2
2026-04-24 00:45:04,017 - [ENV] - Episode ended without success at step 2. Final dist: 0.1139m
2026-04-24 00:45:04,018 - [ENV] - --- EPISODE START | Scenario: TRANSIT | Start: [0.6330237  0.38449155 0.55      ] | Goal: [0.75072915 0.13293396 0.55      ] | DriftLimit: 0.0390 | FloorLimit: 0.4723 ---
2026-04-24 00:45:04,709 - [ENV] - SUCCESS: Goal reached in 17 steps. Dist = 0.0098m
2026-04-24 00:45:04,710 - [ENV] - --- EPISODE START | Scenario: TRANSIT | Start: [0.74054062 0.39801053 0.55      ] | Goal: [0.92733738 0.42127148 0.55      ] | DriftLimit: 0.0390 | FloorLimit: 0.4723 ---
2026-04-24 00:45:05,055 - [ENV] - SUCCESS: Goal reached in 8 steps. Dist = 0.0083m
2026-04-24 00:45:05,056 - [ENV] - --- EPISODE START | Scenario: TRANSIT | Start: [0.68290782 0.03117694 0.55      ] | Goal: [1.06451356 0.06480976 0.55      ] | DriftLimit: 0.0390 | FloorLimit: 0.4723 ---
2026-04-24 00:45:11,600 - [ENV] - --- EPISODE START | Scenario: TRANSIT | Start: [0.85971057 0.41334536 0.55      ] | Goal: [0.74437705 0.54354645 0.55      ] | DriftLimit: 0.0389 | FloorLimit: 0.4724 ---
2026-04-24 00:45:11,955 - [ENV] - TERMINATED (Transit): Floor collision. Z = 0.4697m (Min 0.472m) at step 9
2026-04-24 00:45:11,956 - [ENV] - Episode ended without success at step 9. Final dist: 0.0808m
2026-04-24 00:45:11,956 - [ENV] - --- EPISODE START | Scenario: ASCEND | Start: [0.62414814 0.14971144 0.41      ] | Goal: [0.62414814 0.14971144 0.55      ] | DriftLimit: 0.0389 | FloorLimit: 0.4724 ---
2026-04-24 00:45:12,943 - [ENV] - TERMINATED (Ascend): Tube Drift = 0.0397m (Max 0.0389m) at step 26
2026-04-24 00:45:12,943 - [ENV] - Episode ended without success at step 26. Final dist: 0.1218m
2026-04-24 00:45:12,944 - [ENV] - --- EPISODE START | Scenario: TRANSIT | Start: [0.97530032 0.39433465 0.55      ] | Goal: [0.89738264 0.25555731 0.55      ] | DriftLimit: 0.0389 | FloorLimit: 0.4724 ---
2026-04-24 00:45:15,442 - [ENV] - SUCCESS: Goal reached in 70 steps. Dist = 0.0097m
2026-04-24 00:45:15,442 - [ENV] - --- EPISODE START | Scenario: DESCEND | Start: [1.1060612  0.27986957 0.55      ] | Goal: [1.1060612  0.27986957 0.415     ] | DriftLimit: 0.0388 | FloorLimit: 0.4725 ---
2026-04-24 00:45:17,299 - [ENV] - SUCCESS: Goal reached in 39 steps. Dist = 0.0100m
2026-04-24 00:45:17,300 - [ENV] - --- EPISODE START | Scenario: TRANSIT | Start: [0.60790769 0.0384008  0.55      ] | Goal: [0.71222711 0.16904678 0.55      ] | DriftLimit: 0.0388 | FloorLimit: 0.4725 ---
2026-04-24 00:45:18,004 - [ENV] - SUCCESS: Goal reached in 23 steps. Dist = 0.0090m
2026-04-24 00:45:18,005 - [ENV] - --- EPISODE START | Scenario: TRANSIT | Start: [0.97250404 0.50139225 0.55      ] | Goal: [1.04821315 0.13447667 0.55      ] | DriftLimit: 0.0388 | FloorLimit: 0.4725 ---
2026-04-24 00:45:18,923 - [ENV] - SUCCESS: Goal reached in 20 steps. Dist = 0.0099m
2026-04-24 00:45:18,924 - [ENV] - --- EPISODE START | Scenario: DESCEND | Start: [0.91173224 0.3102812  0.55      ] | Goal: [0.91173224 0.3102812  0.415     ] | DriftLimit: 0.0388 | FloorLimit: 0.4725 ---
2026-04-24 00:45:19,412 - [ENV] - SUCCESS: Goal reached in 13 steps. Dist = 0.0080m
2026-04-24 00:45:19,412 - [ENV] - --- EPISODE START | Scenario: TRANSIT | Start: [0.76594894 0.53005646 0.55      ] | Goal: [1.08338123 0.53169756 0.55      ] | DriftLimit: 0.0388 | FloorLimit: 0.4725 ---
2026-04-24 00:45:25,537 - [ENV] - --- EPISODE START | Scenario: TRANSIT | Start: [1.05266631 0.19486771 0.55      ] | Goal: [1.00620475 0.40331105 0.55      ] | DriftLimit: 0.0386 | FloorLimit: 0.4726 ---
2026-04-24 00:45:31,441 - [ENV] - --- EPISODE START | Scenario: DESCEND | Start: [1.02443995 0.29678414 0.55      ] | Goal: [1.02443995 0.29678414 0.41      ] | DriftLimit: 0.0385 | FloorLimit: 0.4726 ---
2026-04-24 00:45:31,839 - [ENV] - SUCCESS: Goal reached in 7 steps. Dist = 0.0100m
2026-04-24 00:45:31,840 - [ENV] - --- EPISODE START | Scenario: ASCEND | Start: [1.10713378 0.10123685 0.41      ] | Goal: [1.10713378 0.10123685 0.55      ] | DriftLimit: 0.0385 | FloorLimit: 0.4726 ---
2026-04-24 00:45:32,042 - [ENV] - TERMINATED (Ascend): Tube Drift = 0.0739m (Max 0.0385m) at step 2
2026-04-24 00:45:32,042 - [ENV] - Episode ended without success at step 2. Final dist: 0.1180m
2026-04-24 00:45:32,043 - [ENV] - --- EPISODE START | Scenario: ASCEND | Start: [0.67730476 0.43725986 0.41      ] | Goal: [0.67730476 0.43725986 0.55      ] | DriftLimit: 0.0385 | FloorLimit: 0.4726 ---
2026-04-24 00:45:32,237 - [ENV] - TERMINATED (Ascend): Tube Drift = 0.0743m (Max 0.0385m) at step 2
2026-04-24 00:45:32,237 - [ENV] - Episode ended without success at step 2. Final dist: 0.1329m
2026-04-24 00:45:32,239 - [ENV] - --- EPISODE START | Scenario: ASCEND | Start: [ 0.64842851 -0.01192579  0.41      ] | Goal: [ 0.64842851 -0.01192579  0.55      ] | DriftLimit: 0.0385 | FloorLimit: 0.4726 ---
2026-04-24 00:45:32,372 - [ENV] - TERMINATED (Ascend): Tube Drift = 0.0656m (Max 0.0385m) at step 2
2026-04-24 00:45:32,373 - [ENV] - Episode ended without success at step 2. Final dist: 0.1251m
2026-04-24 00:45:32,374 - [ENV] - --- EPISODE START | Scenario: TRANSIT | Start: [0.70767992 0.05922552 0.55      ] | Goal: [1.08508114 0.52952793 0.55      ] | DriftLimit: 0.0385 | FloorLimit: 0.4726 ---
2026-04-24 00:45:38,799 - [ENV] - --- EPISODE START | Scenario: TRANSIT | Start: [0.92201577 0.38615191 0.55      ] | Goal: [1.12716243 0.23707863 0.55      ] | DriftLimit: 0.0384 | FloorLimit: 0.4727 ---
2026-04-24 00:45:45,557 - [ENV] - --- EPISODE START | Scenario: ASCEND | Start: [ 1.00582017 -0.01175712  0.41      ] | Goal: [ 1.00582017 -0.01175712  0.55      ] | DriftLimit: 0.0382 | FloorLimit: 0.4728 ---
2026-04-24 00:45:45,694 - [ENV] - TERMINATED (Ascend): Tube Drift = 0.0727m (Max 0.0382m) at step 2
2026-04-24 00:45:45,694 - [ENV] - Episode ended without success at step 2. Final dist: 0.1183m
2026-04-24 00:45:45,695 - [ENV] - --- EPISODE START | Scenario: ASCEND | Start: [0.96217962 0.54224641 0.41      ] | Goal: [0.96217962 0.54224641 0.55      ] | DriftLimit: 0.0382 | FloorLimit: 0.4728 ---
2026-04-24 00:45:45,853 - [ENV] - TERMINATED (Ascend): Tube Drift = 0.0641m (Max 0.0382m) at step 2
2026-04-24 00:45:45,853 - [ENV] - Episode ended without success at step 2. Final dist: 0.1129m
2026-04-24 00:45:45,854 - [ENV] - --- EPISODE START | Scenario: ASCEND | Start: [0.91896    0.34174294 0.41      ] | Goal: [0.91896    0.34174294 0.55      ] | DriftLimit: 0.0382 | FloorLimit: 0.4728 ---
2026-04-24 00:45:46,084 - [ENV] - TERMINATED (Ascend): Tube Drift = 0.0607m (Max 0.0382m) at step 2
2026-04-24 00:45:46,084 - [ENV] - Episode ended without success at step 2. Final dist: 0.1156m
2026-04-24 00:45:46,086 - [ENV] - --- EPISODE START | Scenario: ASCEND | Start: [0.62471462 0.43622427 0.41      ] | Goal: [0.62471462 0.43622427 0.55      ] | DriftLimit: 0.0382 | FloorLimit: 0.4728 ---
2026-04-24 00:45:46,318 - [ENV] - TERMINATED (Ascend): Tube Drift = 0.0820m (Max 0.0382m) at step 2
2026-04-24 00:45:46,318 - [ENV] - Episode ended without success at step 2. Final dist: 0.1361m
2026-04-24 00:45:46,319 - [ENV] - --- EPISODE START | Scenario: ASCEND | Start: [0.84804704 0.51777736 0.41      ] | Goal: [0.84804704 0.51777736 0.55      ] | DriftLimit: 0.0382 | FloorLimit: 0.4728 ---
2026-04-24 00:45:46,508 - [ENV] - TERMINATED (Ascend): Tube Drift = 0.0727m (Max 0.0382m) at step 2
2026-04-24 00:45:46,508 - [ENV] - Episode ended without success at step 2. Final dist: 0.1189m
2026-04-24 00:45:46,509 - [ENV] - --- EPISODE START | Scenario: ASCEND | Start: [1.01050125 0.30870041 0.41      ] | Goal: [1.01050125 0.30870041 0.55      ] | DriftLimit: 0.0382 | FloorLimit: 0.4728 ---
2026-04-24 00:45:46,688 - [ENV] - TERMINATED (Ascend): Tube Drift = 0.0625m (Max 0.0382m) at step 2
2026-04-24 00:45:46,689 - [ENV] - Episode ended without success at step 2. Final dist: 0.1122m
2026-04-24 00:45:46,690 - [ENV] - --- EPISODE START | Scenario: TRANSIT | Start: [0.99997143 0.43169071 0.55      ] | Goal: [0.85291447 0.3785966  0.55      ] | DriftLimit: 0.0382 | FloorLimit: 0.4728 ---
2026-04-24 00:45:46,995 - [ENV] - SUCCESS: Goal reached in 6 steps. Dist = 0.0075m
2026-04-24 00:45:46,996 - [ENV] - --- EPISODE START | Scenario: DESCEND | Start: [1.08595435 0.48181623 0.55      ] | Goal: [1.08595435 0.48181623 0.415     ] | DriftLimit: 0.0382 | FloorLimit: 0.4728 ---
2026-04-24 00:45:53,211 - [ENV] - --- EPISODE START | Scenario: TRANSIT | Start: [0.61702355 0.21378439 0.55      ] | Goal: [0.61156527 0.04404046 0.55      ] | DriftLimit: 0.0381 | FloorLimit: 0.4729 ---
2026-04-24 00:45:53,688 - [ENV] - SUCCESS: Goal reached in 10 steps. Dist = 0.0085m
2026-04-24 00:45:53,689 - [ENV] - --- EPISODE START | Scenario: DESCEND | Start: [0.65411052 0.5168407  0.55      ] | Goal: [0.65411052 0.5168407  0.41      ] | DriftLimit: 0.0381 | FloorLimit: 0.4729 ---
2026-04-24 00:46:01,368 - [ENV] - --- EPISODE START | Scenario: TRANSIT | Start: [0.87289878 0.22799368 0.55      ] | Goal: [0.88429551 0.51482607 0.55      ] | DriftLimit: 0.0380 | FloorLimit: 0.4729 ---
2026-04-24 00:46:30,538 - [ENV] - --- EPISODE START | Scenario: ASCEND | Start: [0.71372672 0.07881873 0.41      ] | Goal: [0.71372672 0.07881873 0.55      ] | DriftLimit: 0.0378 | FloorLimit: 0.4730 ---
2026-04-24 00:46:30,677 - [ENV] - TERMINATED (Ascend): Tube Drift = 0.0535m (Max 0.0378m) at step 2
2026-04-24 00:46:30,677 - [ENV] - Episode ended without success at step 2. Final dist: 0.1320m
2026-04-24 00:46:30,678 - [ENV] - --- EPISODE START | Scenario: DESCEND | Start: [1.11031495 0.49754646 0.55      ] | Goal: [1.11031495 0.49754646 0.41      ] | DriftLimit: 0.0378 | FloorLimit: 0.4730 ---
2026-04-24 00:46:36,758 - [ENV] - --- EPISODE START | Scenario: DESCEND | Start: [1.07358678 0.22884998 0.55      ] | Goal: [1.07358678 0.22884998 0.41      ] | DriftLimit: 0.0377 | FloorLimit: 0.4731 ---
2026-04-24 00:46:37,028 - [ENV] - SUCCESS: Goal reached in 7 steps. Dist = 0.0090m
2026-04-24 00:46:37,028 - [ENV] - --- EPISODE START | Scenario: TRANSIT | Start: [0.85362805 0.22199077 0.55      ] | Goal: [1.10653781 0.42239987 0.55      ] | DriftLimit: 0.0377 | FloorLimit: 0.4731 ---
2026-04-24 00:46:43,353 - [ENV] - --- EPISODE START | Scenario: DESCEND | Start: [1.10973652 0.00335255 0.55      ] | Goal: [1.10973652 0.00335255 0.41      ] | DriftLimit: 0.0376 | FloorLimit: 0.4731 ---
2026-04-24 00:46:49,078 - [ENV] - --- EPISODE START | Scenario: DESCEND | Start: [0.97021858 0.51615871 0.55      ] | Goal: [0.97021858 0.51615871 0.41      ] | DriftLimit: 0.0374 | FloorLimit: 0.4732 ---
2026-04-24 00:46:55,556 - [ENV] - --- EPISODE START | Scenario: DESCEND | Start: [0.72413551 0.29989962 0.55      ] | Goal: [0.72413551 0.29989962 0.415     ] | DriftLimit: 0.0373 | FloorLimit: 0.4733 ---
2026-04-24 00:47:01,936 - [ENV] - --- EPISODE START | Scenario: ASCEND | Start: [0.63520486 0.06422866 0.41      ] | Goal: [0.63520486 0.06422866 0.55      ] | DriftLimit: 0.0372 | FloorLimit: 0.4734 ---
2026-04-24 00:47:02,104 - [ENV] - TERMINATED (Ascend): Tube Drift = 0.0581m (Max 0.0372m) at step 2
2026-04-24 00:47:02,104 - [ENV] - Episode ended without success at step 2. Final dist: 0.1297m
2026-04-24 00:47:02,105 - [ENV] - --- EPISODE START | Scenario: ASCEND | Start: [1.04316088 0.29871411 0.41      ] | Goal: [1.04316088 0.29871411 0.55      ] | DriftLimit: 0.0372 | FloorLimit: 0.4734 ---
2026-04-24 00:47:02,290 - [ENV] - TERMINATED (Ascend): Tube Drift = 0.0588m (Max 0.0372m) at step 2
2026-04-24 00:47:02,290 - [ENV] - Episode ended without success at step 2. Final dist: 0.1102m
2026-04-24 00:47:02,292 - [ENV] - --- EPISODE START | Scenario: DESCEND | Start: [1.07475754 0.51341284 0.55      ] | Goal: [1.07475754 0.51341284 0.415     ] | DriftLimit: 0.0372 | FloorLimit: 0.4734 ---
2026-04-24 00:47:08,752 - [ENV] - --- EPISODE START | Scenario: TRANSIT | Start: [0.91557177 0.03077197 0.55      ] | Goal: [0.96807302 0.39105145 0.55      ] | DriftLimit: 0.0370 | FloorLimit: 0.4734 ---
2026-04-24 00:47:14,933 - [ENV] - --- EPISODE START | Scenario: TRANSIT | Start: [0.74071276 0.04599826 0.55      ] | Goal: [0.81384687 0.51419479 0.55      ] | DriftLimit: 0.0369 | FloorLimit: 0.4735 ---
2026-04-24 00:47:16,009 - [ENV] - SUCCESS: Goal reached in 28 steps. Dist = 0.0097m
2026-04-24 00:47:16,009 - [ENV] - --- EPISODE START | Scenario: DESCEND | Start: [0.69203493 0.5099385  0.55      ] | Goal: [0.69203493 0.5099385  0.415     ] | DriftLimit: 0.0369 | FloorLimit: 0.4735 ---
2026-04-24 00:47:19,933 - [ENV] - SUCCESS: Goal reached in 111 steps. Dist = 0.0098m
2026-04-24 00:47:19,934 - [ENV] - --- EPISODE START | Scenario: TRANSIT | Start: [0.88988827 0.15552292 0.55      ] | Goal: [0.95248116 0.46289354 0.55      ] | DriftLimit: 0.0368 | FloorLimit: 0.4736 ---
2026-04-24 00:47:27,015 - [ENV] - --- EPISODE START | Scenario: TRANSIT | Start: [0.68796514 0.51955657 0.55      ] | Goal: [0.9939554  0.07296514 0.55      ] | DriftLimit: 0.0367 | FloorLimit: 0.4736 ---
2026-04-24 00:47:33,526 - [ENV] - --- EPISODE START | Scenario: TRANSIT | Start: [0.67557145 0.28641836 0.55      ] | Goal: [0.90455362 0.39479953 0.55      ] | DriftLimit: 0.0366 | FloorLimit: 0.4737 ---
2026-04-24 00:47:39,855 - [ENV] - --- EPISODE START | Scenario: DESCEND | Start: [0.7019707 0.4566724 0.55     ] | Goal: [0.7019707 0.4566724 0.415    ] | DriftLimit: 0.0364 | FloorLimit: 0.4738 ---
2026-04-24 00:47:46,146 - [ENV] - --- EPISODE START | Scenario: DESCEND | Start: [0.86399394 0.26700802 0.55      ] | Goal: [0.86399394 0.26700802 0.415     ] | DriftLimit: 0.0363 | FloorLimit: 0.4738 ---
2026-04-24 00:47:46,544 - [ENV] - SUCCESS: Goal reached in 5 steps. Dist = 0.0051m
2026-04-24 00:47:46,545 - [ENV] - --- EPISODE START | Scenario: ASCEND | Start: [0.62721709 0.32008626 0.41      ] | Goal: [0.62721709 0.32008626 0.55      ] | DriftLimit: 0.0363 | FloorLimit: 0.4738 ---
2026-04-24 00:47:47,173 - [ENV] - TERMINATED (Ascend): Tube Drift = 0.0423m (Max 0.0363m) at step 5
2026-04-24 00:47:47,173 - [ENV] - Episode ended without success at step 5. Final dist: 0.1340m
2026-04-24 00:47:47,174 - [ENV] - --- EPISODE START | Scenario: TRANSIT | Start: [0.93917522 0.07296039 0.55      ] | Goal: [0.66374983 0.21739264 0.55      ] | DriftLimit: 0.0363 | FloorLimit: 0.4738 ---
2026-04-24 00:47:47,873 - [ENV] - SUCCESS: Goal reached in 22 steps. Dist = 0.0099m
2026-04-24 00:47:47,874 - [ENV] - --- EPISODE START | Scenario: DESCEND | Start: [1.08154441 0.01422274 0.55      ] | Goal: [1.08154441 0.01422274 0.415     ] | DriftLimit: 0.0363 | FloorLimit: 0.4738 ---
2026-04-24 00:47:48,021 - [ENV] - SUCCESS: Goal reached in 4 steps. Dist = 0.0056m
2026-04-24 00:47:48,022 - [ENV] - --- EPISODE START | Scenario: TRANSIT | Start: [0.85922274 0.22475571 0.55      ] | Goal: [0.8698425  0.37860436 0.55      ] | DriftLimit: 0.0363 | FloorLimit: 0.4739 ---
2026-04-24 00:47:48,344 - [ENV] - SUCCESS: Goal reached in 6 steps. Dist = 0.0095m
2026-04-24 00:47:48,345 - [ENV] - --- EPISODE START | Scenario: DESCEND | Start: [0.91260237 0.30280866 0.55      ] | Goal: [0.91260237 0.30280866 0.415     ] | DriftLimit: 0.0363 | FloorLimit: 0.4739 ---
2026-04-24 00:47:48,631 - [ENV] - SUCCESS: Goal reached in 7 steps. Dist = 0.0095m
2026-04-24 00:47:48,632 - [ENV] - --- EPISODE START | Scenario: DESCEND | Start: [0.68276128 0.37926225 0.55      ] | Goal: [0.68276128 0.37926225 0.41      ] | DriftLimit: 0.0363 | FloorLimit: 0.4739 ---
2026-04-24 00:47:54,662 - [ENV] - --- EPISODE START | Scenario: DESCEND | Start: [0.81837167 0.43850417 0.55      ] | Goal: [0.81837167 0.43850417 0.41      ] | DriftLimit: 0.0361 | FloorLimit: 0.4739 ---
2026-04-24 00:48:00,858 - [ENV] - --- EPISODE START | Scenario: ASCEND | Start: [1.07726587 0.4796887  0.41      ] | Goal: [1.07726587 0.4796887  0.55      ] | DriftLimit: 0.0360 | FloorLimit: 0.4740 ---
2026-04-24 00:48:01,019 - [ENV] - TERMINATED (Ascend): Tube Drift = 0.0631m (Max 0.0360m) at step 2
2026-04-24 00:48:01,019 - [ENV] - Episode ended without success at step 2. Final dist: 0.1127m
2026-04-24 00:48:01,020 - [ENV] - --- EPISODE START | Scenario: ASCEND | Start: [0.65004946 0.1180862  0.41      ] | Goal: [0.65004946 0.1180862  0.55      ] | DriftLimit: 0.0360 | FloorLimit: 0.4740 ---
2026-04-24 00:48:01,202 - [ENV] - TERMINATED (Ascend): Tube Drift = 0.0512m (Max 0.0360m) at step 2
2026-04-24 00:48:01,202 - [ENV] - Episode ended without success at step 2. Final dist: 0.1286m
2026-04-24 00:48:01,203 - [ENV] - --- EPISODE START | Scenario: DESCEND | Start: [0.81861895 0.14782235 0.55      ] | Goal: [0.81861895 0.14782235 0.415     ] | DriftLimit: 0.0360 | FloorLimit: 0.4740 ---
2026-04-24 00:48:27,824 - [ENV] - SUCCESS: Goal reached in 11 steps. Dist = 0.0097m
2026-04-24 00:48:27,825 - [ENV] - --- EPISODE START | Scenario: DESCEND | Start: [0.66199175 0.08595257 0.55      ] | Goal: [0.66199175 0.08595257 0.415     ] | DriftLimit: 0.0360 | FloorLimit: 0.4740 ---
2026-04-24 00:48:27,942 - [ENV] - TERMINATED (Descend): Tube Drift = 0.0375m (Max 0.0360m) at step 2
2026-04-24 00:48:27,942 - [ENV] - Episode ended without success at step 2. Final dist: 0.0446m
2026-04-24 00:48:27,943 - [ENV] - --- EPISODE START | Scenario: TRANSIT | Start: [1.00403458 0.52794071 0.55      ] | Goal: [1.09038237 0.15572073 0.55      ] | DriftLimit: 0.0360 | FloorLimit: 0.4740 ---
2026-04-24 00:48:33,884 - [ENV] - --- EPISODE START | Scenario: DESCEND | Start: [0.82597712 0.40744274 0.55      ] | Goal: [0.82597712 0.40744274 0.41      ] | DriftLimit: 0.0359 | FloorLimit: 0.4741 ---
2026-04-24 00:48:40,965 - [ENV] - --- EPISODE START | Scenario: ASCEND | Start: [0.78536249 0.23296565 0.41      ] | Goal: [0.78536249 0.23296565 0.55      ] | DriftLimit: 0.0357 | FloorLimit: 0.4741 ---
2026-04-24 00:48:41,194 - [ENV] - TERMINATED (Ascend): Tube Drift = 0.0565m (Max 0.0357m) at step 2
2026-04-24 00:48:41,194 - [ENV] - Episode ended without success at step 2. Final dist: 0.1310m
2026-04-24 00:48:41,195 - [ENV] - --- EPISODE START | Scenario: ASCEND | Start: [0.89000871 0.44996972 0.41      ] | Goal: [0.89000871 0.44996972 0.55      ] | DriftLimit: 0.0357 | FloorLimit: 0.4741 ---
2026-04-24 00:48:41,401 - [ENV] - TERMINATED (Ascend): Tube Drift = 0.0595m (Max 0.0357m) at step 2
2026-04-24 00:48:41,401 - [ENV] - Episode ended without success at step 2. Final dist: 0.1146m
2026-04-24 00:48:41,402 - [ENV] - --- EPISODE START | Scenario: ASCEND | Start: [0.64494743 0.41567442 0.41      ] | Goal: [0.64494743 0.41567442 0.55      ] | DriftLimit: 0.0357 | FloorLimit: 0.4741 ---
2026-04-24 00:48:41,595 - [ENV] - TERMINATED (Ascend): Tube Drift = 0.0430m (Max 0.0357m) at step 2
2026-04-24 00:48:41,595 - [ENV] - Episode ended without success at step 2. Final dist: 0.1235m
2026-04-24 00:48:41,596 - [ENV] - --- EPISODE START | Scenario: DESCEND | Start: [0.93244885 0.15959567 0.55      ] | Goal: [0.93244885 0.15959567 0.415     ] | DriftLimit: 0.0357 | FloorLimit: 0.4741 ---
2026-04-24 00:48:41,791 - [ENV] - SUCCESS: Goal reached in 5 steps. Dist = 0.0094m
2026-04-24 00:48:41,792 - [ENV] - --- EPISODE START | Scenario: TRANSIT | Start: [0.82858988 0.08773406 0.55      ] | Goal: [0.88514171 0.1757622  0.55      ] | DriftLimit: 0.0357 | FloorLimit: 0.4741 ---
2026-04-24 00:48:42,157 - [ENV] - SUCCESS: Goal reached in 10 steps. Dist = 0.0096m
2026-04-24 00:48:42,158 - [ENV] - --- EPISODE START | Scenario: DESCEND | Start: [1.15086019 0.34168703 0.55      ] | Goal: [1.15086019 0.34168703 0.415     ] | DriftLimit: 0.0357 | FloorLimit: 0.4742 ---
2026-04-24 00:48:42,660 - [ENV] - SUCCESS: Goal reached in 15 steps. Dist = 0.0093m
2026-04-24 00:48:42,661 - [ENV] - --- EPISODE START | Scenario: DESCEND | Start: [0.75882615 0.452728   0.55      ] | Goal: [0.75882615 0.452728   0.415     ] | DriftLimit: 0.0357 | FloorLimit: 0.4742 ---
2026-04-24 00:48:48,265 - [ENV] - --- EPISODE START | Scenario: ASCEND | Start: [0.83202424 0.13173885 0.41      ] | Goal: [0.83202424 0.13173885 0.55      ] | DriftLimit: 0.0356 | FloorLimit: 0.4742 ---
2026-04-24 00:48:48,469 - [ENV] - TERMINATED (Ascend): Tube Drift = 0.0501m (Max 0.0356m) at step 2
2026-04-24 00:48:48,470 - [ENV] - Episode ended without success at step 2. Final dist: 0.1184m
2026-04-24 00:48:48,470 - [ENV] - --- EPISODE START | Scenario: DESCEND | Start: [0.81511977 0.47361726 0.55      ] | Goal: [0.81511977 0.47361726 0.415     ] | DriftLimit: 0.0356 | FloorLimit: 0.4742 ---
2026-04-24 00:48:54,640 - [ENV] - --- EPISODE START | Scenario: TRANSIT | Start: [0.82701772 0.09772471 0.55      ] | Goal: [1.14120582 0.38354557 0.55      ] | DriftLimit: 0.0355 | FloorLimit: 0.4743 ---
2026-04-24 00:49:00,959 - [ENV] - --- EPISODE START | Scenario: ASCEND | Start: [1.00377967 0.18038261 0.41      ] | Goal: [1.00377967 0.18038261 0.55      ] | DriftLimit: 0.0353 | FloorLimit: 0.4744 ---
2026-04-24 00:49:01,115 - [ENV] - TERMINATED (Ascend): Tube Drift = 0.0658m (Max 0.0353m) at step 2
2026-04-24 00:49:01,115 - [ENV] - Episode ended without success at step 2. Final dist: 0.1138m
2026-04-24 00:49:01,116 - [ENV] - --- EPISODE START | Scenario: TRANSIT | Start: [1.08002118 0.25307064 0.55      ] | Goal: [1.00206481 0.09648591 0.55      ] | DriftLimit: 0.0353 | FloorLimit: 0.4744 ---
2026-04-24 00:49:01,979 - [ENV] - SUCCESS: Goal reached in 21 steps. Dist = 0.0091m
2026-04-24 00:49:01,980 - [ENV] - --- EPISODE START | Scenario: ASCEND | Start: [0.84323947 0.00158734 0.41      ] | Goal: [0.84323947 0.00158734 0.55      ] | DriftLimit: 0.0353 | FloorLimit: 0.4744 ---
2026-04-24 00:49:02,124 - [ENV] - TERMINATED (Ascend): Tube Drift = 0.0623m (Max 0.0353m) at step 2
2026-04-24 00:49:02,125 - [ENV] - Episode ended without success at step 2. Final dist: 0.1121m
2026-04-24 00:49:02,126 - [ENV] - --- EPISODE START | Scenario: DESCEND | Start: [0.91817127 0.3093871  0.55      ] | Goal: [0.91817127 0.3093871  0.41      ] | DriftLimit: 0.0353 | FloorLimit: 0.4744 ---
2026-04-24 00:49:02,668 - [ENV] - SUCCESS: Goal reached in 15 steps. Dist = 0.0100m
2026-04-24 00:49:02,668 - [ENV] - --- EPISODE START | Scenario: TRANSIT | Start: [1.13888706 0.49762896 0.55      ] | Goal: [0.66224697 0.36134835 0.55      ] | DriftLimit: 0.0353 | FloorLimit: 0.4744 ---
2026-04-24 00:49:03,292 - [ENV] - SUCCESS: Goal reached in 15 steps. Dist = 0.0073m
2026-04-24 00:49:03,293 - [ENV] - --- EPISODE START | Scenario: DESCEND | Start: [1.05487146 0.1687523  0.55      ] | Goal: [1.05487146 0.1687523  0.41      ] | DriftLimit: 0.0353 | FloorLimit: 0.4744 ---
2026-04-24 00:49:03,692 - [ENV] - SUCCESS: Goal reached in 11 steps. Dist = 0.0097m
2026-04-24 00:49:03,693 - [ENV] - --- EPISODE START | Scenario: TRANSIT | Start: [1.09785097 0.46123633 0.55      ] | Goal: [0.76856319 0.3247752  0.55      ] | DriftLimit: 0.0353 | FloorLimit: 0.4744 ---
2026-04-24 00:49:09,109 - [ENV] - --- EPISODE START | Scenario: TRANSIT | Start: [0.83306265 0.4133804  0.55      ] | Goal: [0.6848326 0.4572604 0.55     ] | DriftLimit: 0.0351 | FloorLimit: 0.4745 ---
2026-04-24 00:49:09,449 - [ENV] - TERMINATED (Transit): Floor collision. Z = 0.4734m (Min 0.474m) at step 9
2026-04-24 00:49:09,449 - [ENV] - Episode ended without success at step 9. Final dist: 0.0781m
2026-04-24 00:49:09,450 - [ENV] - --- EPISODE START | Scenario: TRANSIT | Start: [0.90721605 0.11055624 0.55      ] | Goal: [ 0.84391425 -0.01448663  0.55      ] | DriftLimit: 0.0351 | FloorLimit: 0.4745 ---
2026-04-24 00:49:10,741 - [ENV] - SUCCESS: Goal reached in 36 steps. Dist = 0.0096m
2026-04-24 00:49:10,743 - [ENV] - --- EPISODE START | Scenario: TRANSIT | Start: [0.62842575 0.52637242 0.55      ] | Goal: [1.01633039 0.52434135 0.55      ] | DriftLimit: 0.0351 | FloorLimit: 0.4745 ---
2026-04-24 00:49:17,647 - [ENV] - --- EPISODE START | Scenario: TRANSIT | Start: [0.67526015 0.03361495 0.55      ] | Goal: [1.03540428 0.12747535 0.55      ] | DriftLimit: 0.0350 | FloorLimit: 0.4746 ---
2026-04-24 00:49:18,288 - [ENV] - SUCCESS: Goal reached in 13 steps. Dist = 0.0073m
2026-04-24 00:49:18,289 - [ENV] - --- EPISODE START | Scenario: DESCEND | Start: [0.95488378 0.30319016 0.55      ] | Goal: [0.95488378 0.30319016 0.41      ] | DriftLimit: 0.0350 | FloorLimit: 0.4746 ---
2026-04-24 00:49:19,073 - [ENV] - SUCCESS: Goal reached in 11 steps. Dist = 0.0095m
2026-04-24 00:49:19,074 - [ENV] - --- EPISODE START | Scenario: TRANSIT | Start: [0.72839622 0.42593198 0.55      ] | Goal: [0.60852186 0.27207214 0.55      ] | DriftLimit: 0.0350 | FloorLimit: 0.4746 ---
2026-04-24 00:49:19,651 - [ENV] - SUCCESS: Goal reached in 17 steps. Dist = 0.0093m
2026-04-24 00:49:19,652 - [ENV] - --- EPISODE START | Scenario: ASCEND | Start: [0.96478233 0.02185517 0.41      ] | Goal: [0.96478233 0.02185517 0.55      ] | DriftLimit: 0.0350 | FloorLimit: 0.4746 ---
2026-04-24 00:49:19,799 - [ENV] - TERMINATED (Ascend): Tube Drift = 0.0592m (Max 0.0350m) at step 2
2026-04-24 00:49:19,799 - [ENV] - Episode ended without success at step 2. Final dist: 0.1119m
2026-04-24 00:49:19,800 - [ENV] - --- EPISODE START | Scenario: DESCEND | Start: [1.09325134 0.02306374 0.55      ] | Goal: [1.09325134 0.02306374 0.415     ] | DriftLimit: 0.0350 | FloorLimit: 0.4746 ---
2026-04-24 00:49:20,011 - [ENV] - SUCCESS: Goal reached in 4 steps. Dist = 0.0057m
2026-04-24 00:49:20,012 - [ENV] - --- EPISODE START | Scenario: TRANSIT | Start: [1.12548654 0.07369742 0.55      ] | Goal: [1.03612995 0.49517755 0.55      ] | DriftLimit: 0.0350 | FloorLimit: 0.4746 ---
2026-04-24 00:49:25,625 - [ENV] - --- EPISODE START | Scenario: DESCEND | Start: [0.64669635 0.39465575 0.55      ] | Goal: [0.64669635 0.39465575 0.415     ] | DriftLimit: 0.0348 | FloorLimit: 0.4746 ---
2026-04-24 00:49:28,990 - [ENV] - SUCCESS: Goal reached in 91 steps. Dist = 0.0100m
2026-04-24 00:49:28,990 - [ENV] - --- EPISODE START | Scenario: TRANSIT | Start: [1.01118782 0.50752956 0.55      ] | Goal: [1.10357943 0.23627454 0.55      ] | DriftLimit: 0.0348 | FloorLimit: 0.4747 ---
2026-04-24 00:49:36,739 - [ENV] - --- EPISODE START | Scenario: DESCEND | Start: [0.90824591 0.46147811 0.55      ] | Goal: [0.90824591 0.46147811 0.41      ] | DriftLimit: 0.0346 | FloorLimit: 0.4747 ---
2026-04-24 00:49:41,298 - [ENV] - TERMINATED (Descend): Tube Drift = 0.0348m (Max 0.0345m) at step 153
2026-04-24 00:49:41,298 - [ENV] - Episode ended without success at step 153. Final dist: 0.0357m
2026-04-24 00:49:41,298 - [ENV] - --- EPISODE START | Scenario: DESCEND | Start: [1.02098635 0.26638683 0.55      ] | Goal: [1.02098635 0.26638683 0.415     ] | DriftLimit: 0.0345 | FloorLimit: 0.4748 ---
2026-04-24 00:49:41,942 - [ENV] - SUCCESS: Goal reached in 17 steps. Dist = 0.0098m
2026-04-24 00:49:41,943 - [ENV] - --- EPISODE START | Scenario: DESCEND | Start: [1.01488981 0.02294381 0.55      ] | Goal: [1.01488981 0.02294381 0.41      ] | DriftLimit: 0.0345 | FloorLimit: 0.4748 ---
2026-04-24 00:49:42,817 - [ENV] - SUCCESS: Goal reached in 18 steps. Dist = 0.0099m
2026-04-24 00:49:42,818 - [ENV] - --- EPISODE START | Scenario: ASCEND | Start: [0.79423496 0.09778391 0.41      ] | Goal: [0.79423496 0.09778391 0.55      ] | DriftLimit: 0.0345 | FloorLimit: 0.4748 ---
2026-04-24 00:49:43,002 - [ENV] - TERMINATED (Ascend): Tube Drift = 0.0532m (Max 0.0345m) at step 2
2026-04-24 00:49:43,003 - [ENV] - Episode ended without success at step 2. Final dist: 0.1272m
2026-04-24 00:49:43,004 - [ENV] - --- EPISODE START | Scenario: ASCEND | Start: [1.070398   0.35993474 0.41      ] | Goal: [1.070398   0.35993474 0.55      ] | DriftLimit: 0.0345 | FloorLimit: 0.4748 ---
2026-04-24 00:49:43,216 - [ENV] - TERMINATED (Ascend): Tube Drift = 0.0658m (Max 0.0345m) at step 2
2026-04-24 00:49:43,216 - [ENV] - Episode ended without success at step 2. Final dist: 0.1144m
2026-04-24 00:49:43,217 - [ENV] - --- EPISODE START | Scenario: TRANSIT | Start: [1.15228988 0.40757185 0.55      ] | Goal: [0.60165475 0.46793947 0.55      ] | DriftLimit: 0.0345 | FloorLimit: 0.4748 ---
2026-04-24 00:49:49,138 - [ENV] - --- EPISODE START | Scenario: ASCEND | Start: [0.7485079  0.26075556 0.41      ] | Goal: [0.7485079  0.26075556 0.55      ] | DriftLimit: 0.0344 | FloorLimit: 0.4749 ---
2026-04-24 00:49:49,348 - [ENV] - TERMINATED (Ascend): Tube Drift = 0.0556m (Max 0.0344m) at step 2
2026-04-24 00:49:49,348 - [ENV] - Episode ended without success at step 2. Final dist: 0.1340m
2026-04-24 00:49:49,349 - [ENV] - --- EPISODE START | Scenario: TRANSIT | Start: [0.74777686 0.01038932 0.55      ] | Goal: [0.61205945 0.41599383 0.55      ] | DriftLimit: 0.0344 | FloorLimit: 0.4749 ---
2026-04-24 00:49:55,312 - [ENV] - --- EPISODE START | Scenario: DESCEND | Start: [0.7536268  0.13517689 0.55      ] | Goal: [0.7536268  0.13517689 0.415     ] | DriftLimit: 0.0342 | FloorLimit: 0.4750 ---
2026-04-24 00:49:55,572 - [ENV] - SUCCESS: Goal reached in 7 steps. Dist = 0.0097m
2026-04-24 00:49:55,572 - [ENV] - --- EPISODE START | Scenario: DESCEND | Start: [0.67306015 0.3823482  0.55      ] | Goal: [0.67306015 0.3823482  0.41      ] | DriftLimit: 0.0342 | FloorLimit: 0.4750 ---
2026-04-24 00:50:24,992 - [ENV] - --- EPISODE START | Scenario: TRANSIT | Start: [1.01260088 0.27346446 0.55      ] | Goal: [1.10751947 0.00306902 0.55      ] | DriftLimit: 0.0341 | FloorLimit: 0.4750 ---
2026-04-24 00:50:31,120 - [ENV] - --- EPISODE START | Scenario: TRANSIT | Start: [0.90021426 0.31090184 0.55      ] | Goal: [0.75799577 0.03191406 0.55      ] | DriftLimit: 0.0340 | FloorLimit: 0.4751 ---
2026-04-24 00:50:31,669 - [ENV] - SUCCESS: Goal reached in 17 steps. Dist = 0.0091m
2026-04-24 00:50:31,670 - [ENV] - --- EPISODE START | Scenario: TRANSIT | Start: [0.74068184 0.38955443 0.55      ] | Goal: [1.07240075 0.39526895 0.55      ] | DriftLimit: 0.0340 | FloorLimit: 0.4751 ---
2026-04-24 00:50:37,762 - [ENV] - --- EPISODE START | Scenario: ASCEND | Start: [0.97330546 0.26732453 0.41      ] | Goal: [0.97330546 0.26732453 0.55      ] | DriftLimit: 0.0338 | FloorLimit: 0.4752 ---
2026-04-24 00:50:38,067 - [ENV] - TERMINATED (Ascend): Tube Drift = 0.0689m (Max 0.0338m) at step 2
2026-04-24 00:50:38,068 - [ENV] - Episode ended without success at step 2. Final dist: 0.1161m
2026-04-24 00:50:38,068 - [ENV] - --- EPISODE START | Scenario: DESCEND | Start: [1.09713584 0.384414   0.55      ] | Goal: [1.09713584 0.384414   0.415     ] | DriftLimit: 0.0338 | FloorLimit: 0.4752 ---
2026-04-24 00:50:40,777 - [ENV] - SUCCESS: Goal reached in 84 steps. Dist = 0.0099m
2026-04-24 00:50:40,778 - [ENV] - --- EPISODE START | Scenario: ASCEND | Start: [0.98772312 0.26306158 0.41      ] | Goal: [0.98772312 0.26306158 0.55      ] | DriftLimit: 0.0338 | FloorLimit: 0.4752 ---
2026-04-24 00:50:40,942 - [ENV] - TERMINATED (Ascend): Tube Drift = 0.0663m (Max 0.0338m) at step 2
2026-04-24 00:50:40,942 - [ENV] - Episode ended without success at step 2. Final dist: 0.1146m
2026-04-24 00:50:40,943 - [ENV] - --- EPISODE START | Scenario: TRANSIT | Start: [0.74463916 0.19693214 0.55      ] | Goal: [0.66287693 0.41428522 0.55      ] | DriftLimit: 0.0338 | FloorLimit: 0.4752 ---
2026-04-24 00:50:41,328 - [ENV] - TERMINATED (Transit): Floor collision. Z = 0.4738m (Min 0.475m) at step 11
2026-04-24 00:50:41,328 - [ENV] - Episode ended without success at step 11. Final dist: 0.0788m
2026-04-24 00:50:41,328 - [ENV] - --- EPISODE START | Scenario: DESCEND | Start: [1.01510161 0.17147188 0.55      ] | Goal: [1.01510161 0.17147188 0.41      ] | DriftLimit: 0.0338 | FloorLimit: 0.4752 ---
2026-04-24 00:50:41,929 - [ENV] - SUCCESS: Goal reached in 17 steps. Dist = 0.0100m
2026-04-24 00:50:41,930 - [ENV] - --- EPISODE START | Scenario: TRANSIT | Start: [0.60232769 0.10478188 0.55      ] | Goal: [1.09764908 0.17994341 0.55      ] | DriftLimit: 0.0337 | FloorLimit: 0.4752 ---
2026-04-24 00:50:49,050 - [ENV] - SUCCESS: Goal reached in 170 steps. Dist = 0.0097m
2026-04-24 00:50:49,050 - [ENV] - --- EPISODE START | Scenario: ASCEND | Start: [0.74403796 0.40012346 0.41      ] | Goal: [0.74403796 0.40012346 0.55      ] | DriftLimit: 0.0336 | FloorLimit: 0.4753 ---
2026-04-24 00:50:49,233 - [ENV] - TERMINATED (Ascend): Tube Drift = 0.0524m (Max 0.0336m) at step 2
2026-04-24 00:50:49,234 - [ENV] - Episode ended without success at step 2. Final dist: 0.1331m
2026-04-24 00:50:49,235 - [ENV] - --- EPISODE START | Scenario: ASCEND | Start: [0.89579599 0.33979723 0.41      ] | Goal: [0.89579599 0.33979723 0.55      ] | DriftLimit: 0.0336 | FloorLimit: 0.4753 ---
2026-04-24 00:50:49,440 - [ENV] - TERMINATED (Ascend): Tube Drift = 0.0600m (Max 0.0336m) at step 2
2026-04-24 00:50:49,440 - [ENV] - Episode ended without success at step 2. Final dist: 0.1171m
2026-04-24 00:50:49,441 - [ENV] - --- EPISODE START | Scenario: DESCEND | Start: [0.76218418 0.26020705 0.55      ] | Goal: [0.76218418 0.26020705 0.41      ] | DriftLimit: 0.0336 | FloorLimit: 0.4753 ---
2026-04-24 00:50:55,676 - [ENV] - SUCCESS: Goal reached in 167 steps. Dist = 0.0099m
2026-04-24 00:50:55,676 - [ENV] - --- EPISODE START | Scenario: TRANSIT | Start: [0.83105008 0.1512511  0.55      ] | Goal: [0.82236378 0.04445759 0.55      ] | DriftLimit: 0.0335 | FloorLimit: 0.4754 ---
2026-04-24 00:50:56,140 - [ENV] - SUCCESS: Goal reached in 13 steps. Dist = 0.0096m
2026-04-24 00:50:56,141 - [ENV] - --- EPISODE START | Scenario: DESCEND | Start: [0.92072866 0.24640562 0.55      ] | Goal: [0.92072866 0.24640562 0.415     ] | DriftLimit: 0.0335 | FloorLimit: 0.4754 ---
2026-04-24 00:50:56,678 - [ENV] - SUCCESS: Goal reached in 15 steps. Dist = 0.0098m
2026-04-24 00:50:56,679 - [ENV] - --- EPISODE START | Scenario: DESCEND | Start: [0.95134426 0.03455355 0.55      ] | Goal: [0.95134426 0.03455355 0.41      ] | DriftLimit: 0.0335 | FloorLimit: 0.4754 ---
2026-04-24 00:50:57,006 - [ENV] - SUCCESS: Goal reached in 9 steps. Dist = 0.0090m
2026-04-24 00:50:57,006 - [ENV] - --- EPISODE START | Scenario: ASCEND | Start: [0.893061   0.48659597 0.41      ] | Goal: [0.893061   0.48659597 0.55      ] | DriftLimit: 0.0335 | FloorLimit: 0.4754 ---
2026-04-24 00:50:57,162 - [ENV] - TERMINATED (Ascend): Tube Drift = 0.0610m (Max 0.0335m) at step 2
2026-04-24 00:50:57,163 - [ENV] - Episode ended without success at step 2. Final dist: 0.1124m
2026-04-24 00:50:57,164 - [ENV] - --- EPISODE START | Scenario: TRANSIT | Start: [0.96800228 0.22133024 0.55      ] | Goal: [0.82640848 0.30760683 0.55      ] | DriftLimit: 0.0335 | FloorLimit: 0.4754 ---
2026-04-24 00:50:57,465 - [ENV] - SUCCESS: Goal reached in 7 steps. Dist = 0.0090m
2026-04-24 00:50:57,466 - [ENV] - --- EPISODE START | Scenario: DESCEND | Start: [0.95967721 0.00761481 0.55      ] | Goal: [0.95967721 0.00761481 0.415     ] | DriftLimit: 0.0335 | FloorLimit: 0.4754 ---
2026-04-24 00:50:57,621 - [ENV] - SUCCESS: Goal reached in 4 steps. Dist = 0.0089m
2026-04-24 00:50:57,622 - [ENV] - --- EPISODE START | Scenario: ASCEND | Start: [0.65323801 0.01234685 0.41      ] | Goal: [0.65323801 0.01234685 0.55      ] | DriftLimit: 0.0335 | FloorLimit: 0.4754 ---
2026-04-24 00:50:57,797 - [ENV] - TERMINATED (Ascend): Tube Drift = 0.0615m (Max 0.0335m) at step 2
2026-04-24 00:50:57,797 - [ENV] - Episode ended without success at step 2. Final dist: 0.1231m
2026-04-24 00:50:57,799 - [ENV] - --- EPISODE START | Scenario: ASCEND | Start: [0.86308677 0.30565104 0.41      ] | Goal: [0.86308677 0.30565104 0.55      ] | DriftLimit: 0.0335 | FloorLimit: 0.4754 ---
2026-04-24 00:50:57,984 - [ENV] - TERMINATED (Ascend): Tube Drift = 0.0521m (Max 0.0335m) at step 2
2026-04-24 00:50:57,985 - [ENV] - Episode ended without success at step 2. Final dist: 0.1329m
2026-04-24 00:50:57,986 - [ENV] - --- EPISODE START | Scenario: DESCEND | Start: [1.00838943 0.46429494 0.55      ] | Goal: [1.00838943 0.46429494 0.415     ] | DriftLimit: 0.0335 | FloorLimit: 0.4754 ---
2026-04-24 00:50:58,378 - [ENV] - TERMINATED (Descend): Tube Drift = 0.0336m (Max 0.0334m) at step 11
2026-04-24 00:50:58,378 - [ENV] - Episode ended without success at step 11. Final dist: 0.0337m
2026-04-24 00:50:58,379 - [ENV] - --- EPISODE START | Scenario: DESCEND | Start: [0.83724758 0.26307383 0.55      ] | Goal: [0.83724758 0.26307383 0.41      ] | DriftLimit: 0.0334 | FloorLimit: 0.4754 ---
2026-04-24 00:50:59,370 - [ENV] - SUCCESS: Goal reached in 29 steps. Dist = 0.0099m
2026-04-24 00:50:59,371 - [ENV] - --- EPISODE START | Scenario: ASCEND | Start: [0.66818874 0.22957045 0.41      ] | Goal: [0.66818874 0.22957045 0.55      ] | DriftLimit: 0.0334 | FloorLimit: 0.4754 ---
2026-04-24 00:50:59,826 - [ENV] - TERMINATED (Ascend): Tube Drift = 0.0413m (Max 0.0334m) at step 7
2026-04-24 00:50:59,826 - [ENV] - Episode ended without success at step 7. Final dist: 0.1103m
2026-04-24 00:50:59,848 - [ENV] - --- EPISODE START | Scenario: ASCEND | Start: [0.85800219 0.51407439 0.41      ] | Goal: [0.85800219 0.51407439 0.55      ] | DriftLimit: 0.0334 | FloorLimit: 0.4754 ---
2026-04-24 00:51:00,005 - [ENV] - TERMINATED (Ascend): Tube Drift = 0.0621m (Max 0.0334m) at step 2
2026-04-24 00:51:00,006 - [ENV] - Episode ended without success at step 2. Final dist: 0.1144m
2026-04-24 00:51:00,006 - [ENV] - --- EPISODE START | Scenario: DESCEND | Start: [0.78318742 0.16829489 0.55      ] | Goal: [0.78318742 0.16829489 0.41      ] | DriftLimit: 0.0334 | FloorLimit: 0.4754 ---
2026-04-24 00:51:01,604 - [ENV] - SUCCESS: Goal reached in 33 steps. Dist = 0.0100m
2026-04-24 00:51:01,604 - [ENV] - --- EPISODE START | Scenario: TRANSIT | Start: [1.12185385 0.1817212  0.55      ] | Goal: [0.796682   0.01399715 0.55      ] | DriftLimit: 0.0334 | FloorLimit: 0.4754 ---
2026-04-24 00:51:02,845 - [ENV] - SUCCESS: Goal reached in 27 steps. Dist = 0.0097m
2026-04-24 00:51:02,846 - [ENV] - --- EPISODE START | Scenario: ASCEND | Start: [1.13615773 0.21363563 0.41      ] | Goal: [1.13615773 0.21363563 0.55      ] | DriftLimit: 0.0334 | FloorLimit: 0.4754 ---
2026-04-24 00:51:02,995 - [ENV] - TERMINATED (Ascend): Tube Drift = 0.0612m (Max 0.0334m) at step 2
2026-04-24 00:51:02,995 - [ENV] - Episode ended without success at step 2. Final dist: 0.1116m
2026-04-24 00:51:02,996 - [ENV] - --- EPISODE START | Scenario: TRANSIT | Start: [0.98688394 0.47810322 0.55      ] | Goal: [0.80465477 0.00660704 0.55      ] | DriftLimit: 0.0334 | FloorLimit: 0.4754 ---
2026-04-24 00:51:04,000 - [ENV] - SUCCESS: Goal reached in 26 steps. Dist = 0.0092m
2026-04-24 00:51:04,001 - [ENV] - --- EPISODE START | Scenario: TRANSIT | Start: [0.89229421 0.28842717 0.55      ] | Goal: [0.70369216 0.15350146 0.55      ] | DriftLimit: 0.0334 | FloorLimit: 0.4754 ---
2026-04-24 00:51:04,966 - [ENV] - SUCCESS: Goal reached in 27 steps. Dist = 0.0095m
2026-04-24 00:51:04,967 - [ENV] - --- EPISODE START | Scenario: TRANSIT | Start: [0.96509768 0.19274568 0.55      ] | Goal: [0.78729456 0.48578962 0.55      ] | DriftLimit: 0.0333 | FloorLimit: 0.4755 ---
2026-04-24 00:51:11,022 - [ENV] - --- EPISODE START | Scenario: ASCEND | Start: [1.04394753 0.0373572  0.41      ] | Goal: [1.04394753 0.0373572  0.55      ] | DriftLimit: 0.0332 | FloorLimit: 0.4755 ---
2026-04-24 00:51:11,164 - [ENV] - TERMINATED (Ascend): Tube Drift = 0.0594m (Max 0.0332m) at step 2
2026-04-24 00:51:11,164 - [ENV] - Episode ended without success at step 2. Final dist: 0.1086m
2026-04-24 00:51:11,165 - [ENV] - --- EPISODE START | Scenario: DESCEND | Start: [1.08046276 0.22016387 0.55      ] | Goal: [1.08046276 0.22016387 0.41      ] | DriftLimit: 0.0332 | FloorLimit: 0.4755 ---
2026-04-24 00:51:15,864 - [ENV] - SUCCESS: Goal reached in 113 steps. Dist = 0.0099m
2026-04-24 00:51:15,864 - [ENV] - --- EPISODE START | Scenario: ASCEND | Start: [1.06994878 0.27839554 0.41      ] | Goal: [1.06994878 0.27839554 0.55      ] | DriftLimit: 0.0331 | FloorLimit: 0.4756 ---
2026-04-24 00:51:16,034 - [ENV] - TERMINATED (Ascend): Tube Drift = 0.0691m (Max 0.0331m) at step 2
2026-04-24 00:51:16,034 - [ENV] - Episode ended without success at step 2. Final dist: 0.1152m
2026-04-24 00:51:16,035 - [ENV] - --- EPISODE START | Scenario: DESCEND | Start: [0.86668611 0.36803024 0.55      ] | Goal: [0.86668611 0.36803024 0.415     ] | DriftLimit: 0.0331 | FloorLimit: 0.4756 ---
2026-04-24 00:51:22,982 - [ENV] - --- EPISODE START | Scenario: ASCEND | Start: [0.82447706 0.43437388 0.41      ] | Goal: [0.82447706 0.43437388 0.55      ] | DriftLimit: 0.0330 | FloorLimit: 0.4756 ---
2026-04-24 00:51:23,148 - [ENV] - TERMINATED (Ascend): Tube Drift = 0.0412m (Max 0.0330m) at step 2
2026-04-24 00:51:23,148 - [ENV] - Episode ended without success at step 2. Final dist: 0.1250m
2026-04-24 00:51:23,149 - [ENV] - --- EPISODE START | Scenario: ASCEND | Start: [1.08351972 0.02279172 0.41      ] | Goal: [1.08351972 0.02279172 0.55      ] | DriftLimit: 0.0330 | FloorLimit: 0.4756 ---
2026-04-24 00:51:23,310 - [ENV] - TERMINATED (Ascend): Tube Drift = 0.0596m (Max 0.0330m) at step 2
2026-04-24 00:51:23,310 - [ENV] - Episode ended without success at step 2. Final dist: 0.1091m
2026-04-24 00:51:23,311 - [ENV] - --- EPISODE START | Scenario: ASCEND | Start: [0.72462829 0.32744218 0.41      ] | Goal: [0.72462829 0.32744218 0.55      ] | DriftLimit: 0.0330 | FloorLimit: 0.4756 ---
2026-04-24 00:51:23,510 - [ENV] - TERMINATED (Ascend): Tube Drift = 0.0377m (Max 0.0330m) at step 2
2026-04-24 00:51:23,510 - [ENV] - Episode ended without success at step 2. Final dist: 0.1299m
2026-04-24 00:51:23,511 - [ENV] - --- EPISODE START | Scenario: DESCEND | Start: [0.84126839 0.15327423 0.55      ] | Goal: [0.84126839 0.15327423 0.41      ] | DriftLimit: 0.0330 | FloorLimit: 0.4756 ---
2026-04-24 00:51:25,414 - [ENV] - SUCCESS: Goal reached in 62 steps. Dist = 0.0098m
2026-04-24 00:51:25,414 - [ENV] - --- EPISODE START | Scenario: TRANSIT | Start: [0.93407741 0.08223709 0.55      ] | Goal: [1.13278267 0.15422758 0.55      ] | DriftLimit: 0.0329 | FloorLimit: 0.4757 ---
2026-04-24 00:51:25,703 - [ENV] - SUCCESS: Goal reached in 7 steps. Dist = 0.0043m
2026-04-24 00:51:25,704 - [ENV] - --- EPISODE START | Scenario: TRANSIT | Start: [0.67130218 0.24153365 0.55      ] | Goal: [0.66270137 0.42936099 0.55      ] | DriftLimit: 0.0329 | FloorLimit: 0.4757 ---
2026-04-24 00:51:26,129 - [ENV] - TERMINATED (Transit): Floor collision. Z = 0.4715m (Min 0.476m) at step 12
2026-04-24 00:51:26,129 - [ENV] - Episode ended without success at step 12. Final dist: 0.0805m
2026-04-24 00:51:26,130 - [ENV] - --- EPISODE START | Scenario: TRANSIT | Start: [1.15543753 0.01625993 0.55      ] | Goal: [0.73101549 0.07897034 0.55      ] | DriftLimit: 0.0329 | FloorLimit: 0.4757 ---
2026-04-24 00:51:27,087 - [ENV] - SUCCESS: Goal reached in 27 steps. Dist = 0.0099m
2026-04-24 00:51:27,087 - [ENV] - --- EPISODE START | Scenario: ASCEND | Start: [0.90804553 0.26857414 0.41      ] | Goal: [0.90804553 0.26857414 0.55      ] | DriftLimit: 0.0329 | FloorLimit: 0.4757 ---
2026-04-24 00:51:27,253 - [ENV] - TERMINATED (Ascend): Tube Drift = 0.0544m (Max 0.0329m) at step 2
2026-04-24 00:51:27,253 - [ENV] - Episode ended without success at step 2. Final dist: 0.1060m
2026-04-24 00:51:27,254 - [ENV] - --- EPISODE START | Scenario: ASCEND | Start: [ 1.12064118 -0.00480351  0.41      ] | Goal: [ 1.12064118 -0.00480351  0.55      ] | DriftLimit: 0.0329 | FloorLimit: 0.4757 ---
2026-04-24 00:51:27,402 - [ENV] - TERMINATED (Ascend): Tube Drift = 0.0615m (Max 0.0329m) at step 2
2026-04-24 00:51:27,403 - [ENV] - Episode ended without success at step 2. Final dist: 0.1109m
2026-04-24 00:51:27,404 - [ENV] - --- EPISODE START | Scenario: DESCEND | Start: [0.64507618 0.02653351 0.55      ] | Goal: [0.64507618 0.02653351 0.415     ] | DriftLimit: 0.0329 | FloorLimit: 0.4757 ---
2026-04-24 00:51:27,672 - [ENV] - SUCCESS: Goal reached in 6 steps. Dist = 0.0074m
2026-04-24 00:51:27,673 - [ENV] - --- EPISODE START | Scenario: TRANSIT | Start: [1.12601489 0.3515959  0.55      ] | Goal: [0.63198892 0.48355937 0.55      ] | DriftLimit: 0.0329 | FloorLimit: 0.4757 ---
2026-04-24 00:51:28,226 - [ENV] - SUCCESS: Goal reached in 17 steps. Dist = 0.0084m
2026-04-24 00:51:28,227 - [ENV] - --- EPISODE START | Scenario: TRANSIT | Start: [1.10889312 0.05409165 0.55      ] | Goal: [0.75191118 0.29993593 0.55      ] | DriftLimit: 0.0329 | FloorLimit: 0.4757 ---
2026-04-24 00:51:28,632 - [ENV] - SUCCESS: Goal reached in 11 steps. Dist = 0.0058m
2026-04-24 00:51:28,633 - [ENV] - --- EPISODE START | Scenario: ASCEND | Start: [0.9315132  0.23053791 0.41      ] | Goal: [0.9315132  0.23053791 0.55      ] | DriftLimit: 0.0329 | FloorLimit: 0.4757 ---
2026-04-24 00:51:28,866 - [ENV] - TERMINATED (Ascend): Tube Drift = 0.0660m (Max 0.0329m) at step 2
2026-04-24 00:51:28,867 - [ENV] - Episode ended without success at step 2. Final dist: 0.1158m
2026-04-24 00:51:28,868 - [ENV] - --- EPISODE START | Scenario: ASCEND | Start: [0.73221184 0.41690634 0.41      ] | Goal: [0.73221184 0.41690634 0.55      ] | DriftLimit: 0.0329 | FloorLimit: 0.4757 ---
2026-04-24 00:51:29,050 - [ENV] - TERMINATED (Ascend): Tube Drift = 0.0519m (Max 0.0329m) at step 2
2026-04-24 00:51:29,051 - [ENV] - Episode ended without success at step 2. Final dist: 0.1330m
2026-04-24 00:51:29,052 - [ENV] - --- EPISODE START | Scenario: TRANSIT | Start: [1.06179262 0.116746   0.55      ] | Goal: [0.66021468 0.10673196 0.55      ] | DriftLimit: 0.0329 | FloorLimit: 0.4757 ---
2026-04-24 00:51:30,657 - [ENV] - SUCCESS: Goal reached in 39 steps. Dist = 0.0087m
2026-04-24 00:51:30,658 - [ENV] - --- EPISODE START | Scenario: DESCEND | Start: [0.94217343 0.44669432 0.55      ] | Goal: [0.94217343 0.44669432 0.415     ] | DriftLimit: 0.0328 | FloorLimit: 0.4757 ---
2026-04-24 00:51:38,297 - [ENV] - --- EPISODE START | Scenario: DESCEND | Start: [0.93769257 0.05054489 0.55      ] | Goal: [0.93769257 0.05054489 0.415     ] | DriftLimit: 0.0327 | FloorLimit: 0.4758 ---
2026-04-24 00:51:44,544 - [ENV] - --- EPISODE START | Scenario: ASCEND | Start: [1.01259848 0.11657099 0.41      ] | Goal: [1.01259848 0.11657099 0.55      ] | DriftLimit: 0.0326 | FloorLimit: 0.4759 ---
2026-04-24 00:51:44,717 - [ENV] - TERMINATED (Ascend): Tube Drift = 0.0598m (Max 0.0326m) at step 2
2026-04-24 00:51:44,717 - [ENV] - Episode ended without success at step 2. Final dist: 0.1094m
2026-04-24 00:51:44,718 - [ENV] - --- EPISODE START | Scenario: DESCEND | Start: [0.9030544  0.45280689 0.55      ] | Goal: [0.9030544  0.45280689 0.415     ] | DriftLimit: 0.0326 | FloorLimit: 0.4759 ---
2026-04-24 00:51:50,083 - [ENV] - --- EPISODE START | Scenario: DESCEND | Start: [1.07504343 0.0341024  0.55      ] | Goal: [1.07504343 0.0341024  0.415     ] | DriftLimit: 0.0325 | FloorLimit: 0.4759 ---
2026-04-24 00:51:50,352 - [ENV] - SUCCESS: Goal reached in 4 steps. Dist = 0.0098m
2026-04-24 00:51:50,353 - [ENV] - --- EPISODE START | Scenario: TRANSIT | Start: [0.75872986 0.21751635 0.55      ] | Goal: [0.81049374 0.30720371 0.55      ] | DriftLimit: 0.0325 | FloorLimit: 0.4759 ---
2026-04-24 00:51:50,869 - [ENV] - TERMINATED (Transit): Floor collision. Z = 0.4755m (Min 0.476m) at step 14
2026-04-24 00:51:50,870 - [ENV] - Episode ended without success at step 14. Final dist: 0.0761m
2026-04-24 00:51:50,870 - [ENV] - --- EPISODE START | Scenario: DESCEND | Start: [0.81591932 0.1919463  0.55      ] | Goal: [0.81591932 0.1919463  0.415     ] | DriftLimit: 0.0324 | FloorLimit: 0.4759 ---
2026-04-24 00:51:51,614 - [ENV] - SUCCESS: Goal reached in 24 steps. Dist = 0.0099m
2026-04-24 00:51:51,615 - [ENV] - --- EPISODE START | Scenario: DESCEND | Start: [0.85341901 0.36677268 0.55      ] | Goal: [0.85341901 0.36677268 0.41      ] | DriftLimit: 0.0324 | FloorLimit: 0.4759 ---
2026-04-24 00:51:53,104 - [ENV] - SUCCESS: Goal reached in 22 steps. Dist = 0.0098m
2026-04-24 00:51:53,106 - [ENV] - --- EPISODE START | Scenario: TRANSIT | Start: [0.82942331 0.10559547 0.55      ] | Goal: [0.98180317 0.39529828 0.55      ] | DriftLimit: 0.0324 | FloorLimit: 0.4760 ---
2026-04-24 00:51:54,307 - [ENV] - SUCCESS: Goal reached in 25 steps. Dist = 0.0100m
2026-04-24 00:51:54,309 - [ENV] - --- EPISODE START | Scenario: ASCEND | Start: [0.69141492 0.14295978 0.41      ] | Goal: [0.69141492 0.14295978 0.55      ] | DriftLimit: 0.0324 | FloorLimit: 0.4760 ---
2026-04-24 00:51:54,522 - [ENV] - TERMINATED (Ascend): Tube Drift = 0.0486m (Max 0.0324m) at step 2
2026-04-24 00:51:54,523 - [ENV] - Episode ended without success at step 2. Final dist: 0.1328m
2026-04-24 00:51:54,524 - [ENV] - --- EPISODE START | Scenario: ASCEND | Start: [ 0.6006547  -0.00235973  0.41      ] | Goal: [ 0.6006547  -0.00235973  0.55      ] | DriftLimit: 0.0324 | FloorLimit: 0.4760 ---
2026-04-24 00:51:54,638 - [ENV] - TERMINATED (Ascend): Tube Drift = 0.0592m (Max 0.0324m) at step 2
2026-04-24 00:51:54,638 - [ENV] - Episode ended without success at step 2. Final dist: 0.1231m
2026-04-24 00:51:54,639 - [ENV] - --- EPISODE START | Scenario: DESCEND | Start: [0.97554409 0.15900142 0.55      ] | Goal: [0.97554409 0.15900142 0.41      ] | DriftLimit: 0.0324 | FloorLimit: 0.4760 ---
2026-04-24 00:51:55,112 - [ENV] - SUCCESS: Goal reached in 11 steps. Dist = 0.0091m
2026-04-24 00:51:55,113 - [ENV] - --- EPISODE START | Scenario: TRANSIT | Start: [0.80809823 0.04731432 0.55      ] | Goal: [0.99164751 0.2613387  0.55      ] | DriftLimit: 0.0324 | FloorLimit: 0.4760 ---
2026-04-24 00:51:55,360 - [ENV] - SUCCESS: Goal reached in 8 steps. Dist = 0.0070m
2026-04-24 00:51:55,361 - [ENV] - --- EPISODE START | Scenario: ASCEND | Start: [1.09917734 0.48947115 0.41      ] | Goal: [1.09917734 0.48947115 0.55      ] | DriftLimit: 0.0324 | FloorLimit: 0.4760 ---
2026-04-24 00:51:55,568 - [ENV] - TERMINATED (Ascend): Tube Drift = 0.0578m (Max 0.0324m) at step 2
2026-04-24 00:51:55,569 - [ENV] - Episode ended without success at step 2. Final dist: 0.1095m
2026-04-24 00:51:55,570 - [ENV] - --- EPISODE START | Scenario: ASCEND | Start: [1.07083193 0.48508357 0.41      ] | Goal: [1.07083193 0.48508357 0.55      ] | DriftLimit: 0.0324 | FloorLimit: 0.4760 ---
2026-04-24 00:51:55,801 - [ENV] - TERMINATED (Ascend): Tube Drift = 0.0599m (Max 0.0324m) at step 2
2026-04-24 00:51:55,801 - [ENV] - Episode ended without success at step 2. Final dist: 0.1108m
2026-04-24 00:51:55,802 - [ENV] - --- EPISODE START | Scenario: DESCEND | Start: [1.02676426 0.23221366 0.55      ] | Goal: [1.02676426 0.23221366 0.415     ] | DriftLimit: 0.0324 | FloorLimit: 0.4760 ---
2026-04-24 00:52:22,476 - [ENV] - --- EPISODE START | Scenario: DESCEND | Start: [0.68646449 0.1540629  0.55      ] | Goal: [0.68646449 0.1540629  0.415     ] | DriftLimit: 0.0322 | FloorLimit: 0.4760 ---
2026-04-24 00:52:22,641 - [ENV] - SUCCESS: Goal reached in 3 steps. Dist = 0.0024m
2026-04-24 00:52:22,642 - [ENV] - --- EPISODE START | Scenario: TRANSIT | Start: [0.9517724  0.20836259 0.55      ] | Goal: [0.70540108 0.53008265 0.55      ] | DriftLimit: 0.0322 | FloorLimit: 0.4760 ---
2026-04-24 00:52:23,213 - [ENV] - SUCCESS: Goal reached in 17 steps. Dist = 0.0100m
2026-04-24 00:52:23,213 - [ENV] - --- EPISODE START | Scenario: DESCEND | Start: [1.15217117 0.39074292 0.55      ] | Goal: [1.15217117 0.39074292 0.415     ] | DriftLimit: 0.0322 | FloorLimit: 0.4761 ---
2026-04-24 00:52:23,917 - [ENV] - SUCCESS: Goal reached in 21 steps. Dist = 0.0081m
2026-04-24 00:52:23,918 - [ENV] - --- EPISODE START | Scenario: TRANSIT | Start: [0.99536042 0.35072611 0.55      ] | Goal: [0.75034826 0.52608416 0.55      ] | DriftLimit: 0.0322 | FloorLimit: 0.4761 ---
2026-04-24 00:52:24,205 - [ENV] - SUCCESS: Goal reached in 8 steps. Dist = 0.0053m
2026-04-24 00:52:24,206 - [ENV] - --- EPISODE START | Scenario: DESCEND | Start: [0.64032993 0.03083133 0.55      ] | Goal: [0.64032993 0.03083133 0.415     ] | DriftLimit: 0.0322 | FloorLimit: 0.4761 ---
2026-04-24 00:52:24,438 - [ENV] - SUCCESS: Goal reached in 6 steps. Dist = 0.0063m
2026-04-24 00:52:24,439 - [ENV] - --- EPISODE START | Scenario: ASCEND | Start: [1.07825157 0.25651353 0.41      ] | Goal: [1.07825157 0.25651353 0.55      ] | DriftLimit: 0.0322 | FloorLimit: 0.4761 ---
2026-04-24 00:52:24,628 - [ENV] - TERMINATED (Ascend): Tube Drift = 0.0613m (Max 0.0322m) at step 2
2026-04-24 00:52:24,629 - [ENV] - Episode ended without success at step 2. Final dist: 0.1126m
2026-04-24 00:52:24,629 - [ENV] - --- EPISODE START | Scenario: DESCEND | Start: [0.77793798 0.51315434 0.55      ] | Goal: [0.77793798 0.51315434 0.41      ] | DriftLimit: 0.0322 | FloorLimit: 0.4761 ---
2026-04-24 00:52:24,719 - [ENV] - TERMINATED (Descend): Tube Drift = 0.0364m (Max 0.0322m) at step 1
2026-04-24 00:52:24,720 - [ENV] - Episode ended without success at step 1. Final dist: 0.1000m
2026-04-24 00:52:24,721 - [ENV] - --- EPISODE START | Scenario: ASCEND | Start: [0.85362754 0.50682835 0.41      ] | Goal: [0.85362754 0.50682835 0.55      ] | DriftLimit: 0.0322 | FloorLimit: 0.4761 ---
2026-04-24 00:52:24,872 - [ENV] - TERMINATED (Ascend): Tube Drift = 0.0635m (Max 0.0322m) at step 2
2026-04-24 00:52:24,872 - [ENV] - Episode ended without success at step 2. Final dist: 0.1162m
2026-04-24 00:52:24,873 - [ENV] - --- EPISODE START | Scenario: ASCEND | Start: [1.15668505 0.21999695 0.41      ] | Goal: [1.15668505 0.21999695 0.55      ] | DriftLimit: 0.0322 | FloorLimit: 0.4761 ---
2026-04-24 00:52:25,083 - [ENV] - TERMINATED (Ascend): Tube Drift = 0.0606m (Max 0.0322m) at step 2
2026-04-24 00:52:25,083 - [ENV] - Episode ended without success at step 2. Final dist: 0.1105m
2026-04-24 00:52:25,084 - [ENV] - --- EPISODE START | Scenario: DESCEND | Start: [1.00264997 0.14972706 0.55      ] | Goal: [1.00264997 0.14972706 0.41      ] | DriftLimit: 0.0322 | FloorLimit: 0.4761 ---
2026-04-24 00:52:25,858 - [ENV] - SUCCESS: Goal reached in 22 steps. Dist = 0.0098m
2026-04-24 00:52:25,859 - [ENV] - --- EPISODE START | Scenario: ASCEND | Start: [0.86623885 0.10743841 0.41      ] | Goal: [0.86623885 0.10743841 0.55      ] | DriftLimit: 0.0322 | FloorLimit: 0.4761 ---
2026-04-24 00:52:26,020 - [ENV] - TERMINATED (Ascend): Tube Drift = 0.0573m (Max 0.0322m) at step 2
2026-04-24 00:52:26,020 - [ENV] - Episode ended without success at step 2. Final dist: 0.1151m
2026-04-24 00:52:26,021 - [ENV] - --- EPISODE START | Scenario: TRANSIT | Start: [1.02535019 0.03677614 0.55      ] | Goal: [0.92208107 0.28368405 0.55      ] | DriftLimit: 0.0322 | FloorLimit: 0.4761 ---
2026-04-24 00:52:26,612 - [ENV] - SUCCESS: Goal reached in 14 steps. Dist = 0.0099m
2026-04-24 00:52:26,613 - [ENV] - --- EPISODE START | Scenario: ASCEND | Start: [0.66778981 0.24230391 0.41      ] | Goal: [0.66778981 0.24230391 0.55      ] | DriftLimit: 0.0322 | FloorLimit: 0.4761 ---
2026-04-24 00:52:27,135 - [ENV] - TERMINATED (Ascend): Tube Drift = 0.0373m (Max 0.0322m) at step 10
2026-04-24 00:52:27,135 - [ENV] - Episode ended without success at step 10. Final dist: 0.1267m
2026-04-24 00:52:27,136 - [ENV] - --- EPISODE START | Scenario: DESCEND | Start: [1.08498126 0.41073351 0.55      ] | Goal: [1.08498126 0.41073351 0.415     ] | DriftLimit: 0.0322 | FloorLimit: 0.4761 ---
2026-04-24 00:52:33,515 - [ENV] - --- EPISODE START | Scenario: TRANSIT | Start: [0.91386533 0.17208353 0.55      ] | Goal: [1.06555475 0.26350111 0.55      ] | DriftLimit: 0.0320 | FloorLimit: 0.4762 ---
2026-04-24 00:52:33,802 - [ENV] - SUCCESS: Goal reached in 7 steps. Dist = 0.0073m
2026-04-24 00:52:33,803 - [ENV] - --- EPISODE START | Scenario: ASCEND | Start: [1.04115252 0.53907031 0.41      ] | Goal: [1.04115252 0.53907031 0.55      ] | DriftLimit: 0.0320 | FloorLimit: 0.4762 ---
2026-04-24 00:52:33,992 - [ENV] - TERMINATED (Ascend): Tube Drift = 0.0627m (Max 0.0320m) at step 2
2026-04-24 00:52:33,992 - [ENV] - Episode ended without success at step 2. Final dist: 0.1114m
2026-04-24 00:52:33,993 - [ENV] - --- EPISODE START | Scenario: DESCEND | Start: [0.82869029 0.48377629 0.55      ] | Goal: [0.82869029 0.48377629 0.41      ] | DriftLimit: 0.0320 | FloorLimit: 0.4762 ---
2026-04-24 00:52:34,072 - [ENV] - TERMINATED (Descend): Tube Drift = 0.0331m (Max 0.0320m) at step 1
2026-04-24 00:52:34,072 - [ENV] - Episode ended without success at step 1. Final dist: 0.1003m
2026-04-24 00:52:34,073 - [ENV] - --- EPISODE START | Scenario: ASCEND | Start: [0.72833224 0.39684103 0.41      ] | Goal: [0.72833224 0.39684103 0.55      ] | DriftLimit: 0.0320 | FloorLimit: 0.4762 ---
2026-04-24 00:52:34,303 - [ENV] - TERMINATED (Ascend): Tube Drift = 0.0527m (Max 0.0320m) at step 2
2026-04-24 00:52:34,304 - [ENV] - Episode ended without success at step 2. Final dist: 0.1231m
2026-04-24 00:52:34,305 - [ENV] - --- EPISODE START | Scenario: TRANSIT | Start: [0.96717727 0.03961475 0.55      ] | Goal: [0.8985856  0.15209303 0.55      ] | DriftLimit: 0.0320 | FloorLimit: 0.4762 ---
2026-04-24 00:52:34,580 - [ENV] - SUCCESS: Goal reached in 6 steps. Dist = 0.0086m
2026-04-24 00:52:34,581 - [ENV] - --- EPISODE START | Scenario: TRANSIT | Start: [1.08608406e+00 3.93062828e-04 5.50000000e-01] | Goal: [0.67145075 0.19335383 0.55      ] | DriftLimit: 0.0320 | FloorLimit: 0.4762 ---
2026-04-24 00:52:35,049 - [ENV] - SUCCESS: Goal reached in 14 steps. Dist = 0.0092m
2026-04-24 00:52:35,050 - [ENV] - --- EPISODE START | Scenario: ASCEND | Start: [1.00068533 0.4662299  0.41      ] | Goal: [1.00068533 0.4662299  0.55      ] | DriftLimit: 0.0320 | FloorLimit: 0.4762 ---
2026-04-24 00:52:35,207 - [ENV] - TERMINATED (Ascend): Tube Drift = 0.0638m (Max 0.0320m) at step 2
2026-04-24 00:52:35,208 - [ENV] - Episode ended without success at step 2. Final dist: 0.1131m
2026-04-24 00:52:35,209 - [ENV] - --- EPISODE START | Scenario: ASCEND | Start: [0.64450964 0.45391706 0.41      ] | Goal: [0.64450964 0.45391706 0.55      ] | DriftLimit: 0.0320 | FloorLimit: 0.4762 ---
2026-04-24 00:52:35,411 - [ENV] - TERMINATED (Ascend): Tube Drift = 0.0602m (Max 0.0320m) at step 2
2026-04-24 00:52:35,411 - [ENV] - Episode ended without success at step 2. Final dist: 0.1267m
2026-04-24 00:52:35,435 - [ENV] - --- EPISODE START | Scenario: ASCEND | Start: [0.74731427 0.29781634 0.41      ] | Goal: [0.74731427 0.29781634 0.55      ] | DriftLimit: 0.0320 | FloorLimit: 0.4762 ---
2026-04-24 00:52:35,675 - [ENV] - TERMINATED (Ascend): Tube Drift = 0.0503m (Max 0.0320m) at step 2
2026-04-24 00:52:35,676 - [ENV] - Episode ended without success at step 2. Final dist: 0.1363m
2026-04-24 00:52:35,676 - [ENV] - --- EPISODE START | Scenario: DESCEND | Start: [0.63256848 0.38395842 0.55      ] | Goal: [0.63256848 0.38395842 0.415     ] | DriftLimit: 0.0320 | FloorLimit: 0.4762 ---
2026-04-24 00:52:36,712 - [ENV] - SUCCESS: Goal reached in 23 steps. Dist = 0.0098m
2026-04-24 00:52:36,713 - [ENV] - --- EPISODE START | Scenario: DESCEND | Start: [0.84233106 0.33459667 0.55      ] | Goal: [0.84233106 0.33459667 0.415     ] | DriftLimit: 0.0320 | FloorLimit: 0.4762 ---
2026-04-24 00:52:37,017 - [ENV] - SUCCESS: Goal reached in 7 steps. Dist = 0.0099m
2026-04-24 00:52:37,018 - [ENV] - --- EPISODE START | Scenario: ASCEND | Start: [0.62214641 0.26280289 0.41      ] | Goal: [0.62214641 0.26280289 0.55      ] | DriftLimit: 0.0320 | FloorLimit: 0.4762 ---
2026-04-24 00:52:37,583 - [ENV] - TERMINATED (Ascend): Tube Drift = 0.0344m (Max 0.0320m) at step 8
2026-04-24 00:52:37,583 - [ENV] - Episode ended without success at step 8. Final dist: 0.1024m
2026-04-24 00:52:37,583 - [ENV] - --- EPISODE START | Scenario: ASCEND | Start: [0.926649  0.1556631 0.41     ] | Goal: [0.926649  0.1556631 0.55     ] | DriftLimit: 0.0320 | FloorLimit: 0.4762 ---
2026-04-24 00:52:37,724 - [ENV] - TERMINATED (Ascend): Tube Drift = 0.0357m (Max 0.0320m) at step 1
2026-04-24 00:52:37,725 - [ENV] - Episode ended without success at step 1. Final dist: 0.1218m
2026-04-24 00:52:37,725 - [ENV] - --- EPISODE START | Scenario: ASCEND | Start: [0.60752309 0.53591595 0.41      ] | Goal: [0.60752309 0.53591595 0.55      ] | DriftLimit: 0.0320 | FloorLimit: 0.4762 ---
2026-04-24 00:52:37,870 - [ENV] - TERMINATED (Ascend): Tube Drift = 0.0632m (Max 0.0320m) at step 2
2026-04-24 00:52:37,870 - [ENV] - Episode ended without success at step 2. Final dist: 0.1297m
2026-04-24 00:52:37,871 - [ENV] - --- EPISODE START | Scenario: TRANSIT | Start: [0.80192321 0.000835   0.55      ] | Goal: [0.99558889 0.2788918  0.55      ] | DriftLimit: 0.0320 | FloorLimit: 0.4762 ---
2026-04-24 00:52:38,358 - [ENV] - SUCCESS: Goal reached in 10 steps. Dist = 0.0078m
2026-04-24 00:52:38,359 - [ENV] - --- EPISODE START | Scenario: ASCEND | Start: [0.92280495 0.1165436  0.41      ] | Goal: [0.92280495 0.1165436  0.55      ] | DriftLimit: 0.0320 | FloorLimit: 0.4762 ---
2026-04-24 00:52:38,508 - [ENV] - TERMINATED (Ascend): Tube Drift = 0.0635m (Max 0.0320m) at step 2
2026-04-24 00:52:38,508 - [ENV] - Episode ended without success at step 2. Final dist: 0.1128m
2026-04-24 00:52:38,509 - [ENV] - --- EPISODE START | Scenario: TRANSIT | Start: [1.0410914  0.46091467 0.55      ] | Goal: [1.0520099  0.19974899 0.55      ] | DriftLimit: 0.0320 | FloorLimit: 0.4762 ---
2026-04-24 00:52:39,680 - [ENV] - SUCCESS: Goal reached in 18 steps. Dist = 0.0098m
2026-04-24 00:52:39,681 - [ENV] - --- EPISODE START | Scenario: DESCEND | Start: [0.64211376 0.47288807 0.55      ] | Goal: [0.64211376 0.47288807 0.41      ] | DriftLimit: 0.0320 | FloorLimit: 0.4762 ---
2026-04-24 00:52:39,773 - [ENV] - TERMINATED (Descend): Tube Drift = 0.0353m (Max 0.0320m) at step 1
2026-04-24 00:52:39,774 - [ENV] - Episode ended without success at step 1. Final dist: 0.0932m
2026-04-24 00:52:39,775 - [ENV] - --- EPISODE START | Scenario: TRANSIT | Start: [0.80677078 0.36981842 0.55      ] | Goal: [0.86554758 0.27431855 0.55      ] | DriftLimit: 0.0320 | FloorLimit: 0.4762 ---
2026-04-24 00:52:40,169 - [ENV] - SUCCESS: Goal reached in 10 steps. Dist = 0.0089m
2026-04-24 00:52:40,169 - [ENV] - --- EPISODE START | Scenario: DESCEND | Start: [0.83158296 0.51870898 0.55      ] | Goal: [0.83158296 0.51870898 0.415     ] | DriftLimit: 0.0320 | FloorLimit: 0.4762 ---
2026-04-24 00:52:41,063 - [ENV] - SUCCESS: Goal reached in 24 steps. Dist = 0.0100m
2026-04-24 00:52:41,064 - [ENV] - --- EPISODE START | Scenario: ASCEND | Start: [0.72367038 0.08184364 0.41      ] | Goal: [0.72367038 0.08184364 0.55      ] | DriftLimit: 0.0319 | FloorLimit: 0.4762 ---
2026-04-24 00:52:41,244 - [ENV] - TERMINATED (Ascend): Tube Drift = 0.0480m (Max 0.0319m) at step 2
2026-04-24 00:52:41,245 - [ENV] - Episode ended without success at step 2. Final dist: 0.1297m
2026-04-24 00:52:41,246 - [ENV] - --- EPISODE START | Scenario: TRANSIT | Start: [0.7837965  0.19813251 0.55      ] | Goal: [1.00492733 0.33946085 0.55      ] | DriftLimit: 0.0319 | FloorLimit: 0.4762 ---
2026-04-24 00:52:41,607 - [ENV] - SUCCESS: Goal reached in 9 steps. Dist = 0.0098m
2026-04-24 00:52:41,607 - [ENV] - --- EPISODE START | Scenario: TRANSIT | Start: [0.84300573 0.37822702 0.55      ] | Goal: [1.03368129 0.30813823 0.55      ] | DriftLimit: 0.0319 | FloorLimit: 0.4762 ---
2026-04-24 00:52:41,935 - [ENV] - SUCCESS: Goal reached in 8 steps. Dist = 0.0074m
2026-04-24 00:52:41,935 - [ENV] - --- EPISODE START | Scenario: DESCEND | Start: [0.60766177 0.29318764 0.55      ] | Goal: [0.60766177 0.29318764 0.415     ] | DriftLimit: 0.0319 | FloorLimit: 0.4762 ---
2026-04-24 00:52:43,492 - [ENV] - SUCCESS: Goal reached in 52 steps. Dist = 0.0099m
2026-04-24 00:52:43,493 - [ENV] - --- EPISODE START | Scenario: DESCEND | Start: [0.81319043 0.16339453 0.55      ] | Goal: [0.81319043 0.16339453 0.41      ] | DriftLimit: 0.0319 | FloorLimit: 0.4762 ---
2026-04-24 00:52:46,491 - [ENV] - SUCCESS: Goal reached in 65 steps. Dist = 0.0098m
2026-04-24 00:52:46,492 - [ENV] - --- EPISODE START | Scenario: TRANSIT | Start: [0.65340684 0.43178849 0.55      ] | Goal: [0.80156969 0.524192   0.55      ] | DriftLimit: 0.0318 | FloorLimit: 0.4763 ---
2026-04-24 00:52:46,806 - [ENV] - SUCCESS: Goal reached in 7 steps. Dist = 0.0093m
2026-04-24 00:52:46,807 - [ENV] - --- EPISODE START | Scenario: TRANSIT | Start: [1.1224012  0.00446591 0.55      ] | Goal: [1.060255   0.44689567 0.55      ] | DriftLimit: 0.0318 | FloorLimit: 0.4763 ---
2026-04-24 00:52:52,531 - [ENV] - --- EPISODE START | Scenario: ASCEND | Start: [1.00980229 0.43851526 0.41      ] | Goal: [1.00980229 0.43851526 0.55      ] | DriftLimit: 0.0317 | FloorLimit: 0.4763 ---
2026-04-24 00:52:52,706 - [ENV] - TERMINATED (Ascend): Tube Drift = 0.0590m (Max 0.0317m) at step 2
2026-04-24 00:52:52,707 - [ENV] - Episode ended without success at step 2. Final dist: 0.1109m
2026-04-24 00:52:52,708 - [ENV] - --- EPISODE START | Scenario: ASCEND | Start: [0.73542527 0.52773536 0.41      ] | Goal: [0.73542527 0.52773536 0.55      ] | DriftLimit: 0.0317 | FloorLimit: 0.4763 ---
2026-04-24 00:52:52,841 - [ENV] - TERMINATED (Ascend): Tube Drift = 0.0335m (Max 0.0317m) at step 1
2026-04-24 00:52:52,842 - [ENV] - Episode ended without success at step 1. Final dist: 0.1258m
2026-04-24 00:52:52,842 - [ENV] - --- EPISODE START | Scenario: ASCEND | Start: [1.0669626  0.33057645 0.41      ] | Goal: [1.0669626  0.33057645 0.55      ] | DriftLimit: 0.0317 | FloorLimit: 0.4763 ---
2026-04-24 00:52:53,027 - [ENV] - TERMINATED (Ascend): Tube Drift = 0.0589m (Max 0.0317m) at step 2
2026-04-24 00:52:53,027 - [ENV] - Episode ended without success at step 2. Final dist: 0.1094m
2026-04-24 00:52:53,028 - [ENV] - --- EPISODE START | Scenario: TRANSIT | Start: [1.15042404 0.52496936 0.55      ] | Goal: [1.03804917 0.07830519 0.55      ] | DriftLimit: 0.0317 | FloorLimit: 0.4763 ---
2026-04-24 00:52:54,108 - [ENV] - SUCCESS: Goal reached in 36 steps. Dist = 0.0097m
2026-04-24 00:52:54,108 - [ENV] - --- EPISODE START | Scenario: TRANSIT | Start: [1.12226131 0.50955964 0.55      ] | Goal: [1.05502127 0.35306653 0.55      ] | DriftLimit: 0.0317 | FloorLimit: 0.4764 ---
2026-04-24 00:52:54,369 - [ENV] - SUCCESS: Goal reached in 7 steps. Dist = 0.0075m
2026-04-24 00:52:54,370 - [ENV] - --- EPISODE START | Scenario: DESCEND | Start: [0.6335077  0.01869963 0.55      ] | Goal: [0.6335077  0.01869963 0.415     ] | DriftLimit: 0.0317 | FloorLimit: 0.4764 ---
2026-04-24 00:52:54,733 - [ENV] - SUCCESS: Goal reached in 8 steps. Dist = 0.0096m
2026-04-24 00:52:54,733 - [ENV] - --- EPISODE START | Scenario: DESCEND | Start: [1.09929735 0.1623123  0.55      ] | Goal: [1.09929735 0.1623123  0.415     ] | DriftLimit: 0.0317 | FloorLimit: 0.4764 ---
2026-04-24 00:52:56,744 - [ENV] - SUCCESS: Goal reached in 48 steps. Dist = 0.0098m
2026-04-24 00:52:56,745 - [ENV] - --- EPISODE START | Scenario: DESCEND | Start: [0.69519672 0.12610582 0.55      ] | Goal: [0.69519672 0.12610582 0.415     ] | DriftLimit: 0.0316 | FloorLimit: 0.4764 ---
2026-04-24 00:52:56,914 - [ENV] - SUCCESS: Goal reached in 3 steps. Dist = 0.0040m
2026-04-24 00:52:56,915 - [ENV] - --- EPISODE START | Scenario: TRANSIT | Start: [0.93940607 0.47054004 0.55      ] | Goal: [0.83791732 0.08494247 0.55      ] | DriftLimit: 0.0316 | FloorLimit: 0.4764 ---
2026-04-24 00:52:57,669 - [ENV] - SUCCESS: Goal reached in 21 steps. Dist = 0.0099m
2026-04-24 00:52:57,670 - [ENV] - --- EPISODE START | Scenario: DESCEND | Start: [1.00730539 0.15662818 0.55      ] | Goal: [1.00730539 0.15662818 0.415     ] | DriftLimit: 0.0316 | FloorLimit: 0.4764 ---
2026-04-24 00:52:58,947 - [ENV] - SUCCESS: Goal reached in 36 steps. Dist = 0.0099m
2026-04-24 00:52:58,948 - [ENV] - --- EPISODE START | Scenario: ASCEND | Start: [0.98203988 0.28785619 0.41      ] | Goal: [0.98203988 0.28785619 0.55      ] | DriftLimit: 0.0316 | FloorLimit: 0.4764 ---
2026-04-24 00:52:59,113 - [ENV] - TERMINATED (Ascend): Tube Drift = 0.0643m (Max 0.0316m) at step 2
2026-04-24 00:52:59,113 - [ENV] - Episode ended without success at step 2. Final dist: 0.1135m
2026-04-24 00:52:59,114 - [ENV] - --- EPISODE START | Scenario: TRANSIT | Start: [0.96484224 0.49478158 0.55      ] | Goal: [1.05821676 0.38380391 0.55      ] | DriftLimit: 0.0316 | FloorLimit: 0.4764 ---
2026-04-24 00:52:59,449 - [ENV] - SUCCESS: Goal reached in 8 steps. Dist = 0.0090m
2026-04-24 00:52:59,450 - [ENV] - --- EPISODE START | Scenario: ASCEND | Start: [1.08097793 0.25426937 0.41      ] | Goal: [1.08097793 0.25426937 0.55      ] | DriftLimit: 0.0316 | FloorLimit: 0.4764 ---
2026-04-24 00:52:59,639 - [ENV] - TERMINATED (Ascend): Tube Drift = 0.0641m (Max 0.0316m) at step 2
2026-04-24 00:52:59,639 - [ENV] - Episode ended without success at step 2. Final dist: 0.1135m
2026-04-24 00:52:59,640 - [ENV] - --- EPISODE START | Scenario: ASCEND | Start: [1.08015969 0.52141449 0.41      ] | Goal: [1.08015969 0.52141449 0.55      ] | DriftLimit: 0.0316 | FloorLimit: 0.4764 ---
2026-04-24 00:52:59,820 - [ENV] - TERMINATED (Ascend): Tube Drift = 0.0658m (Max 0.0316m) at step 2
2026-04-24 00:52:59,820 - [ENV] - Episode ended without success at step 2. Final dist: 0.1142m
2026-04-24 00:52:59,822 - [ENV] - --- EPISODE START | Scenario: ASCEND | Start: [0.8448506 0.1145061 0.41     ] | Goal: [0.8448506 0.1145061 0.55     ] | DriftLimit: 0.0316 | FloorLimit: 0.4764 ---
2026-04-24 00:52:59,985 - [ENV] - TERMINATED (Ascend): Tube Drift = 0.0544m (Max 0.0316m) at step 2
2026-04-24 00:52:59,986 - [ENV] - Episode ended without success at step 2. Final dist: 0.1216m
2026-04-24 00:52:59,987 - [ENV] - --- EPISODE START | Scenario: ASCEND | Start: [0.93584916 0.15326897 0.41      ] | Goal: [0.93584916 0.15326897 0.55      ] | DriftLimit: 0.0316 | FloorLimit: 0.4764 ---
2026-04-24 00:53:00,154 - [ENV] - TERMINATED (Ascend): Tube Drift = 0.0316m (Max 0.0316m) at step 1
2026-04-24 00:53:00,154 - [ENV] - Episode ended without success at step 1. Final dist: 0.1212m
2026-04-24 00:53:00,156 - [ENV] - --- EPISODE START | Scenario: DESCEND | Start: [1.08543391 0.0984579  0.55      ] | Goal: [1.08543391 0.0984579  0.41      ] | DriftLimit: 0.0316 | FloorLimit: 0.4764 ---
2026-04-24 00:53:07,667 - [ENV] - --- EPISODE START | Scenario: ASCEND | Start: [1.10697339 0.06726051 0.41      ] | Goal: [1.10697339 0.06726051 0.55      ] | DriftLimit: 0.0314 | FloorLimit: 0.4765 ---
2026-04-24 00:53:07,930 - [ENV] - TERMINATED (Ascend): Tube Drift = 0.0616m (Max 0.0314m) at step 2
2026-04-24 00:53:07,931 - [ENV] - Episode ended without success at step 2. Final dist: 0.1098m
2026-04-24 00:53:07,931 - [ENV] - --- EPISODE START | Scenario: ASCEND | Start: [0.86960918 0.05529047 0.41      ] | Goal: [0.86960918 0.05529047 0.55      ] | DriftLimit: 0.0314 | FloorLimit: 0.4765 ---
2026-04-24 00:53:08,131 - [ENV] - TERMINATED (Ascend): Tube Drift = 0.0615m (Max 0.0314m) at step 2
2026-04-24 00:53:08,132 - [ENV] - Episode ended without success at step 2. Final dist: 0.1123m
2026-04-24 00:53:08,133 - [ENV] - --- EPISODE START | Scenario: DESCEND | Start: [0.71870903 0.41531492 0.55      ] | Goal: [0.71870903 0.41531492 0.41      ] | DriftLimit: 0.0314 | FloorLimit: 0.4765 ---
2026-04-24 00:53:08,248 - [ENV] - TERMINATED (Descend): Tube Drift = 0.0327m (Max 0.0314m) at step 1
2026-04-24 00:53:08,249 - [ENV] - Episode ended without success at step 1. Final dist: 0.0905m
2026-04-24 00:53:08,250 - [ENV] - --- EPISODE START | Scenario: ASCEND | Start: [0.83799941 0.2437158  0.41      ] | Goal: [0.83799941 0.2437158  0.55      ] | DriftLimit: 0.0314 | FloorLimit: 0.4765 ---
2026-04-24 00:53:08,540 - [ENV] - TERMINATED (Ascend): Tube Drift = 0.0526m (Max 0.0314m) at step 2
2026-04-24 00:53:08,540 - [ENV] - Episode ended without success at step 2. Final dist: 0.1254m
2026-04-24 00:53:08,542 - [ENV] - --- EPISODE START | Scenario: ASCEND | Start: [0.67044582 0.40687508 0.41      ] | Goal: [0.67044582 0.40687508 0.55      ] | DriftLimit: 0.0314 | FloorLimit: 0.4765 ---
2026-04-24 00:53:08,742 - [ENV] - TERMINATED (Ascend): Tube Drift = 0.0553m (Max 0.0314m) at step 2
2026-04-24 00:53:08,742 - [ENV] - Episode ended without success at step 2. Final dist: 0.1337m
2026-04-24 00:53:08,742 - [ENV] - --- EPISODE START | Scenario: DESCEND | Start: [0.92823757 0.13689769 0.55      ] | Goal: [0.92823757 0.13689769 0.415     ] | DriftLimit: 0.0314 | FloorLimit: 0.4765 ---
2026-04-24 00:53:09,959 - [ENV] - SUCCESS: Goal reached in 31 steps. Dist = 0.0100m
2026-04-24 00:53:09,959 - [ENV] - --- EPISODE START | Scenario: TRANSIT | Start: [0.84346396 0.17407801 0.55      ] | Goal: [1.11633142 0.10903246 0.55      ] | DriftLimit: 0.0314 | FloorLimit: 0.4765 ---
2026-04-24 00:53:10,422 - [ENV] - SUCCESS: Goal reached in 14 steps. Dist = 0.0100m
2026-04-24 00:53:10,422 - [ENV] - --- EPISODE START | Scenario: ASCEND | Start: [0.91393484 0.08341595 0.41      ] | Goal: [0.91393484 0.08341595 0.55      ] | DriftLimit: 0.0314 | FloorLimit: 0.4765 ---
2026-04-24 00:53:10,549 - [ENV] - TERMINATED (Ascend): Tube Drift = 0.0640m (Max 0.0314m) at step 2
2026-04-24 00:53:10,550 - [ENV] - Episode ended without success at step 2. Final dist: 0.1131m
2026-04-24 00:53:10,551 - [ENV] - --- EPISODE START | Scenario: DESCEND | Start: [0.79217629 0.25160709 0.55      ] | Goal: [0.79217629 0.25160709 0.41      ] | DriftLimit: 0.0314 | FloorLimit: 0.4765 ---
2026-04-24 00:53:13,478 - [ENV] - TERMINATED (Descend): Tube Drift = 0.0321m (Max 0.0313m) at step 86
2026-04-24 00:53:13,478 - [ENV] - Episode ended without success at step 86. Final dist: 0.0328m
2026-04-24 00:53:13,479 - [ENV] - --- EPISODE START | Scenario: TRANSIT | Start: [0.66453888 0.46534526 0.55      ] | Goal: [1.01927339 0.36769712 0.55      ] | DriftLimit: 0.0313 | FloorLimit: 0.4765 ---
2026-04-24 00:53:14,130 - [ENV] - SUCCESS: Goal reached in 15 steps. Dist = 0.0085m
2026-04-24 00:53:14,130 - [ENV] - --- EPISODE START | Scenario: ASCEND | Start: [0.86112671 0.30106732 0.41      ] | Goal: [0.86112671 0.30106732 0.55      ] | DriftLimit: 0.0313 | FloorLimit: 0.4766 ---
2026-04-24 00:53:14,355 - [ENV] - TERMINATED (Ascend): Tube Drift = 0.0424m (Max 0.0313m) at step 2
2026-04-24 00:53:14,355 - [ENV] - Episode ended without success at step 2. Final dist: 0.1305m
2026-04-24 00:53:14,356 - [ENV] - --- EPISODE START | Scenario: ASCEND | Start: [0.9559279 0.1438971 0.41     ] | Goal: [0.9559279 0.1438971 0.55     ] | DriftLimit: 0.0313 | FloorLimit: 0.4766 ---
2026-04-24 00:53:14,559 - [ENV] - TERMINATED (Ascend): Tube Drift = 0.0637m (Max 0.0313m) at step 2
2026-04-24 00:53:14,559 - [ENV] - Episode ended without success at step 2. Final dist: 0.1152m
2026-04-24 00:53:14,560 - [ENV] - --- EPISODE START | Scenario: TRANSIT | Start: [1.09947271 0.43011482 0.55      ] | Goal: [0.63497144 0.4796649  0.55      ] | DriftLimit: 0.0313 | FloorLimit: 0.4766 ---
2026-04-24 00:53:20,033 - [ENV] - --- EPISODE START | Scenario: ASCEND | Start: [0.71292367 0.11870412 0.41      ] | Goal: [0.71292367 0.11870412 0.55      ] | DriftLimit: 0.0312 | FloorLimit: 0.4766 ---
2026-04-24 00:53:20,204 - [ENV] - TERMINATED (Ascend): Tube Drift = 0.0477m (Max 0.0312m) at step 2
2026-04-24 00:53:20,204 - [ENV] - Episode ended without success at step 2. Final dist: 0.1320m
2026-04-24 00:53:20,206 - [ENV] - --- EPISODE START | Scenario: TRANSIT | Start: [0.62359593 0.52469999 0.55      ] | Goal: [1.05842763 0.29183586 0.55      ] | DriftLimit: 0.0312 | FloorLimit: 0.4766 ---
2026-04-24 00:53:21,927 - [ENV] - SUCCESS: Goal reached in 42 steps. Dist = 0.0099m
2026-04-24 00:53:21,927 - [ENV] - --- EPISODE START | Scenario: ASCEND | Start: [ 1.09459359 -0.00939748  0.41      ] | Goal: [ 1.09459359 -0.00939748  0.55      ] | DriftLimit: 0.0312 | FloorLimit: 0.4766 ---
2026-04-24 00:53:22,073 - [ENV] - TERMINATED (Ascend): Tube Drift = 0.0609m (Max 0.0312m) at step 2
2026-04-24 00:53:22,074 - [ENV] - Episode ended without success at step 2. Final dist: 0.1103m
2026-04-24 00:53:22,075 - [ENV] - --- EPISODE START | Scenario: TRANSIT | Start: [0.61618891 0.0948115  0.55      ] | Goal: [0.82159645 0.12404647 0.55      ] | DriftLimit: 0.0312 | FloorLimit: 0.4766 ---
2026-04-24 00:53:22,664 - [ENV] - SUCCESS: Goal reached in 16 steps. Dist = 0.0086m
2026-04-24 00:53:22,665 - [ENV] - --- EPISODE START | Scenario: ASCEND | Start: [0.91240137 0.17257096 0.41      ] | Goal: [0.91240137 0.17257096 0.55      ] | DriftLimit: 0.0311 | FloorLimit: 0.4766 ---
2026-04-24 00:53:22,818 - [ENV] - TERMINATED (Ascend): Tube Drift = 0.0629m (Max 0.0311m) at step 2
2026-04-24 00:53:22,818 - [ENV] - Episode ended without success at step 2. Final dist: 0.1135m
2026-04-24 00:53:22,819 - [ENV] - --- EPISODE START | Scenario: ASCEND | Start: [0.88581233 0.04172903 0.41      ] | Goal: [0.88581233 0.04172903 0.55      ] | DriftLimit: 0.0311 | FloorLimit: 0.4766 ---
2026-04-24 00:53:22,988 - [ENV] - TERMINATED (Ascend): Tube Drift = 0.0623m (Max 0.0311m) at step 2
2026-04-24 00:53:22,988 - [ENV] - Episode ended without success at step 2. Final dist: 0.1121m
2026-04-24 00:53:22,989 - [ENV] - --- EPISODE START | Scenario: ASCEND | Start: [1.07721455 0.38525071 0.41      ] | Goal: [1.07721455 0.38525071 0.55      ] | DriftLimit: 0.0311 | FloorLimit: 0.4766 ---
2026-04-24 00:53:23,216 - [ENV] - TERMINATED (Ascend): Tube Drift = 0.0629m (Max 0.0311m) at step 2
2026-04-24 00:53:23,217 - [ENV] - Episode ended without success at step 2. Final dist: 0.1123m
2026-04-24 00:53:23,218 - [ENV] - --- EPISODE START | Scenario: DESCEND | Start: [0.7046326  0.26684852 0.55      ] | Goal: [0.7046326  0.26684852 0.41      ] | DriftLimit: 0.0311 | FloorLimit: 0.4766 ---
2026-04-24 00:53:25,305 - [ENV] - TERMINATED (Descend): Tube Drift = 0.0313m (Max 0.0311m) at step 52
2026-04-24 00:53:25,306 - [ENV] - Episode ended without success at step 52. Final dist: 0.0324m
2026-04-24 00:53:25,307 - [ENV] - --- EPISODE START | Scenario: ASCEND | Start: [0.60544144 0.42810292 0.41      ] | Goal: [0.60544144 0.42810292 0.55      ] | DriftLimit: 0.0311 | FloorLimit: 0.4767 ---
2026-04-24 00:53:25,501 - [ENV] - TERMINATED (Ascend): Tube Drift = 0.0637m (Max 0.0311m) at step 2
2026-04-24 00:53:25,501 - [ENV] - Episode ended without success at step 2. Final dist: 0.1278m
2026-04-24 00:53:25,502 - [ENV] - --- EPISODE START | Scenario: DESCEND | Start: [ 8.27179707e-01 -7.26431386e-04  5.50000000e-01] | Goal: [ 8.27179707e-01 -7.26431386e-04  4.15000000e-01] | DriftLimit: 0.0311 | FloorLimit: 0.4767 ---
2026-04-24 00:53:25,853 - [ENV] - SUCCESS: Goal reached in 10 steps. Dist = 0.0090m
2026-04-24 00:53:25,854 - [ENV] - --- EPISODE START | Scenario: ASCEND | Start: [1.01822828 0.04978278 0.41      ] | Goal: [1.01822828 0.04978278 0.55      ] | DriftLimit: 0.0311 | FloorLimit: 0.4767 ---
2026-04-24 00:53:26,028 - [ENV] - TERMINATED (Ascend): Tube Drift = 0.0599m (Max 0.0311m) at step 2
2026-04-24 00:53:26,029 - [ENV] - Episode ended without success at step 2. Final dist: 0.1091m
2026-04-24 00:53:26,030 - [ENV] - --- EPISODE START | Scenario: TRANSIT | Start: [0.68678236 0.33709761 0.55      ] | Goal: [0.88816519 0.30545374 0.55      ] | DriftLimit: 0.0311 | FloorLimit: 0.4767 ---
2026-04-24 00:53:26,412 - [ENV] - SUCCESS: Goal reached in 10 steps. Dist = 0.0092m
2026-04-24 00:53:26,413 - [ENV] - --- EPISODE START | Scenario: ASCEND | Start: [1.09763043 0.32224025 0.41      ] | Goal: [1.09763043 0.32224025 0.55      ] | DriftLimit: 0.0311 | FloorLimit: 0.4767 ---
2026-04-24 00:53:26,602 - [ENV] - TERMINATED (Ascend): Tube Drift = 0.0637m (Max 0.0311m) at step 2
2026-04-24 00:53:26,602 - [ENV] - Episode ended without success at step 2. Final dist: 0.1135m
2026-04-24 00:53:26,603 - [ENV] - --- EPISODE START | Scenario: TRANSIT | Start: [0.61541787 0.40443573 0.55      ] | Goal: [ 8.78456754e-01 -2.17562982e-04  5.50000000e-01] | DriftLimit: 0.0311 | FloorLimit: 0.4767 ---
2026-04-24 00:53:27,418 - [ENV] - SUCCESS: Goal reached in 26 steps. Dist = 0.0094m
2026-04-24 00:53:27,418 - [ENV] - --- EPISODE START | Scenario: ASCEND | Start: [0.92917966 0.35172656 0.41      ] | Goal: [0.92917966 0.35172656 0.55      ] | DriftLimit: 0.0311 | FloorLimit: 0.4767 ---
2026-04-24 00:53:27,622 - [ENV] - TERMINATED (Ascend): Tube Drift = 0.0611m (Max 0.0311m) at step 2
2026-04-24 00:53:27,622 - [ENV] - Episode ended without success at step 2. Final dist: 0.1159m
2026-04-24 00:53:27,623 - [ENV] - --- EPISODE START | Scenario: DESCEND | Start: [0.82997476 0.52502836 0.55      ] | Goal: [0.82997476 0.52502836 0.415     ] | DriftLimit: 0.0311 | FloorLimit: 0.4767 ---
2026-04-24 00:53:27,944 - [ENV] - SUCCESS: Goal reached in 7 steps. Dist = 0.0094m
2026-04-24 00:53:27,945 - [ENV] - --- EPISODE START | Scenario: DESCEND | Start: [0.779965   0.28185525 0.55      ] | Goal: [0.779965   0.28185525 0.41      ] | DriftLimit: 0.0311 | FloorLimit: 0.4767 ---
2026-04-24 00:53:28,950 - [ENV] - SUCCESS: Goal reached in 29 steps. Dist = 0.0100m
2026-04-24 00:53:28,951 - [ENV] - --- EPISODE START | Scenario: DESCEND | Start: [1.07098824 0.03065378 0.55      ] | Goal: [1.07098824 0.03065378 0.41      ] | DriftLimit: 0.0310 | FloorLimit: 0.4767 ---
2026-04-24 00:53:36,039 - [ENV] - --- EPISODE START | Scenario: DESCEND | Start: [0.82885443 0.52800478 0.55      ] | Goal: [0.82885443 0.52800478 0.41      ] | DriftLimit: 0.0309 | FloorLimit: 0.4768 ---
2026-04-24 00:53:37,327 - [ENV] - SUCCESS: Goal reached in 33 steps. Dist = 0.0099m
2026-04-24 00:53:37,328 - [ENV] - --- EPISODE START | Scenario: ASCEND | Start: [1.14671177 0.09372237 0.41      ] | Goal: [1.14671177 0.09372237 0.55      ] | DriftLimit: 0.0309 | FloorLimit: 0.4768 ---
2026-04-24 00:53:37,465 - [ENV] - TERMINATED (Ascend): Tube Drift = 0.0614m (Max 0.0309m) at step 2
2026-04-24 00:53:37,465 - [ENV] - Episode ended without success at step 2. Final dist: 0.1111m
2026-04-24 00:53:37,466 - [ENV] - --- EPISODE START | Scenario: TRANSIT | Start: [0.69591672 0.16872768 0.55      ] | Goal: [0.77502054 0.23776224 0.55      ] | DriftLimit: 0.0309 | FloorLimit: 0.4768 ---
2026-04-24 00:53:37,898 - [ENV] - TERMINATED (Transit): Floor collision. Z = 0.4766m (Min 0.477m) at step 11
2026-04-24 00:53:37,899 - [ENV] - Episode ended without success at step 11. Final dist: 0.0736m
2026-04-24 00:53:37,899 - [ENV] - --- EPISODE START | Scenario: TRANSIT | Start: [0.88744707 0.0485476  0.55      ] | Goal: [1.06842959 0.24503703 0.55      ] | DriftLimit: 0.0309 | FloorLimit: 0.4768 ---
2026-04-24 00:53:38,238 - [ENV] - SUCCESS: Goal reached in 9 steps. Dist = 0.0089m
2026-04-24 00:53:38,239 - [ENV] - --- EPISODE START | Scenario: TRANSIT | Start: [0.76348053 0.31375435 0.55      ] | Goal: [1.04635862 0.41448439 0.55      ] | DriftLimit: 0.0309 | FloorLimit: 0.4768 ---
2026-04-24 00:53:38,659 - [ENV] - SUCCESS: Goal reached in 12 steps. Dist = 0.0097m
2026-04-24 00:53:38,659 - [ENV] - --- EPISODE START | Scenario: DESCEND | Start: [0.89808159 0.10766229 0.55      ] | Goal: [0.89808159 0.10766229 0.415     ] | DriftLimit: 0.0309 | FloorLimit: 0.4768 ---
2026-04-24 00:53:39,870 - [ENV] - SUCCESS: Goal reached in 31 steps. Dist = 0.0098m
2026-04-24 00:53:39,871 - [ENV] - --- EPISODE START | Scenario: TRANSIT | Start: [0.98398648 0.12986374 0.55      ] | Goal: [1.0776909  0.27618882 0.55      ] | DriftLimit: 0.0308 | FloorLimit: 0.4768 ---
2026-04-24 00:53:40,181 - [ENV] - SUCCESS: Goal reached in 9 steps. Dist = 0.0098m
2026-04-24 00:53:40,182 - [ENV] - --- EPISODE START | Scenario: DESCEND | Start: [0.94220138 0.25902925 0.55      ] | Goal: [0.94220138 0.25902925 0.41      ] | DriftLimit: 0.0308 | FloorLimit: 0.4768 ---
2026-04-24 00:53:46,119 - [ENV] - SUCCESS: Goal reached in 157 steps. Dist = 0.0100m
2026-04-24 00:53:46,120 - [ENV] - --- EPISODE START | Scenario: ASCEND | Start: [1.05373626 0.2819681  0.41      ] | Goal: [1.05373626 0.2819681  0.55      ] | DriftLimit: 0.0307 | FloorLimit: 0.4769 ---
2026-04-24 00:53:46,287 - [ENV] - TERMINATED (Ascend): Tube Drift = 0.0602m (Max 0.0307m) at step 2
2026-04-24 00:53:46,287 - [ENV] - Episode ended without success at step 2. Final dist: 0.1114m
2026-04-24 00:53:46,288 - [ENV] - --- EPISODE START | Scenario: TRANSIT | Start: [1.03925566 0.33475458 0.55      ] | Goal: [0.81924499 0.11337228 0.55      ] | DriftLimit: 0.0307 | FloorLimit: 0.4769 ---
2026-04-24 00:53:46,642 - [ENV] - SUCCESS: Goal reached in 8 steps. Dist = 0.0090m
2026-04-24 00:53:46,642 - [ENV] - --- EPISODE START | Scenario: DESCEND | Start: [1.08365365 0.41507862 0.55      ] | Goal: [1.08365365 0.41507862 0.41      ] | DriftLimit: 0.0307 | FloorLimit: 0.4769 ---
2026-04-24 00:53:52,531 - [ENV] - --- EPISODE START | Scenario: ASCEND | Start: [0.8562902  0.13153669 0.41      ] | Goal: [0.8562902  0.13153669 0.55      ] | DriftLimit: 0.0306 | FloorLimit: 0.4770 ---
2026-04-24 00:53:52,704 - [ENV] - TERMINATED (Ascend): Tube Drift = 0.0539m (Max 0.0306m) at step 2
2026-04-24 00:53:52,704 - [ENV] - Episode ended without success at step 2. Final dist: 0.1137m
2026-04-24 00:53:52,705 - [ENV] - --- EPISODE START | Scenario: TRANSIT | Start: [0.80453558 0.11196638 0.55      ] | Goal: [0.93115791 0.41108325 0.55      ] | DriftLimit: 0.0306 | FloorLimit: 0.4770 ---
2026-04-24 00:53:53,129 - [ENV] - SUCCESS: Goal reached in 11 steps. Dist = 0.0082m
2026-04-24 00:53:53,130 - [ENV] - --- EPISODE START | Scenario: ASCEND | Start: [0.83424563 0.13742777 0.41      ] | Goal: [0.83424563 0.13742777 0.55      ] | DriftLimit: 0.0306 | FloorLimit: 0.4770 ---
2026-04-24 00:53:53,308 - [ENV] - TERMINATED (Ascend): Tube Drift = 0.0479m (Max 0.0306m) at step 2
2026-04-24 00:53:53,308 - [ENV] - Episode ended without success at step 2. Final dist: 0.1173m
2026-04-24 00:53:53,308 - [ENV] - --- EPISODE START | Scenario: DESCEND | Start: [0.6149838  0.25403983 0.55      ] | Goal: [0.6149838  0.25403983 0.41      ] | DriftLimit: 0.0306 | FloorLimit: 0.4770 ---
2026-04-24 00:54:20,672 - [ENV] - --- EPISODE START | Scenario: DESCEND | Start: [0.7783294  0.38106082 0.55      ] | Goal: [0.7783294  0.38106082 0.41      ] | DriftLimit: 0.0304 | FloorLimit: 0.4770 ---
2026-04-24 00:54:26,464 - [ENV] - --- EPISODE START | Scenario: TRANSIT | Start: [0.85616224 0.48022408 0.55      ] | Goal: [0.92708618 0.26217167 0.55      ] | DriftLimit: 0.0303 | FloorLimit: 0.4771 ---
2026-04-24 00:54:27,020 - [ENV] - SUCCESS: Goal reached in 14 steps. Dist = 0.0094m
2026-04-24 00:54:27,021 - [ENV] - --- EPISODE START | Scenario: ASCEND | Start: [ 0.99514127 -0.01068194  0.41      ] | Goal: [ 0.99514127 -0.01068194  0.55      ] | DriftLimit: 0.0303 | FloorLimit: 0.4771 ---
2026-04-24 00:54:27,203 - [ENV] - TERMINATED (Ascend): Tube Drift = 0.0530m (Max 0.0303m) at step 2
2026-04-24 00:54:27,203 - [ENV] - Episode ended without success at step 2. Final dist: 0.1102m
2026-04-24 00:54:27,203 - [ENV] - --- EPISODE START | Scenario: DESCEND | Start: [1.02693268 0.53075081 0.55      ] | Goal: [1.02693268 0.53075081 0.415     ] | DriftLimit: 0.0303 | FloorLimit: 0.4771 ---
2026-04-24 00:54:28,380 - [ENV] - TERMINATED (Descend): Tube Drift = 0.0303m (Max 0.0303m) at step 22
2026-04-24 00:54:28,380 - [ENV] - Episode ended without success at step 22. Final dist: 0.0305m
2026-04-24 00:54:28,380 - [ENV] - --- EPISODE START | Scenario: DESCEND | Start: [ 0.8588372  -0.01580459  0.55      ] | Goal: [ 0.8588372  -0.01580459  0.415     ] | DriftLimit: 0.0303 | FloorLimit: 0.4771 ---
2026-04-24 00:54:28,800 - [ENV] - SUCCESS: Goal reached in 13 steps. Dist = 0.0090m
2026-04-24 00:54:28,801 - [ENV] - --- EPISODE START | Scenario: ASCEND | Start: [1.00713626 0.38641825 0.41      ] | Goal: [1.00713626 0.38641825 0.55      ] | DriftLimit: 0.0303 | FloorLimit: 0.4771 ---
2026-04-24 00:54:28,957 - [ENV] - TERMINATED (Ascend): Tube Drift = 0.0644m (Max 0.0303m) at step 2
2026-04-24 00:54:28,958 - [ENV] - Episode ended without success at step 2. Final dist: 0.1132m
2026-04-24 00:54:28,959 - [ENV] - --- EPISODE START | Scenario: DESCEND | Start: [1.12402356 0.18935966 0.55      ] | Goal: [1.12402356 0.18935966 0.415     ] | DriftLimit: 0.0303 | FloorLimit: 0.4771 ---
2026-04-24 00:54:31,953 - [ENV] - SUCCESS: Goal reached in 92 steps. Dist = 0.0099m
2026-04-24 00:54:31,954 - [ENV] - --- EPISODE START | Scenario: ASCEND | Start: [0.95220874 0.12410063 0.41      ] | Goal: [0.95220874 0.12410063 0.55      ] | DriftLimit: 0.0302 | FloorLimit: 0.4772 ---
2026-04-24 00:54:32,092 - [ENV] - TERMINATED (Ascend): Tube Drift = 0.0631m (Max 0.0302m) at step 2
2026-04-24 00:54:32,092 - [ENV] - Episode ended without success at step 2. Final dist: 0.1125m
2026-04-24 00:54:32,093 - [ENV] - --- EPISODE START | Scenario: TRANSIT | Start: [1.04990244 0.40364228 0.55      ] | Goal: [0.98689682 0.26744409 0.55      ] | DriftLimit: 0.0302 | FloorLimit: 0.4772 ---
2026-04-24 00:54:32,301 - [ENV] - SUCCESS: Goal reached in 5 steps. Dist = 0.0044m
2026-04-24 00:54:32,302 - [ENV] - --- EPISODE START | Scenario: ASCEND | Start: [ 0.68719714 -0.01033752  0.41      ] | Goal: [ 0.68719714 -0.01033752  0.55      ] | DriftLimit: 0.0302 | FloorLimit: 0.4772 ---
2026-04-24 00:54:32,449 - [ENV] - TERMINATED (Ascend): Tube Drift = 0.0603m (Max 0.0302m) at step 2
2026-04-24 00:54:32,449 - [ENV] - Episode ended without success at step 2. Final dist: 0.1202m
2026-04-24 00:54:32,450 - [ENV] - --- EPISODE START | Scenario: TRANSIT | Start: [0.66133795 0.1016992  0.55      ] | Goal: [1.02814062 0.23093639 0.55      ] | DriftLimit: 0.0302 | FloorLimit: 0.4772 ---
2026-04-24 00:54:33,201 - [ENV] - SUCCESS: Goal reached in 23 steps. Dist = 0.0098m
2026-04-24 00:54:33,201 - [ENV] - --- EPISODE START | Scenario: DESCEND | Start: [0.64004806 0.5139686  0.55      ] | Goal: [0.64004806 0.5139686  0.41      ] | DriftLimit: 0.0302 | FloorLimit: 0.4772 ---
2026-04-24 00:54:39,500 - [ENV] - --- EPISODE START | Scenario: TRANSIT | Start: [1.07704844 0.10269473 0.55      ] | Goal: [0.68476234 0.31191113 0.55      ] | DriftLimit: 0.0301 | FloorLimit: 0.4772 ---
2026-04-24 00:54:40,299 - [ENV] - SUCCESS: Goal reached in 15 steps. Dist = 0.0082m
2026-04-24 00:54:40,300 - [ENV] - --- EPISODE START | Scenario: ASCEND | Start: [1.09991196 0.26477489 0.41      ] | Goal: [1.09991196 0.26477489 0.55      ] | DriftLimit: 0.0300 | FloorLimit: 0.4772 ---
2026-04-24 00:54:40,491 - [ENV] - TERMINATED (Ascend): Tube Drift = 0.0601m (Max 0.0300m) at step 2
2026-04-24 00:54:40,491 - [ENV] - Episode ended without success at step 2. Final dist: 0.1117m
2026-04-24 00:54:40,492 - [ENV] - --- EPISODE START | Scenario: ASCEND | Start: [0.60046736 0.37693526 0.41      ] | Goal: [0.60046736 0.37693526 0.55      ] | DriftLimit: 0.0300 | FloorLimit: 0.4772 ---
2026-04-24 00:54:40,717 - [ENV] - TERMINATED (Ascend): Tube Drift = 0.0594m (Max 0.0300m) at step 2
2026-04-24 00:54:40,717 - [ENV] - Episode ended without success at step 2. Final dist: 0.1269m
2026-04-24 00:54:40,718 - [ENV] - --- EPISODE START | Scenario: ASCEND | Start: [0.73028053 0.30302414 0.41      ] | Goal: [0.73028053 0.30302414 0.55      ] | DriftLimit: 0.0300 | FloorLimit: 0.4773 ---
2026-04-24 00:54:40,997 - [ENV] - TERMINATED (Ascend): Tube Drift = 0.0309m (Max 0.0300m) at step 3
2026-04-24 00:54:40,997 - [ENV] - Episode ended without success at step 3. Final dist: 0.1337m
2026-04-24 00:54:40,997 - [ENV] - --- EPISODE START | Scenario: DESCEND | Start: [0.60750002 0.51690018 0.55      ] | Goal: [0.60750002 0.51690018 0.415     ] | DriftLimit: 0.0300 | FloorLimit: 0.4773 ---
2026-04-24 00:54:43,857 - [ENV] - SUCCESS: Goal reached in 86 steps. Dist = 0.0099m
2026-04-24 00:54:43,858 - [ENV] - --- EPISODE START | Scenario: DESCEND | Start: [0.93581005 0.16634968 0.55      ] | Goal: [0.93581005 0.16634968 0.41      ] | DriftLimit: 0.0300 | FloorLimit: 0.4773 ---
2026-04-24 00:54:45,208 - [ENV] - SUCCESS: Goal reached in 44 steps. Dist = 0.0099m
2026-04-24 00:54:45,209 - [ENV] - --- EPISODE START | Scenario: ASCEND | Start: [0.90002595 0.10971934 0.41      ] | Goal: [0.90002595 0.10971934 0.55      ] | DriftLimit: 0.0299 | FloorLimit: 0.4773 ---
2026-04-24 00:54:45,354 - [ENV] - TERMINATED (Ascend): Tube Drift = 0.0583m (Max 0.0299m) at step 2
2026-04-24 00:54:45,354 - [ENV] - Episode ended without success at step 2. Final dist: 0.1127m
2026-04-24 00:54:45,354 - [ENV] - --- EPISODE START | Scenario: DESCEND | Start: [0.61547375 0.20238684 0.55      ] | Goal: [0.61547375 0.20238684 0.415     ] | DriftLimit: 0.0299 | FloorLimit: 0.4773 ---
2026-04-24 00:54:50,794 - [ENV] - --- EPISODE START | Scenario: TRANSIT | Start: [1.00433948 0.36361772 0.55      ] | Goal: [0.82539168 0.28817901 0.55      ] | DriftLimit: 0.0298 | FloorLimit: 0.4774 ---
2026-04-24 00:54:51,445 - [ENV] - SUCCESS: Goal reached in 21 steps. Dist = 0.0096m
2026-04-24 00:54:51,446 - [ENV] - --- EPISODE START | Scenario: DESCEND | Start: [0.74688439 0.07728609 0.55      ] | Goal: [0.74688439 0.07728609 0.415     ] | DriftLimit: 0.0298 | FloorLimit: 0.4774 ---
2026-04-24 00:54:51,709 - [ENV] - SUCCESS: Goal reached in 6 steps. Dist = 0.0080m
2026-04-24 00:54:51,710 - [ENV] - --- EPISODE START | Scenario: TRANSIT | Start: [1.12090419 0.18881114 0.55      ] | Goal: [0.87420911 0.1561552  0.55      ] | DriftLimit: 0.0298 | FloorLimit: 0.4774 ---
2026-04-24 00:54:52,248 - [ENV] - SUCCESS: Goal reached in 10 steps. Dist = 0.0100m
2026-04-24 00:54:52,249 - [ENV] - --- EPISODE START | Scenario: ASCEND | Start: [0.82133838 0.00304739 0.41      ] | Goal: [0.82133838 0.00304739 0.55      ] | DriftLimit: 0.0298 | FloorLimit: 0.4774 ---
2026-04-24 00:54:52,384 - [ENV] - TERMINATED (Ascend): Tube Drift = 0.0613m (Max 0.0298m) at step 2
2026-04-24 00:54:52,384 - [ENV] - Episode ended without success at step 2. Final dist: 0.1135m
2026-04-24 00:54:52,385 - [ENV] - --- EPISODE START | Scenario: DESCEND | Start: [1.08274167 0.44889148 0.55      ] | Goal: [1.08274167 0.44889148 0.41      ] | DriftLimit: 0.0298 | FloorLimit: 0.4774 ---
2026-04-24 00:54:56,502 - [ENV] - TERMINATED (Descend): Tube Drift = 0.0297m (Max 0.0297m) at step 115
2026-04-24 00:54:56,503 - [ENV] - Episode ended without success at step 115. Final dist: 0.0310m
2026-04-24 00:54:56,503 - [ENV] - --- EPISODE START | Scenario: DESCEND | Start: [0.712231   0.48293351 0.55      ] | Goal: [0.712231   0.48293351 0.41      ] | DriftLimit: 0.0297 | FloorLimit: 0.4774 ---
2026-04-24 00:55:02,867 - [ENV] - --- EPISODE START | Scenario: TRANSIT | Start: [0.66867497 0.07311613 0.55      ] | Goal: [1.12381087 0.43297364 0.55      ] | DriftLimit: 0.0296 | FloorLimit: 0.4775 ---
2026-04-24 00:55:03,531 - [ENV] - SUCCESS: Goal reached in 16 steps. Dist = 0.0068m
2026-04-24 00:55:03,531 - [ENV] - --- EPISODE START | Scenario: DESCEND | Start: [0.86963732 0.53490663 0.55      ] | Goal: [0.86963732 0.53490663 0.41      ] | DriftLimit: 0.0296 | FloorLimit: 0.4775 ---
2026-04-24 00:55:04,349 - [ENV] - SUCCESS: Goal reached in 19 steps. Dist = 0.0100m
2026-04-24 00:55:04,350 - [ENV] - --- EPISODE START | Scenario: ASCEND | Start: [0.6415463  0.01655173 0.41      ] | Goal: [0.6415463  0.01655173 0.55      ] | DriftLimit: 0.0295 | FloorLimit: 0.4775 ---
2026-04-24 00:55:04,483 - [ENV] - TERMINATED (Ascend): Tube Drift = 0.0605m (Max 0.0295m) at step 2
2026-04-24 00:55:04,483 - [ENV] - Episode ended without success at step 2. Final dist: 0.1238m
2026-04-24 00:55:04,484 - [ENV] - --- EPISODE START | Scenario: DESCEND | Start: [0.93042609 0.20209437 0.55      ] | Goal: [0.93042609 0.20209437 0.415     ] | DriftLimit: 0.0295 | FloorLimit: 0.4775 ---
2026-04-24 00:55:04,782 - [ENV] - SUCCESS: Goal reached in 6 steps. Dist = 0.0075m
2026-04-24 00:55:04,782 - [ENV] - --- EPISODE START | Scenario: TRANSIT | Start: [0.74163091 0.46544354 0.55      ] | Goal: [ 0.92864001 -0.0066876   0.55      ] | DriftLimit: 0.0295 | FloorLimit: 0.4775 ---
2026-04-24 00:55:05,954 - [ENV] - SUCCESS: Goal reached in 38 steps. Dist = 0.0099m
2026-04-24 00:55:05,954 - [ENV] - --- EPISODE START | Scenario: ASCEND | Start: [0.63713856 0.3936518  0.41      ] | Goal: [0.63713856 0.3936518  0.55      ] | DriftLimit: 0.0295 | FloorLimit: 0.4775 ---
2026-04-24 00:55:06,229 - [ENV] - TERMINATED (Ascend): Tube Drift = 0.0555m (Max 0.0295m) at step 2
2026-04-24 00:55:06,229 - [ENV] - Episode ended without success at step 2. Final dist: 0.1270m
2026-04-24 00:55:06,230 - [ENV] - --- EPISODE START | Scenario: TRANSIT | Start: [0.96505713 0.06890481 0.55      ] | Goal: [0.9489248  0.41909495 0.55      ] | DriftLimit: 0.0295 | FloorLimit: 0.4775 ---
2026-04-24 00:55:06,707 - [ENV] - SUCCESS: Goal reached in 13 steps. Dist = 0.0096m
2026-04-24 00:55:06,708 - [ENV] - --- EPISODE START | Scenario: TRANSIT | Start: [0.76211516 0.0970697  0.55      ] | Goal: [1.06649372 0.46516559 0.55      ] | DriftLimit: 0.0295 | FloorLimit: 0.4775 ---
2026-04-24 00:55:13,440 - [ENV] - --- EPISODE START | Scenario: TRANSIT | Start: [0.94268803 0.41398299 0.55      ] | Goal: [0.67129502 0.20936454 0.55      ] | DriftLimit: 0.0294 | FloorLimit: 0.4776 ---
2026-04-24 00:55:13,914 - [ENV] - SUCCESS: Goal reached in 14 steps. Dist = 0.0094m
2026-04-24 00:55:13,915 - [ENV] - --- EPISODE START | Scenario: DESCEND | Start: [0.75024092 0.18817984 0.55      ] | Goal: [0.75024092 0.18817984 0.41      ] | DriftLimit: 0.0294 | FloorLimit: 0.4776 ---
2026-04-24 00:55:17,764 - [ENV] - SUCCESS: Goal reached in 103 steps. Dist = 0.0098m
2026-04-24 00:55:17,765 - [ENV] - --- EPISODE START | Scenario: TRANSIT | Start: [0.85947093 0.47005961 0.55      ] | Goal: [ 0.71913413 -0.00322388  0.55      ] | DriftLimit: 0.0293 | FloorLimit: 0.4777 ---
2026-04-24 00:55:18,477 - [ENV] - SUCCESS: Goal reached in 20 steps. Dist = 0.0098m
2026-04-24 00:55:18,477 - [ENV] - --- EPISODE START | Scenario: DESCEND | Start: [1.12092017 0.53587327 0.55      ] | Goal: [1.12092017 0.53587327 0.415     ] | DriftLimit: 0.0293 | FloorLimit: 0.4777 ---
2026-04-24 00:55:18,773 - [ENV] - SUCCESS: Goal reached in 5 steps. Dist = 0.0077m
2026-04-24 00:55:18,774 - [ENV] - --- EPISODE START | Scenario: DESCEND | Start: [0.78057392 0.35322292 0.55      ] | Goal: [0.78057392 0.35322292 0.415     ] | DriftLimit: 0.0293 | FloorLimit: 0.4777 ---
2026-04-24 00:55:21,977 - [ENV] - SUCCESS: Goal reached in 100 steps. Dist = 0.0100m
2026-04-24 00:55:21,977 - [ENV] - --- EPISODE START | Scenario: ASCEND | Start: [0.67017386 0.48232216 0.41      ] | Goal: [0.67017386 0.48232216 0.55      ] | DriftLimit: 0.0292 | FloorLimit: 0.4777 ---
2026-04-24 00:55:22,094 - [ENV] - TERMINATED (Ascend): Tube Drift = 0.0335m (Max 0.0292m) at step 1
2026-04-24 00:55:22,094 - [ENV] - Episode ended without success at step 1. Final dist: 0.1267m
2026-04-24 00:55:22,095 - [ENV] - --- EPISODE START | Scenario: DESCEND | Start: [1.07585477 0.08000412 0.55      ] | Goal: [1.07585477 0.08000412 0.415     ] | DriftLimit: 0.0292 | FloorLimit: 0.4777 ---
2026-04-24 00:55:24,761 - [ENV] - SUCCESS: Goal reached in 65 steps. Dist = 0.0099m
2026-04-24 00:55:24,762 - [ENV] - --- EPISODE START | Scenario: TRANSIT | Start: [1.14301895 0.31512256 0.55      ] | Goal: [0.73198194 0.29800478 0.55      ] | DriftLimit: 0.0291 | FloorLimit: 0.4777 ---
2026-04-24 00:55:26,515 - [ENV] - SUCCESS: Goal reached in 38 steps. Dist = 0.0099m
2026-04-24 00:55:26,516 - [ENV] - --- EPISODE START | Scenario: ASCEND | Start: [0.92893244 0.37178351 0.41      ] | Goal: [0.92893244 0.37178351 0.55      ] | DriftLimit: 0.0291 | FloorLimit: 0.4778 ---
2026-04-24 00:55:26,703 - [ENV] - TERMINATED (Ascend): Tube Drift = 0.0328m (Max 0.0291m) at step 1
2026-04-24 00:55:26,703 - [ENV] - Episode ended without success at step 1. Final dist: 0.1240m
2026-04-24 00:55:26,704 - [ENV] - --- EPISODE START | Scenario: ASCEND | Start: [0.82222894 0.43715743 0.41      ] | Goal: [0.82222894 0.43715743 0.55      ] | DriftLimit: 0.0291 | FloorLimit: 0.4778 ---
2026-04-24 00:55:26,908 - [ENV] - TERMINATED (Ascend): Tube Drift = 0.0293m (Max 0.0291m) at step 3
2026-04-24 00:55:26,908 - [ENV] - Episode ended without success at step 3. Final dist: 0.0942m
2026-04-24 00:55:26,909 - [ENV] - --- EPISODE START | Scenario: DESCEND | Start: [0.60227546 0.36917577 0.55      ] | Goal: [0.60227546 0.36917577 0.41      ] | DriftLimit: 0.0291 | FloorLimit: 0.4778 ---
2026-04-24 00:55:32,366 - [ENV] - --- EPISODE START | Scenario: DESCEND | Start: [0.89785421 0.30376958 0.55      ] | Goal: [0.89785421 0.30376958 0.415     ] | DriftLimit: 0.0290 | FloorLimit: 0.4778 ---
2026-04-24 00:55:35,249 - [ENV] - SUCCESS: Goal reached in 79 steps. Dist = 0.0099m
2026-04-24 00:55:35,249 - [ENV] - --- EPISODE START | Scenario: TRANSIT | Start: [0.69532029 0.53421746 0.55      ] | Goal: [0.71179957 0.29653738 0.55      ] | DriftLimit: 0.0289 | FloorLimit: 0.4779 ---
2026-04-24 00:55:35,818 - [ENV] - SUCCESS: Goal reached in 18 steps. Dist = 0.0099m
2026-04-24 00:55:35,819 - [ENV] - --- EPISODE START | Scenario: DESCEND | Start: [0.85809284 0.28508935 0.55      ] | Goal: [0.85809284 0.28508935 0.415     ] | DriftLimit: 0.0289 | FloorLimit: 0.4779 ---
2026-04-24 00:55:38,094 - [ENV] - SUCCESS: Goal reached in 52 steps. Dist = 0.0100m
2026-04-24 00:55:38,096 - [ENV] - --- EPISODE START | Scenario: DESCEND | Start: [1.03761157 0.02596906 0.55      ] | Goal: [1.03761157 0.02596906 0.415     ] | DriftLimit: 0.0289 | FloorLimit: 0.4779 ---
2026-04-24 00:55:38,707 - [ENV] - SUCCESS: Goal reached in 9 steps. Dist = 0.0084m
2026-04-24 00:55:38,708 - [ENV] - --- EPISODE START | Scenario: TRANSIT | Start: [1.10204033 0.19688248 0.55      ] | Goal: [0.90451416 0.42593592 0.55      ] | DriftLimit: 0.0289 | FloorLimit: 0.4779 ---
2026-04-24 00:55:46,153 - [ENV] - --- EPISODE START | Scenario: TRANSIT | Start: [1.01773656 0.51320326 0.55      ] | Goal: [0.98558038 0.11241893 0.55      ] | DriftLimit: 0.0287 | FloorLimit: 0.4780 ---
2026-04-24 00:55:46,775 - [ENV] - SUCCESS: Goal reached in 18 steps. Dist = 0.0079m
2026-04-24 00:55:46,775 - [ENV] - --- EPISODE START | Scenario: DESCEND | Start: [1.08025052 0.3632665  0.55      ] | Goal: [1.08025052 0.3632665  0.41      ] | DriftLimit: 0.0287 | FloorLimit: 0.4780 ---
2026-04-24 00:56:27,204 - [ENV] - --- EPISODE START | Scenario: DESCEND | Start: [0.72650728 0.39820173 0.55      ] | Goal: [0.72650728 0.39820173 0.415     ] | DriftLimit: 0.0286 | FloorLimit: 0.4780 ---
2026-04-24 00:56:32,695 - [ENV] - --- EPISODE START | Scenario: ASCEND | Start: [0.62416659 0.17145273 0.41      ] | Goal: [0.62416659 0.17145273 0.55      ] | DriftLimit: 0.0285 | FloorLimit: 0.4781 ---
2026-04-24 00:56:32,919 - [ENV] - TERMINATED (Ascend): Tube Drift = 0.0613m (Max 0.0285m) at step 2
2026-04-24 00:56:32,919 - [ENV] - Episode ended without success at step 2. Final dist: 0.1291m
2026-04-24 00:56:32,920 - [ENV] - --- EPISODE START | Scenario: DESCEND | Start: [0.68614304 0.29121634 0.55      ] | Goal: [0.68614304 0.29121634 0.415     ] | DriftLimit: 0.0285 | FloorLimit: 0.4781 ---
2026-04-24 00:56:33,080 - [ENV] - TERMINATED (Descend): Tube Drift = 0.0289m (Max 0.0285m) at step 2
2026-04-24 00:56:33,080 - [ENV] - Episode ended without success at step 2. Final dist: 0.0379m
2026-04-24 00:56:33,082 - [ENV] - --- EPISODE START | Scenario: ASCEND | Start: [1.09493179 0.22907697 0.41      ] | Goal: [1.09493179 0.22907697 0.55      ] | DriftLimit: 0.0285 | FloorLimit: 0.4781 ---
2026-04-24 00:56:33,267 - [ENV] - TERMINATED (Ascend): Tube Drift = 0.0371m (Max 0.0285m) at step 1
2026-04-24 00:56:33,267 - [ENV] - Episode ended without success at step 1. Final dist: 0.1241m
2026-04-24 00:56:33,268 - [ENV] - --- EPISODE START | Scenario: ASCEND | Start: [0.9868013  0.12551916 0.41      ] | Goal: [0.9868013  0.12551916 0.55      ] | DriftLimit: 0.0285 | FloorLimit: 0.4781 ---
2026-04-24 00:56:33,389 - [ENV] - TERMINATED (Ascend): Tube Drift = 0.0299m (Max 0.0285m) at step 1
2026-04-24 00:56:33,389 - [ENV] - Episode ended without success at step 1. Final dist: 0.1206m
2026-04-24 00:56:33,390 - [ENV] - --- EPISODE START | Scenario: ASCEND | Start: [0.85851906 0.3403616  0.41      ] | Goal: [0.85851906 0.3403616  0.55      ] | DriftLimit: 0.0285 | FloorLimit: 0.4781 ---
2026-04-24 00:56:33,634 - [ENV] - TERMINATED (Ascend): Tube Drift = 0.0532m (Max 0.0285m) at step 2
2026-04-24 00:56:33,634 - [ENV] - Episode ended without success at step 2. Final dist: 0.1133m
2026-04-24 00:56:33,636 - [ENV] - --- EPISODE START | Scenario: TRANSIT | Start: [0.84596216 0.21131078 0.55      ] | Goal: [1.01933582 0.1656679  0.55      ] | DriftLimit: 0.0285 | FloorLimit: 0.4781 ---
2026-04-24 00:56:33,858 - [ENV] - SUCCESS: Goal reached in 6 steps. Dist = 0.0054m
2026-04-24 00:56:33,859 - [ENV] - --- EPISODE START | Scenario: DESCEND | Start: [0.72783135 0.21622474 0.55      ] | Goal: [0.72783135 0.21622474 0.415     ] | DriftLimit: 0.0285 | FloorLimit: 0.4781 ---
2026-04-24 00:56:34,008 - [ENV] - TERMINATED (Descend): Tube Drift = 0.0295m (Max 0.0285m) at step 2
2026-04-24 00:56:34,009 - [ENV] - Episode ended without success at step 2. Final dist: 0.0393m
2026-04-24 00:56:34,010 - [ENV] - --- EPISODE START | Scenario: ASCEND | Start: [0.94105907 0.43200566 0.41      ] | Goal: [0.94105907 0.43200566 0.55      ] | DriftLimit: 0.0285 | FloorLimit: 0.4781 ---
2026-04-24 00:56:34,179 - [ENV] - TERMINATED (Ascend): Tube Drift = 0.0299m (Max 0.0285m) at step 1
2026-04-24 00:56:34,179 - [ENV] - Episode ended without success at step 1. Final dist: 0.1219m
2026-04-24 00:56:34,180 - [ENV] - --- EPISODE START | Scenario: DESCEND | Start: [0.70047832 0.2775604  0.55      ] | Goal: [0.70047832 0.2775604  0.415     ] | DriftLimit: 0.0285 | FloorLimit: 0.4781 ---
2026-04-24 00:56:34,333 - [ENV] - TERMINATED (Descend): Tube Drift = 0.0317m (Max 0.0285m) at step 2
2026-04-24 00:56:34,333 - [ENV] - Episode ended without success at step 2. Final dist: 0.0411m
2026-04-24 00:56:34,334 - [ENV] - --- EPISODE START | Scenario: TRANSIT | Start: [0.68421139 0.11344305 0.55      ] | Goal: [1.02529551 0.04565874 0.55      ] | DriftLimit: 0.0285 | FloorLimit: 0.4781 ---
2026-04-24 00:56:34,849 - [ENV] - SUCCESS: Goal reached in 12 steps. Dist = 0.0051m
2026-04-24 00:56:34,850 - [ENV] - --- EPISODE START | Scenario: ASCEND | Start: [1.14338335 0.50030075 0.41      ] | Goal: [1.14338335 0.50030075 0.55      ] | DriftLimit: 0.0285 | FloorLimit: 0.4781 ---
2026-04-24 00:56:35,000 - [ENV] - TERMINATED (Ascend): Tube Drift = 0.0387m (Max 0.0285m) at step 1
2026-04-24 00:56:35,000 - [ENV] - Episode ended without success at step 1. Final dist: 0.1226m
2026-04-24 00:56:35,001 - [ENV] - --- EPISODE START | Scenario: DESCEND | Start: [0.90180133 0.38086907 0.55      ] | Goal: [0.90180133 0.38086907 0.41      ] | DriftLimit: 0.0285 | FloorLimit: 0.4781 ---
2026-04-24 00:56:36,806 - [ENV] - SUCCESS: Goal reached in 51 steps. Dist = 0.0100m
2026-04-24 00:56:36,807 - [ENV] - --- EPISODE START | Scenario: ASCEND | Start: [0.83332152 0.49428394 0.41      ] | Goal: [0.83332152 0.49428394 0.55      ] | DriftLimit: 0.0284 | FloorLimit: 0.4781 ---
2026-04-24 00:56:36,935 - [ENV] - TERMINATED (Ascend): Tube Drift = 0.0286m (Max 0.0284m) at step 1
2026-04-24 00:56:36,936 - [ENV] - Episode ended without success at step 1. Final dist: 0.1215m
2026-04-24 00:56:36,937 - [ENV] - --- EPISODE START | Scenario: DESCEND | Start: [1.01778567 0.21222883 0.55      ] | Goal: [1.01778567 0.21222883 0.415     ] | DriftLimit: 0.0284 | FloorLimit: 0.4781 ---
2026-04-24 00:56:39,720 - [ENV] - SUCCESS: Goal reached in 69 steps. Dist = 0.0100m
2026-04-24 00:56:39,721 - [ENV] - --- EPISODE START | Scenario: DESCEND | Start: [0.70587147 0.0962238  0.55      ] | Goal: [0.70587147 0.0962238  0.41      ] | DriftLimit: 0.0284 | FloorLimit: 0.4782 ---
2026-04-24 00:56:45,696 - [ENV] - --- EPISODE START | Scenario: DESCEND | Start: [0.82735515 0.51558174 0.55      ] | Goal: [0.82735515 0.51558174 0.415     ] | DriftLimit: 0.0282 | FloorLimit: 0.4782 ---
2026-04-24 00:56:45,999 - [ENV] - SUCCESS: Goal reached in 7 steps. Dist = 0.0100m
2026-04-24 00:56:46,000 - [ENV] - --- EPISODE START | Scenario: DESCEND | Start: [0.66378206 0.09289023 0.55      ] | Goal: [0.66378206 0.09289023 0.415     ] | DriftLimit: 0.0282 | FloorLimit: 0.4782 ---
2026-04-24 00:56:47,361 - [ENV] - SUCCESS: Goal reached in 37 steps. Dist = 0.0099m
2026-04-24 00:56:47,362 - [ENV] - --- EPISODE START | Scenario: DESCEND | Start: [0.8039913  0.18077088 0.55      ] | Goal: [0.8039913  0.18077088 0.415     ] | DriftLimit: 0.0282 | FloorLimit: 0.4783 ---
2026-04-24 00:56:49,688 - [ENV] - SUCCESS: Goal reached in 69 steps. Dist = 0.0100m
2026-04-24 00:56:49,688 - [ENV] - --- EPISODE START | Scenario: ASCEND | Start: [0.67385565 0.04175919 0.41      ] | Goal: [0.67385565 0.04175919 0.55      ] | DriftLimit: 0.0282 | FloorLimit: 0.4783 ---
2026-04-24 00:56:49,795 - [ENV] - TERMINATED (Ascend): Tube Drift = 0.0328m (Max 0.0282m) at step 1
2026-04-24 00:56:49,796 - [ENV] - Episode ended without success at step 1. Final dist: 0.1276m
2026-04-24 00:56:49,797 - [ENV] - --- EPISODE START | Scenario: ASCEND | Start: [0.64477469 0.184575   0.41      ] | Goal: [0.64477469 0.184575   0.55      ] | DriftLimit: 0.0282 | FloorLimit: 0.4783 ---
2026-04-24 00:56:50,004 - [ENV] - TERMINATED (Ascend): Tube Drift = 0.0375m (Max 0.0281m) at step 1
2026-04-24 00:56:50,004 - [ENV] - Episode ended without success at step 1. Final dist: 0.1323m
2026-04-24 00:56:50,005 - [ENV] - --- EPISODE START | Scenario: TRANSIT | Start: [1.09389554 0.1409165  0.55      ] | Goal: [0.70265486 0.37709899 0.55      ] | DriftLimit: 0.0281 | FloorLimit: 0.4783 ---
2026-04-24 00:56:50,708 - [ENV] - SUCCESS: Goal reached in 14 steps. Dist = 0.0072m
2026-04-24 00:56:50,708 - [ENV] - --- EPISODE START | Scenario: TRANSIT | Start: [1.1094034  0.05989586 0.55      ] | Goal: [0.80136135 0.28304135 0.55      ] | DriftLimit: 0.0281 | FloorLimit: 0.4783 ---
2026-04-24 00:56:56,345 - [ENV] - --- EPISODE START | Scenario: DESCEND | Start: [0.86507194 0.37176213 0.55      ] | Goal: [0.86507194 0.37176213 0.41      ] | DriftLimit: 0.0280 | FloorLimit: 0.4784 ---
2026-04-24 00:56:57,562 - [ENV] - SUCCESS: Goal reached in 37 steps. Dist = 0.0099m
2026-04-24 00:56:57,562 - [ENV] - --- EPISODE START | Scenario: DESCEND | Start: [0.89312219 0.29025967 0.55      ] | Goal: [0.89312219 0.29025967 0.41      ] | DriftLimit: 0.0280 | FloorLimit: 0.4784 ---
2026-04-24 00:57:01,998 - [ENV] - SUCCESS: Goal reached in 132 steps. Dist = 0.0099m
2026-04-24 00:57:01,999 - [ENV] - --- EPISODE START | Scenario: ASCEND | Start: [0.74223445 0.42051967 0.41      ] | Goal: [0.74223445 0.42051967 0.55      ] | DriftLimit: 0.0279 | FloorLimit: 0.4784 ---
2026-04-24 00:57:02,127 - [ENV] - TERMINATED (Ascend): Tube Drift = 0.0290m (Max 0.0279m) at step 1
2026-04-24 00:57:02,127 - [ENV] - Episode ended without success at step 1. Final dist: 0.1287m
2026-04-24 00:57:02,128 - [ENV] - --- EPISODE START | Scenario: TRANSIT | Start: [1.03005765 0.4721375  0.55      ] | Goal: [0.83619287 0.18146803 0.55      ] | DriftLimit: 0.0279 | FloorLimit: 0.4784 ---
2026-04-24 00:57:02,642 - [ENV] - SUCCESS: Goal reached in 12 steps. Dist = 0.0096m
2026-04-24 00:57:02,643 - [ENV] - --- EPISODE START | Scenario: DESCEND | Start: [0.86437862 0.03007925 0.55      ] | Goal: [0.86437862 0.03007925 0.41      ] | DriftLimit: 0.0279 | FloorLimit: 0.4784 ---
2026-04-24 00:57:03,163 - [ENV] - SUCCESS: Goal reached in 11 steps. Dist = 0.0100m
2026-04-24 00:57:03,164 - [ENV] - --- EPISODE START | Scenario: TRANSIT | Start: [0.85042941 0.06488357 0.55      ] | Goal: [1.12758832 0.02915681 0.55      ] | DriftLimit: 0.0279 | FloorLimit: 0.4784 ---
2026-04-24 00:57:03,749 - [ENV] - SUCCESS: Goal reached in 12 steps. Dist = 0.0077m
2026-04-24 00:57:03,750 - [ENV] - --- EPISODE START | Scenario: DESCEND | Start: [0.76790736 0.11575712 0.55      ] | Goal: [0.76790736 0.11575712 0.415     ] | DriftLimit: 0.0279 | FloorLimit: 0.4784 ---
2026-04-24 00:57:08,335 - [ENV] - TERMINATED (Descend): Tube Drift = 0.0280m (Max 0.0278m) at step 107
2026-04-24 00:57:08,335 - [ENV] - Episode ended without success at step 107. Final dist: 0.0281m
2026-04-24 00:57:08,335 - [ENV] - --- EPISODE START | Scenario: DESCEND | Start: [0.94445747 0.1827436  0.55      ] | Goal: [0.94445747 0.1827436  0.41      ] | DriftLimit: 0.0278 | FloorLimit: 0.4785 ---
2026-04-24 00:57:14,235 - [ENV] - --- EPISODE START | Scenario: ASCEND | Start: [0.77868437 0.11095901 0.41      ] | Goal: [0.77868437 0.11095901 0.55      ] | DriftLimit: 0.0277 | FloorLimit: 0.4786 ---
2026-04-24 00:57:14,373 - [ENV] - TERMINATED (Ascend): Tube Drift = 0.0372m (Max 0.0277m) at step 1
2026-04-24 00:57:14,373 - [ENV] - Episode ended without success at step 1. Final dist: 0.1246m
2026-04-24 00:57:14,374 - [ENV] - --- EPISODE START | Scenario: TRANSIT | Start: [0.71196682 0.49660989 0.55      ] | Goal: [0.93009187 0.20992394 0.55      ] | DriftLimit: 0.0277 | FloorLimit: 0.4786 ---
2026-04-24 00:57:14,864 - [ENV] - SUCCESS: Goal reached in 14 steps. Dist = 0.0096m
2026-04-24 00:57:14,864 - [ENV] - --- EPISODE START | Scenario: ASCEND | Start: [0.60678202 0.29468568 0.41      ] | Goal: [0.60678202 0.29468568 0.55      ] | DriftLimit: 0.0276 | FloorLimit: 0.4786 ---
2026-04-24 00:57:15,293 - [ENV] - TERMINATED (Ascend): Tube Drift = 0.0396m (Max 0.0276m) at step 2
2026-04-24 00:57:15,293 - [ENV] - Episode ended without success at step 2. Final dist: 0.1270m
2026-04-24 00:57:15,293 - [ENV] - --- EPISODE START | Scenario: TRANSIT | Start: [0.87796585 0.08863428 0.55      ] | Goal: [0.73994788 0.39132154 0.55      ] | DriftLimit: 0.0276 | FloorLimit: 0.4786 ---
2026-04-24 00:57:15,946 - [ENV] - SUCCESS: Goal reached in 20 steps. Dist = 0.0099m
2026-04-24 00:57:15,946 - [ENV] - --- EPISODE START | Scenario: TRANSIT | Start: [0.79639576 0.40405592 0.55      ] | Goal: [1.03564055 0.03647567 0.55      ] | DriftLimit: 0.0276 | FloorLimit: 0.4786 ---
2026-04-24 00:57:17,567 - [ENV] - SUCCESS: Goal reached in 45 steps. Dist = 0.0098m
2026-04-24 00:57:17,568 - [ENV] - --- EPISODE START | Scenario: DESCEND | Start: [0.70349351 0.08443103 0.55      ] | Goal: [0.70349351 0.08443103 0.415     ] | DriftLimit: 0.0276 | FloorLimit: 0.4786 ---
2026-04-24 00:57:17,933 - [ENV] - SUCCESS: Goal reached in 10 steps. Dist = 0.0100m
2026-04-24 00:57:17,934 - [ENV] - --- EPISODE START | Scenario: ASCEND | Start: [1.10727583 0.43231158 0.41      ] | Goal: [1.10727583 0.43231158 0.55      ] | DriftLimit: 0.0276 | FloorLimit: 0.4786 ---
2026-04-24 00:57:18,049 - [ENV] - TERMINATED (Ascend): Tube Drift = 0.0351m (Max 0.0276m) at step 1
2026-04-24 00:57:18,049 - [ENV] - Episode ended without success at step 1. Final dist: 0.1225m
2026-04-24 00:57:18,050 - [ENV] - --- EPISODE START | Scenario: DESCEND | Start: [0.72786407 0.15875649 0.55      ] | Goal: [0.72786407 0.15875649 0.41      ] | DriftLimit: 0.0276 | FloorLimit: 0.4786 ---
2026-04-24 00:57:18,307 - [ENV] - TERMINATED (Descend): Tube Drift = 0.0292m (Max 0.0276m) at step 5
2026-04-24 00:57:18,307 - [ENV] - Episode ended without success at step 5. Final dist: 0.0308m
2026-04-24 00:57:18,308 - [ENV] - --- EPISODE START | Scenario: TRANSIT | Start: [0.97127477 0.41206329 0.55      ] | Goal: [1.12868093 0.31716903 0.55      ] | DriftLimit: 0.0276 | FloorLimit: 0.4786 ---
2026-04-24 00:57:18,648 - [ENV] - SUCCESS: Goal reached in 9 steps. Dist = 0.0083m
2026-04-24 00:57:18,649 - [ENV] - --- EPISODE START | Scenario: ASCEND | Start: [0.63584839 0.40070223 0.41      ] | Goal: [0.63584839 0.40070223 0.55      ] | DriftLimit: 0.0276 | FloorLimit: 0.4786 ---
2026-04-24 00:57:18,850 - [ENV] - TERMINATED (Ascend): Tube Drift = 0.0313m (Max 0.0276m) at step 1
2026-04-24 00:57:18,850 - [ENV] - Episode ended without success at step 1. Final dist: 0.1297m
2026-04-24 00:57:18,851 - [ENV] - --- EPISODE START | Scenario: ASCEND | Start: [0.98570606 0.3994957  0.41      ] | Goal: [0.98570606 0.3994957  0.55      ] | DriftLimit: 0.0276 | FloorLimit: 0.4786 ---
2026-04-24 00:57:18,991 - [ENV] - TERMINATED (Ascend): Tube Drift = 0.0315m (Max 0.0276m) at step 1
2026-04-24 00:57:18,991 - [ENV] - Episode ended without success at step 1. Final dist: 0.1229m
2026-04-24 00:57:18,992 - [ENV] - --- EPISODE START | Scenario: TRANSIT | Start: [ 0.69430267 -0.0064326   0.55      ] | Goal: [1.04677073 0.53898885 0.55      ] | DriftLimit: 0.0276 | FloorLimit: 0.4786 ---
2026-04-24 00:57:25,432 - [ENV] - --- EPISODE START | Scenario: DESCEND | Start: [0.97414484 0.26090202 0.55      ] | Goal: [0.97414484 0.26090202 0.415     ] | DriftLimit: 0.0274 | FloorLimit: 0.4787 ---
2026-04-24 00:57:31,211 - [ENV] - --- EPISODE START | Scenario: ASCEND | Start: [0.86501634 0.35670833 0.41      ] | Goal: [0.86501634 0.35670833 0.55      ] | DriftLimit: 0.0273 | FloorLimit: 0.4787 ---
2026-04-24 00:57:31,607 - [ENV] - TERMINATED (Ascend): Tube Drift = 0.0372m (Max 0.0273m) at step 5
2026-04-24 00:57:31,607 - [ENV] - Episode ended without success at step 5. Final dist: 0.0378m
2026-04-24 00:57:31,608 - [ENV] - --- EPISODE START | Scenario: ASCEND | Start: [1.04996138 0.4122833  0.41      ] | Goal: [1.04996138 0.4122833  0.55      ] | DriftLimit: 0.0273 | FloorLimit: 0.4787 ---
2026-04-24 00:57:31,813 - [ENV] - TERMINATED (Ascend): Tube Drift = 0.0309m (Max 0.0273m) at step 1
2026-04-24 00:57:31,813 - [ENV] - Episode ended without success at step 1. Final dist: 0.1257m
2026-04-24 00:57:31,813 - [ENV] - --- EPISODE START | Scenario: DESCEND | Start: [0.61565431 0.45431689 0.55      ] | Goal: [0.61565431 0.45431689 0.415     ] | DriftLimit: 0.0273 | FloorLimit: 0.4787 ---
2026-04-24 00:57:31,895 - [ENV] - TERMINATED (Descend): Tube Drift = 0.0288m (Max 0.0273m) at step 1
2026-04-24 00:57:31,896 - [ENV] - Episode ended without success at step 1. Final dist: 0.0925m
2026-04-24 00:57:31,897 - [ENV] - --- EPISODE START | Scenario: TRANSIT | Start: [1.02821914 0.26887393 0.55      ] | Goal: [0.88166285 0.08557839 0.55      ] | DriftLimit: 0.0273 | FloorLimit: 0.4787 ---
2026-04-24 00:57:32,314 - [ENV] - SUCCESS: Goal reached in 8 steps. Dist = 0.0099m
2026-04-24 00:57:32,315 - [ENV] - --- EPISODE START | Scenario: DESCEND | Start: [0.90523332 0.34026095 0.55      ] | Goal: [0.90523332 0.34026095 0.415     ] | DriftLimit: 0.0273 | FloorLimit: 0.4787 ---
2026-04-24 00:57:38,587 - [ENV] - --- EPISODE START | Scenario: TRANSIT | Start: [0.78806471 0.46048908 0.55      ] | Goal: [0.62011388 0.39131325 0.55      ] | DriftLimit: 0.0272 | FloorLimit: 0.4788 ---
2026-04-24 00:57:44,730 - [ENV] - --- EPISODE START | Scenario: ASCEND | Start: [ 8.76886311e-01 -2.79555917e-04  4.10000000e-01] | Goal: [ 8.76886311e-01 -2.79555917e-04  5.50000000e-01] | DriftLimit: 0.0270 | FloorLimit: 0.4789 ---
2026-04-24 00:57:44,852 - [ENV] - TERMINATED (Ascend): Tube Drift = 0.0347m (Max 0.0270m) at step 1
2026-04-24 00:57:44,853 - [ENV] - Episode ended without success at step 1. Final dist: 0.1240m
2026-04-24 00:57:44,854 - [ENV] - --- EPISODE START | Scenario: ASCEND | Start: [0.9568887  0.28498895 0.41      ] | Goal: [0.9568887  0.28498895 0.55      ] | DriftLimit: 0.0270 | FloorLimit: 0.4789 ---
2026-04-24 00:57:45,010 - [ENV] - TERMINATED (Ascend): Tube Drift = 0.0360m (Max 0.0270m) at step 1
2026-04-24 00:57:45,010 - [ENV] - Episode ended without success at step 1. Final dist: 0.1220m
2026-04-24 00:57:45,011 - [ENV] - --- EPISODE START | Scenario: DESCEND | Start: [1.12310388 0.00366456 0.55      ] | Goal: [1.12310388 0.00366456 0.415     ] | DriftLimit: 0.0270 | FloorLimit: 0.4789 ---
2026-04-24 00:57:51,026 - [ENV] - --- EPISODE START | Scenario: DESCEND | Start: [0.70943049 0.22634786 0.55      ] | Goal: [0.70943049 0.22634786 0.415     ] | DriftLimit: 0.0269 | FloorLimit: 0.4790 ---
2026-04-24 00:58:24,411 - [ENV] - --- EPISODE START | Scenario: TRANSIT | Start: [0.99149743 0.08601505 0.55      ] | Goal: [0.71039254 0.37457846 0.55      ] | DriftLimit: 0.0268 | FloorLimit: 0.4790 ---
2026-04-24 00:58:25,014 - [ENV] - SUCCESS: Goal reached in 18 steps. Dist = 0.0096m
2026-04-24 00:58:25,015 - [ENV] - --- EPISODE START | Scenario: TRANSIT | Start: [0.8933114  0.32375614 0.55      ] | Goal: [0.68214393 0.00377836 0.55      ] | DriftLimit: 0.0268 | FloorLimit: 0.4790 ---
2026-04-24 00:58:25,710 - [ENV] - SUCCESS: Goal reached in 19 steps. Dist = 0.0091m
2026-04-24 00:58:25,711 - [ENV] - --- EPISODE START | Scenario: ASCEND | Start: [0.62425746 0.49095859 0.41      ] | Goal: [0.62425746 0.49095859 0.55      ] | DriftLimit: 0.0268 | FloorLimit: 0.4790 ---
2026-04-24 00:58:25,883 - [ENV] - TERMINATED (Ascend): Tube Drift = 0.0524m (Max 0.0268m) at step 2
2026-04-24 00:58:25,883 - [ENV] - Episode ended without success at step 2. Final dist: 0.1266m
2026-04-24 00:58:25,884 - [ENV] - --- EPISODE START | Scenario: TRANSIT | Start: [0.71272579 0.50563753 0.55      ] | Goal: [1.0430375  0.22578315 0.55      ] | DriftLimit: 0.0268 | FloorLimit: 0.4790 ---
2026-04-24 00:58:26,413 - [ENV] - SUCCESS: Goal reached in 16 steps. Dist = 0.0098m
2026-04-24 00:58:26,413 - [ENV] - --- EPISODE START | Scenario: ASCEND | Start: [0.96385615 0.35952565 0.41      ] | Goal: [0.96385615 0.35952565 0.55      ] | DriftLimit: 0.0268 | FloorLimit: 0.4790 ---
2026-04-24 00:58:26,560 - [ENV] - TERMINATED (Ascend): Tube Drift = 0.0304m (Max 0.0268m) at step 1
2026-04-24 00:58:26,560 - [ENV] - Episode ended without success at step 1. Final dist: 0.1226m
2026-04-24 00:58:26,561 - [ENV] - --- EPISODE START | Scenario: ASCEND | Start: [0.99821412 0.54328893 0.41      ] | Goal: [0.99821412 0.54328893 0.55      ] | DriftLimit: 0.0268 | FloorLimit: 0.4790 ---
2026-04-24 00:58:26,720 - [ENV] - TERMINATED (Ascend): Tube Drift = 0.0626m (Max 0.0267m) at step 2
2026-04-24 00:58:26,721 - [ENV] - Episode ended without success at step 2. Final dist: 0.1113m
2026-04-24 00:58:26,722 - [ENV] - --- EPISODE START | Scenario: TRANSIT | Start: [0.71295948 0.3130358  0.55      ] | Goal: [0.89367879 0.09762289 0.55      ] | DriftLimit: 0.0267 | FloorLimit: 0.4790 ---
2026-04-24 00:58:27,190 - [ENV] - SUCCESS: Goal reached in 14 steps. Dist = 0.0093m
2026-04-24 00:58:27,191 - [ENV] - --- EPISODE START | Scenario: ASCEND | Start: [0.7723588  0.05983362 0.41      ] | Goal: [0.7723588  0.05983362 0.55      ] | DriftLimit: 0.0267 | FloorLimit: 0.4791 ---
2026-04-24 00:58:27,334 - [ENV] - TERMINATED (Ascend): Tube Drift = 0.0540m (Max 0.0267m) at step 2
2026-04-24 00:58:27,334 - [ENV] - Episode ended without success at step 2. Final dist: 0.1245m
2026-04-24 00:58:27,335 - [ENV] - --- EPISODE START | Scenario: TRANSIT | Start: [0.92657848 0.45188265 0.55      ] | Goal: [0.80205029 0.18526854 0.55      ] | DriftLimit: 0.0267 | FloorLimit: 0.4791 ---
2026-04-24 00:58:27,689 - [ENV] - SUCCESS: Goal reached in 9 steps. Dist = 0.0079m
2026-04-24 00:58:27,690 - [ENV] - --- EPISODE START | Scenario: TRANSIT | Start: [ 0.98866055 -0.01529458  0.55      ] | Goal: [0.62125875 0.40111532 0.55      ] | DriftLimit: 0.0267 | FloorLimit: 0.4791 ---
2026-04-24 00:58:28,218 - [ENV] - SUCCESS: Goal reached in 18 steps. Dist = 0.0092m
2026-04-24 00:58:28,219 - [ENV] - --- EPISODE START | Scenario: DESCEND | Start: [1.1072353  0.44062954 0.55      ] | Goal: [1.1072353  0.44062954 0.415     ] | DriftLimit: 0.0267 | FloorLimit: 0.4791 ---
2026-04-24 00:58:28,558 - [ENV] - SUCCESS: Goal reached in 9 steps. Dist = 0.0097m
2026-04-24 00:58:28,559 - [ENV] - --- EPISODE START | Scenario: ASCEND | Start: [0.75397034 0.00229686 0.41      ] | Goal: [0.75397034 0.00229686 0.55      ] | DriftLimit: 0.0267 | FloorLimit: 0.4791 ---
2026-04-24 00:58:28,674 - [ENV] - TERMINATED (Ascend): Tube Drift = 0.0280m (Max 0.0267m) at step 1
2026-04-24 00:58:28,675 - [ENV] - Episode ended without success at step 1. Final dist: 0.1238m
2026-04-24 00:58:28,676 - [ENV] - --- EPISODE START | Scenario: DESCEND | Start: [1.11006336 0.04128576 0.55      ] | Goal: [1.11006336 0.04128576 0.41      ] | DriftLimit: 0.0267 | FloorLimit: 0.4791 ---
2026-04-24 00:58:29,784 - [ENV] - SUCCESS: Goal reached in 34 steps. Dist = 0.0099m
2026-04-24 00:58:29,784 - [ENV] - --- EPISODE START | Scenario: TRANSIT | Start: [0.83261982 0.31981798 0.55      ] | Goal: [0.62051931 0.10511539 0.55      ] | DriftLimit: 0.0267 | FloorLimit: 0.4791 ---
2026-04-24 00:58:35,787 - [ENV] - --- EPISODE START | Scenario: TRANSIT | Start: [0.84795838 0.48975422 0.55      ] | Goal: [0.71521574 0.44234646 0.55      ] | DriftLimit: 0.0266 | FloorLimit: 0.4792 ---
2026-04-24 00:58:36,137 - [ENV] - SUCCESS: Goal reached in 10 steps. Dist = 0.0094m
2026-04-24 00:58:36,137 - [ENV] - --- EPISODE START | Scenario: ASCEND | Start: [0.74057168 0.20092202 0.41      ] | Goal: [0.74057168 0.20092202 0.55      ] | DriftLimit: 0.0265 | FloorLimit: 0.4792 ---
2026-04-24 00:58:36,314 - [ENV] - TERMINATED (Ascend): Tube Drift = 0.0551m (Max 0.0265m) at step 2
2026-04-24 00:58:36,314 - [ENV] - Episode ended without success at step 2. Final dist: 0.1288m
2026-04-24 00:58:36,315 - [ENV] - --- EPISODE START | Scenario: TRANSIT | Start: [0.75809889 0.54204808 0.55      ] | Goal: [0.86989046 0.26482719 0.55      ] | DriftLimit: 0.0265 | FloorLimit: 0.4792 ---
2026-04-24 00:58:36,950 - [ENV] - SUCCESS: Goal reached in 16 steps. Dist = 0.0093m
2026-04-24 00:58:36,951 - [ENV] - --- EPISODE START | Scenario: ASCEND | Start: [0.70516022 0.53530344 0.41      ] | Goal: [0.70516022 0.53530344 0.55      ] | DriftLimit: 0.0265 | FloorLimit: 0.4792 ---
2026-04-24 00:58:37,056 - [ENV] - TERMINATED (Ascend): Tube Drift = 0.0286m (Max 0.0265m) at step 1
2026-04-24 00:58:37,056 - [ENV] - Episode ended without success at step 1. Final dist: 0.1258m
2026-04-24 00:58:37,057 - [ENV] - --- EPISODE START | Scenario: DESCEND | Start: [0.65223484 0.43451314 0.55      ] | Goal: [0.65223484 0.43451314 0.41      ] | DriftLimit: 0.0265 | FloorLimit: 0.4792 ---
2026-04-24 00:58:44,250 - [ENV] - --- EPISODE START | Scenario: TRANSIT | Start: [0.79086202 0.31741503 0.55      ] | Goal: [0.67453368 0.13444412 0.55      ] | DriftLimit: 0.0264 | FloorLimit: 0.4792 ---
2026-04-24 00:58:44,647 - [ENV] - TERMINATED (Transit): Floor collision. Z = 0.4770m (Min 0.479m) at step 11
2026-04-24 00:58:44,647 - [ENV] - Episode ended without success at step 11. Final dist: 0.0736m
2026-04-24 00:58:44,648 - [ENV] - --- EPISODE START | Scenario: DESCEND | Start: [0.65206656 0.50131105 0.55      ] | Goal: [0.65206656 0.50131105 0.41      ] | DriftLimit: 0.0264 | FloorLimit: 0.4792 ---
2026-04-24 00:58:48,658 - [ENV] - SUCCESS: Goal reached in 131 steps. Dist = 0.0100m
2026-04-24 00:58:48,659 - [ENV] - --- EPISODE START | Scenario: DESCEND | Start: [0.9697663  0.06626145 0.55      ] | Goal: [0.9697663  0.06626145 0.41      ] | DriftLimit: 0.0263 | FloorLimit: 0.4793 ---
2026-04-24 00:58:54,591 - [ENV] - --- EPISODE START | Scenario: TRANSIT | Start: [0.75644325 0.41097613 0.55      ] | Goal: [0.71468218 0.06190845 0.55      ] | DriftLimit: 0.0262 | FloorLimit: 0.4794 ---
2026-04-24 00:58:55,056 - [ENV] - SUCCESS: Goal reached in 14 steps. Dist = 0.0096m
2026-04-24 00:58:55,056 - [ENV] - --- EPISODE START | Scenario: TRANSIT | Start: [0.69156876 0.43576497 0.55      ] | Goal: [0.8168764  0.25076632 0.55      ] | DriftLimit: 0.0262 | FloorLimit: 0.4794 ---
2026-04-24 00:58:55,410 - [ENV] - SUCCESS: Goal reached in 7 steps. Dist = 0.0073m
2026-04-24 00:58:55,411 - [ENV] - --- EPISODE START | Scenario: TRANSIT | Start: [0.87778638 0.19552162 0.55      ] | Goal: [0.80461677 0.02089409 0.55      ] | DriftLimit: 0.0262 | FloorLimit: 0.4794 ---
2026-04-24 00:58:56,599 - [ENV] - SUCCESS: Goal reached in 18 steps. Dist = 0.0099m
2026-04-24 00:58:56,600 - [ENV] - --- EPISODE START | Scenario: TRANSIT | Start: [0.69524571 0.50190652 0.55      ] | Goal: [1.1140122  0.32455566 0.55      ] | DriftLimit: 0.0261 | FloorLimit: 0.4794 ---
2026-04-24 00:58:59,226 - [ENV] - SUCCESS: Goal reached in 82 steps. Dist = 0.0098m
2026-04-24 00:58:59,227 - [ENV] - --- EPISODE START | Scenario: DESCEND | Start: [1.01057201 0.29685618 0.55      ] | Goal: [1.01057201 0.29685618 0.41      ] | DriftLimit: 0.0261 | FloorLimit: 0.4794 ---
2026-04-24 00:59:00,231 - [ENV] - TERMINATED (Descend): Tube Drift = 0.0262m (Max 0.0261m) at step 31
2026-04-24 00:59:00,231 - [ENV] - Episode ended without success at step 31. Final dist: 0.0271m
2026-04-24 00:59:00,232 - [ENV] - --- EPISODE START | Scenario: DESCEND | Start: [0.79078143 0.32546818 0.55      ] | Goal: [0.79078143 0.32546818 0.41      ] | DriftLimit: 0.0261 | FloorLimit: 0.4794 ---
2026-04-24 00:59:01,514 - [ENV] - SUCCESS: Goal reached in 42 steps. Dist = 0.0099m
2026-04-24 00:59:01,514 - [ENV] - --- EPISODE START | Scenario: TRANSIT | Start: [0.97980348 0.34658328 0.55      ] | Goal: [1.05255588 0.24538415 0.55      ] | DriftLimit: 0.0260 | FloorLimit: 0.4794 ---
2026-04-24 00:59:01,727 - [ENV] - SUCCESS: Goal reached in 5 steps. Dist = 0.0093m
2026-04-24 00:59:01,727 - [ENV] - --- EPISODE START | Scenario: DESCEND | Start: [0.66492129 0.25937371 0.55      ] | Goal: [0.66492129 0.25937371 0.415     ] | DriftLimit: 0.0260 | FloorLimit: 0.4794 ---
2026-04-24 00:59:07,950 - [ENV] - --- EPISODE START | Scenario: TRANSIT | Start: [0.77333352 0.00744065 0.55      ] | Goal: [1.10883721 0.06683679 0.55      ] | DriftLimit: 0.0259 | FloorLimit: 0.4795 ---
2026-04-24 00:59:08,525 - [ENV] - SUCCESS: Goal reached in 19 steps. Dist = 0.0093m
2026-04-24 00:59:08,526 - [ENV] - --- EPISODE START | Scenario: DESCEND | Start: [0.72916053 0.51208734 0.55      ] | Goal: [0.72916053 0.51208734 0.41      ] | DriftLimit: 0.0259 | FloorLimit: 0.4795 ---
2026-04-24 00:59:12,667 - [ENV] - SUCCESS: Goal reached in 125 steps. Dist = 0.0099m
2026-04-24 00:59:12,668 - [ENV] - --- EPISODE START | Scenario: DESCEND | Start: [0.69877614 0.32917711 0.55      ] | Goal: [0.69877614 0.32917711 0.41      ] | DriftLimit: 0.0258 | FloorLimit: 0.4796 ---
2026-04-24 00:59:15,820 - [ENV] - TERMINATED (Descend): Tube Drift = 0.0263m (Max 0.0257m) at step 86
2026-04-24 00:59:15,820 - [ENV] - Episode ended without success at step 86. Final dist: 0.0274m
2026-04-24 00:59:15,821 - [ENV] - --- EPISODE START | Scenario: TRANSIT | Start: [ 0.84937725 -0.00425851  0.55      ] | Goal: [0.65368623 0.44623159 0.55      ] | DriftLimit: 0.0257 | FloorLimit: 0.4796 ---
2026-04-24 00:59:16,782 - [ENV] - SUCCESS: Goal reached in 19 steps. Dist = 0.0074m
2026-04-24 00:59:16,783 - [ENV] - --- EPISODE START | Scenario: DESCEND | Start: [1.09343435 0.07431659 0.55      ] | Goal: [1.09343435 0.07431659 0.415     ] | DriftLimit: 0.0257 | FloorLimit: 0.4796 ---
2026-04-24 00:59:17,035 - [ENV] - SUCCESS: Goal reached in 5 steps. Dist = 0.0099m
2026-04-24 00:59:17,036 - [ENV] - --- EPISODE START | Scenario: DESCEND | Start: [0.78246528 0.24549139 0.55      ] | Goal: [0.78246528 0.24549139 0.41      ] | DriftLimit: 0.0257 | FloorLimit: 0.4796 ---
2026-04-24 00:59:23,017 - [ENV] - --- EPISODE START | Scenario: ASCEND | Start: [1.15398973 0.29983496 0.41      ] | Goal: [1.15398973 0.29983496 0.55      ] | DriftLimit: 0.0256 | FloorLimit: 0.4797 ---
2026-04-24 00:59:23,171 - [ENV] - TERMINATED (Ascend): Tube Drift = 0.0265m (Max 0.0256m) at step 1
2026-04-24 00:59:23,171 - [ENV] - Episode ended without success at step 1. Final dist: 0.1208m
2026-04-24 00:59:23,172 - [ENV] - --- EPISODE START | Scenario: TRANSIT | Start: [1.11170135 0.27631344 0.55      ] | Goal: [1.01257577 0.05751747 0.55      ] | DriftLimit: 0.0256 | FloorLimit: 0.4797 ---
2026-04-24 00:59:23,760 - [ENV] - SUCCESS: Goal reached in 14 steps. Dist = 0.0095m
2026-04-24 00:59:23,760 - [ENV] - --- EPISODE START | Scenario: TRANSIT | Start: [0.78116735 0.19349306 0.55      ] | Goal: [0.95254101 0.46623396 0.55      ] | DriftLimit: 0.0256 | FloorLimit: 0.4797 ---
2026-04-24 00:59:29,887 - [ENV] - --- EPISODE START | Scenario: DESCEND | Start: [1.11740615 0.18280456 0.55      ] | Goal: [1.11740615 0.18280456 0.415     ] | DriftLimit: 0.0254 | FloorLimit: 0.4798 ---
2026-04-24 00:59:30,934 - [ENV] - SUCCESS: Goal reached in 22 steps. Dist = 0.0100m
2026-04-24 00:59:30,935 - [ENV] - --- EPISODE START | Scenario: ASCEND | Start: [0.65244275 0.38242755 0.41      ] | Goal: [0.65244275 0.38242755 0.55      ] | DriftLimit: 0.0254 | FloorLimit: 0.4798 ---
2026-04-24 00:59:31,218 - [ENV] - TERMINATED (Ascend): Tube Drift = 0.0278m (Max 0.0254m) at step 3
2026-04-24 00:59:31,219 - [ENV] - Episode ended without success at step 3. Final dist: 0.1182m
2026-04-24 00:59:31,220 - [ENV] - --- EPISODE START | Scenario: ASCEND | Start: [0.6839013  0.00392819 0.41      ] | Goal: [0.6839013  0.00392819 0.55      ] | DriftLimit: 0.0254 | FloorLimit: 0.4798 ---
2026-04-24 00:59:31,331 - [ENV] - TERMINATED (Ascend): Tube Drift = 0.0292m (Max 0.0254m) at step 1
2026-04-24 00:59:31,332 - [ENV] - Episode ended without success at step 1. Final dist: 0.1261m
2026-04-24 00:59:31,332 - [ENV] - --- EPISODE START | Scenario: TRANSIT | Start: [0.62091961 0.34824987 0.55      ] | Goal: [0.96470668 0.51555208 0.55      ] | DriftLimit: 0.0254 | FloorLimit: 0.4798 ---
2026-04-24 00:59:38,343 - [ENV] - --- EPISODE START | Scenario: ASCEND | Start: [1.1123692  0.05716866 0.41      ] | Goal: [1.1123692  0.05716866 0.55      ] | DriftLimit: 0.0253 | FloorLimit: 0.4798 ---
2026-04-24 00:59:38,446 - [ENV] - TERMINATED (Ascend): Tube Drift = 0.0311m (Max 0.0253m) at step 1
2026-04-24 00:59:38,446 - [ENV] - Episode ended without success at step 1. Final dist: 0.1196m
2026-04-24 00:59:38,447 - [ENV] - --- EPISODE START | Scenario: DESCEND | Start: [0.95198763 0.52651836 0.55      ] | Goal: [0.95198763 0.52651836 0.415     ] | DriftLimit: 0.0253 | FloorLimit: 0.4798 ---
2026-04-24 00:59:43,885 - [ENV] - SUCCESS: Goal reached in 151 steps. Dist = 0.0098m
2026-04-24 00:59:43,886 - [ENV] - --- EPISODE START | Scenario: ASCEND | Start: [0.68262697 0.26560909 0.41      ] | Goal: [0.68262697 0.26560909 0.55      ] | DriftLimit: 0.0252 | FloorLimit: 0.4799 ---
2026-04-24 00:59:44,260 - [ENV] - TERMINATED (Ascend): Tube Drift = 0.0264m (Max 0.0252m) at step 3
2026-04-24 00:59:44,260 - [ENV] - Episode ended without success at step 3. Final dist: 0.1347m
2026-04-24 00:59:44,261 - [ENV] - --- EPISODE START | Scenario: DESCEND | Start: [1.02599084 0.2863512  0.55      ] | Goal: [1.02599084 0.2863512  0.415     ] | DriftLimit: 0.0252 | FloorLimit: 0.4799 ---
2026-04-24 00:59:50,847 - [ENV] - --- EPISODE START | Scenario: DESCEND | Start: [1.10606566 0.37362994 0.55      ] | Goal: [1.10606566 0.37362994 0.415     ] | DriftLimit: 0.0251 | FloorLimit: 0.4800 ---
