2026-04-24 12:59:08,110 - [ENV] - --- EPISODE START | Scenario: DESCEND | Start: [0.60018805 0.25140692 0.55      ] | Goal: [0.60018805 0.25140692 0.415     ] | DriftLimit: 0.0800 | FloorLimit: 0.4500 ---
2026-04-24 12:59:08,232 - [ENV] - TERMINATED (Descend): Tube Drift = 0.0848m (Max 0.0800m) at step 4
2026-04-24 12:59:08,232 - [ENV] - Episode ended without success at step 4. Final dist: 0.1225m
2026-04-24 12:59:08,233 - [ENV] - --- EPISODE START | Scenario: ASCEND | Start: [0.60262593 0.11492646 0.415     ] | Goal: [0.60262593 0.11492646 0.55      ] | DriftLimit: 0.0800 | FloorLimit: 0.4500 ---
2026-04-24 12:59:08,397 - [ENV] - TERMINATED (Ascend): Tube Drift = 0.0903m (Max 0.0800m) at step 5
2026-04-24 12:59:08,397 - [ENV] - Episode ended without success at step 5. Final dist: 0.1569m
2026-04-24 12:59:08,397 - [ENV] - --- EPISODE START | Scenario: DESCEND | Start: [0.86525723 0.48733878 0.55      ] | Goal: [0.86525723 0.48733878 0.415     ] | DriftLimit: 0.0800 | FloorLimit: 0.4500 ---
2026-04-24 12:59:08,619 - [ENV] - TERMINATED (Descend): Tube Drift = 0.0867m (Max 0.0800m) at step 25
2026-04-24 12:59:08,619 - [ENV] - Episode ended without success at step 25. Final dist: 0.1922m
2026-04-24 12:59:08,620 - [ENV] - --- EPISODE START | Scenario: DESCEND | Start: [0.62570432 0.51404948 0.55      ] | Goal: [0.62570432 0.51404948 0.41      ] | DriftLimit: 0.0800 | FloorLimit: 0.4500 ---
2026-04-24 12:59:08,856 - [ENV] - TERMINATED (Descend): Tube Drift = 0.1030m (Max 0.0799m) at step 15
2026-04-24 12:59:08,856 - [ENV] - Episode ended without success at step 15. Final dist: 0.1374m
2026-04-24 12:59:08,857 - [ENV] - --- EPISODE START | Scenario: TRANSIT | Start: [0.90092949 0.17813708 0.55      ] | Goal: [0.77800811 0.12217798 0.55      ] | DriftLimit: 0.0799 | FloorLimit: 0.4500 ---
2026-04-24 12:59:08,962 - [ENV] - TERMINATED (Transit): Floor collision. Z = 0.4491m (Min 0.450m) at step 7
2026-04-24 12:59:08,963 - [ENV] - Episode ended without success at step 7. Final dist: 0.1783m
2026-04-24 12:59:08,963 - [ENV] - --- EPISODE START | Scenario: TRANSIT | Start: [0.81325017 0.06189258 0.55      ] | Goal: [0.67413698 0.32800553 0.55      ] | DriftLimit: 0.0799 | FloorLimit: 0.4500 ---
2026-04-24 12:59:09,012 - [ENV] - TERMINATED (Transit): Floor collision. Z = 0.4291m (Min 0.450m) at step 6
2026-04-24 12:59:09,013 - [ENV] - Episode ended without success at step 6. Final dist: 0.3314m
2026-04-24 12:59:09,013 - [ENV] - --- EPISODE START | Scenario: ASCEND | Start: [0.7644177  0.29779537 0.415     ] | Goal: [0.7644177  0.29779537 0.55      ] | DriftLimit: 0.0799 | FloorLimit: 0.4500 ---
2026-04-24 12:59:09,285 - [ENV] - TERMINATED (Ascend): Tube Drift = 0.0996m (Max 0.0799m) at step 13
2026-04-24 12:59:09,285 - [ENV] - Episode ended without success at step 13. Final dist: 0.1267m
2026-04-24 12:59:09,285 - [ENV] - --- EPISODE START | Scenario: ASCEND | Start: [1.0371576  0.45669063 0.415     ] | Goal: [1.0371576  0.45669063 0.55      ] | DriftLimit: 0.0799 | FloorLimit: 0.4500 ---
2026-04-24 12:59:09,873 - [ENV] - TERMINATED (Ascend): Tube Drift = 0.0877m (Max 0.0798m) at step 58
2026-04-24 12:59:09,873 - [ENV] - Episode ended without success at step 58. Final dist: 0.1454m
2026-04-24 12:59:09,874 - [ENV] - --- EPISODE START | Scenario: ASCEND | Start: [0.60146905 0.1499484  0.415     ] | Goal: [0.60146905 0.1499484  0.55      ] | DriftLimit: 0.0798 | FloorLimit: 0.4501 ---
2026-04-24 12:59:10,019 - [ENV] - TERMINATED (Ascend): Tube Drift = 0.1043m (Max 0.0798m) at step 9
2026-04-24 12:59:10,019 - [ENV] - Episode ended without success at step 9. Final dist: 0.1533m
2026-04-24 12:59:10,020 - [ENV] - --- EPISODE START | Scenario: DESCEND | Start: [0.9915731  0.54109064 0.55      ] | Goal: [0.9915731  0.54109064 0.41      ] | DriftLimit: 0.0798 | FloorLimit: 0.4501 ---
2026-04-24 12:59:10,090 - [ENV] - TERMINATED (Descend): Tube Drift = 0.1066m (Max 0.0798m) at step 11
2026-04-24 12:59:10,090 - [ENV] - Episode ended without success at step 11. Final dist: 0.1469m
2026-04-24 12:59:10,091 - [ENV] - --- EPISODE START | Scenario: ASCEND | Start: [1.03767765 0.45688888 0.415     ] | Goal: [1.03767765 0.45688888 0.55      ] | DriftLimit: 0.0798 | FloorLimit: 0.4501 ---
2026-04-24 12:59:10,698 - [ENV] - TERMINATED (Ascend): Tube Drift = 0.1073m (Max 0.0797m) at step 50
2026-04-24 12:59:10,699 - [ENV] - Episode ended without success at step 50. Final dist: 0.1505m
2026-04-24 12:59:10,699 - [ENV] - --- EPISODE START | Scenario: ASCEND | Start: [0.98168417 0.03926028 0.415     ] | Goal: [0.98168417 0.03926028 0.55      ] | DriftLimit: 0.0797 | FloorLimit: 0.4501 ---
2026-04-24 12:59:10,800 - [ENV] - TERMINATED (Ascend): Tube Drift = 0.0995m (Max 0.0797m) at step 7
2026-04-24 12:59:10,800 - [ENV] - Episode ended without success at step 7. Final dist: 0.1598m
2026-04-24 12:59:10,801 - [ENV] - --- EPISODE START | Scenario: TRANSIT | Start: [1.10341845 0.08667998 0.55      ] | Goal: [0.8901019  0.12779732 0.55      ] | DriftLimit: 0.0797 | FloorLimit: 0.4501 ---
2026-04-24 12:59:10,927 - [ENV] - TERMINATED (Transit): Floor collision. Z = 0.4496m (Min 0.450m) at step 11
2026-04-24 12:59:10,927 - [ENV] - Episode ended without success at step 11. Final dist: 0.2909m
2026-04-24 12:59:10,928 - [ENV] - --- EPISODE START | Scenario: ASCEND | Start: [0.86082451 0.14435425 0.415     ] | Goal: [0.86082451 0.14435425 0.55      ] | DriftLimit: 0.0797 | FloorLimit: 0.4501 ---
2026-04-24 12:59:11,045 - [ENV] - TERMINATED (Ascend): Tube Drift = 0.0810m (Max 0.0797m) at step 10
2026-04-24 12:59:11,045 - [ENV] - Episode ended without success at step 10. Final dist: 0.1317m
2026-04-24 12:59:11,045 - [ENV] - --- EPISODE START | Scenario: DESCEND | Start: [1.08959784 0.01908557 0.55      ] | Goal: [1.08959784 0.01908557 0.415     ] | DriftLimit: 0.0797 | FloorLimit: 0.4501 ---
2026-04-24 12:59:11,090 - [ENV] - TERMINATED (Descend): Tube Drift = 0.0870m (Max 0.0797m) at step 7
2026-04-24 12:59:11,090 - [ENV] - Episode ended without success at step 7. Final dist: 0.1015m
2026-04-24 12:59:11,091 - [ENV] - --- EPISODE START | Scenario: DESCEND | Start: [0.61705143 0.45354974 0.55      ] | Goal: [0.61705143 0.45354974 0.415     ] | DriftLimit: 0.0797 | FloorLimit: 0.4502 ---
2026-04-24 12:59:11,135 - [ENV] - TERMINATED (Descend): Tube Drift = 0.0971m (Max 0.0797m) at step 3
2026-04-24 12:59:11,135 - [ENV] - Episode ended without success at step 3. Final dist: 0.1120m
2026-04-24 12:59:11,135 - [ENV] - --- EPISODE START | Scenario: TRANSIT | Start: [0.85831184 0.41335755 0.55      ] | Goal: [0.82097449 0.53560152 0.55      ] | DriftLimit: 0.0797 | FloorLimit: 0.4502 ---
2026-04-24 12:59:11,551 - [ENV] - TERMINATED (Transit): Floor collision. Z = 0.4502m (Min 0.450m) at step 5
2026-04-24 12:59:11,551 - [ENV] - Episode ended without success at step 5. Final dist: 0.1362m
2026-04-24 12:59:11,552 - [ENV] - --- EPISODE START | Scenario: TRANSIT | Start: [0.8923693  0.11565563 0.55      ] | Goal: [1.10691761 0.2630211  0.55      ] | DriftLimit: 0.0796 | FloorLimit: 0.4502 ---
2026-04-24 12:59:12,203 - [ENV] - TERMINATED (Transit): Floor collision. Z = 0.4425m (Min 0.450m) at step 38
2026-04-24 12:59:12,203 - [ENV] - Episode ended without success at step 38. Final dist: 0.2390m
2026-04-24 12:59:12,204 - [ENV] - --- EPISODE START | Scenario: TRANSIT | Start: [1.15666519 0.23071704 0.55      ] | Goal: [0.89582752 0.11077225 0.55      ] | DriftLimit: 0.0796 | FloorLimit: 0.4502 ---
2026-04-24 12:59:12,438 - [ENV] - TERMINATED (Transit): Floor collision. Z = 0.4470m (Min 0.450m) at step 6
2026-04-24 12:59:12,438 - [ENV] - Episode ended without success at step 6. Final dist: 0.2501m
2026-04-24 12:59:12,439 - [ENV] - --- EPISODE START | Scenario: TRANSIT | Start: [0.62514796 0.02238144 0.55      ] | Goal: [0.84043359 0.15665083 0.55      ] | DriftLimit: 0.0796 | FloorLimit: 0.4502 ---
2026-04-24 12:59:12,476 - [ENV] - TERMINATED (Transit): Floor collision. Z = 0.4387m (Min 0.450m) at step 3
2026-04-24 12:59:12,477 - [ENV] - Episode ended without success at step 3. Final dist: 0.2795m
2026-04-24 12:59:12,477 - [ENV] - --- EPISODE START | Scenario: TRANSIT | Start: [0.6106744  0.18102554 0.55      ] | Goal: [1.12473258 0.34198668 0.55      ] | DriftLimit: 0.0796 | FloorLimit: 0.4502 ---
2026-04-24 12:59:14,629 - [ENV] - --- EPISODE START | Scenario: TRANSIT | Start: [ 0.6677929  -0.01211362  0.55      ] | Goal: [0.92861196 0.34728457 0.55      ] | DriftLimit: 0.0793 | FloorLimit: 0.4503 ---
2026-04-24 12:59:15,929 - [ENV] - SUCCESS: Goal reached in 46 steps. Dist = 0.0107m
2026-04-24 12:59:15,930 - [ENV] - --- EPISODE START | Scenario: DESCEND | Start: [0.78174112 0.05645555 0.55      ] | Goal: [0.78174112 0.05645555 0.41      ] | DriftLimit: 0.0793 | FloorLimit: 0.4503 ---
2026-04-24 12:59:20,279 - [ENV] - --- EPISODE START | Scenario: DESCEND | Start: [1.00566343 0.03670973 0.55      ] | Goal: [1.00566343 0.03670973 0.415     ] | DriftLimit: 0.0790 | FloorLimit: 0.4504 ---
2026-04-24 12:59:24,620 - [ENV] - --- EPISODE START | Scenario: DESCEND | Start: [1.09402164 0.47068358 0.55      ] | Goal: [1.09402164 0.47068358 0.415     ] | DriftLimit: 0.0788 | FloorLimit: 0.4506 ---
2026-04-24 12:59:28,787 - [ENV] - --- EPISODE START | Scenario: TRANSIT | Start: [0.73625621 0.14734898 0.55      ] | Goal: [1.05425284 0.40078056 0.55      ] | DriftLimit: 0.0785 | FloorLimit: 0.4507 ---
2026-04-24 12:59:29,135 - [ENV] - SUCCESS: Goal reached in 14 steps. Dist = 0.0133m
2026-04-24 12:59:29,136 - [ENV] - --- EPISODE START | Scenario: ASCEND | Start: [0.60335164 0.18107639 0.415     ] | Goal: [0.60335164 0.18107639 0.55      ] | DriftLimit: 0.0785 | FloorLimit: 0.4507 ---
2026-04-24 12:59:33,719 - [ENV] - --- EPISODE START | Scenario: ASCEND | Start: [0.71746269 0.36438847 0.415     ] | Goal: [0.71746269 0.36438847 0.55      ] | DriftLimit: 0.0782 | FloorLimit: 0.4508 ---
2026-04-24 12:59:35,966 - [ENV] - TERMINATED (Ascend): Tube Drift = 0.0786m (Max 0.0781m) at step 72
2026-04-24 12:59:35,967 - [ENV] - Episode ended without success at step 72. Final dist: 0.1532m
2026-04-24 12:59:35,967 - [ENV] - --- EPISODE START | Scenario: DESCEND | Start: [0.69925774 0.38904715 0.55      ] | Goal: [0.69925774 0.38904715 0.41      ] | DriftLimit: 0.0781 | FloorLimit: 0.4508 ---
2026-04-24 12:59:40,557 - [ENV] - --- EPISODE START | Scenario: DESCEND | Start: [ 0.66574372 -0.01312929  0.55      ] | Goal: [ 0.66574372 -0.01312929  0.415     ] | DriftLimit: 0.0779 | FloorLimit: 0.4509 ---
2026-04-24 12:59:44,784 - [ENV] - --- EPISODE START | Scenario: TRANSIT | Start: [0.69734572 0.52794373 0.55      ] | Goal: [1.02136183 0.0211545  0.55      ] | DriftLimit: 0.0776 | FloorLimit: 0.4511 ---
2026-04-24 12:59:49,110 - [ENV] - --- EPISODE START | Scenario: TRANSIT | Start: [1.06738191 0.19477823 0.55      ] | Goal: [0.64255272 0.51481122 0.55      ] | DriftLimit: 0.0774 | FloorLimit: 0.4512 ---
2026-04-24 12:59:53,557 - [ENV] - --- EPISODE START | Scenario: TRANSIT | Start: [1.08207351 0.25809995 0.55      ] | Goal: [0.7772977  0.11410976 0.55      ] | DriftLimit: 0.0771 | FloorLimit: 0.4513 ---
2026-04-24 12:59:57,795 - [ENV] - --- EPISODE START | Scenario: ASCEND | Start: [1.12885854 0.41775318 0.415     ] | Goal: [1.12885854 0.41775318 0.55      ] | DriftLimit: 0.0769 | FloorLimit: 0.4514 ---
2026-04-24 13:00:02,488 - [ENV] - TERMINATED (Ascend): Tube Drift = 0.0767m (Max 0.0766m) at step 175
2026-04-24 13:00:02,488 - [ENV] - Episode ended without success at step 175. Final dist: 0.1523m
2026-04-24 13:00:02,489 - [ENV] - --- EPISODE START | Scenario: DESCEND | Start: [0.77139508 0.24590247 0.55      ] | Goal: [0.77139508 0.24590247 0.41      ] | DriftLimit: 0.0766 | FloorLimit: 0.4515 ---
2026-04-24 13:00:02,632 - [ENV] - SUCCESS: Goal reached in 3 steps. Dist = 0.0096m
2026-04-24 13:00:02,633 - [ENV] - --- EPISODE START | Scenario: TRANSIT | Start: [0.63159226 0.31316034 0.55      ] | Goal: [0.87029129 0.39200015 0.55      ] | DriftLimit: 0.0766 | FloorLimit: 0.4515 ---
2026-04-24 13:00:48,729 - [ENV] - --- EPISODE START | Scenario: DESCEND | Start: [ 0.7425628  -0.00512376  0.55      ] | Goal: [ 0.7425628  -0.00512376  0.415     ] | DriftLimit: 0.0764 | FloorLimit: 0.4516 ---
2026-04-24 13:00:48,860 - [ENV] - SUCCESS: Goal reached in 5 steps. Dist = 0.0093m
2026-04-24 13:00:48,861 - [ENV] - --- EPISODE START | Scenario: DESCEND | Start: [1.07709708 0.34655978 0.55      ] | Goal: [1.07709708 0.34655978 0.415     ] | DriftLimit: 0.0764 | FloorLimit: 0.4516 ---
2026-04-24 13:00:49,033 - [ENV] - SUCCESS: Goal reached in 4 steps. Dist = 0.0079m
2026-04-24 13:00:49,034 - [ENV] - --- EPISODE START | Scenario: ASCEND | Start: [0.67558991 0.23661538 0.415     ] | Goal: [0.67558991 0.23661538 0.55      ] | DriftLimit: 0.0763 | FloorLimit: 0.4516 ---
2026-04-24 13:00:49,917 - [ENV] - TERMINATED (Ascend): Tube Drift = 0.0776m (Max 0.0763m) at step 24
2026-04-24 13:00:49,918 - [ENV] - Episode ended without success at step 24. Final dist: 0.1469m
2026-04-24 13:00:49,918 - [ENV] - --- EPISODE START | Scenario: DESCEND | Start: [1.15717991 0.19141997 0.55      ] | Goal: [1.15717991 0.19141997 0.415     ] | DriftLimit: 0.0763 | FloorLimit: 0.4516 ---
2026-04-24 13:00:50,300 - [ENV] - SUCCESS: Goal reached in 7 steps. Dist = 0.0096m
2026-04-24 13:00:50,301 - [ENV] - --- EPISODE START | Scenario: ASCEND | Start: [1.10570603 0.23905445 0.415     ] | Goal: [1.10570603 0.23905445 0.55      ] | DriftLimit: 0.0763 | FloorLimit: 0.4516 ---
2026-04-24 13:00:51,370 - [ENV] - TERMINATED (Ascend): Tube Drift = 0.0764m (Max 0.0763m) at step 32
2026-04-24 13:00:51,370 - [ENV] - Episode ended without success at step 32. Final dist: 0.1520m
2026-04-24 13:00:51,371 - [ENV] - --- EPISODE START | Scenario: ASCEND | Start: [1.02066475 0.03570918 0.415     ] | Goal: [1.02066475 0.03570918 0.55      ] | DriftLimit: 0.0763 | FloorLimit: 0.4517 ---
2026-04-24 13:00:56,325 - [ENV] - --- EPISODE START | Scenario: DESCEND | Start: [0.63284769 0.15279037 0.55      ] | Goal: [0.63284769 0.15279037 0.41      ] | DriftLimit: 0.0760 | FloorLimit: 0.4518 ---
2026-04-24 13:01:00,733 - [ENV] - --- EPISODE START | Scenario: TRANSIT | Start: [1.12136043 0.10042068 0.55      ] | Goal: [ 0.60176436 -0.00338924  0.55      ] | DriftLimit: 0.0758 | FloorLimit: 0.4519 ---
2026-04-24 13:01:05,652 - [ENV] - --- EPISODE START | Scenario: TRANSIT | Start: [0.99532109 0.52366983 0.55      ] | Goal: [1.0248323  0.14825005 0.55      ] | DriftLimit: 0.0755 | FloorLimit: 0.4520 ---
2026-04-24 13:01:09,795 - [ENV] - --- EPISODE START | Scenario: TRANSIT | Start: [0.71906208 0.36674924 0.55      ] | Goal: [1.00677168 0.2688491  0.55      ] | DriftLimit: 0.0752 | FloorLimit: 0.4521 ---
2026-04-24 13:01:14,541 - [ENV] - --- EPISODE START | Scenario: DESCEND | Start: [0.78442145 0.0239171  0.55      ] | Goal: [0.78442145 0.0239171  0.415     ] | DriftLimit: 0.0750 | FloorLimit: 0.4522 ---
2026-04-24 13:01:14,650 - [ENV] - SUCCESS: Goal reached in 4 steps. Dist = 0.0094m
2026-04-24 13:01:14,651 - [ENV] - --- EPISODE START | Scenario: ASCEND | Start: [1.02140723 0.03469663 0.415     ] | Goal: [1.02140723 0.03469663 0.55      ] | DriftLimit: 0.0750 | FloorLimit: 0.4522 ---
2026-04-24 13:01:18,951 - [ENV] - --- EPISODE START | Scenario: TRANSIT | Start: [1.14514555 0.26793394 0.55      ] | Goal: [0.69711955 0.34883175 0.55      ] | DriftLimit: 0.0747 | FloorLimit: 0.4523 ---
2026-04-24 13:01:23,523 - [ENV] - --- EPISODE START | Scenario: ASCEND | Start: [1.15128234 0.03767694 0.415     ] | Goal: [1.15128234 0.03767694 0.55      ] | DriftLimit: 0.0745 | FloorLimit: 0.4525 ---
2026-04-24 13:01:28,273 - [ENV] - --- EPISODE START | Scenario: ASCEND | Start: [ 0.8097798  -0.00981848  0.415     ] | Goal: [ 0.8097798  -0.00981848  0.55      ] | DriftLimit: 0.0742 | FloorLimit: 0.4526 ---
2026-04-24 13:01:28,725 - [ENV] - TERMINATED (Ascend): Tube Drift = 0.0750m (Max 0.0742m) at step 16
2026-04-24 13:01:28,725 - [ENV] - Episode ended without success at step 16. Final dist: 0.1517m
2026-04-24 13:01:28,726 - [ENV] - --- EPISODE START | Scenario: TRANSIT | Start: [0.87460682 0.23209962 0.55      ] | Goal: [0.88719404 0.02164367 0.55      ] | DriftLimit: 0.0742 | FloorLimit: 0.4526 ---
2026-04-24 13:01:33,392 - [ENV] - --- EPISODE START | Scenario: ASCEND | Start: [0.9961023  0.34658591 0.415     ] | Goal: [0.9961023  0.34658591 0.55      ] | DriftLimit: 0.0740 | FloorLimit: 0.4527 ---
2026-04-24 13:01:33,969 - [ENV] - TERMINATED (Ascend): Tube Drift = 0.0746m (Max 0.0739m) at step 18
2026-04-24 13:01:33,970 - [ENV] - Episode ended without success at step 18. Final dist: 0.1517m
2026-04-24 13:01:33,970 - [ENV] - --- EPISODE START | Scenario: DESCEND | Start: [0.70983753 0.42984812 0.55      ] | Goal: [0.70983753 0.42984812 0.41      ] | DriftLimit: 0.0739 | FloorLimit: 0.4527 ---
2026-04-24 13:01:35,133 - [ENV] - TERMINATED (Descend): Tube Drift = 0.0746m (Max 0.0739m) at step 49
2026-04-24 13:01:35,134 - [ENV] - Episode ended without success at step 49. Final dist: 0.0751m
2026-04-24 13:01:35,134 - [ENV] - --- EPISODE START | Scenario: DESCEND | Start: [0.74641894 0.39728095 0.55      ] | Goal: [0.74641894 0.39728095 0.41      ] | DriftLimit: 0.0739 | FloorLimit: 0.4527 ---
2026-04-24 13:01:36,805 - [ENV] - TERMINATED (Descend): Tube Drift = 0.0764m (Max 0.0738m) at step 51
2026-04-24 13:01:36,805 - [ENV] - Episode ended without success at step 51. Final dist: 0.0769m
2026-04-24 13:01:36,806 - [ENV] - --- EPISODE START | Scenario: ASCEND | Start: [0.71410221 0.04338583 0.415     ] | Goal: [0.71410221 0.04338583 0.55      ] | DriftLimit: 0.0738 | FloorLimit: 0.4528 ---
2026-04-24 13:01:37,009 - [ENV] - TERMINATED (Ascend): Tube Drift = 0.0906m (Max 0.0738m) at step 6
2026-04-24 13:01:37,009 - [ENV] - Episode ended without success at step 6. Final dist: 0.1483m
2026-04-24 13:01:37,010 - [ENV] - --- EPISODE START | Scenario: ASCEND | Start: [0.9912362  0.37665579 0.415     ] | Goal: [0.9912362  0.37665579 0.55      ] | DriftLimit: 0.0738 | FloorLimit: 0.4528 ---
2026-04-24 13:01:37,463 - [ENV] - TERMINATED (Ascend): Tube Drift = 0.0756m (Max 0.0738m) at step 15
2026-04-24 13:01:37,463 - [ENV] - Episode ended without success at step 15. Final dist: 0.1200m
2026-04-24 13:01:37,464 - [ENV] - --- EPISODE START | Scenario: TRANSIT | Start: [0.63885195 0.42240889 0.55      ] | Goal: [0.79767817 0.33444041 0.55      ] | DriftLimit: 0.0738 | FloorLimit: 0.4528 ---
2026-04-24 13:01:41,887 - [ENV] - --- EPISODE START | Scenario: TRANSIT | Start: [ 1.06651306 -0.00583247  0.55      ] | Goal: [0.73597038 0.3595495  0.55      ] | DriftLimit: 0.0735 | FloorLimit: 0.4529 ---
2026-04-24 13:01:46,584 - [ENV] - --- EPISODE START | Scenario: ASCEND | Start: [0.67496911 0.34344813 0.415     ] | Goal: [0.67496911 0.34344813 0.55      ] | DriftLimit: 0.0733 | FloorLimit: 0.4530 ---
2026-04-24 13:01:46,979 - [ENV] - TERMINATED (Ascend): Tube Drift = 0.0744m (Max 0.0732m) at step 11
2026-04-24 13:01:46,979 - [ENV] - Episode ended without success at step 11. Final dist: 0.1394m
2026-04-24 13:01:46,980 - [ENV] - --- EPISODE START | Scenario: TRANSIT | Start: [1.084227   0.53445969 0.55      ] | Goal: [0.73059709 0.38753584 0.55      ] | DriftLimit: 0.0732 | FloorLimit: 0.4530 ---
2026-04-24 13:01:51,127 - [ENV] - --- EPISODE START | Scenario: ASCEND | Start: [0.9747257  0.48534705 0.415     ] | Goal: [0.9747257  0.48534705 0.55      ] | DriftLimit: 0.0730 | FloorLimit: 0.4531 ---
2026-04-24 13:01:51,359 - [ENV] - TERMINATED (Ascend): Tube Drift = 0.0738m (Max 0.0730m) at step 7
2026-04-24 13:01:51,359 - [ENV] - Episode ended without success at step 7. Final dist: 0.1461m
2026-04-24 13:01:51,360 - [ENV] - --- EPISODE START | Scenario: ASCEND | Start: [0.89364997 0.05364594 0.415     ] | Goal: [0.89364997 0.05364594 0.55      ] | DriftLimit: 0.0730 | FloorLimit: 0.4531 ---
2026-04-24 13:01:51,748 - [ENV] - TERMINATED (Ascend): Tube Drift = 0.0731m (Max 0.0730m) at step 14
2026-04-24 13:01:51,748 - [ENV] - Episode ended without success at step 14. Final dist: 0.1293m
2026-04-24 13:01:51,749 - [ENV] - --- EPISODE START | Scenario: DESCEND | Start: [0.83175355 0.38194256 0.55      ] | Goal: [0.83175355 0.38194256 0.415     ] | DriftLimit: 0.0730 | FloorLimit: 0.4531 ---
2026-04-24 13:01:52,870 - [ENV] - TERMINATED (Descend): Tube Drift = 0.0753m (Max 0.0729m) at step 39
2026-04-24 13:01:52,870 - [ENV] - Episode ended without success at step 39. Final dist: 0.0755m
2026-04-24 13:01:52,871 - [ENV] - --- EPISODE START | Scenario: ASCEND | Start: [0.61274139 0.46093807 0.415     ] | Goal: [0.61274139 0.46093807 0.55      ] | DriftLimit: 0.0729 | FloorLimit: 0.4532 ---
2026-04-24 13:01:53,548 - [ENV] - TERMINATED (Ascend): Tube Drift = 0.0753m (Max 0.0729m) at step 15
2026-04-24 13:01:53,549 - [ENV] - Episode ended without success at step 15. Final dist: 0.1503m
2026-04-24 13:01:53,549 - [ENV] - --- EPISODE START | Scenario: ASCEND | Start: [0.9117741  0.31453997 0.415     ] | Goal: [0.9117741  0.31453997 0.55      ] | DriftLimit: 0.0729 | FloorLimit: 0.4532 ---
2026-04-24 13:01:54,284 - [ENV] - TERMINATED (Ascend): Tube Drift = 0.0731m (Max 0.0728m) at step 29
2026-04-24 13:01:54,285 - [ENV] - Episode ended without success at step 29. Final dist: 0.1511m
2026-04-24 13:01:54,285 - [ENV] - --- EPISODE START | Scenario: DESCEND | Start: [0.6421061  0.00508263 0.55      ] | Goal: [0.6421061  0.00508263 0.415     ] | DriftLimit: 0.0728 | FloorLimit: 0.4532 ---
2026-04-24 13:02:40,309 - [ENV] - --- EPISODE START | Scenario: ASCEND | Start: [1.06596044 0.12348093 0.415     ] | Goal: [1.06596044 0.12348093 0.55      ] | DriftLimit: 0.0726 | FloorLimit: 0.4533 ---
2026-04-24 13:02:40,567 - [ENV] - TERMINATED (Ascend): Tube Drift = 0.0730m (Max 0.0726m) at step 6
2026-04-24 13:02:40,567 - [ENV] - Episode ended without success at step 6. Final dist: 0.0955m
2026-04-24 13:02:40,568 - [ENV] - --- EPISODE START | Scenario: TRANSIT | Start: [0.96370379 0.10839273 0.55      ] | Goal: [0.98962801 0.29570274 0.55      ] | DriftLimit: 0.0726 | FloorLimit: 0.4533 ---
2026-04-24 13:02:45,453 - [ENV] - --- EPISODE START | Scenario: TRANSIT | Start: [1.01752073 0.52101469 0.55      ] | Goal: [0.83496222 0.0871353  0.55      ] | DriftLimit: 0.0723 | FloorLimit: 0.4534 ---
2026-04-24 13:02:50,149 - [ENV] - --- EPISODE START | Scenario: TRANSIT | Start: [ 1.14629774 -0.00668732  0.55      ] | Goal: [1.15306237 0.53711436 0.55      ] | DriftLimit: 0.0721 | FloorLimit: 0.4535 ---
2026-04-24 13:02:54,377 - [ENV] - --- EPISODE START | Scenario: DESCEND | Start: [0.73655135 0.34371908 0.55      ] | Goal: [0.73655135 0.34371908 0.415     ] | DriftLimit: 0.0718 | FloorLimit: 0.4536 ---
2026-04-24 13:02:55,253 - [ENV] - TERMINATED (Descend): Tube Drift = 0.0767m (Max 0.0718m) at step 33
2026-04-24 13:02:55,253 - [ENV] - Episode ended without success at step 33. Final dist: 0.0769m
2026-04-24 13:02:55,254 - [ENV] - --- EPISODE START | Scenario: DESCEND | Start: [1.11388694 0.15876229 0.55      ] | Goal: [1.11388694 0.15876229 0.415     ] | DriftLimit: 0.0718 | FloorLimit: 0.4537 ---
2026-04-24 13:02:55,797 - [ENV] - SUCCESS: Goal reached in 20 steps. Dist = 0.0099m
2026-04-24 13:02:55,798 - [ENV] - --- EPISODE START | Scenario: ASCEND | Start: [ 0.70770458 -0.00885322  0.415     ] | Goal: [ 0.70770458 -0.00885322  0.55      ] | DriftLimit: 0.0717 | FloorLimit: 0.4537 ---
2026-04-24 13:02:55,975 - [ENV] - TERMINATED (Ascend): Tube Drift = 0.0775m (Max 0.0717m) at step 5
2026-04-24 13:02:55,975 - [ENV] - Episode ended without success at step 5. Final dist: 0.1321m
2026-04-24 13:02:55,976 - [ENV] - --- EPISODE START | Scenario: ASCEND | Start: [0.63498986 0.14710555 0.415     ] | Goal: [0.63498986 0.14710555 0.55      ] | DriftLimit: 0.0717 | FloorLimit: 0.4537 ---
2026-04-24 13:02:56,290 - [ENV] - TERMINATED (Ascend): Tube Drift = 0.0746m (Max 0.0717m) at step 8
2026-04-24 13:02:56,290 - [ENV] - Episode ended without success at step 8. Final dist: 0.1481m
2026-04-24 13:02:56,291 - [ENV] - --- EPISODE START | Scenario: ASCEND | Start: [0.73905166 0.47978482 0.415     ] | Goal: [0.73905166 0.47978482 0.55      ] | DriftLimit: 0.0717 | FloorLimit: 0.4537 ---
2026-04-24 13:02:56,573 - [ENV] - TERMINATED (Ascend): Tube Drift = 0.0761m (Max 0.0717m) at step 8
2026-04-24 13:02:56,573 - [ENV] - Episode ended without success at step 8. Final dist: 0.1480m
2026-04-24 13:02:56,574 - [ENV] - --- EPISODE START | Scenario: DESCEND | Start: [1.15113513 0.01305748 0.55      ] | Goal: [1.15113513 0.01305748 0.41      ] | DriftLimit: 0.0717 | FloorLimit: 0.4537 ---
2026-04-24 13:03:01,097 - [ENV] - --- EPISODE START | Scenario: ASCEND | Start: [0.6323809  0.53391335 0.415     ] | Goal: [0.6323809  0.53391335 0.55      ] | DriftLimit: 0.0715 | FloorLimit: 0.4538 ---
2026-04-24 13:03:01,484 - [ENV] - TERMINATED (Ascend): Tube Drift = 0.0752m (Max 0.0714m) at step 10
2026-04-24 13:03:01,485 - [ENV] - Episode ended without success at step 10. Final dist: 0.1603m
2026-04-24 13:03:01,485 - [ENV] - --- EPISODE START | Scenario: ASCEND | Start: [1.1318869  0.02209468 0.415     ] | Goal: [1.1318869  0.02209468 0.55      ] | DriftLimit: 0.0714 | FloorLimit: 0.4538 ---
2026-04-24 13:03:01,732 - [ENV] - TERMINATED (Ascend): Tube Drift = 0.0736m (Max 0.0714m) at step 8
2026-04-24 13:03:01,732 - [ENV] - Episode ended without success at step 8. Final dist: 0.1021m
2026-04-24 13:03:01,733 - [ENV] - --- EPISODE START | Scenario: TRANSIT | Start: [0.84554282 0.31612599 0.55      ] | Goal: [0.92065262 0.02264737 0.55      ] | DriftLimit: 0.0714 | FloorLimit: 0.4538 ---
2026-04-24 13:03:05,892 - [ENV] - --- EPISODE START | Scenario: ASCEND | Start: [0.8044101  0.03947204 0.415     ] | Goal: [0.8044101  0.03947204 0.55      ] | DriftLimit: 0.0712 | FloorLimit: 0.4539 ---
2026-04-24 13:03:10,395 - [ENV] - --- EPISODE START | Scenario: DESCEND | Start: [0.71478862 0.43002994 0.55      ] | Goal: [0.71478862 0.43002994 0.415     ] | DriftLimit: 0.0709 | FloorLimit: 0.4540 ---
2026-04-24 13:03:11,164 - [ENV] - TERMINATED (Descend): Tube Drift = 0.0730m (Max 0.0709m) at step 25
2026-04-24 13:03:11,164 - [ENV] - Episode ended without success at step 25. Final dist: 0.0733m
2026-04-24 13:03:11,165 - [ENV] - --- EPISODE START | Scenario: ASCEND | Start: [0.98785618 0.51826407 0.415     ] | Goal: [0.98785618 0.51826407 0.55      ] | DriftLimit: 0.0709 | FloorLimit: 0.4540 ---
2026-04-24 13:03:11,614 - [ENV] - TERMINATED (Ascend): Tube Drift = 0.0726m (Max 0.0709m) at step 17
2026-04-24 13:03:11,614 - [ENV] - Episode ended without success at step 17. Final dist: 0.1545m
2026-04-24 13:03:11,615 - [ENV] - --- EPISODE START | Scenario: ASCEND | Start: [0.64244778 0.06306197 0.415     ] | Goal: [0.64244778 0.06306197 0.55      ] | DriftLimit: 0.0709 | FloorLimit: 0.4541 ---
2026-04-24 13:03:11,912 - [ENV] - TERMINATED (Ascend): Tube Drift = 0.0842m (Max 0.0709m) at step 7
2026-04-24 13:03:11,912 - [ENV] - Episode ended without success at step 7. Final dist: 0.1499m
2026-04-24 13:03:11,913 - [ENV] - --- EPISODE START | Scenario: DESCEND | Start: [0.98749242 0.04317892 0.55      ] | Goal: [0.98749242 0.04317892 0.415     ] | DriftLimit: 0.0709 | FloorLimit: 0.4541 ---
2026-04-24 13:03:16,338 - [ENV] - --- EPISODE START | Scenario: DESCEND | Start: [1.14024669 0.44807625 0.55      ] | Goal: [1.14024669 0.44807625 0.41      ] | DriftLimit: 0.0706 | FloorLimit: 0.4542 ---
2026-04-24 13:03:17,259 - [ENV] - TERMINATED (Descend): Tube Drift = 0.0711m (Max 0.0706m) at step 28
2026-04-24 13:03:17,259 - [ENV] - Episode ended without success at step 28. Final dist: 0.0761m
2026-04-24 13:03:17,260 - [ENV] - --- EPISODE START | Scenario: DESCEND | Start: [0.75107317 0.18445918 0.55      ] | Goal: [0.75107317 0.18445918 0.415     ] | DriftLimit: 0.0706 | FloorLimit: 0.4542 ---
2026-04-24 13:03:22,036 - [ENV] - --- EPISODE START | Scenario: TRANSIT | Start: [0.95871831 0.33384872 0.55      ] | Goal: [0.97966784 0.45861905 0.55      ] | DriftLimit: 0.0703 | FloorLimit: 0.4543 ---
2026-04-24 13:03:26,516 - [ENV] - --- EPISODE START | Scenario: TRANSIT | Start: [0.99271381 0.26950177 0.55      ] | Goal: [0.80739505 0.06787976 0.55      ] | DriftLimit: 0.0701 | FloorLimit: 0.4544 ---
2026-04-24 13:03:30,862 - [ENV] - --- EPISODE START | Scenario: DESCEND | Start: [1.12944636 0.2858678  0.55      ] | Goal: [1.12944636 0.2858678  0.41      ] | DriftLimit: 0.0698 | FloorLimit: 0.4545 ---
2026-04-24 13:03:31,857 - [ENV] - SUCCESS: Goal reached in 40 steps. Dist = 0.0096m
2026-04-24 13:03:31,858 - [ENV] - --- EPISODE START | Scenario: TRANSIT | Start: [ 0.93115078 -0.0079072   0.55      ] | Goal: [0.62550438 0.50358343 0.55      ] | DriftLimit: 0.0698 | FloorLimit: 0.4546 ---
2026-04-24 13:03:32,726 - [ENV] - SUCCESS: Goal reached in 35 steps. Dist = 0.0136m
2026-04-24 13:03:32,727 - [ENV] - --- EPISODE START | Scenario: ASCEND | Start: [0.6760324 0.1042324 0.415    ] | Goal: [0.6760324 0.1042324 0.55     ] | DriftLimit: 0.0697 | FloorLimit: 0.4546 ---
2026-04-24 13:03:36,945 - [ENV] - --- EPISODE START | Scenario: DESCEND | Start: [0.64643964 0.08744028 0.55      ] | Goal: [0.64643964 0.08744028 0.415     ] | DriftLimit: 0.0695 | FloorLimit: 0.4547 ---
2026-04-24 13:03:41,380 - [ENV] - --- EPISODE START | Scenario: TRANSIT | Start: [1.05314435 0.30180759 0.55      ] | Goal: [1.08398435 0.4932375  0.55      ] | DriftLimit: 0.0692 | FloorLimit: 0.4548 ---
2026-04-24 13:04:33,823 - [ENV] - --- EPISODE START | Scenario: DESCEND | Start: [0.73928333 0.43888176 0.55      ] | Goal: [0.73928333 0.43888176 0.41      ] | DriftLimit: 0.0689 | FloorLimit: 0.4549 ---
2026-04-24 13:04:37,991 - [ENV] - --- EPISODE START | Scenario: TRANSIT | Start: [0.77976335 0.0443759  0.55      ] | Goal: [0.90953585 0.26422924 0.55      ] | DriftLimit: 0.0687 | FloorLimit: 0.4550 ---
2026-04-24 13:04:42,271 - [ENV] - --- EPISODE START | Scenario: ASCEND | Start: [0.81219349 0.08137727 0.415     ] | Goal: [0.81219349 0.08137727 0.55      ] | DriftLimit: 0.0684 | FloorLimit: 0.4551 ---
2026-04-24 13:04:43,937 - [ENV] - TERMINATED (Ascend): Tube Drift = 0.0701m (Max 0.0683m) at step 71
2026-04-24 13:04:43,937 - [ENV] - Episode ended without success at step 71. Final dist: 0.1425m
2026-04-24 13:04:43,938 - [ENV] - --- EPISODE START | Scenario: DESCEND | Start: [0.91369942 0.23637776 0.55      ] | Goal: [0.91369942 0.23637776 0.41      ] | DriftLimit: 0.0683 | FloorLimit: 0.4552 ---
2026-04-24 13:04:48,159 - [ENV] - --- EPISODE START | Scenario: DESCEND | Start: [0.90475391 0.13778358 0.55      ] | Goal: [0.90475391 0.13778358 0.41      ] | DriftLimit: 0.0681 | FloorLimit: 0.4553 ---
2026-04-24 13:04:52,466 - [ENV] - --- EPISODE START | Scenario: DESCEND | Start: [0.79768004 0.21510684 0.55      ] | Goal: [0.79768004 0.21510684 0.415     ] | DriftLimit: 0.0678 | FloorLimit: 0.4554 ---
2026-04-24 13:04:56,897 - [ENV] - --- EPISODE START | Scenario: TRANSIT | Start: [1.00890888 0.4901343  0.55      ] | Goal: [0.75638036 0.43111542 0.55      ] | DriftLimit: 0.0676 | FloorLimit: 0.4555 ---
2026-04-24 13:04:57,260 - [ENV] - SUCCESS: Goal reached in 9 steps. Dist = 0.0075m
2026-04-24 13:04:57,260 - [ENV] - --- EPISODE START | Scenario: ASCEND | Start: [ 0.83889577 -0.001803    0.415     ] | Goal: [ 0.83889577 -0.001803    0.55      ] | DriftLimit: 0.0676 | FloorLimit: 0.4555 ---
2026-04-24 13:04:57,558 - [ENV] - TERMINATED (Ascend): Tube Drift = 0.0700m (Max 0.0676m) at step 9
2026-04-24 13:04:57,558 - [ENV] - Episode ended without success at step 9. Final dist: 0.1229m
2026-04-24 13:04:57,559 - [ENV] - --- EPISODE START | Scenario: ASCEND | Start: [ 0.80491511 -0.01200724  0.415     ] | Goal: [ 0.80491511 -0.01200724  0.55      ] | DriftLimit: 0.0676 | FloorLimit: 0.4555 ---
2026-04-24 13:04:57,794 - [ENV] - TERMINATED (Ascend): Tube Drift = 0.0701m (Max 0.0676m) at step 6
2026-04-24 13:04:57,794 - [ENV] - Episode ended without success at step 6. Final dist: 0.1208m
2026-04-24 13:04:57,794 - [ENV] - --- EPISODE START | Scenario: DESCEND | Start: [0.81607611 0.37165831 0.55      ] | Goal: [0.81607611 0.37165831 0.415     ] | DriftLimit: 0.0676 | FloorLimit: 0.4555 ---
2026-04-24 13:05:02,245 - [ENV] - --- EPISODE START | Scenario: TRANSIT | Start: [0.64989725 0.37545943 0.55      ] | Goal: [0.7033611  0.19113786 0.55      ] | DriftLimit: 0.0673 | FloorLimit: 0.4556 ---
2026-04-24 13:05:06,371 - [ENV] - --- EPISODE START | Scenario: ASCEND | Start: [1.10751278 0.44715048 0.415     ] | Goal: [1.10751278 0.44715048 0.55      ] | DriftLimit: 0.0670 | FloorLimit: 0.4558 ---
2026-04-24 13:05:06,690 - [ENV] - TERMINATED (Ascend): Tube Drift = 0.0714m (Max 0.0670m) at step 10
2026-04-24 13:05:06,690 - [ENV] - Episode ended without success at step 10. Final dist: 0.1496m
2026-04-24 13:05:06,690 - [ENV] - --- EPISODE START | Scenario: DESCEND | Start: [0.82888788 0.14950311 0.55      ] | Goal: [0.82888788 0.14950311 0.41      ] | DriftLimit: 0.0670 | FloorLimit: 0.4558 ---
2026-04-24 13:05:10,719 - [ENV] - --- EPISODE START | Scenario: DESCEND | Start: [0.67849103 0.50651131 0.55      ] | Goal: [0.67849103 0.50651131 0.415     ] | DriftLimit: 0.0668 | FloorLimit: 0.4559 ---
2026-04-24 13:05:11,188 - [ENV] - TERMINATED (Descend): Tube Drift = 0.0706m (Max 0.0668m) at step 17
2026-04-24 13:05:11,188 - [ENV] - Episode ended without success at step 17. Final dist: 0.0710m
2026-04-24 13:05:11,189 - [ENV] - --- EPISODE START | Scenario: TRANSIT | Start: [1.06968490e+00 7.47371498e-04 5.50000000e-01] | Goal: [0.62659492 0.03831725 0.55      ] | DriftLimit: 0.0668 | FloorLimit: 0.4559 ---
2026-04-24 13:05:15,371 - [ENV] - --- EPISODE START | Scenario: ASCEND | Start: [0.81862508 0.43592795 0.415     ] | Goal: [0.81862508 0.43592795 0.55      ] | DriftLimit: 0.0665 | FloorLimit: 0.4560 ---
2026-04-24 13:05:15,868 - [ENV] - TERMINATED (Ascend): Tube Drift = 0.0684m (Max 0.0665m) at step 17
2026-04-24 13:05:15,868 - [ENV] - Episode ended without success at step 17. Final dist: 0.1473m
2026-04-24 13:05:15,869 - [ENV] - --- EPISODE START | Scenario: TRANSIT | Start: [1.04408677 0.08836917 0.55      ] | Goal: [ 0.65804057 -0.0115947   0.55      ] | DriftLimit: 0.0665 | FloorLimit: 0.4560 ---
2026-04-24 13:05:20,006 - [ENV] - --- EPISODE START | Scenario: DESCEND | Start: [0.75505397 0.34857058 0.55      ] | Goal: [0.75505397 0.34857058 0.415     ] | DriftLimit: 0.0662 | FloorLimit: 0.4561 ---
2026-04-24 13:05:24,459 - [ENV] - --- EPISODE START | Scenario: DESCEND | Start: [1.04576855 0.34048187 0.55      ] | Goal: [1.04576855 0.34048187 0.415     ] | DriftLimit: 0.0660 | FloorLimit: 0.4562 ---
2026-04-24 13:05:28,942 - [ENV] - --- EPISODE START | Scenario: ASCEND | Start: [1.09205887 0.21967168 0.415     ] | Goal: [1.09205887 0.21967168 0.55      ] | DriftLimit: 0.0657 | FloorLimit: 0.4563 ---
2026-04-24 13:05:29,274 - [ENV] - TERMINATED (Ascend): Tube Drift = 0.0676m (Max 0.0657m) at step 7
2026-04-24 13:05:29,274 - [ENV] - Episode ended without success at step 7. Final dist: 0.0966m
2026-04-24 13:05:29,274 - [ENV] - --- EPISODE START | Scenario: TRANSIT | Start: [0.82378372 0.30128235 0.55      ] | Goal: [0.64489661 0.24264196 0.55      ] | DriftLimit: 0.0657 | FloorLimit: 0.4563 ---
2026-04-24 13:05:29,827 - [ENV] - SUCCESS: Goal reached in 22 steps. Dist = 0.0152m
2026-04-24 13:05:29,828 - [ENV] - --- EPISODE START | Scenario: TRANSIT | Start: [0.89649404 0.31838598 0.55      ] | Goal: [0.74838124 0.41372685 0.55      ] | DriftLimit: 0.0657 | FloorLimit: 0.4564 ---
2026-04-24 13:06:21,039 - [ENV] - --- EPISODE START | Scenario: DESCEND | Start: [0.65512438 0.54380457 0.55      ] | Goal: [0.65512438 0.54380457 0.415     ] | DriftLimit: 0.0654 | FloorLimit: 0.4565 ---
2026-04-24 13:06:21,591 - [ENV] - TERMINATED (Descend): Tube Drift = 0.0657m (Max 0.0654m) at step 20
2026-04-24 13:06:21,592 - [ENV] - Episode ended without success at step 20. Final dist: 0.0658m
2026-04-24 13:06:21,592 - [ENV] - --- EPISODE START | Scenario: ASCEND | Start: [1.11937513 0.18177378 0.415     ] | Goal: [1.11937513 0.18177378 0.55      ] | DriftLimit: 0.0654 | FloorLimit: 0.4565 ---
2026-04-24 13:06:21,952 - [ENV] - TERMINATED (Ascend): Tube Drift = 0.0861m (Max 0.0654m) at step 10
2026-04-24 13:06:21,953 - [ENV] - Episode ended without success at step 10. Final dist: 0.1157m
2026-04-24 13:06:21,953 - [ENV] - --- EPISODE START | Scenario: ASCEND | Start: [1.15919627 0.53232313 0.415     ] | Goal: [1.15919627 0.53232313 0.55      ] | DriftLimit: 0.0654 | FloorLimit: 0.4565 ---
2026-04-24 13:06:22,310 - [ENV] - TERMINATED (Ascend): Tube Drift = 0.0690m (Max 0.0654m) at step 12
2026-04-24 13:06:22,311 - [ENV] - Episode ended without success at step 12. Final dist: 0.1554m
2026-04-24 13:06:22,311 - [ENV] - --- EPISODE START | Scenario: DESCEND | Start: [1.00879322 0.28013464 0.55      ] | Goal: [1.00879322 0.28013464 0.41      ] | DriftLimit: 0.0654 | FloorLimit: 0.4565 ---
2026-04-24 13:06:26,606 - [ENV] - --- EPISODE START | Scenario: TRANSIT | Start: [0.69524412 0.42372824 0.55      ] | Goal: [0.86405603 0.20478519 0.55      ] | DriftLimit: 0.0651 | FloorLimit: 0.4566 ---
2026-04-24 13:06:30,901 - [ENV] - --- EPISODE START | Scenario: DESCEND | Start: [1.08866741 0.11502589 0.55      ] | Goal: [1.08866741 0.11502589 0.41      ] | DriftLimit: 0.0649 | FloorLimit: 0.4567 ---
2026-04-24 13:06:35,127 - [ENV] - --- EPISODE START | Scenario: DESCEND | Start: [1.08485938 0.13539524 0.55      ] | Goal: [1.08485938 0.13539524 0.415     ] | DriftLimit: 0.0646 | FloorLimit: 0.4568 ---
2026-04-24 13:06:39,702 - [ENV] - --- EPISODE START | Scenario: TRANSIT | Start: [0.83757109 0.3838453  0.55      ] | Goal: [0.66368155 0.53387678 0.55      ] | DriftLimit: 0.0644 | FloorLimit: 0.4569 ---
2026-04-24 13:06:43,769 - [ENV] - --- EPISODE START | Scenario: TRANSIT | Start: [1.09775279 0.01029253 0.55      ] | Goal: [0.65076564 0.11157202 0.55      ] | DriftLimit: 0.0641 | FloorLimit: 0.4571 ---
2026-04-24 13:06:44,115 - [ENV] - SUCCESS: Goal reached in 15 steps. Dist = 0.0216m
2026-04-24 13:06:44,116 - [ENV] - --- EPISODE START | Scenario: TRANSIT | Start: [0.98757787 0.18265573 0.55      ] | Goal: [0.75274766 0.06369533 0.55      ] | DriftLimit: 0.0641 | FloorLimit: 0.4571 ---
2026-04-24 13:06:48,212 - [ENV] - --- EPISODE START | Scenario: DESCEND | Start: [ 0.71599274 -0.00651474  0.55      ] | Goal: [ 0.71599274 -0.00651474  0.41      ] | DriftLimit: 0.0638 | FloorLimit: 0.4572 ---
2026-04-24 13:06:48,434 - [ENV] - SUCCESS: Goal reached in 9 steps. Dist = 0.0099m
2026-04-24 13:06:48,435 - [ENV] - --- EPISODE START | Scenario: TRANSIT | Start: [1.02997264 0.07963754 0.55      ] | Goal: [1.0581365  0.52942159 0.55      ] | DriftLimit: 0.0638 | FloorLimit: 0.4572 ---
2026-04-24 13:06:52,794 - [ENV] - --- EPISODE START | Scenario: DESCEND | Start: [0.62322281 0.26282361 0.55      ] | Goal: [0.62322281 0.26282361 0.41      ] | DriftLimit: 0.0636 | FloorLimit: 0.4573 ---
2026-04-24 13:06:57,504 - [ENV] - --- EPISODE START | Scenario: DESCEND | Start: [0.76860543 0.24594704 0.55      ] | Goal: [0.76860543 0.24594704 0.415     ] | DriftLimit: 0.0633 | FloorLimit: 0.4574 ---
2026-04-24 13:07:01,729 - [ENV] - --- EPISODE START | Scenario: ASCEND | Start: [0.75211678 0.31096706 0.415     ] | Goal: [0.75211678 0.31096706 0.55      ] | DriftLimit: 0.0631 | FloorLimit: 0.4575 ---
2026-04-24 13:07:02,979 - [ENV] - TERMINATED (Ascend): Tube Drift = 0.0632m (Max 0.0630m) at step 44
2026-04-24 13:07:02,980 - [ENV] - Episode ended without success at step 44. Final dist: 0.1467m
2026-04-24 13:07:02,980 - [ENV] - --- EPISODE START | Scenario: DESCEND | Start: [0.89197471 0.4213413  0.55      ] | Goal: [0.89197471 0.4213413  0.41      ] | DriftLimit: 0.0630 | FloorLimit: 0.4576 ---
2026-04-24 13:07:07,176 - [ENV] - --- EPISODE START | Scenario: TRANSIT | Start: [1.08963921 0.32171753 0.55      ] | Goal: [1.01749904 0.06720967 0.55      ] | DriftLimit: 0.0628 | FloorLimit: 0.4577 ---
2026-04-24 13:07:11,283 - [ENV] - --- EPISODE START | Scenario: TRANSIT | Start: [0.99350552 0.50740203 0.55      ] | Goal: [1.12727762 0.00740821 0.55      ] | DriftLimit: 0.0625 | FloorLimit: 0.4578 ---
2026-04-24 13:07:15,505 - [ENV] - --- EPISODE START | Scenario: ASCEND | Start: [1.12930748 0.49050083 0.415     ] | Goal: [1.12930748 0.49050083 0.55      ] | DriftLimit: 0.0622 | FloorLimit: 0.4579 ---
2026-04-24 13:07:15,727 - [ENV] - TERMINATED (Ascend): Tube Drift = 0.0667m (Max 0.0622m) at step 6
2026-04-24 13:07:15,727 - [ENV] - Episode ended without success at step 6. Final dist: 0.1452m
2026-04-24 13:07:15,727 - [ENV] - --- EPISODE START | Scenario: DESCEND | Start: [0.94401223 0.52333239 0.55      ] | Goal: [0.94401223 0.52333239 0.415     ] | DriftLimit: 0.0622 | FloorLimit: 0.4579 ---
2026-04-24 13:08:15,772 - [ENV] - --- EPISODE START | Scenario: DESCEND | Start: [ 1.09620765 -0.00569138  0.55      ] | Goal: [ 1.09620765 -0.00569138  0.415     ] | DriftLimit: 0.0620 | FloorLimit: 0.4580 ---
2026-04-24 13:08:20,012 - [ENV] - --- EPISODE START | Scenario: TRANSIT | Start: [0.84756554 0.44678758 0.55      ] | Goal: [0.99292934 0.21206322 0.55      ] | DriftLimit: 0.0617 | FloorLimit: 0.4581 ---
2026-04-24 13:08:24,312 - [ENV] - --- EPISODE START | Scenario: ASCEND | Start: [0.73602519 0.07088604 0.415     ] | Goal: [0.73602519 0.07088604 0.55      ] | DriftLimit: 0.0615 | FloorLimit: 0.4582 ---
2026-04-24 13:08:24,493 - [ENV] - TERMINATED (Ascend): Tube Drift = 0.0624m (Max 0.0615m) at step 4
2026-04-24 13:08:24,493 - [ENV] - Episode ended without success at step 4. Final dist: 0.1378m
2026-04-24 13:08:24,494 - [ENV] - --- EPISODE START | Scenario: ASCEND | Start: [1.14788166 0.00802078 0.415     ] | Goal: [1.14788166 0.00802078 0.55      ] | DriftLimit: 0.0615 | FloorLimit: 0.4582 ---
2026-04-24 13:08:24,679 - [ENV] - TERMINATED (Ascend): Tube Drift = 0.0651m (Max 0.0615m) at step 4
2026-04-24 13:08:24,679 - [ENV] - Episode ended without success at step 4. Final dist: 0.1278m
2026-04-24 13:08:24,679 - [ENV] - --- EPISODE START | Scenario: TRANSIT | Start: [0.939415   0.22409494 0.55      ] | Goal: [0.86225561 0.46591212 0.55      ] | DriftLimit: 0.0615 | FloorLimit: 0.4582 ---
2026-04-24 13:08:28,847 - [ENV] - --- EPISODE START | Scenario: ASCEND | Start: [0.95084658 0.38238075 0.415     ] | Goal: [0.95084658 0.38238075 0.55      ] | DriftLimit: 0.0612 | FloorLimit: 0.4583 ---
2026-04-24 13:08:29,203 - [ENV] - TERMINATED (Ascend): Tube Drift = 0.0634m (Max 0.0612m) at step 10
2026-04-24 13:08:29,204 - [ENV] - Episode ended without success at step 10. Final dist: 0.1462m
2026-04-24 13:08:29,204 - [ENV] - --- EPISODE START | Scenario: ASCEND | Start: [0.78619003 0.42490751 0.415     ] | Goal: [0.78619003 0.42490751 0.55      ] | DriftLimit: 0.0612 | FloorLimit: 0.4584 ---
2026-04-24 13:08:29,581 - [ENV] - TERMINATED (Ascend): Tube Drift = 0.0612m (Max 0.0612m) at step 12
2026-04-24 13:08:29,581 - [ENV] - Episode ended without success at step 12. Final dist: 0.1454m
2026-04-24 13:08:29,582 - [ENV] - --- EPISODE START | Scenario: TRANSIT | Start: [0.89835911 0.16488914 0.55      ] | Goal: [0.7965576 0.210338  0.55     ] | DriftLimit: 0.0612 | FloorLimit: 0.4584 ---
2026-04-24 13:08:33,915 - [ENV] - --- EPISODE START | Scenario: TRANSIT | Start: [0.98772339 0.41642984 0.55      ] | Goal: [0.93197973 0.28604556 0.55      ] | DriftLimit: 0.0609 | FloorLimit: 0.4585 ---
2026-04-24 13:08:38,150 - [ENV] - --- EPISODE START | Scenario: ASCEND | Start: [1.13519545 0.25163947 0.415     ] | Goal: [1.13519545 0.25163947 0.55      ] | DriftLimit: 0.0607 | FloorLimit: 0.4586 ---
2026-04-24 13:08:38,448 - [ENV] - TERMINATED (Ascend): Tube Drift = 0.0663m (Max 0.0607m) at step 9
2026-04-24 13:08:38,448 - [ENV] - Episode ended without success at step 9. Final dist: 0.1477m
2026-04-24 13:08:38,448 - [ENV] - --- EPISODE START | Scenario: TRANSIT | Start: [0.60830168 0.53349169 0.55      ] | Goal: [0.93330698 0.25881573 0.55      ] | DriftLimit: 0.0607 | FloorLimit: 0.4586 ---
2026-04-24 13:08:42,898 - [ENV] - --- EPISODE START | Scenario: DESCEND | Start: [0.91417534 0.11823755 0.55      ] | Goal: [0.91417534 0.11823755 0.41      ] | DriftLimit: 0.0604 | FloorLimit: 0.4587 ---
2026-04-24 13:08:47,255 - [ENV] - --- EPISODE START | Scenario: DESCEND | Start: [0.79690379 0.04490585 0.55      ] | Goal: [0.79690379 0.04490585 0.415     ] | DriftLimit: 0.0602 | FloorLimit: 0.4588 ---
2026-04-24 13:08:51,268 - [ENV] - --- EPISODE START | Scenario: ASCEND | Start: [0.84412345 0.17654051 0.415     ] | Goal: [0.84412345 0.17654051 0.55      ] | DriftLimit: 0.0599 | FloorLimit: 0.4589 ---
2026-04-24 13:08:51,497 - [ENV] - TERMINATED (Ascend): Tube Drift = 0.0732m (Max 0.0599m) at step 5
2026-04-24 13:08:51,497 - [ENV] - Episode ended without success at step 5. Final dist: 0.1488m
2026-04-24 13:08:51,498 - [ENV] - --- EPISODE START | Scenario: ASCEND | Start: [1.13003588 0.30325505 0.415     ] | Goal: [1.13003588 0.30325505 0.55      ] | DriftLimit: 0.0599 | FloorLimit: 0.4589 ---
2026-04-24 13:08:51,910 - [ENV] - TERMINATED (Ascend): Tube Drift = 0.0634m (Max 0.0599m) at step 13
2026-04-24 13:08:51,910 - [ENV] - Episode ended without success at step 13. Final dist: 0.1471m
2026-04-24 13:08:51,911 - [ENV] - --- EPISODE START | Scenario: DESCEND | Start: [0.7235322  0.34930768 0.55      ] | Goal: [0.7235322  0.34930768 0.41      ] | DriftLimit: 0.0599 | FloorLimit: 0.4589 ---
2026-04-24 13:08:56,063 - [ENV] - --- EPISODE START | Scenario: ASCEND | Start: [0.85108964 0.37413671 0.415     ] | Goal: [0.85108964 0.37413671 0.55      ] | DriftLimit: 0.0596 | FloorLimit: 0.4590 ---
2026-04-24 13:08:56,511 - [ENV] - TERMINATED (Ascend): Tube Drift = 0.0599m (Max 0.0596m) at step 15
2026-04-24 13:08:56,512 - [ENV] - Episode ended without success at step 15. Final dist: 0.1443m
2026-04-24 13:08:56,512 - [ENV] - --- EPISODE START | Scenario: DESCEND | Start: [1.13706647 0.29914383 0.55      ] | Goal: [1.13706647 0.29914383 0.41      ] | DriftLimit: 0.0596 | FloorLimit: 0.4591 ---
2026-04-24 13:08:57,495 - [ENV] - SUCCESS: Goal reached in 41 steps. Dist = 0.0100m
2026-04-24 13:08:57,496 - [ENV] - --- EPISODE START | Scenario: TRANSIT | Start: [1.08729568 0.32820475 0.55      ] | Goal: [0.84526311 0.09500364 0.55      ] | DriftLimit: 0.0596 | FloorLimit: 0.4591 ---
2026-04-24 13:09:01,623 - [ENV] - --- EPISODE START | Scenario: DESCEND | Start: [0.92920443 0.22028239 0.55      ] | Goal: [0.92920443 0.22028239 0.415     ] | DriftLimit: 0.0593 | FloorLimit: 0.4592 ---
2026-04-24 13:09:06,046 - [ENV] - --- EPISODE START | Scenario: ASCEND | Start: [1.05002149 0.0533349  0.415     ] | Goal: [1.05002149 0.0533349  0.55      ] | DriftLimit: 0.0591 | FloorLimit: 0.4593 ---
2026-04-24 13:09:10,270 - [ENV] - --- EPISODE START | Scenario: TRANSIT | Start: [0.74189493 0.52291893 0.55      ] | Goal: [0.72665952 0.27859748 0.55      ] | DriftLimit: 0.0588 | FloorLimit: 0.4594 ---
2026-04-24 13:09:14,679 - [ENV] - --- EPISODE START | Scenario: DESCEND | Start: [0.88783994 0.04597772 0.55      ] | Goal: [0.88783994 0.04597772 0.41      ] | DriftLimit: 0.0585 | FloorLimit: 0.4595 ---
2026-04-24 13:10:11,030 - [ENV] - --- EPISODE START | Scenario: DESCEND | Start: [0.76754482 0.47072743 0.55      ] | Goal: [0.76754482 0.47072743 0.415     ] | DriftLimit: 0.0583 | FloorLimit: 0.4596 ---
2026-04-24 13:10:15,598 - [ENV] - --- EPISODE START | Scenario: TRANSIT | Start: [0.8737587 0.5395742 0.55     ] | Goal: [0.66118237 0.3748842  0.55      ] | DriftLimit: 0.0580 | FloorLimit: 0.4598 ---
2026-04-24 13:10:19,822 - [ENV] - --- EPISODE START | Scenario: ASCEND | Start: [1.11560753 0.44857775 0.415     ] | Goal: [1.11560753 0.44857775 0.55      ] | DriftLimit: 0.0578 | FloorLimit: 0.4599 ---
2026-04-24 13:10:20,093 - [ENV] - TERMINATED (Ascend): Tube Drift = 0.0655m (Max 0.0578m) at step 8
2026-04-24 13:10:20,093 - [ENV] - Episode ended without success at step 8. Final dist: 0.1457m
2026-04-24 13:10:20,094 - [ENV] - --- EPISODE START | Scenario: ASCEND | Start: [0.72768943 0.13495128 0.415     ] | Goal: [0.72768943 0.13495128 0.55      ] | DriftLimit: 0.0578 | FloorLimit: 0.4599 ---
2026-04-24 13:10:20,424 - [ENV] - TERMINATED (Ascend): Tube Drift = 0.0667m (Max 0.0578m) at step 8
2026-04-24 13:10:20,424 - [ENV] - Episode ended without success at step 8. Final dist: 0.1382m
2026-04-24 13:10:20,425 - [ENV] - --- EPISODE START | Scenario: TRANSIT | Start: [0.70824132 0.35155047 0.55      ] | Goal: [0.94078293 0.4103787  0.55      ] | DriftLimit: 0.0578 | FloorLimit: 0.4599 ---
2026-04-24 13:10:24,924 - [ENV] - --- EPISODE START | Scenario: DESCEND | Start: [0.79896969 0.43393306 0.55      ] | Goal: [0.79896969 0.43393306 0.41      ] | DriftLimit: 0.0575 | FloorLimit: 0.4600 ---
2026-04-24 13:10:29,695 - [ENV] - --- EPISODE START | Scenario: TRANSIT | Start: [0.79079326 0.13784592 0.55      ] | Goal: [0.94934072 0.44405397 0.55      ] | DriftLimit: 0.0573 | FloorLimit: 0.4601 ---
2026-04-24 13:10:34,146 - [ENV] - --- EPISODE START | Scenario: ASCEND | Start: [1.02486602 0.18210945 0.415     ] | Goal: [1.02486602 0.18210945 0.55      ] | DriftLimit: 0.0570 | FloorLimit: 0.4602 ---
2026-04-24 13:10:34,355 - [ENV] - TERMINATED (Ascend): Tube Drift = 0.0577m (Max 0.0570m) at step 5
2026-04-24 13:10:34,355 - [ENV] - Episode ended without success at step 5. Final dist: 0.1408m
2026-04-24 13:10:34,356 - [ENV] - --- EPISODE START | Scenario: ASCEND | Start: [0.78794197 0.37159384 0.415     ] | Goal: [0.78794197 0.37159384 0.55      ] | DriftLimit: 0.0570 | FloorLimit: 0.4602 ---
2026-04-24 13:10:34,624 - [ENV] - TERMINATED (Ascend): Tube Drift = 0.0620m (Max 0.0570m) at step 7
2026-04-24 13:10:34,625 - [ENV] - Episode ended without success at step 7. Final dist: 0.1373m
2026-04-24 13:10:34,625 - [ENV] - --- EPISODE START | Scenario: ASCEND | Start: [0.74156904 0.3732439  0.415     ] | Goal: [0.74156904 0.3732439  0.55      ] | DriftLimit: 0.0570 | FloorLimit: 0.4602 ---
2026-04-24 13:10:35,000 - [ENV] - TERMINATED (Ascend): Tube Drift = 0.0601m (Max 0.0570m) at step 11
2026-04-24 13:10:35,000 - [ENV] - Episode ended without success at step 11. Final dist: 0.1432m
2026-04-24 13:10:35,001 - [ENV] - --- EPISODE START | Scenario: TRANSIT | Start: [1.11134201 0.5124574  0.55      ] | Goal: [0.76378617 0.5250461  0.55      ] | DriftLimit: 0.0570 | FloorLimit: 0.4602 ---
2026-04-24 13:10:39,409 - [ENV] - --- EPISODE START | Scenario: TRANSIT | Start: [0.99522539 0.11232988 0.55      ] | Goal: [0.70139715 0.21455245 0.55      ] | DriftLimit: 0.0567 | FloorLimit: 0.4603 ---
2026-04-24 13:10:43,583 - [ENV] - --- EPISODE START | Scenario: ASCEND | Start: [0.77802368 0.11662168 0.415     ] | Goal: [0.77802368 0.11662168 0.55      ] | DriftLimit: 0.0565 | FloorLimit: 0.4605 ---
2026-04-24 13:10:48,282 - [ENV] - --- EPISODE START | Scenario: TRANSIT | Start: [0.97233472 0.39724343 0.55      ] | Goal: [0.72911088 0.405543   0.55      ] | DriftLimit: 0.0562 | FloorLimit: 0.4606 ---
2026-04-24 13:10:52,508 - [ENV] - --- EPISODE START | Scenario: DESCEND | Start: [0.769959   0.42657601 0.55      ] | Goal: [0.769959   0.42657601 0.41      ] | DriftLimit: 0.0560 | FloorLimit: 0.4607 ---
2026-04-24 13:10:56,732 - [ENV] - --- EPISODE START | Scenario: ASCEND | Start: [0.92401869 0.36078928 0.415     ] | Goal: [0.92401869 0.36078928 0.55      ] | DriftLimit: 0.0557 | FloorLimit: 0.4608 ---
2026-04-24 13:10:56,945 - [ENV] - TERMINATED (Ascend): Tube Drift = 0.0638m (Max 0.0557m) at step 5
2026-04-24 13:10:56,945 - [ENV] - Episode ended without success at step 5. Final dist: 0.1430m
2026-04-24 13:10:56,946 - [ENV] - --- EPISODE START | Scenario: DESCEND | Start: [1.12105687 0.29751008 0.55      ] | Goal: [1.12105687 0.29751008 0.415     ] | DriftLimit: 0.0557 | FloorLimit: 0.4608 ---
2026-04-24 13:10:58,403 - [ENV] - SUCCESS: Goal reached in 55 steps. Dist = 0.0099m
2026-04-24 13:10:58,404 - [ENV] - --- EPISODE START | Scenario: TRANSIT | Start: [1.14075757 0.34398141 0.55      ] | Goal: [1.11310992 0.14749752 0.55      ] | DriftLimit: 0.0556 | FloorLimit: 0.4608 ---
2026-04-24 13:11:02,671 - [ENV] - --- EPISODE START | Scenario: ASCEND | Start: [0.93093288 0.48471266 0.415     ] | Goal: [0.93093288 0.48471266 0.55      ] | DriftLimit: 0.0554 | FloorLimit: 0.4609 ---
2026-04-24 13:11:02,815 - [ENV] - TERMINATED (Ascend): Tube Drift = 0.0556m (Max 0.0554m) at step 3
2026-04-24 13:11:02,815 - [ENV] - Episode ended without success at step 3. Final dist: 0.1380m
2026-04-24 13:11:02,816 - [ENV] - --- EPISODE START | Scenario: TRANSIT | Start: [0.7076597  0.33285496 0.55      ] | Goal: [1.00534919 0.16805091 0.55      ] | DriftLimit: 0.0554 | FloorLimit: 0.4609 ---
2026-04-24 13:11:07,121 - [ENV] - --- EPISODE START | Scenario: DESCEND | Start: [1.0947636  0.13884957 0.55      ] | Goal: [1.0947636  0.13884957 0.41      ] | DriftLimit: 0.0551 | FloorLimit: 0.4611 ---
2026-04-24 13:11:11,361 - [ENV] - --- EPISODE START | Scenario: DESCEND | Start: [0.87229305 0.27900453 0.55      ] | Goal: [0.87229305 0.27900453 0.415     ] | DriftLimit: 0.0549 | FloorLimit: 0.4612 ---
2026-04-24 13:12:05,446 - [ENV] - --- EPISODE START | Scenario: ASCEND | Start: [0.65496619 0.43232593 0.415     ] | Goal: [0.65496619 0.43232593 0.55      ] | DriftLimit: 0.0546 | FloorLimit: 0.4613 ---
2026-04-24 13:12:05,766 - [ENV] - TERMINATED (Ascend): Tube Drift = 0.0568m (Max 0.0546m) at step 6
2026-04-24 13:12:05,766 - [ENV] - Episode ended without success at step 6. Final dist: 0.1415m
2026-04-24 13:12:05,767 - [ENV] - --- EPISODE START | Scenario: DESCEND | Start: [0.93819196 0.02986234 0.55      ] | Goal: [0.93819196 0.02986234 0.41      ] | DriftLimit: 0.0546 | FloorLimit: 0.4613 ---
2026-04-24 13:12:10,666 - [ENV] - --- EPISODE START | Scenario: ASCEND | Start: [0.71763341 0.36089098 0.415     ] | Goal: [0.71763341 0.36089098 0.55      ] | DriftLimit: 0.0544 | FloorLimit: 0.4614 ---
2026-04-24 13:12:10,896 - [ENV] - TERMINATED (Ascend): Tube Drift = 0.0545m (Max 0.0544m) at step 4
2026-04-24 13:12:10,896 - [ENV] - Episode ended without success at step 4. Final dist: 0.1409m
2026-04-24 13:12:10,897 - [ENV] - --- EPISODE START | Scenario: ASCEND | Start: [0.92412146 0.22961402 0.415     ] | Goal: [0.92412146 0.22961402 0.55      ] | DriftLimit: 0.0544 | FloorLimit: 0.4614 ---
2026-04-24 13:12:11,987 - [ENV] - TERMINATED (Ascend): Tube Drift = 0.0546m (Max 0.0543m) at step 28
2026-04-24 13:12:11,987 - [ENV] - Episode ended without success at step 28. Final dist: 0.1575m
2026-04-24 13:12:11,988 - [ENV] - --- EPISODE START | Scenario: ASCEND | Start: [0.64868843 0.43730093 0.415     ] | Goal: [0.64868843 0.43730093 0.55      ] | DriftLimit: 0.0543 | FloorLimit: 0.4614 ---
2026-04-24 13:12:12,265 - [ENV] - TERMINATED (Ascend): Tube Drift = 0.0582m (Max 0.0543m) at step 6
2026-04-24 13:12:12,265 - [ENV] - Episode ended without success at step 6. Final dist: 0.1418m
2026-04-24 13:12:12,266 - [ENV] - --- EPISODE START | Scenario: ASCEND | Start: [0.97285946 0.50420464 0.415     ] | Goal: [0.97285946 0.50420464 0.55      ] | DriftLimit: 0.0543 | FloorLimit: 0.4614 ---
2026-04-24 13:12:12,475 - [ENV] - TERMINATED (Ascend): Tube Drift = 0.0714m (Max 0.0543m) at step 4
2026-04-24 13:12:12,475 - [ENV] - Episode ended without success at step 4. Final dist: 0.1455m
2026-04-24 13:12:12,476 - [ENV] - --- EPISODE START | Scenario: DESCEND | Start: [0.97217345 0.47822699 0.55      ] | Goal: [0.97217345 0.47822699 0.41      ] | DriftLimit: 0.0543 | FloorLimit: 0.4614 ---
2026-04-24 13:12:16,886 - [ENV] - --- EPISODE START | Scenario: TRANSIT | Start: [0.80833421 0.09829167 0.55      ] | Goal: [1.06494209 0.24814402 0.55      ] | DriftLimit: 0.0540 | FloorLimit: 0.4615 ---
2026-04-24 13:12:21,093 - [ENV] - --- EPISODE START | Scenario: DESCEND | Start: [0.62537479 0.07069986 0.55      ] | Goal: [0.62537479 0.07069986 0.415     ] | DriftLimit: 0.0538 | FloorLimit: 0.4616 ---
2026-04-24 13:12:25,648 - [ENV] - --- EPISODE START | Scenario: DESCEND | Start: [0.70544554 0.27966903 0.55      ] | Goal: [0.70544554 0.27966903 0.415     ] | DriftLimit: 0.0535 | FloorLimit: 0.4618 ---
2026-04-24 13:12:30,374 - [ENV] - --- EPISODE START | Scenario: ASCEND | Start: [0.91888787 0.24508886 0.415     ] | Goal: [0.91888787 0.24508886 0.55      ] | DriftLimit: 0.0533 | FloorLimit: 0.4619 ---
2026-04-24 13:12:30,588 - [ENV] - TERMINATED (Ascend): Tube Drift = 0.0551m (Max 0.0533m) at step 4
2026-04-24 13:12:30,588 - [ENV] - Episode ended without success at step 4. Final dist: 0.1304m
2026-04-24 13:12:30,589 - [ENV] - --- EPISODE START | Scenario: ASCEND | Start: [1.12839554 0.45031583 0.415     ] | Goal: [1.12839554 0.45031583 0.55      ] | DriftLimit: 0.0533 | FloorLimit: 0.4619 ---
2026-04-24 13:12:30,770 - [ENV] - TERMINATED (Ascend): Tube Drift = 0.0704m (Max 0.0533m) at step 4
2026-04-24 13:12:30,770 - [ENV] - Episode ended without success at step 4. Final dist: 0.1412m
2026-04-24 13:12:30,771 - [ENV] - --- EPISODE START | Scenario: DESCEND | Start: [0.85419218 0.40574384 0.55      ] | Goal: [0.85419218 0.40574384 0.41      ] | DriftLimit: 0.0533 | FloorLimit: 0.4619 ---
2026-04-24 13:12:35,166 - [ENV] - --- EPISODE START | Scenario: ASCEND | Start: [0.70349811 0.52840049 0.415     ] | Goal: [0.70349811 0.52840049 0.55      ] | DriftLimit: 0.0530 | FloorLimit: 0.4620 ---
2026-04-24 13:12:35,305 - [ENV] - TERMINATED (Ascend): Tube Drift = 0.0723m (Max 0.0530m) at step 3
2026-04-24 13:12:35,306 - [ENV] - Episode ended without success at step 3. Final dist: 0.1430m
2026-04-24 13:12:35,306 - [ENV] - --- EPISODE START | Scenario: ASCEND | Start: [0.87117976 0.42881483 0.415     ] | Goal: [0.87117976 0.42881483 0.55      ] | DriftLimit: 0.0530 | FloorLimit: 0.4620 ---
2026-04-24 13:12:35,496 - [ENV] - TERMINATED (Ascend): Tube Drift = 0.0658m (Max 0.0530m) at step 3
2026-04-24 13:12:35,496 - [ENV] - Episode ended without success at step 3. Final dist: 0.1411m
2026-04-24 13:12:35,496 - [ENV] - --- EPISODE START | Scenario: TRANSIT | Start: [0.65965216 0.09659088 0.55      ] | Goal: [1.10407184 0.50356024 0.55      ] | DriftLimit: 0.0530 | FloorLimit: 0.4620 ---
2026-04-24 13:12:40,436 - [ENV] - --- EPISODE START | Scenario: TRANSIT | Start: [0.83569082 0.0741295  0.55      ] | Goal: [0.94699647 0.05074807 0.55      ] | DriftLimit: 0.0528 | FloorLimit: 0.4621 ---
2026-04-24 13:12:45,033 - [ENV] - --- EPISODE START | Scenario: DESCEND | Start: [1.14529485 0.07377684 0.55      ] | Goal: [1.14529485 0.07377684 0.415     ] | DriftLimit: 0.0525 | FloorLimit: 0.4622 ---
2026-04-24 13:12:49,142 - [ENV] - --- EPISODE START | Scenario: TRANSIT | Start: [1.12358821 0.01251591 0.55      ] | Goal: [0.74817884 0.34625616 0.55      ] | DriftLimit: 0.0523 | FloorLimit: 0.4623 ---
2026-04-24 13:12:53,788 - [ENV] - --- EPISODE START | Scenario: ASCEND | Start: [0.83884819 0.27206538 0.415     ] | Goal: [0.83884819 0.27206538 0.55      ] | DriftLimit: 0.0520 | FloorLimit: 0.4624 ---
2026-04-24 13:12:54,422 - [ENV] - TERMINATED (Ascend): Tube Drift = 0.0585m (Max 0.0520m) at step 16
2026-04-24 13:12:54,422 - [ENV] - Episode ended without success at step 16. Final dist: 0.1602m
2026-04-24 13:12:54,423 - [ENV] - --- EPISODE START | Scenario: TRANSIT | Start: [1.02306197 0.49663472 0.55      ] | Goal: [0.72481446 0.16559407 0.55      ] | DriftLimit: 0.0520 | FloorLimit: 0.4624 ---
2026-04-24 13:12:58,928 - [ENV] - --- EPISODE START | Scenario: ASCEND | Start: [0.68058462 0.48454675 0.415     ] | Goal: [0.68058462 0.48454675 0.55      ] | DriftLimit: 0.0517 | FloorLimit: 0.4626 ---
2026-04-24 13:12:59,117 - [ENV] - TERMINATED (Ascend): Tube Drift = 0.0691m (Max 0.0517m) at step 3
2026-04-24 13:12:59,117 - [ENV] - Episode ended without success at step 3. Final dist: 0.1440m
2026-04-24 13:12:59,118 - [ENV] - --- EPISODE START | Scenario: TRANSIT | Start: [0.63694794 0.54199664 0.55      ] | Goal: [0.75189555 0.07572365 0.55      ] | DriftLimit: 0.0517 | FloorLimit: 0.4626 ---
2026-04-24 13:13:03,430 - [ENV] - --- EPISODE START | Scenario: ASCEND | Start: [0.94840608 0.43809683 0.415     ] | Goal: [0.94840608 0.43809683 0.55      ] | DriftLimit: 0.0515 | FloorLimit: 0.4627 ---
2026-04-24 13:13:03,629 - [ENV] - TERMINATED (Ascend): Tube Drift = 0.0738m (Max 0.0515m) at step 3
2026-04-24 13:13:03,629 - [ENV] - Episode ended without success at step 3. Final dist: 0.1390m
2026-04-24 13:13:03,631 - [ENV] - --- EPISODE START | Scenario: DESCEND | Start: [0.83699314 0.38342313 0.55      ] | Goal: [0.83699314 0.38342313 0.41      ] | DriftLimit: 0.0515 | FloorLimit: 0.4627 ---
2026-04-24 13:13:07,884 - [ENV] - --- EPISODE START | Scenario: ASCEND | Start: [1.00477823 0.29869712 0.415     ] | Goal: [1.00477823 0.29869712 0.55      ] | DriftLimit: 0.0512 | FloorLimit: 0.4628 ---
2026-04-24 13:13:08,036 - [ENV] - TERMINATED (Ascend): Tube Drift = 0.0520m (Max 0.0512m) at step 3
2026-04-24 13:13:08,036 - [ENV] - Episode ended without success at step 3. Final dist: 0.1365m
2026-04-24 13:13:08,037 - [ENV] - --- EPISODE START | Scenario: TRANSIT | Start: [0.75212878 0.4394536  0.55      ] | Goal: [1.01830474 0.39151936 0.55      ] | DriftLimit: 0.0512 | FloorLimit: 0.4628 ---
2026-04-24 13:14:01,260 - [ENV] - --- EPISODE START | Scenario: TRANSIT | Start: [0.64184576 0.4761562  0.55      ] | Goal: [0.77425257 0.44697292 0.55      ] | DriftLimit: 0.0510 | FloorLimit: 0.4629 ---
2026-04-24 13:14:05,773 - [ENV] - --- EPISODE START | Scenario: ASCEND | Start: [0.65042238 0.18353835 0.415     ] | Goal: [0.65042238 0.18353835 0.55      ] | DriftLimit: 0.0507 | FloorLimit: 0.4630 ---
2026-04-24 13:14:06,088 - [ENV] - TERMINATED (Ascend): Tube Drift = 0.0553m (Max 0.0507m) at step 8
2026-04-24 13:14:06,088 - [ENV] - Episode ended without success at step 8. Final dist: 0.1384m
2026-04-24 13:14:06,088 - [ENV] - --- EPISODE START | Scenario: ASCEND | Start: [1.11303611 0.41998379 0.415     ] | Goal: [1.11303611 0.41998379 0.55      ] | DriftLimit: 0.0507 | FloorLimit: 0.4630 ---
2026-04-24 13:14:10,148 - [ENV] - --- EPISODE START | Scenario: ASCEND | Start: [0.74729242 0.40359745 0.415     ] | Goal: [0.74729242 0.40359745 0.55      ] | DriftLimit: 0.0505 | FloorLimit: 0.4631 ---
2026-04-24 13:14:10,386 - [ENV] - TERMINATED (Ascend): Tube Drift = 0.0538m (Max 0.0504m) at step 3
2026-04-24 13:14:10,386 - [ENV] - Episode ended without success at step 3. Final dist: 0.1404m
2026-04-24 13:14:10,387 - [ENV] - --- EPISODE START | Scenario: TRANSIT | Start: [0.98932465 0.2764451  0.55      ] | Goal: [0.63376209 0.21514616 0.55      ] | DriftLimit: 0.0504 | FloorLimit: 0.4631 ---
2026-04-24 13:14:14,649 - [ENV] - --- EPISODE START | Scenario: TRANSIT | Start: [0.75885748 0.48806165 0.55      ] | Goal: [0.99281889 0.37520553 0.55      ] | DriftLimit: 0.0502 | FloorLimit: 0.4632 ---
2026-04-24 13:14:18,798 - [ENV] - --- EPISODE START | Scenario: ASCEND | Start: [1.11789623 0.20489372 0.415     ] | Goal: [1.11789623 0.20489372 0.55      ] | DriftLimit: 0.0499 | FloorLimit: 0.4634 ---
2026-04-24 13:14:19,113 - [ENV] - TERMINATED (Ascend): Tube Drift = 0.0536m (Max 0.0499m) at step 4
2026-04-24 13:14:19,113 - [ENV] - Episode ended without success at step 4. Final dist: 0.1275m
2026-04-24 13:14:19,136 - [ENV] - --- EPISODE START | Scenario: ASCEND | Start: [0.8063858  0.28110014 0.415     ] | Goal: [0.8063858  0.28110014 0.55      ] | DriftLimit: 0.0499 | FloorLimit: 0.4634 ---
2026-04-24 13:14:19,451 - [ENV] - TERMINATED (Ascend): Tube Drift = 0.0500m (Max 0.0499m) at step 5
2026-04-24 13:14:19,451 - [ENV] - Episode ended without success at step 5. Final dist: 0.1224m
2026-04-24 13:14:19,452 - [ENV] - --- EPISODE START | Scenario: TRANSIT | Start: [0.75639991 0.26814876 0.55      ] | Goal: [0.90996037 0.39582369 0.55      ] | DriftLimit: 0.0499 | FloorLimit: 0.4634 ---
2026-04-24 13:14:23,778 - [ENV] - --- EPISODE START | Scenario: TRANSIT | Start: [1.06773885 0.44368811 0.55      ] | Goal: [ 0.91835665 -0.00498132  0.55      ] | DriftLimit: 0.0497 | FloorLimit: 0.4635 ---
2026-04-24 13:14:28,292 - [ENV] - --- EPISODE START | Scenario: ASCEND | Start: [1.12058371 0.35040756 0.415     ] | Goal: [1.12058371 0.35040756 0.55      ] | DriftLimit: 0.0494 | FloorLimit: 0.4636 ---
2026-04-24 13:14:28,453 - [ENV] - TERMINATED (Ascend): Tube Drift = 0.0521m (Max 0.0494m) at step 3
2026-04-24 13:14:28,453 - [ENV] - Episode ended without success at step 3. Final dist: 0.1263m
2026-04-24 13:14:28,454 - [ENV] - --- EPISODE START | Scenario: ASCEND | Start: [0.89027503 0.23142968 0.415     ] | Goal: [0.89027503 0.23142968 0.55      ] | DriftLimit: 0.0494 | FloorLimit: 0.4636 ---
2026-04-24 13:14:29,127 - [ENV] - TERMINATED (Ascend): Tube Drift = 0.0538m (Max 0.0494m) at step 16
2026-04-24 13:14:29,127 - [ENV] - Episode ended without success at step 16. Final dist: 0.1410m
2026-04-24 13:14:29,128 - [ENV] - --- EPISODE START | Scenario: TRANSIT | Start: [0.98741583 0.14233874 0.55      ] | Goal: [1.12746181 0.50053689 0.55      ] | DriftLimit: 0.0494 | FloorLimit: 0.4636 ---
2026-04-24 13:14:33,808 - [ENV] - --- EPISODE START | Scenario: ASCEND | Start: [1.12993803 0.1774143  0.415     ] | Goal: [1.12993803 0.1774143  0.55      ] | DriftLimit: 0.0491 | FloorLimit: 0.4637 ---
2026-04-24 13:14:34,040 - [ENV] - TERMINATED (Ascend): Tube Drift = 0.0574m (Max 0.0491m) at step 6
2026-04-24 13:14:34,040 - [ENV] - Episode ended without success at step 6. Final dist: 0.1161m
2026-04-24 13:14:34,041 - [ENV] - --- EPISODE START | Scenario: ASCEND | Start: [0.98816302 0.43904069 0.415     ] | Goal: [0.98816302 0.43904069 0.55      ] | DriftLimit: 0.0491 | FloorLimit: 0.4637 ---
2026-04-24 13:14:34,219 - [ENV] - TERMINATED (Ascend): Tube Drift = 0.0612m (Max 0.0491m) at step 3
2026-04-24 13:14:34,219 - [ENV] - Episode ended without success at step 3. Final dist: 0.1277m
2026-04-24 13:14:34,220 - [ENV] - --- EPISODE START | Scenario: DESCEND | Start: [0.9355818  0.00449071 0.55      ] | Goal: [0.9355818  0.00449071 0.415     ] | DriftLimit: 0.0491 | FloorLimit: 0.4637 ---
2026-04-24 13:14:34,325 - [ENV] - SUCCESS: Goal reached in 4 steps. Dist = 0.0046m
2026-04-24 13:14:34,325 - [ENV] - --- EPISODE START | Scenario: DESCEND | Start: [ 1.10537931 -0.01030809  0.55      ] | Goal: [ 1.10537931 -0.01030809  0.415     ] | DriftLimit: 0.0491 | FloorLimit: 0.4637 ---
2026-04-24 13:14:34,444 - [ENV] - SUCCESS: Goal reached in 4 steps. Dist = 0.0055m
2026-04-24 13:14:34,445 - [ENV] - --- EPISODE START | Scenario: TRANSIT | Start: [0.82385386 0.07172033 0.55      ] | Goal: [0.71050489 0.01669216 0.55      ] | DriftLimit: 0.0491 | FloorLimit: 0.4637 ---
2026-04-24 13:14:38,750 - [ENV] - --- EPISODE START | Scenario: DESCEND | Start: [0.87257665 0.1232328  0.55      ] | Goal: [0.87257665 0.1232328  0.41      ] | DriftLimit: 0.0489 | FloorLimit: 0.4638 ---
2026-04-24 13:14:43,235 - [ENV] - --- EPISODE START | Scenario: DESCEND | Start: [1.05404032 0.0914325  0.55      ] | Goal: [1.05404032 0.0914325  0.415     ] | DriftLimit: 0.0486 | FloorLimit: 0.4639 ---
2026-04-24 13:14:47,533 - [ENV] - --- EPISODE START | Scenario: DESCEND | Start: [ 0.81936622 -0.01133316  0.55      ] | Goal: [ 0.81936622 -0.01133316  0.41      ] | DriftLimit: 0.0484 | FloorLimit: 0.4641 ---
2026-04-24 13:14:47,689 - [ENV] - SUCCESS: Goal reached in 5 steps. Dist = 0.0100m
2026-04-24 13:14:47,690 - [ENV] - --- EPISODE START | Scenario: ASCEND | Start: [0.8946924 0.429903  0.415    ] | Goal: [0.8946924 0.429903  0.55     ] | DriftLimit: 0.0484 | FloorLimit: 0.4641 ---
2026-04-24 13:14:52,325 - [ENV] - --- EPISODE START | Scenario: DESCEND | Start: [1.07933248 0.47132518 0.55      ] | Goal: [1.07933248 0.47132518 0.415     ] | DriftLimit: 0.0481 | FloorLimit: 0.4642 ---
2026-04-24 13:14:56,628 - [ENV] - --- EPISODE START | Scenario: ASCEND | Start: [0.65882362 0.11961617 0.415     ] | Goal: [0.65882362 0.11961617 0.55      ] | DriftLimit: 0.0479 | FloorLimit: 0.4643 ---
2026-04-24 13:14:57,032 - [ENV] - TERMINATED (Ascend): Tube Drift = 0.0571m (Max 0.0478m) at step 8
2026-04-24 13:14:57,032 - [ENV] - Episode ended without success at step 8. Final dist: 0.1425m
2026-04-24 13:14:57,033 - [ENV] - --- EPISODE START | Scenario: ASCEND | Start: [0.87959501 0.17804321 0.415     ] | Goal: [0.87959501 0.17804321 0.55      ] | DriftLimit: 0.0478 | FloorLimit: 0.4643 ---
2026-04-24 13:14:57,502 - [ENV] - TERMINATED (Ascend): Tube Drift = 0.0581m (Max 0.0478m) at step 16
2026-04-24 13:14:57,502 - [ENV] - Episode ended without success at step 16. Final dist: 0.0948m
2026-04-24 13:14:57,503 - [ENV] - --- EPISODE START | Scenario: TRANSIT | Start: [0.68177305 0.10649193 0.55      ] | Goal: [0.61454914 0.25215213 0.55      ] | DriftLimit: 0.0478 | FloorLimit: 0.4643 ---
2026-04-24 13:15:53,590 - [ENV] - --- EPISODE START | Scenario: DESCEND | Start: [1.02248847 0.17825241 0.55      ] | Goal: [1.02248847 0.17825241 0.415     ] | DriftLimit: 0.0476 | FloorLimit: 0.4644 ---
2026-04-24 13:15:57,833 - [ENV] - --- EPISODE START | Scenario: ASCEND | Start: [0.66451595 0.47671674 0.415     ] | Goal: [0.66451595 0.47671674 0.55      ] | DriftLimit: 0.0473 | FloorLimit: 0.4645 ---
2026-04-24 13:15:57,986 - [ENV] - TERMINATED (Ascend): Tube Drift = 0.0515m (Max 0.0473m) at step 2
2026-04-24 13:15:57,987 - [ENV] - Episode ended without success at step 2. Final dist: 0.1344m
2026-04-24 13:15:57,987 - [ENV] - --- EPISODE START | Scenario: DESCEND | Start: [ 0.72678659 -0.01356038  0.55      ] | Goal: [ 0.72678659 -0.01356038  0.41      ] | DriftLimit: 0.0473 | FloorLimit: 0.4645 ---
2026-04-24 13:15:58,212 - [ENV] - SUCCESS: Goal reached in 7 steps. Dist = 0.0086m
2026-04-24 13:15:58,213 - [ENV] - --- EPISODE START | Scenario: TRANSIT | Start: [1.10353566 0.45582319 0.55      ] | Goal: [0.87465577 0.04926387 0.55      ] | DriftLimit: 0.0473 | FloorLimit: 0.4645 ---
2026-04-24 13:16:02,196 - [ENV] - SUCCESS: Goal reached in 152 steps. Dist = 0.0198m
2026-04-24 13:16:02,196 - [ENV] - --- EPISODE START | Scenario: DESCEND | Start: [1.03873304 0.01755294 0.55      ] | Goal: [1.03873304 0.01755294 0.415     ] | DriftLimit: 0.0471 | FloorLimit: 0.4646 ---
2026-04-24 13:16:02,338 - [ENV] - SUCCESS: Goal reached in 4 steps. Dist = 0.0096m
2026-04-24 13:16:02,339 - [ENV] - --- EPISODE START | Scenario: TRANSIT | Start: [0.76150182 0.254758   0.55      ] | Goal: [0.82386784 0.01910841 0.55      ] | DriftLimit: 0.0471 | FloorLimit: 0.4646 ---
2026-04-24 13:16:07,270 - [ENV] - --- EPISODE START | Scenario: DESCEND | Start: [0.7736273 0.0064709 0.55     ] | Goal: [0.7736273 0.0064709 0.415    ] | DriftLimit: 0.0468 | FloorLimit: 0.4647 ---
2026-04-24 13:16:07,394 - [ENV] - SUCCESS: Goal reached in 5 steps. Dist = 0.0092m
2026-04-24 13:16:07,394 - [ENV] - --- EPISODE START | Scenario: ASCEND | Start: [ 0.9222802  -0.00699921  0.415     ] | Goal: [ 0.9222802  -0.00699921  0.55      ] | DriftLimit: 0.0468 | FloorLimit: 0.4647 ---
2026-04-24 13:16:07,885 - [ENV] - TERMINATED (Ascend): Tube Drift = 0.0487m (Max 0.0468m) at step 18
2026-04-24 13:16:07,885 - [ENV] - Episode ended without success at step 18. Final dist: 0.1500m
2026-04-24 13:16:07,885 - [ENV] - --- EPISODE START | Scenario: TRANSIT | Start: [0.76485206 0.10533892 0.55      ] | Goal: [0.96119103 0.13856299 0.55      ] | DriftLimit: 0.0468 | FloorLimit: 0.4648 ---
2026-04-24 13:16:12,354 - [ENV] - --- EPISODE START | Scenario: DESCEND | Start: [1.01904426 0.24641124 0.55      ] | Goal: [1.01904426 0.24641124 0.415     ] | DriftLimit: 0.0465 | FloorLimit: 0.4649 ---
2026-04-24 13:16:16,590 - [ENV] - --- EPISODE START | Scenario: ASCEND | Start: [1.0402191 0.2287132 0.415    ] | Goal: [1.0402191 0.2287132 0.55     ] | DriftLimit: 0.0463 | FloorLimit: 0.4650 ---
2026-04-24 13:16:16,827 - [ENV] - TERMINATED (Ascend): Tube Drift = 0.0503m (Max 0.0463m) at step 4
2026-04-24 13:16:16,827 - [ENV] - Episode ended without success at step 4. Final dist: 0.1081m
2026-04-24 13:16:16,828 - [ENV] - --- EPISODE START | Scenario: ASCEND | Start: [0.87293397 0.26991115 0.415     ] | Goal: [0.87293397 0.26991115 0.55      ] | DriftLimit: 0.0463 | FloorLimit: 0.4650 ---
2026-04-24 13:16:17,155 - [ENV] - TERMINATED (Ascend): Tube Drift = 0.0529m (Max 0.0463m) at step 4
2026-04-24 13:16:17,156 - [ENV] - Episode ended without success at step 4. Final dist: 0.1140m
2026-04-24 13:16:17,157 - [ENV] - --- EPISODE START | Scenario: TRANSIT | Start: [0.65777619 0.26259142 0.55      ] | Goal: [0.62597396 0.43599346 0.55      ] | DriftLimit: 0.0463 | FloorLimit: 0.4650 ---
2026-04-24 13:16:21,724 - [ENV] - --- EPISODE START | Scenario: TRANSIT | Start: [0.91028949 0.14035692 0.55      ] | Goal: [0.88408256 0.26056698 0.55      ] | DriftLimit: 0.0460 | FloorLimit: 0.4651 ---
2026-04-24 13:16:26,317 - [ENV] - --- EPISODE START | Scenario: DESCEND | Start: [0.8175522  0.50798456 0.55      ] | Goal: [0.8175522  0.50798456 0.41      ] | DriftLimit: 0.0458 | FloorLimit: 0.4652 ---
2026-04-24 13:16:30,980 - [ENV] - --- EPISODE START | Scenario: TRANSIT | Start: [0.72952134 0.22137805 0.55      ] | Goal: [0.87841699 0.26336219 0.55      ] | DriftLimit: 0.0455 | FloorLimit: 0.4653 ---
2026-04-24 13:16:35,320 - [ENV] - --- EPISODE START | Scenario: DESCEND | Start: [0.96733827 0.18929049 0.55      ] | Goal: [0.96733827 0.18929049 0.41      ] | DriftLimit: 0.0453 | FloorLimit: 0.4654 ---
2026-04-24 13:16:39,876 - [ENV] - --- EPISODE START | Scenario: ASCEND | Start: [1.11667734 0.37763692 0.415     ] | Goal: [1.11667734 0.37763692 0.55      ] | DriftLimit: 0.0450 | FloorLimit: 0.4655 ---
2026-04-24 13:16:40,289 - [ENV] - TERMINATED (Ascend): Tube Drift = 0.0502m (Max 0.0450m) at step 14
2026-04-24 13:16:40,289 - [ENV] - Episode ended without success at step 14. Final dist: 0.1729m
2026-04-24 13:16:40,290 - [ENV] - --- EPISODE START | Scenario: DESCEND | Start: [0.98947233 0.44667043 0.55      ] | Goal: [0.98947233 0.44667043 0.415     ] | DriftLimit: 0.0450 | FloorLimit: 0.4656 ---
2026-04-24 13:16:44,587 - [ENV] - --- EPISODE START | Scenario: TRANSIT | Start: [1.11365612 0.29559319 0.55      ] | Goal: [1.13684078 0.47063872 0.55      ] | DriftLimit: 0.0447 | FloorLimit: 0.4657 ---
2026-04-24 13:16:48,995 - [ENV] - --- EPISODE START | Scenario: TRANSIT | Start: [0.73204405 0.15848133 0.55      ] | Goal: [1.00228622 0.40956834 0.55      ] | DriftLimit: 0.0445 | FloorLimit: 0.4658 ---
2026-04-24 13:16:53,282 - [ENV] - --- EPISODE START | Scenario: ASCEND | Start: [0.77400634 0.31980981 0.415     ] | Goal: [0.77400634 0.31980981 0.55      ] | DriftLimit: 0.0442 | FloorLimit: 0.4659 ---
2026-04-24 13:16:53,998 - [ENV] - TERMINATED (Ascend): Tube Drift = 0.0492m (Max 0.0442m) at step 17
2026-04-24 13:16:53,998 - [ENV] - Episode ended without success at step 17. Final dist: 0.1477m
2026-04-24 13:16:53,999 - [ENV] - --- EPISODE START | Scenario: TRANSIT | Start: [0.65183572 0.46948134 0.55      ] | Goal: [0.77779466 0.32523519 0.55      ] | DriftLimit: 0.0442 | FloorLimit: 0.4659 ---
2026-04-24 13:17:49,237 - [ENV] - --- EPISODE START | Scenario: DESCEND | Start: [0.68186443 0.5363448  0.55      ] | Goal: [0.68186443 0.5363448  0.415     ] | DriftLimit: 0.0440 | FloorLimit: 0.4660 ---
2026-04-24 13:17:53,782 - [ENV] - --- EPISODE START | Scenario: DESCEND | Start: [1.01481703 0.07402604 0.55      ] | Goal: [1.01481703 0.07402604 0.415     ] | DriftLimit: 0.0437 | FloorLimit: 0.4661 ---
2026-04-24 13:17:55,306 - [ENV] - SUCCESS: Goal reached in 48 steps. Dist = 0.0100m
2026-04-24 13:17:55,307 - [ENV] - --- EPISODE START | Scenario: TRANSIT | Start: [0.80320416 0.51308734 0.55      ] | Goal: [0.6990135  0.34090985 0.55      ] | DriftLimit: 0.0436 | FloorLimit: 0.4662 ---
2026-04-24 13:17:59,375 - [ENV] - --- EPISODE START | Scenario: ASCEND | Start: [0.6745964 0.0112827 0.415    ] | Goal: [0.6745964 0.0112827 0.55     ] | DriftLimit: 0.0434 | FloorLimit: 0.4663 ---
2026-04-24 13:18:03,609 - [ENV] - --- EPISODE START | Scenario: DESCEND | Start: [0.95502373 0.5425599  0.55      ] | Goal: [0.95502373 0.5425599  0.41      ] | DriftLimit: 0.0431 | FloorLimit: 0.4664 ---
2026-04-24 13:18:07,732 - [ENV] - --- EPISODE START | Scenario: TRANSIT | Start: [0.69820311 0.31064351 0.55      ] | Goal: [0.77923863 0.02935751 0.55      ] | DriftLimit: 0.0429 | FloorLimit: 0.4665 ---
2026-04-24 13:18:12,561 - [ENV] - --- EPISODE START | Scenario: ASCEND | Start: [0.71227774 0.19930286 0.415     ] | Goal: [0.71227774 0.19930286 0.55      ] | DriftLimit: 0.0426 | FloorLimit: 0.4666 ---
2026-04-24 13:18:16,826 - [ENV] - --- EPISODE START | Scenario: TRANSIT | Start: [1.05874287 0.02690641 0.55      ] | Goal: [0.77536356 0.415738   0.55      ] | DriftLimit: 0.0424 | FloorLimit: 0.4667 ---
2026-04-24 13:18:20,909 - [ENV] - --- EPISODE START | Scenario: TRANSIT | Start: [1.14097912 0.49001795 0.55      ] | Goal: [0.87947895 0.30475129 0.55      ] | DriftLimit: 0.0421 | FloorLimit: 0.4668 ---
2026-04-24 13:18:25,108 - [ENV] - --- EPISODE START | Scenario: ASCEND | Start: [0.7280884  0.49396032 0.415     ] | Goal: [0.7280884  0.49396032 0.55      ] | DriftLimit: 0.0419 | FloorLimit: 0.4669 ---
2026-04-24 13:18:29,358 - [ENV] - --- EPISODE START | Scenario: TRANSIT | Start: [1.1443097  0.39280172 0.55      ] | Goal: [1.13047492 0.02587997 0.55      ] | DriftLimit: 0.0416 | FloorLimit: 0.4671 ---
2026-04-24 13:18:33,575 - [ENV] - --- EPISODE START | Scenario: ASCEND | Start: [1.02860867 0.45284142 0.415     ] | Goal: [1.02860867 0.45284142 0.55      ] | DriftLimit: 0.0414 | FloorLimit: 0.4672 ---
2026-04-24 13:18:33,759 - [ENV] - TERMINATED (Ascend): Tube Drift = 0.0487m (Max 0.0414m) at step 3
2026-04-24 13:18:33,760 - [ENV] - Episode ended without success at step 3. Final dist: 0.0961m
2026-04-24 13:18:33,760 - [ENV] - --- EPISODE START | Scenario: TRANSIT | Start: [0.89424139 0.45960219 0.55      ] | Goal: [1.15663044 0.13060358 0.55      ] | DriftLimit: 0.0414 | FloorLimit: 0.4672 ---
2026-04-24 13:18:38,118 - [ENV] - --- EPISODE START | Scenario: TRANSIT | Start: [1.0972556  0.11132547 0.55      ] | Goal: [1.02601985 0.25660378 0.55      ] | DriftLimit: 0.0411 | FloorLimit: 0.4673 ---
2026-04-24 13:18:42,275 - [ENV] - --- EPISODE START | Scenario: TRANSIT | Start: [0.91856803 0.20155187 0.55      ] | Goal: [0.62695515 0.06150023 0.55      ] | DriftLimit: 0.0409 | FloorLimit: 0.4674 ---
2026-04-24 13:18:46,677 - [ENV] - --- EPISODE START | Scenario: TRANSIT | Start: [1.04685114 0.31744336 0.55      ] | Goal: [1.13933098 0.40073499 0.55      ] | DriftLimit: 0.0406 | FloorLimit: 0.4675 ---
2026-04-24 13:19:39,927 - [ENV] - --- EPISODE START | Scenario: DESCEND | Start: [0.63776968 0.30434647 0.55      ] | Goal: [0.63776968 0.30434647 0.415     ] | DriftLimit: 0.0404 | FloorLimit: 0.4676 ---
2026-04-24 13:19:40,039 - [ENV] - TERMINATED (Descend): Tube Drift = 0.0404m (Max 0.0404m) at step 2
2026-04-24 13:19:40,039 - [ENV] - Episode ended without success at step 2. Final dist: 0.0807m
2026-04-24 13:19:40,040 - [ENV] - --- EPISODE START | Scenario: TRANSIT | Start: [1.01422264 0.33856222 0.55      ] | Goal: [0.71610865 0.13892189 0.55      ] | DriftLimit: 0.0404 | FloorLimit: 0.4676 ---
2026-04-24 13:19:44,171 - [ENV] - --- EPISODE START | Scenario: ASCEND | Start: [1.12252584 0.30184482 0.415     ] | Goal: [1.12252584 0.30184482 0.55      ] | DriftLimit: 0.0401 | FloorLimit: 0.4677 ---
2026-04-24 13:19:44,320 - [ENV] - TERMINATED (Ascend): Tube Drift = 0.0539m (Max 0.0401m) at step 3
2026-04-24 13:19:44,320 - [ENV] - Episode ended without success at step 3. Final dist: 0.1037m
2026-04-24 13:19:44,321 - [ENV] - --- EPISODE START | Scenario: ASCEND | Start: [0.98763942 0.03444229 0.415     ] | Goal: [0.98763942 0.03444229 0.55      ] | DriftLimit: 0.0401 | FloorLimit: 0.4677 ---
2026-04-24 13:19:48,840 - [ENV] - --- EPISODE START | Scenario: ASCEND | Start: [0.9179803  0.05858593 0.415     ] | Goal: [0.9179803  0.05858593 0.55      ] | DriftLimit: 0.0399 | FloorLimit: 0.4678 ---
2026-04-24 13:19:53,613 - [ENV] - --- EPISODE START | Scenario: DESCEND | Start: [0.6027621  0.39091065 0.55      ] | Goal: [0.6027621  0.39091065 0.415     ] | DriftLimit: 0.0396 | FloorLimit: 0.4680 ---
2026-04-24 13:19:53,795 - [ENV] - TERMINATED (Descend): Tube Drift = 0.0404m (Max 0.0396m) at step 3
2026-04-24 13:19:53,795 - [ENV] - Episode ended without success at step 3. Final dist: 0.0418m
2026-04-24 13:19:53,796 - [ENV] - --- EPISODE START | Scenario: TRANSIT | Start: [0.81130774 0.27621207 0.55      ] | Goal: [0.61989553 0.17504215 0.55      ] | DriftLimit: 0.0396 | FloorLimit: 0.4680 ---
2026-04-24 13:19:58,212 - [ENV] - --- EPISODE START | Scenario: ASCEND | Start: [0.96704931 0.49211872 0.415     ] | Goal: [0.96704931 0.49211872 0.55      ] | DriftLimit: 0.0393 | FloorLimit: 0.4681 ---
2026-04-24 13:19:58,384 - [ENV] - TERMINATED (Ascend): Tube Drift = 0.0516m (Max 0.0393m) at step 3
2026-04-24 13:19:58,384 - [ENV] - Episode ended without success at step 3. Final dist: 0.1007m
2026-04-24 13:19:58,384 - [ENV] - --- EPISODE START | Scenario: ASCEND | Start: [0.70865723 0.04151073 0.415     ] | Goal: [0.70865723 0.04151073 0.55      ] | DriftLimit: 0.0393 | FloorLimit: 0.4681 ---
2026-04-24 13:19:58,668 - [ENV] - TERMINATED (Ascend): Tube Drift = 0.0495m (Max 0.0393m) at step 4
2026-04-24 13:19:58,669 - [ENV] - Episode ended without success at step 4. Final dist: 0.1187m
2026-04-24 13:19:58,669 - [ENV] - --- EPISODE START | Scenario: ASCEND | Start: [1.1173871  0.27193564 0.415     ] | Goal: [1.1173871  0.27193564 0.55      ] | DriftLimit: 0.0393 | FloorLimit: 0.4681 ---
2026-04-24 13:20:02,926 - [ENV] - --- EPISODE START | Scenario: TRANSIT | Start: [0.60236709 0.05839816 0.55      ] | Goal: [1.07495213 0.35074614 0.55      ] | DriftLimit: 0.0391 | FloorLimit: 0.4682 ---
2026-04-24 13:20:07,219 - [ENV] - --- EPISODE START | Scenario: DESCEND | Start: [0.85093112 0.25459454 0.55      ] | Goal: [0.85093112 0.25459454 0.415     ] | DriftLimit: 0.0388 | FloorLimit: 0.4683 ---
2026-04-24 13:20:11,816 - [ENV] - --- EPISODE START | Scenario: TRANSIT | Start: [1.0810163  0.47243607 0.55      ] | Goal: [0.70311155 0.27473446 0.55      ] | DriftLimit: 0.0386 | FloorLimit: 0.4684 ---
2026-04-24 13:20:16,615 - [ENV] - --- EPISODE START | Scenario: ASCEND | Start: [0.95556309 0.14418529 0.415     ] | Goal: [0.95556309 0.14418529 0.55      ] | DriftLimit: 0.0383 | FloorLimit: 0.4685 ---
2026-04-24 13:20:16,844 - [ENV] - TERMINATED (Ascend): Tube Drift = 0.0384m (Max 0.0383m) at step 2
2026-04-24 13:20:16,845 - [ENV] - Episode ended without success at step 2. Final dist: 0.1224m
2026-04-24 13:20:16,845 - [ENV] - --- EPISODE START | Scenario: ASCEND | Start: [0.65479873 0.02880272 0.415     ] | Goal: [0.65479873 0.02880272 0.55      ] | DriftLimit: 0.0383 | FloorLimit: 0.4685 ---
2026-04-24 13:20:22,080 - [ENV] - --- EPISODE START | Scenario: TRANSIT | Start: [1.04506146 0.48078131 0.55      ] | Goal: [1.13181464 0.53862233 0.55      ] | DriftLimit: 0.0381 | FloorLimit: 0.4686 ---
2026-04-24 13:20:26,754 - [ENV] - --- EPISODE START | Scenario: DESCEND | Start: [1.08137562 0.51362563 0.55      ] | Goal: [1.08137562 0.51362563 0.41      ] | DriftLimit: 0.0378 | FloorLimit: 0.4687 ---
2026-04-24 13:20:27,814 - [ENV] - TERMINATED (Descend): Tube Drift = 0.0382m (Max 0.0378m) at step 29
2026-04-24 13:20:27,814 - [ENV] - Episode ended without success at step 29. Final dist: 0.0390m
2026-04-24 13:20:27,815 - [ENV] - --- EPISODE START | Scenario: DESCEND | Start: [0.88509292 0.15962688 0.55      ] | Goal: [0.88509292 0.15962688 0.41      ] | DriftLimit: 0.0378 | FloorLimit: 0.4688 ---
2026-04-24 13:20:27,942 - [ENV] - TERMINATED (Descend): Tube Drift = 0.0411m (Max 0.0378m) at step 2
2026-04-24 13:20:27,942 - [ENV] - Episode ended without success at step 2. Final dist: 0.0628m
2026-04-24 13:20:27,943 - [ENV] - --- EPISODE START | Scenario: ASCEND | Start: [0.73307182 0.27330211 0.415     ] | Goal: [0.73307182 0.27330211 0.55      ] | DriftLimit: 0.0378 | FloorLimit: 0.4688 ---
2026-04-24 13:20:32,579 - [ENV] - --- EPISODE START | Scenario: ASCEND | Start: [0.86137349 0.53209579 0.415     ] | Goal: [0.86137349 0.53209579 0.55      ] | DriftLimit: 0.0375 | FloorLimit: 0.4689 ---
2026-04-24 13:20:32,761 - [ENV] - TERMINATED (Ascend): Tube Drift = 0.0514m (Max 0.0375m) at step 3
2026-04-24 13:20:32,762 - [ENV] - Episode ended without success at step 3. Final dist: 0.1055m
2026-04-24 13:20:32,762 - [ENV] - --- EPISODE START | Scenario: TRANSIT | Start: [0.93060135 0.25586698 0.55      ] | Goal: [0.70088423 0.10260714 0.55      ] | DriftLimit: 0.0375 | FloorLimit: 0.4689 ---
2026-04-24 13:20:37,434 - [ENV] - --- EPISODE START | Scenario: ASCEND | Start: [0.75139253 0.00349108 0.415     ] | Goal: [0.75139253 0.00349108 0.55      ] | DriftLimit: 0.0373 | FloorLimit: 0.4690 ---
2026-04-24 13:20:37,578 - [ENV] - TERMINATED (Ascend): Tube Drift = 0.0500m (Max 0.0373m) at step 3
2026-04-24 13:20:37,578 - [ENV] - Episode ended without success at step 3. Final dist: 0.1164m
2026-04-24 13:20:37,579 - [ENV] - --- EPISODE START | Scenario: DESCEND | Start: [0.77469811 0.2357053  0.55      ] | Goal: [0.77469811 0.2357053  0.41      ] | DriftLimit: 0.0373 | FloorLimit: 0.4690 ---
2026-04-24 13:20:37,700 - [ENV] - TERMINATED (Descend): Tube Drift = 0.0470m (Max 0.0373m) at step 2
2026-04-24 13:20:37,700 - [ENV] - Episode ended without success at step 2. Final dist: 0.0580m
2026-04-24 13:20:37,701 - [ENV] - --- EPISODE START | Scenario: TRANSIT | Start: [0.72201988 0.19179827 0.55      ] | Goal: [0.66017901 0.00764942 0.55      ] | DriftLimit: 0.0373 | FloorLimit: 0.4690 ---
2026-04-24 13:20:42,383 - [ENV] - --- EPISODE START | Scenario: DESCEND | Start: [1.1547866  0.17498741 0.55      ] | Goal: [1.1547866  0.17498741 0.415     ] | DriftLimit: 0.0370 | FloorLimit: 0.4691 ---
2026-04-24 13:20:42,516 - [ENV] - TERMINATED (Descend): Tube Drift = 0.0466m (Max 0.0370m) at step 2
2026-04-24 13:20:42,517 - [ENV] - Episode ended without success at step 2. Final dist: 0.0664m
2026-04-24 13:20:42,518 - [ENV] - --- EPISODE START | Scenario: DESCEND | Start: [0.74073489 0.17723436 0.55      ] | Goal: [0.74073489 0.17723436 0.41      ] | DriftLimit: 0.0370 | FloorLimit: 0.4691 ---
2026-04-24 13:20:42,670 - [ENV] - TERMINATED (Descend): Tube Drift = 0.0437m (Max 0.0370m) at step 2
2026-04-24 13:20:42,670 - [ENV] - Episode ended without success at step 2. Final dist: 0.0514m
2026-04-24 13:20:42,672 - [ENV] - --- EPISODE START | Scenario: ASCEND | Start: [1.15818071 0.53591501 0.415     ] | Goal: [1.15818071 0.53591501 0.55      ] | DriftLimit: 0.0370 | FloorLimit: 0.4691 ---
2026-04-24 13:20:42,845 - [ENV] - TERMINATED (Ascend): Tube Drift = 0.0488m (Max 0.0370m) at step 3
2026-04-24 13:20:42,845 - [ENV] - Episode ended without success at step 3. Final dist: 0.0968m
2026-04-24 13:20:42,846 - [ENV] - --- EPISODE START | Scenario: ASCEND | Start: [0.68257347 0.21537399 0.415     ] | Goal: [0.68257347 0.21537399 0.55      ] | DriftLimit: 0.0370 | FloorLimit: 0.4691 ---
2026-04-24 13:21:41,864 - [ENV] - --- EPISODE START | Scenario: TRANSIT | Start: [0.67434806 0.33107287 0.55      ] | Goal: [0.90229668 0.35226735 0.55      ] | DriftLimit: 0.0367 | FloorLimit: 0.4692 ---
2026-04-24 13:21:46,564 - [ENV] - --- EPISODE START | Scenario: ASCEND | Start: [0.81963035 0.30601898 0.415     ] | Goal: [0.81963035 0.30601898 0.55      ] | DriftLimit: 0.0365 | FloorLimit: 0.4693 ---
2026-04-24 13:21:51,102 - [ENV] - --- EPISODE START | Scenario: ASCEND | Start: [1.1583058  0.33122998 0.415     ] | Goal: [1.1583058  0.33122998 0.55      ] | DriftLimit: 0.0362 | FloorLimit: 0.4694 ---
2026-04-24 13:21:51,405 - [ENV] - TERMINATED (Ascend): Tube Drift = 0.0385m (Max 0.0362m) at step 8
2026-04-24 13:21:51,405 - [ENV] - Episode ended without success at step 8. Final dist: 0.0624m
2026-04-24 13:21:51,406 - [ENV] - --- EPISODE START | Scenario: DESCEND | Start: [0.9432568  0.30447555 0.55      ] | Goal: [0.9432568  0.30447555 0.41      ] | DriftLimit: 0.0362 | FloorLimit: 0.4695 ---
2026-04-24 13:21:51,518 - [ENV] - TERMINATED (Descend): Tube Drift = 0.0508m (Max 0.0362m) at step 2
2026-04-24 13:21:51,519 - [ENV] - Episode ended without success at step 2. Final dist: 0.0724m
2026-04-24 13:21:51,520 - [ENV] - --- EPISODE START | Scenario: TRANSIT | Start: [1.05505387 0.10697365 0.55      ] | Goal: [0.6678082  0.52601625 0.55      ] | DriftLimit: 0.0362 | FloorLimit: 0.4695 ---
2026-04-24 13:21:55,806 - [ENV] - --- EPISODE START | Scenario: DESCEND | Start: [0.90446147 0.3025016  0.55      ] | Goal: [0.90446147 0.3025016  0.415     ] | DriftLimit: 0.0360 | FloorLimit: 0.4696 ---
2026-04-24 13:21:55,988 - [ENV] - TERMINATED (Descend): Tube Drift = 0.0478m (Max 0.0360m) at step 2
2026-04-24 13:21:55,988 - [ENV] - Episode ended without success at step 2. Final dist: 0.0669m
2026-04-24 13:21:55,989 - [ENV] - --- EPISODE START | Scenario: ASCEND | Start: [0.70351777 0.13859709 0.415     ] | Goal: [0.70351777 0.13859709 0.55      ] | DriftLimit: 0.0360 | FloorLimit: 0.4696 ---
2026-04-24 13:21:56,226 - [ENV] - TERMINATED (Ascend): Tube Drift = 0.0405m (Max 0.0360m) at step 2
2026-04-24 13:21:56,227 - [ENV] - Episode ended without success at step 2. Final dist: 0.1329m
2026-04-24 13:21:56,228 - [ENV] - --- EPISODE START | Scenario: DESCEND | Start: [0.80633891 0.42302894 0.55      ] | Goal: [0.80633891 0.42302894 0.41      ] | DriftLimit: 0.0360 | FloorLimit: 0.4696 ---
2026-04-24 13:21:56,339 - [ENV] - TERMINATED (Descend): Tube Drift = 0.0413m (Max 0.0360m) at step 2
2026-04-24 13:21:56,339 - [ENV] - Episode ended without success at step 2. Final dist: 0.0602m
2026-04-24 13:21:56,341 - [ENV] - --- EPISODE START | Scenario: TRANSIT | Start: [0.77294934 0.30736448 0.55      ] | Goal: [0.72001031 0.03643466 0.55      ] | DriftLimit: 0.0360 | FloorLimit: 0.4696 ---
2026-04-24 13:22:01,384 - [ENV] - --- EPISODE START | Scenario: TRANSIT | Start: [1.03141212 0.35584133 0.55      ] | Goal: [ 0.61638611 -0.01018577  0.55      ] | DriftLimit: 0.0357 | FloorLimit: 0.4697 ---
2026-04-24 13:22:05,654 - [ENV] - --- EPISODE START | Scenario: TRANSIT | Start: [0.93332207 0.03367486 0.55      ] | Goal: [0.84530501 0.31333816 0.55      ] | DriftLimit: 0.0355 | FloorLimit: 0.4698 ---
2026-04-24 13:22:09,751 - [ENV] - --- EPISODE START | Scenario: ASCEND | Start: [0.81531165 0.18776526 0.415     ] | Goal: [0.81531165 0.18776526 0.55      ] | DriftLimit: 0.0352 | FloorLimit: 0.4699 ---
2026-04-24 13:22:14,156 - [ENV] - --- EPISODE START | Scenario: DESCEND | Start: [0.60352002 0.23650943 0.55      ] | Goal: [0.60352002 0.23650943 0.41      ] | DriftLimit: 0.0350 | FloorLimit: 0.4700 ---
2026-04-24 13:22:14,299 - [ENV] - TERMINATED (Descend): Tube Drift = 0.0408m (Max 0.0350m) at step 2
2026-04-24 13:22:14,299 - [ENV] - Episode ended without success at step 2. Final dist: 0.0483m
2026-04-24 13:22:14,301 - [ENV] - --- EPISODE START | Scenario: DESCEND | Start: [1.1480065  0.24278342 0.55      ] | Goal: [1.1480065  0.24278342 0.415     ] | DriftLimit: 0.0350 | FloorLimit: 0.4700 ---
2026-04-24 13:22:14,421 - [ENV] - TERMINATED (Descend): Tube Drift = 0.0534m (Max 0.0350m) at step 2
2026-04-24 13:22:14,421 - [ENV] - Episode ended without success at step 2. Final dist: 0.0710m
2026-04-24 13:22:14,423 - [ENV] - --- EPISODE START | Scenario: ASCEND | Start: [0.78782587 0.2803967  0.415     ] | Goal: [0.78782587 0.2803967  0.55      ] | DriftLimit: 0.0350 | FloorLimit: 0.4700 ---
2026-04-24 13:22:18,990 - [ENV] - --- EPISODE START | Scenario: TRANSIT | Start: [0.73051402 0.01743424 0.55      ] | Goal: [0.63890389 0.4170622  0.55      ] | DriftLimit: 0.0350 | FloorLimit: 0.4700 ---
2026-04-24 13:22:23,400 - [ENV] - --- EPISODE START | Scenario: DESCEND | Start: [0.9234155  0.08363304 0.55      ] | Goal: [0.9234155  0.08363304 0.415     ] | DriftLimit: 0.0350 | FloorLimit: 0.4700 ---
2026-04-24 13:22:23,503 - [ENV] - TERMINATED (Descend): Tube Drift = 0.0402m (Max 0.0350m) at step 2
2026-04-24 13:22:23,503 - [ENV] - Episode ended without success at step 2. Final dist: 0.0635m
2026-04-24 13:22:23,504 - [ENV] - --- EPISODE START | Scenario: ASCEND | Start: [1.05031681 0.0819144  0.415     ] | Goal: [1.05031681 0.0819144  0.55      ] | DriftLimit: 0.0350 | FloorLimit: 0.4700 ---
2026-04-24 13:22:27,971 - [ENV] - --- EPISODE START | Scenario: TRANSIT | Start: [0.69711168 0.23678833 0.55      ] | Goal: [1.14734684 0.24171479 0.55      ] | DriftLimit: 0.0350 | FloorLimit: 0.4700 ---
2026-04-24 13:22:28,402 - [ENV] - SUCCESS: Goal reached in 15 steps. Dist = 0.0181m
2026-04-24 13:22:28,403 - [ENV] - --- EPISODE START | Scenario: ASCEND | Start: [0.68335907 0.43837459 0.415     ] | Goal: [0.68335907 0.43837459 0.55      ] | DriftLimit: 0.0350 | FloorLimit: 0.4700 ---
2026-04-24 13:22:32,935 - [ENV] - --- EPISODE START | Scenario: ASCEND | Start: [0.68181745 0.0390086  0.415     ] | Goal: [0.68181745 0.0390086  0.55      ] | DriftLimit: 0.0350 | FloorLimit: 0.4700 ---
2026-04-24 13:22:37,490 - [ENV] - --- EPISODE START | Scenario: DESCEND | Start: [0.94157627 0.24353128 0.55      ] | Goal: [0.94157627 0.24353128 0.41      ] | DriftLimit: 0.0350 | FloorLimit: 0.4700 ---
2026-04-24 13:22:37,618 - [ENV] - TERMINATED (Descend): Tube Drift = 0.0523m (Max 0.0350m) at step 2
2026-04-24 13:22:37,618 - [ENV] - Episode ended without success at step 2. Final dist: 0.0747m
2026-04-24 13:22:37,619 - [ENV] - --- EPISODE START | Scenario: ASCEND | Start: [0.84993535 0.14646424 0.415     ] | Goal: [0.84993535 0.14646424 0.55      ] | DriftLimit: 0.0350 | FloorLimit: 0.4700 ---
2026-04-24 13:22:37,789 - [ENV] - TERMINATED (Ascend): Tube Drift = 0.0375m (Max 0.0350m) at step 3
2026-04-24 13:22:37,789 - [ENV] - Episode ended without success at step 3. Final dist: 0.1077m
2026-04-24 13:22:37,790 - [ENV] - --- EPISODE START | Scenario: DESCEND | Start: [0.67587415 0.19131069 0.55      ] | Goal: [0.67587415 0.19131069 0.41      ] | DriftLimit: 0.0350 | FloorLimit: 0.4700 ---
2026-04-24 13:22:37,862 - [ENV] - TERMINATED (Descend): Tube Drift = 0.0379m (Max 0.0350m) at step 1
2026-04-24 13:22:37,862 - [ENV] - Episode ended without success at step 1. Final dist: 0.0922m
2026-04-24 13:22:37,862 - [ENV] - --- EPISODE START | Scenario: DESCEND | Start: [0.77702884 0.35812934 0.55      ] | Goal: [0.77702884 0.35812934 0.41      ] | DriftLimit: 0.0350 | FloorLimit: 0.4700 ---
2026-04-24 13:22:38,004 - [ENV] - TERMINATED (Descend): Tube Drift = 0.0518m (Max 0.0350m) at step 2
2026-04-24 13:22:38,004 - [ENV] - Episode ended without success at step 2. Final dist: 0.0651m
2026-04-24 13:22:38,006 - [ENV] - --- EPISODE START | Scenario: DESCEND | Start: [1.08518543 0.43311514 0.55      ] | Goal: [1.08518543 0.43311514 0.41      ] | DriftLimit: 0.0350 | FloorLimit: 0.4700 ---
2026-04-24 13:22:38,144 - [ENV] - TERMINATED (Descend): Tube Drift = 0.0543m (Max 0.0350m) at step 2
2026-04-24 13:22:38,144 - [ENV] - Episode ended without success at step 2. Final dist: 0.0754m
2026-04-24 13:22:38,146 - [ENV] - --- EPISODE START | Scenario: DESCEND | Start: [0.97536941 0.24775243 0.55      ] | Goal: [0.97536941 0.24775243 0.415     ] | DriftLimit: 0.0350 | FloorLimit: 0.4700 ---
2026-04-24 13:22:38,253 - [ENV] - TERMINATED (Descend): Tube Drift = 0.0517m (Max 0.0350m) at step 2
2026-04-24 13:22:38,253 - [ENV] - Episode ended without success at step 2. Final dist: 0.0707m
2026-04-24 13:22:38,254 - [ENV] - --- EPISODE START | Scenario: DESCEND | Start: [1.05601019 0.26969869 0.55      ] | Goal: [1.05601019 0.26969869 0.41      ] | DriftLimit: 0.0350 | FloorLimit: 0.4700 ---
2026-04-24 13:22:38,379 - [ENV] - TERMINATED (Descend): Tube Drift = 0.0539m (Max 0.0350m) at step 2
2026-04-24 13:22:38,380 - [ENV] - Episode ended without success at step 2. Final dist: 0.0843m
2026-04-24 13:22:38,381 - [ENV] - --- EPISODE START | Scenario: ASCEND | Start: [0.66934853 0.40546466 0.415     ] | Goal: [0.66934853 0.40546466 0.55      ] | DriftLimit: 0.0350 | FloorLimit: 0.4700 ---
2026-04-24 13:22:42,811 - [ENV] - --- EPISODE START | Scenario: ASCEND | Start: [0.91417241 0.43260806 0.415     ] | Goal: [0.91417241 0.43260806 0.55      ] | DriftLimit: 0.0350 | FloorLimit: 0.4700 ---
2026-04-24 13:22:43,547 - [ENV] - TERMINATED (Ascend): Tube Drift = 0.0365m (Max 0.0350m) at step 28
2026-04-24 13:22:43,548 - [ENV] - Episode ended without success at step 28. Final dist: 0.1391m
2026-04-24 13:22:43,548 - [ENV] - --- EPISODE START | Scenario: ASCEND | Start: [1.10351433 0.00396302 0.415     ] | Goal: [1.10351433 0.00396302 0.55      ] | DriftLimit: 0.0350 | FloorLimit: 0.4700 ---
2026-04-24 13:22:43,671 - [ENV] - TERMINATED (Ascend): Tube Drift = 0.0355m (Max 0.0350m) at step 2
2026-04-24 13:22:43,671 - [ENV] - Episode ended without success at step 2. Final dist: 0.1192m
2026-04-24 13:22:43,672 - [ENV] - --- EPISODE START | Scenario: DESCEND | Start: [0.82443817 0.19710546 0.55      ] | Goal: [0.82443817 0.19710546 0.415     ] | DriftLimit: 0.0350 | FloorLimit: 0.4700 ---
2026-04-24 13:22:43,763 - [ENV] - TERMINATED (Descend): Tube Drift = 0.0368m (Max 0.0350m) at step 1
2026-04-24 13:22:43,764 - [ENV] - Episode ended without success at step 1. Final dist: 0.0907m
2026-04-24 13:22:43,765 - [ENV] - --- EPISODE START | Scenario: DESCEND | Start: [1.03744167 0.30480663 0.55      ] | Goal: [1.03744167 0.30480663 0.415     ] | DriftLimit: 0.0350 | FloorLimit: 0.4700 ---
2026-04-24 13:22:43,927 - [ENV] - TERMINATED (Descend): Tube Drift = 0.0503m (Max 0.0350m) at step 2
2026-04-24 13:22:43,929 - [ENV] - Episode ended without success at step 2. Final dist: 0.0694m
2026-04-24 13:22:43,931 - [ENV] - --- EPISODE START | Scenario: TRANSIT | Start: [0.87048539 0.39275306 0.55      ] | Goal: [0.9432251  0.07293489 0.55      ] | DriftLimit: 0.0350 | FloorLimit: 0.4700 ---
2026-04-24 13:23:29,534 - [ENV] - --- EPISODE START | Scenario: DESCEND | Start: [1.11388519 0.48943879 0.55      ] | Goal: [1.11388519 0.48943879 0.41      ] | DriftLimit: 0.0350 | FloorLimit: 0.4700 ---
2026-04-24 13:23:29,656 - [ENV] - TERMINATED (Descend): Tube Drift = 0.0537m (Max 0.0350m) at step 2
2026-04-24 13:23:29,656 - [ENV] - Episode ended without success at step 2. Final dist: 0.0747m
2026-04-24 13:23:29,658 - [ENV] - --- EPISODE START | Scenario: TRANSIT | Start: [0.82383334 0.3507425  0.55      ] | Goal: [1.05564812 0.17840556 0.55      ] | DriftLimit: 0.0350 | FloorLimit: 0.4700 ---
2026-04-24 13:23:34,043 - [ENV] - --- EPISODE START | Scenario: DESCEND | Start: [0.8268358  0.40587832 0.55      ] | Goal: [0.8268358  0.40587832 0.415     ] | DriftLimit: 0.0350 | FloorLimit: 0.4700 ---
2026-04-24 13:23:34,162 - [ENV] - TERMINATED (Descend): Tube Drift = 0.0463m (Max 0.0350m) at step 2
2026-04-24 13:23:34,163 - [ENV] - Episode ended without success at step 2. Final dist: 0.0618m
2026-04-24 13:23:34,164 - [ENV] - --- EPISODE START | Scenario: DESCEND | Start: [0.7836103 0.2966155 0.55     ] | Goal: [0.7836103 0.2966155 0.41     ] | DriftLimit: 0.0350 | FloorLimit: 0.4700 ---
2026-04-24 13:23:34,249 - [ENV] - TERMINATED (Descend): Tube Drift = 0.0386m (Max 0.0350m) at step 1
2026-04-24 13:23:34,249 - [ENV] - Episode ended without success at step 1. Final dist: 0.0939m
2026-04-24 13:23:34,250 - [ENV] - --- EPISODE START | Scenario: ASCEND | Start: [0.99526102 0.13009008 0.415     ] | Goal: [0.99526102 0.13009008 0.55      ] | DriftLimit: 0.0350 | FloorLimit: 0.4700 ---
2026-04-24 13:23:38,879 - [ENV] - --- EPISODE START | Scenario: DESCEND | Start: [1.02541419 0.21168239 0.55      ] | Goal: [1.02541419 0.21168239 0.41      ] | DriftLimit: 0.0350 | FloorLimit: 0.4700 ---
2026-04-24 13:23:38,971 - [ENV] - TERMINATED (Descend): Tube Drift = 0.0533m (Max 0.0350m) at step 2
2026-04-24 13:23:38,972 - [ENV] - Episode ended without success at step 2. Final dist: 0.0755m
2026-04-24 13:23:38,972 - [ENV] - --- EPISODE START | Scenario: ASCEND | Start: [1.01002895 0.47246682 0.415     ] | Goal: [1.01002895 0.47246682 0.55      ] | DriftLimit: 0.0350 | FloorLimit: 0.4700 ---
2026-04-24 13:23:39,123 - [ENV] - TERMINATED (Ascend): Tube Drift = 0.0497m (Max 0.0350m) at step 3
2026-04-24 13:23:39,123 - [ENV] - Episode ended without success at step 3. Final dist: 0.0937m
2026-04-24 13:23:39,124 - [ENV] - --- EPISODE START | Scenario: DESCEND | Start: [0.93004826 0.17047111 0.55      ] | Goal: [0.93004826 0.17047111 0.41      ] | DriftLimit: 0.0350 | FloorLimit: 0.4700 ---
2026-04-24 13:23:39,252 - [ENV] - TERMINATED (Descend): Tube Drift = 0.0502m (Max 0.0350m) at step 2
2026-04-24 13:23:39,253 - [ENV] - Episode ended without success at step 2. Final dist: 0.0736m
2026-04-24 13:23:39,254 - [ENV] - --- EPISODE START | Scenario: TRANSIT | Start: [1.08572096 0.43357841 0.55      ] | Goal: [0.65915507 0.06084428 0.55      ] | DriftLimit: 0.0350 | FloorLimit: 0.4700 ---
2026-04-24 13:23:44,219 - [ENV] - --- EPISODE START | Scenario: ASCEND | Start: [0.63248748 0.38791369 0.415     ] | Goal: [0.63248748 0.38791369 0.55      ] | DriftLimit: 0.0350 | FloorLimit: 0.4700 ---
2026-04-24 13:23:44,409 - [ENV] - TERMINATED (Ascend): Tube Drift = 0.0577m (Max 0.0350m) at step 3
2026-04-24 13:23:44,409 - [ENV] - Episode ended without success at step 3. Final dist: 0.1245m
2026-04-24 13:23:44,410 - [ENV] - --- EPISODE START | Scenario: TRANSIT | Start: [0.83365761 0.05570063 0.55      ] | Goal: [0.82903787 0.54323596 0.55      ] | DriftLimit: 0.0350 | FloorLimit: 0.4700 ---
2026-04-24 13:23:48,875 - [ENV] - --- EPISODE START | Scenario: DESCEND | Start: [0.86880985 0.30171671 0.55      ] | Goal: [0.86880985 0.30171671 0.41      ] | DriftLimit: 0.0350 | FloorLimit: 0.4700 ---
2026-04-24 13:23:48,948 - [ENV] - TERMINATED (Descend): Tube Drift = 0.0379m (Max 0.0350m) at step 1
2026-04-24 13:23:48,948 - [ENV] - Episode ended without success at step 1. Final dist: 0.0986m
2026-04-24 13:23:48,950 - [ENV] - --- EPISODE START | Scenario: ASCEND | Start: [0.72060575 0.37416823 0.415     ] | Goal: [0.72060575 0.37416823 0.55      ] | DriftLimit: 0.0350 | FloorLimit: 0.4700 ---
2026-04-24 13:23:53,507 - [ENV] - --- EPISODE START | Scenario: ASCEND | Start: [1.05680606 0.07884519 0.415     ] | Goal: [1.05680606 0.07884519 0.55      ] | DriftLimit: 0.0350 | FloorLimit: 0.4700 ---
2026-04-24 13:23:57,828 - [ENV] - --- EPISODE START | Scenario: ASCEND | Start: [1.08249652 0.31332978 0.415     ] | Goal: [1.08249652 0.31332978 0.55      ] | DriftLimit: 0.0350 | FloorLimit: 0.4700 ---
2026-04-24 13:24:02,241 - [ENV] - --- EPISODE START | Scenario: TRANSIT | Start: [1.05798078 0.49085157 0.55      ] | Goal: [0.74756747 0.23986022 0.55      ] | DriftLimit: 0.0350 | FloorLimit: 0.4700 ---
2026-04-24 13:24:07,092 - [ENV] - --- EPISODE START | Scenario: ASCEND | Start: [0.70510152 0.51858547 0.415     ] | Goal: [0.70510152 0.51858547 0.55      ] | DriftLimit: 0.0350 | FloorLimit: 0.4700 ---
2026-04-24 13:24:11,491 - [ENV] - --- EPISODE START | Scenario: DESCEND | Start: [0.89736369 0.53195916 0.55      ] | Goal: [0.89736369 0.53195916 0.415     ] | DriftLimit: 0.0350 | FloorLimit: 0.4700 ---
2026-04-24 13:24:11,622 - [ENV] - TERMINATED (Descend): Tube Drift = 0.0433m (Max 0.0350m) at step 2
2026-04-24 13:24:11,622 - [ENV] - Episode ended without success at step 2. Final dist: 0.0653m
2026-04-24 13:24:11,622 - [ENV] - --- EPISODE START | Scenario: TRANSIT | Start: [0.87636093 0.17521427 0.55      ] | Goal: [0.61719621 0.03681613 0.55      ] | DriftLimit: 0.0350 | FloorLimit: 0.4700 ---
2026-04-24 13:24:16,002 - [ENV] - --- EPISODE START | Scenario: ASCEND | Start: [0.80203165 0.44121891 0.415     ] | Goal: [0.80203165 0.44121891 0.55      ] | DriftLimit: 0.0350 | FloorLimit: 0.4700 ---
2026-04-24 13:24:16,215 - [ENV] - TERMINATED (Ascend): Tube Drift = 0.0541m (Max 0.0350m) at step 3
2026-04-24 13:24:16,216 - [ENV] - Episode ended without success at step 3. Final dist: 0.1135m
2026-04-24 13:24:16,216 - [ENV] - --- EPISODE START | Scenario: ASCEND | Start: [0.74900655 0.04130577 0.415     ] | Goal: [0.74900655 0.04130577 0.55      ] | DriftLimit: 0.0350 | FloorLimit: 0.4700 ---
2026-04-24 13:24:20,570 - [ENV] - --- EPISODE START | Scenario: ASCEND | Start: [0.99373986 0.41590943 0.415     ] | Goal: [0.99373986 0.41590943 0.55      ] | DriftLimit: 0.0350 | FloorLimit: 0.4700 ---
2026-04-24 13:24:20,773 - [ENV] - TERMINATED (Ascend): Tube Drift = 0.0496m (Max 0.0350m) at step 3
2026-04-24 13:24:20,773 - [ENV] - Episode ended without success at step 3. Final dist: 0.0946m
2026-04-24 13:24:20,774 - [ENV] - --- EPISODE START | Scenario: ASCEND | Start: [1.14287409 0.15647291 0.415     ] | Goal: [1.14287409 0.15647291 0.55      ] | DriftLimit: 0.0350 | FloorLimit: 0.4700 ---
2026-04-24 13:24:25,515 - [ENV] - --- EPISODE START | Scenario: TRANSIT | Start: [1.02932165 0.43828096 0.55      ] | Goal: [0.62450054 0.29550721 0.55      ] | DriftLimit: 0.0350 | FloorLimit: 0.4700 ---
2026-04-24 13:24:29,849 - [ENV] - --- EPISODE START | Scenario: TRANSIT | Start: [1.07393647 0.2354339  0.55      ] | Goal: [1.04100609 0.37515461 0.55      ] | DriftLimit: 0.0350 | FloorLimit: 0.4700 ---
2026-04-24 13:25:22,489 - [ENV] - --- EPISODE START | Scenario: TRANSIT | Start: [0.7864169  0.03756335 0.55      ] | Goal: [0.6488023  0.45809834 0.55      ] | DriftLimit: 0.0350 | FloorLimit: 0.4700 ---
2026-04-24 13:25:26,645 - [ENV] - --- EPISODE START | Scenario: TRANSIT | Start: [0.69349515 0.44624373 0.55      ] | Goal: [ 1.0071777  -0.00739491  0.55      ] | DriftLimit: 0.0350 | FloorLimit: 0.4700 ---
2026-04-24 13:25:31,463 - [ENV] - --- EPISODE START | Scenario: ASCEND | Start: [1.06899889 0.50646825 0.415     ] | Goal: [1.06899889 0.50646825 0.55      ] | DriftLimit: 0.0350 | FloorLimit: 0.4700 ---
2026-04-24 13:25:35,925 - [ENV] - --- EPISODE START | Scenario: DESCEND | Start: [1.12955307 0.3634141  0.55      ] | Goal: [1.12955307 0.3634141  0.415     ] | DriftLimit: 0.0350 | FloorLimit: 0.4700 ---
2026-04-24 13:25:36,031 - [ENV] - TERMINATED (Descend): Tube Drift = 0.0516m (Max 0.0350m) at step 2
2026-04-24 13:25:36,031 - [ENV] - Episode ended without success at step 2. Final dist: 0.0685m
2026-04-24 13:25:36,032 - [ENV] - --- EPISODE START | Scenario: TRANSIT | Start: [1.06041895 0.34510874 0.55      ] | Goal: [0.8202508  0.03237189 0.55      ] | DriftLimit: 0.0350 | FloorLimit: 0.4700 ---
2026-04-24 13:25:40,295 - [ENV] - --- EPISODE START | Scenario: TRANSIT | Start: [0.6929061  0.17374552 0.55      ] | Goal: [1.11497242 0.38082582 0.55      ] | DriftLimit: 0.0350 | FloorLimit: 0.4700 ---
2026-04-24 13:25:45,439 - [ENV] - --- EPISODE START | Scenario: TRANSIT | Start: [1.1170901  0.27855758 0.55      ] | Goal: [0.70580218 0.01833937 0.55      ] | DriftLimit: 0.0350 | FloorLimit: 0.4700 ---
2026-04-24 13:25:49,735 - [ENV] - --- EPISODE START | Scenario: ASCEND | Start: [0.63456902 0.30758597 0.415     ] | Goal: [0.63456902 0.30758597 0.55      ] | DriftLimit: 0.0350 | FloorLimit: 0.4700 ---
2026-04-24 13:25:50,628 - [ENV] - TERMINATED (Ascend): Tube Drift = 0.0365m (Max 0.0350m) at step 26
2026-04-24 13:25:50,629 - [ENV] - Episode ended without success at step 26. Final dist: 0.1281m
2026-04-24 13:25:50,629 - [ENV] - --- EPISODE START | Scenario: TRANSIT | Start: [1.03534881 0.11284832 0.55      ] | Goal: [ 1.11815072 -0.00169833  0.55      ] | DriftLimit: 0.0350 | FloorLimit: 0.4700 ---
2026-04-24 13:25:55,734 - [ENV] - --- EPISODE START | Scenario: TRANSIT | Start: [1.00477912 0.16189687 0.55      ] | Goal: [0.83953732 0.54257171 0.55      ] | DriftLimit: 0.0350 | FloorLimit: 0.4700 ---
2026-04-24 13:26:00,488 - [ENV] - --- EPISODE START | Scenario: TRANSIT | Start: [0.87834958 0.44704869 0.55      ] | Goal: [0.93806989 0.2184822  0.55      ] | DriftLimit: 0.0350 | FloorLimit: 0.4700 ---
2026-04-24 13:26:04,967 - [ENV] - --- EPISODE START | Scenario: ASCEND | Start: [0.62041999 0.05445402 0.415     ] | Goal: [0.62041999 0.05445402 0.55      ] | DriftLimit: 0.0350 | FloorLimit: 0.4700 ---
2026-04-24 13:26:05,211 - [ENV] - TERMINATED (Ascend): Tube Drift = 0.0355m (Max 0.0350m) at step 6
2026-04-24 13:26:05,211 - [ENV] - Episode ended without success at step 6. Final dist: 0.1214m
2026-04-24 13:26:05,211 - [ENV] - --- EPISODE START | Scenario: TRANSIT | Start: [0.82709591 0.19162399 0.55      ] | Goal: [0.81124609 0.05334486 0.55      ] | DriftLimit: 0.0350 | FloorLimit: 0.4700 ---
2026-04-24 13:26:05,379 - [ENV] - SUCCESS: Goal reached in 4 steps. Dist = 0.0090m
2026-04-24 13:26:05,380 - [ENV] - --- EPISODE START | Scenario: ASCEND | Start: [1.11444407 0.20128983 0.415     ] | Goal: [1.11444407 0.20128983 0.55      ] | DriftLimit: 0.0350 | FloorLimit: 0.4700 ---
2026-04-24 13:26:05,546 - [ENV] - TERMINATED (Ascend): Tube Drift = 0.0378m (Max 0.0350m) at step 2
2026-04-24 13:26:05,546 - [ENV] - Episode ended without success at step 2. Final dist: 0.1136m
2026-04-24 13:26:05,547 - [ENV] - --- EPISODE START | Scenario: ASCEND | Start: [0.95062814 0.44201138 0.415     ] | Goal: [0.95062814 0.44201138 0.55      ] | DriftLimit: 0.0350 | FloorLimit: 0.4700 ---
2026-04-24 13:26:05,764 - [ENV] - TERMINATED (Ascend): Tube Drift = 0.0517m (Max 0.0350m) at step 3
2026-04-24 13:26:05,764 - [ENV] - Episode ended without success at step 3. Final dist: 0.0963m
2026-04-24 13:26:05,765 - [ENV] - --- EPISODE START | Scenario: ASCEND | Start: [1.08746431 0.50344739 0.415     ] | Goal: [1.08746431 0.50344739 0.55      ] | DriftLimit: 0.0350 | FloorLimit: 0.4700 ---
2026-04-24 13:26:10,376 - [ENV] - --- EPISODE START | Scenario: ASCEND | Start: [1.11360237 0.1092813  0.415     ] | Goal: [1.11360237 0.1092813  0.55      ] | DriftLimit: 0.0350 | FloorLimit: 0.4700 ---
2026-04-24 13:26:14,805 - [ENV] - --- EPISODE START | Scenario: DESCEND | Start: [0.92267009 0.01070695 0.55      ] | Goal: [0.92267009 0.01070695 0.41      ] | DriftLimit: 0.0350 | FloorLimit: 0.4700 ---
2026-04-24 13:26:19,009 - [ENV] - --- EPISODE START | Scenario: DESCEND | Start: [0.64305314 0.13679389 0.55      ] | Goal: [0.64305314 0.13679389 0.415     ] | DriftLimit: 0.0350 | FloorLimit: 0.4700 ---
2026-04-24 13:26:19,485 - [ENV] - TERMINATED (Descend): Tube Drift = 0.0356m (Max 0.0350m) at step 12
2026-04-24 13:26:19,485 - [ENV] - Episode ended without success at step 12. Final dist: 0.0357m
2026-04-24 13:26:19,486 - [ENV] - --- EPISODE START | Scenario: TRANSIT | Start: [0.89104995 0.32823084 0.55      ] | Goal: [0.68302412 0.18026709 0.55      ] | DriftLimit: 0.0350 | FloorLimit: 0.4700 ---
2026-04-24 13:26:19,773 - [ENV] - SUCCESS: Goal reached in 9 steps. Dist = 0.0153m
2026-04-24 13:26:19,774 - [ENV] - --- EPISODE START | Scenario: TRANSIT | Start: [1.11370725 0.20017212 0.55      ] | Goal: [0.98957202 0.09195072 0.55      ] | DriftLimit: 0.0350 | FloorLimit: 0.4700 ---
2026-04-24 13:26:19,950 - [ENV] - SUCCESS: Goal reached in 4 steps. Dist = 0.0078m
2026-04-24 13:26:19,951 - [ENV] - --- EPISODE START | Scenario: TRANSIT | Start: [1.11440732 0.12957809 0.55      ] | Goal: [0.8512607  0.27875226 0.55      ] | DriftLimit: 0.0350 | FloorLimit: 0.4700 ---
2026-04-24 13:26:24,382 - [ENV] - --- EPISODE START | Scenario: DESCEND | Start: [0.78365279 0.06279637 0.55      ] | Goal: [0.78365279 0.06279637 0.41      ] | DriftLimit: 0.0350 | FloorLimit: 0.4700 ---
2026-04-24 13:26:24,858 - [ENV] - TERMINATED (Descend): Tube Drift = 0.0351m (Max 0.0350m) at step 21
2026-04-24 13:26:24,858 - [ENV] - Episode ended without success at step 21. Final dist: 0.0358m
2026-04-24 13:26:24,859 - [ENV] - --- EPISODE START | Scenario: TRANSIT | Start: [0.96178536 0.0615952  0.55      ] | Goal: [0.720463   0.13060473 0.55      ] | DriftLimit: 0.0350 | FloorLimit: 0.4700 ---
2026-04-24 13:27:26,449 - [ENV] - --- EPISODE START | Scenario: ASCEND | Start: [0.86350365 0.0413836  0.415     ] | Goal: [0.86350365 0.0413836  0.55      ] | DriftLimit: 0.0350 | FloorLimit: 0.4700 ---
2026-04-24 13:27:26,592 - [ENV] - TERMINATED (Ascend): Tube Drift = 0.0574m (Max 0.0350m) at step 3
2026-04-24 13:27:26,592 - [ENV] - Episode ended without success at step 3. Final dist: 0.1181m
2026-04-24 13:27:26,593 - [ENV] - --- EPISODE START | Scenario: DESCEND | Start: [1.01183451 0.11891803 0.55      ] | Goal: [1.01183451 0.11891803 0.415     ] | DriftLimit: 0.0350 | FloorLimit: 0.4700 ---
2026-04-24 13:27:26,822 - [ENV] - SUCCESS: Goal reached in 6 steps. Dist = 0.0088m
2026-04-24 13:27:26,823 - [ENV] - --- EPISODE START | Scenario: ASCEND | Start: [1.05431265 0.15115399 0.415     ] | Goal: [1.05431265 0.15115399 0.55      ] | DriftLimit: 0.0350 | FloorLimit: 0.4700 ---
2026-04-24 13:27:31,034 - [ENV] - --- EPISODE START | Scenario: DESCEND | Start: [0.93230958 0.1436115  0.55      ] | Goal: [0.93230958 0.1436115  0.415     ] | DriftLimit: 0.0350 | FloorLimit: 0.4700 ---
2026-04-24 13:27:31,245 - [ENV] - SUCCESS: Goal reached in 5 steps. Dist = 0.0100m
2026-04-24 13:27:31,246 - [ENV] - --- EPISODE START | Scenario: TRANSIT | Start: [0.83909539 0.48677535 0.55      ] | Goal: [0.66858644 0.16050863 0.55      ] | DriftLimit: 0.0350 | FloorLimit: 0.4700 ---
2026-04-24 13:27:36,119 - [ENV] - --- EPISODE START | Scenario: ASCEND | Start: [0.90656967 0.05854077 0.415     ] | Goal: [0.90656967 0.05854077 0.55      ] | DriftLimit: 0.0350 | FloorLimit: 0.4700 ---
2026-04-24 13:27:40,830 - [ENV] - --- EPISODE START | Scenario: DESCEND | Start: [0.9475146  0.21500655 0.55      ] | Goal: [0.9475146  0.21500655 0.415     ] | DriftLimit: 0.0350 | FloorLimit: 0.4700 ---
2026-04-24 13:27:41,110 - [ENV] - SUCCESS: Goal reached in 8 steps. Dist = 0.0090m
2026-04-24 13:27:41,111 - [ENV] - --- EPISODE START | Scenario: TRANSIT | Start: [1.07706782 0.45008322 0.55      ] | Goal: [1.07952119 0.03789392 0.55      ] | DriftLimit: 0.0350 | FloorLimit: 0.4700 ---
2026-04-24 13:27:45,734 - [ENV] - --- EPISODE START | Scenario: TRANSIT | Start: [0.64272913 0.34806681 0.55      ] | Goal: [1.05372151 0.51748603 0.55      ] | DriftLimit: 0.0350 | FloorLimit: 0.4700 ---
2026-04-24 13:27:50,260 - [ENV] - --- EPISODE START | Scenario: TRANSIT | Start: [ 0.62911438 -0.00125066  0.55      ] | Goal: [0.74408563 0.45012587 0.55      ] | DriftLimit: 0.0350 | FloorLimit: 0.4700 ---
2026-04-24 13:27:54,548 - [ENV] - --- EPISODE START | Scenario: DESCEND | Start: [0.97718575 0.20801634 0.55      ] | Goal: [0.97718575 0.20801634 0.41      ] | DriftLimit: 0.0350 | FloorLimit: 0.4700 ---
2026-04-24 13:27:58,824 - [ENV] - --- EPISODE START | Scenario: ASCEND | Start: [0.97257758 0.12173381 0.415     ] | Goal: [0.97257758 0.12173381 0.55      ] | DriftLimit: 0.0350 | FloorLimit: 0.4700 ---
2026-04-24 13:28:03,114 - [ENV] - --- EPISODE START | Scenario: ASCEND | Start: [0.95754169 0.00613386 0.415     ] | Goal: [0.95754169 0.00613386 0.55      ] | DriftLimit: 0.0350 | FloorLimit: 0.4700 ---
2026-04-24 13:28:03,279 - [ENV] - TERMINATED (Ascend): Tube Drift = 0.0563m (Max 0.0350m) at step 3
2026-04-24 13:28:03,279 - [ENV] - Episode ended without success at step 3. Final dist: 0.1282m
2026-04-24 13:28:03,280 - [ENV] - --- EPISODE START | Scenario: ASCEND | Start: [0.79591021 0.3166862  0.415     ] | Goal: [0.79591021 0.3166862  0.55      ] | DriftLimit: 0.0350 | FloorLimit: 0.4700 ---
2026-04-24 13:28:08,246 - [ENV] - --- EPISODE START | Scenario: TRANSIT | Start: [0.60447093 0.29950825 0.55      ] | Goal: [0.75408761 0.43303344 0.55      ] | DriftLimit: 0.0350 | FloorLimit: 0.4700 ---
2026-04-24 13:28:12,782 - [ENV] - --- EPISODE START | Scenario: ASCEND | Start: [0.79041954 0.26252034 0.415     ] | Goal: [0.79041954 0.26252034 0.55      ] | DriftLimit: 0.0350 | FloorLimit: 0.4700 ---
2026-04-24 13:28:16,993 - [ENV] - --- EPISODE START | Scenario: DESCEND | Start: [0.76025474 0.01174637 0.55      ] | Goal: [0.76025474 0.01174637 0.415     ] | DriftLimit: 0.0350 | FloorLimit: 0.4700 ---
2026-04-24 13:28:17,167 - [ENV] - TERMINATED (Descend): Tube Drift = 0.0362m (Max 0.0350m) at step 4
2026-04-24 13:28:17,168 - [ENV] - Episode ended without success at step 4. Final dist: 0.0370m
2026-04-24 13:28:17,168 - [ENV] - --- EPISODE START | Scenario: TRANSIT | Start: [0.68744253 0.31346798 0.55      ] | Goal: [0.72011264 0.058426   0.55      ] | DriftLimit: 0.0350 | FloorLimit: 0.4700 ---
2026-04-24 13:28:21,627 - [ENV] - --- EPISODE START | Scenario: TRANSIT | Start: [0.91987035 0.0018095  0.55      ] | Goal: [0.81349038 0.54295256 0.55      ] | DriftLimit: 0.0350 | FloorLimit: 0.4700 ---
2026-04-24 13:28:26,176 - [ENV] - --- EPISODE START | Scenario: DESCEND | Start: [0.90376336 0.21281729 0.55      ] | Goal: [0.90376336 0.21281729 0.41      ] | DriftLimit: 0.0350 | FloorLimit: 0.4700 ---
2026-04-24 13:28:27,036 - [ENV] - SUCCESS: Goal reached in 34 steps. Dist = 0.0100m
2026-04-24 13:28:27,037 - [ENV] - --- EPISODE START | Scenario: ASCEND | Start: [0.92343173 0.17088111 0.415     ] | Goal: [0.92343173 0.17088111 0.55      ] | DriftLimit: 0.0350 | FloorLimit: 0.4700 ---
2026-04-24 13:28:27,227 - [ENV] - TERMINATED (Ascend): Tube Drift = 0.0361m (Max 0.0350m) at step 3
2026-04-24 13:28:27,227 - [ENV] - Episode ended without success at step 3. Final dist: 0.1148m
2026-04-24 13:28:27,228 - [ENV] - --- EPISODE START | Scenario: TRANSIT | Start: [0.86629319 0.32273283 0.55      ] | Goal: [1.13202715 0.01742072 0.55      ] | DriftLimit: 0.0350 | FloorLimit: 0.4700 ---
2026-04-24 13:29:24,502 - [ENV] - --- EPISODE START | Scenario: TRANSIT | Start: [1.15900337 0.44709824 0.55      ] | Goal: [0.9694466  0.45303986 0.55      ] | DriftLimit: 0.0350 | FloorLimit: 0.4700 ---
2026-04-24 13:29:28,822 - [ENV] - --- EPISODE START | Scenario: ASCEND | Start: [0.89169234 0.25499108 0.415     ] | Goal: [0.89169234 0.25499108 0.55      ] | DriftLimit: 0.0350 | FloorLimit: 0.4700 ---
2026-04-24 13:29:33,408 - [ENV] - --- EPISODE START | Scenario: DESCEND | Start: [0.92827231 0.09212504 0.55      ] | Goal: [0.92827231 0.09212504 0.41      ] | DriftLimit: 0.0350 | FloorLimit: 0.4700 ---
2026-04-24 13:29:33,624 - [ENV] - SUCCESS: Goal reached in 6 steps. Dist = 0.0094m
2026-04-24 13:29:33,625 - [ENV] - --- EPISODE START | Scenario: DESCEND | Start: [0.61566838 0.223226   0.55      ] | Goal: [0.61566838 0.223226   0.41      ] | DriftLimit: 0.0350 | FloorLimit: 0.4700 ---
2026-04-24 13:29:38,178 - [ENV] - --- EPISODE START | Scenario: TRANSIT | Start: [1.01239334 0.37222951 0.55      ] | Goal: [0.70359732 0.10705003 0.55      ] | DriftLimit: 0.0350 | FloorLimit: 0.4700 ---
2026-04-24 13:29:38,511 - [ENV] - SUCCESS: Goal reached in 10 steps. Dist = 0.0089m
2026-04-24 13:29:38,512 - [ENV] - --- EPISODE START | Scenario: DESCEND | Start: [0.99145676 0.44180784 0.55      ] | Goal: [0.99145676 0.44180784 0.41      ] | DriftLimit: 0.0350 | FloorLimit: 0.4700 ---
2026-04-24 13:29:38,636 - [ENV] - TERMINATED (Descend): Tube Drift = 0.0446m (Max 0.0350m) at step 2
2026-04-24 13:29:38,636 - [ENV] - Episode ended without success at step 2. Final dist: 0.0716m
2026-04-24 13:29:38,637 - [ENV] - --- EPISODE START | Scenario: TRANSIT | Start: [1.15841246 0.15707037 0.55      ] | Goal: [0.81340371 0.43878896 0.55      ] | DriftLimit: 0.0350 | FloorLimit: 0.4700 ---
2026-04-24 13:29:43,067 - [ENV] - --- EPISODE START | Scenario: DESCEND | Start: [0.82140057 0.03236655 0.55      ] | Goal: [0.82140057 0.03236655 0.415     ] | DriftLimit: 0.0350 | FloorLimit: 0.4700 ---
2026-04-24 13:29:47,488 - [ENV] - --- EPISODE START | Scenario: ASCEND | Start: [0.60987177 0.44612386 0.415     ] | Goal: [0.60987177 0.44612386 0.55      ] | DriftLimit: 0.0350 | FloorLimit: 0.4700 ---
2026-04-24 13:29:47,694 - [ENV] - TERMINATED (Ascend): Tube Drift = 0.0545m (Max 0.0350m) at step 3
2026-04-24 13:29:47,695 - [ENV] - Episode ended without success at step 3. Final dist: 0.1182m
2026-04-24 13:29:47,696 - [ENV] - --- EPISODE START | Scenario: ASCEND | Start: [0.74079466 0.15860377 0.415     ] | Goal: [0.74079466 0.15860377 0.55      ] | DriftLimit: 0.0350 | FloorLimit: 0.4700 ---
2026-04-24 13:29:47,900 - [ENV] - TERMINATED (Ascend): Tube Drift = 0.0410m (Max 0.0350m) at step 3
2026-04-24 13:29:47,901 - [ENV] - Episode ended without success at step 3. Final dist: 0.1310m
2026-04-24 13:29:47,901 - [ENV] - --- EPISODE START | Scenario: ASCEND | Start: [1.14607576 0.09488034 0.415     ] | Goal: [1.14607576 0.09488034 0.55      ] | DriftLimit: 0.0350 | FloorLimit: 0.4700 ---
2026-04-24 13:29:48,067 - [ENV] - TERMINATED (Ascend): Tube Drift = 0.0611m (Max 0.0350m) at step 3
2026-04-24 13:29:48,067 - [ENV] - Episode ended without success at step 3. Final dist: 0.1126m
2026-04-24 13:29:48,068 - [ENV] - --- EPISODE START | Scenario: DESCEND | Start: [0.66317574 0.46504305 0.55      ] | Goal: [0.66317574 0.46504305 0.41      ] | DriftLimit: 0.0350 | FloorLimit: 0.4700 ---
2026-04-24 13:29:49,239 - [ENV] - SUCCESS: Goal reached in 47 steps. Dist = 0.0099m
2026-04-24 13:29:49,239 - [ENV] - --- EPISODE START | Scenario: DESCEND | Start: [0.92327386 0.10706749 0.55      ] | Goal: [0.92327386 0.10706749 0.41      ] | DriftLimit: 0.0350 | FloorLimit: 0.4700 ---
2026-04-24 13:29:49,671 - [ENV] - SUCCESS: Goal reached in 11 steps. Dist = 0.0097m
2026-04-24 13:29:49,672 - [ENV] - --- EPISODE START | Scenario: DESCEND | Start: [1.01862486 0.15185171 0.55      ] | Goal: [1.01862486 0.15185171 0.41      ] | DriftLimit: 0.0350 | FloorLimit: 0.4700 ---
2026-04-24 13:29:54,042 - [ENV] - --- EPISODE START | Scenario: DESCEND | Start: [0.79251763 0.4065846  0.55      ] | Goal: [0.79251763 0.4065846  0.415     ] | DriftLimit: 0.0350 | FloorLimit: 0.4700 ---
2026-04-24 13:29:54,708 - [ENV] - SUCCESS: Goal reached in 27 steps. Dist = 0.0100m
2026-04-24 13:29:54,709 - [ENV] - --- EPISODE START | Scenario: DESCEND | Start: [0.88999221 0.00247948 0.55      ] | Goal: [0.88999221 0.00247948 0.415     ] | DriftLimit: 0.0350 | FloorLimit: 0.4700 ---
2026-04-24 13:29:59,156 - [ENV] - --- EPISODE START | Scenario: TRANSIT | Start: [0.96576793 0.15397209 0.55      ] | Goal: [1.04707521 0.4003612  0.55      ] | DriftLimit: 0.0350 | FloorLimit: 0.4700 ---
2026-04-24 13:30:03,732 - [ENV] - --- EPISODE START | Scenario: TRANSIT | Start: [0.91032816 0.08171098 0.55      ] | Goal: [0.81033573 0.01687859 0.55      ] | DriftLimit: 0.0350 | FloorLimit: 0.4700 ---
2026-04-24 13:30:03,950 - [ENV] - SUCCESS: Goal reached in 8 steps. Dist = 0.0183m
2026-04-24 13:30:03,951 - [ENV] - --- EPISODE START | Scenario: TRANSIT | Start: [1.1179447  0.51109949 0.55      ] | Goal: [0.730913  0.2380097 0.55     ] | DriftLimit: 0.0350 | FloorLimit: 0.4700 ---
2026-04-24 13:30:08,561 - [ENV] - --- EPISODE START | Scenario: TRANSIT | Start: [0.88587537 0.25800577 0.55      ] | Goal: [1.12187243 0.11390012 0.55      ] | DriftLimit: 0.0350 | FloorLimit: 0.4700 ---
2026-04-24 13:30:12,833 - [ENV] - --- EPISODE START | Scenario: TRANSIT | Start: [0.8218329  0.39340509 0.55      ] | Goal: [0.93195843 0.14331972 0.55      ] | DriftLimit: 0.0350 | FloorLimit: 0.4700 ---
2026-04-24 13:30:13,153 - [ENV] - SUCCESS: Goal reached in 10 steps. Dist = 0.0133m
2026-04-24 13:30:13,153 - [ENV] - --- EPISODE START | Scenario: ASCEND | Start: [0.79465443 0.42055143 0.415     ] | Goal: [0.79465443 0.42055143 0.55      ] | DriftLimit: 0.0350 | FloorLimit: 0.4700 ---
2026-04-24 13:30:17,644 - [ENV] - --- EPISODE START | Scenario: DESCEND | Start: [1.12637902 0.2416941  0.55      ] | Goal: [1.12637902 0.2416941  0.415     ] | DriftLimit: 0.0350 | FloorLimit: 0.4700 ---
2026-04-24 13:30:17,762 - [ENV] - TERMINATED (Descend): Tube Drift = 0.0370m (Max 0.0350m) at step 2
2026-04-24 13:30:17,762 - [ENV] - Episode ended without success at step 2. Final dist: 0.0595m
2026-04-24 13:30:17,763 - [ENV] - --- EPISODE START | Scenario: ASCEND | Start: [0.76116104 0.37497226 0.415     ] | Goal: [0.76116104 0.37497226 0.55      ] | DriftLimit: 0.0350 | FloorLimit: 0.4700 ---
2026-04-24 13:30:21,970 - [ENV] - --- EPISODE START | Scenario: DESCEND | Start: [0.82411259 0.43458989 0.55      ] | Goal: [0.82411259 0.43458989 0.415     ] | DriftLimit: 0.0350 | FloorLimit: 0.4700 ---
2026-04-24 13:30:22,070 - [ENV] - TERMINATED (Descend): Tube Drift = 0.0373m (Max 0.0350m) at step 2
2026-04-24 13:30:22,071 - [ENV] - Episode ended without success at step 2. Final dist: 0.0529m
2026-04-24 13:30:22,072 - [ENV] - --- EPISODE START | Scenario: DESCEND | Start: [0.63642664 0.36193384 0.55      ] | Goal: [0.63642664 0.36193384 0.415     ] | DriftLimit: 0.0350 | FloorLimit: 0.4700 ---
2026-04-24 13:30:22,419 - [ENV] - TERMINATED (Descend): Tube Drift = 0.0376m (Max 0.0350m) at step 5
2026-04-24 13:30:22,420 - [ENV] - Episode ended without success at step 5. Final dist: 0.0380m
2026-04-24 13:30:22,421 - [ENV] - --- EPISODE START | Scenario: ASCEND | Start: [0.62945362 0.43308655 0.415     ] | Goal: [0.62945362 0.43308655 0.55      ] | DriftLimit: 0.0350 | FloorLimit: 0.4700 ---
2026-04-24 13:30:22,572 - [ENV] - TERMINATED (Ascend): Tube Drift = 0.0396m (Max 0.0350m) at step 2
2026-04-24 13:30:22,573 - [ENV] - Episode ended without success at step 2. Final dist: 0.1297m
2026-04-24 13:30:22,574 - [ENV] - --- EPISODE START | Scenario: DESCEND | Start: [0.81591055 0.36894571 0.55      ] | Goal: [0.81591055 0.36894571 0.41      ] | DriftLimit: 0.0350 | FloorLimit: 0.4700 ---
2026-04-24 13:30:22,726 - [ENV] - TERMINATED (Descend): Tube Drift = 0.0360m (Max 0.0350m) at step 2
2026-04-24 13:30:22,727 - [ENV] - Episode ended without success at step 2. Final dist: 0.0571m
2026-04-24 13:30:22,728 - [ENV] - --- EPISODE START | Scenario: DESCEND | Start: [ 0.75280548 -0.00950728  0.55      ] | Goal: [ 0.75280548 -0.00950728  0.41      ] | DriftLimit: 0.0350 | FloorLimit: 0.4700 ---
2026-04-24 13:31:22,243 - [ENV] - --- EPISODE START | Scenario: TRANSIT | Start: [0.84491532 0.47610912 0.55      ] | Goal: [0.60484509 0.18436496 0.55      ] | DriftLimit: 0.0350 | FloorLimit: 0.4700 ---
2026-04-24 13:31:22,697 - [ENV] - SUCCESS: Goal reached in 17 steps. Dist = 0.0113m
2026-04-24 13:31:22,698 - [ENV] - --- EPISODE START | Scenario: ASCEND | Start: [1.06262349 0.14908028 0.415     ] | Goal: [1.06262349 0.14908028 0.55      ] | DriftLimit: 0.0350 | FloorLimit: 0.4700 ---
2026-04-24 13:31:22,863 - [ENV] - TERMINATED (Ascend): Tube Drift = 0.0473m (Max 0.0350m) at step 3
2026-04-24 13:31:22,863 - [ENV] - Episode ended without success at step 3. Final dist: 0.1093m
2026-04-24 13:31:22,864 - [ENV] - --- EPISODE START | Scenario: ASCEND | Start: [1.15638265 0.42938384 0.415     ] | Goal: [1.15638265 0.42938384 0.55      ] | DriftLimit: 0.0350 | FloorLimit: 0.4700 ---
2026-04-24 13:31:23,044 - [ENV] - TERMINATED (Ascend): Tube Drift = 0.0479m (Max 0.0350m) at step 3
2026-04-24 13:31:23,044 - [ENV] - Episode ended without success at step 3. Final dist: 0.1149m
2026-04-24 13:31:23,045 - [ENV] - --- EPISODE START | Scenario: TRANSIT | Start: [0.65545785 0.48867008 0.55      ] | Goal: [0.82129751 0.33562225 0.55      ] | DriftLimit: 0.0350 | FloorLimit: 0.4700 ---
2026-04-24 13:31:23,785 - [ENV] - SUCCESS: Goal reached in 14 steps. Dist = 0.0122m
2026-04-24 13:31:23,786 - [ENV] - --- EPISODE START | Scenario: TRANSIT | Start: [0.76276133 0.32592349 0.55      ] | Goal: [1.02345504 0.12744468 0.55      ] | DriftLimit: 0.0350 | FloorLimit: 0.4700 ---
2026-04-24 13:31:28,800 - [ENV] - --- EPISODE START | Scenario: DESCEND | Start: [0.91697425 0.00814198 0.55      ] | Goal: [0.91697425 0.00814198 0.415     ] | DriftLimit: 0.0350 | FloorLimit: 0.4700 ---
2026-04-24 13:31:32,998 - [ENV] - --- EPISODE START | Scenario: ASCEND | Start: [1.09240664 0.05954749 0.415     ] | Goal: [1.09240664 0.05954749 0.55      ] | DriftLimit: 0.0350 | FloorLimit: 0.4700 ---
2026-04-24 13:31:37,536 - [ENV] - --- EPISODE START | Scenario: ASCEND | Start: [0.8293234  0.43775204 0.415     ] | Goal: [0.8293234  0.43775204 0.55      ] | DriftLimit: 0.0350 | FloorLimit: 0.4700 ---
2026-04-24 13:31:37,680 - [ENV] - TERMINATED (Ascend): Tube Drift = 0.0357m (Max 0.0350m) at step 2
2026-04-24 13:31:37,681 - [ENV] - Episode ended without success at step 2. Final dist: 0.1291m
2026-04-24 13:31:37,681 - [ENV] - --- EPISODE START | Scenario: ASCEND | Start: [0.63186228 0.42111389 0.415     ] | Goal: [0.63186228 0.42111389 0.55      ] | DriftLimit: 0.0350 | FloorLimit: 0.4700 ---
2026-04-24 13:31:42,021 - [ENV] - --- EPISODE START | Scenario: TRANSIT | Start: [0.84115974 0.19153633 0.55      ] | Goal: [0.63259792 0.50225455 0.55      ] | DriftLimit: 0.0350 | FloorLimit: 0.4700 ---
2026-04-24 13:31:46,326 - [ENV] - --- EPISODE START | Scenario: DESCEND | Start: [1.03726764 0.3864853  0.55      ] | Goal: [1.03726764 0.3864853  0.41      ] | DriftLimit: 0.0350 | FloorLimit: 0.4700 ---
2026-04-24 13:31:46,443 - [ENV] - TERMINATED (Descend): Tube Drift = 0.0432m (Max 0.0350m) at step 2
2026-04-24 13:31:46,443 - [ENV] - Episode ended without success at step 2. Final dist: 0.0679m
2026-04-24 13:31:46,444 - [ENV] - --- EPISODE START | Scenario: TRANSIT | Start: [0.9556278 0.3189594 0.55     ] | Goal: [0.74539465 0.04254742 0.55      ] | DriftLimit: 0.0350 | FloorLimit: 0.4700 ---
2026-04-24 13:31:50,961 - [ENV] - --- EPISODE START | Scenario: DESCEND | Start: [0.98774247 0.53029802 0.55      ] | Goal: [0.98774247 0.53029802 0.415     ] | DriftLimit: 0.0350 | FloorLimit: 0.4700 ---
2026-04-24 13:31:55,338 - [ENV] - --- EPISODE START | Scenario: ASCEND | Start: [1.08735597 0.46285589 0.415     ] | Goal: [1.08735597 0.46285589 0.55      ] | DriftLimit: 0.0350 | FloorLimit: 0.4700 ---
2026-04-24 13:31:59,795 - [ENV] - --- EPISODE START | Scenario: TRANSIT | Start: [0.67854097 0.54122965 0.55      ] | Goal: [1.13634716 0.13379498 0.55      ] | DriftLimit: 0.0350 | FloorLimit: 0.4700 ---
2026-04-24 13:32:04,830 - [ENV] - --- EPISODE START | Scenario: TRANSIT | Start: [1.10768866 0.40845032 0.55      ] | Goal: [0.80391517 0.53732927 0.55      ] | DriftLimit: 0.0350 | FloorLimit: 0.4700 ---
2026-04-24 13:32:09,160 - [ENV] - --- EPISODE START | Scenario: ASCEND | Start: [0.70383533 0.4118008  0.415     ] | Goal: [0.70383533 0.4118008  0.55      ] | DriftLimit: 0.0350 | FloorLimit: 0.4700 ---
2026-04-24 13:32:09,349 - [ENV] - TERMINATED (Ascend): Tube Drift = 0.0473m (Max 0.0350m) at step 3
2026-04-24 13:32:09,349 - [ENV] - Episode ended without success at step 3. Final dist: 0.1301m
2026-04-24 13:32:09,350 - [ENV] - --- EPISODE START | Scenario: TRANSIT | Start: [0.694895   0.06524078 0.55      ] | Goal: [0.9849494  0.36068654 0.55      ] | DriftLimit: 0.0350 | FloorLimit: 0.4700 ---
2026-04-24 13:32:09,662 - [ENV] - SUCCESS: Goal reached in 12 steps. Dist = 0.0136m
2026-04-24 13:32:09,662 - [ENV] - --- EPISODE START | Scenario: DESCEND | Start: [0.6263434  0.05150005 0.55      ] | Goal: [0.6263434  0.05150005 0.41      ] | DriftLimit: 0.0350 | FloorLimit: 0.4700 ---
2026-04-24 13:32:14,094 - [ENV] - --- EPISODE START | Scenario: ASCEND | Start: [1.15419566 0.11112883 0.415     ] | Goal: [1.15419566 0.11112883 0.55      ] | DriftLimit: 0.0350 | FloorLimit: 0.4700 ---
2026-04-24 13:32:14,294 - [ENV] - TERMINATED (Ascend): Tube Drift = 0.0414m (Max 0.0350m) at step 5
2026-04-24 13:32:14,295 - [ENV] - Episode ended without success at step 5. Final dist: 0.1209m
2026-04-24 13:32:14,295 - [ENV] - --- EPISODE START | Scenario: DESCEND | Start: [0.99083906 0.34291913 0.55      ] | Goal: [0.99083906 0.34291913 0.41      ] | DriftLimit: 0.0350 | FloorLimit: 0.4700 ---
2026-04-24 13:32:14,419 - [ENV] - TERMINATED (Descend): Tube Drift = 0.0394m (Max 0.0350m) at step 2
2026-04-24 13:32:14,420 - [ENV] - Episode ended without success at step 2. Final dist: 0.0657m
2026-04-24 13:32:14,421 - [ENV] - --- EPISODE START | Scenario: ASCEND | Start: [0.65396334 0.30647638 0.415     ] | Goal: [0.65396334 0.30647638 0.55      ] | DriftLimit: 0.0350 | FloorLimit: 0.4700 ---
2026-04-24 13:32:14,927 - [ENV] - TERMINATED (Ascend): Tube Drift = 0.0351m (Max 0.0350m) at step 5
2026-04-24 13:32:14,927 - [ENV] - Episode ended without success at step 5. Final dist: 0.1225m
2026-04-24 13:32:14,928 - [ENV] - --- EPISODE START | Scenario: TRANSIT | Start: [0.97410017 0.23797102 0.55      ] | Goal: [0.8584392  0.31626617 0.55      ] | DriftLimit: 0.0350 | FloorLimit: 0.4700 ---
2026-04-24 13:32:19,174 - [ENV] - --- EPISODE START | Scenario: ASCEND | Start: [0.69182213 0.09582874 0.415     ] | Goal: [0.69182213 0.09582874 0.55      ] | DriftLimit: 0.0350 | FloorLimit: 0.4700 ---
2026-04-24 13:32:24,086 - [ENV] - --- EPISODE START | Scenario: DESCEND | Start: [ 1.04961578 -0.00173877  0.55      ] | Goal: [ 1.04961578 -0.00173877  0.41      ] | DriftLimit: 0.0350 | FloorLimit: 0.4700 ---
2026-04-24 13:33:15,422 - [ENV] - --- EPISODE START | Scenario: DESCEND | Start: [0.99642259 0.01677682 0.55      ] | Goal: [0.99642259 0.01677682 0.41      ] | DriftLimit: 0.0350 | FloorLimit: 0.4700 ---
2026-04-24 13:33:19,828 - [ENV] - --- EPISODE START | Scenario: DESCEND | Start: [0.66621418 0.17800954 0.55      ] | Goal: [0.66621418 0.17800954 0.41      ] | DriftLimit: 0.0350 | FloorLimit: 0.4700 ---
2026-04-24 13:33:24,392 - [ENV] - --- EPISODE START | Scenario: TRANSIT | Start: [0.77298015 0.51151281 0.55      ] | Goal: [1.04080027 0.26746444 0.55      ] | DriftLimit: 0.0350 | FloorLimit: 0.4700 ---
2026-04-24 13:33:29,115 - [ENV] - --- EPISODE START | Scenario: ASCEND | Start: [0.83303774 0.25246001 0.415     ] | Goal: [0.83303774 0.25246001 0.55      ] | DriftLimit: 0.0350 | FloorLimit: 0.4700 ---
2026-04-24 13:33:29,473 - [ENV] - TERMINATED (Ascend): Tube Drift = 0.0452m (Max 0.0350m) at step 3
2026-04-24 13:33:29,473 - [ENV] - Episode ended without success at step 3. Final dist: 0.1158m
2026-04-24 13:33:29,474 - [ENV] - --- EPISODE START | Scenario: ASCEND | Start: [0.92586306 0.18137624 0.415     ] | Goal: [0.92586306 0.18137624 0.55      ] | DriftLimit: 0.0350 | FloorLimit: 0.4700 ---
2026-04-24 13:33:33,846 - [ENV] - --- EPISODE START | Scenario: DESCEND | Start: [1.12158406 0.07967139 0.55      ] | Goal: [1.12158406 0.07967139 0.415     ] | DriftLimit: 0.0350 | FloorLimit: 0.4700 ---
2026-04-24 13:33:34,029 - [ENV] - SUCCESS: Goal reached in 4 steps. Dist = 0.0087m
2026-04-24 13:33:34,030 - [ENV] - --- EPISODE START | Scenario: ASCEND | Start: [0.67541983 0.4270395  0.415     ] | Goal: [0.67541983 0.4270395  0.55      ] | DriftLimit: 0.0350 | FloorLimit: 0.4700 ---
2026-04-24 13:33:34,236 - [ENV] - TERMINATED (Ascend): Tube Drift = 0.0499m (Max 0.0350m) at step 3
2026-04-24 13:33:34,236 - [ENV] - Episode ended without success at step 3. Final dist: 0.1321m
2026-04-24 13:33:34,237 - [ENV] - --- EPISODE START | Scenario: TRANSIT | Start: [0.84861448 0.20417475 0.55      ] | Goal: [1.10151277 0.49877141 0.55      ] | DriftLimit: 0.0350 | FloorLimit: 0.4700 ---
2026-04-24 13:33:34,781 - [ENV] - SUCCESS: Goal reached in 13 steps. Dist = 0.0211m
2026-04-24 13:33:34,782 - [ENV] - --- EPISODE START | Scenario: DESCEND | Start: [0.68032757 0.30201419 0.55      ] | Goal: [0.68032757 0.30201419 0.41      ] | DriftLimit: 0.0350 | FloorLimit: 0.4700 ---
2026-04-24 13:33:34,914 - [ENV] - TERMINATED (Descend): Tube Drift = 0.0383m (Max 0.0350m) at step 2
2026-04-24 13:33:34,914 - [ENV] - Episode ended without success at step 2. Final dist: 0.0822m
2026-04-24 13:33:34,916 - [ENV] - --- EPISODE START | Scenario: DESCEND | Start: [1.03081478 0.49056944 0.55      ] | Goal: [1.03081478 0.49056944 0.41      ] | DriftLimit: 0.0350 | FloorLimit: 0.4700 ---
2026-04-24 13:33:37,643 - [ENV] - TERMINATED (Descend): Tube Drift = 0.0350m (Max 0.0350m) at step 105
2026-04-24 13:33:37,643 - [ENV] - Episode ended without success at step 105. Final dist: 0.0357m
2026-04-24 13:33:37,644 - [ENV] - --- EPISODE START | Scenario: ASCEND | Start: [0.91889826 0.27524846 0.415     ] | Goal: [0.91889826 0.27524846 0.55      ] | DriftLimit: 0.0350 | FloorLimit: 0.4700 ---
2026-04-24 13:33:37,879 - [ENV] - TERMINATED (Ascend): Tube Drift = 0.0405m (Max 0.0350m) at step 4
2026-04-24 13:33:37,879 - [ENV] - Episode ended without success at step 4. Final dist: 0.1085m
2026-04-24 13:33:37,880 - [ENV] - --- EPISODE START | Scenario: ASCEND | Start: [0.66346795 0.34019341 0.415     ] | Goal: [0.66346795 0.34019341 0.55      ] | DriftLimit: 0.0350 | FloorLimit: 0.4700 ---
2026-04-24 13:33:38,170 - [ENV] - TERMINATED (Ascend): Tube Drift = 0.0551m (Max 0.0350m) at step 3
2026-04-24 13:33:38,170 - [ENV] - Episode ended without success at step 3. Final dist: 0.1326m
2026-04-24 13:33:38,171 - [ENV] - --- EPISODE START | Scenario: TRANSIT | Start: [1.07688878 0.18466898 0.55      ] | Goal: [0.90853177 0.21405159 0.55      ] | DriftLimit: 0.0350 | FloorLimit: 0.4700 ---
2026-04-24 13:33:42,615 - [ENV] - --- EPISODE START | Scenario: ASCEND | Start: [0.6847373  0.24944593 0.415     ] | Goal: [0.6847373  0.24944593 0.55      ] | DriftLimit: 0.0350 | FloorLimit: 0.4700 ---
2026-04-24 13:33:43,410 - [ENV] - TERMINATED (Ascend): Tube Drift = 0.0400m (Max 0.0350m) at step 25
2026-04-24 13:33:43,410 - [ENV] - Episode ended without success at step 25. Final dist: 0.1226m
2026-04-24 13:33:43,411 - [ENV] - --- EPISODE START | Scenario: ASCEND | Start: [1.12783831 0.32849249 0.415     ] | Goal: [1.12783831 0.32849249 0.55      ] | DriftLimit: 0.0350 | FloorLimit: 0.4700 ---
2026-04-24 13:33:43,558 - [ENV] - TERMINATED (Ascend): Tube Drift = 0.0438m (Max 0.0350m) at step 3
2026-04-24 13:33:43,558 - [ENV] - Episode ended without success at step 3. Final dist: 0.1255m
2026-04-24 13:33:43,558 - [ENV] - --- EPISODE START | Scenario: DESCEND | Start: [0.81563322 0.47978312 0.55      ] | Goal: [0.81563322 0.47978312 0.41      ] | DriftLimit: 0.0350 | FloorLimit: 0.4700 ---
2026-04-24 13:33:44,613 - [ENV] - SUCCESS: Goal reached in 28 steps. Dist = 0.0100m
2026-04-24 13:33:44,613 - [ENV] - --- EPISODE START | Scenario: TRANSIT | Start: [0.73303923 0.09607372 0.55      ] | Goal: [1.01259015 0.22059261 0.55      ] | DriftLimit: 0.0350 | FloorLimit: 0.4700 ---
2026-04-24 13:33:48,938 - [ENV] - --- EPISODE START | Scenario: DESCEND | Start: [1.0344693  0.29770146 0.55      ] | Goal: [1.0344693  0.29770146 0.415     ] | DriftLimit: 0.0350 | FloorLimit: 0.4700 ---
2026-04-24 13:33:49,681 - [ENV] - SUCCESS: Goal reached in 25 steps. Dist = 0.0099m
2026-04-24 13:33:49,682 - [ENV] - --- EPISODE START | Scenario: TRANSIT | Start: [0.88199718 0.16271441 0.55      ] | Goal: [ 1.03038917 -0.01499561  0.55      ] | DriftLimit: 0.0350 | FloorLimit: 0.4700 ---
2026-04-24 13:33:53,979 - [ENV] - --- EPISODE START | Scenario: ASCEND | Start: [0.86109616 0.3339216  0.415     ] | Goal: [0.86109616 0.3339216  0.55      ] | DriftLimit: 0.0350 | FloorLimit: 0.4700 ---
2026-04-24 13:33:54,246 - [ENV] - TERMINATED (Ascend): Tube Drift = 0.0443m (Max 0.0350m) at step 3
2026-04-24 13:33:54,247 - [ENV] - Episode ended without success at step 3. Final dist: 0.1240m
2026-04-24 13:33:54,248 - [ENV] - --- EPISODE START | Scenario: DESCEND | Start: [1.08063732 0.4876152  0.55      ] | Goal: [1.08063732 0.4876152  0.415     ] | DriftLimit: 0.0350 | FloorLimit: 0.4700 ---
2026-04-24 13:33:54,347 - [ENV] - TERMINATED (Descend): Tube Drift = 0.0385m (Max 0.0350m) at step 2
2026-04-24 13:33:54,347 - [ENV] - Episode ended without success at step 2. Final dist: 0.0613m
2026-04-24 13:33:54,347 - [ENV] - --- EPISODE START | Scenario: TRANSIT | Start: [0.69883626 0.10230227 0.55      ] | Goal: [0.60240662 0.51513261 0.55      ] | DriftLimit: 0.0350 | FloorLimit: 0.4700 ---
2026-04-24 13:33:58,809 - [ENV] - --- EPISODE START | Scenario: DESCEND | Start: [ 1.14917874 -0.01066168  0.55      ] | Goal: [ 1.14917874 -0.01066168  0.41      ] | DriftLimit: 0.0350 | FloorLimit: 0.4700 ---
2026-04-24 13:33:59,121 - [ENV] - TERMINATED (Descend): Tube Drift = 0.0358m (Max 0.0350m) at step 13
2026-04-24 13:33:59,121 - [ENV] - Episode ended without success at step 13. Final dist: 0.0360m
2026-04-24 13:33:59,122 - [ENV] - --- EPISODE START | Scenario: DESCEND | Start: [0.87256332 0.50611762 0.55      ] | Goal: [0.87256332 0.50611762 0.415     ] | DriftLimit: 0.0350 | FloorLimit: 0.4700 ---
2026-04-24 13:34:03,850 - [ENV] - --- EPISODE START | Scenario: TRANSIT | Start: [1.05011569 0.10690729 0.55      ] | Goal: [1.03173152 0.32837258 0.55      ] | DriftLimit: 0.0350 | FloorLimit: 0.4700 ---
2026-04-24 13:34:04,137 - [ENV] - SUCCESS: Goal reached in 9 steps. Dist = 0.0180m
2026-04-24 13:34:04,138 - [ENV] - --- EPISODE START | Scenario: DESCEND | Start: [1.12155153 0.44420146 0.55      ] | Goal: [1.12155153 0.44420146 0.415     ] | DriftLimit: 0.0350 | FloorLimit: 0.4700 ---
2026-04-24 13:34:04,710 - [ENV] - SUCCESS: Goal reached in 18 steps. Dist = 0.0095m
2026-04-24 13:34:04,711 - [ENV] - --- EPISODE START | Scenario: TRANSIT | Start: [0.7695854  0.40295236 0.55      ] | Goal: [0.67735918 0.3539371  0.55      ] | DriftLimit: 0.0350 | FloorLimit: 0.4700 ---
2026-04-24 13:34:09,369 - [ENV] - --- EPISODE START | Scenario: ASCEND | Start: [1.09701385 0.49397888 0.415     ] | Goal: [1.09701385 0.49397888 0.55      ] | DriftLimit: 0.0350 | FloorLimit: 0.4700 ---
2026-04-24 13:34:13,445 - [ENV] - --- EPISODE START | Scenario: TRANSIT | Start: [0.74686426 0.50089842 0.55      ] | Goal: [1.14313783 0.39539743 0.55      ] | DriftLimit: 0.0350 | FloorLimit: 0.4700 ---
2026-04-24 13:34:17,926 - [ENV] - --- EPISODE START | Scenario: DESCEND | Start: [1.14410708 0.41468478 0.55      ] | Goal: [1.14410708 0.41468478 0.415     ] | DriftLimit: 0.0350 | FloorLimit: 0.4700 ---
2026-04-24 13:35:21,087 - [ENV] - --- EPISODE START | Scenario: ASCEND | Start: [0.9210226 0.3617108 0.415    ] | Goal: [0.9210226 0.3617108 0.55     ] | DriftLimit: 0.0350 | FloorLimit: 0.4700 ---
2026-04-24 13:35:25,617 - [ENV] - --- EPISODE START | Scenario: ASCEND | Start: [0.94116562 0.45307837 0.415     ] | Goal: [0.94116562 0.45307837 0.55      ] | DriftLimit: 0.0350 | FloorLimit: 0.4700 ---
2026-04-24 13:35:29,787 - [ENV] - --- EPISODE START | Scenario: ASCEND | Start: [0.67902055 0.28736159 0.415     ] | Goal: [0.67902055 0.28736159 0.55      ] | DriftLimit: 0.0350 | FloorLimit: 0.4700 ---
2026-04-24 13:35:30,422 - [ENV] - TERMINATED (Ascend): Tube Drift = 0.0379m (Max 0.0350m) at step 9
2026-04-24 13:35:30,423 - [ENV] - Episode ended without success at step 9. Final dist: 0.1363m
2026-04-24 13:35:30,423 - [ENV] - --- EPISODE START | Scenario: DESCEND | Start: [0.96679036 0.2782372  0.55      ] | Goal: [0.96679036 0.2782372  0.415     ] | DriftLimit: 0.0350 | FloorLimit: 0.4700 ---
2026-04-24 13:35:30,743 - [ENV] - SUCCESS: Goal reached in 10 steps. Dist = 0.0093m
2026-04-24 13:35:30,744 - [ENV] - --- EPISODE START | Scenario: DESCEND | Start: [0.89778287 0.06657577 0.55      ] | Goal: [0.89778287 0.06657577 0.415     ] | DriftLimit: 0.0350 | FloorLimit: 0.4700 ---
2026-04-24 13:35:35,121 - [ENV] - --- EPISODE START | Scenario: DESCEND | Start: [1.03865656 0.3829401  0.55      ] | Goal: [1.03865656 0.3829401  0.415     ] | DriftLimit: 0.0350 | FloorLimit: 0.4700 ---
2026-04-24 13:35:39,377 - [ENV] - --- EPISODE START | Scenario: TRANSIT | Start: [0.73545707 0.00353506 0.55      ] | Goal: [1.1473091  0.48978543 0.55      ] | DriftLimit: 0.0350 | FloorLimit: 0.4700 ---
2026-04-24 13:35:43,912 - [ENV] - --- EPISODE START | Scenario: DESCEND | Start: [1.01175861 0.15200156 0.55      ] | Goal: [1.01175861 0.15200156 0.415     ] | DriftLimit: 0.0350 | FloorLimit: 0.4700 ---
2026-04-24 13:35:48,885 - [ENV] - --- EPISODE START | Scenario: TRANSIT | Start: [0.97468641 0.36526515 0.55      ] | Goal: [0.69253869 0.24251704 0.55      ] | DriftLimit: 0.0350 | FloorLimit: 0.4700 ---
2026-04-24 13:35:53,612 - [ENV] - --- EPISODE START | Scenario: ASCEND | Start: [0.66901667 0.51929539 0.415     ] | Goal: [0.66901667 0.51929539 0.55      ] | DriftLimit: 0.0350 | FloorLimit: 0.4700 ---
2026-04-24 13:35:53,760 - [ENV] - TERMINATED (Ascend): Tube Drift = 0.0413m (Max 0.0350m) at step 2
2026-04-24 13:35:53,760 - [ENV] - Episode ended without success at step 2. Final dist: 0.1288m
2026-04-24 13:35:53,761 - [ENV] - --- EPISODE START | Scenario: ASCEND | Start: [1.14183614 0.22242203 0.415     ] | Goal: [1.14183614 0.22242203 0.55      ] | DriftLimit: 0.0350 | FloorLimit: 0.4700 ---
2026-04-24 13:35:58,180 - [ENV] - --- EPISODE START | Scenario: ASCEND | Start: [1.14282965 0.52779024 0.415     ] | Goal: [1.14282965 0.52779024 0.55      ] | DriftLimit: 0.0350 | FloorLimit: 0.4700 ---
2026-04-24 13:35:58,539 - [ENV] - TERMINATED (Ascend): Tube Drift = 0.0352m (Max 0.0350m) at step 12
2026-04-24 13:35:58,539 - [ENV] - Episode ended without success at step 12. Final dist: 0.0375m
2026-04-24 13:35:58,539 - [ENV] - --- EPISODE START | Scenario: ASCEND | Start: [1.05590621 0.50072135 0.415     ] | Goal: [1.05590621 0.50072135 0.55      ] | DriftLimit: 0.0350 | FloorLimit: 0.4700 ---
2026-04-24 13:35:58,689 - [ENV] - TERMINATED (Ascend): Tube Drift = 0.0410m (Max 0.0350m) at step 2
2026-04-24 13:35:58,689 - [ENV] - Episode ended without success at step 2. Final dist: 0.1107m
2026-04-24 13:35:58,690 - [ENV] - --- EPISODE START | Scenario: ASCEND | Start: [0.88837502 0.16207333 0.415     ] | Goal: [0.88837502 0.16207333 0.55      ] | DriftLimit: 0.0350 | FloorLimit: 0.4700 ---
2026-04-24 13:35:58,882 - [ENV] - TERMINATED (Ascend): Tube Drift = 0.0524m (Max 0.0350m) at step 3
2026-04-24 13:35:58,882 - [ENV] - Episode ended without success at step 3. Final dist: 0.1181m
2026-04-24 13:35:58,883 - [ENV] - --- EPISODE START | Scenario: DESCEND | Start: [0.82178512 0.20264027 0.55      ] | Goal: [0.82178512 0.20264027 0.415     ] | DriftLimit: 0.0350 | FloorLimit: 0.4700 ---
2026-04-24 13:36:03,438 - [ENV] - --- EPISODE START | Scenario: DESCEND | Start: [0.84768832 0.0173429  0.55      ] | Goal: [0.84768832 0.0173429  0.415     ] | DriftLimit: 0.0350 | FloorLimit: 0.4700 ---
2026-04-24 13:36:07,486 - [ENV] - --- EPISODE START | Scenario: TRANSIT | Start: [0.93503199 0.41499611 0.55      ] | Goal: [0.75234076 0.37392097 0.55      ] | DriftLimit: 0.0350 | FloorLimit: 0.4700 ---
2026-04-24 13:36:12,028 - [ENV] - --- EPISODE START | Scenario: ASCEND | Start: [0.75566377 0.53444509 0.415     ] | Goal: [0.75566377 0.53444509 0.55      ] | DriftLimit: 0.0350 | FloorLimit: 0.4700 ---
2026-04-24 13:36:12,151 - [ENV] - TERMINATED (Ascend): Tube Drift = 0.0453m (Max 0.0350m) at step 2
2026-04-24 13:36:12,151 - [ENV] - Episode ended without success at step 2. Final dist: 0.1259m
2026-04-24 13:36:12,152 - [ENV] - --- EPISODE START | Scenario: DESCEND | Start: [0.60272135 0.06712538 0.55      ] | Goal: [0.60272135 0.06712538 0.41      ] | DriftLimit: 0.0350 | FloorLimit: 0.4700 ---
2026-04-24 13:36:16,479 - [ENV] - --- EPISODE START | Scenario: DESCEND | Start: [1.13260664 0.08407347 0.55      ] | Goal: [1.13260664 0.08407347 0.415     ] | DriftLimit: 0.0350 | FloorLimit: 0.4700 ---
2026-04-24 13:36:21,282 - [ENV] - --- EPISODE START | Scenario: DESCEND | Start: [0.77575249 0.47308261 0.55      ] | Goal: [0.77575249 0.47308261 0.41      ] | DriftLimit: 0.0350 | FloorLimit: 0.4700 ---
2026-04-24 13:37:26,613 - [ENV] - --- EPISODE START | Scenario: ASCEND | Start: [0.65776074 0.4651309  0.415     ] | Goal: [0.65776074 0.4651309  0.55      ] | DriftLimit: 0.0350 | FloorLimit: 0.4700 ---
2026-04-24 13:37:26,948 - [ENV] - TERMINATED (Ascend): Tube Drift = 0.0368m (Max 0.0350m) at step 10
2026-04-24 13:37:26,948 - [ENV] - Episode ended without success at step 10. Final dist: 0.0374m
2026-04-24 13:37:26,949 - [ENV] - --- EPISODE START | Scenario: ASCEND | Start: [0.87180999 0.35594995 0.415     ] | Goal: [0.87180999 0.35594995 0.55      ] | DriftLimit: 0.0350 | FloorLimit: 0.4700 ---
2026-04-24 13:37:27,118 - [ENV] - TERMINATED (Ascend): Tube Drift = 0.0459m (Max 0.0350m) at step 2
2026-04-24 13:37:27,118 - [ENV] - Episode ended without success at step 2. Final dist: 0.1168m
2026-04-24 13:37:27,119 - [ENV] - --- EPISODE START | Scenario: DESCEND | Start: [0.64533276 0.23534049 0.55      ] | Goal: [0.64533276 0.23534049 0.41      ] | DriftLimit: 0.0350 | FloorLimit: 0.4700 ---
2026-04-24 13:37:27,213 - [ENV] - TERMINATED (Descend): Tube Drift = 0.0358m (Max 0.0350m) at step 1
2026-04-24 13:37:27,214 - [ENV] - Episode ended without success at step 1. Final dist: 0.0896m
2026-04-24 13:37:27,215 - [ENV] - --- EPISODE START | Scenario: ASCEND | Start: [0.80953065 0.16324195 0.415     ] | Goal: [0.80953065 0.16324195 0.55      ] | DriftLimit: 0.0350 | FloorLimit: 0.4700 ---
2026-04-24 13:37:31,978 - [ENV] - --- EPISODE START | Scenario: DESCEND | Start: [1.09201246 0.39017454 0.55      ] | Goal: [1.09201246 0.39017454 0.41      ] | DriftLimit: 0.0350 | FloorLimit: 0.4700 ---
2026-04-24 13:37:36,543 - [ENV] - --- EPISODE START | Scenario: TRANSIT | Start: [0.8197968  0.07760698 0.55      ] | Goal: [0.63922916 0.32397712 0.55      ] | DriftLimit: 0.0350 | FloorLimit: 0.4700 ---
2026-04-24 13:37:40,966 - [ENV] - --- EPISODE START | Scenario: TRANSIT | Start: [0.8014245  0.26734323 0.55      ] | Goal: [0.83448104 0.50920787 0.55      ] | DriftLimit: 0.0350 | FloorLimit: 0.4700 ---
2026-04-24 13:37:45,340 - [ENV] - --- EPISODE START | Scenario: DESCEND | Start: [0.75776317 0.04341915 0.55      ] | Goal: [0.75776317 0.04341915 0.415     ] | DriftLimit: 0.0350 | FloorLimit: 0.4700 ---
2026-04-24 13:37:49,671 - [ENV] - --- EPISODE START | Scenario: TRANSIT | Start: [1.02717271 0.11195674 0.55      ] | Goal: [0.70067719 0.39796732 0.55      ] | DriftLimit: 0.0350 | FloorLimit: 0.4700 ---
2026-04-24 13:37:54,000 - [ENV] - --- EPISODE START | Scenario: TRANSIT | Start: [1.14320365 0.449589   0.55      ] | Goal: [0.62389502 0.15469106 0.55      ] | DriftLimit: 0.0350 | FloorLimit: 0.4700 ---
2026-04-24 13:37:54,582 - [ENV] - SUCCESS: Goal reached in 17 steps. Dist = 0.0165m
2026-04-24 13:37:54,583 - [ENV] - --- EPISODE START | Scenario: DESCEND | Start: [0.81459865 0.13789126 0.55      ] | Goal: [0.81459865 0.13789126 0.415     ] | DriftLimit: 0.0350 | FloorLimit: 0.4700 ---
2026-04-24 13:37:55,636 - [ENV] - TERMINATED (Descend): Tube Drift = 0.0351m (Max 0.0350m) at step 43
2026-04-24 13:37:55,636 - [ENV] - Episode ended without success at step 43. Final dist: 0.0351m
2026-04-24 13:37:55,637 - [ENV] - --- EPISODE START | Scenario: ASCEND | Start: [1.15564754 0.03855197 0.415     ] | Goal: [1.15564754 0.03855197 0.55      ] | DriftLimit: 0.0350 | FloorLimit: 0.4700 ---
2026-04-24 13:37:56,481 - [ENV] - TERMINATED (Ascend): Tube Drift = 0.0351m (Max 0.0350m) at step 24
2026-04-24 13:37:56,481 - [ENV] - Episode ended without success at step 24. Final dist: 0.0802m
2026-04-24 13:37:56,481 - [ENV] - --- EPISODE START | Scenario: DESCEND | Start: [0.69027889 0.33309821 0.55      ] | Goal: [0.69027889 0.33309821 0.41      ] | DriftLimit: 0.0350 | FloorLimit: 0.4700 ---
2026-04-24 13:37:56,578 - [ENV] - TERMINATED (Descend): Tube Drift = 0.0365m (Max 0.0350m) at step 2
2026-04-24 13:37:56,578 - [ENV] - Episode ended without success at step 2. Final dist: 0.0820m
2026-04-24 13:37:56,579 - [ENV] - --- EPISODE START | Scenario: DESCEND | Start: [0.84014917 0.49151956 0.55      ] | Goal: [0.84014917 0.49151956 0.415     ] | DriftLimit: 0.0350 | FloorLimit: 0.4700 ---
2026-04-24 13:38:00,917 - [ENV] - --- EPISODE START | Scenario: DESCEND | Start: [1.14095425 0.37963361 0.55      ] | Goal: [1.14095425 0.37963361 0.415     ] | DriftLimit: 0.0350 | FloorLimit: 0.4700 ---
2026-04-24 13:38:05,461 - [ENV] - --- EPISODE START | Scenario: TRANSIT | Start: [0.91655043 0.35005985 0.55      ] | Goal: [0.65205533 0.13161374 0.55      ] | DriftLimit: 0.0350 | FloorLimit: 0.4700 ---
2026-04-24 13:38:05,746 - [ENV] - SUCCESS: Goal reached in 9 steps. Dist = 0.0166m
2026-04-24 13:38:05,746 - [ENV] - --- EPISODE START | Scenario: DESCEND | Start: [0.8617285  0.05845341 0.55      ] | Goal: [0.8617285  0.05845341 0.415     ] | DriftLimit: 0.0350 | FloorLimit: 0.4700 ---
2026-04-24 13:38:10,057 - [ENV] - --- EPISODE START | Scenario: DESCEND | Start: [0.83188247 0.46203875 0.55      ] | Goal: [0.83188247 0.46203875 0.415     ] | DriftLimit: 0.0350 | FloorLimit: 0.4700 ---
2026-04-24 13:38:14,360 - [ENV] - --- EPISODE START | Scenario: TRANSIT | Start: [1.02660138 0.42548667 0.55      ] | Goal: [0.73126659 0.37412607 0.55      ] | DriftLimit: 0.0350 | FloorLimit: 0.4700 ---
2026-04-24 13:38:18,927 - [ENV] - --- EPISODE START | Scenario: TRANSIT | Start: [0.86308453 0.50291532 0.55      ] | Goal: [1.13695038 0.18028587 0.55      ] | DriftLimit: 0.0350 | FloorLimit: 0.4700 ---
2026-04-24 13:38:23,490 - [ENV] - --- EPISODE START | Scenario: TRANSIT | Start: [0.8256229  0.15594197 0.55      ] | Goal: [0.65117943 0.28871454 0.55      ] | DriftLimit: 0.0350 | FloorLimit: 0.4700 ---
2026-04-24 13:38:27,839 - [ENV] - --- EPISODE START | Scenario: ASCEND | Start: [1.09876213 0.48244406 0.415     ] | Goal: [1.09876213 0.48244406 0.55      ] | DriftLimit: 0.0350 | FloorLimit: 0.4700 ---
2026-04-24 13:39:37,096 - [ENV] - --- EPISODE START | Scenario: TRANSIT | Start: [0.63482432 0.32413546 0.55      ] | Goal: [1.06611068 0.22582984 0.55      ] | DriftLimit: 0.0350 | FloorLimit: 0.4700 ---
2026-04-24 13:39:41,459 - [ENV] - --- EPISODE START | Scenario: TRANSIT | Start: [0.91946274 0.23054005 0.55      ] | Goal: [0.80072221 0.30261659 0.55      ] | DriftLimit: 0.0350 | FloorLimit: 0.4700 ---
2026-04-24 13:39:46,037 - [ENV] - --- EPISODE START | Scenario: TRANSIT | Start: [1.11665736 0.40694407 0.55      ] | Goal: [0.96706889 0.23407636 0.55      ] | DriftLimit: 0.0350 | FloorLimit: 0.4700 ---
2026-04-24 13:39:50,202 - [ENV] - --- EPISODE START | Scenario: DESCEND | Start: [0.83732709 0.20115983 0.55      ] | Goal: [0.83732709 0.20115983 0.415     ] | DriftLimit: 0.0350 | FloorLimit: 0.4700 ---
2026-04-24 13:39:50,606 - [ENV] - SUCCESS: Goal reached in 15 steps. Dist = 0.0100m
2026-04-24 13:39:50,607 - [ENV] - --- EPISODE START | Scenario: ASCEND | Start: [0.61988411 0.02784548 0.415     ] | Goal: [0.61988411 0.02784548 0.55      ] | DriftLimit: 0.0350 | FloorLimit: 0.4700 ---
2026-04-24 13:39:50,767 - [ENV] - TERMINATED (Ascend): Tube Drift = 0.0547m (Max 0.0350m) at step 3
2026-04-24 13:39:50,767 - [ENV] - Episode ended without success at step 3. Final dist: 0.1255m
2026-04-24 13:39:50,768 - [ENV] - --- EPISODE START | Scenario: TRANSIT | Start: [0.84636546 0.19821148 0.55      ] | Goal: [1.11532558 0.35204697 0.55      ] | DriftLimit: 0.0350 | FloorLimit: 0.4700 ---
2026-04-24 13:39:55,360 - [ENV] - --- EPISODE START | Scenario: TRANSIT | Start: [0.81089786 0.21413963 0.55      ] | Goal: [0.61308114 0.48336692 0.55      ] | DriftLimit: 0.0350 | FloorLimit: 0.4700 ---
2026-04-24 13:39:59,739 - [ENV] - --- EPISODE START | Scenario: DESCEND | Start: [0.99989288 0.22228842 0.55      ] | Goal: [0.99989288 0.22228842 0.415     ] | DriftLimit: 0.0350 | FloorLimit: 0.4700 ---
2026-04-24 13:39:59,950 - [ENV] - SUCCESS: Goal reached in 7 steps. Dist = 0.0086m
2026-04-24 13:39:59,951 - [ENV] - --- EPISODE START | Scenario: TRANSIT | Start: [0.89982168 0.22053629 0.55      ] | Goal: [ 7.28882199e-01 -1.33555703e-04  5.50000000e-01] | DriftLimit: 0.0350 | FloorLimit: 0.4700 ---
2026-04-24 13:40:04,257 - [ENV] - --- EPISODE START | Scenario: DESCEND | Start: [0.71103169 0.35881259 0.55      ] | Goal: [0.71103169 0.35881259 0.41      ] | DriftLimit: 0.0350 | FloorLimit: 0.4700 ---
2026-04-24 13:40:08,754 - [ENV] - --- EPISODE START | Scenario: TRANSIT | Start: [0.97336554 0.18897567 0.55      ] | Goal: [0.63113194 0.10479875 0.55      ] | DriftLimit: 0.0350 | FloorLimit: 0.4700 ---
2026-04-24 13:40:13,155 - [ENV] - --- EPISODE START | Scenario: TRANSIT | Start: [0.89784113 0.47626365 0.55      ] | Goal: [0.67308132 0.06516728 0.55      ] | DriftLimit: 0.0350 | FloorLimit: 0.4700 ---
2026-04-24 13:40:17,429 - [ENV] - --- EPISODE START | Scenario: TRANSIT | Start: [0.7555602  0.18854426 0.55      ] | Goal: [0.93081181 0.15144598 0.55      ] | DriftLimit: 0.0350 | FloorLimit: 0.4700 ---
2026-04-24 13:40:22,473 - [ENV] - --- EPISODE START | Scenario: TRANSIT | Start: [0.89425253 0.12727509 0.55      ] | Goal: [0.6222261 0.0411617 0.55     ] | DriftLimit: 0.0350 | FloorLimit: 0.4700 ---
2026-04-24 13:40:27,037 - [ENV] - --- EPISODE START | Scenario: DESCEND | Start: [0.82696899 0.16391972 0.55      ] | Goal: [0.82696899 0.16391972 0.415     ] | DriftLimit: 0.0350 | FloorLimit: 0.4700 ---
2026-04-24 13:40:30,818 - [ENV] - SUCCESS: Goal reached in 137 steps. Dist = 0.0096m
2026-04-24 13:40:30,819 - [ENV] - --- EPISODE START | Scenario: DESCEND | Start: [1.06592875 0.01960181 0.55      ] | Goal: [1.06592875 0.01960181 0.41      ] | DriftLimit: 0.0350 | FloorLimit: 0.4700 ---
2026-04-24 13:40:35,566 - [ENV] - --- EPISODE START | Scenario: DESCEND | Start: [0.64130274 0.43663478 0.55      ] | Goal: [0.64130274 0.43663478 0.415     ] | DriftLimit: 0.0350 | FloorLimit: 0.4700 ---
2026-04-24 13:41:43,581 - [ENV] - --- EPISODE START | Scenario: TRANSIT | Start: [0.96352043 0.32141147 0.55      ] | Goal: [1.15188063 0.02280188 0.55      ] | DriftLimit: 0.0350 | FloorLimit: 0.4700 ---
2026-04-24 13:41:48,389 - [ENV] - --- EPISODE START | Scenario: TRANSIT | Start: [0.75883537 0.33216094 0.55      ] | Goal: [0.95294715 0.21651336 0.55      ] | DriftLimit: 0.0350 | FloorLimit: 0.4700 ---
2026-04-24 13:41:52,925 - [ENV] - --- EPISODE START | Scenario: TRANSIT | Start: [1.14478253 0.50226964 0.55      ] | Goal: [0.96929019 0.10282781 0.55      ] | DriftLimit: 0.0350 | FloorLimit: 0.4700 ---
2026-04-24 13:41:57,479 - [ENV] - --- EPISODE START | Scenario: TRANSIT | Start: [0.88060868 0.50467992 0.55      ] | Goal: [0.71114902 0.03066237 0.55      ] | DriftLimit: 0.0350 | FloorLimit: 0.4700 ---
2026-04-24 13:42:02,529 - [ENV] - --- EPISODE START | Scenario: DESCEND | Start: [1.12014684 0.15996992 0.55      ] | Goal: [1.12014684 0.15996992 0.415     ] | DriftLimit: 0.0350 | FloorLimit: 0.4700 ---
2026-04-24 13:42:02,811 - [ENV] - SUCCESS: Goal reached in 7 steps. Dist = 0.0095m
2026-04-24 13:42:02,811 - [ENV] - --- EPISODE START | Scenario: ASCEND | Start: [0.85926716 0.13325531 0.415     ] | Goal: [0.85926716 0.13325531 0.55      ] | DriftLimit: 0.0350 | FloorLimit: 0.4700 ---
2026-04-24 13:42:02,966 - [ENV] - TERMINATED (Ascend): Tube Drift = 0.0632m (Max 0.0350m) at step 3
2026-04-24 13:42:02,966 - [ENV] - Episode ended without success at step 3. Final dist: 0.1095m
2026-04-24 13:42:02,967 - [ENV] - --- EPISODE START | Scenario: DESCEND | Start: [0.8180509  0.17187648 0.55      ] | Goal: [0.8180509  0.17187648 0.41      ] | DriftLimit: 0.0350 | FloorLimit: 0.4700 ---
2026-04-24 13:42:03,780 - [ENV] - TERMINATED (Descend): Tube Drift = 0.0353m (Max 0.0350m) at step 30
2026-04-24 13:42:03,780 - [ENV] - Episode ended without success at step 30. Final dist: 0.0362m
2026-04-24 13:42:03,780 - [ENV] - --- EPISODE START | Scenario: ASCEND | Start: [0.81758891 0.49260397 0.415     ] | Goal: [0.81758891 0.49260397 0.55      ] | DriftLimit: 0.0350 | FloorLimit: 0.4700 ---
2026-04-24 13:42:08,194 - [ENV] - --- EPISODE START | Scenario: DESCEND | Start: [1.02356981 0.2363497  0.55      ] | Goal: [1.02356981 0.2363497  0.41      ] | DriftLimit: 0.0350 | FloorLimit: 0.4700 ---
2026-04-24 13:42:12,811 - [ENV] - --- EPISODE START | Scenario: ASCEND | Start: [0.98018604 0.49367016 0.415     ] | Goal: [0.98018604 0.49367016 0.55      ] | DriftLimit: 0.0350 | FloorLimit: 0.4700 ---
2026-04-24 13:42:17,300 - [ENV] - --- EPISODE START | Scenario: TRANSIT | Start: [0.95748624 0.53862615 0.55      ] | Goal: [0.77382236 0.49180591 0.55      ] | DriftLimit: 0.0350 | FloorLimit: 0.4700 ---
2026-04-24 13:42:21,868 - [ENV] - --- EPISODE START | Scenario: ASCEND | Start: [1.14109217 0.36736806 0.415     ] | Goal: [1.14109217 0.36736806 0.55      ] | DriftLimit: 0.0350 | FloorLimit: 0.4700 ---
2026-04-24 13:42:22,003 - [ENV] - TERMINATED (Ascend): Tube Drift = 0.0468m (Max 0.0350m) at step 2
2026-04-24 13:42:22,004 - [ENV] - Episode ended without success at step 2. Final dist: 0.1136m
2026-04-24 13:42:22,004 - [ENV] - --- EPISODE START | Scenario: ASCEND | Start: [1.13530466 0.11887297 0.415     ] | Goal: [1.13530466 0.11887297 0.55      ] | DriftLimit: 0.0350 | FloorLimit: 0.4700 ---
2026-04-24 13:42:22,202 - [ENV] - TERMINATED (Ascend): Tube Drift = 0.0512m (Max 0.0350m) at step 4
2026-04-24 13:42:22,202 - [ENV] - Episode ended without success at step 4. Final dist: 0.1166m
2026-04-24 13:42:22,203 - [ENV] - --- EPISODE START | Scenario: DESCEND | Start: [0.61077677 0.3180395  0.55      ] | Goal: [0.61077677 0.3180395  0.415     ] | DriftLimit: 0.0350 | FloorLimit: 0.4700 ---
2026-04-24 13:42:26,827 - [ENV] - --- EPISODE START | Scenario: TRANSIT | Start: [0.95243869 0.24893795 0.55      ] | Goal: [0.95269318 0.36830744 0.55      ] | DriftLimit: 0.0350 | FloorLimit: 0.4700 ---
2026-04-24 13:42:31,353 - [ENV] - --- EPISODE START | Scenario: DESCEND | Start: [0.67370234 0.17236168 0.55      ] | Goal: [0.67370234 0.17236168 0.41      ] | DriftLimit: 0.0350 | FloorLimit: 0.4700 ---
2026-04-24 13:42:31,656 - [ENV] - TERMINATED (Descend): Tube Drift = 0.0361m (Max 0.0350m) at step 10
2026-04-24 13:42:31,656 - [ENV] - Episode ended without success at step 10. Final dist: 0.0374m
2026-04-24 13:42:31,657 - [ENV] - --- EPISODE START | Scenario: TRANSIT | Start: [1.13721388 0.06971144 0.55      ] | Goal: [0.8363707  0.52956855 0.55      ] | DriftLimit: 0.0350 | FloorLimit: 0.4700 ---
2026-04-24 13:42:35,988 - [ENV] - --- EPISODE START | Scenario: DESCEND | Start: [1.00548302 0.27096277 0.55      ] | Goal: [1.00548302 0.27096277 0.415     ] | DriftLimit: 0.0350 | FloorLimit: 0.4700 ---
2026-04-24 13:42:36,324 - [ENV] - SUCCESS: Goal reached in 8 steps. Dist = 0.0094m
2026-04-24 13:42:36,326 - [ENV] - --- EPISODE START | Scenario: TRANSIT | Start: [1.03596266 0.38501021 0.55      ] | Goal: [0.71396994 0.17246946 0.55      ] | DriftLimit: 0.0350 | FloorLimit: 0.4700 ---
2026-04-24 13:42:40,625 - [ENV] - --- EPISODE START | Scenario: DESCEND | Start: [0.95850496 0.3801474  0.55      ] | Goal: [0.95850496 0.3801474  0.415     ] | DriftLimit: 0.0350 | FloorLimit: 0.4700 ---
2026-04-24 13:42:45,207 - [ENV] - --- EPISODE START | Scenario: ASCEND | Start: [0.71083743 0.10216988 0.415     ] | Goal: [0.71083743 0.10216988 0.55      ] | DriftLimit: 0.0350 | FloorLimit: 0.4700 ---
2026-04-24 13:43:48,881 - [ENV] - --- EPISODE START | Scenario: ASCEND | Start: [0.74389204 0.06060028 0.415     ] | Goal: [0.74389204 0.06060028 0.55      ] | DriftLimit: 0.0350 | FloorLimit: 0.4700 ---
2026-04-24 13:43:49,029 - [ENV] - TERMINATED (Ascend): Tube Drift = 0.0436m (Max 0.0350m) at step 3
2026-04-24 13:43:49,030 - [ENV] - Episode ended without success at step 3. Final dist: 0.1166m
2026-04-24 13:43:49,030 - [ENV] - --- EPISODE START | Scenario: ASCEND | Start: [0.9599055  0.17721299 0.415     ] | Goal: [0.9599055  0.17721299 0.55      ] | DriftLimit: 0.0350 | FloorLimit: 0.4700 ---
2026-04-24 13:43:53,566 - [ENV] - --- EPISODE START | Scenario: ASCEND | Start: [0.8993011  0.46160421 0.415     ] | Goal: [0.8993011  0.46160421 0.55      ] | DriftLimit: 0.0350 | FloorLimit: 0.4700 ---
2026-04-24 13:43:58,083 - [ENV] - --- EPISODE START | Scenario: ASCEND | Start: [1.034354   0.35131796 0.415     ] | Goal: [1.034354   0.35131796 0.55      ] | DriftLimit: 0.0350 | FloorLimit: 0.4700 ---
2026-04-24 13:43:58,228 - [ENV] - TERMINATED (Ascend): Tube Drift = 0.0444m (Max 0.0350m) at step 2
2026-04-24 13:43:58,228 - [ENV] - Episode ended without success at step 2. Final dist: 0.1095m
2026-04-24 13:43:58,229 - [ENV] - --- EPISODE START | Scenario: DESCEND | Start: [1.10534589 0.36837275 0.55      ] | Goal: [1.10534589 0.36837275 0.41      ] | DriftLimit: 0.0350 | FloorLimit: 0.4700 ---
2026-04-24 13:43:58,879 - [ENV] - SUCCESS: Goal reached in 23 steps. Dist = 0.0100m
2026-04-24 13:43:58,880 - [ENV] - --- EPISODE START | Scenario: ASCEND | Start: [0.7416116  0.37218635 0.415     ] | Goal: [0.7416116  0.37218635 0.55      ] | DriftLimit: 0.0350 | FloorLimit: 0.4700 ---
2026-04-24 13:43:59,051 - [ENV] - TERMINATED (Ascend): Tube Drift = 0.0396m (Max 0.0350m) at step 2
2026-04-24 13:43:59,052 - [ENV] - Episode ended without success at step 2. Final dist: 0.1202m
2026-04-24 13:43:59,053 - [ENV] - --- EPISODE START | Scenario: DESCEND | Start: [1.12477011 0.2736881  0.55      ] | Goal: [1.12477011 0.2736881  0.41      ] | DriftLimit: 0.0350 | FloorLimit: 0.4700 ---
2026-04-24 13:43:59,361 - [ENV] - SUCCESS: Goal reached in 8 steps. Dist = 0.0099m
2026-04-24 13:43:59,362 - [ENV] - --- EPISODE START | Scenario: ASCEND | Start: [1.13071337 0.28106957 0.415     ] | Goal: [1.13071337 0.28106957 0.55      ] | DriftLimit: 0.0350 | FloorLimit: 0.4700 ---
2026-04-24 13:44:04,191 - [ENV] - --- EPISODE START | Scenario: TRANSIT | Start: [0.8543486  0.45419324 0.55      ] | Goal: [1.10523403 0.45392908 0.55      ] | DriftLimit: 0.0350 | FloorLimit: 0.4700 ---
2026-04-24 13:44:08,895 - [ENV] - --- EPISODE START | Scenario: DESCEND | Start: [1.14812385 0.10875672 0.55      ] | Goal: [1.14812385 0.10875672 0.41      ] | DriftLimit: 0.0350 | FloorLimit: 0.4700 ---
2026-04-24 13:44:09,083 - [ENV] - SUCCESS: Goal reached in 5 steps. Dist = 0.0095m
2026-04-24 13:44:09,084 - [ENV] - --- EPISODE START | Scenario: ASCEND | Start: [0.73317197 0.11557614 0.415     ] | Goal: [0.73317197 0.11557614 0.55      ] | DriftLimit: 0.0350 | FloorLimit: 0.4700 ---
2026-04-24 13:44:09,275 - [ENV] - TERMINATED (Ascend): Tube Drift = 0.0562m (Max 0.0350m) at step 3
2026-04-24 13:44:09,275 - [ENV] - Episode ended without success at step 3. Final dist: 0.1333m
2026-04-24 13:44:09,275 - [ENV] - --- EPISODE START | Scenario: DESCEND | Start: [0.81417701 0.19614343 0.55      ] | Goal: [0.81417701 0.19614343 0.41      ] | DriftLimit: 0.0350 | FloorLimit: 0.4700 ---
2026-04-24 13:44:09,796 - [ENV] - TERMINATED (Descend): Tube Drift = 0.0362m (Max 0.0350m) at step 18
2026-04-24 13:44:09,797 - [ENV] - Episode ended without success at step 18. Final dist: 0.0372m
2026-04-24 13:44:09,797 - [ENV] - --- EPISODE START | Scenario: DESCEND | Start: [0.82197883 0.49083401 0.55      ] | Goal: [0.82197883 0.49083401 0.415     ] | DriftLimit: 0.0350 | FloorLimit: 0.4700 ---
2026-04-24 13:44:10,798 - [ENV] - TERMINATED (Descend): Tube Drift = 0.0354m (Max 0.0350m) at step 24
2026-04-24 13:44:10,798 - [ENV] - Episode ended without success at step 24. Final dist: 0.0354m
2026-04-24 13:44:10,798 - [ENV] - --- EPISODE START | Scenario: DESCEND | Start: [0.90973746 0.13719201 0.55      ] | Goal: [0.90973746 0.13719201 0.41      ] | DriftLimit: 0.0350 | FloorLimit: 0.4700 ---
2026-04-24 13:44:11,952 - [ENV] - TERMINATED (Descend): Tube Drift = 0.0350m (Max 0.0350m) at step 43
2026-04-24 13:44:11,952 - [ENV] - Episode ended without success at step 43. Final dist: 0.0359m
2026-04-24 13:44:11,953 - [ENV] - --- EPISODE START | Scenario: DESCEND | Start: [0.91317983 0.13588757 0.55      ] | Goal: [0.91317983 0.13588757 0.415     ] | DriftLimit: 0.0350 | FloorLimit: 0.4700 ---
2026-04-24 13:44:12,145 - [ENV] - SUCCESS: Goal reached in 4 steps. Dist = 0.0092m
2026-04-24 13:44:12,146 - [ENV] - --- EPISODE START | Scenario: DESCEND | Start: [0.81125758 0.24141448 0.55      ] | Goal: [0.81125758 0.24141448 0.41      ] | DriftLimit: 0.0350 | FloorLimit: 0.4700 ---
2026-04-24 13:44:12,638 - [ENV] - TERMINATED (Descend): Tube Drift = 0.0354m (Max 0.0350m) at step 16
2026-04-24 13:44:12,638 - [ENV] - Episode ended without success at step 16. Final dist: 0.0365m
2026-04-24 13:44:12,639 - [ENV] - --- EPISODE START | Scenario: DESCEND | Start: [0.98256104 0.24347747 0.55      ] | Goal: [0.98256104 0.24347747 0.41      ] | DriftLimit: 0.0350 | FloorLimit: 0.4700 ---
2026-04-24 13:44:17,219 - [ENV] - --- EPISODE START | Scenario: TRANSIT | Start: [0.70344928 0.3360019  0.55      ] | Goal: [0.61098886 0.01015411 0.55      ] | DriftLimit: 0.0350 | FloorLimit: 0.4700 ---
2026-04-24 13:44:22,055 - [ENV] - --- EPISODE START | Scenario: ASCEND | Start: [1.05553235 0.15942108 0.415     ] | Goal: [1.05553235 0.15942108 0.55      ] | DriftLimit: 0.0350 | FloorLimit: 0.4700 ---
2026-04-24 13:44:26,810 - [ENV] - --- EPISODE START | Scenario: DESCEND | Start: [0.66290798 0.40312807 0.55      ] | Goal: [0.66290798 0.40312807 0.415     ] | DriftLimit: 0.0350 | FloorLimit: 0.4700 ---
2026-04-24 13:44:28,030 - [ENV] - SUCCESS: Goal reached in 40 steps. Dist = 0.0098m
2026-04-24 13:44:28,031 - [ENV] - --- EPISODE START | Scenario: DESCEND | Start: [1.12562134 0.05682801 0.55      ] | Goal: [1.12562134 0.05682801 0.415     ] | DriftLimit: 0.0350 | FloorLimit: 0.4700 ---
2026-04-24 13:44:28,275 - [ENV] - SUCCESS: Goal reached in 6 steps. Dist = 0.0099m
2026-04-24 13:44:28,276 - [ENV] - --- EPISODE START | Scenario: TRANSIT | Start: [1.01097411 0.43742419 0.55      ] | Goal: [1.11193185 0.30499222 0.55      ] | DriftLimit: 0.0350 | FloorLimit: 0.4700 ---
2026-04-24 13:44:32,961 - [ENV] - --- EPISODE START | Scenario: DESCEND | Start: [1.14916605 0.17304847 0.55      ] | Goal: [1.14916605 0.17304847 0.415     ] | DriftLimit: 0.0350 | FloorLimit: 0.4700 ---
2026-04-24 13:44:33,260 - [ENV] - SUCCESS: Goal reached in 4 steps. Dist = 0.0057m
2026-04-24 13:44:33,261 - [ENV] - --- EPISODE START | Scenario: ASCEND | Start: [0.73133477 0.32414543 0.415     ] | Goal: [0.73133477 0.32414543 0.55      ] | DriftLimit: 0.0350 | FloorLimit: 0.4700 ---
2026-04-24 13:44:37,865 - [ENV] - --- EPISODE START | Scenario: ASCEND | Start: [1.02839941 0.45106008 0.415     ] | Goal: [1.02839941 0.45106008 0.55      ] | DriftLimit: 0.0350 | FloorLimit: 0.4700 ---
2026-04-24 13:44:38,039 - [ENV] - TERMINATED (Ascend): Tube Drift = 0.0390m (Max 0.0350m) at step 2
2026-04-24 13:44:38,039 - [ENV] - Episode ended without success at step 2. Final dist: 0.1066m
2026-04-24 13:44:38,041 - [ENV] - --- EPISODE START | Scenario: TRANSIT | Start: [0.91906403 0.42022159 0.55      ] | Goal: [0.65717254 0.40794767 0.55      ] | DriftLimit: 0.0350 | FloorLimit: 0.4700 ---
2026-04-24 13:44:43,030 - [ENV] - --- EPISODE START | Scenario: ASCEND | Start: [0.74362407 0.51838265 0.415     ] | Goal: [0.74362407 0.51838265 0.55      ] | DriftLimit: 0.0350 | FloorLimit: 0.4700 ---
2026-04-24 13:44:43,208 - [ENV] - TERMINATED (Ascend): Tube Drift = 0.0444m (Max 0.0350m) at step 3
2026-04-24 13:44:43,208 - [ENV] - Episode ended without success at step 3. Final dist: 0.1030m
2026-04-24 13:44:43,209 - [ENV] - --- EPISODE START | Scenario: ASCEND | Start: [0.8129831  0.04819988 0.415     ] | Goal: [0.8129831  0.04819988 0.55      ] | DriftLimit: 0.0350 | FloorLimit: 0.4700 ---
2026-04-24 13:44:43,371 - [ENV] - TERMINATED (Ascend): Tube Drift = 0.0610m (Max 0.0350m) at step 3
2026-04-24 13:44:43,371 - [ENV] - Episode ended without success at step 3. Final dist: 0.1242m
2026-04-24 13:44:43,372 - [ENV] - --- EPISODE START | Scenario: TRANSIT | Start: [1.02178996 0.19924911 0.55      ] | Goal: [0.99652622 0.4015877  0.55      ] | DriftLimit: 0.0350 | FloorLimit: 0.4700 ---
2026-04-24 13:44:47,776 - [ENV] - --- EPISODE START | Scenario: ASCEND | Start: [0.6106714  0.10120404 0.415     ] | Goal: [0.6106714  0.10120404 0.55      ] | DriftLimit: 0.0350 | FloorLimit: 0.4700 ---
2026-04-24 13:44:52,393 - [ENV] - --- EPISODE START | Scenario: TRANSIT | Start: [0.76858692 0.18095944 0.55      ] | Goal: [0.60709234 0.37544201 0.55      ] | DriftLimit: 0.0350 | FloorLimit: 0.4700 ---
2026-04-24 13:45:50,507 - [ENV] - --- EPISODE START | Scenario: TRANSIT | Start: [ 0.61841476 -0.00066192  0.55      ] | Goal: [0.77542131 0.4282224  0.55      ] | DriftLimit: 0.0350 | FloorLimit: 0.4700 ---
2026-04-24 13:45:55,121 - [ENV] - --- EPISODE START | Scenario: DESCEND | Start: [0.9913766  0.48070278 0.55      ] | Goal: [0.9913766  0.48070278 0.415     ] | DriftLimit: 0.0350 | FloorLimit: 0.4700 ---
2026-04-24 13:45:56,273 - [ENV] - TERMINATED (Descend): Tube Drift = 0.0351m (Max 0.0350m) at step 26
2026-04-24 13:45:56,274 - [ENV] - Episode ended without success at step 26. Final dist: 0.0352m
2026-04-24 13:45:56,274 - [ENV] - --- EPISODE START | Scenario: DESCEND | Start: [0.86273958 0.26522025 0.55      ] | Goal: [0.86273958 0.26522025 0.41      ] | DriftLimit: 0.0350 | FloorLimit: 0.4700 ---
2026-04-24 13:45:56,810 - [ENV] - TERMINATED (Descend): Tube Drift = 0.0352m (Max 0.0350m) at step 14
2026-04-24 13:45:56,810 - [ENV] - Episode ended without success at step 14. Final dist: 0.0365m
2026-04-24 13:45:56,811 - [ENV] - --- EPISODE START | Scenario: DESCEND | Start: [1.05478265 0.24144605 0.55      ] | Goal: [1.05478265 0.24144605 0.41      ] | DriftLimit: 0.0350 | FloorLimit: 0.4700 ---
2026-04-24 13:46:01,156 - [ENV] - --- EPISODE START | Scenario: ASCEND | Start: [0.83436564 0.18555591 0.415     ] | Goal: [0.83436564 0.18555591 0.55      ] | DriftLimit: 0.0350 | FloorLimit: 0.4700 ---
2026-04-24 13:46:05,569 - [ENV] - --- EPISODE START | Scenario: TRANSIT | Start: [0.93563679 0.25998335 0.55      ] | Goal: [0.86726662 0.08721082 0.55      ] | DriftLimit: 0.0350 | FloorLimit: 0.4700 ---
2026-04-24 13:46:09,936 - [ENV] - --- EPISODE START | Scenario: ASCEND | Start: [0.60025346 0.54304172 0.415     ] | Goal: [0.60025346 0.54304172 0.55      ] | DriftLimit: 0.0350 | FloorLimit: 0.4700 ---
2026-04-24 13:46:10,131 - [ENV] - TERMINATED (Ascend): Tube Drift = 0.0624m (Max 0.0350m) at step 4
2026-04-24 13:46:10,131 - [ENV] - Episode ended without success at step 4. Final dist: 0.1218m
2026-04-24 13:46:10,132 - [ENV] - --- EPISODE START | Scenario: ASCEND | Start: [1.07204947 0.29186187 0.415     ] | Goal: [1.07204947 0.29186187 0.55      ] | DriftLimit: 0.0350 | FloorLimit: 0.4700 ---
2026-04-24 13:46:10,269 - [ENV] - TERMINATED (Ascend): Tube Drift = 0.0450m (Max 0.0350m) at step 2
2026-04-24 13:46:10,269 - [ENV] - Episode ended without success at step 2. Final dist: 0.1142m
2026-04-24 13:46:10,270 - [ENV] - --- EPISODE START | Scenario: ASCEND | Start: [0.80418894 0.39458983 0.415     ] | Goal: [0.80418894 0.39458983 0.55      ] | DriftLimit: 0.0350 | FloorLimit: 0.4700 ---
2026-04-24 13:46:14,073 - [ENV] - TERMINATED (Ascend): Tube Drift = 0.0354m (Max 0.0350m) at step 145
2026-04-24 13:46:14,073 - [ENV] - Episode ended without success at step 145. Final dist: 0.0397m
2026-04-24 13:46:14,074 - [ENV] - --- EPISODE START | Scenario: TRANSIT | Start: [0.85844277 0.02218145 0.55      ] | Goal: [0.81945512 0.31388359 0.55      ] | DriftLimit: 0.0350 | FloorLimit: 0.4700 ---
2026-04-24 13:46:14,313 - [ENV] - SUCCESS: Goal reached in 10 steps. Dist = 0.0034m
2026-04-24 13:46:14,314 - [ENV] - --- EPISODE START | Scenario: ASCEND | Start: [1.05005581 0.31204372 0.415     ] | Goal: [1.05005581 0.31204372 0.55      ] | DriftLimit: 0.0350 | FloorLimit: 0.4700 ---
2026-04-24 13:46:14,460 - [ENV] - TERMINATED (Ascend): Tube Drift = 0.0411m (Max 0.0350m) at step 2
2026-04-24 13:46:14,461 - [ENV] - Episode ended without success at step 2. Final dist: 0.1089m
2026-04-24 13:46:14,462 - [ENV] - --- EPISODE START | Scenario: TRANSIT | Start: [0.62292329 0.53458423 0.55      ] | Goal: [0.62334097 0.39402735 0.55      ] | DriftLimit: 0.0350 | FloorLimit: 0.4700 ---
2026-04-24 13:46:18,739 - [ENV] - --- EPISODE START | Scenario: ASCEND | Start: [1.08227228 0.28637201 0.415     ] | Goal: [1.08227228 0.28637201 0.55      ] | DriftLimit: 0.0350 | FloorLimit: 0.4700 ---
2026-04-24 13:46:23,076 - [ENV] - --- EPISODE START | Scenario: DESCEND | Start: [0.90782721 0.47987905 0.55      ] | Goal: [0.90782721 0.47987905 0.41      ] | DriftLimit: 0.0350 | FloorLimit: 0.4700 ---
2026-04-24 13:46:27,325 - [ENV] - --- EPISODE START | Scenario: ASCEND | Start: [0.829206   0.09586372 0.415     ] | Goal: [0.829206   0.09586372 0.55      ] | DriftLimit: 0.0350 | FloorLimit: 0.4700 ---
2026-04-24 13:46:27,472 - [ENV] - TERMINATED (Ascend): Tube Drift = 0.0586m (Max 0.0350m) at step 3
2026-04-24 13:46:27,472 - [ENV] - Episode ended without success at step 3. Final dist: 0.1174m
2026-04-24 13:46:27,473 - [ENV] - --- EPISODE START | Scenario: ASCEND | Start: [0.96534609 0.3340799  0.415     ] | Goal: [0.96534609 0.3340799  0.55      ] | DriftLimit: 0.0350 | FloorLimit: 0.4700 ---
2026-04-24 13:46:27,632 - [ENV] - TERMINATED (Ascend): Tube Drift = 0.0371m (Max 0.0350m) at step 2
2026-04-24 13:46:27,632 - [ENV] - Episode ended without success at step 2. Final dist: 0.1106m
2026-04-24 13:46:27,633 - [ENV] - --- EPISODE START | Scenario: TRANSIT | Start: [0.86388271 0.44295389 0.55      ] | Goal: [1.01310687 0.42275757 0.55      ] | DriftLimit: 0.0350 | FloorLimit: 0.4700 ---
2026-04-24 13:46:32,424 - [ENV] - --- EPISODE START | Scenario: DESCEND | Start: [0.89087417 0.05801551 0.55      ] | Goal: [0.89087417 0.05801551 0.41      ] | DriftLimit: 0.0350 | FloorLimit: 0.4700 ---
2026-04-24 13:46:33,017 - [ENV] - SUCCESS: Goal reached in 12 steps. Dist = 0.0096m
2026-04-24 13:46:33,018 - [ENV] - --- EPISODE START | Scenario: ASCEND | Start: [0.92932357 0.33908128 0.415     ] | Goal: [0.92932357 0.33908128 0.55      ] | DriftLimit: 0.0350 | FloorLimit: 0.4700 ---
2026-04-24 13:46:37,389 - [ENV] - --- EPISODE START | Scenario: ASCEND | Start: [0.69741877 0.03046311 0.415     ] | Goal: [0.69741877 0.03046311 0.55      ] | DriftLimit: 0.0350 | FloorLimit: 0.4700 ---
2026-04-24 13:46:41,852 - [ENV] - --- EPISODE START | Scenario: ASCEND | Start: [0.98527172 0.42805384 0.415     ] | Goal: [0.98527172 0.42805384 0.55      ] | DriftLimit: 0.0350 | FloorLimit: 0.4700 ---
2026-04-24 13:46:42,011 - [ENV] - TERMINATED (Ascend): Tube Drift = 0.0368m (Max 0.0350m) at step 2
2026-04-24 13:46:42,012 - [ENV] - Episode ended without success at step 2. Final dist: 0.1070m
2026-04-24 13:46:42,013 - [ENV] - --- EPISODE START | Scenario: TRANSIT | Start: [0.9632723  0.04663573 0.55      ] | Goal: [0.63314389 0.26469435 0.55      ] | DriftLimit: 0.0350 | FloorLimit: 0.4700 ---
2026-04-24 13:46:46,465 - [ENV] - --- EPISODE START | Scenario: ASCEND | Start: [0.70005698 0.26061839 0.415     ] | Goal: [0.70005698 0.26061839 0.55      ] | DriftLimit: 0.0350 | FloorLimit: 0.4700 ---
2026-04-24 13:46:51,571 - [ENV] - --- EPISODE START | Scenario: DESCEND | Start: [1.03264871 0.05350039 0.55      ] | Goal: [1.03264871 0.05350039 0.415     ] | DriftLimit: 0.0350 | FloorLimit: 0.4700 ---
2026-04-24 13:46:51,748 - [ENV] - SUCCESS: Goal reached in 5 steps. Dist = 0.0092m
2026-04-24 13:46:51,748 - [ENV] - --- EPISODE START | Scenario: TRANSIT | Start: [1.04993559 0.09236605 0.55      ] | Goal: [0.92052665 0.1194622  0.55      ] | DriftLimit: 0.0350 | FloorLimit: 0.4700 ---
2026-04-24 13:47:44,062 - [ENV] - --- EPISODE START | Scenario: TRANSIT | Start: [0.66020943 0.54368104 0.55      ] | Goal: [0.83479006 0.31792389 0.55      ] | DriftLimit: 0.0350 | FloorLimit: 0.4700 ---
2026-04-24 13:47:49,289 - [ENV] - --- EPISODE START | Scenario: ASCEND | Start: [0.96898943 0.46885079 0.415     ] | Goal: [0.96898943 0.46885079 0.55      ] | DriftLimit: 0.0350 | FloorLimit: 0.4700 ---
2026-04-24 13:47:49,472 - [ENV] - TERMINATED (Ascend): Tube Drift = 0.0369m (Max 0.0350m) at step 2
2026-04-24 13:47:49,473 - [ENV] - Episode ended without success at step 2. Final dist: 0.1041m
2026-04-24 13:47:49,474 - [ENV] - --- EPISODE START | Scenario: TRANSIT | Start: [0.97063503 0.02001096 0.55      ] | Goal: [1.10237747 0.35855076 0.55      ] | DriftLimit: 0.0350 | FloorLimit: 0.4700 ---
2026-04-24 13:47:53,757 - [ENV] - --- EPISODE START | Scenario: ASCEND | Start: [0.66201431 0.46573122 0.415     ] | Goal: [0.66201431 0.46573122 0.55      ] | DriftLimit: 0.0350 | FloorLimit: 0.4700 ---
2026-04-24 13:47:53,941 - [ENV] - TERMINATED (Ascend): Tube Drift = 0.0497m (Max 0.0350m) at step 3
2026-04-24 13:47:53,941 - [ENV] - Episode ended without success at step 3. Final dist: 0.1197m
2026-04-24 13:47:53,942 - [ENV] - --- EPISODE START | Scenario: DESCEND | Start: [0.74461333 0.29504938 0.55      ] | Goal: [0.74461333 0.29504938 0.415     ] | DriftLimit: 0.0350 | FloorLimit: 0.4700 ---
2026-04-24 13:47:54,319 - [ENV] - TERMINATED (Descend): Tube Drift = 0.0351m (Max 0.0350m) at step 13
2026-04-24 13:47:54,320 - [ENV] - Episode ended without success at step 13. Final dist: 0.0354m
2026-04-24 13:47:54,320 - [ENV] - --- EPISODE START | Scenario: TRANSIT | Start: [1.04352392 0.02575143 0.55      ] | Goal: [0.69486229 0.06097574 0.55      ] | DriftLimit: 0.0350 | FloorLimit: 0.4700 ---
2026-04-24 13:47:59,165 - [ENV] - --- EPISODE START | Scenario: TRANSIT | Start: [1.06197249 0.06239602 0.55      ] | Goal: [0.77693332 0.46107706 0.55      ] | DriftLimit: 0.0350 | FloorLimit: 0.4700 ---
2026-04-24 13:48:03,995 - [ENV] - --- EPISODE START | Scenario: ASCEND | Start: [1.07094571 0.52665881 0.415     ] | Goal: [1.07094571 0.52665881 0.55      ] | DriftLimit: 0.0350 | FloorLimit: 0.4700 ---
2026-04-24 13:48:04,141 - [ENV] - TERMINATED (Ascend): Tube Drift = 0.0410m (Max 0.0350m) at step 2
2026-04-24 13:48:04,141 - [ENV] - Episode ended without success at step 2. Final dist: 0.1043m
2026-04-24 13:48:04,141 - [ENV] - --- EPISODE START | Scenario: DESCEND | Start: [0.92283326 0.51339811 0.55      ] | Goal: [0.92283326 0.51339811 0.41      ] | DriftLimit: 0.0350 | FloorLimit: 0.4700 ---
2026-04-24 13:48:04,571 - [ENV] - TERMINATED (Descend): Tube Drift = 0.0352m (Max 0.0350m) at step 15
2026-04-24 13:48:04,571 - [ENV] - Episode ended without success at step 15. Final dist: 0.0362m
2026-04-24 13:48:04,572 - [ENV] - --- EPISODE START | Scenario: TRANSIT | Start: [0.97876333 0.32813051 0.55      ] | Goal: [0.76127799 0.21093166 0.55      ] | DriftLimit: 0.0350 | FloorLimit: 0.4700 ---
2026-04-24 13:48:08,930 - [ENV] - --- EPISODE START | Scenario: ASCEND | Start: [0.69401465 0.07224671 0.415     ] | Goal: [0.69401465 0.07224671 0.55      ] | DriftLimit: 0.0350 | FloorLimit: 0.4700 ---
2026-04-24 13:48:13,521 - [ENV] - --- EPISODE START | Scenario: TRANSIT | Start: [0.86730966 0.3884524  0.55      ] | Goal: [0.98862264 0.44808291 0.55      ] | DriftLimit: 0.0350 | FloorLimit: 0.4700 ---
2026-04-24 13:48:18,163 - [ENV] - --- EPISODE START | Scenario: TRANSIT | Start: [1.11972451 0.47666713 0.55      ] | Goal: [0.87620494 0.15732145 0.55      ] | DriftLimit: 0.0350 | FloorLimit: 0.4700 ---
2026-04-24 13:48:22,704 - [ENV] - --- EPISODE START | Scenario: ASCEND | Start: [0.95971578 0.48077421 0.415     ] | Goal: [0.95971578 0.48077421 0.55      ] | DriftLimit: 0.0350 | FloorLimit: 0.4700 ---
2026-04-24 13:48:23,358 - [ENV] - TERMINATED (Ascend): Tube Drift = 0.0356m (Max 0.0350m) at step 15
2026-04-24 13:48:23,358 - [ENV] - Episode ended without success at step 15. Final dist: 0.0387m
2026-04-24 13:48:23,359 - [ENV] - --- EPISODE START | Scenario: DESCEND | Start: [0.81178027 0.49134308 0.55      ] | Goal: [0.81178027 0.49134308 0.415     ] | DriftLimit: 0.0350 | FloorLimit: 0.4700 ---
2026-04-24 13:48:27,847 - [ENV] - --- EPISODE START | Scenario: TRANSIT | Start: [0.60129366 0.00976651 0.55      ] | Goal: [0.9691623  0.00339709 0.55      ] | DriftLimit: 0.0350 | FloorLimit: 0.4700 ---
2026-04-24 13:48:32,502 - [ENV] - --- EPISODE START | Scenario: DESCEND | Start: [0.78829152 0.10397335 0.55      ] | Goal: [0.78829152 0.10397335 0.415     ] | DriftLimit: 0.0350 | FloorLimit: 0.4700 ---
2026-04-24 13:48:32,683 - [ENV] - SUCCESS: Goal reached in 5 steps. Dist = 0.0094m
2026-04-24 13:48:32,684 - [ENV] - --- EPISODE START | Scenario: DESCEND | Start: [1.03831841 0.1743303  0.55      ] | Goal: [1.03831841 0.1743303  0.415     ] | DriftLimit: 0.0350 | FloorLimit: 0.4700 ---
2026-04-24 13:48:36,957 - [ENV] - --- EPISODE START | Scenario: DESCEND | Start: [0.93889452 0.36932485 0.55      ] | Goal: [0.93889452 0.36932485 0.415     ] | DriftLimit: 0.0350 | FloorLimit: 0.4700 ---
2026-04-24 13:48:38,166 - [ENV] - TERMINATED (Descend): Tube Drift = 0.0350m (Max 0.0350m) at step 35
2026-04-24 13:48:38,167 - [ENV] - Episode ended without success at step 35. Final dist: 0.0351m
2026-04-24 13:48:38,167 - [ENV] - --- EPISODE START | Scenario: ASCEND | Start: [0.76169416 0.12758162 0.415     ] | Goal: [0.76169416 0.12758162 0.55      ] | DriftLimit: 0.0350 | FloorLimit: 0.4700 ---
2026-04-24 13:48:38,337 - [ENV] - TERMINATED (Ascend): Tube Drift = 0.0552m (Max 0.0350m) at step 3
2026-04-24 13:48:38,338 - [ENV] - Episode ended without success at step 3. Final dist: 0.1212m
2026-04-24 13:48:38,339 - [ENV] - --- EPISODE START | Scenario: ASCEND | Start: [1.1436221  0.26917662 0.415     ] | Goal: [1.1436221  0.26917662 0.55      ] | DriftLimit: 0.0350 | FloorLimit: 0.4700 ---
2026-04-24 13:48:42,554 - [ENV] - --- EPISODE START | Scenario: DESCEND | Start: [0.74844944 0.00166951 0.55      ] | Goal: [0.74844944 0.00166951 0.41      ] | DriftLimit: 0.0350 | FloorLimit: 0.4700 ---
2026-04-24 13:48:46,926 - [ENV] - --- EPISODE START | Scenario: ASCEND | Start: [0.66669435 0.51066633 0.415     ] | Goal: [0.66669435 0.51066633 0.55      ] | DriftLimit: 0.0350 | FloorLimit: 0.4700 ---
2026-04-24 13:48:47,107 - [ENV] - TERMINATED (Ascend): Tube Drift = 0.0487m (Max 0.0350m) at step 3
2026-04-24 13:48:47,107 - [ENV] - Episode ended without success at step 3. Final dist: 0.1194m
2026-04-24 13:48:47,107 - [ENV] - --- EPISODE START | Scenario: ASCEND | Start: [0.6918608  0.29744267 0.415     ] | Goal: [0.6918608  0.29744267 0.55      ] | DriftLimit: 0.0350 | FloorLimit: 0.4700 ---
2026-04-24 13:48:47,494 - [ENV] - TERMINATED (Ascend): Tube Drift = 0.0401m (Max 0.0350m) at step 4
2026-04-24 13:48:47,494 - [ENV] - Episode ended without success at step 4. Final dist: 0.1335m
2026-04-24 13:48:47,496 - [ENV] - --- EPISODE START | Scenario: TRANSIT | Start: [0.64236751 0.30381968 0.55      ] | Goal: [0.78769751 0.36753113 0.55      ] | DriftLimit: 0.0350 | FloorLimit: 0.4700 ---
2026-04-24 13:49:46,841 - [ENV] - --- EPISODE START | Scenario: DESCEND | Start: [0.99669888 0.28548272 0.55      ] | Goal: [0.99669888 0.28548272 0.415     ] | DriftLimit: 0.0350 | FloorLimit: 0.4700 ---
2026-04-24 13:49:51,017 - [ENV] - --- EPISODE START | Scenario: ASCEND | Start: [1.04794138 0.370848   0.415     ] | Goal: [1.04794138 0.370848   0.55      ] | DriftLimit: 0.0350 | FloorLimit: 0.4700 ---
2026-04-24 13:49:55,479 - [ENV] - --- EPISODE START | Scenario: TRANSIT | Start: [0.7652951  0.29355264 0.55      ] | Goal: [0.99258406 0.40422326 0.55      ] | DriftLimit: 0.0350 | FloorLimit: 0.4700 ---
2026-04-24 13:49:59,950 - [ENV] - --- EPISODE START | Scenario: DESCEND | Start: [0.6087678  0.03445991 0.55      ] | Goal: [0.6087678  0.03445991 0.41      ] | DriftLimit: 0.0350 | FloorLimit: 0.4700 ---
2026-04-24 13:50:04,085 - [ENV] - --- EPISODE START | Scenario: ASCEND | Start: [0.68010315 0.17780323 0.415     ] | Goal: [0.68010315 0.17780323 0.55      ] | DriftLimit: 0.0350 | FloorLimit: 0.4700 ---
2026-04-24 13:50:04,315 - [ENV] - TERMINATED (Ascend): Tube Drift = 0.0455m (Max 0.0350m) at step 3
2026-04-24 13:50:04,316 - [ENV] - Episode ended without success at step 3. Final dist: 0.1364m
2026-04-24 13:50:04,317 - [ENV] - --- EPISODE START | Scenario: TRANSIT | Start: [0.90576827 0.25578716 0.55      ] | Goal: [0.76704708 0.09618731 0.55      ] | DriftLimit: 0.0350 | FloorLimit: 0.4700 ---
2026-04-24 13:50:08,898 - [ENV] - --- EPISODE START | Scenario: DESCEND | Start: [0.92642021 0.01213353 0.55      ] | Goal: [0.92642021 0.01213353 0.415     ] | DriftLimit: 0.0350 | FloorLimit: 0.4700 ---
2026-04-24 13:50:09,753 - [ENV] - SUCCESS: Goal reached in 37 steps. Dist = 0.0099m
2026-04-24 13:50:09,753 - [ENV] - --- EPISODE START | Scenario: DESCEND | Start: [0.72929616 0.31397127 0.55      ] | Goal: [0.72929616 0.31397127 0.41      ] | DriftLimit: 0.0350 | FloorLimit: 0.4700 ---
2026-04-24 13:50:09,973 - [ENV] - TERMINATED (Descend): Tube Drift = 0.0358m (Max 0.0350m) at step 6
2026-04-24 13:50:09,973 - [ENV] - Episode ended without success at step 6. Final dist: 0.0366m
2026-04-24 13:50:09,974 - [ENV] - --- EPISODE START | Scenario: DESCEND | Start: [0.82923781 0.21116711 0.55      ] | Goal: [0.82923781 0.21116711 0.415     ] | DriftLimit: 0.0350 | FloorLimit: 0.4700 ---
2026-04-24 13:50:12,879 - [ENV] - TERMINATED (Descend): Tube Drift = 0.0353m (Max 0.0350m) at step 105
2026-04-24 13:50:12,880 - [ENV] - Episode ended without success at step 105. Final dist: 0.0355m
2026-04-24 13:50:12,880 - [ENV] - --- EPISODE START | Scenario: DESCEND | Start: [0.7262156  0.18499978 0.55      ] | Goal: [0.7262156  0.18499978 0.41      ] | DriftLimit: 0.0350 | FloorLimit: 0.4700 ---
2026-04-24 13:50:13,197 - [ENV] - TERMINATED (Descend): Tube Drift = 0.0357m (Max 0.0350m) at step 10
2026-04-24 13:50:13,197 - [ENV] - Episode ended without success at step 10. Final dist: 0.0366m
2026-04-24 13:50:13,198 - [ENV] - --- EPISODE START | Scenario: TRANSIT | Start: [0.98013453 0.47678236 0.55      ] | Goal: [0.93046429 0.05245194 0.55      ] | DriftLimit: 0.0350 | FloorLimit: 0.4700 ---
2026-04-24 13:50:17,784 - [ENV] - --- EPISODE START | Scenario: TRANSIT | Start: [0.62192072 0.43378289 0.55      ] | Goal: [0.99518813 0.38189901 0.55      ] | DriftLimit: 0.0350 | FloorLimit: 0.4700 ---
2026-04-24 13:50:22,168 - [ENV] - --- EPISODE START | Scenario: ASCEND | Start: [1.01591544 0.53788504 0.415     ] | Goal: [1.01591544 0.53788504 0.55      ] | DriftLimit: 0.0350 | FloorLimit: 0.4700 ---
2026-04-24 13:50:22,647 - [ENV] - TERMINATED (Ascend): Tube Drift = 0.0362m (Max 0.0350m) at step 16
2026-04-24 13:50:22,648 - [ENV] - Episode ended without success at step 16. Final dist: 0.0369m
2026-04-24 13:50:22,648 - [ENV] - --- EPISODE START | Scenario: ASCEND | Start: [0.89869859 0.52211431 0.415     ] | Goal: [0.89869859 0.52211431 0.55      ] | DriftLimit: 0.0350 | FloorLimit: 0.4700 ---
2026-04-24 13:50:23,025 - [ENV] - TERMINATED (Ascend): Tube Drift = 0.0350m (Max 0.0350m) at step 13
2026-04-24 13:50:23,025 - [ENV] - Episode ended without success at step 13. Final dist: 0.0385m
2026-04-24 13:50:23,026 - [ENV] - --- EPISODE START | Scenario: TRANSIT | Start: [0.9086216  0.11646238 0.55      ] | Goal: [0.70705582 0.15353665 0.55      ] | DriftLimit: 0.0350 | FloorLimit: 0.4700 ---
2026-04-24 13:50:27,912 - [ENV] - --- EPISODE START | Scenario: DESCEND | Start: [0.83344637 0.07816053 0.55      ] | Goal: [0.83344637 0.07816053 0.41      ] | DriftLimit: 0.0350 | FloorLimit: 0.4700 ---
2026-04-24 13:50:32,454 - [ENV] - --- EPISODE START | Scenario: DESCEND | Start: [0.88436035 0.47829564 0.55      ] | Goal: [0.88436035 0.47829564 0.41      ] | DriftLimit: 0.0350 | FloorLimit: 0.4700 ---
2026-04-24 13:50:32,867 - [ENV] - TERMINATED (Descend): Tube Drift = 0.0355m (Max 0.0350m) at step 15
2026-04-24 13:50:32,867 - [ENV] - Episode ended without success at step 15. Final dist: 0.0365m
2026-04-24 13:50:32,868 - [ENV] - --- EPISODE START | Scenario: DESCEND | Start: [0.94196576 0.06399353 0.55      ] | Goal: [0.94196576 0.06399353 0.41      ] | DriftLimit: 0.0350 | FloorLimit: 0.4700 ---
2026-04-24 13:50:33,215 - [ENV] - SUCCESS: Goal reached in 13 steps. Dist = 0.0099m
2026-04-24 13:50:33,216 - [ENV] - --- EPISODE START | Scenario: ASCEND | Start: [0.83113277 0.17784286 0.415     ] | Goal: [0.83113277 0.17784286 0.55      ] | DriftLimit: 0.0350 | FloorLimit: 0.4700 ---
2026-04-24 13:50:37,528 - [ENV] - --- EPISODE START | Scenario: DESCEND | Start: [0.64554047 0.05713247 0.55      ] | Goal: [0.64554047 0.05713247 0.41      ] | DriftLimit: 0.0350 | FloorLimit: 0.4700 ---
2026-04-24 13:50:41,947 - [ENV] - --- EPISODE START | Scenario: TRANSIT | Start: [1.02007386 0.49163523 0.55      ] | Goal: [0.76293864 0.50947123 0.55      ] | DriftLimit: 0.0350 | FloorLimit: 0.4700 ---
2026-04-24 13:50:46,349 - [ENV] - --- EPISODE START | Scenario: DESCEND | Start: [1.15005623 0.28712448 0.55      ] | Goal: [1.15005623 0.28712448 0.41      ] | DriftLimit: 0.0350 | FloorLimit: 0.4700 ---
2026-04-24 13:50:47,359 - [ENV] - SUCCESS: Goal reached in 22 steps. Dist = 0.0099m
2026-04-24 13:50:47,360 - [ENV] - --- EPISODE START | Scenario: ASCEND | Start: [0.61552583 0.19684059 0.415     ] | Goal: [0.61552583 0.19684059 0.55      ] | DriftLimit: 0.0350 | FloorLimit: 0.4700 ---
2026-04-24 13:50:47,693 - [ENV] - TERMINATED (Ascend): Tube Drift = 0.0482m (Max 0.0350m) at step 3
2026-04-24 13:50:47,694 - [ENV] - Episode ended without success at step 3. Final dist: 0.1273m
2026-04-24 13:50:47,694 - [ENV] - --- EPISODE START | Scenario: ASCEND | Start: [0.73969618 0.47223494 0.415     ] | Goal: [0.73969618 0.47223494 0.55      ] | DriftLimit: 0.0350 | FloorLimit: 0.4700 ---
2026-04-24 13:50:48,445 - [ENV] - TERMINATED (Ascend): Tube Drift = 0.0354m (Max 0.0350m) at step 30
2026-04-24 13:50:48,445 - [ENV] - Episode ended without success at step 30. Final dist: 0.0474m
2026-04-24 13:50:48,446 - [ENV] - --- EPISODE START | Scenario: TRANSIT | Start: [1.1181024  0.08316693 0.55      ] | Goal: [0.98242097 0.34540757 0.55      ] | DriftLimit: 0.0350 | FloorLimit: 0.4700 ---
2026-04-24 13:51:48,066 - [ENV] - --- EPISODE START | Scenario: DESCEND | Start: [0.97430201 0.32285672 0.55      ] | Goal: [0.97430201 0.32285672 0.41      ] | DriftLimit: 0.0350 | FloorLimit: 0.4700 ---
2026-04-24 13:51:49,481 - [ENV] - TERMINATED (Descend): Tube Drift = 0.0351m (Max 0.0350m) at step 52
2026-04-24 13:51:49,481 - [ENV] - Episode ended without success at step 52. Final dist: 0.0359m
2026-04-24 13:51:49,481 - [ENV] - --- EPISODE START | Scenario: DESCEND | Start: [0.84313204 0.27691397 0.55      ] | Goal: [0.84313204 0.27691397 0.415     ] | DriftLimit: 0.0350 | FloorLimit: 0.4700 ---
2026-04-24 13:51:51,275 - [ENV] - TERMINATED (Descend): Tube Drift = 0.0350m (Max 0.0350m) at step 77
2026-04-24 13:51:51,276 - [ENV] - Episode ended without success at step 77. Final dist: 0.0351m
2026-04-24 13:51:51,276 - [ENV] - --- EPISODE START | Scenario: DESCEND | Start: [0.92054689 0.32662536 0.55      ] | Goal: [0.92054689 0.32662536 0.41      ] | DriftLimit: 0.0350 | FloorLimit: 0.4700 ---
2026-04-24 13:51:52,124 - [ENV] - TERMINATED (Descend): Tube Drift = 0.0351m (Max 0.0350m) at step 31
2026-04-24 13:51:52,124 - [ENV] - Episode ended without success at step 31. Final dist: 0.0359m
2026-04-24 13:51:52,125 - [ENV] - --- EPISODE START | Scenario: DESCEND | Start: [0.74085919 0.04679908 0.55      ] | Goal: [0.74085919 0.04679908 0.41      ] | DriftLimit: 0.0350 | FloorLimit: 0.4700 ---
2026-04-24 13:51:56,277 - [ENV] - --- EPISODE START | Scenario: DESCEND | Start: [0.70058946 0.39617016 0.55      ] | Goal: [0.70058946 0.39617016 0.41      ] | DriftLimit: 0.0350 | FloorLimit: 0.4700 ---
2026-04-24 13:51:56,692 - [ENV] - TERMINATED (Descend): Tube Drift = 0.0357m (Max 0.0350m) at step 14
2026-04-24 13:51:56,692 - [ENV] - Episode ended without success at step 14. Final dist: 0.0367m
2026-04-24 13:51:56,692 - [ENV] - --- EPISODE START | Scenario: DESCEND | Start: [0.76081746 0.43971146 0.55      ] | Goal: [0.76081746 0.43971146 0.415     ] | DriftLimit: 0.0350 | FloorLimit: 0.4700 ---
2026-04-24 13:51:57,462 - [ENV] - TERMINATED (Descend): Tube Drift = 0.0354m (Max 0.0350m) at step 20
2026-04-24 13:51:57,462 - [ENV] - Episode ended without success at step 20. Final dist: 0.0356m
2026-04-24 13:51:57,462 - [ENV] - --- EPISODE START | Scenario: DESCEND | Start: [1.1408063  0.06633883 0.55      ] | Goal: [1.1408063  0.06633883 0.415     ] | DriftLimit: 0.0350 | FloorLimit: 0.4700 ---
2026-04-24 13:51:57,753 - [ENV] - SUCCESS: Goal reached in 9 steps. Dist = 0.0096m
2026-04-24 13:51:57,754 - [ENV] - --- EPISODE START | Scenario: DESCEND | Start: [0.6089929  0.17579693 0.55      ] | Goal: [0.6089929  0.17579693 0.415     ] | DriftLimit: 0.0350 | FloorLimit: 0.4700 ---
2026-04-24 13:51:58,339 - [ENV] - TERMINATED (Descend): Tube Drift = 0.0351m (Max 0.0350m) at step 19
2026-04-24 13:51:58,339 - [ENV] - Episode ended without success at step 19. Final dist: 0.0353m
2026-04-24 13:51:58,340 - [ENV] - --- EPISODE START | Scenario: TRANSIT | Start: [1.03299183 0.26708594 0.55      ] | Goal: [0.841145  0.2606851 0.55     ] | DriftLimit: 0.0350 | FloorLimit: 0.4700 ---
2026-04-24 13:52:02,771 - [ENV] - --- EPISODE START | Scenario: DESCEND | Start: [0.72182704 0.12380707 0.55      ] | Goal: [0.72182704 0.12380707 0.415     ] | DriftLimit: 0.0350 | FloorLimit: 0.4700 ---
2026-04-24 13:52:03,262 - [ENV] - SUCCESS: Goal reached in 11 steps. Dist = 0.0099m
2026-04-24 13:52:03,263 - [ENV] - --- EPISODE START | Scenario: DESCEND | Start: [0.83702713 0.51074468 0.55      ] | Goal: [0.83702713 0.51074468 0.415     ] | DriftLimit: 0.0350 | FloorLimit: 0.4700 ---
2026-04-24 13:52:03,715 - [ENV] - TERMINATED (Descend): Tube Drift = 0.0364m (Max 0.0350m) at step 18
2026-04-24 13:52:03,715 - [ENV] - Episode ended without success at step 18. Final dist: 0.0367m
2026-04-24 13:52:03,716 - [ENV] - --- EPISODE START | Scenario: ASCEND | Start: [0.97378747 0.36320376 0.415     ] | Goal: [0.97378747 0.36320376 0.55      ] | DriftLimit: 0.0350 | FloorLimit: 0.4700 ---
2026-04-24 13:52:03,973 - [ENV] - TERMINATED (Ascend): Tube Drift = 0.0585m (Max 0.0350m) at step 3
2026-04-24 13:52:03,973 - [ENV] - Episode ended without success at step 3. Final dist: 0.0971m
2026-04-24 13:52:03,975 - [ENV] - --- EPISODE START | Scenario: DESCEND | Start: [0.63479246 0.04704762 0.55      ] | Goal: [0.63479246 0.04704762 0.415     ] | DriftLimit: 0.0350 | FloorLimit: 0.4700 ---
2026-04-24 13:52:08,796 - [ENV] - --- EPISODE START | Scenario: DESCEND | Start: [0.83385573 0.33553199 0.55      ] | Goal: [0.83385573 0.33553199 0.41      ] | DriftLimit: 0.0350 | FloorLimit: 0.4700 ---
2026-04-24 13:52:13,339 - [ENV] - --- EPISODE START | Scenario: TRANSIT | Start: [1.05972649 0.24692184 0.55      ] | Goal: [1.04718221 0.03741707 0.55      ] | DriftLimit: 0.0350 | FloorLimit: 0.4700 ---
2026-04-24 13:52:18,414 - [ENV] - --- EPISODE START | Scenario: ASCEND | Start: [0.64551511 0.37540593 0.415     ] | Goal: [0.64551511 0.37540593 0.55      ] | DriftLimit: 0.0350 | FloorLimit: 0.4700 ---
2026-04-24 13:52:22,850 - [ENV] - --- EPISODE START | Scenario: TRANSIT | Start: [1.11837093 0.27824575 0.55      ] | Goal: [1.0252821  0.34418047 0.55      ] | DriftLimit: 0.0350 | FloorLimit: 0.4700 ---
2026-04-24 13:52:28,123 - [ENV] - --- EPISODE START | Scenario: ASCEND | Start: [0.9192599  0.46814559 0.415     ] | Goal: [0.9192599  0.46814559 0.55      ] | DriftLimit: 0.0350 | FloorLimit: 0.4700 ---
2026-04-24 13:52:28,515 - [ENV] - TERMINATED (Ascend): Tube Drift = 0.0363m (Max 0.0350m) at step 12
2026-04-24 13:52:28,515 - [ENV] - Episode ended without success at step 12. Final dist: 0.0397m
2026-04-24 13:52:28,516 - [ENV] - --- EPISODE START | Scenario: TRANSIT | Start: [0.69387667 0.28707542 0.55      ] | Goal: [1.10277413 0.42216084 0.55      ] | DriftLimit: 0.0350 | FloorLimit: 0.4700 ---
2026-04-24 13:52:33,264 - [ENV] - --- EPISODE START | Scenario: DESCEND | Start: [0.68869489 0.48216528 0.55      ] | Goal: [0.68869489 0.48216528 0.415     ] | DriftLimit: 0.0350 | FloorLimit: 0.4700 ---
2026-04-24 13:52:33,865 - [ENV] - TERMINATED (Descend): Tube Drift = 0.0368m (Max 0.0350m) at step 23
2026-04-24 13:52:33,865 - [ENV] - Episode ended without success at step 23. Final dist: 0.0371m
2026-04-24 13:52:33,866 - [ENV] - --- EPISODE START | Scenario: ASCEND | Start: [0.77242566 0.38689178 0.415     ] | Goal: [0.77242566 0.38689178 0.55      ] | DriftLimit: 0.0350 | FloorLimit: 0.4700 ---
2026-04-24 13:52:38,605 - [ENV] - --- EPISODE START | Scenario: DESCEND | Start: [0.77260554 0.40782747 0.55      ] | Goal: [0.77260554 0.40782747 0.415     ] | DriftLimit: 0.0350 | FloorLimit: 0.4700 ---
2026-04-24 13:52:39,126 - [ENV] - TERMINATED (Descend): Tube Drift = 0.0351m (Max 0.0350m) at step 19
2026-04-24 13:52:39,126 - [ENV] - Episode ended without success at step 19. Final dist: 0.0352m
2026-04-24 13:52:39,127 - [ENV] - --- EPISODE START | Scenario: ASCEND | Start: [1.02482261 0.2705485  0.415     ] | Goal: [1.02482261 0.2705485  0.55      ] | DriftLimit: 0.0350 | FloorLimit: 0.4700 ---
2026-04-24 13:52:43,614 - [ENV] - --- EPISODE START | Scenario: TRANSIT | Start: [0.81846673 0.04328612 0.55      ] | Goal: [0.9845396  0.51935757 0.55      ] | DriftLimit: 0.0350 | FloorLimit: 0.4700 ---
2026-04-24 13:52:47,962 - [ENV] - --- EPISODE START | Scenario: DESCEND | Start: [0.75293966 0.11713627 0.55      ] | Goal: [0.75293966 0.11713627 0.41      ] | DriftLimit: 0.0350 | FloorLimit: 0.4700 ---
2026-04-24 13:53:49,054 - [ENV] - --- EPISODE START | Scenario: TRANSIT | Start: [0.79743535 0.17718611 0.55      ] | Goal: [0.85230754 0.40123511 0.55      ] | DriftLimit: 0.0350 | FloorLimit: 0.4700 ---
2026-04-24 13:53:53,696 - [ENV] - --- EPISODE START | Scenario: ASCEND | Start: [0.93284912 0.47740235 0.415     ] | Goal: [0.93284912 0.47740235 0.55      ] | DriftLimit: 0.0350 | FloorLimit: 0.4700 ---
2026-04-24 13:53:53,844 - [ENV] - TERMINATED (Ascend): Tube Drift = 0.0379m (Max 0.0350m) at step 2
2026-04-24 13:53:53,844 - [ENV] - Episode ended without success at step 2. Final dist: 0.1038m
2026-04-24 13:53:53,845 - [ENV] - --- EPISODE START | Scenario: ASCEND | Start: [1.11365349 0.23558159 0.415     ] | Goal: [1.11365349 0.23558159 0.55      ] | DriftLimit: 0.0350 | FloorLimit: 0.4700 ---
2026-04-24 13:53:54,004 - [ENV] - TERMINATED (Ascend): Tube Drift = 0.0470m (Max 0.0350m) at step 2
2026-04-24 13:53:54,004 - [ENV] - Episode ended without success at step 2. Final dist: 0.1108m
2026-04-24 13:53:54,005 - [ENV] - --- EPISODE START | Scenario: DESCEND | Start: [0.61887389 0.2174959  0.55      ] | Goal: [0.61887389 0.2174959  0.415     ] | DriftLimit: 0.0350 | FloorLimit: 0.4700 ---
2026-04-24 13:53:58,275 - [ENV] - --- EPISODE START | Scenario: TRANSIT | Start: [1.02573461 0.21494682 0.55      ] | Goal: [ 0.61533292 -0.00192839  0.55      ] | DriftLimit: 0.0350 | FloorLimit: 0.4700 ---
2026-04-24 13:54:02,667 - [ENV] - --- EPISODE START | Scenario: ASCEND | Start: [1.01848166 0.46432419 0.415     ] | Goal: [1.01848166 0.46432419 0.55      ] | DriftLimit: 0.0350 | FloorLimit: 0.4700 ---
2026-04-24 13:54:02,815 - [ENV] - TERMINATED (Ascend): Tube Drift = 0.0445m (Max 0.0350m) at step 2
2026-04-24 13:54:02,816 - [ENV] - Episode ended without success at step 2. Final dist: 0.1055m
2026-04-24 13:54:02,817 - [ENV] - --- EPISODE START | Scenario: DESCEND | Start: [0.98365815 0.14990238 0.55      ] | Goal: [0.98365815 0.14990238 0.41      ] | DriftLimit: 0.0350 | FloorLimit: 0.4700 ---
2026-04-24 13:54:07,157 - [ENV] - --- EPISODE START | Scenario: TRANSIT | Start: [0.96905485 0.204606   0.55      ] | Goal: [0.75425455 0.04496246 0.55      ] | DriftLimit: 0.0350 | FloorLimit: 0.4700 ---
2026-04-24 13:54:11,816 - [ENV] - --- EPISODE START | Scenario: DESCEND | Start: [0.67245384 0.01954187 0.55      ] | Goal: [0.67245384 0.01954187 0.415     ] | DriftLimit: 0.0350 | FloorLimit: 0.4700 ---
2026-04-24 13:54:16,646 - [ENV] - --- EPISODE START | Scenario: DESCEND | Start: [1.07201299 0.02775831 0.55      ] | Goal: [1.07201299 0.02775831 0.415     ] | DriftLimit: 0.0350 | FloorLimit: 0.4700 ---
2026-04-24 13:54:16,981 - [ENV] - SUCCESS: Goal reached in 13 steps. Dist = 0.0098m
2026-04-24 13:54:16,982 - [ENV] - --- EPISODE START | Scenario: ASCEND | Start: [0.84133352 0.36893782 0.415     ] | Goal: [0.84133352 0.36893782 0.55      ] | DriftLimit: 0.0350 | FloorLimit: 0.4700 ---
2026-04-24 13:54:17,137 - [ENV] - TERMINATED (Ascend): Tube Drift = 0.0380m (Max 0.0350m) at step 2
2026-04-24 13:54:17,137 - [ENV] - Episode ended without success at step 2. Final dist: 0.1120m
2026-04-24 13:54:17,138 - [ENV] - --- EPISODE START | Scenario: TRANSIT | Start: [0.66616561 0.41400541 0.55      ] | Goal: [1.00129418 0.05890065 0.55      ] | DriftLimit: 0.0350 | FloorLimit: 0.4700 ---
2026-04-24 13:54:21,635 - [ENV] - --- EPISODE START | Scenario: DESCEND | Start: [0.77482776 0.12072018 0.55      ] | Goal: [0.77482776 0.12072018 0.41      ] | DriftLimit: 0.0350 | FloorLimit: 0.4700 ---
2026-04-24 13:54:26,111 - [ENV] - --- EPISODE START | Scenario: TRANSIT | Start: [0.62610753 0.19010162 0.55      ] | Goal: [1.12234689 0.36252181 0.55      ] | DriftLimit: 0.0350 | FloorLimit: 0.4700 ---
2026-04-24 13:54:30,419 - [ENV] - --- EPISODE START | Scenario: DESCEND | Start: [0.66624451 0.13995455 0.55      ] | Goal: [0.66624451 0.13995455 0.415     ] | DriftLimit: 0.0350 | FloorLimit: 0.4700 ---
2026-04-24 13:54:30,575 - [ENV] - SUCCESS: Goal reached in 3 steps. Dist = 0.0089m
2026-04-24 13:54:30,575 - [ENV] - --- EPISODE START | Scenario: DESCEND | Start: [0.70042563 0.48252072 0.55      ] | Goal: [0.70042563 0.48252072 0.415     ] | DriftLimit: 0.0350 | FloorLimit: 0.4700 ---
2026-04-24 13:54:31,132 - [ENV] - TERMINATED (Descend): Tube Drift = 0.0354m (Max 0.0350m) at step 21
2026-04-24 13:54:31,132 - [ENV] - Episode ended without success at step 21. Final dist: 0.0357m
2026-04-24 13:54:31,133 - [ENV] - --- EPISODE START | Scenario: TRANSIT | Start: [0.89354428 0.51147204 0.55      ] | Goal: [1.0629251  0.33083469 0.55      ] | DriftLimit: 0.0350 | FloorLimit: 0.4700 ---
2026-04-24 13:54:35,392 - [ENV] - --- EPISODE START | Scenario: DESCEND | Start: [0.88204298 0.27652593 0.55      ] | Goal: [0.88204298 0.27652593 0.41      ] | DriftLimit: 0.0350 | FloorLimit: 0.4700 ---
2026-04-24 13:54:39,759 - [ENV] - --- EPISODE START | Scenario: ASCEND | Start: [0.79314457 0.49123133 0.415     ] | Goal: [0.79314457 0.49123133 0.55      ] | DriftLimit: 0.0350 | FloorLimit: 0.4700 ---
2026-04-24 13:54:39,963 - [ENV] - TERMINATED (Ascend): Tube Drift = 0.0605m (Max 0.0350m) at step 3
2026-04-24 13:54:39,963 - [ENV] - Episode ended without success at step 3. Final dist: 0.0976m
2026-04-24 13:54:39,965 - [ENV] - --- EPISODE START | Scenario: ASCEND | Start: [0.9471132  0.23067597 0.415     ] | Goal: [0.9471132  0.23067597 0.55      ] | DriftLimit: 0.0350 | FloorLimit: 0.4700 ---
2026-04-24 13:54:40,126 - [ENV] - TERMINATED (Ascend): Tube Drift = 0.0380m (Max 0.0350m) at step 2
2026-04-24 13:54:40,126 - [ENV] - Episode ended without success at step 2. Final dist: 0.1095m
2026-04-24 13:54:40,127 - [ENV] - --- EPISODE START | Scenario: TRANSIT | Start: [1.1068077  0.00816415 0.55      ] | Goal: [0.83481976 0.50591833 0.55      ] | DriftLimit: 0.0350 | FloorLimit: 0.4700 ---
2026-04-24 13:54:40,610 - [ENV] - SUCCESS: Goal reached in 17 steps. Dist = 0.0139m
2026-04-24 13:54:40,611 - [ENV] - --- EPISODE START | Scenario: TRANSIT | Start: [0.77102219 0.01179561 0.55      ] | Goal: [0.74665467 0.37386869 0.55      ] | DriftLimit: 0.0350 | FloorLimit: 0.4700 ---
2026-04-24 13:54:45,276 - [ENV] - --- EPISODE START | Scenario: ASCEND | Start: [0.6596651  0.44122419 0.415     ] | Goal: [0.6596651  0.44122419 0.55      ] | DriftLimit: 0.0350 | FloorLimit: 0.4700 ---
2026-04-24 13:54:49,996 - [ENV] - --- EPISODE START | Scenario: DESCEND | Start: [0.77340809 0.48946207 0.55      ] | Goal: [0.77340809 0.48946207 0.415     ] | DriftLimit: 0.0350 | FloorLimit: 0.4700 ---
2026-04-24 13:54:50,510 - [ENV] - TERMINATED (Descend): Tube Drift = 0.0355m (Max 0.0350m) at step 19
2026-04-24 13:54:50,510 - [ENV] - Episode ended without success at step 19. Final dist: 0.0357m
2026-04-24 13:54:50,510 - [ENV] - --- EPISODE START | Scenario: ASCEND | Start: [0.80371764 0.02573768 0.415     ] | Goal: [0.80371764 0.02573768 0.55      ] | DriftLimit: 0.0350 | FloorLimit: 0.4700 ---
2026-04-24 13:55:54,632 - [ENV] - --- EPISODE START | Scenario: TRANSIT | Start: [1.05012684 0.13178761 0.55      ] | Goal: [0.87325993 0.1803322  0.55      ] | DriftLimit: 0.0350 | FloorLimit: 0.4700 ---
2026-04-24 13:55:59,145 - [ENV] - --- EPISODE START | Scenario: TRANSIT | Start: [0.73269984 0.47423146 0.55      ] | Goal: [0.95943193 0.32034598 0.55      ] | DriftLimit: 0.0350 | FloorLimit: 0.4700 ---
2026-04-24 13:56:03,632 - [ENV] - --- EPISODE START | Scenario: DESCEND | Start: [0.8123382  0.12117065 0.55      ] | Goal: [0.8123382  0.12117065 0.41      ] | DriftLimit: 0.0350 | FloorLimit: 0.4700 ---
2026-04-24 13:56:08,329 - [ENV] - --- EPISODE START | Scenario: DESCEND | Start: [1.11421867 0.2077093  0.55      ] | Goal: [1.11421867 0.2077093  0.415     ] | DriftLimit: 0.0350 | FloorLimit: 0.4700 ---
2026-04-24 13:56:08,493 - [ENV] - SUCCESS: Goal reached in 4 steps. Dist = 0.0095m
2026-04-24 13:56:08,494 - [ENV] - --- EPISODE START | Scenario: ASCEND | Start: [1.03813531 0.35552637 0.415     ] | Goal: [1.03813531 0.35552637 0.55      ] | DriftLimit: 0.0350 | FloorLimit: 0.4700 ---
2026-04-24 13:56:08,625 - [ENV] - TERMINATED (Ascend): Tube Drift = 0.0445m (Max 0.0350m) at step 2
2026-04-24 13:56:08,625 - [ENV] - Episode ended without success at step 2. Final dist: 0.1059m
2026-04-24 13:56:08,626 - [ENV] - --- EPISODE START | Scenario: ASCEND | Start: [1.13093839 0.32438254 0.415     ] | Goal: [1.13093839 0.32438254 0.55      ] | DriftLimit: 0.0350 | FloorLimit: 0.4700 ---
2026-04-24 13:56:13,043 - [ENV] - --- EPISODE START | Scenario: TRANSIT | Start: [0.68275754 0.43460719 0.55      ] | Goal: [0.98573694 0.07198955 0.55      ] | DriftLimit: 0.0350 | FloorLimit: 0.4700 ---
2026-04-24 13:56:17,508 - [ENV] - --- EPISODE START | Scenario: DESCEND | Start: [0.76931993 0.42162822 0.55      ] | Goal: [0.76931993 0.42162822 0.415     ] | DriftLimit: 0.0350 | FloorLimit: 0.4700 ---
2026-04-24 13:56:18,573 - [ENV] - TERMINATED (Descend): Tube Drift = 0.0350m (Max 0.0350m) at step 39
2026-04-24 13:56:18,573 - [ENV] - Episode ended without success at step 39. Final dist: 0.0352m
2026-04-24 13:56:18,574 - [ENV] - --- EPISODE START | Scenario: ASCEND | Start: [0.86964832 0.29926056 0.415     ] | Goal: [0.86964832 0.29926056 0.55      ] | DriftLimit: 0.0350 | FloorLimit: 0.4700 ---
2026-04-24 13:56:18,739 - [ENV] - TERMINATED (Ascend): Tube Drift = 0.0412m (Max 0.0350m) at step 2
2026-04-24 13:56:18,739 - [ENV] - Episode ended without success at step 2. Final dist: 0.1139m
2026-04-24 13:56:18,740 - [ENV] - --- EPISODE START | Scenario: DESCEND | Start: [1.06286876 0.44373213 0.55      ] | Goal: [1.06286876 0.44373213 0.415     ] | DriftLimit: 0.0350 | FloorLimit: 0.4700 ---
2026-04-24 13:56:22,946 - [ENV] - --- EPISODE START | Scenario: TRANSIT | Start: [1.04799316 0.03990176 0.55      ] | Goal: [0.94571468 0.49159922 0.55      ] | DriftLimit: 0.0350 | FloorLimit: 0.4700 ---
2026-04-24 13:56:27,269 - [ENV] - --- EPISODE START | Scenario: TRANSIT | Start: [0.88403541 0.3584521  0.55      ] | Goal: [0.78037728 0.04468708 0.55      ] | DriftLimit: 0.0350 | FloorLimit: 0.4700 ---
2026-04-24 13:56:31,986 - [ENV] - --- EPISODE START | Scenario: TRANSIT | Start: [0.77902879 0.01671911 0.55      ] | Goal: [1.14206051 0.53789137 0.55      ] | DriftLimit: 0.0350 | FloorLimit: 0.4700 ---
2026-04-24 13:56:36,127 - [ENV] - --- EPISODE START | Scenario: DESCEND | Start: [0.64360216 0.33936532 0.55      ] | Goal: [0.64360216 0.33936532 0.41      ] | DriftLimit: 0.0350 | FloorLimit: 0.4700 ---
2026-04-24 13:56:40,590 - [ENV] - --- EPISODE START | Scenario: TRANSIT | Start: [0.93371306 0.19860824 0.55      ] | Goal: [0.88182411 0.01246791 0.55      ] | DriftLimit: 0.0350 | FloorLimit: 0.4700 ---
2026-04-24 13:56:45,530 - [ENV] - --- EPISODE START | Scenario: ASCEND | Start: [0.77526217 0.26431608 0.415     ] | Goal: [0.77526217 0.26431608 0.55      ] | DriftLimit: 0.0350 | FloorLimit: 0.4700 ---
2026-04-24 13:56:45,835 - [ENV] - TERMINATED (Ascend): Tube Drift = 0.0437m (Max 0.0350m) at step 3
2026-04-24 13:56:45,835 - [ENV] - Episode ended without success at step 3. Final dist: 0.1153m
2026-04-24 13:56:45,836 - [ENV] - --- EPISODE START | Scenario: ASCEND | Start: [0.64893027 0.0594231  0.415     ] | Goal: [0.64893027 0.0594231  0.55      ] | DriftLimit: 0.0350 | FloorLimit: 0.4700 ---
2026-04-24 13:56:46,018 - [ENV] - TERMINATED (Ascend): Tube Drift = 0.0351m (Max 0.0350m) at step 3
2026-04-24 13:56:46,018 - [ENV] - Episode ended without success at step 3. Final dist: 0.1292m
2026-04-24 13:56:46,018 - [ENV] - --- EPISODE START | Scenario: DESCEND | Start: [0.76908443 0.41011567 0.55      ] | Goal: [0.76908443 0.41011567 0.41      ] | DriftLimit: 0.0350 | FloorLimit: 0.4700 ---
2026-04-24 13:56:46,128 - [ENV] - TERMINATED (Descend): Tube Drift = 0.0448m (Max 0.0350m) at step 2
2026-04-24 13:56:46,129 - [ENV] - Episode ended without success at step 2. Final dist: 0.0895m
2026-04-24 13:56:46,130 - [ENV] - --- EPISODE START | Scenario: TRANSIT | Start: [1.12447173 0.12465193 0.55      ] | Goal: [1.01950582 0.14699877 0.55      ] | DriftLimit: 0.0350 | FloorLimit: 0.4700 ---
2026-04-24 13:56:50,494 - [ENV] - --- EPISODE START | Scenario: ASCEND | Start: [0.67755425 0.4745137  0.415     ] | Goal: [0.67755425 0.4745137  0.55      ] | DriftLimit: 0.0350 | FloorLimit: 0.4700 ---
2026-04-24 13:56:54,712 - [ENV] - --- EPISODE START | Scenario: DESCEND | Start: [0.99015591 0.15054575 0.55      ] | Goal: [0.99015591 0.15054575 0.415     ] | DriftLimit: 0.0350 | FloorLimit: 0.4700 ---
2026-04-24 13:56:55,072 - [ENV] - SUCCESS: Goal reached in 13 steps. Dist = 0.0100m
2026-04-24 13:56:55,072 - [ENV] - --- EPISODE START | Scenario: TRANSIT | Start: [0.6791325  0.23859955 0.55      ] | Goal: [0.88105579 0.08829517 0.55      ] | DriftLimit: 0.0350 | FloorLimit: 0.4700 ---
2026-04-24 13:57:55,333 - [ENV] - --- EPISODE START | Scenario: ASCEND | Start: [1.09256406 0.52505618 0.415     ] | Goal: [1.09256406 0.52505618 0.55      ] | DriftLimit: 0.0350 | FloorLimit: 0.4700 ---
2026-04-24 13:57:55,814 - [ENV] - TERMINATED (Ascend): Tube Drift = 0.0351m (Max 0.0350m) at step 11
2026-04-24 13:57:55,814 - [ENV] - Episode ended without success at step 11. Final dist: 0.0354m
2026-04-24 13:57:55,816 - [ENV] - --- EPISODE START | Scenario: ASCEND | Start: [0.71924034 0.33472399 0.415     ] | Goal: [0.71924034 0.33472399 0.55      ] | DriftLimit: 0.0350 | FloorLimit: 0.4700 ---
2026-04-24 13:58:00,262 - [ENV] - --- EPISODE START | Scenario: TRANSIT | Start: [1.1523779  0.29964254 0.55      ] | Goal: [0.73647666 0.38846205 0.55      ] | DriftLimit: 0.0350 | FloorLimit: 0.4700 ---
2026-04-24 13:58:04,718 - [ENV] - --- EPISODE START | Scenario: DESCEND | Start: [0.77330169 0.26856326 0.55      ] | Goal: [0.77330169 0.26856326 0.415     ] | DriftLimit: 0.0350 | FloorLimit: 0.4700 ---
2026-04-24 13:58:09,060 - [ENV] - --- EPISODE START | Scenario: DESCEND | Start: [0.69120328 0.38904529 0.55      ] | Goal: [0.69120328 0.38904529 0.415     ] | DriftLimit: 0.0350 | FloorLimit: 0.4700 ---
2026-04-24 13:58:13,785 - [ENV] - --- EPISODE START | Scenario: ASCEND | Start: [1.01670739 0.06424785 0.415     ] | Goal: [1.01670739 0.06424785 0.55      ] | DriftLimit: 0.0350 | FloorLimit: 0.4700 ---
2026-04-24 13:58:13,956 - [ENV] - TERMINATED (Ascend): Tube Drift = 0.0697m (Max 0.0350m) at step 3
2026-04-24 13:58:13,956 - [ENV] - Episode ended without success at step 3. Final dist: 0.1054m
2026-04-24 13:58:13,957 - [ENV] - --- EPISODE START | Scenario: ASCEND | Start: [0.76183463 0.00661479 0.415     ] | Goal: [0.76183463 0.00661479 0.55      ] | DriftLimit: 0.0350 | FloorLimit: 0.4700 ---
2026-04-24 13:58:18,563 - [ENV] - --- EPISODE START | Scenario: ASCEND | Start: [0.79010435 0.26041626 0.415     ] | Goal: [0.79010435 0.26041626 0.55      ] | DriftLimit: 0.0350 | FloorLimit: 0.4700 ---
2026-04-24 13:58:18,831 - [ENV] - TERMINATED (Ascend): Tube Drift = 0.0604m (Max 0.0350m) at step 3
2026-04-24 13:58:18,831 - [ENV] - Episode ended without success at step 3. Final dist: 0.1160m
2026-04-24 13:58:18,832 - [ENV] - --- EPISODE START | Scenario: ASCEND | Start: [0.74587786 0.16965519 0.415     ] | Goal: [0.74587786 0.16965519 0.55      ] | DriftLimit: 0.0350 | FloorLimit: 0.4700 ---
2026-04-24 13:58:19,108 - [ENV] - TERMINATED (Ascend): Tube Drift = 0.0496m (Max 0.0350m) at step 4
2026-04-24 13:58:19,109 - [ENV] - Episode ended without success at step 4. Final dist: 0.1347m
2026-04-24 13:58:19,110 - [ENV] - --- EPISODE START | Scenario: TRANSIT | Start: [0.77255411 0.22761958 0.55      ] | Goal: [0.85987554 0.41029536 0.55      ] | DriftLimit: 0.0350 | FloorLimit: 0.4700 ---
2026-04-24 13:58:23,547 - [ENV] - --- EPISODE START | Scenario: ASCEND | Start: [0.84079788 0.09431222 0.415     ] | Goal: [0.84079788 0.09431222 0.55      ] | DriftLimit: 0.0350 | FloorLimit: 0.4700 ---
2026-04-24 13:58:23,806 - [ENV] - TERMINATED (Ascend): Tube Drift = 0.0507m (Max 0.0350m) at step 3
2026-04-24 13:58:23,807 - [ENV] - Episode ended without success at step 3. Final dist: 0.1044m
2026-04-24 13:58:23,809 - [ENV] - --- EPISODE START | Scenario: TRANSIT | Start: [0.85015415 0.24706819 0.55      ] | Goal: [0.85290533 0.41130953 0.55      ] | DriftLimit: 0.0350 | FloorLimit: 0.4700 ---
2026-04-24 13:58:28,537 - [ENV] - --- EPISODE START | Scenario: DESCEND | Start: [1.05554312 0.14108548 0.55      ] | Goal: [1.05554312 0.14108548 0.415     ] | DriftLimit: 0.0350 | FloorLimit: 0.4700 ---
2026-04-24 13:58:29,199 - [ENV] - SUCCESS: Goal reached in 15 steps. Dist = 0.0094m
2026-04-24 13:58:29,199 - [ENV] - --- EPISODE START | Scenario: TRANSIT | Start: [0.62317826 0.38134427 0.55      ] | Goal: [ 1.0458758  -0.00158563  0.55      ] | DriftLimit: 0.0350 | FloorLimit: 0.4700 ---
2026-04-24 13:58:33,537 - [ENV] - --- EPISODE START | Scenario: DESCEND | Start: [0.61509228 0.238482   0.55      ] | Goal: [0.61509228 0.238482   0.415     ] | DriftLimit: 0.0350 | FloorLimit: 0.4700 ---
2026-04-24 13:58:33,891 - [ENV] - SUCCESS: Goal reached in 12 steps. Dist = 0.0098m
2026-04-24 13:58:33,891 - [ENV] - --- EPISODE START | Scenario: TRANSIT | Start: [0.61535961 0.42088434 0.55      ] | Goal: [0.85083836 0.20114794 0.55      ] | DriftLimit: 0.0350 | FloorLimit: 0.4700 ---
2026-04-24 13:58:38,182 - [ENV] - --- EPISODE START | Scenario: ASCEND | Start: [0.87237576 0.20108599 0.415     ] | Goal: [0.87237576 0.20108599 0.55      ] | DriftLimit: 0.0350 | FloorLimit: 0.4700 ---
2026-04-24 13:58:42,403 - [ENV] - --- EPISODE START | Scenario: DESCEND | Start: [0.90729426 0.15547038 0.55      ] | Goal: [0.90729426 0.15547038 0.415     ] | DriftLimit: 0.0350 | FloorLimit: 0.4700 ---
2026-04-24 13:58:43,278 - [ENV] - SUCCESS: Goal reached in 25 steps. Dist = 0.0099m
2026-04-24 13:58:43,279 - [ENV] - --- EPISODE START | Scenario: TRANSIT | Start: [0.89467291 0.37657159 0.55      ] | Goal: [0.97592135 0.02446264 0.55      ] | DriftLimit: 0.0350 | FloorLimit: 0.4700 ---
2026-04-24 13:58:47,438 - [ENV] - --- EPISODE START | Scenario: DESCEND | Start: [1.14281334 0.09964739 0.55      ] | Goal: [1.14281334 0.09964739 0.415     ] | DriftLimit: 0.0350 | FloorLimit: 0.4700 ---
2026-04-24 13:58:51,917 - [ENV] - --- EPISODE START | Scenario: DESCEND | Start: [0.7850347  0.47894438 0.55      ] | Goal: [0.7850347  0.47894438 0.415     ] | DriftLimit: 0.0350 | FloorLimit: 0.4700 ---
2026-04-24 13:58:52,570 - [ENV] - TERMINATED (Descend): Tube Drift = 0.0350m (Max 0.0350m) at step 25
2026-04-24 13:58:52,570 - [ENV] - Episode ended without success at step 25. Final dist: 0.0352m
2026-04-24 13:58:52,570 - [ENV] - --- EPISODE START | Scenario: TRANSIT | Start: [0.65169441 0.24732223 0.55      ] | Goal: [0.6078528  0.49254351 0.55      ] | DriftLimit: 0.0350 | FloorLimit: 0.4700 ---
2026-04-24 13:58:56,795 - [ENV] - --- EPISODE START | Scenario: TRANSIT | Start: [0.77878044 0.5225443  0.55      ] | Goal: [0.91236985 0.37261466 0.55      ] | DriftLimit: 0.0350 | FloorLimit: 0.4700 ---
2026-04-24 13:59:57,788 - [ENV] - --- EPISODE START | Scenario: DESCEND | Start: [0.62343565 0.44704863 0.55      ] | Goal: [0.62343565 0.44704863 0.41      ] | DriftLimit: 0.0350 | FloorLimit: 0.4700 ---
2026-04-24 14:00:02,382 - [ENV] - --- EPISODE START | Scenario: DESCEND | Start: [1.0720807 0.4708868 0.55     ] | Goal: [1.0720807 0.4708868 0.41     ] | DriftLimit: 0.0350 | FloorLimit: 0.4700 ---
2026-04-24 14:00:03,120 - [ENV] - TERMINATED (Descend): Tube Drift = 0.0352m (Max 0.0350m) at step 29
2026-04-24 14:00:03,121 - [ENV] - Episode ended without success at step 29. Final dist: 0.0360m
2026-04-24 14:00:03,121 - [ENV] - --- EPISODE START | Scenario: DESCEND | Start: [0.66104672 0.00950661 0.55      ] | Goal: [0.66104672 0.00950661 0.41      ] | DriftLimit: 0.0350 | FloorLimit: 0.4700 ---
2026-04-24 14:00:07,427 - [ENV] - --- EPISODE START | Scenario: TRANSIT | Start: [1.0928215  0.37725351 0.55      ] | Goal: [0.81864236 0.2505873  0.55      ] | DriftLimit: 0.0350 | FloorLimit: 0.4700 ---
2026-04-24 14:00:11,839 - [ENV] - --- EPISODE START | Scenario: TRANSIT | Start: [1.09580812 0.0670707  0.55      ] | Goal: [1.02600582 0.50412947 0.55      ] | DriftLimit: 0.0350 | FloorLimit: 0.4700 ---
2026-04-24 14:00:16,019 - [ENV] - --- EPISODE START | Scenario: TRANSIT | Start: [1.12839946 0.09877271 0.55      ] | Goal: [1.01236608 0.22125374 0.55      ] | DriftLimit: 0.0350 | FloorLimit: 0.4700 ---
2026-04-24 14:00:20,348 - [ENV] - --- EPISODE START | Scenario: ASCEND | Start: [0.69993562 0.47085303 0.415     ] | Goal: [0.69993562 0.47085303 0.55      ] | DriftLimit: 0.0350 | FloorLimit: 0.4700 ---
2026-04-24 14:00:20,542 - [ENV] - TERMINATED (Ascend): Tube Drift = 0.0619m (Max 0.0350m) at step 3
2026-04-24 14:00:20,542 - [ENV] - Episode ended without success at step 3. Final dist: 0.1219m
2026-04-24 14:00:20,542 - [ENV] - --- EPISODE START | Scenario: ASCEND | Start: [0.85051797 0.1300969  0.415     ] | Goal: [0.85051797 0.1300969  0.55      ] | DriftLimit: 0.0350 | FloorLimit: 0.4700 ---
2026-04-24 14:00:25,528 - [ENV] - --- EPISODE START | Scenario: TRANSIT | Start: [0.81879167 0.4523736  0.55      ] | Goal: [0.79279845 0.06677248 0.55      ] | DriftLimit: 0.0350 | FloorLimit: 0.4700 ---
2026-04-24 14:00:29,864 - [ENV] - --- EPISODE START | Scenario: TRANSIT | Start: [1.06644031 0.38931532 0.55      ] | Goal: [0.64797918 0.03352414 0.55      ] | DriftLimit: 0.0350 | FloorLimit: 0.4700 ---
2026-04-24 14:00:34,197 - [ENV] - --- EPISODE START | Scenario: TRANSIT | Start: [0.82382824 0.26451005 0.55      ] | Goal: [0.71950031 0.12749407 0.55      ] | DriftLimit: 0.0350 | FloorLimit: 0.4700 ---
2026-04-24 14:00:38,425 - [ENV] - --- EPISODE START | Scenario: ASCEND | Start: [0.97654455 0.32456647 0.415     ] | Goal: [0.97654455 0.32456647 0.55      ] | DriftLimit: 0.0350 | FloorLimit: 0.4700 ---
2026-04-24 14:00:38,552 - [ENV] - TERMINATED (Ascend): Tube Drift = 0.0386m (Max 0.0350m) at step 2
2026-04-24 14:00:38,552 - [ENV] - Episode ended without success at step 2. Final dist: 0.1079m
2026-04-24 14:00:38,553 - [ENV] - --- EPISODE START | Scenario: DESCEND | Start: [0.81595083 0.50457304 0.55      ] | Goal: [0.81595083 0.50457304 0.415     ] | DriftLimit: 0.0350 | FloorLimit: 0.4700 ---
2026-04-24 14:00:39,478 - [ENV] - TERMINATED (Descend): Tube Drift = 0.0356m (Max 0.0350m) at step 37
2026-04-24 14:00:39,478 - [ENV] - Episode ended without success at step 37. Final dist: 0.0359m
2026-04-24 14:00:39,479 - [ENV] - --- EPISODE START | Scenario: TRANSIT | Start: [0.61687361 0.52206321 0.55      ] | Goal: [ 1.0526159  -0.01231244  0.55      ] | DriftLimit: 0.0350 | FloorLimit: 0.4700 ---
2026-04-24 14:00:44,115 - [ENV] - --- EPISODE START | Scenario: TRANSIT | Start: [1.10653771 0.33898455 0.55      ] | Goal: [0.62726775 0.31216744 0.55      ] | DriftLimit: 0.0350 | FloorLimit: 0.4700 ---
2026-04-24 14:00:48,459 - [ENV] - --- EPISODE START | Scenario: TRANSIT | Start: [0.90415915 0.35361151 0.55      ] | Goal: [0.96439654 0.07528018 0.55      ] | DriftLimit: 0.0350 | FloorLimit: 0.4700 ---
2026-04-24 14:00:53,103 - [ENV] - --- EPISODE START | Scenario: DESCEND | Start: [ 0.62479459 -0.00669255  0.55      ] | Goal: [ 0.62479459 -0.00669255  0.41      ] | DriftLimit: 0.0350 | FloorLimit: 0.4700 ---
2026-04-24 14:00:53,269 - [ENV] - TERMINATED (Descend): Tube Drift = 0.0380m (Max 0.0350m) at step 5
2026-04-24 14:00:53,270 - [ENV] - Episode ended without success at step 5. Final dist: 0.0512m
2026-04-24 14:00:53,270 - [ENV] - --- EPISODE START | Scenario: TRANSIT | Start: [ 0.78312043 -0.01053406  0.55      ] | Goal: [1.05949737 0.34561913 0.55      ] | DriftLimit: 0.0350 | FloorLimit: 0.4700 ---
2026-04-24 14:01:56,544 - [ENV] - --- EPISODE START | Scenario: TRANSIT | Start: [0.99920083 0.13025375 0.55      ] | Goal: [1.14593846 0.40623699 0.55      ] | DriftLimit: 0.0350 | FloorLimit: 0.4700 ---
2026-04-24 14:02:01,541 - [ENV] - --- EPISODE START | Scenario: TRANSIT | Start: [0.92994466 0.49650195 0.55      ] | Goal: [0.84702936 0.24165097 0.55      ] | DriftLimit: 0.0350 | FloorLimit: 0.4700 ---
2026-04-24 14:02:05,959 - [ENV] - --- EPISODE START | Scenario: TRANSIT | Start: [0.64737761 0.25917357 0.55      ] | Goal: [0.86052085 0.48840874 0.55      ] | DriftLimit: 0.0350 | FloorLimit: 0.4700 ---
2026-04-24 14:02:10,230 - [ENV] - --- EPISODE START | Scenario: DESCEND | Start: [ 1.14829287 -0.00547683  0.55      ] | Goal: [ 1.14829287 -0.00547683  0.415     ] | DriftLimit: 0.0350 | FloorLimit: 0.4700 ---
2026-04-24 14:02:10,515 - [ENV] - TERMINATED (Descend): Tube Drift = 0.0357m (Max 0.0350m) at step 12
2026-04-24 14:02:10,515 - [ENV] - Episode ended without success at step 12. Final dist: 0.0358m
2026-04-24 14:02:10,516 - [ENV] - --- EPISODE START | Scenario: DESCEND | Start: [0.61963823 0.24519314 0.55      ] | Goal: [0.61963823 0.24519314 0.415     ] | DriftLimit: 0.0350 | FloorLimit: 0.4700 ---
2026-04-24 14:02:15,010 - [ENV] - --- EPISODE START | Scenario: DESCEND | Start: [0.99002285 0.19456558 0.55      ] | Goal: [0.99002285 0.19456558 0.415     ] | DriftLimit: 0.0350 | FloorLimit: 0.4700 ---
2026-04-24 14:02:15,198 - [ENV] - SUCCESS: Goal reached in 4 steps. Dist = 0.0078m
2026-04-24 14:02:15,198 - [ENV] - --- EPISODE START | Scenario: TRANSIT | Start: [0.87792839 0.46641593 0.55      ] | Goal: [0.64876112 0.51052106 0.55      ] | DriftLimit: 0.0350 | FloorLimit: 0.4700 ---
2026-04-24 14:02:19,613 - [ENV] - --- EPISODE START | Scenario: DESCEND | Start: [1.05162409 0.35936543 0.55      ] | Goal: [1.05162409 0.35936543 0.41      ] | DriftLimit: 0.0350 | FloorLimit: 0.4700 ---
2026-04-24 14:02:23,937 - [ENV] - --- EPISODE START | Scenario: TRANSIT | Start: [1.13449548 0.45167128 0.55      ] | Goal: [0.9653571  0.39992774 0.55      ] | DriftLimit: 0.0350 | FloorLimit: 0.4700 ---
2026-04-24 14:02:28,773 - [ENV] - --- EPISODE START | Scenario: DESCEND | Start: [1.01180952 0.53958835 0.55      ] | Goal: [1.01180952 0.53958835 0.41      ] | DriftLimit: 0.0350 | FloorLimit: 0.4700 ---
2026-04-24 14:02:29,150 - [ENV] - TERMINATED (Descend): Tube Drift = 0.0350m (Max 0.0350m) at step 13
2026-04-24 14:02:29,151 - [ENV] - Episode ended without success at step 13. Final dist: 0.0352m
2026-04-24 14:02:29,151 - [ENV] - --- EPISODE START | Scenario: TRANSIT | Start: [0.61320107 0.47890041 0.55      ] | Goal: [0.65879119 0.14313843 0.55      ] | DriftLimit: 0.0350 | FloorLimit: 0.4700 ---
2026-04-24 14:02:33,425 - [ENV] - --- EPISODE START | Scenario: TRANSIT | Start: [1.01516042 0.23189311 0.55      ] | Goal: [ 0.6933     -0.01282735  0.55      ] | DriftLimit: 0.0350 | FloorLimit: 0.4700 ---
2026-04-24 14:02:37,736 - [ENV] - --- EPISODE START | Scenario: ASCEND | Start: [0.98195971 0.23602241 0.415     ] | Goal: [0.98195971 0.23602241 0.55      ] | DriftLimit: 0.0350 | FloorLimit: 0.4700 ---
2026-04-24 14:02:42,543 - [ENV] - --- EPISODE START | Scenario: ASCEND | Start: [0.6975326  0.15000622 0.415     ] | Goal: [0.6975326  0.15000622 0.55      ] | DriftLimit: 0.0350 | FloorLimit: 0.4700 ---
2026-04-24 14:02:42,769 - [ENV] - TERMINATED (Ascend): Tube Drift = 0.0479m (Max 0.0350m) at step 3
2026-04-24 14:02:42,769 - [ENV] - Episode ended without success at step 3. Final dist: 0.1348m
2026-04-24 14:02:42,771 - [ENV] - --- EPISODE START | Scenario: DESCEND | Start: [1.14663249 0.0226658  0.55      ] | Goal: [1.14663249 0.0226658  0.415     ] | DriftLimit: 0.0350 | FloorLimit: 0.4700 ---
2026-04-24 14:02:47,031 - [ENV] - --- EPISODE START | Scenario: TRANSIT | Start: [1.0974997  0.19051054 0.55      ] | Goal: [0.82445225 0.27218795 0.55      ] | DriftLimit: 0.0350 | FloorLimit: 0.4700 ---
2026-04-24 14:02:51,871 - [ENV] - --- EPISODE START | Scenario: ASCEND | Start: [0.6122726  0.51785486 0.415     ] | Goal: [0.6122726  0.51785486 0.55      ] | DriftLimit: 0.0350 | FloorLimit: 0.4700 ---
2026-04-24 14:02:56,491 - [ENV] - --- EPISODE START | Scenario: ASCEND | Start: [0.69678394 0.07838168 0.415     ] | Goal: [0.69678394 0.07838168 0.55      ] | DriftLimit: 0.0350 | FloorLimit: 0.4700 ---
2026-04-24 14:03:58,490 - [ENV] - --- EPISODE START | Scenario: ASCEND | Start: [0.84472676 0.00595388 0.415     ] | Goal: [0.84472676 0.00595388 0.55      ] | DriftLimit: 0.0350 | FloorLimit: 0.4700 ---
2026-04-24 14:04:03,008 - [ENV] - --- EPISODE START | Scenario: ASCEND | Start: [1.0507373  0.43033233 0.415     ] | Goal: [1.0507373  0.43033233 0.55      ] | DriftLimit: 0.0350 | FloorLimit: 0.4700 ---
2026-04-24 14:04:03,313 - [ENV] - TERMINATED (Ascend): Tube Drift = 0.0361m (Max 0.0350m) at step 2
2026-04-24 14:04:03,314 - [ENV] - Episode ended without success at step 2. Final dist: 0.1088m
2026-04-24 14:04:03,315 - [ENV] - --- EPISODE START | Scenario: DESCEND | Start: [0.71235799 0.25689491 0.55      ] | Goal: [0.71235799 0.25689491 0.415     ] | DriftLimit: 0.0350 | FloorLimit: 0.4700 ---
2026-04-24 14:04:05,003 - [ENV] - TERMINATED (Descend): Tube Drift = 0.0350m (Max 0.0350m) at step 46
2026-04-24 14:04:05,004 - [ENV] - Episode ended without success at step 46. Final dist: 0.0353m
2026-04-24 14:04:05,004 - [ENV] - --- EPISODE START | Scenario: TRANSIT | Start: [0.978542   0.03875246 0.55      ] | Goal: [ 0.72543275 -0.00531561  0.55      ] | DriftLimit: 0.0350 | FloorLimit: 0.4700 ---
2026-04-24 14:04:09,467 - [ENV] - --- EPISODE START | Scenario: TRANSIT | Start: [0.9007443  0.52999425 0.55      ] | Goal: [0.82081306 0.19240891 0.55      ] | DriftLimit: 0.0350 | FloorLimit: 0.4700 ---
2026-04-24 14:04:13,979 - [ENV] - --- EPISODE START | Scenario: TRANSIT | Start: [0.61774453 0.24329229 0.55      ] | Goal: [1.04128401 0.08848727 0.55      ] | DriftLimit: 0.0350 | FloorLimit: 0.4700 ---
2026-04-24 14:04:18,265 - [ENV] - --- EPISODE START | Scenario: ASCEND | Start: [0.67373613 0.32799655 0.415     ] | Goal: [0.67373613 0.32799655 0.55      ] | DriftLimit: 0.0350 | FloorLimit: 0.4700 ---
2026-04-24 14:04:22,891 - [ENV] - --- EPISODE START | Scenario: DESCEND | Start: [ 0.9137045  -0.00902732  0.55      ] | Goal: [ 0.9137045  -0.00902732  0.415     ] | DriftLimit: 0.0350 | FloorLimit: 0.4700 ---
2026-04-24 14:04:27,054 - [ENV] - --- EPISODE START | Scenario: DESCEND | Start: [1.13593967 0.37667586 0.55      ] | Goal: [1.13593967 0.37667586 0.41      ] | DriftLimit: 0.0350 | FloorLimit: 0.4700 ---
2026-04-24 14:04:31,227 - [ENV] - --- EPISODE START | Scenario: DESCEND | Start: [0.73470641 0.06868394 0.55      ] | Goal: [0.73470641 0.06868394 0.415     ] | DriftLimit: 0.0350 | FloorLimit: 0.4700 ---
2026-04-24 14:04:35,904 - [ENV] - --- EPISODE START | Scenario: TRANSIT | Start: [0.7224588  0.37423281 0.55      ] | Goal: [1.04939606 0.12949852 0.55      ] | DriftLimit: 0.0350 | FloorLimit: 0.4700 ---
2026-04-24 14:04:40,409 - [ENV] - --- EPISODE START | Scenario: DESCEND | Start: [0.90763185 0.09488932 0.55      ] | Goal: [0.90763185 0.09488932 0.41      ] | DriftLimit: 0.0350 | FloorLimit: 0.4700 ---
2026-04-24 14:04:44,896 - [ENV] - --- EPISODE START | Scenario: ASCEND | Start: [0.67719398 0.29512633 0.415     ] | Goal: [0.67719398 0.29512633 0.55      ] | DriftLimit: 0.0350 | FloorLimit: 0.4700 ---
2026-04-24 14:04:49,236 - [ENV] - --- EPISODE START | Scenario: ASCEND | Start: [1.02865752 0.44796072 0.415     ] | Goal: [1.02865752 0.44796072 0.55      ] | DriftLimit: 0.0350 | FloorLimit: 0.4700 ---
2026-04-24 14:04:49,398 - [ENV] - TERMINATED (Ascend): Tube Drift = 0.0432m (Max 0.0350m) at step 2
2026-04-24 14:04:49,398 - [ENV] - Episode ended without success at step 2. Final dist: 0.1076m
2026-04-24 14:04:49,400 - [ENV] - --- EPISODE START | Scenario: TRANSIT | Start: [1.09107086 0.27342449 0.55      ] | Goal: [0.61292357 0.43580438 0.55      ] | DriftLimit: 0.0350 | FloorLimit: 0.4700 ---
2026-04-24 14:04:53,783 - [ENV] - --- EPISODE START | Scenario: DESCEND | Start: [0.84983699 0.36308006 0.55      ] | Goal: [0.84983699 0.36308006 0.415     ] | DriftLimit: 0.0350 | FloorLimit: 0.4700 ---
2026-04-24 14:04:58,249 - [ENV] - --- EPISODE START | Scenario: TRANSIT | Start: [0.76707397 0.07400418 0.55      ] | Goal: [0.95788838 0.31828193 0.55      ] | DriftLimit: 0.0350 | FloorLimit: 0.4700 ---
2026-04-24 14:06:02,795 - [ENV] - --- EPISODE START | Scenario: TRANSIT | Start: [1.12901335 0.50203899 0.55      ] | Goal: [ 9.33405529e-01 -3.28886427e-05  5.50000000e-01] | DriftLimit: 0.0350 | FloorLimit: 0.4700 ---
2026-04-24 14:06:07,353 - [ENV] - --- EPISODE START | Scenario: TRANSIT | Start: [0.81974925 0.06664913 0.55      ] | Goal: [0.75388423 0.33352425 0.55      ] | DriftLimit: 0.0350 | FloorLimit: 0.4700 ---
2026-04-24 14:06:07,715 - [ENV] - SUCCESS: Goal reached in 12 steps. Dist = 0.0185m
2026-04-24 14:06:07,721 - [ENV] - --- EPISODE START | Scenario: DESCEND | Start: [0.94223121 0.53922817 0.55      ] | Goal: [0.94223121 0.53922817 0.415     ] | DriftLimit: 0.0350 | FloorLimit: 0.4700 ---
2026-04-24 14:06:08,362 - [ENV] - TERMINATED (Descend): Tube Drift = 0.0350m (Max 0.0350m) at step 20
2026-04-24 14:06:08,363 - [ENV] - Episode ended without success at step 20. Final dist: 0.0350m
2026-04-24 14:06:08,363 - [ENV] - --- EPISODE START | Scenario: ASCEND | Start: [1.07056029 0.35548904 0.415     ] | Goal: [1.07056029 0.35548904 0.55      ] | DriftLimit: 0.0350 | FloorLimit: 0.4700 ---
2026-04-24 14:06:08,498 - [ENV] - TERMINATED (Ascend): Tube Drift = 0.0379m (Max 0.0350m) at step 2
2026-04-24 14:06:08,499 - [ENV] - Episode ended without success at step 2. Final dist: 0.1079m
2026-04-24 14:06:08,500 - [ENV] - --- EPISODE START | Scenario: ASCEND | Start: [0.77174272 0.1514064  0.415     ] | Goal: [0.77174272 0.1514064  0.55      ] | DriftLimit: 0.0350 | FloorLimit: 0.4700 ---
2026-04-24 14:06:08,704 - [ENV] - TERMINATED (Ascend): Tube Drift = 0.0420m (Max 0.0350m) at step 3
2026-04-24 14:06:08,704 - [ENV] - Episode ended without success at step 3. Final dist: 0.1324m
2026-04-24 14:06:08,705 - [ENV] - --- EPISODE START | Scenario: TRANSIT | Start: [0.8406478  0.12160036 0.55      ] | Goal: [0.69576626 0.50294317 0.55      ] | DriftLimit: 0.0350 | FloorLimit: 0.4700 ---
2026-04-24 14:06:13,417 - [ENV] - --- EPISODE START | Scenario: TRANSIT | Start: [0.83001854 0.49583878 0.55      ] | Goal: [1.0593587  0.44818098 0.55      ] | DriftLimit: 0.0350 | FloorLimit: 0.4700 ---
2026-04-24 14:06:17,856 - [ENV] - --- EPISODE START | Scenario: DESCEND | Start: [1.0337365  0.42004622 0.55      ] | Goal: [1.0337365  0.42004622 0.41      ] | DriftLimit: 0.0350 | FloorLimit: 0.4700 ---
2026-04-24 14:06:22,572 - [ENV] - --- EPISODE START | Scenario: DESCEND | Start: [1.04180418 0.21895101 0.55      ] | Goal: [1.04180418 0.21895101 0.415     ] | DriftLimit: 0.0350 | FloorLimit: 0.4700 ---
2026-04-24 14:06:22,747 - [ENV] - SUCCESS: Goal reached in 4 steps. Dist = 0.0070m
2026-04-24 14:06:22,748 - [ENV] - --- EPISODE START | Scenario: ASCEND | Start: [0.69483618 0.39095704 0.415     ] | Goal: [0.69483618 0.39095704 0.55      ] | DriftLimit: 0.0350 | FloorLimit: 0.4700 ---
2026-04-24 14:06:22,913 - [ENV] - TERMINATED (Ascend): Tube Drift = 0.0356m (Max 0.0350m) at step 2
2026-04-24 14:06:22,913 - [ENV] - Episode ended without success at step 2. Final dist: 0.1301m
2026-04-24 14:06:22,914 - [ENV] - --- EPISODE START | Scenario: DESCEND | Start: [1.14450084 0.39825713 0.55      ] | Goal: [1.14450084 0.39825713 0.415     ] | DriftLimit: 0.0350 | FloorLimit: 0.4700 ---
2026-04-24 14:06:24,031 - [ENV] - SUCCESS: Goal reached in 34 steps. Dist = 0.0099m
2026-04-24 14:06:24,032 - [ENV] - --- EPISODE START | Scenario: TRANSIT | Start: [0.8210962  0.46817434 0.55      ] | Goal: [1.14830003 0.15777739 0.55      ] | DriftLimit: 0.0350 | FloorLimit: 0.4700 ---
2026-04-24 14:06:28,284 - [ENV] - --- EPISODE START | Scenario: TRANSIT | Start: [0.94978334 0.51252989 0.55      ] | Goal: [0.78650977 0.49481029 0.55      ] | DriftLimit: 0.0350 | FloorLimit: 0.4700 ---
2026-04-24 14:06:32,680 - [ENV] - --- EPISODE START | Scenario: DESCEND | Start: [0.96667618 0.35317511 0.55      ] | Goal: [0.96667618 0.35317511 0.41      ] | DriftLimit: 0.0350 | FloorLimit: 0.4700 ---
2026-04-24 14:06:36,866 - [ENV] - --- EPISODE START | Scenario: ASCEND | Start: [0.86659044 0.34961447 0.415     ] | Goal: [0.86659044 0.34961447 0.55      ] | DriftLimit: 0.0350 | FloorLimit: 0.4700 ---
2026-04-24 14:06:37,053 - [ENV] - TERMINATED (Ascend): Tube Drift = 0.0609m (Max 0.0350m) at step 3
2026-04-24 14:06:37,053 - [ENV] - Episode ended without success at step 3. Final dist: 0.1083m
2026-04-24 14:06:37,054 - [ENV] - --- EPISODE START | Scenario: DESCEND | Start: [0.87225973 0.29235803 0.55      ] | Goal: [0.87225973 0.29235803 0.41      ] | DriftLimit: 0.0350 | FloorLimit: 0.4700 ---
2026-04-24 14:06:41,299 - [ENV] - --- EPISODE START | Scenario: ASCEND | Start: [0.86475144 0.29766114 0.415     ] | Goal: [0.86475144 0.29766114 0.55      ] | DriftLimit: 0.0350 | FloorLimit: 0.4700 ---
2026-04-24 14:06:41,553 - [ENV] - TERMINATED (Ascend): Tube Drift = 0.0357m (Max 0.0350m) at step 2
2026-04-24 14:06:41,553 - [ENV] - Episode ended without success at step 2. Final dist: 0.1203m
2026-04-24 14:06:41,555 - [ENV] - --- EPISODE START | Scenario: TRANSIT | Start: [0.95489295 0.284582   0.55      ] | Goal: [1.14108793 0.23896961 0.55      ] | DriftLimit: 0.0350 | FloorLimit: 0.4700 ---
2026-04-24 14:06:45,737 - [ENV] - --- EPISODE START | Scenario: DESCEND | Start: [0.75816804 0.52780148 0.55      ] | Goal: [0.75816804 0.52780148 0.41      ] | DriftLimit: 0.0350 | FloorLimit: 0.4700 ---
2026-04-24 14:06:50,318 - [ENV] - --- EPISODE START | Scenario: TRANSIT | Start: [0.76609644 0.09606613 0.55      ] | Goal: [0.70716336 0.41831663 0.55      ] | DriftLimit: 0.0350 | FloorLimit: 0.4700 ---
2026-04-24 14:06:54,437 - [ENV] - --- EPISODE START | Scenario: TRANSIT | Start: [0.79620533 0.00500787 0.55      ] | Goal: [0.87643183 0.32927784 0.55      ] | DriftLimit: 0.0350 | FloorLimit: 0.4700 ---
2026-04-24 14:06:59,338 - [ENV] - --- EPISODE START | Scenario: DESCEND | Start: [0.8218246  0.45505701 0.55      ] | Goal: [0.8218246  0.45505701 0.41      ] | DriftLimit: 0.0350 | FloorLimit: 0.4700 ---
2026-04-24 14:07:00,771 - [ENV] - TERMINATED (Descend): Tube Drift = 0.0350m (Max 0.0350m) at step 40
2026-04-24 14:07:00,771 - [ENV] - Episode ended without success at step 40. Final dist: 0.0359m
2026-04-24 14:07:00,771 - [ENV] - --- EPISODE START | Scenario: DESCEND | Start: [0.69185573 0.11216767 0.55      ] | Goal: [0.69185573 0.11216767 0.41      ] | DriftLimit: 0.0350 | FloorLimit: 0.4700 ---
2026-04-24 14:07:05,000 - [ENV] - --- EPISODE START | Scenario: DESCEND | Start: [0.88413909 0.35023329 0.55      ] | Goal: [0.88413909 0.35023329 0.415     ] | DriftLimit: 0.0350 | FloorLimit: 0.4700 ---
2026-04-24 14:08:06,704 - [ENV] - --- EPISODE START | Scenario: ASCEND | Start: [0.64254294 0.23126076 0.415     ] | Goal: [0.64254294 0.23126076 0.55      ] | DriftLimit: 0.0350 | FloorLimit: 0.4700 ---
2026-04-24 14:08:07,134 - [ENV] - TERMINATED (Ascend): Tube Drift = 0.0434m (Max 0.0350m) at step 5
2026-04-24 14:08:07,134 - [ENV] - Episode ended without success at step 5. Final dist: 0.1100m
2026-04-24 14:08:07,135 - [ENV] - --- EPISODE START | Scenario: TRANSIT | Start: [0.99325203 0.27064155 0.55      ] | Goal: [0.80791506 0.32190496 0.55      ] | DriftLimit: 0.0350 | FloorLimit: 0.4700 ---
2026-04-24 14:08:07,359 - [ENV] - SUCCESS: Goal reached in 6 steps. Dist = 0.0165m
2026-04-24 14:08:07,360 - [ENV] - --- EPISODE START | Scenario: DESCEND | Start: [0.80861747 0.49720248 0.55      ] | Goal: [0.80861747 0.49720248 0.41      ] | DriftLimit: 0.0350 | FloorLimit: 0.4700 ---
2026-04-24 14:08:08,742 - [ENV] - TERMINATED (Descend): Tube Drift = 0.0352m (Max 0.0350m) at step 32
2026-04-24 14:08:08,742 - [ENV] - Episode ended without success at step 32. Final dist: 0.0364m
2026-04-24 14:08:08,743 - [ENV] - --- EPISODE START | Scenario: DESCEND | Start: [0.60066407 0.42681596 0.55      ] | Goal: [0.60066407 0.42681596 0.41      ] | DriftLimit: 0.0350 | FloorLimit: 0.4700 ---
2026-04-24 14:08:09,142 - [ENV] - TERMINATED (Descend): Tube Drift = 0.0354m (Max 0.0350m) at step 11
2026-04-24 14:08:09,142 - [ENV] - Episode ended without success at step 11. Final dist: 0.0363m
2026-04-24 14:08:09,143 - [ENV] - --- EPISODE START | Scenario: TRANSIT | Start: [0.99252415 0.46135728 0.55      ] | Goal: [0.90194148 0.11148148 0.55      ] | DriftLimit: 0.0350 | FloorLimit: 0.4700 ---
2026-04-24 14:08:09,751 - [ENV] - SUCCESS: Goal reached in 23 steps. Dist = 0.0122m
2026-04-24 14:08:09,752 - [ENV] - --- EPISODE START | Scenario: DESCEND | Start: [0.99419247 0.31935869 0.55      ] | Goal: [0.99419247 0.31935869 0.41      ] | DriftLimit: 0.0350 | FloorLimit: 0.4700 ---
2026-04-24 14:08:13,940 - [ENV] - --- EPISODE START | Scenario: TRANSIT | Start: [0.77453974 0.47688724 0.55      ] | Goal: [0.61831293 0.27487972 0.55      ] | DriftLimit: 0.0350 | FloorLimit: 0.4700 ---
2026-04-24 14:08:18,223 - [ENV] - --- EPISODE START | Scenario: ASCEND | Start: [0.86747164 0.38849098 0.415     ] | Goal: [0.86747164 0.38849098 0.55      ] | DriftLimit: 0.0350 | FloorLimit: 0.4700 ---
2026-04-24 14:08:18,846 - [ENV] - TERMINATED (Ascend): Tube Drift = 0.0382m (Max 0.0350m) at step 17
2026-04-24 14:08:18,847 - [ENV] - Episode ended without success at step 17. Final dist: 0.0579m
2026-04-24 14:08:18,847 - [ENV] - --- EPISODE START | Scenario: TRANSIT | Start: [0.80262533 0.28612298 0.55      ] | Goal: [0.74324656 0.05902332 0.55      ] | DriftLimit: 0.0350 | FloorLimit: 0.4700 ---
2026-04-24 14:08:23,194 - [ENV] - --- EPISODE START | Scenario: ASCEND | Start: [0.96331667 0.06833754 0.415     ] | Goal: [0.96331667 0.06833754 0.55      ] | DriftLimit: 0.0350 | FloorLimit: 0.4700 ---
2026-04-24 14:08:27,583 - [ENV] - --- EPISODE START | Scenario: DESCEND | Start: [0.81184977 0.4886305  0.55      ] | Goal: [0.81184977 0.4886305  0.41      ] | DriftLimit: 0.0350 | FloorLimit: 0.4700 ---
2026-04-24 14:08:28,490 - [ENV] - TERMINATED (Descend): Tube Drift = 0.0352m (Max 0.0350m) at step 34
2026-04-24 14:08:28,491 - [ENV] - Episode ended without success at step 34. Final dist: 0.0364m
2026-04-24 14:08:28,495 - [ENV] - --- EPISODE START | Scenario: DESCEND | Start: [0.63339776 0.44355749 0.55      ] | Goal: [0.63339776 0.44355749 0.415     ] | DriftLimit: 0.0350 | FloorLimit: 0.4700 ---
2026-04-24 14:08:29,453 - [ENV] - TERMINATED (Descend): Tube Drift = 0.0351m (Max 0.0350m) at step 38
2026-04-24 14:08:29,453 - [ENV] - Episode ended without success at step 38. Final dist: 0.0353m
2026-04-24 14:08:29,454 - [ENV] - --- EPISODE START | Scenario: ASCEND | Start: [0.66529619 0.42272351 0.415     ] | Goal: [0.66529619 0.42272351 0.55      ] | DriftLimit: 0.0350 | FloorLimit: 0.4700 ---
2026-04-24 14:08:34,276 - [ENV] - --- EPISODE START | Scenario: TRANSIT | Start: [0.93529387 0.5329205  0.55      ] | Goal: [0.67310115 0.18134476 0.55      ] | DriftLimit: 0.0350 | FloorLimit: 0.4700 ---
2026-04-24 14:08:38,735 - [ENV] - --- EPISODE START | Scenario: ASCEND | Start: [1.0463533  0.41334959 0.415     ] | Goal: [1.0463533  0.41334959 0.55      ] | DriftLimit: 0.0350 | FloorLimit: 0.4700 ---
2026-04-24 14:08:39,317 - [ENV] - TERMINATED (Ascend): Tube Drift = 0.0376m (Max 0.0350m) at step 16
2026-04-24 14:08:39,317 - [ENV] - Episode ended without success at step 16. Final dist: 0.0522m
2026-04-24 14:08:39,318 - [ENV] - --- EPISODE START | Scenario: ASCEND | Start: [0.868772   0.23039457 0.415     ] | Goal: [0.868772   0.23039457 0.55      ] | DriftLimit: 0.0350 | FloorLimit: 0.4700 ---
2026-04-24 14:08:43,987 - [ENV] - --- EPISODE START | Scenario: DESCEND | Start: [0.85927565 0.35429307 0.55      ] | Goal: [0.85927565 0.35429307 0.41      ] | DriftLimit: 0.0350 | FloorLimit: 0.4700 ---
2026-04-24 14:08:48,294 - [ENV] - --- EPISODE START | Scenario: DESCEND | Start: [1.06271958 0.06958084 0.55      ] | Goal: [1.06271958 0.06958084 0.41      ] | DriftLimit: 0.0350 | FloorLimit: 0.4700 ---
2026-04-24 14:08:48,590 - [ENV] - SUCCESS: Goal reached in 12 steps. Dist = 0.0098m
2026-04-24 14:08:48,591 - [ENV] - --- EPISODE START | Scenario: ASCEND | Start: [1.02592154 0.35944484 0.415     ] | Goal: [1.02592154 0.35944484 0.55      ] | DriftLimit: 0.0350 | FloorLimit: 0.4700 ---
2026-04-24 14:08:52,775 - [ENV] - --- EPISODE START | Scenario: ASCEND | Start: [1.00982694 0.34288666 0.415     ] | Goal: [1.00982694 0.34288666 0.55      ] | DriftLimit: 0.0350 | FloorLimit: 0.4700 ---
2026-04-24 14:08:57,372 - [ENV] - --- EPISODE START | Scenario: ASCEND | Start: [0.74112085 0.05675449 0.415     ] | Goal: [0.74112085 0.05675449 0.55      ] | DriftLimit: 0.0350 | FloorLimit: 0.4700 ---
2026-04-24 14:08:57,529 - [ENV] - TERMINATED (Ascend): Tube Drift = 0.0427m (Max 0.0350m) at step 3
2026-04-24 14:08:57,529 - [ENV] - Episode ended without success at step 3. Final dist: 0.1198m
2026-04-24 14:08:57,530 - [ENV] - --- EPISODE START | Scenario: ASCEND | Start: [1.04693644 0.2830426  0.415     ] | Goal: [1.04693644 0.2830426  0.55      ] | DriftLimit: 0.0350 | FloorLimit: 0.4700 ---
2026-04-24 14:08:57,690 - [ENV] - TERMINATED (Ascend): Tube Drift = 0.0563m (Max 0.0350m) at step 3
2026-04-24 14:08:57,691 - [ENV] - Episode ended without success at step 3. Final dist: 0.1037m
2026-04-24 14:08:57,691 - [ENV] - --- EPISODE START | Scenario: DESCEND | Start: [0.96863824 0.06877416 0.55      ] | Goal: [0.96863824 0.06877416 0.41      ] | DriftLimit: 0.0350 | FloorLimit: 0.4700 ---
2026-04-24 14:08:58,057 - [ENV] - SUCCESS: Goal reached in 13 steps. Dist = 0.0099m
2026-04-24 14:08:58,058 - [ENV] - --- EPISODE START | Scenario: ASCEND | Start: [0.99710641 0.11064992 0.415     ] | Goal: [0.99710641 0.11064992 0.55      ] | DriftLimit: 0.0350 | FloorLimit: 0.4700 ---
2026-04-24 14:09:02,383 - [ENV] - --- EPISODE START | Scenario: TRANSIT | Start: [0.86704089 0.27383927 0.55      ] | Goal: [1.09923459 0.05593145 0.55      ] | DriftLimit: 0.0350 | FloorLimit: 0.4700 ---
2026-04-24 14:09:07,081 - [ENV] - --- EPISODE START | Scenario: TRANSIT | Start: [0.80671972 0.17517665 0.55      ] | Goal: [1.14041412 0.30595561 0.55      ] | DriftLimit: 0.0350 | FloorLimit: 0.4700 ---
2026-04-24 14:10:06,512 - [ENV] - --- EPISODE START | Scenario: TRANSIT | Start: [0.80907829 0.42390901 0.55      ] | Goal: [1.10626863 0.20615317 0.55      ] | DriftLimit: 0.0350 | FloorLimit: 0.4700 ---
2026-04-24 14:10:11,538 - [ENV] - --- EPISODE START | Scenario: DESCEND | Start: [0.62992729 0.51211095 0.55      ] | Goal: [0.62992729 0.51211095 0.415     ] | DriftLimit: 0.0350 | FloorLimit: 0.4700 ---
2026-04-24 14:10:16,550 - [ENV] - --- EPISODE START | Scenario: DESCEND | Start: [0.86490994 0.32778752 0.55      ] | Goal: [0.86490994 0.32778752 0.41      ] | DriftLimit: 0.0350 | FloorLimit: 0.4700 ---
2026-04-24 14:10:20,861 - [ENV] - --- EPISODE START | Scenario: DESCEND | Start: [0.81118382 0.11729417 0.55      ] | Goal: [0.81118382 0.11729417 0.415     ] | DriftLimit: 0.0350 | FloorLimit: 0.4700 ---
2026-04-24 14:10:21,037 - [ENV] - SUCCESS: Goal reached in 5 steps. Dist = 0.0097m
2026-04-24 14:10:21,037 - [ENV] - --- EPISODE START | Scenario: DESCEND | Start: [1.12199925 0.00778315 0.55      ] | Goal: [1.12199925 0.00778315 0.41      ] | DriftLimit: 0.0350 | FloorLimit: 0.4700 ---
2026-04-24 14:10:25,464 - [ENV] - --- EPISODE START | Scenario: TRANSIT | Start: [1.07161042 0.22493203 0.55      ] | Goal: [0.70594512 0.06101716 0.55      ] | DriftLimit: 0.0350 | FloorLimit: 0.4700 ---
2026-04-24 14:10:29,743 - [ENV] - --- EPISODE START | Scenario: DESCEND | Start: [0.97927255 0.52534399 0.55      ] | Goal: [0.97927255 0.52534399 0.41      ] | DriftLimit: 0.0350 | FloorLimit: 0.4700 ---
2026-04-24 14:10:30,533 - [ENV] - TERMINATED (Descend): Tube Drift = 0.0350m (Max 0.0350m) at step 31
2026-04-24 14:10:30,533 - [ENV] - Episode ended without success at step 31. Final dist: 0.0359m
2026-04-24 14:10:30,533 - [ENV] - --- EPISODE START | Scenario: ASCEND | Start: [0.98233815 0.38417642 0.415     ] | Goal: [0.98233815 0.38417642 0.55      ] | DriftLimit: 0.0350 | FloorLimit: 0.4700 ---
2026-04-24 14:10:30,661 - [ENV] - TERMINATED (Ascend): Tube Drift = 0.0412m (Max 0.0350m) at step 2
2026-04-24 14:10:30,662 - [ENV] - Episode ended without success at step 2. Final dist: 0.1068m
2026-04-24 14:10:30,662 - [ENV] - --- EPISODE START | Scenario: ASCEND | Start: [0.69525546 0.40790781 0.415     ] | Goal: [0.69525546 0.40790781 0.55      ] | DriftLimit: 0.0350 | FloorLimit: 0.4700 ---
2026-04-24 14:10:30,821 - [ENV] - TERMINATED (Ascend): Tube Drift = 0.0447m (Max 0.0350m) at step 2
2026-04-24 14:10:30,821 - [ENV] - Episode ended without success at step 2. Final dist: 0.1311m
2026-04-24 14:10:30,822 - [ENV] - --- EPISODE START | Scenario: DESCEND | Start: [0.99388662 0.3966627  0.55      ] | Goal: [0.99388662 0.3966627  0.41      ] | DriftLimit: 0.0350 | FloorLimit: 0.4700 ---
2026-04-24 14:10:35,088 - [ENV] - --- EPISODE START | Scenario: TRANSIT | Start: [0.78743527 0.19774914 0.55      ] | Goal: [1.09436081 0.24383745 0.55      ] | DriftLimit: 0.0350 | FloorLimit: 0.4700 ---
2026-04-24 14:10:39,521 - [ENV] - --- EPISODE START | Scenario: TRANSIT | Start: [1.0796798  0.22977477 0.55      ] | Goal: [0.96892486 0.16852332 0.55      ] | DriftLimit: 0.0350 | FloorLimit: 0.4700 ---
2026-04-24 14:10:44,009 - [ENV] - --- EPISODE START | Scenario: DESCEND | Start: [1.06360161 0.15287422 0.55      ] | Goal: [1.06360161 0.15287422 0.415     ] | DriftLimit: 0.0350 | FloorLimit: 0.4700 ---
2026-04-24 14:10:44,238 - [ENV] - SUCCESS: Goal reached in 6 steps. Dist = 0.0096m
2026-04-24 14:10:44,239 - [ENV] - --- EPISODE START | Scenario: DESCEND | Start: [0.65484569 0.43646622 0.55      ] | Goal: [0.65484569 0.43646622 0.415     ] | DriftLimit: 0.0350 | FloorLimit: 0.4700 ---
2026-04-24 14:10:45,208 - [ENV] - TERMINATED (Descend): Tube Drift = 0.0351m (Max 0.0350m) at step 38
2026-04-24 14:10:45,208 - [ENV] - Episode ended without success at step 38. Final dist: 0.0353m
2026-04-24 14:10:45,209 - [ENV] - --- EPISODE START | Scenario: TRANSIT | Start: [0.76790101 0.32794359 0.55      ] | Goal: [0.60640232 0.09049891 0.55      ] | DriftLimit: 0.0350 | FloorLimit: 0.4700 ---
2026-04-24 14:10:49,515 - [ENV] - --- EPISODE START | Scenario: ASCEND | Start: [0.83392934 0.04206084 0.415     ] | Goal: [0.83392934 0.04206084 0.55      ] | DriftLimit: 0.0350 | FloorLimit: 0.4700 ---
2026-04-24 14:10:53,745 - [ENV] - --- EPISODE START | Scenario: ASCEND | Start: [0.74863864 0.29748166 0.415     ] | Goal: [0.74863864 0.29748166 0.55      ] | DriftLimit: 0.0350 | FloorLimit: 0.4700 ---
2026-04-24 14:10:58,429 - [ENV] - --- EPISODE START | Scenario: ASCEND | Start: [0.76166713 0.52244187 0.415     ] | Goal: [0.76166713 0.52244187 0.55      ] | DriftLimit: 0.0350 | FloorLimit: 0.4700 ---
2026-04-24 14:10:58,811 - [ENV] - TERMINATED (Ascend): Tube Drift = 0.0378m (Max 0.0350m) at step 13
2026-04-24 14:10:58,812 - [ENV] - Episode ended without success at step 13. Final dist: 0.0570m
2026-04-24 14:10:58,812 - [ENV] - --- EPISODE START | Scenario: TRANSIT | Start: [0.82202769 0.18295519 0.55      ] | Goal: [0.87996398 0.29676741 0.55      ] | DriftLimit: 0.0350 | FloorLimit: 0.4700 ---
2026-04-24 14:10:58,997 - [ENV] - SUCCESS: Goal reached in 4 steps. Dist = 0.0067m
2026-04-24 14:10:58,998 - [ENV] - --- EPISODE START | Scenario: ASCEND | Start: [1.09566951 0.51502931 0.415     ] | Goal: [1.09566951 0.51502931 0.55      ] | DriftLimit: 0.0350 | FloorLimit: 0.4700 ---
2026-04-24 14:10:59,142 - [ENV] - TERMINATED (Ascend): Tube Drift = 0.0367m (Max 0.0350m) at step 2
2026-04-24 14:10:59,142 - [ENV] - Episode ended without success at step 2. Final dist: 0.1030m
2026-04-24 14:10:59,144 - [ENV] - --- EPISODE START | Scenario: ASCEND | Start: [0.67487354 0.30569646 0.415     ] | Goal: [0.67487354 0.30569646 0.55      ] | DriftLimit: 0.0350 | FloorLimit: 0.4700 ---
2026-04-24 14:10:59,503 - [ENV] - TERMINATED (Ascend): Tube Drift = 0.0356m (Max 0.0350m) at step 8
2026-04-24 14:10:59,503 - [ENV] - Episode ended without success at step 8. Final dist: 0.1359m
2026-04-24 14:10:59,503 - [ENV] - --- EPISODE START | Scenario: DESCEND | Start: [1.09318008 0.17861023 0.55      ] | Goal: [1.09318008 0.17861023 0.41      ] | DriftLimit: 0.0350 | FloorLimit: 0.4700 ---
2026-04-24 14:11:04,285 - [ENV] - --- EPISODE START | Scenario: TRANSIT | Start: [0.90926738 0.13594369 0.55      ] | Goal: [0.6081407  0.18374437 0.55      ] | DriftLimit: 0.0350 | FloorLimit: 0.4700 ---
2026-04-24 14:11:08,603 - [ENV] - --- EPISODE START | Scenario: DESCEND | Start: [1.15973317 0.19179366 0.55      ] | Goal: [1.15973317 0.19179366 0.415     ] | DriftLimit: 0.0350 | FloorLimit: 0.4700 ---
2026-04-24 14:11:08,775 - [ENV] - SUCCESS: Goal reached in 4 steps. Dist = 0.0079m
2026-04-24 14:11:08,775 - [ENV] - --- EPISODE START | Scenario: TRANSIT | Start: [0.71206948 0.16533958 0.55      ] | Goal: [ 0.64077895 -0.01246026  0.55      ] | DriftLimit: 0.0350 | FloorLimit: 0.4700 ---
2026-04-24 14:12:02,346 - [ENV] - --- EPISODE START | Scenario: ASCEND | Start: [0.88733447 0.30814346 0.415     ] | Goal: [0.88733447 0.30814346 0.55      ] | DriftLimit: 0.0350 | FloorLimit: 0.4700 ---
2026-04-24 14:12:06,788 - [ENV] - --- EPISODE START | Scenario: ASCEND | Start: [1.08375709 0.27542899 0.415     ] | Goal: [1.08375709 0.27542899 0.55      ] | DriftLimit: 0.0350 | FloorLimit: 0.4700 ---
2026-04-24 14:12:06,924 - [ENV] - TERMINATED (Ascend): Tube Drift = 0.0377m (Max 0.0350m) at step 2
2026-04-24 14:12:06,925 - [ENV] - Episode ended without success at step 2. Final dist: 0.1092m
2026-04-24 14:12:06,925 - [ENV] - --- EPISODE START | Scenario: TRANSIT | Start: [1.05642555 0.23921248 0.55      ] | Goal: [6.07316821e-01 4.45859821e-04 5.50000000e-01] | DriftLimit: 0.0350 | FloorLimit: 0.4700 ---
2026-04-24 14:12:11,179 - [ENV] - --- EPISODE START | Scenario: ASCEND | Start: [0.67499296 0.54073761 0.415     ] | Goal: [0.67499296 0.54073761 0.55      ] | DriftLimit: 0.0350 | FloorLimit: 0.4700 ---
2026-04-24 14:12:11,303 - [ENV] - TERMINATED (Ascend): Tube Drift = 0.0369m (Max 0.0350m) at step 2
2026-04-24 14:12:11,304 - [ENV] - Episode ended without success at step 2. Final dist: 0.1192m
2026-04-24 14:12:11,305 - [ENV] - --- EPISODE START | Scenario: TRANSIT | Start: [0.99640404 0.52152595 0.55      ] | Goal: [1.09203484 0.13864627 0.55      ] | DriftLimit: 0.0350 | FloorLimit: 0.4700 ---
2026-04-24 14:12:15,898 - [ENV] - --- EPISODE START | Scenario: ASCEND | Start: [0.75812063 0.24971584 0.415     ] | Goal: [0.75812063 0.24971584 0.55      ] | DriftLimit: 0.0350 | FloorLimit: 0.4700 ---
2026-04-24 14:12:20,519 - [ENV] - --- EPISODE START | Scenario: ASCEND | Start: [0.98458426 0.42166414 0.415     ] | Goal: [0.98458426 0.42166414 0.55      ] | DriftLimit: 0.0350 | FloorLimit: 0.4700 ---
2026-04-24 14:12:20,682 - [ENV] - TERMINATED (Ascend): Tube Drift = 0.0402m (Max 0.0350m) at step 2
2026-04-24 14:12:20,682 - [ENV] - Episode ended without success at step 2. Final dist: 0.1076m
2026-04-24 14:12:20,683 - [ENV] - --- EPISODE START | Scenario: TRANSIT | Start: [0.87365701 0.46335358 0.55      ] | Goal: [1.13235778 0.02258325 0.55      ] | DriftLimit: 0.0350 | FloorLimit: 0.4700 ---
2026-04-24 14:12:24,979 - [ENV] - --- EPISODE START | Scenario: ASCEND | Start: [1.12730055 0.27173013 0.415     ] | Goal: [1.12730055 0.27173013 0.55      ] | DriftLimit: 0.0350 | FloorLimit: 0.4700 ---
2026-04-24 14:12:29,470 - [ENV] - --- EPISODE START | Scenario: DESCEND | Start: [0.63806925 0.08402476 0.55      ] | Goal: [0.63806925 0.08402476 0.415     ] | DriftLimit: 0.0350 | FloorLimit: 0.4700 ---
2026-04-24 14:12:31,052 - [ENV] - SUCCESS: Goal reached in 62 steps. Dist = 0.0100m
2026-04-24 14:12:31,053 - [ENV] - --- EPISODE START | Scenario: TRANSIT | Start: [1.04516109 0.23745031 0.55      ] | Goal: [1.04587464 0.35385198 0.55      ] | DriftLimit: 0.0350 | FloorLimit: 0.4700 ---
2026-04-24 14:12:31,273 - [ENV] - SUCCESS: Goal reached in 4 steps. Dist = 0.0149m
2026-04-24 14:12:31,275 - [ENV] - --- EPISODE START | Scenario: ASCEND | Start: [1.08641939 0.49401933 0.415     ] | Goal: [1.08641939 0.49401933 0.55      ] | DriftLimit: 0.0350 | FloorLimit: 0.4700 ---
2026-04-24 14:12:31,612 - [ENV] - SUCCESS: Goal reached in 9 steps. Dist = 0.0087m
2026-04-24 14:12:31,613 - [ENV] - --- EPISODE START | Scenario: TRANSIT | Start: [ 0.71414569 -0.00808356  0.55      ] | Goal: [0.84476575 0.2180257  0.55      ] | DriftLimit: 0.0350 | FloorLimit: 0.4700 ---
2026-04-24 14:12:35,895 - [ENV] - --- EPISODE START | Scenario: TRANSIT | Start: [0.69028239 0.21444171 0.55      ] | Goal: [0.95972709 0.28743907 0.55      ] | DriftLimit: 0.0350 | FloorLimit: 0.4700 ---
2026-04-24 14:12:40,189 - [ENV] - --- EPISODE START | Scenario: DESCEND | Start: [1.1086173  0.42493288 0.55      ] | Goal: [1.1086173  0.42493288 0.415     ] | DriftLimit: 0.0350 | FloorLimit: 0.4700 ---
2026-04-24 14:12:44,564 - [ENV] - --- EPISODE START | Scenario: ASCEND | Start: [0.81136576 0.13719743 0.415     ] | Goal: [0.81136576 0.13719743 0.55      ] | DriftLimit: 0.0350 | FloorLimit: 0.4700 ---
2026-04-24 14:12:48,980 - [ENV] - --- EPISODE START | Scenario: DESCEND | Start: [0.80578477 0.41692217 0.55      ] | Goal: [0.80578477 0.41692217 0.41      ] | DriftLimit: 0.0350 | FloorLimit: 0.4700 ---
2026-04-24 14:12:53,438 - [ENV] - --- EPISODE START | Scenario: TRANSIT | Start: [0.99411245 0.21612676 0.55      ] | Goal: [0.9997042 0.1056383 0.55     ] | DriftLimit: 0.0350 | FloorLimit: 0.4700 ---
2026-04-24 14:12:53,672 - [ENV] - SUCCESS: Goal reached in 7 steps. Dist = 0.0199m
2026-04-24 14:12:53,673 - [ENV] - --- EPISODE START | Scenario: DESCEND | Start: [0.78078239 0.33312241 0.55      ] | Goal: [0.78078239 0.33312241 0.415     ] | DriftLimit: 0.0350 | FloorLimit: 0.4700 ---
2026-04-24 14:12:58,081 - [ENV] - --- EPISODE START | Scenario: ASCEND | Start: [0.98370726 0.03445027 0.415     ] | Goal: [0.98370726 0.03445027 0.55      ] | DriftLimit: 0.0350 | FloorLimit: 0.4700 ---
2026-04-24 14:12:58,187 - [ENV] - TERMINATED (Ascend): Tube Drift = 0.0565m (Max 0.0350m) at step 2
2026-04-24 14:12:58,188 - [ENV] - Episode ended without success at step 2. Final dist: 0.1382m
2026-04-24 14:12:58,189 - [ENV] - --- EPISODE START | Scenario: TRANSIT | Start: [1.07057064 0.0256035  0.55      ] | Goal: [0.76546459 0.01628544 0.55      ] | DriftLimit: 0.0350 | FloorLimit: 0.4700 ---
2026-04-24 14:12:58,571 - [ENV] - SUCCESS: Goal reached in 14 steps. Dist = 0.0057m
2026-04-24 14:12:58,571 - [ENV] - --- EPISODE START | Scenario: DESCEND | Start: [0.70744691 0.27143988 0.55      ] | Goal: [0.70744691 0.27143988 0.415     ] | DriftLimit: 0.0350 | FloorLimit: 0.4700 ---
2026-04-24 14:12:59,535 - [ENV] - TERMINATED (Descend): Tube Drift = 0.0351m (Max 0.0350m) at step 33
2026-04-24 14:12:59,536 - [ENV] - Episode ended without success at step 33. Final dist: 0.0354m
2026-04-24 14:12:59,536 - [ENV] - --- EPISODE START | Scenario: DESCEND | Start: [0.76421117 0.09851978 0.55      ] | Goal: [0.76421117 0.09851978 0.415     ] | DriftLimit: 0.0350 | FloorLimit: 0.4700 ---
2026-04-24 14:12:59,756 - [ENV] - SUCCESS: Goal reached in 7 steps. Dist = 0.0095m
2026-04-24 14:12:59,757 - [ENV] - --- EPISODE START | Scenario: ASCEND | Start: [0.72779848 0.49321168 0.415     ] | Goal: [0.72779848 0.49321168 0.55      ] | DriftLimit: 0.0350 | FloorLimit: 0.4700 ---
2026-04-24 14:13:00,173 - [ENV] - TERMINATED (Ascend): Tube Drift = 0.0378m (Max 0.0350m) at step 14
2026-04-24 14:13:00,173 - [ENV] - Episode ended without success at step 14. Final dist: 0.0645m
2026-04-24 14:13:00,174 - [ENV] - --- EPISODE START | Scenario: TRANSIT | Start: [1.09110255 0.16745296 0.55      ] | Goal: [0.67576114 0.26238004 0.55      ] | DriftLimit: 0.0350 | FloorLimit: 0.4700 ---
2026-04-24 14:14:01,346 - [ENV] - --- EPISODE START | Scenario: TRANSIT | Start: [1.11519345 0.00358797 0.55      ] | Goal: [0.90433211 0.39336062 0.55      ] | DriftLimit: 0.0350 | FloorLimit: 0.4700 ---
2026-04-24 14:14:05,490 - [ENV] - --- EPISODE START | Scenario: DESCEND | Start: [0.97636731 0.19797304 0.55      ] | Goal: [0.97636731 0.19797304 0.41      ] | DriftLimit: 0.0350 | FloorLimit: 0.4700 ---
2026-04-24 14:14:09,786 - [ENV] - --- EPISODE START | Scenario: ASCEND | Start: [1.05553375 0.14175405 0.415     ] | Goal: [1.05553375 0.14175405 0.55      ] | DriftLimit: 0.0350 | FloorLimit: 0.4700 ---
2026-04-24 14:14:09,916 - [ENV] - TERMINATED (Ascend): Tube Drift = 0.0378m (Max 0.0350m) at step 2
2026-04-24 14:14:09,916 - [ENV] - Episode ended without success at step 2. Final dist: 0.1181m
2026-04-24 14:14:09,917 - [ENV] - --- EPISODE START | Scenario: DESCEND | Start: [1.00319407 0.04689255 0.55      ] | Goal: [1.00319407 0.04689255 0.415     ] | DriftLimit: 0.0350 | FloorLimit: 0.4700 ---
2026-04-24 14:14:10,232 - [ENV] - SUCCESS: Goal reached in 11 steps. Dist = 0.0097m
2026-04-24 14:14:10,233 - [ENV] - --- EPISODE START | Scenario: DESCEND | Start: [0.73979746 0.49119886 0.55      ] | Goal: [0.73979746 0.49119886 0.41      ] | DriftLimit: 0.0350 | FloorLimit: 0.4700 ---
2026-04-24 14:14:14,589 - [ENV] - --- EPISODE START | Scenario: ASCEND | Start: [0.78861233 0.04278087 0.415     ] | Goal: [0.78861233 0.04278087 0.55      ] | DriftLimit: 0.0350 | FloorLimit: 0.4700 ---
2026-04-24 14:14:14,776 - [ENV] - TERMINATED (Ascend): Tube Drift = 0.0437m (Max 0.0350m) at step 3
2026-04-24 14:14:14,776 - [ENV] - Episode ended without success at step 3. Final dist: 0.1197m
2026-04-24 14:14:14,777 - [ENV] - --- EPISODE START | Scenario: TRANSIT | Start: [0.77021974 0.16781434 0.55      ] | Goal: [0.85610762 0.42456882 0.55      ] | DriftLimit: 0.0350 | FloorLimit: 0.4700 ---
2026-04-24 14:14:19,607 - [ENV] - --- EPISODE START | Scenario: ASCEND | Start: [0.75512039 0.04301447 0.415     ] | Goal: [0.75512039 0.04301447 0.55      ] | DriftLimit: 0.0350 | FloorLimit: 0.4700 ---
2026-04-24 14:14:24,053 - [ENV] - --- EPISODE START | Scenario: TRANSIT | Start: [0.77945345 0.2474957  0.55      ] | Goal: [1.04262236 0.21903563 0.55      ] | DriftLimit: 0.0350 | FloorLimit: 0.4700 ---
2026-04-24 14:14:28,306 - [ENV] - --- EPISODE START | Scenario: ASCEND | Start: [0.76503805 0.10130101 0.415     ] | Goal: [0.76503805 0.10130101 0.55      ] | DriftLimit: 0.0350 | FloorLimit: 0.4700 ---
2026-04-24 14:14:28,488 - [ENV] - TERMINATED (Ascend): Tube Drift = 0.0389m (Max 0.0350m) at step 4
2026-04-24 14:14:28,488 - [ENV] - Episode ended without success at step 4. Final dist: 0.1140m
2026-04-24 14:14:28,489 - [ENV] - --- EPISODE START | Scenario: TRANSIT | Start: [1.04280675 0.03470464 0.55      ] | Goal: [0.82593025 0.03164463 0.55      ] | DriftLimit: 0.0350 | FloorLimit: 0.4700 ---
2026-04-24 14:14:33,030 - [ENV] - --- EPISODE START | Scenario: TRANSIT | Start: [1.10795918 0.18002895 0.55      ] | Goal: [0.78121983 0.25997889 0.55      ] | DriftLimit: 0.0350 | FloorLimit: 0.4700 ---
2026-04-24 14:14:37,527 - [ENV] - --- EPISODE START | Scenario: TRANSIT | Start: [0.8139173  0.53711798 0.55      ] | Goal: [0.86994593 0.22152782 0.55      ] | DriftLimit: 0.0350 | FloorLimit: 0.4700 ---
2026-04-24 14:14:41,851 - [ENV] - --- EPISODE START | Scenario: TRANSIT | Start: [0.89777822 0.48213972 0.55      ] | Goal: [0.85389817 0.02797711 0.55      ] | DriftLimit: 0.0350 | FloorLimit: 0.4700 ---
2026-04-24 14:14:43,286 - [ENV] - SUCCESS: Goal reached in 58 steps. Dist = 0.0080m
2026-04-24 14:14:43,287 - [ENV] - --- EPISODE START | Scenario: ASCEND | Start: [7.14429055e-01 9.21659340e-05 4.15000000e-01] | Goal: [7.14429055e-01 9.21659340e-05 5.50000000e-01] | DriftLimit: 0.0350 | FloorLimit: 0.4700 ---
2026-04-24 14:14:47,653 - [ENV] - --- EPISODE START | Scenario: TRANSIT | Start: [0.684975   0.05415877 0.55      ] | Goal: [1.09001791 0.17920469 0.55      ] | DriftLimit: 0.0350 | FloorLimit: 0.4700 ---
2026-04-24 14:14:48,217 - [ENV] - SUCCESS: Goal reached in 20 steps. Dist = 0.0073m
2026-04-24 14:14:48,218 - [ENV] - --- EPISODE START | Scenario: TRANSIT | Start: [0.85723449 0.27966981 0.55      ] | Goal: [0.76626672 0.13698213 0.55      ] | DriftLimit: 0.0350 | FloorLimit: 0.4700 ---
2026-04-24 14:14:52,785 - [ENV] - --- EPISODE START | Scenario: ASCEND | Start: [ 0.61266083 -0.01325586  0.415     ] | Goal: [ 0.61266083 -0.01325586  0.55      ] | DriftLimit: 0.0350 | FloorLimit: 0.4700 ---
2026-04-24 14:14:52,940 - [ENV] - TERMINATED (Ascend): Tube Drift = 0.0509m (Max 0.0350m) at step 3
2026-04-24 14:14:52,940 - [ENV] - Episode ended without success at step 3. Final dist: 0.1312m
2026-04-24 14:14:52,940 - [ENV] - --- EPISODE START | Scenario: DESCEND | Start: [0.93540886 0.48282498 0.55      ] | Goal: [0.93540886 0.48282498 0.415     ] | DriftLimit: 0.0350 | FloorLimit: 0.4700 ---
2026-04-24 14:14:57,446 - [ENV] - --- EPISODE START | Scenario: DESCEND | Start: [0.678218   0.25055834 0.55      ] | Goal: [0.678218   0.25055834 0.41      ] | DriftLimit: 0.0350 | FloorLimit: 0.4700 ---
2026-04-24 14:14:58,164 - [ENV] - TERMINATED (Descend): Tube Drift = 0.0355m (Max 0.0350m) at step 24
2026-04-24 14:14:58,164 - [ENV] - Episode ended without success at step 24. Final dist: 0.0367m
2026-04-24 14:14:58,165 - [ENV] - --- EPISODE START | Scenario: TRANSIT | Start: [1.05282659 0.499886   0.55      ] | Goal: [1.05401275 0.1868559  0.55      ] | DriftLimit: 0.0350 | FloorLimit: 0.4700 ---
2026-04-24 14:15:02,770 - [ENV] - --- EPISODE START | Scenario: TRANSIT | Start: [1.14951412 0.41864969 0.55      ] | Goal: [1.14435675 0.02814497 0.55      ] | DriftLimit: 0.0350 | FloorLimit: 0.4700 ---
2026-04-24 14:16:05,406 - [ENV] - SUCCESS: Goal reached in 49 steps. Dist = 0.0158m
2026-04-24 14:16:05,406 - [ENV] - --- EPISODE START | Scenario: DESCEND | Start: [0.67168181 0.40430877 0.55      ] | Goal: [0.67168181 0.40430877 0.415     ] | DriftLimit: 0.0350 | FloorLimit: 0.4700 ---
2026-04-24 14:16:08,229 - [ENV] - TERMINATED (Descend): Tube Drift = 0.0351m (Max 0.0350m) at step 112
2026-04-24 14:16:08,229 - [ENV] - Episode ended without success at step 112. Final dist: 0.0352m
2026-04-24 14:16:08,230 - [ENV] - --- EPISODE START | Scenario: ASCEND | Start: [1.07031102 0.11217717 0.415     ] | Goal: [1.07031102 0.11217717 0.55      ] | DriftLimit: 0.0350 | FloorLimit: 0.4700 ---
2026-04-24 14:16:12,923 - [ENV] - --- EPISODE START | Scenario: DESCEND | Start: [0.722484   0.02212355 0.55      ] | Goal: [0.722484   0.02212355 0.41      ] | DriftLimit: 0.0350 | FloorLimit: 0.4700 ---
2026-04-24 14:16:17,214 - [ENV] - --- EPISODE START | Scenario: TRANSIT | Start: [0.73997434 0.09583096 0.55      ] | Goal: [1.05688812 0.36550157 0.55      ] | DriftLimit: 0.0350 | FloorLimit: 0.4700 ---
2026-04-24 14:16:21,534 - [ENV] - --- EPISODE START | Scenario: DESCEND | Start: [0.81253349 0.23213699 0.55      ] | Goal: [0.81253349 0.23213699 0.415     ] | DriftLimit: 0.0350 | FloorLimit: 0.4700 ---
2026-04-24 14:16:26,146 - [ENV] - --- EPISODE START | Scenario: ASCEND | Start: [1.13922432 0.49003442 0.415     ] | Goal: [1.13922432 0.49003442 0.55      ] | DriftLimit: 0.0350 | FloorLimit: 0.4700 ---
2026-04-24 14:16:26,661 - [ENV] - TERMINATED (Ascend): Tube Drift = 0.0368m (Max 0.0350m) at step 18
2026-04-24 14:16:26,661 - [ENV] - Episode ended without success at step 18. Final dist: 0.0597m
2026-04-24 14:16:26,662 - [ENV] - --- EPISODE START | Scenario: TRANSIT | Start: [0.64205154 0.20755204 0.55      ] | Goal: [0.66792171 0.49673152 0.55      ] | DriftLimit: 0.0350 | FloorLimit: 0.4700 ---
2026-04-24 14:16:31,277 - [ENV] - --- EPISODE START | Scenario: TRANSIT | Start: [0.92043687 0.43273267 0.55      ] | Goal: [0.85024486 0.01893235 0.55      ] | DriftLimit: 0.0350 | FloorLimit: 0.4700 ---
2026-04-24 14:16:31,999 - [ENV] - SUCCESS: Goal reached in 21 steps. Dist = 0.0087m
2026-04-24 14:16:31,999 - [ENV] - --- EPISODE START | Scenario: DESCEND | Start: [1.03989249 0.06284246 0.55      ] | Goal: [1.03989249 0.06284246 0.415     ] | DriftLimit: 0.0350 | FloorLimit: 0.4700 ---
2026-04-24 14:16:32,273 - [ENV] - SUCCESS: Goal reached in 9 steps. Dist = 0.0099m
2026-04-24 14:16:32,274 - [ENV] - --- EPISODE START | Scenario: ASCEND | Start: [0.86970719 0.09475691 0.415     ] | Goal: [0.86970719 0.09475691 0.55      ] | DriftLimit: 0.0350 | FloorLimit: 0.4700 ---
2026-04-24 14:16:32,381 - [ENV] - TERMINATED (Ascend): Tube Drift = 0.0528m (Max 0.0350m) at step 2
2026-04-24 14:16:32,382 - [ENV] - Episode ended without success at step 2. Final dist: 0.1343m
2026-04-24 14:16:32,383 - [ENV] - --- EPISODE START | Scenario: TRANSIT | Start: [0.78874055 0.2777174  0.55      ] | Goal: [0.66252813 0.11744074 0.55      ] | DriftLimit: 0.0350 | FloorLimit: 0.4700 ---
2026-04-24 14:16:37,073 - [ENV] - --- EPISODE START | Scenario: DESCEND | Start: [0.87545555 0.10054898 0.55      ] | Goal: [0.87545555 0.10054898 0.415     ] | DriftLimit: 0.0350 | FloorLimit: 0.4700 ---
2026-04-24 14:16:37,351 - [ENV] - SUCCESS: Goal reached in 7 steps. Dist = 0.0093m
2026-04-24 14:16:37,353 - [ENV] - --- EPISODE START | Scenario: TRANSIT | Start: [0.85781653 0.38637613 0.55      ] | Goal: [0.82867707 0.26824019 0.55      ] | DriftLimit: 0.0350 | FloorLimit: 0.4700 ---
2026-04-24 14:16:41,625 - [ENV] - --- EPISODE START | Scenario: DESCEND | Start: [0.84412374 0.20526193 0.55      ] | Goal: [0.84412374 0.20526193 0.415     ] | DriftLimit: 0.0350 | FloorLimit: 0.4700 ---
2026-04-24 14:16:41,769 - [ENV] - SUCCESS: Goal reached in 3 steps. Dist = 0.0096m
2026-04-24 14:16:41,770 - [ENV] - --- EPISODE START | Scenario: TRANSIT | Start: [1.00792285 0.4509156  0.55      ] | Goal: [1.06925843 0.2156474  0.55      ] | DriftLimit: 0.0350 | FloorLimit: 0.4700 ---
2026-04-24 14:16:46,006 - [ENV] - --- EPISODE START | Scenario: DESCEND | Start: [1.05032415 0.04358076 0.55      ] | Goal: [1.05032415 0.04358076 0.41      ] | DriftLimit: 0.0350 | FloorLimit: 0.4700 ---
2026-04-24 14:16:46,299 - [ENV] - SUCCESS: Goal reached in 12 steps. Dist = 0.0099m
2026-04-24 14:16:46,300 - [ENV] - --- EPISODE START | Scenario: ASCEND | Start: [0.73568209 0.31906358 0.415     ] | Goal: [0.73568209 0.31906358 0.55      ] | DriftLimit: 0.0350 | FloorLimit: 0.4700 ---
2026-04-24 14:16:50,640 - [ENV] - --- EPISODE START | Scenario: DESCEND | Start: [1.04203161 0.3936296  0.55      ] | Goal: [1.04203161 0.3936296  0.41      ] | DriftLimit: 0.0350 | FloorLimit: 0.4700 ---
2026-04-24 14:16:54,994 - [ENV] - --- EPISODE START | Scenario: DESCEND | Start: [0.71672209 0.08271909 0.55      ] | Goal: [0.71672209 0.08271909 0.41      ] | DriftLimit: 0.0350 | FloorLimit: 0.4700 ---
2026-04-24 14:16:59,480 - [ENV] - --- EPISODE START | Scenario: DESCEND | Start: [ 0.88024766 -0.00172128  0.55      ] | Goal: [ 0.88024766 -0.00172128  0.415     ] | DriftLimit: 0.0350 | FloorLimit: 0.4700 ---
2026-04-24 14:16:59,792 - [ENV] - SUCCESS: Goal reached in 13 steps. Dist = 0.0095m
2026-04-24 14:16:59,792 - [ENV] - --- EPISODE START | Scenario: TRANSIT | Start: [0.70879973 0.2338668  0.55      ] | Goal: [0.82619612 0.01837572 0.55      ] | DriftLimit: 0.0350 | FloorLimit: 0.4700 ---
2026-04-24 14:17:04,022 - [ENV] - --- EPISODE START | Scenario: TRANSIT | Start: [0.924419   0.41911089 0.55      ] | Goal: [1.02979678 0.36512359 0.55      ] | DriftLimit: 0.0350 | FloorLimit: 0.4700 ---
2026-04-24 14:17:08,820 - [ENV] - --- EPISODE START | Scenario: TRANSIT | Start: [0.76183141 0.4680363  0.55      ] | Goal: [1.04718238 0.27978682 0.55      ] | DriftLimit: 0.0350 | FloorLimit: 0.4700 ---
2026-04-24 14:18:07,019 - [ENV] - --- EPISODE START | Scenario: TRANSIT | Start: [1.07288905 0.04214036 0.55      ] | Goal: [0.66459374 0.12132451 0.55      ] | DriftLimit: 0.0350 | FloorLimit: 0.4700 ---
2026-04-24 14:18:11,692 - [ENV] - --- EPISODE START | Scenario: ASCEND | Start: [1.08584946 0.10773482 0.415     ] | Goal: [1.08584946 0.10773482 0.55      ] | DriftLimit: 0.0350 | FloorLimit: 0.4700 ---
2026-04-24 14:18:12,281 - [ENV] - TERMINATED (Ascend): Tube Drift = 0.0350m (Max 0.0350m) at step 21
2026-04-24 14:18:12,281 - [ENV] - Episode ended without success at step 21. Final dist: 0.0517m
2026-04-24 14:18:12,282 - [ENV] - --- EPISODE START | Scenario: DESCEND | Start: [0.69558423 0.04574011 0.55      ] | Goal: [0.69558423 0.04574011 0.415     ] | DriftLimit: 0.0350 | FloorLimit: 0.4700 ---
2026-04-24 14:18:16,580 - [ENV] - --- EPISODE START | Scenario: TRANSIT | Start: [1.03920315 0.32273308 0.55      ] | Goal: [1.10663966 0.43896587 0.55      ] | DriftLimit: 0.0350 | FloorLimit: 0.4700 ---
2026-04-24 14:18:20,963 - [ENV] - --- EPISODE START | Scenario: ASCEND | Start: [1.13899456 0.32219872 0.415     ] | Goal: [1.13899456 0.32219872 0.55      ] | DriftLimit: 0.0350 | FloorLimit: 0.4700 ---
2026-04-24 14:18:21,076 - [ENV] - TERMINATED (Ascend): Tube Drift = 0.0420m (Max 0.0350m) at step 2
2026-04-24 14:18:21,077 - [ENV] - Episode ended without success at step 2. Final dist: 0.1092m
2026-04-24 14:18:21,078 - [ENV] - --- EPISODE START | Scenario: ASCEND | Start: [1.06609968 0.33580192 0.415     ] | Goal: [1.06609968 0.33580192 0.55      ] | DriftLimit: 0.0350 | FloorLimit: 0.4700 ---
2026-04-24 14:18:21,236 - [ENV] - TERMINATED (Ascend): Tube Drift = 0.0409m (Max 0.0350m) at step 2
2026-04-24 14:18:21,236 - [ENV] - Episode ended without success at step 2. Final dist: 0.1070m
2026-04-24 14:18:21,237 - [ENV] - --- EPISODE START | Scenario: TRANSIT | Start: [0.97638667 0.15966175 0.55      ] | Goal: [1.09055091 0.5410375  0.55      ] | DriftLimit: 0.0350 | FloorLimit: 0.4700 ---
2026-04-24 14:18:25,880 - [ENV] - --- EPISODE START | Scenario: DESCEND | Start: [0.80415332 0.21125747 0.55      ] | Goal: [0.80415332 0.21125747 0.41      ] | DriftLimit: 0.0350 | FloorLimit: 0.4700 ---
2026-04-24 14:18:30,079 - [ENV] - --- EPISODE START | Scenario: ASCEND | Start: [1.05454887 0.34969683 0.415     ] | Goal: [1.05454887 0.34969683 0.55      ] | DriftLimit: 0.0350 | FloorLimit: 0.4700 ---
2026-04-24 14:18:30,216 - [ENV] - TERMINATED (Ascend): Tube Drift = 0.0401m (Max 0.0350m) at step 2
2026-04-24 14:18:30,216 - [ENV] - Episode ended without success at step 2. Final dist: 0.1077m
2026-04-24 14:18:30,217 - [ENV] - --- EPISODE START | Scenario: TRANSIT | Start: [ 0.8042973  -0.00432545  0.55      ] | Goal: [1.06656818 0.16232788 0.55      ] | DriftLimit: 0.0350 | FloorLimit: 0.4700 ---
2026-04-24 14:18:35,007 - [ENV] - --- EPISODE START | Scenario: ASCEND | Start: [1.10329127 0.03957455 0.415     ] | Goal: [1.10329127 0.03957455 0.55      ] | DriftLimit: 0.0350 | FloorLimit: 0.4700 ---
2026-04-24 14:18:35,143 - [ENV] - TERMINATED (Ascend): Tube Drift = 0.0714m (Max 0.0350m) at step 2
2026-04-24 14:18:35,143 - [ENV] - Episode ended without success at step 2. Final dist: 0.1403m
2026-04-24 14:18:35,144 - [ENV] - --- EPISODE START | Scenario: TRANSIT | Start: [0.92766155 0.47044476 0.55      ] | Goal: [0.68118022 0.23063887 0.55      ] | DriftLimit: 0.0350 | FloorLimit: 0.4700 ---
2026-04-24 14:18:39,407 - [ENV] - --- EPISODE START | Scenario: ASCEND | Start: [0.96781236 0.13731495 0.415     ] | Goal: [0.96781236 0.13731495 0.55      ] | DriftLimit: 0.0350 | FloorLimit: 0.4700 ---
2026-04-24 14:18:39,725 - [ENV] - TERMINATED (Ascend): Tube Drift = 0.0358m (Max 0.0350m) at step 10
2026-04-24 14:18:39,725 - [ENV] - Episode ended without success at step 10. Final dist: 0.0694m
2026-04-24 14:18:39,726 - [ENV] - --- EPISODE START | Scenario: ASCEND | Start: [0.95344962 0.25938443 0.415     ] | Goal: [0.95344962 0.25938443 0.55      ] | DriftLimit: 0.0350 | FloorLimit: 0.4700 ---
2026-04-24 14:18:40,140 - [ENV] - TERMINATED (Ascend): Tube Drift = 0.0355m (Max 0.0350m) at step 13
2026-04-24 14:18:40,140 - [ENV] - Episode ended without success at step 13. Final dist: 0.0894m
2026-04-24 14:18:40,141 - [ENV] - --- EPISODE START | Scenario: DESCEND | Start: [0.84916546 0.07629341 0.55      ] | Goal: [0.84916546 0.07629341 0.415     ] | DriftLimit: 0.0350 | FloorLimit: 0.4700 ---
2026-04-24 14:18:40,618 - [ENV] - SUCCESS: Goal reached in 16 steps. Dist = 0.0097m
2026-04-24 14:18:40,619 - [ENV] - --- EPISODE START | Scenario: DESCEND | Start: [0.61374669 0.03212042 0.55      ] | Goal: [0.61374669 0.03212042 0.41      ] | DriftLimit: 0.0350 | FloorLimit: 0.4700 ---
2026-04-24 14:18:45,206 - [ENV] - --- EPISODE START | Scenario: DESCEND | Start: [0.65342476 0.44374852 0.55      ] | Goal: [0.65342476 0.44374852 0.415     ] | DriftLimit: 0.0350 | FloorLimit: 0.4700 ---
2026-04-24 14:18:49,479 - [ENV] - --- EPISODE START | Scenario: TRANSIT | Start: [0.81719785 0.09489527 0.55      ] | Goal: [0.69071565 0.42747479 0.55      ] | DriftLimit: 0.0350 | FloorLimit: 0.4700 ---
2026-04-24 14:18:49,990 - [ENV] - SUCCESS: Goal reached in 19 steps. Dist = 0.0200m
2026-04-24 14:18:49,991 - [ENV] - --- EPISODE START | Scenario: TRANSIT | Start: [ 1.09718644 -0.0046001   0.55      ] | Goal: [0.67577471 0.53768575 0.55      ] | DriftLimit: 0.0350 | FloorLimit: 0.4700 ---
2026-04-24 14:18:54,107 - [ENV] - --- EPISODE START | Scenario: TRANSIT | Start: [0.61473884 0.30729008 0.55      ] | Goal: [1.10051321 0.40392726 0.55      ] | DriftLimit: 0.0350 | FloorLimit: 0.4700 ---
2026-04-24 14:18:58,717 - [ENV] - --- EPISODE START | Scenario: TRANSIT | Start: [1.14705113 0.45286919 0.55      ] | Goal: [0.60076052 0.41309864 0.55      ] | DriftLimit: 0.0350 | FloorLimit: 0.4700 ---
2026-04-24 14:19:02,895 - [ENV] - --- EPISODE START | Scenario: ASCEND | Start: [ 0.84525985 -0.01084168  0.415     ] | Goal: [ 0.84525985 -0.01084168  0.55      ] | DriftLimit: 0.0350 | FloorLimit: 0.4700 ---
2026-04-24 14:20:07,370 - [ENV] - --- EPISODE START | Scenario: DESCEND | Start: [0.9452847 0.4847782 0.55     ] | Goal: [0.9452847 0.4847782 0.41     ] | DriftLimit: 0.0350 | FloorLimit: 0.4700 ---
2026-04-24 14:20:11,816 - [ENV] - --- EPISODE START | Scenario: DESCEND | Start: [0.96816878 0.48664385 0.55      ] | Goal: [0.96816878 0.48664385 0.415     ] | DriftLimit: 0.0350 | FloorLimit: 0.4700 ---
2026-04-24 14:20:13,805 - [ENV] - TERMINATED (Descend): Tube Drift = 0.0350m (Max 0.0350m) at step 82
2026-04-24 14:20:13,805 - [ENV] - Episode ended without success at step 82. Final dist: 0.0351m
2026-04-24 14:20:13,806 - [ENV] - --- EPISODE START | Scenario: ASCEND | Start: [1.01553626 0.19633016 0.415     ] | Goal: [1.01553626 0.19633016 0.55      ] | DriftLimit: 0.0350 | FloorLimit: 0.4700 ---
2026-04-24 14:20:14,522 - [ENV] - TERMINATED (Ascend): Tube Drift = 0.0352m (Max 0.0350m) at step 24
2026-04-24 14:20:14,523 - [ENV] - Episode ended without success at step 24. Final dist: 0.0690m
2026-04-24 14:20:14,523 - [ENV] - --- EPISODE START | Scenario: ASCEND | Start: [0.66624872 0.43141292 0.415     ] | Goal: [0.66624872 0.43141292 0.55      ] | DriftLimit: 0.0350 | FloorLimit: 0.4700 ---
2026-04-24 14:20:14,673 - [ENV] - TERMINATED (Ascend): Tube Drift = 0.0366m (Max 0.0350m) at step 2
2026-04-24 14:20:14,674 - [ENV] - Episode ended without success at step 2. Final dist: 0.1195m
2026-04-24 14:20:14,675 - [ENV] - --- EPISODE START | Scenario: ASCEND | Start: [0.80343009 0.01426506 0.415     ] | Goal: [0.80343009 0.01426506 0.55      ] | DriftLimit: 0.0350 | FloorLimit: 0.4700 ---
2026-04-24 14:20:14,811 - [ENV] - TERMINATED (Ascend): Tube Drift = 0.0504m (Max 0.0350m) at step 2
2026-04-24 14:20:14,811 - [ENV] - Episode ended without success at step 2. Final dist: 0.1349m
2026-04-24 14:20:14,813 - [ENV] - --- EPISODE START | Scenario: TRANSIT | Start: [0.7317022  0.19510699 0.55      ] | Goal: [1.14694236 0.35225923 0.55      ] | DriftLimit: 0.0350 | FloorLimit: 0.4700 ---
2026-04-24 14:20:19,338 - [ENV] - --- EPISODE START | Scenario: ASCEND | Start: [0.76078838 0.33913739 0.415     ] | Goal: [0.76078838 0.33913739 0.55      ] | DriftLimit: 0.0350 | FloorLimit: 0.4700 ---
2026-04-24 14:20:24,238 - [ENV] - --- EPISODE START | Scenario: ASCEND | Start: [0.83731887 0.50468477 0.415     ] | Goal: [0.83731887 0.50468477 0.55      ] | DriftLimit: 0.0350 | FloorLimit: 0.4700 ---
2026-04-24 14:20:24,377 - [ENV] - TERMINATED (Ascend): Tube Drift = 0.0522m (Max 0.0350m) at step 3
2026-04-24 14:20:24,377 - [ENV] - Episode ended without success at step 3. Final dist: 0.0963m
2026-04-24 14:20:24,378 - [ENV] - --- EPISODE START | Scenario: DESCEND | Start: [1.07429648 0.31852747 0.55      ] | Goal: [1.07429648 0.31852747 0.415     ] | DriftLimit: 0.0350 | FloorLimit: 0.4700 ---
2026-04-24 14:20:28,570 - [ENV] - --- EPISODE START | Scenario: TRANSIT | Start: [0.9253957  0.50003457 0.55      ] | Goal: [1.07948427 0.45865098 0.55      ] | DriftLimit: 0.0350 | FloorLimit: 0.4700 ---
2026-04-24 14:20:33,603 - [ENV] - --- EPISODE START | Scenario: DESCEND | Start: [1.08534506 0.20346803 0.55      ] | Goal: [1.08534506 0.20346803 0.415     ] | DriftLimit: 0.0350 | FloorLimit: 0.4700 ---
2026-04-24 14:20:33,787 - [ENV] - SUCCESS: Goal reached in 4 steps. Dist = 0.0057m
2026-04-24 14:20:33,787 - [ENV] - --- EPISODE START | Scenario: DESCEND | Start: [0.8893475  0.18687173 0.55      ] | Goal: [0.8893475  0.18687173 0.41      ] | DriftLimit: 0.0350 | FloorLimit: 0.4700 ---
2026-04-24 14:20:38,710 - [ENV] - --- EPISODE START | Scenario: TRANSIT | Start: [0.76591804 0.38734564 0.55      ] | Goal: [0.86571204 0.49428612 0.55      ] | DriftLimit: 0.0350 | FloorLimit: 0.4700 ---
2026-04-24 14:20:43,241 - [ENV] - --- EPISODE START | Scenario: ASCEND | Start: [0.92673902 0.0859627  0.415     ] | Goal: [0.92673902 0.0859627  0.55      ] | DriftLimit: 0.0350 | FloorLimit: 0.4700 ---
2026-04-24 14:20:43,605 - [ENV] - TERMINATED (Ascend): Tube Drift = 0.0357m (Max 0.0350m) at step 13
2026-04-24 14:20:43,605 - [ENV] - Episode ended without success at step 13. Final dist: 0.0620m
2026-04-24 14:20:43,606 - [ENV] - --- EPISODE START | Scenario: ASCEND | Start: [0.91812449 0.28546001 0.415     ] | Goal: [0.91812449 0.28546001 0.55      ] | DriftLimit: 0.0350 | FloorLimit: 0.4700 ---
2026-04-24 14:20:43,812 - [ENV] - TERMINATED (Ascend): Tube Drift = 0.0375m (Max 0.0350m) at step 2
2026-04-24 14:20:43,812 - [ENV] - Episode ended without success at step 2. Final dist: 0.1198m
2026-04-24 14:20:43,813 - [ENV] - --- EPISODE START | Scenario: TRANSIT | Start: [1.13066748 0.42614676 0.55      ] | Goal: [0.60422709 0.2831711  0.55      ] | DriftLimit: 0.0350 | FloorLimit: 0.4700 ---
2026-04-24 14:20:47,988 - [ENV] - --- EPISODE START | Scenario: DESCEND | Start: [0.65528023 0.08724577 0.55      ] | Goal: [0.65528023 0.08724577 0.41      ] | DriftLimit: 0.0350 | FloorLimit: 0.4700 ---
2026-04-24 14:20:52,466 - [ENV] - --- EPISODE START | Scenario: TRANSIT | Start: [1.14373396 0.16800567 0.55      ] | Goal: [0.69008071 0.03670774 0.55      ] | DriftLimit: 0.0350 | FloorLimit: 0.4700 ---
2026-04-24 14:20:56,633 - [ENV] - --- EPISODE START | Scenario: ASCEND | Start: [0.81830775 0.46267445 0.415     ] | Goal: [0.81830775 0.46267445 0.55      ] | DriftLimit: 0.0350 | FloorLimit: 0.4700 ---
2026-04-24 14:20:57,090 - [ENV] - TERMINATED (Ascend): Tube Drift = 0.0371m (Max 0.0350m) at step 15
2026-04-24 14:20:57,090 - [ENV] - Episode ended without success at step 15. Final dist: 0.0664m
2026-04-24 14:20:57,091 - [ENV] - --- EPISODE START | Scenario: DESCEND | Start: [1.07305684 0.5312531  0.55      ] | Goal: [1.07305684 0.5312531  0.41      ] | DriftLimit: 0.0350 | FloorLimit: 0.4700 ---
2026-04-24 14:20:57,521 - [ENV] - SUCCESS: Goal reached in 13 steps. Dist = 0.0099m
2026-04-24 14:20:57,522 - [ENV] - --- EPISODE START | Scenario: ASCEND | Start: [0.90184596 0.2162261  0.415     ] | Goal: [0.90184596 0.2162261  0.55      ] | DriftLimit: 0.0350 | FloorLimit: 0.4700 ---
2026-04-24 14:20:57,708 - [ENV] - TERMINATED (Ascend): Tube Drift = 0.0439m (Max 0.0350m) at step 2
2026-04-24 14:20:57,708 - [ENV] - Episode ended without success at step 2. Final dist: 0.1257m
2026-04-24 14:20:57,710 - [ENV] - --- EPISODE START | Scenario: DESCEND | Start: [ 1.08226025 -0.01521907  0.55      ] | Goal: [ 1.08226025 -0.01521907  0.415     ] | DriftLimit: 0.0350 | FloorLimit: 0.4700 ---
2026-04-24 14:20:58,129 - [ENV] - TERMINATED (Descend): Tube Drift = 0.0350m (Max 0.0350m) at step 15
2026-04-24 14:20:58,129 - [ENV] - Episode ended without success at step 15. Final dist: 0.0358m
2026-04-24 14:20:58,130 - [ENV] - --- EPISODE START | Scenario: ASCEND | Start: [0.89884742 0.21510639 0.415     ] | Goal: [0.89884742 0.21510639 0.55      ] | DriftLimit: 0.0350 | FloorLimit: 0.4700 ---
2026-04-24 14:20:58,530 - [ENV] - TERMINATED (Ascend): Tube Drift = 0.0360m (Max 0.0350m) at step 13
2026-04-24 14:20:58,530 - [ENV] - Episode ended without success at step 13. Final dist: 0.0697m
2026-04-24 14:20:58,531 - [ENV] - --- EPISODE START | Scenario: TRANSIT | Start: [ 0.7933475  -0.00105609  0.55      ] | Goal: [1.10881242 0.46069471 0.55      ] | DriftLimit: 0.0350 | FloorLimit: 0.4700 ---
2026-04-24 14:21:02,671 - [ENV] - --- EPISODE START | Scenario: DESCEND | Start: [0.66017612 0.05273295 0.55      ] | Goal: [0.66017612 0.05273295 0.415     ] | DriftLimit: 0.0350 | FloorLimit: 0.4700 ---
2026-04-24 14:21:07,460 - [ENV] - --- EPISODE START | Scenario: TRANSIT | Start: [0.73019656 0.39554319 0.55      ] | Goal: [0.81918872 0.32368864 0.55      ] | DriftLimit: 0.0350 | FloorLimit: 0.4700 ---
2026-04-24 14:21:11,783 - [ENV] - --- EPISODE START | Scenario: ASCEND | Start: [0.86712461 0.44787154 0.415     ] | Goal: [0.86712461 0.44787154 0.55      ] | DriftLimit: 0.0350 | FloorLimit: 0.4700 ---
2026-04-24 14:21:11,963 - [ENV] - TERMINATED (Ascend): Tube Drift = 0.0479m (Max 0.0350m) at step 3
2026-04-24 14:21:11,963 - [ENV] - Episode ended without success at step 3. Final dist: 0.0973m
2026-04-24 14:21:11,964 - [ENV] - --- EPISODE START | Scenario: TRANSIT | Start: [0.82709923 0.36892293 0.55      ] | Goal: [0.97948725 0.54319901 0.55      ] | DriftLimit: 0.0350 | FloorLimit: 0.4700 ---
2026-04-24 14:22:18,287 - [ENV] - --- EPISODE START | Scenario: DESCEND | Start: [0.79398458 0.00991108 0.55      ] | Goal: [0.79398458 0.00991108 0.415     ] | DriftLimit: 0.0350 | FloorLimit: 0.4700 ---
2026-04-24 14:22:18,519 - [ENV] - SUCCESS: Goal reached in 9 steps. Dist = 0.0094m
2026-04-24 14:22:18,520 - [ENV] - --- EPISODE START | Scenario: DESCEND | Start: [1.04755613 0.08029694 0.55      ] | Goal: [1.04755613 0.08029694 0.415     ] | DriftLimit: 0.0350 | FloorLimit: 0.4700 ---
2026-04-24 14:22:22,911 - [ENV] - --- EPISODE START | Scenario: ASCEND | Start: [ 0.73052856 -0.00291656  0.415     ] | Goal: [ 0.73052856 -0.00291656  0.55      ] | DriftLimit: 0.0350 | FloorLimit: 0.4700 ---
2026-04-24 14:22:23,037 - [ENV] - TERMINATED (Ascend): Tube Drift = 0.0426m (Max 0.0350m) at step 2
2026-04-24 14:22:23,038 - [ENV] - Episode ended without success at step 2. Final dist: 0.1315m
2026-04-24 14:22:23,039 - [ENV] - --- EPISODE START | Scenario: TRANSIT | Start: [0.89504593 0.32153314 0.55      ] | Goal: [0.66967087 0.40579895 0.55      ] | DriftLimit: 0.0350 | FloorLimit: 0.4700 ---
2026-04-24 14:22:27,264 - [ENV] - --- EPISODE START | Scenario: TRANSIT | Start: [1.0882947  0.25060392 0.55      ] | Goal: [0.94169306 0.22068637 0.55      ] | DriftLimit: 0.0350 | FloorLimit: 0.4700 ---
2026-04-24 14:22:31,629 - [ENV] - --- EPISODE START | Scenario: ASCEND | Start: [0.80308051 0.22658682 0.415     ] | Goal: [0.80308051 0.22658682 0.55      ] | DriftLimit: 0.0350 | FloorLimit: 0.4700 ---
2026-04-24 14:22:36,033 - [ENV] - --- EPISODE START | Scenario: ASCEND | Start: [0.82669445 0.08709267 0.415     ] | Goal: [0.82669445 0.08709267 0.55      ] | DriftLimit: 0.0350 | FloorLimit: 0.4700 ---
2026-04-24 14:22:36,155 - [ENV] - TERMINATED (Ascend): Tube Drift = 0.0443m (Max 0.0350m) at step 2
2026-04-24 14:22:36,156 - [ENV] - Episode ended without success at step 2. Final dist: 0.1331m
2026-04-24 14:22:36,156 - [ENV] - --- EPISODE START | Scenario: DESCEND | Start: [1.09040119 0.54065608 0.55      ] | Goal: [1.09040119 0.54065608 0.41      ] | DriftLimit: 0.0350 | FloorLimit: 0.4700 ---
2026-04-24 14:22:36,417 - [ENV] - SUCCESS: Goal reached in 8 steps. Dist = 0.0099m
2026-04-24 14:22:36,418 - [ENV] - --- EPISODE START | Scenario: ASCEND | Start: [0.95119008 0.53332111 0.415     ] | Goal: [0.95119008 0.53332111 0.55      ] | DriftLimit: 0.0350 | FloorLimit: 0.4700 ---
2026-04-24 14:22:37,012 - [ENV] - TERMINATED (Ascend): Tube Drift = 0.0358m (Max 0.0350m) at step 19
2026-04-24 14:22:37,013 - [ENV] - Episode ended without success at step 19. Final dist: 0.0698m
2026-04-24 14:22:37,013 - [ENV] - --- EPISODE START | Scenario: DESCEND | Start: [0.61464049 0.15048307 0.55      ] | Goal: [0.61464049 0.15048307 0.41      ] | DriftLimit: 0.0350 | FloorLimit: 0.4700 ---
2026-04-24 14:22:38,041 - [ENV] - TERMINATED (Descend): Tube Drift = 0.0351m (Max 0.0350m) at step 42
2026-04-24 14:22:38,041 - [ENV] - Episode ended without success at step 42. Final dist: 0.0359m
2026-04-24 14:22:38,042 - [ENV] - --- EPISODE START | Scenario: ASCEND | Start: [0.74625821 0.16803136 0.415     ] | Goal: [0.74625821 0.16803136 0.55      ] | DriftLimit: 0.0350 | FloorLimit: 0.4700 ---
2026-04-24 14:22:42,689 - [ENV] - --- EPISODE START | Scenario: TRANSIT | Start: [0.87459878 0.51444753 0.55      ] | Goal: [0.72218993 0.36259894 0.55      ] | DriftLimit: 0.0350 | FloorLimit: 0.4700 ---
2026-04-24 14:22:47,170 - [ENV] - --- EPISODE START | Scenario: TRANSIT | Start: [1.12532596 0.44684391 0.55      ] | Goal: [0.86600741 0.39556598 0.55      ] | DriftLimit: 0.0350 | FloorLimit: 0.4700 ---
2026-04-24 14:22:51,286 - [ENV] - --- EPISODE START | Scenario: DESCEND | Start: [0.82900617 0.24385417 0.55      ] | Goal: [0.82900617 0.24385417 0.41      ] | DriftLimit: 0.0350 | FloorLimit: 0.4700 ---
2026-04-24 14:22:55,869 - [ENV] - --- EPISODE START | Scenario: ASCEND | Start: [1.011658  0.0441758 0.415    ] | Goal: [1.011658  0.0441758 0.55     ] | DriftLimit: 0.0350 | FloorLimit: 0.4700 ---
2026-04-24 14:22:56,283 - [ENV] - TERMINATED (Ascend): Tube Drift = 0.0358m (Max 0.0350m) at step 15
2026-04-24 14:22:56,284 - [ENV] - Episode ended without success at step 15. Final dist: 0.0485m
2026-04-24 14:22:56,284 - [ENV] - --- EPISODE START | Scenario: TRANSIT | Start: [0.79025686 0.22186798 0.55      ] | Goal: [0.84352161 0.04634367 0.55      ] | DriftLimit: 0.0350 | FloorLimit: 0.4700 ---
2026-04-24 14:23:00,538 - [ENV] - --- EPISODE START | Scenario: TRANSIT | Start: [0.92292873 0.4564654  0.55      ] | Goal: [0.79799509 0.23072132 0.55      ] | DriftLimit: 0.0350 | FloorLimit: 0.4700 ---
2026-04-24 14:23:04,966 - [ENV] - --- EPISODE START | Scenario: TRANSIT | Start: [0.72799114 0.02830272 0.55      ] | Goal: [0.85024093 0.53136228 0.55      ] | DriftLimit: 0.0350 | FloorLimit: 0.4700 ---
2026-04-24 14:23:09,105 - [ENV] - --- EPISODE START | Scenario: ASCEND | Start: [0.7698112  0.09003682 0.415     ] | Goal: [0.7698112  0.09003682 0.55      ] | DriftLimit: 0.0350 | FloorLimit: 0.4700 ---
2026-04-24 14:23:09,276 - [ENV] - TERMINATED (Ascend): Tube Drift = 0.0354m (Max 0.0350m) at step 3
2026-04-24 14:23:09,276 - [ENV] - Episode ended without success at step 3. Final dist: 0.1290m
2026-04-24 14:23:09,277 - [ENV] - --- EPISODE START | Scenario: ASCEND | Start: [1.08678614 0.11705527 0.415     ] | Goal: [1.08678614 0.11705527 0.55      ] | DriftLimit: 0.0350 | FloorLimit: 0.4700 ---
2026-04-24 14:23:13,706 - [ENV] - --- EPISODE START | Scenario: DESCEND | Start: [0.68568187 0.51014397 0.55      ] | Goal: [0.68568187 0.51014397 0.415     ] | DriftLimit: 0.0350 | FloorLimit: 0.4700 ---
2026-04-24 14:23:16,092 - [ENV] - SUCCESS: Goal reached in 89 steps. Dist = 0.0100m
2026-04-24 14:23:16,093 - [ENV] - --- EPISODE START | Scenario: DESCEND | Start: [1.05652727 0.52062172 0.55      ] | Goal: [1.05652727 0.52062172 0.41      ] | DriftLimit: 0.0350 | FloorLimit: 0.4700 ---
2026-04-24 14:24:21,237 - [ENV] - --- EPISODE START | Scenario: TRANSIT | Start: [ 1.09434928e+00 -5.33385452e-04  5.50000000e-01] | Goal: [0.81018084 0.45330789 0.55      ] | DriftLimit: 0.0350 | FloorLimit: 0.4700 ---
2026-04-24 14:24:25,463 - [ENV] - --- EPISODE START | Scenario: ASCEND | Start: [0.69346285 0.47612838 0.415     ] | Goal: [0.69346285 0.47612838 0.55      ] | DriftLimit: 0.0350 | FloorLimit: 0.4700 ---
2026-04-24 14:24:25,657 - [ENV] - TERMINATED (Ascend): Tube Drift = 0.0396m (Max 0.0350m) at step 2
2026-04-24 14:24:25,657 - [ENV] - Episode ended without success at step 2. Final dist: 0.1221m
2026-04-24 14:24:25,659 - [ENV] - --- EPISODE START | Scenario: ASCEND | Start: [0.70735982 0.16501169 0.415     ] | Goal: [0.70735982 0.16501169 0.55      ] | DriftLimit: 0.0350 | FloorLimit: 0.4700 ---
2026-04-24 14:24:30,148 - [ENV] - --- EPISODE START | Scenario: ASCEND | Start: [0.87786157 0.15531077 0.415     ] | Goal: [0.87786157 0.15531077 0.55      ] | DriftLimit: 0.0350 | FloorLimit: 0.4700 ---
2026-04-24 14:24:30,796 - [ENV] - TERMINATED (Ascend): Tube Drift = 0.0351m (Max 0.0350m) at step 12
2026-04-24 14:24:30,797 - [ENV] - Episode ended without success at step 12. Final dist: 0.0564m
2026-04-24 14:24:30,797 - [ENV] - --- EPISODE START | Scenario: DESCEND | Start: [0.8109219  0.43298718 0.55      ] | Goal: [0.8109219  0.43298718 0.41      ] | DriftLimit: 0.0350 | FloorLimit: 0.4700 ---
2026-04-24 14:24:30,880 - [ENV] - TERMINATED (Descend): Tube Drift = 0.0355m (Max 0.0350m) at step 1
2026-04-24 14:24:30,881 - [ENV] - Episode ended without success at step 1. Final dist: 0.0949m
2026-04-24 14:24:30,882 - [ENV] - --- EPISODE START | Scenario: TRANSIT | Start: [0.815322   0.14293134 0.55      ] | Goal: [1.05524098 0.52382422 0.55      ] | DriftLimit: 0.0350 | FloorLimit: 0.4700 ---
2026-04-24 14:24:35,056 - [ENV] - --- EPISODE START | Scenario: TRANSIT | Start: [0.64760289 0.28592347 0.55      ] | Goal: [1.12417856 0.26740297 0.55      ] | DriftLimit: 0.0350 | FloorLimit: 0.4700 ---
2026-04-24 14:24:39,562 - [ENV] - --- EPISODE START | Scenario: ASCEND | Start: [0.7047124 0.1526601 0.415    ] | Goal: [0.7047124 0.1526601 0.55     ] | DriftLimit: 0.0350 | FloorLimit: 0.4700 ---
2026-04-24 14:24:39,746 - [ENV] - TERMINATED (Ascend): Tube Drift = 0.0487m (Max 0.0350m) at step 3
2026-04-24 14:24:39,747 - [ENV] - Episode ended without success at step 3. Final dist: 0.1390m
2026-04-24 14:24:39,747 - [ENV] - --- EPISODE START | Scenario: DESCEND | Start: [1.08815076 0.01177194 0.55      ] | Goal: [1.08815076 0.01177194 0.41      ] | DriftLimit: 0.0350 | FloorLimit: 0.4700 ---
2026-04-24 14:24:41,071 - [ENV] - TERMINATED (Descend): Tube Drift = 0.0351m (Max 0.0350m) at step 34
2026-04-24 14:24:41,072 - [ENV] - Episode ended without success at step 34. Final dist: 0.0351m
2026-04-24 14:24:41,073 - [ENV] - --- EPISODE START | Scenario: TRANSIT | Start: [0.97390076 0.03554126 0.55      ] | Goal: [1.01852273 0.35124758 0.55      ] | DriftLimit: 0.0350 | FloorLimit: 0.4700 ---
2026-04-24 14:24:45,339 - [ENV] - --- EPISODE START | Scenario: TRANSIT | Start: [1.03241967 0.19060656 0.55      ] | Goal: [1.04095747 0.02545229 0.55      ] | DriftLimit: 0.0350 | FloorLimit: 0.4700 ---
2026-04-24 14:24:49,914 - [ENV] - --- EPISODE START | Scenario: TRANSIT | Start: [0.76290699 0.44573257 0.55      ] | Goal: [0.93395933 0.49641494 0.55      ] | DriftLimit: 0.0350 | FloorLimit: 0.4700 ---
2026-04-24 14:24:54,213 - [ENV] - --- EPISODE START | Scenario: ASCEND | Start: [0.85361555 0.18900206 0.415     ] | Goal: [0.85361555 0.18900206 0.55      ] | DriftLimit: 0.0350 | FloorLimit: 0.4700 ---
2026-04-24 14:24:54,424 - [ENV] - TERMINATED (Ascend): Tube Drift = 0.0406m (Max 0.0350m) at step 2
2026-04-24 14:24:54,424 - [ENV] - Episode ended without success at step 2. Final dist: 0.1303m
2026-04-24 14:24:54,426 - [ENV] - --- EPISODE START | Scenario: ASCEND | Start: [0.67351091 0.44162147 0.415     ] | Goal: [0.67351091 0.44162147 0.55      ] | DriftLimit: 0.0350 | FloorLimit: 0.4700 ---
2026-04-24 14:24:54,968 - [ENV] - TERMINATED (Ascend): Tube Drift = 0.0385m (Max 0.0350m) at step 16
2026-04-24 14:24:54,969 - [ENV] - Episode ended without success at step 16. Final dist: 0.0675m
2026-04-24 14:24:54,969 - [ENV] - --- EPISODE START | Scenario: DESCEND | Start: [1.04544342 0.51691804 0.55      ] | Goal: [1.04544342 0.51691804 0.415     ] | DriftLimit: 0.0350 | FloorLimit: 0.4700 ---
2026-04-24 14:24:56,976 - [ENV] - TERMINATED (Descend): Tube Drift = 0.0350m (Max 0.0350m) at step 79
2026-04-24 14:24:56,976 - [ENV] - Episode ended without success at step 79. Final dist: 0.0352m
2026-04-24 14:24:56,976 - [ENV] - --- EPISODE START | Scenario: DESCEND | Start: [0.72403241 0.41765271 0.55      ] | Goal: [0.72403241 0.41765271 0.41      ] | DriftLimit: 0.0350 | FloorLimit: 0.4700 ---
2026-04-24 14:24:57,059 - [ENV] - TERMINATED (Descend): Tube Drift = 0.0358m (Max 0.0350m) at step 1
2026-04-24 14:24:57,059 - [ENV] - Episode ended without success at step 1. Final dist: 0.0925m
2026-04-24 14:24:57,059 - [ENV] - --- EPISODE START | Scenario: TRANSIT | Start: [0.73823677 0.09668463 0.55      ] | Goal: [0.89307052 0.49022379 0.55      ] | DriftLimit: 0.0350 | FloorLimit: 0.4700 ---
2026-04-24 14:25:01,361 - [ENV] - --- EPISODE START | Scenario: TRANSIT | Start: [0.82434007 0.33556268 0.55      ] | Goal: [0.60166175 0.3165411  0.55      ] | DriftLimit: 0.0350 | FloorLimit: 0.4700 ---
2026-04-24 14:25:05,529 - [ENV] - --- EPISODE START | Scenario: ASCEND | Start: [1.00895934 0.3104042  0.415     ] | Goal: [1.00895934 0.3104042  0.55      ] | DriftLimit: 0.0350 | FloorLimit: 0.4700 ---
2026-04-24 14:25:10,228 - [ENV] - --- EPISODE START | Scenario: TRANSIT | Start: [0.85139442 0.18512858 0.55      ] | Goal: [0.98957735 0.33910106 0.55      ] | DriftLimit: 0.0350 | FloorLimit: 0.4700 ---
2026-04-24 14:25:14,449 - [ENV] - --- EPISODE START | Scenario: TRANSIT | Start: [0.94790891 0.2312883  0.55      ] | Goal: [0.94585615 0.08984583 0.55      ] | DriftLimit: 0.0350 | FloorLimit: 0.4700 ---
2026-04-24 14:25:18,671 - [ENV] - --- EPISODE START | Scenario: DESCEND | Start: [0.72676497 0.20929847 0.55      ] | Goal: [0.72676497 0.20929847 0.41      ] | DriftLimit: 0.0350 | FloorLimit: 0.4700 ---
2026-04-24 14:26:24,363 - [ENV] - --- EPISODE START | Scenario: TRANSIT | Start: [0.69643079 0.21411436 0.55      ] | Goal: [0.68284454 0.46142645 0.55      ] | DriftLimit: 0.0350 | FloorLimit: 0.4700 ---
2026-04-24 14:26:28,855 - [ENV] - --- EPISODE START | Scenario: DESCEND | Start: [0.8509756  0.26992825 0.55      ] | Goal: [0.8509756  0.26992825 0.41      ] | DriftLimit: 0.0350 | FloorLimit: 0.4700 ---
2026-04-24 14:26:33,663 - [ENV] - --- EPISODE START | Scenario: TRANSIT | Start: [0.78550572 0.14121116 0.55      ] | Goal: [0.72241863 0.38410081 0.55      ] | DriftLimit: 0.0350 | FloorLimit: 0.4700 ---
2026-04-24 14:26:38,023 - [ENV] - --- EPISODE START | Scenario: DESCEND | Start: [0.6216223  0.21916723 0.55      ] | Goal: [0.6216223  0.21916723 0.41      ] | DriftLimit: 0.0350 | FloorLimit: 0.4700 ---
2026-04-24 14:26:42,363 - [ENV] - --- EPISODE START | Scenario: ASCEND | Start: [0.95920219 0.08583295 0.415     ] | Goal: [0.95920219 0.08583295 0.55      ] | DriftLimit: 0.0350 | FloorLimit: 0.4700 ---
2026-04-24 14:26:47,005 - [ENV] - --- EPISODE START | Scenario: ASCEND | Start: [1.0074716 0.0394311 0.415    ] | Goal: [1.0074716 0.0394311 0.55     ] | DriftLimit: 0.0350 | FloorLimit: 0.4700 ---
2026-04-24 14:26:47,465 - [ENV] - TERMINATED (Ascend): Tube Drift = 0.0350m (Max 0.0350m) at step 17
2026-04-24 14:26:47,465 - [ENV] - Episode ended without success at step 17. Final dist: 0.0426m
2026-04-24 14:26:47,466 - [ENV] - --- EPISODE START | Scenario: DESCEND | Start: [1.06995611 0.07102608 0.55      ] | Goal: [1.06995611 0.07102608 0.41      ] | DriftLimit: 0.0350 | FloorLimit: 0.4700 ---
2026-04-24 14:26:48,868 - [ENV] - SUCCESS: Goal reached in 44 steps. Dist = 0.0100m
2026-04-24 14:26:48,869 - [ENV] - --- EPISODE START | Scenario: TRANSIT | Start: [ 0.74380821 -0.00921126  0.55      ] | Goal: [0.88853126 0.22085253 0.55      ] | DriftLimit: 0.0350 | FloorLimit: 0.4700 ---
2026-04-24 14:26:53,039 - [ENV] - --- EPISODE START | Scenario: TRANSIT | Start: [0.69276641 0.27269126 0.55      ] | Goal: [0.67636231 0.41199451 0.55      ] | DriftLimit: 0.0350 | FloorLimit: 0.4700 ---
2026-04-24 14:26:57,405 - [ENV] - --- EPISODE START | Scenario: DESCEND | Start: [0.62331408 0.4497876  0.55      ] | Goal: [0.62331408 0.4497876  0.415     ] | DriftLimit: 0.0350 | FloorLimit: 0.4700 ---
2026-04-24 14:27:02,210 - [ENV] - --- EPISODE START | Scenario: DESCEND | Start: [1.15330625 0.52353749 0.55      ] | Goal: [1.15330625 0.52353749 0.41      ] | DriftLimit: 0.0350 | FloorLimit: 0.4700 ---
2026-04-24 14:27:02,819 - [ENV] - TERMINATED (Descend): Tube Drift = 0.0374m (Max 0.0350m) at step 20
2026-04-24 14:27:02,820 - [ENV] - Episode ended without success at step 20. Final dist: 0.0374m
2026-04-24 14:27:02,820 - [ENV] - --- EPISODE START | Scenario: DESCEND | Start: [0.65548676 0.14963551 0.55      ] | Goal: [0.65548676 0.14963551 0.41      ] | DriftLimit: 0.0350 | FloorLimit: 0.4700 ---
2026-04-24 14:27:07,305 - [ENV] - --- EPISODE START | Scenario: TRANSIT | Start: [0.84510719 0.1144216  0.55      ] | Goal: [0.75214919 0.49645037 0.55      ] | DriftLimit: 0.0350 | FloorLimit: 0.4700 ---
2026-04-24 14:27:12,069 - [ENV] - --- EPISODE START | Scenario: TRANSIT | Start: [1.0075086  0.10387259 0.55      ] | Goal: [0.98553607 0.41983092 0.55      ] | DriftLimit: 0.0350 | FloorLimit: 0.4700 ---
2026-04-24 14:27:16,891 - [ENV] - --- EPISODE START | Scenario: ASCEND | Start: [0.74456304 0.15780605 0.415     ] | Goal: [0.74456304 0.15780605 0.55      ] | DriftLimit: 0.0350 | FloorLimit: 0.4700 ---
2026-04-24 14:27:17,045 - [ENV] - TERMINATED (Ascend): Tube Drift = 0.0399m (Max 0.0350m) at step 2
2026-04-24 14:27:17,045 - [ENV] - Episode ended without success at step 2. Final dist: 0.1346m
2026-04-24 14:27:17,046 - [ENV] - --- EPISODE START | Scenario: TRANSIT | Start: [1.05617448 0.13038369 0.55      ] | Goal: [0.81073879 0.41841734 0.55      ] | DriftLimit: 0.0350 | FloorLimit: 0.4700 ---
2026-04-24 14:27:21,445 - [ENV] - --- EPISODE START | Scenario: ASCEND | Start: [1.01345041 0.16443587 0.415     ] | Goal: [1.01345041 0.16443587 0.55      ] | DriftLimit: 0.0350 | FloorLimit: 0.4700 ---
2026-04-24 14:27:26,067 - [ENV] - --- EPISODE START | Scenario: ASCEND | Start: [0.88077878 0.08205475 0.415     ] | Goal: [0.88077878 0.08205475 0.55      ] | DriftLimit: 0.0350 | FloorLimit: 0.4700 ---
2026-04-24 14:27:26,166 - [ENV] - TERMINATED (Ascend): Tube Drift = 0.0508m (Max 0.0350m) at step 2
2026-04-24 14:27:26,167 - [ENV] - Episode ended without success at step 2. Final dist: 0.1357m
2026-04-24 14:27:26,168 - [ENV] - --- EPISODE START | Scenario: ASCEND | Start: [0.93071144 0.04014868 0.415     ] | Goal: [0.93071144 0.04014868 0.55      ] | DriftLimit: 0.0350 | FloorLimit: 0.4700 ---
2026-04-24 14:28:31,465 - [ENV] - --- EPISODE START | Scenario: DESCEND | Start: [0.88903674 0.48449422 0.55      ] | Goal: [0.88903674 0.48449422 0.415     ] | DriftLimit: 0.0350 | FloorLimit: 0.4700 ---
2026-04-24 14:28:35,794 - [ENV] - --- EPISODE START | Scenario: TRANSIT | Start: [1.00325342 0.51320206 0.55      ] | Goal: [1.0772228  0.04227294 0.55      ] | DriftLimit: 0.0350 | FloorLimit: 0.4700 ---
2026-04-24 14:28:39,951 - [ENV] - --- EPISODE START | Scenario: DESCEND | Start: [0.8937645  0.47027835 0.55      ] | Goal: [0.8937645  0.47027835 0.41      ] | DriftLimit: 0.0350 | FloorLimit: 0.4700 ---
2026-04-24 14:28:44,798 - [ENV] - --- EPISODE START | Scenario: ASCEND | Start: [0.92066936 0.24452443 0.415     ] | Goal: [0.92066936 0.24452443 0.55      ] | DriftLimit: 0.0350 | FloorLimit: 0.4700 ---
2026-04-24 14:28:44,958 - [ENV] - TERMINATED (Ascend): Tube Drift = 0.0448m (Max 0.0350m) at step 2
2026-04-24 14:28:44,959 - [ENV] - Episode ended without success at step 2. Final dist: 0.1332m
2026-04-24 14:28:44,960 - [ENV] - --- EPISODE START | Scenario: ASCEND | Start: [1.12352847 0.48600403 0.415     ] | Goal: [1.12352847 0.48600403 0.55      ] | DriftLimit: 0.0350 | FloorLimit: 0.4700 ---
2026-04-24 14:28:45,143 - [ENV] - TERMINATED (Ascend): Tube Drift = 0.0407m (Max 0.0350m) at step 3
2026-04-24 14:28:45,143 - [ENV] - Episode ended without success at step 3. Final dist: 0.0924m
2026-04-24 14:28:45,144 - [ENV] - --- EPISODE START | Scenario: TRANSIT | Start: [0.70451706 0.12670091 0.55      ] | Goal: [0.93920129 0.15112966 0.55      ] | DriftLimit: 0.0350 | FloorLimit: 0.4700 ---
2026-04-24 14:28:49,474 - [ENV] - --- EPISODE START | Scenario: ASCEND | Start: [0.77804833 0.09040674 0.415     ] | Goal: [0.77804833 0.09040674 0.55      ] | DriftLimit: 0.0350 | FloorLimit: 0.4700 ---
2026-04-24 14:28:54,465 - [ENV] - --- EPISODE START | Scenario: ASCEND | Start: [1.08067598 0.49411754 0.415     ] | Goal: [1.08067598 0.49411754 0.55      ] | DriftLimit: 0.0350 | FloorLimit: 0.4700 ---
2026-04-24 14:28:54,899 - [ENV] - SUCCESS: Goal reached in 16 steps. Dist = 0.0099m
2026-04-24 14:28:54,900 - [ENV] - --- EPISODE START | Scenario: ASCEND | Start: [1.02370782 0.45014998 0.415     ] | Goal: [1.02370782 0.45014998 0.55      ] | DriftLimit: 0.0350 | FloorLimit: 0.4700 ---
2026-04-24 14:28:55,071 - [ENV] - TERMINATED (Ascend): Tube Drift = 0.0380m (Max 0.0350m) at step 2
2026-04-24 14:28:55,072 - [ENV] - Episode ended without success at step 2. Final dist: 0.1121m
2026-04-24 14:28:55,073 - [ENV] - --- EPISODE START | Scenario: ASCEND | Start: [0.69447434 0.48743206 0.415     ] | Goal: [0.69447434 0.48743206 0.55      ] | DriftLimit: 0.0350 | FloorLimit: 0.4700 ---
2026-04-24 14:28:55,526 - [ENV] - TERMINATED (Ascend): Tube Drift = 0.0364m (Max 0.0350m) at step 15
2026-04-24 14:28:55,526 - [ENV] - Episode ended without success at step 15. Final dist: 0.0751m
2026-04-24 14:28:55,527 - [ENV] - --- EPISODE START | Scenario: ASCEND | Start: [0.75176717 0.49053073 0.415     ] | Goal: [0.75176717 0.49053073 0.55      ] | DriftLimit: 0.0350 | FloorLimit: 0.4700 ---
2026-04-24 14:28:55,914 - [ENV] - TERMINATED (Ascend): Tube Drift = 0.0470m (Max 0.0350m) at step 3
2026-04-24 14:28:55,914 - [ENV] - Episode ended without success at step 3. Final dist: 0.1036m
2026-04-24 14:28:55,915 - [ENV] - --- EPISODE START | Scenario: DESCEND | Start: [0.69999225 0.02772963 0.55      ] | Goal: [0.69999225 0.02772963 0.415     ] | DriftLimit: 0.0350 | FloorLimit: 0.4700 ---
2026-04-24 14:29:00,573 - [ENV] - --- EPISODE START | Scenario: TRANSIT | Start: [0.98140825 0.21281079 0.55      ] | Goal: [0.65671745 0.40942866 0.55      ] | DriftLimit: 0.0350 | FloorLimit: 0.4700 ---
2026-04-24 14:29:04,899 - [ENV] - --- EPISODE START | Scenario: TRANSIT | Start: [0.6298788  0.51327813 0.55      ] | Goal: [1.02699525 0.09284174 0.55      ] | DriftLimit: 0.0350 | FloorLimit: 0.4700 ---
2026-04-24 14:29:09,693 - [ENV] - --- EPISODE START | Scenario: ASCEND | Start: [0.66953732 0.09886824 0.415     ] | Goal: [0.66953732 0.09886824 0.55      ] | DriftLimit: 0.0350 | FloorLimit: 0.4700 ---
2026-04-24 14:29:09,811 - [ENV] - TERMINATED (Ascend): Tube Drift = 0.0367m (Max 0.0350m) at step 2
2026-04-24 14:29:09,811 - [ENV] - Episode ended without success at step 2. Final dist: 0.1355m
2026-04-24 14:29:09,812 - [ENV] - --- EPISODE START | Scenario: TRANSIT | Start: [0.90598354 0.03394357 0.55      ] | Goal: [1.0722375  0.31740642 0.55      ] | DriftLimit: 0.0350 | FloorLimit: 0.4700 ---
2026-04-24 14:29:14,042 - [ENV] - --- EPISODE START | Scenario: TRANSIT | Start: [1.0522497  0.08135516 0.55      ] | Goal: [0.92487291 0.21807884 0.55      ] | DriftLimit: 0.0350 | FloorLimit: 0.4700 ---
2026-04-24 14:29:18,517 - [ENV] - --- EPISODE START | Scenario: TRANSIT | Start: [0.61251371 0.36215144 0.55      ] | Goal: [0.64212521 0.04418676 0.55      ] | DriftLimit: 0.0350 | FloorLimit: 0.4700 ---
2026-04-24 14:29:23,171 - [ENV] - --- EPISODE START | Scenario: DESCEND | Start: [0.74302447 0.14633394 0.55      ] | Goal: [0.74302447 0.14633394 0.41      ] | DriftLimit: 0.0350 | FloorLimit: 0.4700 ---
2026-04-24 14:29:27,433 - [ENV] - --- EPISODE START | Scenario: TRANSIT | Start: [1.05660874 0.41176267 0.55      ] | Goal: [0.75309008 0.11429453 0.55      ] | DriftLimit: 0.0350 | FloorLimit: 0.4700 ---
2026-04-24 14:29:31,843 - [ENV] - --- EPISODE START | Scenario: TRANSIT | Start: [0.89913816 0.29284387 0.55      ] | Goal: [1.09859039 0.01222687 0.55      ] | DriftLimit: 0.0350 | FloorLimit: 0.4700 ---
2026-04-24 14:30:32,872 - [ENV] - --- EPISODE START | Scenario: ASCEND | Start: [ 0.71610137 -0.01186969  0.415     ] | Goal: [ 0.71610137 -0.01186969  0.55      ] | DriftLimit: 0.0350 | FloorLimit: 0.4700 ---
2026-04-24 14:30:37,159 - [ENV] - --- EPISODE START | Scenario: TRANSIT | Start: [0.77796876 0.0947065  0.55      ] | Goal: [ 0.88567483 -0.00828662  0.55      ] | DriftLimit: 0.0350 | FloorLimit: 0.4700 ---
2026-04-24 14:30:41,621 - [ENV] - --- EPISODE START | Scenario: ASCEND | Start: [0.88690155 0.53234499 0.415     ] | Goal: [0.88690155 0.53234499 0.55      ] | DriftLimit: 0.0350 | FloorLimit: 0.4700 ---
2026-04-24 14:30:41,796 - [ENV] - TERMINATED (Ascend): Tube Drift = 0.0448m (Max 0.0350m) at step 3
2026-04-24 14:30:41,796 - [ENV] - Episode ended without success at step 3. Final dist: 0.0967m
2026-04-24 14:30:41,797 - [ENV] - --- EPISODE START | Scenario: ASCEND | Start: [0.92599857 0.39211626 0.415     ] | Goal: [0.92599857 0.39211626 0.55      ] | DriftLimit: 0.0350 | FloorLimit: 0.4700 ---
2026-04-24 14:30:42,464 - [ENV] - SUCCESS: Goal reached in 16 steps. Dist = 0.0056m
2026-04-24 14:30:42,465 - [ENV] - --- EPISODE START | Scenario: ASCEND | Start: [0.86942373 0.08091141 0.415     ] | Goal: [0.86942373 0.08091141 0.55      ] | DriftLimit: 0.0350 | FloorLimit: 0.4700 ---
2026-04-24 14:30:46,625 - [ENV] - --- EPISODE START | Scenario: DESCEND | Start: [0.84299644 0.37025768 0.55      ] | Goal: [0.84299644 0.37025768 0.415     ] | DriftLimit: 0.0350 | FloorLimit: 0.4700 ---
2026-04-24 14:30:50,926 - [ENV] - --- EPISODE START | Scenario: TRANSIT | Start: [0.879446   0.53911264 0.55      ] | Goal: [1.08513511 0.05443512 0.55      ] | DriftLimit: 0.0350 | FloorLimit: 0.4700 ---
2026-04-24 14:30:55,384 - [ENV] - --- EPISODE START | Scenario: ASCEND | Start: [0.64683973 0.49543384 0.415     ] | Goal: [0.64683973 0.49543384 0.55      ] | DriftLimit: 0.0350 | FloorLimit: 0.4700 ---
2026-04-24 14:30:55,558 - [ENV] - TERMINATED (Ascend): Tube Drift = 0.0405m (Max 0.0350m) at step 3
2026-04-24 14:30:55,558 - [ENV] - Episode ended without success at step 3. Final dist: 0.0969m
2026-04-24 14:30:55,559 - [ENV] - --- EPISODE START | Scenario: ASCEND | Start: [1.1484871 0.157827  0.415    ] | Goal: [1.1484871 0.157827  0.55     ] | DriftLimit: 0.0350 | FloorLimit: 0.4700 ---
2026-04-24 14:30:55,710 - [ENV] - TERMINATED (Ascend): Tube Drift = 0.0606m (Max 0.0350m) at step 2
2026-04-24 14:30:55,710 - [ENV] - Episode ended without success at step 2. Final dist: 0.1351m
2026-04-24 14:30:55,712 - [ENV] - --- EPISODE START | Scenario: DESCEND | Start: [0.91606342 0.23299889 0.55      ] | Goal: [0.91606342 0.23299889 0.415     ] | DriftLimit: 0.0350 | FloorLimit: 0.4700 ---
2026-04-24 14:30:55,938 - [ENV] - SUCCESS: Goal reached in 4 steps. Dist = 0.0098m
2026-04-24 14:30:55,939 - [ENV] - --- EPISODE START | Scenario: DESCEND | Start: [1.07533178 0.16593377 0.55      ] | Goal: [1.07533178 0.16593377 0.41      ] | DriftLimit: 0.0350 | FloorLimit: 0.4700 ---
2026-04-24 14:30:56,136 - [ENV] - SUCCESS: Goal reached in 5 steps. Dist = 0.0100m
2026-04-24 14:30:56,137 - [ENV] - --- EPISODE START | Scenario: TRANSIT | Start: [0.92995881 0.0084389  0.55      ] | Goal: [0.94356064 0.23888134 0.55      ] | DriftLimit: 0.0350 | FloorLimit: 0.4700 ---
2026-04-24 14:31:00,498 - [ENV] - --- EPISODE START | Scenario: TRANSIT | Start: [ 0.80492725 -0.00569461  0.55      ] | Goal: [0.60273591 0.10529766 0.55      ] | DriftLimit: 0.0350 | FloorLimit: 0.4700 ---
2026-04-24 14:31:04,870 - [ENV] - --- EPISODE START | Scenario: ASCEND | Start: [0.78299859 0.49582265 0.415     ] | Goal: [0.78299859 0.49582265 0.55      ] | DriftLimit: 0.0350 | FloorLimit: 0.4700 ---
2026-04-24 14:31:05,061 - [ENV] - TERMINATED (Ascend): Tube Drift = 0.0448m (Max 0.0350m) at step 3
2026-04-24 14:31:05,061 - [ENV] - Episode ended without success at step 3. Final dist: 0.1042m
2026-04-24 14:31:05,061 - [ENV] - --- EPISODE START | Scenario: DESCEND | Start: [1.15276569 0.34096502 0.55      ] | Goal: [1.15276569 0.34096502 0.41      ] | DriftLimit: 0.0350 | FloorLimit: 0.4700 ---
2026-04-24 14:31:06,531 - [ENV] - TERMINATED (Descend): Tube Drift = 0.0350m (Max 0.0350m) at step 62
2026-04-24 14:31:06,531 - [ENV] - Episode ended without success at step 62. Final dist: 0.0360m
2026-04-24 14:31:06,532 - [ENV] - --- EPISODE START | Scenario: TRANSIT | Start: [0.80233161 0.04585427 0.55      ] | Goal: [0.92826325 0.16427075 0.55      ] | DriftLimit: 0.0350 | FloorLimit: 0.4700 ---
2026-04-24 14:31:11,402 - [ENV] - --- EPISODE START | Scenario: DESCEND | Start: [0.79291989 0.47975037 0.55      ] | Goal: [0.79291989 0.47975037 0.415     ] | DriftLimit: 0.0350 | FloorLimit: 0.4700 ---
2026-04-24 14:31:11,476 - [ENV] - TERMINATED (Descend): Tube Drift = 0.0369m (Max 0.0350m) at step 1
2026-04-24 14:31:11,476 - [ENV] - Episode ended without success at step 1. Final dist: 0.0931m
2026-04-24 14:31:11,477 - [ENV] - --- EPISODE START | Scenario: DESCEND | Start: [1.06115912 0.52219784 0.55      ] | Goal: [1.06115912 0.52219784 0.41      ] | DriftLimit: 0.0350 | FloorLimit: 0.4700 ---
2026-04-24 14:31:12,368 - [ENV] - SUCCESS: Goal reached in 34 steps. Dist = 0.0100m
2026-04-24 14:31:12,369 - [ENV] - --- EPISODE START | Scenario: TRANSIT | Start: [1.02001831 0.02556614 0.55      ] | Goal: [0.68740271 0.06603889 0.55      ] | DriftLimit: 0.0350 | FloorLimit: 0.4700 ---
2026-04-24 14:31:16,971 - [ENV] - --- EPISODE START | Scenario: ASCEND | Start: [0.67472138 0.11019042 0.415     ] | Goal: [0.67472138 0.11019042 0.55      ] | DriftLimit: 0.0350 | FloorLimit: 0.4700 ---
2026-04-24 14:31:21,637 - [ENV] - --- EPISODE START | Scenario: TRANSIT | Start: [0.68975343 0.31220709 0.55      ] | Goal: [1.15753606 0.06787853 0.55      ] | DriftLimit: 0.0350 | FloorLimit: 0.4700 ---
2026-04-24 14:31:26,236 - [ENV] - --- EPISODE START | Scenario: ASCEND | Start: [0.96442644 0.13933507 0.415     ] | Goal: [0.96442644 0.13933507 0.55      ] | DriftLimit: 0.0350 | FloorLimit: 0.4700 ---
2026-04-24 14:31:26,567 - [ENV] - TERMINATED (Ascend): Tube Drift = 0.0355m (Max 0.0350m) at step 11
2026-04-24 14:31:26,567 - [ENV] - Episode ended without success at step 11. Final dist: 0.0520m
2026-04-24 14:31:26,568 - [ENV] - --- EPISODE START | Scenario: TRANSIT | Start: [0.77515287 0.50126963 0.55      ] | Goal: [0.72435991 0.02510085 0.55      ] | DriftLimit: 0.0350 | FloorLimit: 0.4700 ---
2026-04-24 14:31:26,963 - [ENV] - SUCCESS: Goal reached in 15 steps. Dist = 0.0192m
2026-04-24 14:31:26,964 - [ENV] - --- EPISODE START | Scenario: ASCEND | Start: [0.91018622 0.0195282  0.415     ] | Goal: [0.91018622 0.0195282  0.55      ] | DriftLimit: 0.0350 | FloorLimit: 0.4700 ---
2026-04-24 14:31:31,683 - [ENV] - --- EPISODE START | Scenario: DESCEND | Start: [0.87672302 0.47777817 0.55      ] | Goal: [0.87672302 0.47777817 0.41      ] | DriftLimit: 0.0350 | FloorLimit: 0.4700 ---
2026-04-24 14:31:33,420 - [ENV] - TERMINATED (Descend): Tube Drift = 0.0350m (Max 0.0350m) at step 72
2026-04-24 14:31:33,420 - [ENV] - Episode ended without success at step 72. Final dist: 0.0362m
2026-04-24 14:31:33,421 - [ENV] - --- EPISODE START | Scenario: DESCEND | Start: [0.66899599 0.30090375 0.55      ] | Goal: [0.66899599 0.30090375 0.415     ] | DriftLimit: 0.0350 | FloorLimit: 0.4700 ---
2026-04-24 14:32:37,391 - [ENV] - --- EPISODE START | Scenario: DESCEND | Start: [0.67815163 0.40045827 0.55      ] | Goal: [0.67815163 0.40045827 0.41      ] | DriftLimit: 0.0350 | FloorLimit: 0.4700 ---
2026-04-24 14:32:42,591 - [ENV] - --- EPISODE START | Scenario: DESCEND | Start: [0.77283897 0.53649923 0.55      ] | Goal: [0.77283897 0.53649923 0.41      ] | DriftLimit: 0.0350 | FloorLimit: 0.4700 ---
2026-04-24 14:32:47,704 - [ENV] - --- EPISODE START | Scenario: DESCEND | Start: [1.04464062 0.4186427  0.55      ] | Goal: [1.04464062 0.4186427  0.415     ] | DriftLimit: 0.0350 | FloorLimit: 0.4700 ---
2026-04-24 14:32:52,265 - [ENV] - --- EPISODE START | Scenario: DESCEND | Start: [9.88939628e-01 2.73791503e-04 5.50000000e-01] | Goal: [9.88939628e-01 2.73791503e-04 4.15000000e-01] | DriftLimit: 0.0350 | FloorLimit: 0.4700 ---
2026-04-24 14:32:52,774 - [ENV] - SUCCESS: Goal reached in 18 steps. Dist = 0.0097m
2026-04-24 14:32:52,774 - [ENV] - --- EPISODE START | Scenario: TRANSIT | Start: [0.68335586 0.48183687 0.55      ] | Goal: [0.97010678 0.51280772 0.55      ] | DriftLimit: 0.0350 | FloorLimit: 0.4700 ---
2026-04-24 14:32:57,690 - [ENV] - --- EPISODE START | Scenario: ASCEND | Start: [0.60669475 0.16413595 0.415     ] | Goal: [0.60669475 0.16413595 0.55      ] | DriftLimit: 0.0350 | FloorLimit: 0.4700 ---
2026-04-24 14:32:58,048 - [ENV] - TERMINATED (Ascend): Tube Drift = 0.0365m (Max 0.0350m) at step 9
2026-04-24 14:32:58,048 - [ENV] - Episode ended without success at step 9. Final dist: 0.1158m
2026-04-24 14:32:58,048 - [ENV] - --- EPISODE START | Scenario: ASCEND | Start: [1.06260533 0.31088609 0.415     ] | Goal: [1.06260533 0.31088609 0.55      ] | DriftLimit: 0.0350 | FloorLimit: 0.4700 ---
2026-04-24 14:33:03,416 - [ENV] - --- EPISODE START | Scenario: DESCEND | Start: [1.08144221 0.53758219 0.55      ] | Goal: [1.08144221 0.53758219 0.415     ] | DriftLimit: 0.0350 | FloorLimit: 0.4700 ---
2026-04-24 14:33:04,128 - [ENV] - TERMINATED (Descend): Tube Drift = 0.0358m (Max 0.0350m) at step 27
2026-04-24 14:33:04,129 - [ENV] - Episode ended without success at step 27. Final dist: 0.0398m
2026-04-24 14:33:04,129 - [ENV] - --- EPISODE START | Scenario: ASCEND | Start: [1.14166321 0.52315618 0.415     ] | Goal: [1.14166321 0.52315618 0.55      ] | DriftLimit: 0.0350 | FloorLimit: 0.4700 ---
2026-04-24 14:33:04,543 - [ENV] - SUCCESS: Goal reached in 11 steps. Dist = 0.0048m
2026-04-24 14:33:04,544 - [ENV] - --- EPISODE START | Scenario: TRANSIT | Start: [0.6338389  0.29690984 0.55      ] | Goal: [1.12582826 0.35585047 0.55      ] | DriftLimit: 0.0350 | FloorLimit: 0.4700 ---
2026-04-24 14:33:09,252 - [ENV] - --- EPISODE START | Scenario: TRANSIT | Start: [0.92527702 0.44153852 0.55      ] | Goal: [0.72023161 0.11507994 0.55      ] | DriftLimit: 0.0350 | FloorLimit: 0.4700 ---
2026-04-24 14:33:13,786 - [ENV] - --- EPISODE START | Scenario: ASCEND | Start: [0.97041929 0.22602278 0.415     ] | Goal: [0.97041929 0.22602278 0.55      ] | DriftLimit: 0.0350 | FloorLimit: 0.4700 ---
2026-04-24 14:33:13,939 - [ENV] - TERMINATED (Ascend): Tube Drift = 0.0531m (Max 0.0350m) at step 2
2026-04-24 14:33:13,940 - [ENV] - Episode ended without success at step 2. Final dist: 0.1368m
2026-04-24 14:33:13,940 - [ENV] - --- EPISODE START | Scenario: TRANSIT | Start: [1.0075713  0.34973504 0.55      ] | Goal: [ 0.63193449 -0.00857555  0.55      ] | DriftLimit: 0.0350 | FloorLimit: 0.4700 ---
2026-04-24 14:33:18,439 - [ENV] - --- EPISODE START | Scenario: ASCEND | Start: [0.94662076 0.26159019 0.415     ] | Goal: [0.94662076 0.26159019 0.55      ] | DriftLimit: 0.0350 | FloorLimit: 0.4700 ---
2026-04-24 14:33:23,180 - [ENV] - --- EPISODE START | Scenario: ASCEND | Start: [1.06970035 0.24222051 0.415     ] | Goal: [1.06970035 0.24222051 0.55      ] | DriftLimit: 0.0350 | FloorLimit: 0.4700 ---
2026-04-24 14:33:23,361 - [ENV] - TERMINATED (Ascend): Tube Drift = 0.0416m (Max 0.0350m) at step 2
2026-04-24 14:33:23,361 - [ENV] - Episode ended without success at step 2. Final dist: 0.1327m
2026-04-24 14:33:23,363 - [ENV] - --- EPISODE START | Scenario: TRANSIT | Start: [0.99373381 0.28782222 0.55      ] | Goal: [0.86299776 0.09850198 0.55      ] | DriftLimit: 0.0350 | FloorLimit: 0.4700 ---
2026-04-24 14:33:27,648 - [ENV] - --- EPISODE START | Scenario: DESCEND | Start: [0.71912363 0.31170279 0.55      ] | Goal: [0.71912363 0.31170279 0.415     ] | DriftLimit: 0.0350 | FloorLimit: 0.4700 ---
2026-04-24 14:33:32,176 - [ENV] - --- EPISODE START | Scenario: DESCEND | Start: [0.92156278 0.08769471 0.55      ] | Goal: [0.92156278 0.08769471 0.415     ] | DriftLimit: 0.0350 | FloorLimit: 0.4700 ---
2026-04-24 14:33:32,546 - [ENV] - SUCCESS: Goal reached in 12 steps. Dist = 0.0097m
2026-04-24 14:33:32,547 - [ENV] - --- EPISODE START | Scenario: TRANSIT | Start: [1.10210609 0.1587468  0.55      ] | Goal: [1.12079201 0.30637028 0.55      ] | DriftLimit: 0.0350 | FloorLimit: 0.4700 ---
2026-04-24 14:33:36,972 - [ENV] - --- EPISODE START | Scenario: ASCEND | Start: [1.08854132 0.10086255 0.415     ] | Goal: [1.08854132 0.10086255 0.55      ] | DriftLimit: 0.0350 | FloorLimit: 0.4700 ---
2026-04-24 14:33:37,098 - [ENV] - TERMINATED (Ascend): Tube Drift = 0.0544m (Max 0.0350m) at step 2
2026-04-24 14:33:37,098 - [ENV] - Episode ended without success at step 2. Final dist: 0.1376m
2026-04-24 14:33:37,100 - [ENV] - --- EPISODE START | Scenario: ASCEND | Start: [0.75190077 0.53184628 0.415     ] | Goal: [0.75190077 0.53184628 0.55      ] | DriftLimit: 0.0350 | FloorLimit: 0.4700 ---
2026-04-24 14:33:37,624 - [ENV] - TERMINATED (Ascend): Tube Drift = 0.0367m (Max 0.0350m) at step 17
2026-04-24 14:33:37,624 - [ENV] - Episode ended without success at step 17. Final dist: 0.0951m
2026-04-24 14:33:37,625 - [ENV] - --- EPISODE START | Scenario: TRANSIT | Start: [0.96907864 0.43580092 0.55      ] | Goal: [0.8473098  0.17913393 0.55      ] | DriftLimit: 0.0350 | FloorLimit: 0.4700 ---
2026-04-24 14:33:41,921 - [ENV] - --- EPISODE START | Scenario: DESCEND | Start: [0.67851852 0.45369472 0.55      ] | Goal: [0.67851852 0.45369472 0.41      ] | DriftLimit: 0.0350 | FloorLimit: 0.4700 ---
2026-04-24 14:33:41,991 - [ENV] - TERMINATED (Descend): Tube Drift = 0.0361m (Max 0.0350m) at step 1
2026-04-24 14:33:41,992 - [ENV] - Episode ended without success at step 1. Final dist: 0.1455m
2026-04-24 14:33:41,993 - [ENV] - --- EPISODE START | Scenario: TRANSIT | Start: [0.88252968 0.14177164 0.55      ] | Goal: [0.67104604 0.04327255 0.55      ] | DriftLimit: 0.0350 | FloorLimit: 0.4700 ---
2026-04-24 14:34:44,255 - [ENV] - --- EPISODE START | Scenario: DESCEND | Start: [0.98989471 0.28689781 0.55      ] | Goal: [0.98989471 0.28689781 0.415     ] | DriftLimit: 0.0350 | FloorLimit: 0.4700 ---
2026-04-24 14:34:44,512 - [ENV] - SUCCESS: Goal reached in 7 steps. Dist = 0.0089m
2026-04-24 14:34:44,513 - [ENV] - --- EPISODE START | Scenario: TRANSIT | Start: [1.05275242 0.53243314 0.55      ] | Goal: [1.11882595 0.29699626 0.55      ] | DriftLimit: 0.0350 | FloorLimit: 0.4700 ---
2026-04-24 14:34:49,332 - [ENV] - --- EPISODE START | Scenario: ASCEND | Start: [0.62820664 0.2433681  0.415     ] | Goal: [0.62820664 0.2433681  0.55      ] | DriftLimit: 0.0350 | FloorLimit: 0.4700 ---
2026-04-24 14:34:49,549 - [ENV] - TERMINATED (Ascend): Tube Drift = 0.0358m (Max 0.0350m) at step 3
2026-04-24 14:34:49,549 - [ENV] - Episode ended without success at step 3. Final dist: 0.1263m
2026-04-24 14:34:49,550 - [ENV] - --- EPISODE START | Scenario: TRANSIT | Start: [1.15818391 0.04506779 0.55      ] | Goal: [1.00050528 0.25957065 0.55      ] | DriftLimit: 0.0350 | FloorLimit: 0.4700 ---
2026-04-24 14:34:54,042 - [ENV] - --- EPISODE START | Scenario: DESCEND | Start: [1.00362399 0.28455065 0.55      ] | Goal: [1.00362399 0.28455065 0.41      ] | DriftLimit: 0.0350 | FloorLimit: 0.4700 ---
2026-04-24 14:34:54,384 - [ENV] - SUCCESS: Goal reached in 12 steps. Dist = 0.0099m
2026-04-24 14:34:54,384 - [ENV] - --- EPISODE START | Scenario: DESCEND | Start: [0.62061236 0.33570688 0.55      ] | Goal: [0.62061236 0.33570688 0.41      ] | DriftLimit: 0.0350 | FloorLimit: 0.4700 ---
2026-04-24 14:34:54,462 - [ENV] - TERMINATED (Descend): Tube Drift = 0.0355m (Max 0.0350m) at step 1
2026-04-24 14:34:54,462 - [ENV] - Episode ended without success at step 1. Final dist: 0.1148m
2026-04-24 14:34:54,463 - [ENV] - --- EPISODE START | Scenario: ASCEND | Start: [0.84251135 0.42340407 0.415     ] | Goal: [0.84251135 0.42340407 0.55      ] | DriftLimit: 0.0350 | FloorLimit: 0.4700 ---
2026-04-24 14:34:54,858 - [ENV] - SUCCESS: Goal reached in 10 steps. Dist = 0.0078m
2026-04-24 14:34:54,860 - [ENV] - --- EPISODE START | Scenario: DESCEND | Start: [0.94923116 0.33569961 0.55      ] | Goal: [0.94923116 0.33569961 0.415     ] | DriftLimit: 0.0350 | FloorLimit: 0.4700 ---
2026-04-24 14:34:59,166 - [ENV] - --- EPISODE START | Scenario: ASCEND | Start: [0.94796044 0.31533317 0.415     ] | Goal: [0.94796044 0.31533317 0.55      ] | DriftLimit: 0.0350 | FloorLimit: 0.4700 ---
2026-04-24 14:35:03,747 - [ENV] - --- EPISODE START | Scenario: TRANSIT | Start: [1.14545558 0.19270766 0.55      ] | Goal: [0.65326175 0.12820469 0.55      ] | DriftLimit: 0.0350 | FloorLimit: 0.4700 ---
2026-04-24 14:35:08,773 - [ENV] - --- EPISODE START | Scenario: ASCEND | Start: [0.96054223 0.15049903 0.415     ] | Goal: [0.96054223 0.15049903 0.55      ] | DriftLimit: 0.0350 | FloorLimit: 0.4700 ---
2026-04-24 14:35:08,902 - [ENV] - TERMINATED (Ascend): Tube Drift = 0.0428m (Max 0.0350m) at step 2
2026-04-24 14:35:08,902 - [ENV] - Episode ended without success at step 2. Final dist: 0.1341m
2026-04-24 14:35:08,903 - [ENV] - --- EPISODE START | Scenario: DESCEND | Start: [1.03813798 0.31943088 0.55      ] | Goal: [1.03813798 0.31943088 0.41      ] | DriftLimit: 0.0350 | FloorLimit: 0.4700 ---
2026-04-24 14:35:13,350 - [ENV] - --- EPISODE START | Scenario: ASCEND | Start: [0.82099617 0.1952201  0.415     ] | Goal: [0.82099617 0.1952201  0.55      ] | DriftLimit: 0.0350 | FloorLimit: 0.4700 ---
2026-04-24 14:35:17,527 - [ENV] - --- EPISODE START | Scenario: ASCEND | Start: [1.04452074 0.34382961 0.415     ] | Goal: [1.04452074 0.34382961 0.55      ] | DriftLimit: 0.0350 | FloorLimit: 0.4700 ---
2026-04-24 14:35:22,057 - [ENV] - --- EPISODE START | Scenario: DESCEND | Start: [0.99297447 0.04490105 0.55      ] | Goal: [0.99297447 0.04490105 0.41      ] | DriftLimit: 0.0350 | FloorLimit: 0.4700 ---
2026-04-24 14:35:22,642 - [ENV] - SUCCESS: Goal reached in 24 steps. Dist = 0.0100m
2026-04-24 14:35:22,643 - [ENV] - --- EPISODE START | Scenario: DESCEND | Start: [0.95848554 0.47240845 0.55      ] | Goal: [0.95848554 0.47240845 0.41      ] | DriftLimit: 0.0350 | FloorLimit: 0.4700 ---
2026-04-24 14:35:27,762 - [ENV] - --- EPISODE START | Scenario: ASCEND | Start: [0.6404225  0.28955502 0.415     ] | Goal: [0.6404225  0.28955502 0.55      ] | DriftLimit: 0.0350 | FloorLimit: 0.4700 ---
2026-04-24 14:35:32,521 - [ENV] - --- EPISODE START | Scenario: DESCEND | Start: [0.9598707  0.49839414 0.55      ] | Goal: [0.9598707  0.49839414 0.41      ] | DriftLimit: 0.0350 | FloorLimit: 0.4700 ---
2026-04-24 14:35:36,787 - [ENV] - --- EPISODE START | Scenario: ASCEND | Start: [1.13759648 0.50221148 0.415     ] | Goal: [1.13759648 0.50221148 0.55      ] | DriftLimit: 0.0350 | FloorLimit: 0.4700 ---
2026-04-24 14:35:36,958 - [ENV] - TERMINATED (Ascend): Tube Drift = 0.0440m (Max 0.0350m) at step 3
2026-04-24 14:35:36,958 - [ENV] - Episode ended without success at step 3. Final dist: 0.1028m
2026-04-24 14:35:36,958 - [ENV] - --- EPISODE START | Scenario: DESCEND | Start: [0.79591901 0.38805578 0.55      ] | Goal: [0.79591901 0.38805578 0.41      ] | DriftLimit: 0.0350 | FloorLimit: 0.4700 ---
2026-04-24 14:35:41,568 - [ENV] - --- EPISODE START | Scenario: DESCEND | Start: [0.95686605 0.07652222 0.55      ] | Goal: [0.95686605 0.07652222 0.41      ] | DriftLimit: 0.0350 | FloorLimit: 0.4700 ---
2026-04-24 14:35:46,074 - [ENV] - --- EPISODE START | Scenario: TRANSIT | Start: [0.85317515 0.40475299 0.55      ] | Goal: [1.07418932 0.43499397 0.55      ] | DriftLimit: 0.0350 | FloorLimit: 0.4700 ---
2026-04-24 14:36:43,347 - [ENV] - --- EPISODE START | Scenario: TRANSIT | Start: [0.97253445 0.02652852 0.55      ] | Goal: [0.95099229 0.2568457  0.55      ] | DriftLimit: 0.0350 | FloorLimit: 0.4700 ---
2026-04-24 14:36:47,968 - [ENV] - --- EPISODE START | Scenario: TRANSIT | Start: [1.05630171 0.2506491  0.55      ] | Goal: [0.87850772 0.0323488  0.55      ] | DriftLimit: 0.0350 | FloorLimit: 0.4700 ---
2026-04-24 14:36:52,420 - [ENV] - --- EPISODE START | Scenario: ASCEND | Start: [1.05500142 0.21910128 0.415     ] | Goal: [1.05500142 0.21910128 0.55      ] | DriftLimit: 0.0350 | FloorLimit: 0.4700 ---
2026-04-24 14:36:52,583 - [ENV] - TERMINATED (Ascend): Tube Drift = 0.0528m (Max 0.0350m) at step 2
2026-04-24 14:36:52,583 - [ENV] - Episode ended without success at step 2. Final dist: 0.1366m
2026-04-24 14:36:52,584 - [ENV] - --- EPISODE START | Scenario: DESCEND | Start: [0.94404558 0.06631681 0.55      ] | Goal: [0.94404558 0.06631681 0.415     ] | DriftLimit: 0.0350 | FloorLimit: 0.4700 ---
2026-04-24 14:36:57,587 - [ENV] - --- EPISODE START | Scenario: DESCEND | Start: [1.01457186 0.16686511 0.55      ] | Goal: [1.01457186 0.16686511 0.415     ] | DriftLimit: 0.0350 | FloorLimit: 0.4700 ---
2026-04-24 14:36:57,786 - [ENV] - SUCCESS: Goal reached in 5 steps. Dist = 0.0091m
2026-04-24 14:36:57,787 - [ENV] - --- EPISODE START | Scenario: DESCEND | Start: [0.80669658 0.48508645 0.55      ] | Goal: [0.80669658 0.48508645 0.415     ] | DriftLimit: 0.0350 | FloorLimit: 0.4700 ---
2026-04-24 14:36:57,848 - [ENV] - TERMINATED (Descend): Tube Drift = 0.0359m (Max 0.0350m) at step 1
2026-04-24 14:36:57,848 - [ENV] - Episode ended without success at step 1. Final dist: 0.0936m
2026-04-24 14:36:57,848 - [ENV] - --- EPISODE START | Scenario: ASCEND | Start: [1.01707947 0.33341884 0.415     ] | Goal: [1.01707947 0.33341884 0.55      ] | DriftLimit: 0.0350 | FloorLimit: 0.4700 ---
2026-04-24 14:37:04,228 - [ENV] - --- EPISODE START | Scenario: ASCEND | Start: [ 0.6657812  -0.00201061  0.415     ] | Goal: [ 0.6657812  -0.00201061  0.55      ] | DriftLimit: 0.0350 | FloorLimit: 0.4700 ---
2026-04-24 14:37:04,360 - [ENV] - TERMINATED (Ascend): Tube Drift = 0.0392m (Max 0.0350m) at step 2
2026-04-24 14:37:04,361 - [ENV] - Episode ended without success at step 2. Final dist: 0.1322m
2026-04-24 14:37:04,362 - [ENV] - --- EPISODE START | Scenario: DESCEND | Start: [0.78576724 0.18962713 0.55      ] | Goal: [0.78576724 0.18962713 0.41      ] | DriftLimit: 0.0350 | FloorLimit: 0.4700 ---
2026-04-24 14:37:05,531 - [ENV] - SUCCESS: Goal reached in 14 steps. Dist = 0.0100m
2026-04-24 14:37:05,532 - [ENV] - --- EPISODE START | Scenario: TRANSIT | Start: [1.02779104 0.14398117 0.55      ] | Goal: [0.79849694 0.30298347 0.55      ] | DriftLimit: 0.0350 | FloorLimit: 0.4700 ---
2026-04-24 14:37:23,784 - [ENV] - --- EPISODE START | Scenario: ASCEND | Start: [0.85216336 0.53862959 0.415     ] | Goal: [0.85216336 0.53862959 0.55      ] | DriftLimit: 0.0350 | FloorLimit: 0.4700 ---
2026-04-24 14:37:24,456 - [ENV] - TERMINATED (Ascend): Tube Drift = 0.0378m (Max 0.0350m) at step 17
2026-04-24 14:37:24,456 - [ENV] - Episode ended without success at step 17. Final dist: 0.0922m
2026-04-24 14:37:24,457 - [ENV] - --- EPISODE START | Scenario: DESCEND | Start: [0.74962718 0.49380072 0.55      ] | Goal: [0.74962718 0.49380072 0.415     ] | DriftLimit: 0.0350 | FloorLimit: 0.4700 ---
2026-04-24 14:37:24,549 - [ENV] - TERMINATED (Descend): Tube Drift = 0.0370m (Max 0.0350m) at step 1
2026-04-24 14:37:24,550 - [ENV] - Episode ended without success at step 1. Final dist: 0.0916m
2026-04-24 14:37:24,551 - [ENV] - --- EPISODE START | Scenario: ASCEND | Start: [0.80016191 0.50964106 0.415     ] | Goal: [0.80016191 0.50964106 0.55      ] | DriftLimit: 0.0350 | FloorLimit: 0.4700 ---
2026-04-24 14:37:24,790 - [ENV] - TERMINATED (Ascend): Tube Drift = 0.0447m (Max 0.0350m) at step 4
2026-04-24 14:37:24,790 - [ENV] - Episode ended without success at step 4. Final dist: 0.0857m
2026-04-24 14:37:24,790 - [ENV] - --- EPISODE START | Scenario: DESCEND | Start: [0.93606199 0.36651228 0.55      ] | Goal: [0.93606199 0.36651228 0.41      ] | DriftLimit: 0.0350 | FloorLimit: 0.4700 ---
2026-04-24 14:37:31,275 - [ENV] - --- EPISODE START | Scenario: DESCEND | Start: [1.05391563 0.42691164 0.55      ] | Goal: [1.05391563 0.42691164 0.41      ] | DriftLimit: 0.0350 | FloorLimit: 0.4700 ---
2026-04-24 14:37:38,017 - [ENV] - --- EPISODE START | Scenario: TRANSIT | Start: [0.63232046 0.48315276 0.55      ] | Goal: [0.76752911 0.48478361 0.55      ] | DriftLimit: 0.0350 | FloorLimit: 0.4700 ---
2026-04-24 14:37:43,898 - [ENV] - --- EPISODE START | Scenario: TRANSIT | Start: [0.60709143 0.05837502 0.55      ] | Goal: [0.62148676 0.17004791 0.55      ] | DriftLimit: 0.0350 | FloorLimit: 0.4700 ---
2026-04-24 14:37:49,733 - [ENV] - --- EPISODE START | Scenario: DESCEND | Start: [0.971958   0.09671763 0.55      ] | Goal: [0.971958   0.09671763 0.415     ] | DriftLimit: 0.0350 | FloorLimit: 0.4700 ---
2026-04-24 14:37:55,888 - [ENV] - --- EPISODE START | Scenario: TRANSIT | Start: [1.03964139 0.40172479 0.55      ] | Goal: [1.13048963 0.17926281 0.55      ] | DriftLimit: 0.0350 | FloorLimit: 0.4700 ---
2026-04-24 14:38:01,261 - [ENV] - --- EPISODE START | Scenario: DESCEND | Start: [ 1.10549217 -0.00225534  0.55      ] | Goal: [ 1.10549217 -0.00225534  0.41      ] | DriftLimit: 0.0350 | FloorLimit: 0.4700 ---
2026-04-24 14:38:06,798 - [ENV] - --- EPISODE START | Scenario: TRANSIT | Start: [9.32059968e-01 3.43634733e-04 5.50000000e-01] | Goal: [0.93750532 0.3975951  0.55      ] | DriftLimit: 0.0350 | FloorLimit: 0.4700 ---
